ISO-10303-21;
HEADER;
/* Generated by software containing ST-Developer
 * from STEP Tools, Inc. (www.steptools.com) 
 */

FILE_DESCRIPTION(
/* description */ (''),
/* implementation_level */ '2;1');

FILE_NAME(
/* name */ 
'D:/SynologyDrive/3D Printer/Grabcad/Connectors/MPX 6-pin Connector Fe
male.step',
/* time_stamp */ '2019-01-10T12:50:32+01:00',
/* author */ (''),
/* organization */ (''),
/* preprocessor_version */ 'ST-DEVELOPER v17.2',
/* originating_system */ 'Autodesk Translation Framework v7.6.0.251',
/* authorisation */ '');

FILE_SCHEMA (('AUTOMOTIVE_DESIGN { 1 0 10303 214 3 1 1 }'));
ENDSEC;

DATA;
#10=MECHANICAL_DESIGN_GEOMETRIC_PRESENTATION_REPRESENTATION('',(#136,#137,
#138,#139,#140,#141,#142),#14357);
#11=ITEM_DEFINED_TRANSFORMATION($,$,#7562,#8157);
#12=(
REPRESENTATION_RELATIONSHIP($,$,#14368,#14367)
REPRESENTATION_RELATIONSHIP_WITH_TRANSFORMATION(#11)
SHAPE_REPRESENTATION_RELATIONSHIP()
);
#13=CONTEXT_DEPENDENT_SHAPE_REPRESENTATION(#12,#14366);
#14=NEXT_ASSEMBLY_USAGE_OCCURRENCE('Pins (1):1','Pins (1):1',
'Pins (1):1',#14370,#14371,'Pins (1):1');
#15=TOROIDAL_SURFACE('',#8118,0.9,0.6);
#16=TOROIDAL_SURFACE('',#8124,0.9,0.6);
#17=TOROIDAL_SURFACE('',#8130,0.9,0.6);
#18=TOROIDAL_SURFACE('',#8136,0.9,0.6);
#19=FACE_BOUND('',#1130,.T.);
#20=FACE_BOUND('',#1131,.T.);
#21=FACE_BOUND('',#1132,.T.);
#22=FACE_BOUND('',#1133,.T.);
#23=FACE_BOUND('',#1134,.T.);
#24=FACE_BOUND('',#1135,.T.);
#25=FACE_BOUND('',#1223,.T.);
#26=FACE_BOUND('',#1224,.T.);
#27=FACE_BOUND('',#1225,.T.);
#28=FACE_BOUND('',#1226,.T.);
#29=FACE_BOUND('',#1227,.T.);
#30=FACE_BOUND('',#1228,.T.);
#31=FACE_BOUND('',#1229,.T.);
#32=FACE_BOUND('',#1230,.T.);
#33=ELLIPSE('',#7949,0.14142135623731,0.1);
#34=ELLIPSE('',#7951,0.14142135623731,0.1);
#35=ELLIPSE('',#7959,0.14142135623731,0.1);
#36=ELLIPSE('',#7962,0.141421356237311,0.1);
#37=ELLIPSE('',#7970,0.14142135623731,0.1);
#38=ELLIPSE('',#7975,0.14142135623731,0.1);
#39=B_SPLINE_CURVE_WITH_KNOTS('',3,(#11296,#11297,#11298,#11299,#11300,
#11301),.UNSPECIFIED.,.F.,.F.,(4,1,1,4),(0.,0.333333333333333,0.666666666666667,
1.),.UNSPECIFIED.);
#40=B_SPLINE_CURVE_WITH_KNOTS('',3,(#11303,#11304,#11305,#11306,#11307,
#11308),.UNSPECIFIED.,.F.,.F.,(4,1,1,4),(0.,0.333333333333333,0.666666666666667,
1.),.UNSPECIFIED.);
#41=B_SPLINE_CURVE_WITH_KNOTS('',3,(#11349,#11350,#11351,#11352,#11353,
#11354),.UNSPECIFIED.,.F.,.F.,(4,1,1,4),(0.,0.333333333333333,0.666666666666667,
1.),.UNSPECIFIED.);
#42=B_SPLINE_CURVE_WITH_KNOTS('',3,(#11395,#11396,#11397,#11398,#11399,
#11400),.UNSPECIFIED.,.F.,.F.,(4,1,1,4),(0.,0.333333333333333,0.666666666666667,
1.),.UNSPECIFIED.);
#43=B_SPLINE_CURVE_WITH_KNOTS('',3,(#11479,#11480,#11481,#11482,#11483,
#11484),.UNSPECIFIED.,.F.,.F.,(4,1,1,4),(0.,0.333333333333333,0.666666666666667,
1.),.UNSPECIFIED.);
#44=B_SPLINE_CURVE_WITH_KNOTS('',3,(#11486,#11487,#11488,#11489,#11490,
#11491),.UNSPECIFIED.,.F.,.F.,(4,1,1,4),(0.,0.333333333333333,0.666666666666667,
1.),.UNSPECIFIED.);
#45=B_SPLINE_CURVE_WITH_KNOTS('',3,(#11532,#11533,#11534,#11535,#11536,
#11537),.UNSPECIFIED.,.F.,.F.,(4,1,1,4),(0.,0.333333333333333,0.666666666666667,
1.),.UNSPECIFIED.);
#46=B_SPLINE_CURVE_WITH_KNOTS('',3,(#11615,#11616,#11617,#11618,#11619,
#11620),.UNSPECIFIED.,.F.,.F.,(4,1,1,4),(0.,0.333333333333333,0.666666666666667,
1.),.UNSPECIFIED.);
#47=B_SPLINE_CURVE_WITH_KNOTS('',3,(#11660,#11661,#11662,#11663,#11664,
#11665),.UNSPECIFIED.,.F.,.F.,(4,1,1,4),(0.,0.333333333333333,0.666666666666667,
1.),.UNSPECIFIED.);
#48=B_SPLINE_CURVE_WITH_KNOTS('',3,(#11667,#11668,#11669,#11670,#11671,
#11672),.UNSPECIFIED.,.F.,.F.,(4,1,1,4),(0.,0.333333333333333,0.666666666666667,
1.),.UNSPECIFIED.);
#49=B_SPLINE_CURVE_WITH_KNOTS('',3,(#11713,#11714,#11715,#11716,#11717,
#11718),.UNSPECIFIED.,.F.,.F.,(4,1,1,4),(0.,0.333333333333333,0.666666666666667,
1.),.UNSPECIFIED.);
#50=B_SPLINE_CURVE_WITH_KNOTS('',3,(#11796,#11797,#11798,#11799,#11800,
#11801),.UNSPECIFIED.,.F.,.F.,(4,1,1,4),(0.,0.333333333333333,0.666666666666667,
1.),.UNSPECIFIED.);
#51=B_SPLINE_CURVE_WITH_KNOTS('',3,(#11841,#11842,#11843,#11844,#11845,
#11846),.UNSPECIFIED.,.F.,.F.,(4,1,1,4),(0.,0.333333333333333,0.666666666666667,
1.),.UNSPECIFIED.);
#52=B_SPLINE_CURVE_WITH_KNOTS('',3,(#11848,#11849,#11850,#11851,#11852,
#11853),.UNSPECIFIED.,.F.,.F.,(4,1,1,4),(0.,0.333333333333333,0.666666666666667,
1.),.UNSPECIFIED.);
#53=B_SPLINE_CURVE_WITH_KNOTS('',3,(#11894,#11895,#11896,#11897,#11898,
#11899),.UNSPECIFIED.,.F.,.F.,(4,1,1,4),(0.,0.333333333333333,0.666666666666667,
1.),.UNSPECIFIED.);
#54=B_SPLINE_CURVE_WITH_KNOTS('',3,(#11940,#11941,#11942,#11943,#11944,
#11945),.UNSPECIFIED.,.F.,.F.,(4,1,1,4),(0.,0.333333333333333,0.666666666666667,
1.),.UNSPECIFIED.);
#55=B_SPLINE_CURVE_WITH_KNOTS('',3,(#12024,#12025,#12026,#12027,#12028,
#12029),.UNSPECIFIED.,.F.,.F.,(4,1,1,4),(0.,0.333333333333333,0.666666666666667,
1.),.UNSPECIFIED.);
#56=B_SPLINE_CURVE_WITH_KNOTS('',3,(#12031,#12032,#12033,#12034,#12035,
#12036),.UNSPECIFIED.,.F.,.F.,(4,1,1,4),(0.,0.333333333333333,0.666666666666667,
1.),.UNSPECIFIED.);
#57=B_SPLINE_CURVE_WITH_KNOTS('',3,(#12077,#12078,#12079,#12080,#12081,
#12082),.UNSPECIFIED.,.F.,.F.,(4,1,1,4),(0.,0.333333333333333,0.666666666666667,
1.),.UNSPECIFIED.);
#58=B_SPLINE_CURVE_WITH_KNOTS('',3,(#12123,#12124,#12125,#12126,#12127,
#12128),.UNSPECIFIED.,.F.,.F.,(4,1,1,4),(0.,0.333333333333333,0.666666666666667,
1.),.UNSPECIFIED.);
#59=B_SPLINE_CURVE_WITH_KNOTS('',3,(#12207,#12208,#12209,#12210,#12211,
#12212),.UNSPECIFIED.,.F.,.F.,(4,1,1,4),(0.,0.333333333333333,0.666666666666667,
1.),.UNSPECIFIED.);
#60=B_SPLINE_CURVE_WITH_KNOTS('',3,(#12214,#12215,#12216,#12217,#12218,
#12219),.UNSPECIFIED.,.F.,.F.,(4,1,1,4),(0.,0.333333333333333,0.666666666666667,
1.),.UNSPECIFIED.);
#61=B_SPLINE_CURVE_WITH_KNOTS('',3,(#12260,#12261,#12262,#12263,#12264,
#12265),.UNSPECIFIED.,.F.,.F.,(4,1,1,4),(0.,0.333333333333333,0.666666666666667,
1.),.UNSPECIFIED.);
#62=B_SPLINE_CURVE_WITH_KNOTS('',3,(#12306,#12307,#12308,#12309,#12310,
#12311),.UNSPECIFIED.,.F.,.F.,(4,1,1,4),(0.,0.333333333333333,0.666666666666667,
1.),.UNSPECIFIED.);
#63=B_SPLINE_CURVE_WITH_KNOTS('',3,(#12390,#12391,#12392,#12393,#12394,
#12395),.UNSPECIFIED.,.F.,.F.,(4,1,1,4),(0.,0.333333333333333,0.666666666666667,
1.),.UNSPECIFIED.);
#64=B_SPLINE_CURVE_WITH_KNOTS('',3,(#12397,#12398,#12399,#12400,#12401,
#12402),.UNSPECIFIED.,.F.,.F.,(4,1,1,4),(0.,0.333333333333333,0.666666666666667,
1.),.UNSPECIFIED.);
#65=B_SPLINE_CURVE_WITH_KNOTS('',3,(#12443,#12444,#12445,#12446,#12447,
#12448),.UNSPECIFIED.,.F.,.F.,(4,1,1,4),(0.,0.333333333333333,0.666666666666667,
1.),.UNSPECIFIED.);
#66=B_SPLINE_CURVE_WITH_KNOTS('',3,(#12526,#12527,#12528,#12529,#12530,
#12531),.UNSPECIFIED.,.F.,.F.,(4,1,1,4),(0.,0.333333333333333,0.666666666666667,
1.),.UNSPECIFIED.);
#67=B_SPLINE_CURVE_WITH_KNOTS('',3,(#12571,#12572,#12573,#12574,#12575,
#12576),.UNSPECIFIED.,.F.,.F.,(4,1,1,4),(0.,0.333333333333333,0.666666666666667,
1.),.UNSPECIFIED.);
#68=B_SPLINE_CURVE_WITH_KNOTS('',3,(#12578,#12579,#12580,#12581,#12582,
#12583),.UNSPECIFIED.,.F.,.F.,(4,1,1,4),(0.,0.333333333333333,0.666666666666667,
1.),.UNSPECIFIED.);
#69=B_SPLINE_CURVE_WITH_KNOTS('',3,(#12624,#12625,#12626,#12627,#12628,
#12629),.UNSPECIFIED.,.F.,.F.,(4,1,1,4),(0.,0.333333333333333,0.666666666666667,
1.),.UNSPECIFIED.);
#70=B_SPLINE_CURVE_WITH_KNOTS('',3,(#12670,#12671,#12672,#12673,#12674,
#12675),.UNSPECIFIED.,.F.,.F.,(4,1,1,4),(0.,0.333333333333333,0.666666666666667,
1.),.UNSPECIFIED.);
#71=B_SPLINE_CURVE_WITH_KNOTS('',3,(#12754,#12755,#12756,#12757,#12758,
#12759),.UNSPECIFIED.,.F.,.F.,(4,1,1,4),(0.,0.333333333333333,0.666666666666667,
1.),.UNSPECIFIED.);
#72=B_SPLINE_CURVE_WITH_KNOTS('',3,(#12761,#12762,#12763,#12764,#12765,
#12766),.UNSPECIFIED.,.F.,.F.,(4,1,1,4),(0.,0.333333333333333,0.666666666666667,
1.),.UNSPECIFIED.);
#73=B_SPLINE_CURVE_WITH_KNOTS('',3,(#12807,#12808,#12809,#12810,#12811,
#12812),.UNSPECIFIED.,.F.,.F.,(4,1,1,4),(0.,0.333333333333333,0.666666666666667,
1.),.UNSPECIFIED.);
#74=B_SPLINE_CURVE_WITH_KNOTS('',3,(#12853,#12854,#12855,#12856,#12857,
#12858),.UNSPECIFIED.,.F.,.F.,(4,1,1,4),(0.,0.333333333333333,0.666666666666667,
1.),.UNSPECIFIED.);
#75=B_SPLINE_CURVE_WITH_KNOTS('',3,(#12899,#12900,#12901,#12902,#12903,
#12904),.UNSPECIFIED.,.F.,.F.,(4,1,1,4),(0.,0.333333333333333,0.666666666666667,
1.),.UNSPECIFIED.);
#76=B_SPLINE_CURVE_WITH_KNOTS('',3,(#12945,#12946,#12947,#12948,#12949,
#12950),.UNSPECIFIED.,.F.,.F.,(4,1,1,4),(0.,0.333333333333333,0.666666666666667,
1.),.UNSPECIFIED.);
#77=B_SPLINE_CURVE_WITH_KNOTS('',3,(#12992,#12993,#12994,#12995,#12996,
#12997),.UNSPECIFIED.,.F.,.F.,(4,1,1,4),(0.,0.333333333333333,0.666666666666667,
1.),.UNSPECIFIED.);
#78=B_SPLINE_CURVE_WITH_KNOTS('',3,(#12999,#13000,#13001,#13002,#13003,
#13004),.UNSPECIFIED.,.F.,.F.,(4,1,1,4),(0.,0.333333333333333,0.666666666666667,
1.),.UNSPECIFIED.);
#79=B_SPLINE_CURVE_WITH_KNOTS('',3,(#13045,#13046,#13047,#13048,#13049,
#13050),.UNSPECIFIED.,.F.,.F.,(4,1,1,4),(0.,0.333333333333333,0.666666666666667,
1.),.UNSPECIFIED.);
#80=B_SPLINE_CURVE_WITH_KNOTS('',3,(#13128,#13129,#13130,#13131,#13132,
#13133),.UNSPECIFIED.,.F.,.F.,(4,1,1,4),(0.,0.333333333333333,0.666666666666667,
1.),.UNSPECIFIED.);
#81=B_SPLINE_SURFACE_WITH_KNOTS('',3,3,((#11258,#11259,#11260,#11261,#11262,
#11263),(#11264,#11265,#11266,#11267,#11268,#11269),(#11270,#11271,#11272,
#11273,#11274,#11275),(#11276,#11277,#11278,#11279,#11280,#11281),(#11282,
#11283,#11284,#11285,#11286,#11287),(#11288,#11289,#11290,#11291,#11292,
#11293)),.UNSPECIFIED.,.F.,.F.,.F.,(4,1,1,4),(4,1,1,4),(0.,0.333333333333333,
0.666666666666667,1.),(0.,0.333333333333333,0.666666666666667,1.),
 .UNSPECIFIED.);
#82=B_SPLINE_SURFACE_WITH_KNOTS('',3,3,((#11312,#11313,#11314,#11315,#11316,
#11317),(#11318,#11319,#11320,#11321,#11322,#11323),(#11324,#11325,#11326,
#11327,#11328,#11329),(#11330,#11331,#11332,#11333,#11334,#11335),(#11336,
#11337,#11338,#11339,#11340,#11341),(#11342,#11343,#11344,#11345,#11346,
#11347)),.UNSPECIFIED.,.F.,.F.,.F.,(4,1,1,4),(4,1,1,4),(0.,0.333333333333333,
0.666666666666667,1.),(0.,0.333333333333333,0.666666666666667,1.),
 .UNSPECIFIED.);
#83=B_SPLINE_SURFACE_WITH_KNOTS('',3,3,((#11358,#11359,#11360,#11361,#11362,
#11363),(#11364,#11365,#11366,#11367,#11368,#11369),(#11370,#11371,#11372,
#11373,#11374,#11375),(#11376,#11377,#11378,#11379,#11380,#11381),(#11382,
#11383,#11384,#11385,#11386,#11387),(#11388,#11389,#11390,#11391,#11392,
#11393)),.UNSPECIFIED.,.F.,.F.,.F.,(4,1,1,4),(4,1,1,4),(0.,0.333333333333333,
0.666666666666667,1.),(0.,0.333333333333333,0.666666666666667,1.),
 .UNSPECIFIED.);
#84=B_SPLINE_SURFACE_WITH_KNOTS('',3,3,((#11404,#11405,#11406,#11407,#11408,
#11409),(#11410,#11411,#11412,#11413,#11414,#11415),(#11416,#11417,#11418,
#11419,#11420,#11421),(#11422,#11423,#11424,#11425,#11426,#11427),(#11428,
#11429,#11430,#11431,#11432,#11433),(#11434,#11435,#11436,#11437,#11438,
#11439)),.UNSPECIFIED.,.F.,.F.,.F.,(4,1,1,4),(4,1,1,4),(0.,0.333333333333333,
0.666666666666667,1.),(0.,0.333333333333333,0.666666666666667,1.),
 .UNSPECIFIED.);
#85=B_SPLINE_SURFACE_WITH_KNOTS('',3,3,((#11441,#11442,#11443,#11444,#11445,
#11446),(#11447,#11448,#11449,#11450,#11451,#11452),(#11453,#11454,#11455,
#11456,#11457,#11458),(#11459,#11460,#11461,#11462,#11463,#11464),(#11465,
#11466,#11467,#11468,#11469,#11470),(#11471,#11472,#11473,#11474,#11475,
#11476)),.UNSPECIFIED.,.F.,.F.,.F.,(4,1,1,4),(4,1,1,4),(0.,0.333333333333333,
0.666666666666667,1.),(0.,0.333333333333333,0.666666666666667,1.),
 .UNSPECIFIED.);
#86=B_SPLINE_SURFACE_WITH_KNOTS('',3,3,((#11495,#11496,#11497,#11498,#11499,
#11500),(#11501,#11502,#11503,#11504,#11505,#11506),(#11507,#11508,#11509,
#11510,#11511,#11512),(#11513,#11514,#11515,#11516,#11517,#11518),(#11519,
#11520,#11521,#11522,#11523,#11524),(#11525,#11526,#11527,#11528,#11529,
#11530)),.UNSPECIFIED.,.F.,.F.,.F.,(4,1,1,4),(4,1,1,4),(0.,0.333333333333333,
0.666666666666667,1.),(0.,0.333333333333333,0.666666666666667,1.),
 .UNSPECIFIED.);
#87=B_SPLINE_SURFACE_WITH_KNOTS('',3,3,((#11541,#11542,#11543,#11544,#11545,
#11546),(#11547,#11548,#11549,#11550,#11551,#11552),(#11553,#11554,#11555,
#11556,#11557,#11558),(#11559,#11560,#11561,#11562,#11563,#11564),(#11565,
#11566,#11567,#11568,#11569,#11570),(#11571,#11572,#11573,#11574,#11575,
#11576)),.UNSPECIFIED.,.F.,.F.,.F.,(4,1,1,4),(4,1,1,4),(0.,0.333333333333333,
0.666666666666667,1.),(0.,0.333333333333333,0.666666666666667,1.),
 .UNSPECIFIED.);
#88=B_SPLINE_SURFACE_WITH_KNOTS('',3,3,((#11578,#11579,#11580,#11581,#11582,
#11583),(#11584,#11585,#11586,#11587,#11588,#11589),(#11590,#11591,#11592,
#11593,#11594,#11595),(#11596,#11597,#11598,#11599,#11600,#11601),(#11602,
#11603,#11604,#11605,#11606,#11607),(#11608,#11609,#11610,#11611,#11612,
#11613)),.UNSPECIFIED.,.F.,.F.,.F.,(4,1,1,4),(4,1,1,4),(0.,0.333333333333333,
0.666666666666667,1.),(0.,0.333333333333333,0.666666666666667,1.),
 .UNSPECIFIED.);
#89=B_SPLINE_SURFACE_WITH_KNOTS('',3,3,((#11622,#11623,#11624,#11625,#11626,
#11627),(#11628,#11629,#11630,#11631,#11632,#11633),(#11634,#11635,#11636,
#11637,#11638,#11639),(#11640,#11641,#11642,#11643,#11644,#11645),(#11646,
#11647,#11648,#11649,#11650,#11651),(#11652,#11653,#11654,#11655,#11656,
#11657)),.UNSPECIFIED.,.F.,.F.,.F.,(4,1,1,4),(4,1,1,4),(0.,0.333333333333333,
0.666666666666667,1.),(0.,0.333333333333333,0.666666666666667,1.),
 .UNSPECIFIED.);
#90=B_SPLINE_SURFACE_WITH_KNOTS('',3,3,((#11676,#11677,#11678,#11679,#11680,
#11681),(#11682,#11683,#11684,#11685,#11686,#11687),(#11688,#11689,#11690,
#11691,#11692,#11693),(#11694,#11695,#11696,#11697,#11698,#11699),(#11700,
#11701,#11702,#11703,#11704,#11705),(#11706,#11707,#11708,#11709,#11710,
#11711)),.UNSPECIFIED.,.F.,.F.,.F.,(4,1,1,4),(4,1,1,4),(0.,0.333333333333333,
0.666666666666667,1.),(0.,0.333333333333333,0.666666666666667,1.),
 .UNSPECIFIED.);
#91=B_SPLINE_SURFACE_WITH_KNOTS('',3,3,((#11722,#11723,#11724,#11725,#11726,
#11727),(#11728,#11729,#11730,#11731,#11732,#11733),(#11734,#11735,#11736,
#11737,#11738,#11739),(#11740,#11741,#11742,#11743,#11744,#11745),(#11746,
#11747,#11748,#11749,#11750,#11751),(#11752,#11753,#11754,#11755,#11756,
#11757)),.UNSPECIFIED.,.F.,.F.,.F.,(4,1,1,4),(4,1,1,4),(0.,0.333333333333333,
0.666666666666667,1.),(0.,0.333333333333333,0.666666666666667,1.),
 .UNSPECIFIED.);
#92=B_SPLINE_SURFACE_WITH_KNOTS('',3,3,((#11759,#11760,#11761,#11762,#11763,
#11764),(#11765,#11766,#11767,#11768,#11769,#11770),(#11771,#11772,#11773,
#11774,#11775,#11776),(#11777,#11778,#11779,#11780,#11781,#11782),(#11783,
#11784,#11785,#11786,#11787,#11788),(#11789,#11790,#11791,#11792,#11793,
#11794)),.UNSPECIFIED.,.F.,.F.,.F.,(4,1,1,4),(4,1,1,4),(0.,0.333333333333333,
0.666666666666667,1.),(0.,0.333333333333333,0.666666666666667,1.),
 .UNSPECIFIED.);
#93=B_SPLINE_SURFACE_WITH_KNOTS('',3,3,((#11803,#11804,#11805,#11806,#11807,
#11808),(#11809,#11810,#11811,#11812,#11813,#11814),(#11815,#11816,#11817,
#11818,#11819,#11820),(#11821,#11822,#11823,#11824,#11825,#11826),(#11827,
#11828,#11829,#11830,#11831,#11832),(#11833,#11834,#11835,#11836,#11837,
#11838)),.UNSPECIFIED.,.F.,.F.,.F.,(4,1,1,4),(4,1,1,4),(0.,0.333333333333333,
0.666666666666667,1.),(0.,0.333333333333333,0.666666666666667,1.),
 .UNSPECIFIED.);
#94=B_SPLINE_SURFACE_WITH_KNOTS('',3,3,((#11857,#11858,#11859,#11860,#11861,
#11862),(#11863,#11864,#11865,#11866,#11867,#11868),(#11869,#11870,#11871,
#11872,#11873,#11874),(#11875,#11876,#11877,#11878,#11879,#11880),(#11881,
#11882,#11883,#11884,#11885,#11886),(#11887,#11888,#11889,#11890,#11891,
#11892)),.UNSPECIFIED.,.F.,.F.,.F.,(4,1,1,4),(4,1,1,4),(0.,0.333333333333333,
0.666666666666667,1.),(0.,0.333333333333333,0.666666666666667,1.),
 .UNSPECIFIED.);
#95=B_SPLINE_SURFACE_WITH_KNOTS('',3,3,((#11903,#11904,#11905,#11906,#11907,
#11908),(#11909,#11910,#11911,#11912,#11913,#11914),(#11915,#11916,#11917,
#11918,#11919,#11920),(#11921,#11922,#11923,#11924,#11925,#11926),(#11927,
#11928,#11929,#11930,#11931,#11932),(#11933,#11934,#11935,#11936,#11937,
#11938)),.UNSPECIFIED.,.F.,.F.,.F.,(4,1,1,4),(4,1,1,4),(0.,0.333333333333333,
0.666666666666667,1.),(0.,0.333333333333333,0.666666666666667,1.),
 .UNSPECIFIED.);
#96=B_SPLINE_SURFACE_WITH_KNOTS('',3,3,((#11949,#11950,#11951,#11952,#11953,
#11954),(#11955,#11956,#11957,#11958,#11959,#11960),(#11961,#11962,#11963,
#11964,#11965,#11966),(#11967,#11968,#11969,#11970,#11971,#11972),(#11973,
#11974,#11975,#11976,#11977,#11978),(#11979,#11980,#11981,#11982,#11983,
#11984)),.UNSPECIFIED.,.F.,.F.,.F.,(4,1,1,4),(4,1,1,4),(0.,0.333333333333333,
0.666666666666667,1.),(0.,0.333333333333333,0.666666666666667,1.),
 .UNSPECIFIED.);
#97=B_SPLINE_SURFACE_WITH_KNOTS('',3,3,((#11986,#11987,#11988,#11989,#11990,
#11991),(#11992,#11993,#11994,#11995,#11996,#11997),(#11998,#11999,#12000,
#12001,#12002,#12003),(#12004,#12005,#12006,#12007,#12008,#12009),(#12010,
#12011,#12012,#12013,#12014,#12015),(#12016,#12017,#12018,#12019,#12020,
#12021)),.UNSPECIFIED.,.F.,.F.,.F.,(4,1,1,4),(4,1,1,4),(0.,0.333333333333333,
0.666666666666667,1.),(0.,0.333333333333333,0.666666666666667,1.),
 .UNSPECIFIED.);
#98=B_SPLINE_SURFACE_WITH_KNOTS('',3,3,((#12040,#12041,#12042,#12043,#12044,
#12045),(#12046,#12047,#12048,#12049,#12050,#12051),(#12052,#12053,#12054,
#12055,#12056,#12057),(#12058,#12059,#12060,#12061,#12062,#12063),(#12064,
#12065,#12066,#12067,#12068,#12069),(#12070,#12071,#12072,#12073,#12074,
#12075)),.UNSPECIFIED.,.F.,.F.,.F.,(4,1,1,4),(4,1,1,4),(0.,0.333333333333333,
0.666666666666667,1.),(0.,0.333333333333333,0.666666666666667,1.),
 .UNSPECIFIED.);
#99=B_SPLINE_SURFACE_WITH_KNOTS('',3,3,((#12086,#12087,#12088,#12089,#12090,
#12091),(#12092,#12093,#12094,#12095,#12096,#12097),(#12098,#12099,#12100,
#12101,#12102,#12103),(#12104,#12105,#12106,#12107,#12108,#12109),(#12110,
#12111,#12112,#12113,#12114,#12115),(#12116,#12117,#12118,#12119,#12120,
#12121)),.UNSPECIFIED.,.F.,.F.,.F.,(4,1,1,4),(4,1,1,4),(0.,0.333333333333333,
0.666666666666667,1.),(0.,0.333333333333333,0.666666666666667,1.),
 .UNSPECIFIED.);
#100=B_SPLINE_SURFACE_WITH_KNOTS('',3,3,((#12132,#12133,#12134,#12135,#12136,
#12137),(#12138,#12139,#12140,#12141,#12142,#12143),(#12144,#12145,#12146,
#12147,#12148,#12149),(#12150,#12151,#12152,#12153,#12154,#12155),(#12156,
#12157,#12158,#12159,#12160,#12161),(#12162,#12163,#12164,#12165,#12166,
#12167)),.UNSPECIFIED.,.F.,.F.,.F.,(4,1,1,4),(4,1,1,4),(0.,0.333333333333333,
0.666666666666667,1.),(0.,0.333333333333333,0.666666666666667,1.),
 .UNSPECIFIED.);
#101=B_SPLINE_SURFACE_WITH_KNOTS('',3,3,((#12169,#12170,#12171,#12172,#12173,
#12174),(#12175,#12176,#12177,#12178,#12179,#12180),(#12181,#12182,#12183,
#12184,#12185,#12186),(#12187,#12188,#12189,#12190,#12191,#12192),(#12193,
#12194,#12195,#12196,#12197,#12198),(#12199,#12200,#12201,#12202,#12203,
#12204)),.UNSPECIFIED.,.F.,.F.,.F.,(4,1,1,4),(4,1,1,4),(0.,0.333333333333333,
0.666666666666667,1.),(0.,0.333333333333333,0.666666666666667,1.),
 .UNSPECIFIED.);
#102=B_SPLINE_SURFACE_WITH_KNOTS('',3,3,((#12223,#12224,#12225,#12226,#12227,
#12228),(#12229,#12230,#12231,#12232,#12233,#12234),(#12235,#12236,#12237,
#12238,#12239,#12240),(#12241,#12242,#12243,#12244,#12245,#12246),(#12247,
#12248,#12249,#12250,#12251,#12252),(#12253,#12254,#12255,#12256,#12257,
#12258)),.UNSPECIFIED.,.F.,.F.,.F.,(4,1,1,4),(4,1,1,4),(0.,0.333333333333333,
0.666666666666667,1.),(0.,0.333333333333333,0.666666666666667,1.),
 .UNSPECIFIED.);
#103=B_SPLINE_SURFACE_WITH_KNOTS('',3,3,((#12269,#12270,#12271,#12272,#12273,
#12274),(#12275,#12276,#12277,#12278,#12279,#12280),(#12281,#12282,#12283,
#12284,#12285,#12286),(#12287,#12288,#12289,#12290,#12291,#12292),(#12293,
#12294,#12295,#12296,#12297,#12298),(#12299,#12300,#12301,#12302,#12303,
#12304)),.UNSPECIFIED.,.F.,.F.,.F.,(4,1,1,4),(4,1,1,4),(0.,0.333333333333333,
0.666666666666667,1.),(0.,0.333333333333333,0.666666666666667,1.),
 .UNSPECIFIED.);
#104=B_SPLINE_SURFACE_WITH_KNOTS('',3,3,((#12315,#12316,#12317,#12318,#12319,
#12320),(#12321,#12322,#12323,#12324,#12325,#12326),(#12327,#12328,#12329,
#12330,#12331,#12332),(#12333,#12334,#12335,#12336,#12337,#12338),(#12339,
#12340,#12341,#12342,#12343,#12344),(#12345,#12346,#12347,#12348,#12349,
#12350)),.UNSPECIFIED.,.F.,.F.,.F.,(4,1,1,4),(4,1,1,4),(0.,0.333333333333333,
0.666666666666667,1.),(0.,0.333333333333333,0.666666666666667,1.),
 .UNSPECIFIED.);
#105=B_SPLINE_SURFACE_WITH_KNOTS('',3,3,((#12352,#12353,#12354,#12355,#12356,
#12357),(#12358,#12359,#12360,#12361,#12362,#12363),(#12364,#12365,#12366,
#12367,#12368,#12369),(#12370,#12371,#12372,#12373,#12374,#12375),(#12376,
#12377,#12378,#12379,#12380,#12381),(#12382,#12383,#12384,#12385,#12386,
#12387)),.UNSPECIFIED.,.F.,.F.,.F.,(4,1,1,4),(4,1,1,4),(0.,0.333333333333333,
0.666666666666667,1.),(0.,0.333333333333333,0.666666666666667,1.),
 .UNSPECIFIED.);
#106=B_SPLINE_SURFACE_WITH_KNOTS('',3,3,((#12406,#12407,#12408,#12409,#12410,
#12411),(#12412,#12413,#12414,#12415,#12416,#12417),(#12418,#12419,#12420,
#12421,#12422,#12423),(#12424,#12425,#12426,#12427,#12428,#12429),(#12430,
#12431,#12432,#12433,#12434,#12435),(#12436,#12437,#12438,#12439,#12440,
#12441)),.UNSPECIFIED.,.F.,.F.,.F.,(4,1,1,4),(4,1,1,4),(0.,0.333333333333333,
0.666666666666667,1.),(0.,0.333333333333333,0.666666666666667,1.),
 .UNSPECIFIED.);
#107=B_SPLINE_SURFACE_WITH_KNOTS('',3,3,((#12452,#12453,#12454,#12455,#12456,
#12457),(#12458,#12459,#12460,#12461,#12462,#12463),(#12464,#12465,#12466,
#12467,#12468,#12469),(#12470,#12471,#12472,#12473,#12474,#12475),(#12476,
#12477,#12478,#12479,#12480,#12481),(#12482,#12483,#12484,#12485,#12486,
#12487)),.UNSPECIFIED.,.F.,.F.,.F.,(4,1,1,4),(4,1,1,4),(0.,0.333333333333333,
0.666666666666667,1.),(0.,0.333333333333333,0.666666666666667,1.),
 .UNSPECIFIED.);
#108=B_SPLINE_SURFACE_WITH_KNOTS('',3,3,((#12489,#12490,#12491,#12492,#12493,
#12494),(#12495,#12496,#12497,#12498,#12499,#12500),(#12501,#12502,#12503,
#12504,#12505,#12506),(#12507,#12508,#12509,#12510,#12511,#12512),(#12513,
#12514,#12515,#12516,#12517,#12518),(#12519,#12520,#12521,#12522,#12523,
#12524)),.UNSPECIFIED.,.F.,.F.,.F.,(4,1,1,4),(4,1,1,4),(0.,0.333333333333333,
0.666666666666667,1.),(0.,0.333333333333333,0.666666666666667,1.),
 .UNSPECIFIED.);
#109=B_SPLINE_SURFACE_WITH_KNOTS('',3,3,((#12533,#12534,#12535,#12536,#12537,
#12538),(#12539,#12540,#12541,#12542,#12543,#12544),(#12545,#12546,#12547,
#12548,#12549,#12550),(#12551,#12552,#12553,#12554,#12555,#12556),(#12557,
#12558,#12559,#12560,#12561,#12562),(#12563,#12564,#12565,#12566,#12567,
#12568)),.UNSPECIFIED.,.F.,.F.,.F.,(4,1,1,4),(4,1,1,4),(0.,0.333333333333333,
0.666666666666667,1.),(0.,0.333333333333333,0.666666666666667,1.),
 .UNSPECIFIED.);
#110=B_SPLINE_SURFACE_WITH_KNOTS('',3,3,((#12587,#12588,#12589,#12590,#12591,
#12592),(#12593,#12594,#12595,#12596,#12597,#12598),(#12599,#12600,#12601,
#12602,#12603,#12604),(#12605,#12606,#12607,#12608,#12609,#12610),(#12611,
#12612,#12613,#12614,#12615,#12616),(#12617,#12618,#12619,#12620,#12621,
#12622)),.UNSPECIFIED.,.F.,.F.,.F.,(4,1,1,4),(4,1,1,4),(0.,0.333333333333333,
0.666666666666667,1.),(0.,0.333333333333333,0.666666666666667,1.),
 .UNSPECIFIED.);
#111=B_SPLINE_SURFACE_WITH_KNOTS('',3,3,((#12633,#12634,#12635,#12636,#12637,
#12638),(#12639,#12640,#12641,#12642,#12643,#12644),(#12645,#12646,#12647,
#12648,#12649,#12650),(#12651,#12652,#12653,#12654,#12655,#12656),(#12657,
#12658,#12659,#12660,#12661,#12662),(#12663,#12664,#12665,#12666,#12667,
#12668)),.UNSPECIFIED.,.F.,.F.,.F.,(4,1,1,4),(4,1,1,4),(0.,0.333333333333333,
0.666666666666667,1.),(0.,0.333333333333333,0.666666666666667,1.),
 .UNSPECIFIED.);
#112=B_SPLINE_SURFACE_WITH_KNOTS('',3,3,((#12679,#12680,#12681,#12682,#12683,
#12684),(#12685,#12686,#12687,#12688,#12689,#12690),(#12691,#12692,#12693,
#12694,#12695,#12696),(#12697,#12698,#12699,#12700,#12701,#12702),(#12703,
#12704,#12705,#12706,#12707,#12708),(#12709,#12710,#12711,#12712,#12713,
#12714)),.UNSPECIFIED.,.F.,.F.,.F.,(4,1,1,4),(4,1,1,4),(0.,0.333333333333333,
0.666666666666667,1.),(0.,0.333333333333333,0.666666666666667,1.),
 .UNSPECIFIED.);
#113=B_SPLINE_SURFACE_WITH_KNOTS('',3,3,((#12716,#12717,#12718,#12719,#12720,
#12721),(#12722,#12723,#12724,#12725,#12726,#12727),(#12728,#12729,#12730,
#12731,#12732,#12733),(#12734,#12735,#12736,#12737,#12738,#12739),(#12740,
#12741,#12742,#12743,#12744,#12745),(#12746,#12747,#12748,#12749,#12750,
#12751)),.UNSPECIFIED.,.F.,.F.,.F.,(4,1,1,4),(4,1,1,4),(0.,0.333333333333333,
0.666666666666667,1.),(0.,0.333333333333333,0.666666666666667,1.),
 .UNSPECIFIED.);
#114=B_SPLINE_SURFACE_WITH_KNOTS('',3,3,((#12770,#12771,#12772,#12773,#12774,
#12775),(#12776,#12777,#12778,#12779,#12780,#12781),(#12782,#12783,#12784,
#12785,#12786,#12787),(#12788,#12789,#12790,#12791,#12792,#12793),(#12794,
#12795,#12796,#12797,#12798,#12799),(#12800,#12801,#12802,#12803,#12804,
#12805)),.UNSPECIFIED.,.F.,.F.,.F.,(4,1,1,4),(4,1,1,4),(0.,0.333333333333333,
0.666666666666667,1.),(0.,0.333333333333333,0.666666666666667,1.),
 .UNSPECIFIED.);
#115=B_SPLINE_SURFACE_WITH_KNOTS('',3,3,((#12816,#12817,#12818,#12819,#12820,
#12821),(#12822,#12823,#12824,#12825,#12826,#12827),(#12828,#12829,#12830,
#12831,#12832,#12833),(#12834,#12835,#12836,#12837,#12838,#12839),(#12840,
#12841,#12842,#12843,#12844,#12845),(#12846,#12847,#12848,#12849,#12850,
#12851)),.UNSPECIFIED.,.F.,.F.,.F.,(4,1,1,4),(4,1,1,4),(0.,0.333333333333333,
0.666666666666667,1.),(0.,0.333333333333333,0.666666666666667,1.),
 .UNSPECIFIED.);
#116=B_SPLINE_SURFACE_WITH_KNOTS('',3,3,((#12862,#12863,#12864,#12865,#12866,
#12867),(#12868,#12869,#12870,#12871,#12872,#12873),(#12874,#12875,#12876,
#12877,#12878,#12879),(#12880,#12881,#12882,#12883,#12884,#12885),(#12886,
#12887,#12888,#12889,#12890,#12891),(#12892,#12893,#12894,#12895,#12896,
#12897)),.UNSPECIFIED.,.F.,.F.,.F.,(4,1,1,4),(4,1,1,4),(0.,0.333333333333333,
0.666666666666667,1.),(0.,0.333333333333333,0.666666666666667,1.),
 .UNSPECIFIED.);
#117=B_SPLINE_SURFACE_WITH_KNOTS('',3,3,((#12908,#12909,#12910,#12911,#12912,
#12913),(#12914,#12915,#12916,#12917,#12918,#12919),(#12920,#12921,#12922,
#12923,#12924,#12925),(#12926,#12927,#12928,#12929,#12930,#12931),(#12932,
#12933,#12934,#12935,#12936,#12937),(#12938,#12939,#12940,#12941,#12942,
#12943)),.UNSPECIFIED.,.F.,.F.,.F.,(4,1,1,4),(4,1,1,4),(0.,0.333333333333333,
0.666666666666667,1.),(0.,0.333333333333333,0.666666666666667,1.),
 .UNSPECIFIED.);
#118=B_SPLINE_SURFACE_WITH_KNOTS('',3,3,((#12954,#12955,#12956,#12957,#12958,
#12959),(#12960,#12961,#12962,#12963,#12964,#12965),(#12966,#12967,#12968,
#12969,#12970,#12971),(#12972,#12973,#12974,#12975,#12976,#12977),(#12978,
#12979,#12980,#12981,#12982,#12983),(#12984,#12985,#12986,#12987,#12988,
#12989)),.UNSPECIFIED.,.F.,.F.,.F.,(4,1,1,4),(4,1,1,4),(0.,0.333333333333333,
0.666666666666667,1.),(0.,0.333333333333333,0.666666666666667,1.),
 .UNSPECIFIED.);
#119=B_SPLINE_SURFACE_WITH_KNOTS('',3,3,((#13008,#13009,#13010,#13011,#13012,
#13013),(#13014,#13015,#13016,#13017,#13018,#13019),(#13020,#13021,#13022,
#13023,#13024,#13025),(#13026,#13027,#13028,#13029,#13030,#13031),(#13032,
#13033,#13034,#13035,#13036,#13037),(#13038,#13039,#13040,#13041,#13042,
#13043)),.UNSPECIFIED.,.F.,.F.,.F.,(4,1,1,4),(4,1,1,4),(0.,0.333333333333333,
0.666666666666667,1.),(0.,0.333333333333333,0.666666666666667,1.),
 .UNSPECIFIED.);
#120=B_SPLINE_SURFACE_WITH_KNOTS('',3,3,((#13054,#13055,#13056,#13057,#13058,
#13059),(#13060,#13061,#13062,#13063,#13064,#13065),(#13066,#13067,#13068,
#13069,#13070,#13071),(#13072,#13073,#13074,#13075,#13076,#13077),(#13078,
#13079,#13080,#13081,#13082,#13083),(#13084,#13085,#13086,#13087,#13088,
#13089)),.UNSPECIFIED.,.F.,.F.,.F.,(4,1,1,4),(4,1,1,4),(0.,0.333333333333333,
0.666666666666667,1.),(0.,0.333333333333333,0.666666666666667,1.),
 .UNSPECIFIED.);
#121=B_SPLINE_SURFACE_WITH_KNOTS('',3,3,((#13091,#13092,#13093,#13094,#13095,
#13096),(#13097,#13098,#13099,#13100,#13101,#13102),(#13103,#13104,#13105,
#13106,#13107,#13108),(#13109,#13110,#13111,#13112,#13113,#13114),(#13115,
#13116,#13117,#13118,#13119,#13120),(#13121,#13122,#13123,#13124,#13125,
#13126)),.UNSPECIFIED.,.F.,.F.,.F.,(4,1,1,4),(4,1,1,4),(0.,0.333333333333333,
0.666666666666667,1.),(0.,0.333333333333333,0.666666666666667,1.),
 .UNSPECIFIED.);
#122=B_SPLINE_SURFACE_WITH_KNOTS('',3,3,((#13150,#13151,#13152,#13153,#13154,
#13155),(#13156,#13157,#13158,#13159,#13160,#13161),(#13162,#13163,#13164,
#13165,#13166,#13167),(#13168,#13169,#13170,#13171,#13172,#13173),(#13174,
#13175,#13176,#13177,#13178,#13179),(#13180,#13181,#13182,#13183,#13184,
#13185)),.UNSPECIFIED.,.F.,.F.,.F.,(4,1,1,4),(4,1,1,4),(0.,0.333333333333333,
0.666666666666667,1.),(0.,0.333333333333333,0.666666666666667,1.),
 .UNSPECIFIED.);
#123=B_SPLINE_SURFACE_WITH_KNOTS('',3,3,((#13192,#13193,#13194,#13195,#13196,
#13197),(#13198,#13199,#13200,#13201,#13202,#13203),(#13204,#13205,#13206,
#13207,#13208,#13209),(#13210,#13211,#13212,#13213,#13214,#13215),(#13216,
#13217,#13218,#13219,#13220,#13221),(#13222,#13223,#13224,#13225,#13226,
#13227)),.UNSPECIFIED.,.F.,.F.,.F.,(4,1,1,4),(4,1,1,4),(0.,0.333333333333333,
0.666666666666667,1.),(0.,0.333333333333333,0.666666666666667,1.),
 .UNSPECIFIED.);
#124=B_SPLINE_SURFACE_WITH_KNOTS('',3,3,((#13249,#13250,#13251,#13252,#13253,
#13254),(#13255,#13256,#13257,#13258,#13259,#13260),(#13261,#13262,#13263,
#13264,#13265,#13266),(#13267,#13268,#13269,#13270,#13271,#13272),(#13273,
#13274,#13275,#13276,#13277,#13278),(#13279,#13280,#13281,#13282,#13283,
#13284)),.UNSPECIFIED.,.F.,.F.,.F.,(4,1,1,4),(4,1,1,4),(0.,0.333333333333333,
0.666666666666667,1.),(0.,0.333333333333333,0.666666666666667,1.),
 .UNSPECIFIED.);
#125=B_SPLINE_SURFACE_WITH_KNOTS('',3,3,((#13289,#13290,#13291,#13292,#13293,
#13294),(#13295,#13296,#13297,#13298,#13299,#13300),(#13301,#13302,#13303,
#13304,#13305,#13306),(#13307,#13308,#13309,#13310,#13311,#13312),(#13313,
#13314,#13315,#13316,#13317,#13318),(#13319,#13320,#13321,#13322,#13323,
#13324)),.UNSPECIFIED.,.F.,.F.,.F.,(4,1,1,4),(4,1,1,4),(0.,0.333333333333333,
0.666666666666667,1.),(0.,0.333333333333333,0.666666666666667,1.),
 .UNSPECIFIED.);
#126=B_SPLINE_SURFACE_WITH_KNOTS('',3,3,((#13331,#13332,#13333,#13334,#13335,
#13336),(#13337,#13338,#13339,#13340,#13341,#13342),(#13343,#13344,#13345,
#13346,#13347,#13348),(#13349,#13350,#13351,#13352,#13353,#13354),(#13355,
#13356,#13357,#13358,#13359,#13360),(#13361,#13362,#13363,#13364,#13365,
#13366)),.UNSPECIFIED.,.F.,.F.,.F.,(4,1,1,4),(4,1,1,4),(0.,0.333333333333333,
0.666666666666667,1.),(0.,0.333333333333333,0.666666666666667,1.),
 .UNSPECIFIED.);
#127=B_SPLINE_SURFACE_WITH_KNOTS('',3,3,((#13374,#13375,#13376,#13377,#13378,
#13379),(#13380,#13381,#13382,#13383,#13384,#13385),(#13386,#13387,#13388,
#13389,#13390,#13391),(#13392,#13393,#13394,#13395,#13396,#13397),(#13398,
#13399,#13400,#13401,#13402,#13403),(#13404,#13405,#13406,#13407,#13408,
#13409)),.UNSPECIFIED.,.F.,.F.,.F.,(4,1,1,4),(4,1,1,4),(0.,0.333333333333333,
0.666666666666667,1.),(0.,0.333333333333333,0.666666666666667,1.),
 .UNSPECIFIED.);
#128=B_SPLINE_SURFACE_WITH_KNOTS('',3,3,((#13448,#13449,#13450,#13451,#13452,
#13453),(#13454,#13455,#13456,#13457,#13458,#13459),(#13460,#13461,#13462,
#13463,#13464,#13465),(#13466,#13467,#13468,#13469,#13470,#13471),(#13472,
#13473,#13474,#13475,#13476,#13477),(#13478,#13479,#13480,#13481,#13482,
#13483)),.UNSPECIFIED.,.F.,.F.,.F.,(4,1,1,4),(4,1,1,4),(0.,0.333333333333333,
0.666666666666667,1.),(0.,0.333333333333333,0.666666666666667,1.),
 .UNSPECIFIED.);
#129=B_SPLINE_SURFACE_WITH_KNOTS('',3,3,((#13485,#13486,#13487,#13488,#13489,
#13490),(#13491,#13492,#13493,#13494,#13495,#13496),(#13497,#13498,#13499,
#13500,#13501,#13502),(#13503,#13504,#13505,#13506,#13507,#13508),(#13509,
#13510,#13511,#13512,#13513,#13514),(#13515,#13516,#13517,#13518,#13519,
#13520)),.UNSPECIFIED.,.F.,.F.,.F.,(4,1,1,4),(4,1,1,4),(0.,0.333333333333333,
0.666666666666667,1.),(0.,0.333333333333333,0.666666666666667,1.),
 .UNSPECIFIED.);
#130=B_SPLINE_SURFACE_WITH_KNOTS('',3,3,((#13524,#13525,#13526,#13527,#13528,
#13529),(#13530,#13531,#13532,#13533,#13534,#13535),(#13536,#13537,#13538,
#13539,#13540,#13541),(#13542,#13543,#13544,#13545,#13546,#13547),(#13548,
#13549,#13550,#13551,#13552,#13553),(#13554,#13555,#13556,#13557,#13558,
#13559)),.UNSPECIFIED.,.F.,.F.,.F.,(4,1,1,4),(4,1,1,4),(0.,0.333333333333333,
0.666666666666667,1.),(0.,0.333333333333333,0.666666666666667,1.),
 .UNSPECIFIED.);
#131=B_SPLINE_SURFACE_WITH_KNOTS('',3,3,((#13566,#13567,#13568,#13569,#13570,
#13571),(#13572,#13573,#13574,#13575,#13576,#13577),(#13578,#13579,#13580,
#13581,#13582,#13583),(#13584,#13585,#13586,#13587,#13588,#13589),(#13590,
#13591,#13592,#13593,#13594,#13595),(#13596,#13597,#13598,#13599,#13600,
#13601)),.UNSPECIFIED.,.F.,.F.,.F.,(4,1,1,4),(4,1,1,4),(0.,0.333333333333333,
0.666666666666667,1.),(0.,0.333333333333333,0.666666666666667,1.),
 .UNSPECIFIED.);
#132=SHAPE_REPRESENTATION_RELATIONSHIP('SRR','None',#14368,#134);
#133=SHAPE_REPRESENTATION_RELATIONSHIP('SRR','None',#14367,#135);
#134=ADVANCED_BREP_SHAPE_REPRESENTATION('',(#143,#144,#145,#146,#147,#148),
#14356);
#135=ADVANCED_BREP_SHAPE_REPRESENTATION('',(#149),#14355);
#136=STYLED_ITEM('',(#14383),#143);
#137=STYLED_ITEM('',(#14383),#144);
#138=STYLED_ITEM('',(#14383),#145);
#139=STYLED_ITEM('',(#14383),#146);
#140=STYLED_ITEM('',(#14383),#147);
#141=STYLED_ITEM('',(#14383),#148);
#142=STYLED_ITEM('',(#14382),#149);
#143=MANIFOLD_SOLID_BREP('Body1',#7542);
#144=MANIFOLD_SOLID_BREP('Body2',#7543);
#145=MANIFOLD_SOLID_BREP('Body5',#7544);
#146=MANIFOLD_SOLID_BREP('Body6',#7545);
#147=MANIFOLD_SOLID_BREP('Body9',#7546);
#148=MANIFOLD_SOLID_BREP('Body12',#7547);
#149=MANIFOLD_SOLID_BREP('Female Housing',#7548);
#150=PLANE('',#7566);
#151=PLANE('',#7567);
#152=PLANE('',#7574);
#153=PLANE('',#7575);
#154=PLANE('',#7579);
#155=PLANE('',#7585);
#156=PLANE('',#7588);
#157=PLANE('',#7590);
#158=PLANE('',#7593);
#159=PLANE('',#7595);
#160=PLANE('',#7597);
#161=PLANE('',#7598);
#162=PLANE('',#7599);
#163=PLANE('',#7600);
#164=PLANE('',#7602);
#165=PLANE('',#7603);
#166=PLANE('',#7604);
#167=PLANE('',#7605);
#168=PLANE('',#7606);
#169=PLANE('',#7607);
#170=PLANE('',#7608);
#171=PLANE('',#7610);
#172=PLANE('',#7612);
#173=PLANE('',#7614);
#174=PLANE('',#7618);
#175=PLANE('',#7619);
#176=PLANE('',#7626);
#177=PLANE('',#7627);
#178=PLANE('',#7631);
#179=PLANE('',#7637);
#180=PLANE('',#7640);
#181=PLANE('',#7642);
#182=PLANE('',#7645);
#183=PLANE('',#7647);
#184=PLANE('',#7649);
#185=PLANE('',#7650);
#186=PLANE('',#7651);
#187=PLANE('',#7652);
#188=PLANE('',#7654);
#189=PLANE('',#7655);
#190=PLANE('',#7656);
#191=PLANE('',#7657);
#192=PLANE('',#7658);
#193=PLANE('',#7659);
#194=PLANE('',#7660);
#195=PLANE('',#7662);
#196=PLANE('',#7664);
#197=PLANE('',#7666);
#198=PLANE('',#7670);
#199=PLANE('',#7671);
#200=PLANE('',#7678);
#201=PLANE('',#7679);
#202=PLANE('',#7683);
#203=PLANE('',#7689);
#204=PLANE('',#7692);
#205=PLANE('',#7694);
#206=PLANE('',#7697);
#207=PLANE('',#7699);
#208=PLANE('',#7701);
#209=PLANE('',#7702);
#210=PLANE('',#7703);
#211=PLANE('',#7704);
#212=PLANE('',#7706);
#213=PLANE('',#7707);
#214=PLANE('',#7708);
#215=PLANE('',#7709);
#216=PLANE('',#7710);
#217=PLANE('',#7711);
#218=PLANE('',#7712);
#219=PLANE('',#7714);
#220=PLANE('',#7715);
#221=PLANE('',#7718);
#222=PLANE('',#7722);
#223=PLANE('',#7723);
#224=PLANE('',#7730);
#225=PLANE('',#7731);
#226=PLANE('',#7739);
#227=PLANE('',#7744);
#228=PLANE('',#7747);
#229=PLANE('',#7749);
#230=PLANE('',#7752);
#231=PLANE('',#7754);
#232=PLANE('',#7756);
#233=PLANE('',#7757);
#234=PLANE('',#7758);
#235=PLANE('',#7759);
#236=PLANE('',#7761);
#237=PLANE('',#7762);
#238=PLANE('',#7763);
#239=PLANE('',#7764);
#240=PLANE('',#7765);
#241=PLANE('',#7766);
#242=PLANE('',#7767);
#243=PLANE('',#7769);
#244=PLANE('',#7771);
#245=PLANE('',#7773);
#246=PLANE('',#7777);
#247=PLANE('',#7778);
#248=PLANE('',#7785);
#249=PLANE('',#7786);
#250=PLANE('',#7790);
#251=PLANE('',#7796);
#252=PLANE('',#7801);
#253=PLANE('',#7803);
#254=PLANE('',#7805);
#255=PLANE('',#7806);
#256=PLANE('',#7807);
#257=PLANE('',#7808);
#258=PLANE('',#7811);
#259=PLANE('',#7812);
#260=PLANE('',#7813);
#261=PLANE('',#7814);
#262=PLANE('',#7815);
#263=PLANE('',#7816);
#264=PLANE('',#7817);
#265=PLANE('',#7819);
#266=PLANE('',#7820);
#267=PLANE('',#7823);
#268=PLANE('',#7824);
#269=PLANE('',#7825);
#270=PLANE('',#7829);
#271=PLANE('',#7830);
#272=PLANE('',#7837);
#273=PLANE('',#7838);
#274=PLANE('',#7842);
#275=PLANE('',#7848);
#276=PLANE('',#7853);
#277=PLANE('',#7855);
#278=PLANE('',#7857);
#279=PLANE('',#7858);
#280=PLANE('',#7859);
#281=PLANE('',#7860);
#282=PLANE('',#7863);
#283=PLANE('',#7864);
#284=PLANE('',#7865);
#285=PLANE('',#7866);
#286=PLANE('',#7867);
#287=PLANE('',#7868);
#288=PLANE('',#7869);
#289=PLANE('',#7871);
#290=PLANE('',#7872);
#291=PLANE('',#7875);
#292=PLANE('',#7876);
#293=PLANE('',#7877);
#294=PLANE('',#7977);
#295=PLANE('',#7978);
#296=PLANE('',#7979);
#297=PLANE('',#7980);
#298=PLANE('',#7981);
#299=PLANE('',#7982);
#300=PLANE('',#7983);
#301=PLANE('',#7984);
#302=PLANE('',#7995);
#303=PLANE('',#7996);
#304=PLANE('',#7997);
#305=PLANE('',#7998);
#306=PLANE('',#7999);
#307=PLANE('',#8000);
#308=PLANE('',#8001);
#309=PLANE('',#8002);
#310=PLANE('',#8003);
#311=PLANE('',#8004);
#312=PLANE('',#8005);
#313=PLANE('',#8006);
#314=PLANE('',#8007);
#315=PLANE('',#8008);
#316=PLANE('',#8009);
#317=PLANE('',#8010);
#318=PLANE('',#8011);
#319=PLANE('',#8012);
#320=PLANE('',#8013);
#321=PLANE('',#8014);
#322=PLANE('',#8015);
#323=PLANE('',#8016);
#324=PLANE('',#8017);
#325=PLANE('',#8018);
#326=PLANE('',#8019);
#327=PLANE('',#8020);
#328=PLANE('',#8021);
#329=PLANE('',#8022);
#330=PLANE('',#8023);
#331=PLANE('',#8024);
#332=PLANE('',#8025);
#333=PLANE('',#8026);
#334=PLANE('',#8027);
#335=PLANE('',#8028);
#336=PLANE('',#8029);
#337=PLANE('',#8030);
#338=PLANE('',#8031);
#339=PLANE('',#8032);
#340=PLANE('',#8037);
#341=PLANE('',#8038);
#342=PLANE('',#8039);
#343=PLANE('',#8040);
#344=PLANE('',#8041);
#345=PLANE('',#8042);
#346=PLANE('',#8043);
#347=PLANE('',#8044);
#348=PLANE('',#8045);
#349=PLANE('',#8046);
#350=PLANE('',#8047);
#351=PLANE('',#8048);
#352=PLANE('',#8049);
#353=PLANE('',#8050);
#354=PLANE('',#8051);
#355=PLANE('',#8052);
#356=PLANE('',#8053);
#357=PLANE('',#8054);
#358=PLANE('',#8055);
#359=PLANE('',#8056);
#360=PLANE('',#8057);
#361=PLANE('',#8058);
#362=PLANE('',#8059);
#363=PLANE('',#8060);
#364=PLANE('',#8061);
#365=PLANE('',#8062);
#366=PLANE('',#8063);
#367=PLANE('',#8064);
#368=PLANE('',#8065);
#369=PLANE('',#8066);
#370=PLANE('',#8067);
#371=PLANE('',#8068);
#372=PLANE('',#8069);
#373=PLANE('',#8070);
#374=PLANE('',#8071);
#375=PLANE('',#8072);
#376=PLANE('',#8073);
#377=PLANE('',#8074);
#378=PLANE('',#8075);
#379=PLANE('',#8076);
#380=PLANE('',#8077);
#381=PLANE('',#8078);
#382=PLANE('',#8079);
#383=PLANE('',#8080);
#384=PLANE('',#8081);
#385=PLANE('',#8082);
#386=PLANE('',#8083);
#387=PLANE('',#8084);
#388=PLANE('',#8085);
#389=PLANE('',#8086);
#390=PLANE('',#8087);
#391=PLANE('',#8088);
#392=PLANE('',#8089);
#393=PLANE('',#8090);
#394=PLANE('',#8091);
#395=PLANE('',#8092);
#396=PLANE('',#8093);
#397=PLANE('',#8094);
#398=PLANE('',#8095);
#399=PLANE('',#8096);
#400=PLANE('',#8097);
#401=PLANE('',#8098);
#402=PLANE('',#8099);
#403=PLANE('',#8100);
#404=PLANE('',#8101);
#405=PLANE('',#8102);
#406=PLANE('',#8103);
#407=PLANE('',#8106);
#408=PLANE('',#8109);
#409=PLANE('',#8112);
#410=PLANE('',#8141);
#411=PLANE('',#8144);
#412=PLANE('',#8145);
#413=PLANE('',#8146);
#414=PLANE('',#8149);
#415=PLANE('',#8151);
#416=PLANE('',#8153);
#417=PLANE('',#8154);
#418=PLANE('',#8155);
#419=PLANE('',#8156);
#420=FACE_OUTER_BOUND('',#823,.T.);
#421=FACE_OUTER_BOUND('',#824,.T.);
#422=FACE_OUTER_BOUND('',#825,.T.);
#423=FACE_OUTER_BOUND('',#826,.T.);
#424=FACE_OUTER_BOUND('',#827,.T.);
#425=FACE_OUTER_BOUND('',#828,.T.);
#426=FACE_OUTER_BOUND('',#829,.T.);
#427=FACE_OUTER_BOUND('',#830,.T.);
#428=FACE_OUTER_BOUND('',#831,.T.);
#429=FACE_OUTER_BOUND('',#832,.T.);
#430=FACE_OUTER_BOUND('',#833,.T.);
#431=FACE_OUTER_BOUND('',#834,.T.);
#432=FACE_OUTER_BOUND('',#835,.T.);
#433=FACE_OUTER_BOUND('',#836,.T.);
#434=FACE_OUTER_BOUND('',#837,.T.);
#435=FACE_OUTER_BOUND('',#838,.T.);
#436=FACE_OUTER_BOUND('',#839,.T.);
#437=FACE_OUTER_BOUND('',#840,.T.);
#438=FACE_OUTER_BOUND('',#841,.T.);
#439=FACE_OUTER_BOUND('',#842,.T.);
#440=FACE_OUTER_BOUND('',#843,.T.);
#441=FACE_OUTER_BOUND('',#844,.T.);
#442=FACE_OUTER_BOUND('',#845,.T.);
#443=FACE_OUTER_BOUND('',#846,.T.);
#444=FACE_OUTER_BOUND('',#847,.T.);
#445=FACE_OUTER_BOUND('',#848,.T.);
#446=FACE_OUTER_BOUND('',#849,.T.);
#447=FACE_OUTER_BOUND('',#850,.T.);
#448=FACE_OUTER_BOUND('',#851,.T.);
#449=FACE_OUTER_BOUND('',#852,.T.);
#450=FACE_OUTER_BOUND('',#853,.T.);
#451=FACE_OUTER_BOUND('',#854,.T.);
#452=FACE_OUTER_BOUND('',#855,.T.);
#453=FACE_OUTER_BOUND('',#856,.T.);
#454=FACE_OUTER_BOUND('',#857,.T.);
#455=FACE_OUTER_BOUND('',#858,.T.);
#456=FACE_OUTER_BOUND('',#859,.T.);
#457=FACE_OUTER_BOUND('',#860,.T.);
#458=FACE_OUTER_BOUND('',#861,.T.);
#459=FACE_OUTER_BOUND('',#862,.T.);
#460=FACE_OUTER_BOUND('',#863,.T.);
#461=FACE_OUTER_BOUND('',#864,.T.);
#462=FACE_OUTER_BOUND('',#865,.T.);
#463=FACE_OUTER_BOUND('',#866,.T.);
#464=FACE_OUTER_BOUND('',#867,.T.);
#465=FACE_OUTER_BOUND('',#868,.T.);
#466=FACE_OUTER_BOUND('',#869,.T.);
#467=FACE_OUTER_BOUND('',#870,.T.);
#468=FACE_OUTER_BOUND('',#871,.T.);
#469=FACE_OUTER_BOUND('',#872,.T.);
#470=FACE_OUTER_BOUND('',#873,.T.);
#471=FACE_OUTER_BOUND('',#874,.T.);
#472=FACE_OUTER_BOUND('',#875,.T.);
#473=FACE_OUTER_BOUND('',#876,.T.);
#474=FACE_OUTER_BOUND('',#877,.T.);
#475=FACE_OUTER_BOUND('',#878,.T.);
#476=FACE_OUTER_BOUND('',#879,.T.);
#477=FACE_OUTER_BOUND('',#880,.T.);
#478=FACE_OUTER_BOUND('',#881,.T.);
#479=FACE_OUTER_BOUND('',#882,.T.);
#480=FACE_OUTER_BOUND('',#883,.T.);
#481=FACE_OUTER_BOUND('',#884,.T.);
#482=FACE_OUTER_BOUND('',#885,.T.);
#483=FACE_OUTER_BOUND('',#886,.T.);
#484=FACE_OUTER_BOUND('',#887,.T.);
#485=FACE_OUTER_BOUND('',#888,.T.);
#486=FACE_OUTER_BOUND('',#889,.T.);
#487=FACE_OUTER_BOUND('',#890,.T.);
#488=FACE_OUTER_BOUND('',#891,.T.);
#489=FACE_OUTER_BOUND('',#892,.T.);
#490=FACE_OUTER_BOUND('',#893,.T.);
#491=FACE_OUTER_BOUND('',#894,.T.);
#492=FACE_OUTER_BOUND('',#895,.T.);
#493=FACE_OUTER_BOUND('',#896,.T.);
#494=FACE_OUTER_BOUND('',#897,.T.);
#495=FACE_OUTER_BOUND('',#898,.T.);
#496=FACE_OUTER_BOUND('',#899,.T.);
#497=FACE_OUTER_BOUND('',#900,.T.);
#498=FACE_OUTER_BOUND('',#901,.T.);
#499=FACE_OUTER_BOUND('',#902,.T.);
#500=FACE_OUTER_BOUND('',#903,.T.);
#501=FACE_OUTER_BOUND('',#904,.T.);
#502=FACE_OUTER_BOUND('',#905,.T.);
#503=FACE_OUTER_BOUND('',#906,.T.);
#504=FACE_OUTER_BOUND('',#907,.T.);
#505=FACE_OUTER_BOUND('',#908,.T.);
#506=FACE_OUTER_BOUND('',#909,.T.);
#507=FACE_OUTER_BOUND('',#910,.T.);
#508=FACE_OUTER_BOUND('',#911,.T.);
#509=FACE_OUTER_BOUND('',#912,.T.);
#510=FACE_OUTER_BOUND('',#913,.T.);
#511=FACE_OUTER_BOUND('',#914,.T.);
#512=FACE_OUTER_BOUND('',#915,.T.);
#513=FACE_OUTER_BOUND('',#916,.T.);
#514=FACE_OUTER_BOUND('',#917,.T.);
#515=FACE_OUTER_BOUND('',#918,.T.);
#516=FACE_OUTER_BOUND('',#919,.T.);
#517=FACE_OUTER_BOUND('',#920,.T.);
#518=FACE_OUTER_BOUND('',#921,.T.);
#519=FACE_OUTER_BOUND('',#922,.T.);
#520=FACE_OUTER_BOUND('',#923,.T.);
#521=FACE_OUTER_BOUND('',#924,.T.);
#522=FACE_OUTER_BOUND('',#925,.T.);
#523=FACE_OUTER_BOUND('',#926,.T.);
#524=FACE_OUTER_BOUND('',#927,.T.);
#525=FACE_OUTER_BOUND('',#928,.T.);
#526=FACE_OUTER_BOUND('',#929,.T.);
#527=FACE_OUTER_BOUND('',#930,.T.);
#528=FACE_OUTER_BOUND('',#931,.T.);
#529=FACE_OUTER_BOUND('',#932,.T.);
#530=FACE_OUTER_BOUND('',#933,.T.);
#531=FACE_OUTER_BOUND('',#934,.T.);
#532=FACE_OUTER_BOUND('',#935,.T.);
#533=FACE_OUTER_BOUND('',#936,.T.);
#534=FACE_OUTER_BOUND('',#937,.T.);
#535=FACE_OUTER_BOUND('',#938,.T.);
#536=FACE_OUTER_BOUND('',#939,.T.);
#537=FACE_OUTER_BOUND('',#940,.T.);
#538=FACE_OUTER_BOUND('',#941,.T.);
#539=FACE_OUTER_BOUND('',#942,.T.);
#540=FACE_OUTER_BOUND('',#943,.T.);
#541=FACE_OUTER_BOUND('',#944,.T.);
#542=FACE_OUTER_BOUND('',#945,.T.);
#543=FACE_OUTER_BOUND('',#946,.T.);
#544=FACE_OUTER_BOUND('',#947,.T.);
#545=FACE_OUTER_BOUND('',#948,.T.);
#546=FACE_OUTER_BOUND('',#949,.T.);
#547=FACE_OUTER_BOUND('',#950,.T.);
#548=FACE_OUTER_BOUND('',#951,.T.);
#549=FACE_OUTER_BOUND('',#952,.T.);
#550=FACE_OUTER_BOUND('',#953,.T.);
#551=FACE_OUTER_BOUND('',#954,.T.);
#552=FACE_OUTER_BOUND('',#955,.T.);
#553=FACE_OUTER_BOUND('',#956,.T.);
#554=FACE_OUTER_BOUND('',#957,.T.);
#555=FACE_OUTER_BOUND('',#958,.T.);
#556=FACE_OUTER_BOUND('',#959,.T.);
#557=FACE_OUTER_BOUND('',#960,.T.);
#558=FACE_OUTER_BOUND('',#961,.T.);
#559=FACE_OUTER_BOUND('',#962,.T.);
#560=FACE_OUTER_BOUND('',#963,.T.);
#561=FACE_OUTER_BOUND('',#964,.T.);
#562=FACE_OUTER_BOUND('',#965,.T.);
#563=FACE_OUTER_BOUND('',#966,.T.);
#564=FACE_OUTER_BOUND('',#967,.T.);
#565=FACE_OUTER_BOUND('',#968,.T.);
#566=FACE_OUTER_BOUND('',#969,.T.);
#567=FACE_OUTER_BOUND('',#970,.T.);
#568=FACE_OUTER_BOUND('',#971,.T.);
#569=FACE_OUTER_BOUND('',#972,.T.);
#570=FACE_OUTER_BOUND('',#973,.T.);
#571=FACE_OUTER_BOUND('',#974,.T.);
#572=FACE_OUTER_BOUND('',#975,.T.);
#573=FACE_OUTER_BOUND('',#976,.T.);
#574=FACE_OUTER_BOUND('',#977,.T.);
#575=FACE_OUTER_BOUND('',#978,.T.);
#576=FACE_OUTER_BOUND('',#979,.T.);
#577=FACE_OUTER_BOUND('',#980,.T.);
#578=FACE_OUTER_BOUND('',#981,.T.);
#579=FACE_OUTER_BOUND('',#982,.T.);
#580=FACE_OUTER_BOUND('',#983,.T.);
#581=FACE_OUTER_BOUND('',#984,.T.);
#582=FACE_OUTER_BOUND('',#985,.T.);
#583=FACE_OUTER_BOUND('',#986,.T.);
#584=FACE_OUTER_BOUND('',#987,.T.);
#585=FACE_OUTER_BOUND('',#988,.T.);
#586=FACE_OUTER_BOUND('',#989,.T.);
#587=FACE_OUTER_BOUND('',#990,.T.);
#588=FACE_OUTER_BOUND('',#991,.T.);
#589=FACE_OUTER_BOUND('',#992,.T.);
#590=FACE_OUTER_BOUND('',#993,.T.);
#591=FACE_OUTER_BOUND('',#994,.T.);
#592=FACE_OUTER_BOUND('',#995,.T.);
#593=FACE_OUTER_BOUND('',#996,.T.);
#594=FACE_OUTER_BOUND('',#997,.T.);
#595=FACE_OUTER_BOUND('',#998,.T.);
#596=FACE_OUTER_BOUND('',#999,.T.);
#597=FACE_OUTER_BOUND('',#1000,.T.);
#598=FACE_OUTER_BOUND('',#1001,.T.);
#599=FACE_OUTER_BOUND('',#1002,.T.);
#600=FACE_OUTER_BOUND('',#1003,.T.);
#601=FACE_OUTER_BOUND('',#1004,.T.);
#602=FACE_OUTER_BOUND('',#1005,.T.);
#603=FACE_OUTER_BOUND('',#1006,.T.);
#604=FACE_OUTER_BOUND('',#1007,.T.);
#605=FACE_OUTER_BOUND('',#1008,.T.);
#606=FACE_OUTER_BOUND('',#1009,.T.);
#607=FACE_OUTER_BOUND('',#1010,.T.);
#608=FACE_OUTER_BOUND('',#1011,.T.);
#609=FACE_OUTER_BOUND('',#1012,.T.);
#610=FACE_OUTER_BOUND('',#1013,.T.);
#611=FACE_OUTER_BOUND('',#1014,.T.);
#612=FACE_OUTER_BOUND('',#1015,.T.);
#613=FACE_OUTER_BOUND('',#1016,.T.);
#614=FACE_OUTER_BOUND('',#1017,.T.);
#615=FACE_OUTER_BOUND('',#1018,.T.);
#616=FACE_OUTER_BOUND('',#1019,.T.);
#617=FACE_OUTER_BOUND('',#1020,.T.);
#618=FACE_OUTER_BOUND('',#1021,.T.);
#619=FACE_OUTER_BOUND('',#1022,.T.);
#620=FACE_OUTER_BOUND('',#1023,.T.);
#621=FACE_OUTER_BOUND('',#1024,.T.);
#622=FACE_OUTER_BOUND('',#1025,.T.);
#623=FACE_OUTER_BOUND('',#1026,.T.);
#624=FACE_OUTER_BOUND('',#1027,.T.);
#625=FACE_OUTER_BOUND('',#1028,.T.);
#626=FACE_OUTER_BOUND('',#1029,.T.);
#627=FACE_OUTER_BOUND('',#1030,.T.);
#628=FACE_OUTER_BOUND('',#1031,.T.);
#629=FACE_OUTER_BOUND('',#1032,.T.);
#630=FACE_OUTER_BOUND('',#1033,.T.);
#631=FACE_OUTER_BOUND('',#1034,.T.);
#632=FACE_OUTER_BOUND('',#1035,.T.);
#633=FACE_OUTER_BOUND('',#1036,.T.);
#634=FACE_OUTER_BOUND('',#1037,.T.);
#635=FACE_OUTER_BOUND('',#1038,.T.);
#636=FACE_OUTER_BOUND('',#1039,.T.);
#637=FACE_OUTER_BOUND('',#1040,.T.);
#638=FACE_OUTER_BOUND('',#1041,.T.);
#639=FACE_OUTER_BOUND('',#1042,.T.);
#640=FACE_OUTER_BOUND('',#1043,.T.);
#641=FACE_OUTER_BOUND('',#1044,.T.);
#642=FACE_OUTER_BOUND('',#1045,.T.);
#643=FACE_OUTER_BOUND('',#1046,.T.);
#644=FACE_OUTER_BOUND('',#1047,.T.);
#645=FACE_OUTER_BOUND('',#1048,.T.);
#646=FACE_OUTER_BOUND('',#1049,.T.);
#647=FACE_OUTER_BOUND('',#1050,.T.);
#648=FACE_OUTER_BOUND('',#1051,.T.);
#649=FACE_OUTER_BOUND('',#1052,.T.);
#650=FACE_OUTER_BOUND('',#1053,.T.);
#651=FACE_OUTER_BOUND('',#1054,.T.);
#652=FACE_OUTER_BOUND('',#1055,.T.);
#653=FACE_OUTER_BOUND('',#1056,.T.);
#654=FACE_OUTER_BOUND('',#1057,.T.);
#655=FACE_OUTER_BOUND('',#1058,.T.);
#656=FACE_OUTER_BOUND('',#1059,.T.);
#657=FACE_OUTER_BOUND('',#1060,.T.);
#658=FACE_OUTER_BOUND('',#1061,.T.);
#659=FACE_OUTER_BOUND('',#1062,.T.);
#660=FACE_OUTER_BOUND('',#1063,.T.);
#661=FACE_OUTER_BOUND('',#1064,.T.);
#662=FACE_OUTER_BOUND('',#1065,.T.);
#663=FACE_OUTER_BOUND('',#1066,.T.);
#664=FACE_OUTER_BOUND('',#1067,.T.);
#665=FACE_OUTER_BOUND('',#1068,.T.);
#666=FACE_OUTER_BOUND('',#1069,.T.);
#667=FACE_OUTER_BOUND('',#1070,.T.);
#668=FACE_OUTER_BOUND('',#1071,.T.);
#669=FACE_OUTER_BOUND('',#1072,.T.);
#670=FACE_OUTER_BOUND('',#1073,.T.);
#671=FACE_OUTER_BOUND('',#1074,.T.);
#672=FACE_OUTER_BOUND('',#1075,.T.);
#673=FACE_OUTER_BOUND('',#1076,.T.);
#674=FACE_OUTER_BOUND('',#1077,.T.);
#675=FACE_OUTER_BOUND('',#1078,.T.);
#676=FACE_OUTER_BOUND('',#1079,.T.);
#677=FACE_OUTER_BOUND('',#1080,.T.);
#678=FACE_OUTER_BOUND('',#1081,.T.);
#679=FACE_OUTER_BOUND('',#1082,.T.);
#680=FACE_OUTER_BOUND('',#1083,.T.);
#681=FACE_OUTER_BOUND('',#1084,.T.);
#682=FACE_OUTER_BOUND('',#1085,.T.);
#683=FACE_OUTER_BOUND('',#1086,.T.);
#684=FACE_OUTER_BOUND('',#1087,.T.);
#685=FACE_OUTER_BOUND('',#1088,.T.);
#686=FACE_OUTER_BOUND('',#1089,.T.);
#687=FACE_OUTER_BOUND('',#1090,.T.);
#688=FACE_OUTER_BOUND('',#1091,.T.);
#689=FACE_OUTER_BOUND('',#1092,.T.);
#690=FACE_OUTER_BOUND('',#1093,.T.);
#691=FACE_OUTER_BOUND('',#1094,.T.);
#692=FACE_OUTER_BOUND('',#1095,.T.);
#693=FACE_OUTER_BOUND('',#1096,.T.);
#694=FACE_OUTER_BOUND('',#1097,.T.);
#695=FACE_OUTER_BOUND('',#1098,.T.);
#696=FACE_OUTER_BOUND('',#1099,.T.);
#697=FACE_OUTER_BOUND('',#1100,.T.);
#698=FACE_OUTER_BOUND('',#1101,.T.);
#699=FACE_OUTER_BOUND('',#1102,.T.);
#700=FACE_OUTER_BOUND('',#1103,.T.);
#701=FACE_OUTER_BOUND('',#1104,.T.);
#702=FACE_OUTER_BOUND('',#1105,.T.);
#703=FACE_OUTER_BOUND('',#1106,.T.);
#704=FACE_OUTER_BOUND('',#1107,.T.);
#705=FACE_OUTER_BOUND('',#1108,.T.);
#706=FACE_OUTER_BOUND('',#1109,.T.);
#707=FACE_OUTER_BOUND('',#1110,.T.);
#708=FACE_OUTER_BOUND('',#1111,.T.);
#709=FACE_OUTER_BOUND('',#1112,.T.);
#710=FACE_OUTER_BOUND('',#1113,.T.);
#711=FACE_OUTER_BOUND('',#1114,.T.);
#712=FACE_OUTER_BOUND('',#1115,.T.);
#713=FACE_OUTER_BOUND('',#1116,.T.);
#714=FACE_OUTER_BOUND('',#1117,.T.);
#715=FACE_OUTER_BOUND('',#1118,.T.);
#716=FACE_OUTER_BOUND('',#1119,.T.);
#717=FACE_OUTER_BOUND('',#1120,.T.);
#718=FACE_OUTER_BOUND('',#1121,.T.);
#719=FACE_OUTER_BOUND('',#1122,.T.);
#720=FACE_OUTER_BOUND('',#1123,.T.);
#721=FACE_OUTER_BOUND('',#1124,.T.);
#722=FACE_OUTER_BOUND('',#1125,.T.);
#723=FACE_OUTER_BOUND('',#1126,.T.);
#724=FACE_OUTER_BOUND('',#1127,.T.);
#725=FACE_OUTER_BOUND('',#1128,.T.);
#726=FACE_OUTER_BOUND('',#1129,.T.);
#727=FACE_OUTER_BOUND('',#1136,.T.);
#728=FACE_OUTER_BOUND('',#1137,.T.);
#729=FACE_OUTER_BOUND('',#1138,.T.);
#730=FACE_OUTER_BOUND('',#1139,.T.);
#731=FACE_OUTER_BOUND('',#1140,.T.);
#732=FACE_OUTER_BOUND('',#1141,.T.);
#733=FACE_OUTER_BOUND('',#1142,.T.);
#734=FACE_OUTER_BOUND('',#1143,.T.);
#735=FACE_OUTER_BOUND('',#1144,.T.);
#736=FACE_OUTER_BOUND('',#1145,.T.);
#737=FACE_OUTER_BOUND('',#1146,.T.);
#738=FACE_OUTER_BOUND('',#1147,.T.);
#739=FACE_OUTER_BOUND('',#1148,.T.);
#740=FACE_OUTER_BOUND('',#1149,.T.);
#741=FACE_OUTER_BOUND('',#1150,.T.);
#742=FACE_OUTER_BOUND('',#1151,.T.);
#743=FACE_OUTER_BOUND('',#1152,.T.);
#744=FACE_OUTER_BOUND('',#1153,.T.);
#745=FACE_OUTER_BOUND('',#1154,.T.);
#746=FACE_OUTER_BOUND('',#1155,.T.);
#747=FACE_OUTER_BOUND('',#1156,.T.);
#748=FACE_OUTER_BOUND('',#1157,.T.);
#749=FACE_OUTER_BOUND('',#1158,.T.);
#750=FACE_OUTER_BOUND('',#1159,.T.);
#751=FACE_OUTER_BOUND('',#1160,.T.);
#752=FACE_OUTER_BOUND('',#1161,.T.);
#753=FACE_OUTER_BOUND('',#1162,.T.);
#754=FACE_OUTER_BOUND('',#1163,.T.);
#755=FACE_OUTER_BOUND('',#1164,.T.);
#756=FACE_OUTER_BOUND('',#1165,.T.);
#757=FACE_OUTER_BOUND('',#1166,.T.);
#758=FACE_OUTER_BOUND('',#1167,.T.);
#759=FACE_OUTER_BOUND('',#1168,.T.);
#760=FACE_OUTER_BOUND('',#1169,.T.);
#761=FACE_OUTER_BOUND('',#1170,.T.);
#762=FACE_OUTER_BOUND('',#1171,.T.);
#763=FACE_OUTER_BOUND('',#1172,.T.);
#764=FACE_OUTER_BOUND('',#1173,.T.);
#765=FACE_OUTER_BOUND('',#1174,.T.);
#766=FACE_OUTER_BOUND('',#1175,.T.);
#767=FACE_OUTER_BOUND('',#1176,.T.);
#768=FACE_OUTER_BOUND('',#1177,.T.);
#769=FACE_OUTER_BOUND('',#1178,.T.);
#770=FACE_OUTER_BOUND('',#1179,.T.);
#771=FACE_OUTER_BOUND('',#1180,.T.);
#772=FACE_OUTER_BOUND('',#1181,.T.);
#773=FACE_OUTER_BOUND('',#1182,.T.);
#774=FACE_OUTER_BOUND('',#1183,.T.);
#775=FACE_OUTER_BOUND('',#1184,.T.);
#776=FACE_OUTER_BOUND('',#1185,.T.);
#777=FACE_OUTER_BOUND('',#1186,.T.);
#778=FACE_OUTER_BOUND('',#1187,.T.);
#779=FACE_OUTER_BOUND('',#1188,.T.);
#780=FACE_OUTER_BOUND('',#1189,.T.);
#781=FACE_OUTER_BOUND('',#1190,.T.);
#782=FACE_OUTER_BOUND('',#1191,.T.);
#783=FACE_OUTER_BOUND('',#1192,.T.);
#784=FACE_OUTER_BOUND('',#1193,.T.);
#785=FACE_OUTER_BOUND('',#1194,.T.);
#786=FACE_OUTER_BOUND('',#1195,.T.);
#787=FACE_OUTER_BOUND('',#1196,.T.);
#788=FACE_OUTER_BOUND('',#1197,.T.);
#789=FACE_OUTER_BOUND('',#1198,.T.);
#790=FACE_OUTER_BOUND('',#1199,.T.);
#791=FACE_OUTER_BOUND('',#1200,.T.);
#792=FACE_OUTER_BOUND('',#1201,.T.);
#793=FACE_OUTER_BOUND('',#1202,.T.);
#794=FACE_OUTER_BOUND('',#1203,.T.);
#795=FACE_OUTER_BOUND('',#1204,.T.);
#796=FACE_OUTER_BOUND('',#1205,.T.);
#797=FACE_OUTER_BOUND('',#1206,.T.);
#798=FACE_OUTER_BOUND('',#1207,.T.);
#799=FACE_OUTER_BOUND('',#1208,.T.);
#800=FACE_OUTER_BOUND('',#1209,.T.);
#801=FACE_OUTER_BOUND('',#1210,.T.);
#802=FACE_OUTER_BOUND('',#1211,.T.);
#803=FACE_OUTER_BOUND('',#1212,.T.);
#804=FACE_OUTER_BOUND('',#1213,.T.);
#805=FACE_OUTER_BOUND('',#1214,.T.);
#806=FACE_OUTER_BOUND('',#1215,.T.);
#807=FACE_OUTER_BOUND('',#1216,.T.);
#808=FACE_OUTER_BOUND('',#1217,.T.);
#809=FACE_OUTER_BOUND('',#1218,.T.);
#810=FACE_OUTER_BOUND('',#1219,.T.);
#811=FACE_OUTER_BOUND('',#1220,.T.);
#812=FACE_OUTER_BOUND('',#1221,.T.);
#813=FACE_OUTER_BOUND('',#1222,.T.);
#814=FACE_OUTER_BOUND('',#1231,.T.);
#815=FACE_OUTER_BOUND('',#1232,.T.);
#816=FACE_OUTER_BOUND('',#1233,.T.);
#817=FACE_OUTER_BOUND('',#1234,.T.);
#818=FACE_OUTER_BOUND('',#1235,.T.);
#819=FACE_OUTER_BOUND('',#1236,.T.);
#820=FACE_OUTER_BOUND('',#1237,.T.);
#821=FACE_OUTER_BOUND('',#1238,.T.);
#822=FACE_OUTER_BOUND('',#1239,.T.);
#823=EDGE_LOOP('',(#4881,#4882,#4883,#4884));
#824=EDGE_LOOP('',(#4885,#4886,#4887,#4888));
#825=EDGE_LOOP('',(#4889,#4890,#4891,#4892,#4893,#4894,#4895,#4896,#4897,
#4898,#4899,#4900,#4901));
#826=EDGE_LOOP('',(#4902,#4903,#4904,#4905));
#827=EDGE_LOOP('',(#4906,#4907,#4908,#4909));
#828=EDGE_LOOP('',(#4910,#4911,#4912,#4913,#4914,#4915,#4916,#4917,#4918,
#4919,#4920,#4921,#4922));
#829=EDGE_LOOP('',(#4923,#4924,#4925,#4926));
#830=EDGE_LOOP('',(#4927,#4928,#4929,#4930,#4931,#4932,#4933,#4934,#4935,
#4936,#4937,#4938));
#831=EDGE_LOOP('',(#4939,#4940,#4941,#4942));
#832=EDGE_LOOP('',(#4943,#4944,#4945,#4946));
#833=EDGE_LOOP('',(#4947,#4948,#4949,#4950,#4951,#4952,#4953,#4954,#4955,
#4956,#4957,#4958,#4959));
#834=EDGE_LOOP('',(#4960,#4961,#4962,#4963));
#835=EDGE_LOOP('',(#4964,#4965,#4966,#4967));
#836=EDGE_LOOP('',(#4968,#4969,#4970,#4971,#4972,#4973,#4974,#4975,#4976,
#4977,#4978,#4979,#4980));
#837=EDGE_LOOP('',(#4981,#4982,#4983,#4984));
#838=EDGE_LOOP('',(#4985,#4986,#4987,#4988));
#839=EDGE_LOOP('',(#4989,#4990,#4991,#4992));
#840=EDGE_LOOP('',(#4993,#4994,#4995,#4996));
#841=EDGE_LOOP('',(#4997,#4998,#4999,#5000));
#842=EDGE_LOOP('',(#5001,#5002,#5003,#5004));
#843=EDGE_LOOP('',(#5005,#5006,#5007,#5008));
#844=EDGE_LOOP('',(#5009,#5010,#5011,#5012));
#845=EDGE_LOOP('',(#5013,#5014,#5015,#5016));
#846=EDGE_LOOP('',(#5017,#5018,#5019,#5020));
#847=EDGE_LOOP('',(#5021,#5022,#5023,#5024));
#848=EDGE_LOOP('',(#5025,#5026,#5027,#5028));
#849=EDGE_LOOP('',(#5029,#5030,#5031,#5032));
#850=EDGE_LOOP('',(#5033,#5034,#5035,#5036,#5037,#5038,#5039,#5040));
#851=EDGE_LOOP('',(#5041,#5042,#5043,#5044,#5045,#5046,#5047,#5048));
#852=EDGE_LOOP('',(#5049,#5050,#5051,#5052));
#853=EDGE_LOOP('',(#5053,#5054,#5055,#5056));
#854=EDGE_LOOP('',(#5057,#5058,#5059,#5060));
#855=EDGE_LOOP('',(#5061,#5062,#5063,#5064));
#856=EDGE_LOOP('',(#5065,#5066,#5067,#5068));
#857=EDGE_LOOP('',(#5069,#5070,#5071,#5072,#5073,#5074,#5075,#5076,#5077,
#5078,#5079,#5080,#5081));
#858=EDGE_LOOP('',(#5082,#5083,#5084,#5085));
#859=EDGE_LOOP('',(#5086,#5087,#5088,#5089));
#860=EDGE_LOOP('',(#5090,#5091,#5092,#5093,#5094,#5095,#5096,#5097,#5098,
#5099,#5100,#5101,#5102));
#861=EDGE_LOOP('',(#5103,#5104,#5105,#5106));
#862=EDGE_LOOP('',(#5107,#5108,#5109,#5110,#5111,#5112,#5113,#5114,#5115,
#5116,#5117,#5118));
#863=EDGE_LOOP('',(#5119,#5120,#5121,#5122));
#864=EDGE_LOOP('',(#5123,#5124,#5125,#5126));
#865=EDGE_LOOP('',(#5127,#5128,#5129,#5130,#5131,#5132,#5133,#5134,#5135,
#5136,#5137,#5138,#5139));
#866=EDGE_LOOP('',(#5140,#5141,#5142,#5143));
#867=EDGE_LOOP('',(#5144,#5145,#5146,#5147));
#868=EDGE_LOOP('',(#5148,#5149,#5150,#5151,#5152,#5153,#5154,#5155,#5156,
#5157,#5158,#5159,#5160));
#869=EDGE_LOOP('',(#5161,#5162,#5163,#5164));
#870=EDGE_LOOP('',(#5165,#5166,#5167,#5168));
#871=EDGE_LOOP('',(#5169,#5170,#5171,#5172));
#872=EDGE_LOOP('',(#5173,#5174,#5175,#5176));
#873=EDGE_LOOP('',(#5177,#5178,#5179,#5180));
#874=EDGE_LOOP('',(#5181,#5182,#5183,#5184));
#875=EDGE_LOOP('',(#5185,#5186,#5187,#5188));
#876=EDGE_LOOP('',(#5189,#5190,#5191,#5192));
#877=EDGE_LOOP('',(#5193,#5194,#5195,#5196));
#878=EDGE_LOOP('',(#5197,#5198,#5199,#5200));
#879=EDGE_LOOP('',(#5201,#5202,#5203,#5204));
#880=EDGE_LOOP('',(#5205,#5206,#5207,#5208));
#881=EDGE_LOOP('',(#5209,#5210,#5211,#5212));
#882=EDGE_LOOP('',(#5213,#5214,#5215,#5216,#5217,#5218,#5219,#5220));
#883=EDGE_LOOP('',(#5221,#5222,#5223,#5224,#5225,#5226,#5227,#5228));
#884=EDGE_LOOP('',(#5229,#5230,#5231,#5232));
#885=EDGE_LOOP('',(#5233,#5234,#5235,#5236));
#886=EDGE_LOOP('',(#5237,#5238,#5239,#5240));
#887=EDGE_LOOP('',(#5241,#5242,#5243,#5244));
#888=EDGE_LOOP('',(#5245,#5246,#5247,#5248));
#889=EDGE_LOOP('',(#5249,#5250,#5251,#5252,#5253,#5254,#5255,#5256,#5257,
#5258,#5259,#5260,#5261));
#890=EDGE_LOOP('',(#5262,#5263,#5264,#5265));
#891=EDGE_LOOP('',(#5266,#5267,#5268,#5269));
#892=EDGE_LOOP('',(#5270,#5271,#5272,#5273,#5274,#5275,#5276,#5277,#5278,
#5279,#5280,#5281,#5282));
#893=EDGE_LOOP('',(#5283,#5284,#5285,#5286));
#894=EDGE_LOOP('',(#5287,#5288,#5289,#5290,#5291,#5292,#5293,#5294,#5295,
#5296,#5297,#5298));
#895=EDGE_LOOP('',(#5299,#5300,#5301,#5302));
#896=EDGE_LOOP('',(#5303,#5304,#5305,#5306));
#897=EDGE_LOOP('',(#5307,#5308,#5309,#5310,#5311,#5312,#5313,#5314,#5315,
#5316,#5317,#5318,#5319));
#898=EDGE_LOOP('',(#5320,#5321,#5322,#5323));
#899=EDGE_LOOP('',(#5324,#5325,#5326,#5327));
#900=EDGE_LOOP('',(#5328,#5329,#5330,#5331,#5332,#5333,#5334,#5335,#5336,
#5337,#5338,#5339,#5340));
#901=EDGE_LOOP('',(#5341,#5342,#5343,#5344));
#902=EDGE_LOOP('',(#5345,#5346,#5347,#5348));
#903=EDGE_LOOP('',(#5349,#5350,#5351,#5352));
#904=EDGE_LOOP('',(#5353,#5354,#5355,#5356));
#905=EDGE_LOOP('',(#5357,#5358,#5359,#5360));
#906=EDGE_LOOP('',(#5361,#5362,#5363,#5364));
#907=EDGE_LOOP('',(#5365,#5366,#5367,#5368));
#908=EDGE_LOOP('',(#5369,#5370,#5371,#5372));
#909=EDGE_LOOP('',(#5373,#5374,#5375,#5376));
#910=EDGE_LOOP('',(#5377,#5378,#5379,#5380));
#911=EDGE_LOOP('',(#5381,#5382,#5383,#5384));
#912=EDGE_LOOP('',(#5385,#5386,#5387,#5388));
#913=EDGE_LOOP('',(#5389,#5390,#5391,#5392));
#914=EDGE_LOOP('',(#5393,#5394,#5395,#5396,#5397,#5398,#5399,#5400));
#915=EDGE_LOOP('',(#5401,#5402,#5403,#5404));
#916=EDGE_LOOP('',(#5405,#5406,#5407,#5408,#5409,#5410,#5411,#5412));
#917=EDGE_LOOP('',(#5413,#5414,#5415,#5416));
#918=EDGE_LOOP('',(#5417,#5418,#5419,#5420));
#919=EDGE_LOOP('',(#5421,#5422,#5423,#5424));
#920=EDGE_LOOP('',(#5425,#5426,#5427,#5428));
#921=EDGE_LOOP('',(#5429,#5430,#5431,#5432,#5433,#5434,#5435,#5436,#5437,
#5438,#5439,#5440,#5441));
#922=EDGE_LOOP('',(#5442,#5443,#5444,#5445));
#923=EDGE_LOOP('',(#5446,#5447,#5448,#5449));
#924=EDGE_LOOP('',(#5450,#5451,#5452,#5453,#5454,#5455,#5456,#5457,#5458,
#5459,#5460,#5461,#5462));
#925=EDGE_LOOP('',(#5463,#5464,#5465,#5466,#5467,#5468,#5469,#5470));
#926=EDGE_LOOP('',(#5471,#5472,#5473,#5474));
#927=EDGE_LOOP('',(#5475,#5476,#5477,#5478,#5479,#5480,#5481,#5482));
#928=EDGE_LOOP('',(#5483,#5484,#5485,#5486));
#929=EDGE_LOOP('',(#5487,#5488,#5489,#5490));
#930=EDGE_LOOP('',(#5491,#5492,#5493,#5494,#5495,#5496,#5497,#5498,#5499,
#5500,#5501,#5502,#5503));
#931=EDGE_LOOP('',(#5504,#5505,#5506,#5507));
#932=EDGE_LOOP('',(#5508,#5509,#5510,#5511));
#933=EDGE_LOOP('',(#5512,#5513,#5514,#5515,#5516,#5517,#5518,#5519,#5520,
#5521,#5522,#5523,#5524));
#934=EDGE_LOOP('',(#5525,#5526,#5527,#5528));
#935=EDGE_LOOP('',(#5529,#5530,#5531,#5532));
#936=EDGE_LOOP('',(#5533,#5534,#5535,#5536));
#937=EDGE_LOOP('',(#5537,#5538,#5539,#5540));
#938=EDGE_LOOP('',(#5541,#5542,#5543,#5544));
#939=EDGE_LOOP('',(#5545,#5546,#5547,#5548));
#940=EDGE_LOOP('',(#5549,#5550,#5551,#5552));
#941=EDGE_LOOP('',(#5553,#5554,#5555,#5556));
#942=EDGE_LOOP('',(#5557,#5558,#5559,#5560));
#943=EDGE_LOOP('',(#5561,#5562,#5563,#5564));
#944=EDGE_LOOP('',(#5565,#5566,#5567,#5568));
#945=EDGE_LOOP('',(#5569,#5570,#5571,#5572));
#946=EDGE_LOOP('',(#5573,#5574,#5575,#5576));
#947=EDGE_LOOP('',(#5577,#5578,#5579,#5580,#5581,#5582,#5583,#5584));
#948=EDGE_LOOP('',(#5585,#5586,#5587,#5588,#5589,#5590,#5591,#5592));
#949=EDGE_LOOP('',(#5593,#5594,#5595,#5596,#5597));
#950=EDGE_LOOP('',(#5598,#5599,#5600,#5601));
#951=EDGE_LOOP('',(#5602,#5603,#5604,#5605,#5606));
#952=EDGE_LOOP('',(#5607,#5608,#5609,#5610));
#953=EDGE_LOOP('',(#5611,#5612,#5613,#5614));
#954=EDGE_LOOP('',(#5615,#5616,#5617,#5618,#5619,#5620,#5621,#5622,#5623,
#5624,#5625,#5626,#5627));
#955=EDGE_LOOP('',(#5628,#5629,#5630,#5631));
#956=EDGE_LOOP('',(#5632,#5633,#5634,#5635));
#957=EDGE_LOOP('',(#5636,#5637,#5638,#5639,#5640,#5641,#5642,#5643,#5644,
#5645,#5646,#5647,#5648));
#958=EDGE_LOOP('',(#5649,#5650,#5651,#5652));
#959=EDGE_LOOP('',(#5653,#5654,#5655,#5656,#5657,#5658,#5659,#5660,#5661,
#5662,#5663,#5664));
#960=EDGE_LOOP('',(#5665,#5666,#5667,#5668));
#961=EDGE_LOOP('',(#5669,#5670,#5671,#5672));
#962=EDGE_LOOP('',(#5673,#5674,#5675,#5676));
#963=EDGE_LOOP('',(#5677,#5678,#5679,#5680,#5681,#5682,#5683,#5684,#5685,
#5686,#5687,#5688,#5689));
#964=EDGE_LOOP('',(#5690,#5691,#5692,#5693));
#965=EDGE_LOOP('',(#5694,#5695,#5696,#5697));
#966=EDGE_LOOP('',(#5698,#5699,#5700,#5701));
#967=EDGE_LOOP('',(#5702,#5703,#5704,#5705));
#968=EDGE_LOOP('',(#5706,#5707,#5708,#5709));
#969=EDGE_LOOP('',(#5710,#5711,#5712,#5713));
#970=EDGE_LOOP('',(#5714,#5715,#5716,#5717));
#971=EDGE_LOOP('',(#5718,#5719,#5720,#5721));
#972=EDGE_LOOP('',(#5722,#5723,#5724,#5725));
#973=EDGE_LOOP('',(#5726,#5727,#5728,#5729));
#974=EDGE_LOOP('',(#5730,#5731,#5732,#5733));
#975=EDGE_LOOP('',(#5734,#5735,#5736,#5737));
#976=EDGE_LOOP('',(#5738,#5739,#5740,#5741,#5742,#5743,#5744,#5745,#5746,
#5747,#5748,#5749,#5750));
#977=EDGE_LOOP('',(#5751,#5752,#5753,#5754,#5755,#5756,#5757,#5758));
#978=EDGE_LOOP('',(#5759,#5760,#5761,#5762));
#979=EDGE_LOOP('',(#5763,#5764,#5765,#5766,#5767,#5768,#5769,#5770));
#980=EDGE_LOOP('',(#5771,#5772,#5773,#5774));
#981=EDGE_LOOP('',(#5775,#5776,#5777,#5778));
#982=EDGE_LOOP('',(#5779,#5780,#5781,#5782));
#983=EDGE_LOOP('',(#5783,#5784,#5785,#5786));
#984=EDGE_LOOP('',(#5787,#5788,#5789,#5790));
#985=EDGE_LOOP('',(#5791,#5792,#5793,#5794));
#986=EDGE_LOOP('',(#5795,#5796,#5797,#5798,#5799,#5800,#5801,#5802,#5803,
#5804,#5805,#5806,#5807));
#987=EDGE_LOOP('',(#5808,#5809,#5810,#5811));
#988=EDGE_LOOP('',(#5812,#5813,#5814,#5815));
#989=EDGE_LOOP('',(#5816,#5817,#5818,#5819,#5820,#5821,#5822,#5823,#5824,
#5825,#5826,#5827,#5828));
#990=EDGE_LOOP('',(#5829,#5830,#5831,#5832));
#991=EDGE_LOOP('',(#5833,#5834,#5835,#5836,#5837,#5838,#5839,#5840,#5841,
#5842,#5843,#5844));
#992=EDGE_LOOP('',(#5845,#5846,#5847,#5848));
#993=EDGE_LOOP('',(#5849,#5850,#5851,#5852));
#994=EDGE_LOOP('',(#5853,#5854,#5855,#5856));
#995=EDGE_LOOP('',(#5857,#5858,#5859,#5860,#5861,#5862,#5863,#5864,#5865,
#5866,#5867,#5868,#5869));
#996=EDGE_LOOP('',(#5870,#5871,#5872,#5873));
#997=EDGE_LOOP('',(#5874,#5875,#5876,#5877));
#998=EDGE_LOOP('',(#5878,#5879,#5880,#5881));
#999=EDGE_LOOP('',(#5882,#5883,#5884,#5885));
#1000=EDGE_LOOP('',(#5886,#5887,#5888,#5889));
#1001=EDGE_LOOP('',(#5890,#5891,#5892,#5893));
#1002=EDGE_LOOP('',(#5894,#5895,#5896,#5897));
#1003=EDGE_LOOP('',(#5898,#5899,#5900,#5901));
#1004=EDGE_LOOP('',(#5902,#5903,#5904,#5905));
#1005=EDGE_LOOP('',(#5906,#5907,#5908,#5909));
#1006=EDGE_LOOP('',(#5910,#5911,#5912,#5913));
#1007=EDGE_LOOP('',(#5914,#5915,#5916,#5917));
#1008=EDGE_LOOP('',(#5918,#5919,#5920,#5921,#5922,#5923,#5924,#5925,#5926,
#5927,#5928,#5929,#5930));
#1009=EDGE_LOOP('',(#5931,#5932,#5933,#5934,#5935,#5936,#5937,#5938));
#1010=EDGE_LOOP('',(#5939,#5940,#5941,#5942));
#1011=EDGE_LOOP('',(#5943,#5944,#5945,#5946,#5947,#5948,#5949,#5950));
#1012=EDGE_LOOP('',(#5951,#5952,#5953,#5954));
#1013=EDGE_LOOP('',(#5955,#5956,#5957,#5958));
#1014=EDGE_LOOP('',(#5959,#5960,#5961,#5962));
#1015=EDGE_LOOP('',(#5963,#5964,#5965,#5966));
#1016=EDGE_LOOP('',(#5967,#5968,#5969,#5970));
#1017=EDGE_LOOP('',(#5971,#5972,#5973,#5974));
#1018=EDGE_LOOP('',(#5975,#5976,#5977,#5978));
#1019=EDGE_LOOP('',(#5979,#5980));
#1020=EDGE_LOOP('',(#5981,#5982,#5983,#5984));
#1021=EDGE_LOOP('',(#5985,#5986,#5987,#5988));
#1022=EDGE_LOOP('',(#5989,#5990));
#1023=EDGE_LOOP('',(#5991,#5992));
#1024=EDGE_LOOP('',(#5993,#5994,#5995,#5996));
#1025=EDGE_LOOP('',(#5997,#5998,#5999,#6000));
#1026=EDGE_LOOP('',(#6001,#6002));
#1027=EDGE_LOOP('',(#6003,#6004));
#1028=EDGE_LOOP('',(#6005,#6006,#6007,#6008));
#1029=EDGE_LOOP('',(#6009,#6010,#6011,#6012));
#1030=EDGE_LOOP('',(#6013,#6014,#6015,#6016));
#1031=EDGE_LOOP('',(#6017,#6018));
#1032=EDGE_LOOP('',(#6019,#6020,#6021,#6022));
#1033=EDGE_LOOP('',(#6023,#6024,#6025,#6026));
#1034=EDGE_LOOP('',(#6027,#6028,#6029,#6030));
#1035=EDGE_LOOP('',(#6031,#6032));
#1036=EDGE_LOOP('',(#6033,#6034,#6035,#6036));
#1037=EDGE_LOOP('',(#6037,#6038,#6039,#6040));
#1038=EDGE_LOOP('',(#6041,#6042,#6043,#6044));
#1039=EDGE_LOOP('',(#6045,#6046));
#1040=EDGE_LOOP('',(#6047,#6048,#6049,#6050));
#1041=EDGE_LOOP('',(#6051,#6052,#6053,#6054));
#1042=EDGE_LOOP('',(#6055,#6056));
#1043=EDGE_LOOP('',(#6057,#6058));
#1044=EDGE_LOOP('',(#6059,#6060,#6061,#6062));
#1045=EDGE_LOOP('',(#6063,#6064,#6065,#6066));
#1046=EDGE_LOOP('',(#6067,#6068,#6069,#6070));
#1047=EDGE_LOOP('',(#6071,#6072));
#1048=EDGE_LOOP('',(#6073,#6074,#6075,#6076));
#1049=EDGE_LOOP('',(#6077,#6078,#6079,#6080));
#1050=EDGE_LOOP('',(#6081,#6082,#6083,#6084));
#1051=EDGE_LOOP('',(#6085,#6086,#6087,#6088));
#1052=EDGE_LOOP('',(#6089,#6090,#6091,#6092));
#1053=EDGE_LOOP('',(#6093,#6094,#6095,#6096));
#1054=EDGE_LOOP('',(#6097,#6098,#6099,#6100));
#1055=EDGE_LOOP('',(#6101,#6102));
#1056=EDGE_LOOP('',(#6103,#6104));
#1057=EDGE_LOOP('',(#6105,#6106,#6107,#6108));
#1058=EDGE_LOOP('',(#6109,#6110,#6111,#6112));
#1059=EDGE_LOOP('',(#6113,#6114,#6115,#6116));
#1060=EDGE_LOOP('',(#6117,#6118,#6119,#6120,#6121));
#1061=EDGE_LOOP('',(#6122,#6123,#6124,#6125));
#1062=EDGE_LOOP('',(#6126,#6127,#6128,#6129,#6130,#6131));
#1063=EDGE_LOOP('',(#6132,#6133,#6134,#6135,#6136));
#1064=EDGE_LOOP('',(#6137,#6138,#6139,#6140));
#1065=EDGE_LOOP('',(#6141,#6142));
#1066=EDGE_LOOP('',(#6143,#6144,#6145,#6146,#6147));
#1067=EDGE_LOOP('',(#6148,#6149,#6150,#6151));
#1068=EDGE_LOOP('',(#6152,#6153,#6154,#6155,#6156,#6157));
#1069=EDGE_LOOP('',(#6158,#6159));
#1070=EDGE_LOOP('',(#6160,#6161,#6162,#6163,#6164));
#1071=EDGE_LOOP('',(#6165,#6166));
#1072=EDGE_LOOP('',(#6167,#6168,#6169,#6170,#6171));
#1073=EDGE_LOOP('',(#6172,#6173,#6174,#6175,#6176,#6177));
#1074=EDGE_LOOP('',(#6178,#6179,#6180,#6181,#6182));
#1075=EDGE_LOOP('',(#6183,#6184,#6185,#6186));
#1076=EDGE_LOOP('',(#6187,#6188,#6189,#6190));
#1077=EDGE_LOOP('',(#6191,#6192,#6193));
#1078=EDGE_LOOP('',(#6194,#6195,#6196,#6197,#6198));
#1079=EDGE_LOOP('',(#6199,#6200,#6201,#6202,#6203));
#1080=EDGE_LOOP('',(#6204,#6205,#6206));
#1081=EDGE_LOOP('',(#6207,#6208,#6209));
#1082=EDGE_LOOP('',(#6210,#6211,#6212,#6213));
#1083=EDGE_LOOP('',(#6214,#6215,#6216));
#1084=EDGE_LOOP('',(#6217,#6218));
#1085=EDGE_LOOP('',(#6219,#6220,#6221,#6222));
#1086=EDGE_LOOP('',(#6223,#6224,#6225,#6226));
#1087=EDGE_LOOP('',(#6227,#6228,#6229,#6230,#6231,#6232));
#1088=EDGE_LOOP('',(#6233,#6234));
#1089=EDGE_LOOP('',(#6235,#6236,#6237,#6238,#6239,#6240));
#1090=EDGE_LOOP('',(#6241,#6242,#6243,#6244,#6245,#6246));
#1091=EDGE_LOOP('',(#6247,#6248,#6249,#6250,#6251,#6252));
#1092=EDGE_LOOP('',(#6253,#6254,#6255));
#1093=EDGE_LOOP('',(#6256,#6257,#6258));
#1094=EDGE_LOOP('',(#6259,#6260,#6261,#6262,#6263,#6264,#6265,#6266,#6267,
#6268,#6269,#6270));
#1095=EDGE_LOOP('',(#6271,#6272,#6273));
#1096=EDGE_LOOP('',(#6274,#6275,#6276));
#1097=EDGE_LOOP('',(#6277,#6278,#6279));
#1098=EDGE_LOOP('',(#6280,#6281,#6282,#6283));
#1099=EDGE_LOOP('',(#6284,#6285,#6286,#6287));
#1100=EDGE_LOOP('',(#6288,#6289,#6290,#6291));
#1101=EDGE_LOOP('',(#6292,#6293,#6294,#6295,#6296,#6297,#6298,#6299,#6300,
#6301,#6302,#6303,#6304,#6305,#6306,#6307,#6308,#6309,#6310,#6311,#6312,
#6313,#6314,#6315));
#1102=EDGE_LOOP('',(#6316,#6317,#6318,#6319));
#1103=EDGE_LOOP('',(#6320,#6321,#6322,#6323));
#1104=EDGE_LOOP('',(#6324,#6325,#6326,#6327));
#1105=EDGE_LOOP('',(#6328,#6329,#6330,#6331));
#1106=EDGE_LOOP('',(#6332,#6333,#6334,#6335));
#1107=EDGE_LOOP('',(#6336,#6337,#6338,#6339));
#1108=EDGE_LOOP('',(#6340,#6341,#6342,#6343));
#1109=EDGE_LOOP('',(#6344,#6345,#6346,#6347));
#1110=EDGE_LOOP('',(#6348,#6349,#6350,#6351));
#1111=EDGE_LOOP('',(#6352,#6353,#6354,#6355));
#1112=EDGE_LOOP('',(#6356,#6357,#6358,#6359));
#1113=EDGE_LOOP('',(#6360,#6361,#6362,#6363));
#1114=EDGE_LOOP('',(#6364,#6365,#6366,#6367));
#1115=EDGE_LOOP('',(#6368,#6369,#6370,#6371));
#1116=EDGE_LOOP('',(#6372,#6373,#6374,#6375));
#1117=EDGE_LOOP('',(#6376,#6377,#6378,#6379));
#1118=EDGE_LOOP('',(#6380,#6381,#6382,#6383));
#1119=EDGE_LOOP('',(#6384,#6385,#6386,#6387,#6388,#6389,#6390,#6391,#6392,
#6393,#6394,#6395));
#1120=EDGE_LOOP('',(#6396,#6397,#6398,#6399));
#1121=EDGE_LOOP('',(#6400,#6401,#6402,#6403,#6404,#6405,#6406,#6407,#6408,
#6409,#6410,#6411));
#1122=EDGE_LOOP('',(#6412,#6413,#6414,#6415,#6416,#6417,#6418,#6419,#6420,
#6421,#6422,#6423));
#1123=EDGE_LOOP('',(#6424,#6425,#6426,#6427,#6428,#6429,#6430,#6431,#6432,
#6433,#6434,#6435));
#1124=EDGE_LOOP('',(#6436,#6437,#6438,#6439,#6440,#6441,#6442,#6443,#6444,
#6445,#6446,#6447));
#1125=EDGE_LOOP('',(#6448,#6449,#6450,#6451));
#1126=EDGE_LOOP('',(#6452,#6453,#6454,#6455,#6456,#6457,#6458,#6459,#6460,
#6461));
#1127=EDGE_LOOP('',(#6462,#6463,#6464,#6465));
#1128=EDGE_LOOP('',(#6466,#6467,#6468,#6469));
#1129=EDGE_LOOP('',(#6470,#6471,#6472,#6473,#6474,#6475,#6476,#6477,#6478,
#6479,#6480,#6481));
#1130=EDGE_LOOP('',(#6482,#6483,#6484,#6485,#6486,#6487,#6488,#6489,#6490,
#6491,#6492,#6493));
#1131=EDGE_LOOP('',(#6494,#6495,#6496,#6497,#6498,#6499,#6500,#6501,#6502,
#6503,#6504,#6505));
#1132=EDGE_LOOP('',(#6506,#6507,#6508,#6509,#6510,#6511,#6512,#6513,#6514,
#6515,#6516,#6517));
#1133=EDGE_LOOP('',(#6518,#6519,#6520,#6521,#6522,#6523,#6524,#6525,#6526,
#6527,#6528,#6529));
#1134=EDGE_LOOP('',(#6530,#6531,#6532,#6533,#6534,#6535,#6536,#6537,#6538,
#6539,#6540,#6541));
#1135=EDGE_LOOP('',(#6542,#6543,#6544,#6545,#6546,#6547,#6548,#6549,#6550,
#6551,#6552,#6553));
#1136=EDGE_LOOP('',(#6554,#6555,#6556,#6557,#6558,#6559,#6560,#6561,#6562,
#6563,#6564,#6565));
#1137=EDGE_LOOP('',(#6566,#6567,#6568,#6569));
#1138=EDGE_LOOP('',(#6570,#6571,#6572,#6573,#6574,#6575,#6576,#6577,#6578,
#6579,#6580,#6581));
#1139=EDGE_LOOP('',(#6582,#6583,#6584,#6585));
#1140=EDGE_LOOP('',(#6586,#6587,#6588,#6589));
#1141=EDGE_LOOP('',(#6590,#6591,#6592,#6593));
#1142=EDGE_LOOP('',(#6594,#6595,#6596,#6597));
#1143=EDGE_LOOP('',(#6598,#6599,#6600,#6601));
#1144=EDGE_LOOP('',(#6602,#6603,#6604,#6605));
#1145=EDGE_LOOP('',(#6606,#6607,#6608,#6609));
#1146=EDGE_LOOP('',(#6610,#6611,#6612,#6613));
#1147=EDGE_LOOP('',(#6614,#6615,#6616,#6617));
#1148=EDGE_LOOP('',(#6618,#6619,#6620,#6621,#6622,#6623,#6624,#6625,#6626,
#6627));
#1149=EDGE_LOOP('',(#6628,#6629,#6630,#6631));
#1150=EDGE_LOOP('',(#6632,#6633,#6634,#6635,#6636,#6637,#6638,#6639,#6640,
#6641,#6642,#6643));
#1151=EDGE_LOOP('',(#6644,#6645,#6646,#6647));
#1152=EDGE_LOOP('',(#6648,#6649,#6650,#6651,#6652,#6653,#6654,#6655,#6656,
#6657,#6658,#6659));
#1153=EDGE_LOOP('',(#6660,#6661,#6662,#6663));
#1154=EDGE_LOOP('',(#6664,#6665,#6666,#6667,#6668,#6669,#6670,#6671,#6672,
#6673,#6674,#6675));
#1155=EDGE_LOOP('',(#6676,#6677,#6678,#6679));
#1156=EDGE_LOOP('',(#6680,#6681,#6682,#6683));
#1157=EDGE_LOOP('',(#6684,#6685,#6686,#6687));
#1158=EDGE_LOOP('',(#6688,#6689,#6690,#6691));
#1159=EDGE_LOOP('',(#6692,#6693,#6694,#6695));
#1160=EDGE_LOOP('',(#6696,#6697,#6698,#6699));
#1161=EDGE_LOOP('',(#6700,#6701,#6702,#6703));
#1162=EDGE_LOOP('',(#6704,#6705,#6706,#6707));
#1163=EDGE_LOOP('',(#6708,#6709,#6710,#6711));
#1164=EDGE_LOOP('',(#6712,#6713,#6714,#6715));
#1165=EDGE_LOOP('',(#6716,#6717,#6718,#6719));
#1166=EDGE_LOOP('',(#6720,#6721,#6722,#6723));
#1167=EDGE_LOOP('',(#6724,#6725,#6726,#6727));
#1168=EDGE_LOOP('',(#6728,#6729,#6730,#6731));
#1169=EDGE_LOOP('',(#6732,#6733,#6734,#6735));
#1170=EDGE_LOOP('',(#6736,#6737,#6738,#6739));
#1171=EDGE_LOOP('',(#6740,#6741,#6742,#6743));
#1172=EDGE_LOOP('',(#6744,#6745,#6746,#6747));
#1173=EDGE_LOOP('',(#6748,#6749,#6750,#6751));
#1174=EDGE_LOOP('',(#6752,#6753,#6754,#6755));
#1175=EDGE_LOOP('',(#6756,#6757,#6758,#6759));
#1176=EDGE_LOOP('',(#6760,#6761,#6762,#6763));
#1177=EDGE_LOOP('',(#6764,#6765,#6766,#6767));
#1178=EDGE_LOOP('',(#6768,#6769,#6770,#6771));
#1179=EDGE_LOOP('',(#6772,#6773,#6774,#6775));
#1180=EDGE_LOOP('',(#6776,#6777,#6778,#6779));
#1181=EDGE_LOOP('',(#6780,#6781,#6782,#6783));
#1182=EDGE_LOOP('',(#6784,#6785,#6786,#6787));
#1183=EDGE_LOOP('',(#6788,#6789,#6790,#6791));
#1184=EDGE_LOOP('',(#6792,#6793,#6794,#6795));
#1185=EDGE_LOOP('',(#6796,#6797,#6798,#6799));
#1186=EDGE_LOOP('',(#6800,#6801,#6802,#6803));
#1187=EDGE_LOOP('',(#6804,#6805,#6806,#6807));
#1188=EDGE_LOOP('',(#6808,#6809,#6810,#6811));
#1189=EDGE_LOOP('',(#6812,#6813,#6814,#6815));
#1190=EDGE_LOOP('',(#6816,#6817,#6818,#6819));
#1191=EDGE_LOOP('',(#6820,#6821,#6822,#6823));
#1192=EDGE_LOOP('',(#6824,#6825,#6826,#6827));
#1193=EDGE_LOOP('',(#6828,#6829,#6830,#6831));
#1194=EDGE_LOOP('',(#6832,#6833,#6834,#6835));
#1195=EDGE_LOOP('',(#6836,#6837,#6838,#6839));
#1196=EDGE_LOOP('',(#6840,#6841,#6842,#6843));
#1197=EDGE_LOOP('',(#6844,#6845,#6846,#6847));
#1198=EDGE_LOOP('',(#6848,#6849,#6850,#6851));
#1199=EDGE_LOOP('',(#6852,#6853,#6854,#6855));
#1200=EDGE_LOOP('',(#6856,#6857,#6858,#6859));
#1201=EDGE_LOOP('',(#6860,#6861,#6862,#6863));
#1202=EDGE_LOOP('',(#6864,#6865,#6866,#6867));
#1203=EDGE_LOOP('',(#6868,#6869,#6870,#6871));
#1204=EDGE_LOOP('',(#6872,#6873,#6874,#6875));
#1205=EDGE_LOOP('',(#6876,#6877,#6878,#6879));
#1206=EDGE_LOOP('',(#6880,#6881,#6882,#6883));
#1207=EDGE_LOOP('',(#6884,#6885,#6886,#6887));
#1208=EDGE_LOOP('',(#6888,#6889,#6890,#6891));
#1209=EDGE_LOOP('',(#6892,#6893,#6894,#6895));
#1210=EDGE_LOOP('',(#6896,#6897,#6898,#6899));
#1211=EDGE_LOOP('',(#6900,#6901,#6902,#6903));
#1212=EDGE_LOOP('',(#6904,#6905,#6906,#6907));
#1213=EDGE_LOOP('',(#6908,#6909,#6910,#6911));
#1214=EDGE_LOOP('',(#6912,#6913,#6914,#6915));
#1215=EDGE_LOOP('',(#6916,#6917,#6918,#6919));
#1216=EDGE_LOOP('',(#6920,#6921,#6922,#6923));
#1217=EDGE_LOOP('',(#6924,#6925,#6926,#6927));
#1218=EDGE_LOOP('',(#6928,#6929,#6930,#6931));
#1219=EDGE_LOOP('',(#6932,#6933,#6934,#6935,#6936,#6937,#6938,#6939));
#1220=EDGE_LOOP('',(#6940,#6941,#6942,#6943));
#1221=EDGE_LOOP('',(#6944,#6945,#6946,#6947));
#1222=EDGE_LOOP('',(#6948,#6949,#6950,#6951,#6952,#6953,#6954,#6955));
#1223=EDGE_LOOP('',(#6956,#6957,#6958,#6959,#6960,#6961,#6962,#6963));
#1224=EDGE_LOOP('',(#6964,#6965,#6966,#6967,#6968,#6969,#6970,#6971,#6972,
#6973,#6974,#6975,#6976,#6977,#6978,#6979,#6980,#6981,#6982,#6983,#6984));
#1225=EDGE_LOOP('',(#6985,#6986,#6987,#6988));
#1226=EDGE_LOOP('',(#6989,#6990,#6991,#6992));
#1227=EDGE_LOOP('',(#6993,#6994,#6995,#6996));
#1228=EDGE_LOOP('',(#6997,#6998,#6999,#7000));
#1229=EDGE_LOOP('',(#7001,#7002,#7003,#7004));
#1230=EDGE_LOOP('',(#7005,#7006,#7007,#7008));
#1231=EDGE_LOOP('',(#7009,#7010,#7011,#7012,#7013,#7014,#7015,#7016,#7017,
#7018,#7019,#7020,#7021,#7022,#7023,#7024,#7025,#7026,#7027,#7028));
#1232=EDGE_LOOP('',(#7029,#7030,#7031,#7032));
#1233=EDGE_LOOP('',(#7033,#7034,#7035,#7036));
#1234=EDGE_LOOP('',(#7037,#7038,#7039,#7040));
#1235=EDGE_LOOP('',(#7041,#7042,#7043,#7044));
#1236=EDGE_LOOP('',(#7045,#7046,#7047,#7048));
#1237=EDGE_LOOP('',(#7049,#7050,#7051,#7052));
#1238=EDGE_LOOP('',(#7053,#7054,#7055,#7056));
#1239=EDGE_LOOP('',(#7057,#7058,#7059,#7060));
#1240=LINE('',#10165,#2046);
#1241=LINE('',#10168,#2047);
#1242=LINE('',#10171,#2048);
#1243=LINE('',#10173,#2049);
#1244=LINE('',#10174,#2050);
#1245=LINE('',#10177,#2051);
#1246=LINE('',#10179,#2052);
#1247=LINE('',#10183,#2053);
#1248=LINE('',#10185,#2054);
#1249=LINE('',#10187,#2055);
#1250=LINE('',#10189,#2056);
#1251=LINE('',#10191,#2057);
#1252=LINE('',#10195,#2058);
#1253=LINE('',#10202,#2059);
#1254=LINE('',#10205,#2060);
#1255=LINE('',#10208,#2061);
#1256=LINE('',#10210,#2062);
#1257=LINE('',#10211,#2063);
#1258=LINE('',#10214,#2064);
#1259=LINE('',#10216,#2065);
#1260=LINE('',#10220,#2066);
#1261=LINE('',#10222,#2067);
#1262=LINE('',#10224,#2068);
#1263=LINE('',#10226,#2069);
#1264=LINE('',#10228,#2070);
#1265=LINE('',#10232,#2071);
#1266=LINE('',#10236,#2072);
#1267=LINE('',#10238,#2073);
#1268=LINE('',#10239,#2074);
#1269=LINE('',#10242,#2075);
#1270=LINE('',#10246,#2076);
#1271=LINE('',#10249,#2077);
#1272=LINE('',#10253,#2078);
#1273=LINE('',#10256,#2079);
#1274=LINE('',#10259,#2080);
#1275=LINE('',#10260,#2081);
#1276=LINE('',#10264,#2082);
#1277=LINE('',#10267,#2083);
#1278=LINE('',#10271,#2084);
#1279=LINE('',#10273,#2085);
#1280=LINE('',#10275,#2086);
#1281=LINE('',#10276,#2087);
#1282=LINE('',#10278,#2088);
#1283=LINE('',#10279,#2089);
#1284=LINE('',#10281,#2090);
#1285=LINE('',#10285,#2091);
#1286=LINE('',#10288,#2092);
#1287=LINE('',#10292,#2093);
#1288=LINE('',#10294,#2094);
#1289=LINE('',#10296,#2095);
#1290=LINE('',#10297,#2096);
#1291=LINE('',#10299,#2097);
#1292=LINE('',#10300,#2098);
#1293=LINE('',#10302,#2099);
#1294=LINE('',#10304,#2100);
#1295=LINE('',#10306,#2101);
#1296=LINE('',#10308,#2102);
#1297=LINE('',#10310,#2103);
#1298=LINE('',#10313,#2104);
#1299=LINE('',#10315,#2105);
#1300=LINE('',#10317,#2106);
#1301=LINE('',#10319,#2107);
#1302=LINE('',#10322,#2108);
#1303=LINE('',#10324,#2109);
#1304=LINE('',#10327,#2110);
#1305=LINE('',#10330,#2111);
#1306=LINE('',#10333,#2112);
#1307=LINE('',#10336,#2113);
#1308=LINE('',#10338,#2114);
#1309=LINE('',#10340,#2115);
#1310=LINE('',#10347,#2116);
#1311=LINE('',#10350,#2117);
#1312=LINE('',#10353,#2118);
#1313=LINE('',#10355,#2119);
#1314=LINE('',#10356,#2120);
#1315=LINE('',#10359,#2121);
#1316=LINE('',#10361,#2122);
#1317=LINE('',#10365,#2123);
#1318=LINE('',#10367,#2124);
#1319=LINE('',#10369,#2125);
#1320=LINE('',#10371,#2126);
#1321=LINE('',#10373,#2127);
#1322=LINE('',#10377,#2128);
#1323=LINE('',#10384,#2129);
#1324=LINE('',#10387,#2130);
#1325=LINE('',#10390,#2131);
#1326=LINE('',#10392,#2132);
#1327=LINE('',#10393,#2133);
#1328=LINE('',#10396,#2134);
#1329=LINE('',#10398,#2135);
#1330=LINE('',#10402,#2136);
#1331=LINE('',#10404,#2137);
#1332=LINE('',#10406,#2138);
#1333=LINE('',#10408,#2139);
#1334=LINE('',#10410,#2140);
#1335=LINE('',#10414,#2141);
#1336=LINE('',#10418,#2142);
#1337=LINE('',#10420,#2143);
#1338=LINE('',#10421,#2144);
#1339=LINE('',#10424,#2145);
#1340=LINE('',#10428,#2146);
#1341=LINE('',#10431,#2147);
#1342=LINE('',#10435,#2148);
#1343=LINE('',#10438,#2149);
#1344=LINE('',#10441,#2150);
#1345=LINE('',#10442,#2151);
#1346=LINE('',#10446,#2152);
#1347=LINE('',#10449,#2153);
#1348=LINE('',#10453,#2154);
#1349=LINE('',#10455,#2155);
#1350=LINE('',#10457,#2156);
#1351=LINE('',#10458,#2157);
#1352=LINE('',#10460,#2158);
#1353=LINE('',#10461,#2159);
#1354=LINE('',#10463,#2160);
#1355=LINE('',#10467,#2161);
#1356=LINE('',#10470,#2162);
#1357=LINE('',#10474,#2163);
#1358=LINE('',#10476,#2164);
#1359=LINE('',#10478,#2165);
#1360=LINE('',#10479,#2166);
#1361=LINE('',#10481,#2167);
#1362=LINE('',#10482,#2168);
#1363=LINE('',#10484,#2169);
#1364=LINE('',#10486,#2170);
#1365=LINE('',#10488,#2171);
#1366=LINE('',#10490,#2172);
#1367=LINE('',#10492,#2173);
#1368=LINE('',#10495,#2174);
#1369=LINE('',#10497,#2175);
#1370=LINE('',#10499,#2176);
#1371=LINE('',#10501,#2177);
#1372=LINE('',#10504,#2178);
#1373=LINE('',#10506,#2179);
#1374=LINE('',#10509,#2180);
#1375=LINE('',#10512,#2181);
#1376=LINE('',#10515,#2182);
#1377=LINE('',#10518,#2183);
#1378=LINE('',#10520,#2184);
#1379=LINE('',#10522,#2185);
#1380=LINE('',#10529,#2186);
#1381=LINE('',#10532,#2187);
#1382=LINE('',#10535,#2188);
#1383=LINE('',#10537,#2189);
#1384=LINE('',#10538,#2190);
#1385=LINE('',#10541,#2191);
#1386=LINE('',#10543,#2192);
#1387=LINE('',#10547,#2193);
#1388=LINE('',#10549,#2194);
#1389=LINE('',#10551,#2195);
#1390=LINE('',#10553,#2196);
#1391=LINE('',#10555,#2197);
#1392=LINE('',#10559,#2198);
#1393=LINE('',#10566,#2199);
#1394=LINE('',#10569,#2200);
#1395=LINE('',#10572,#2201);
#1396=LINE('',#10574,#2202);
#1397=LINE('',#10575,#2203);
#1398=LINE('',#10578,#2204);
#1399=LINE('',#10580,#2205);
#1400=LINE('',#10584,#2206);
#1401=LINE('',#10586,#2207);
#1402=LINE('',#10588,#2208);
#1403=LINE('',#10590,#2209);
#1404=LINE('',#10592,#2210);
#1405=LINE('',#10596,#2211);
#1406=LINE('',#10600,#2212);
#1407=LINE('',#10602,#2213);
#1408=LINE('',#10603,#2214);
#1409=LINE('',#10606,#2215);
#1410=LINE('',#10610,#2216);
#1411=LINE('',#10613,#2217);
#1412=LINE('',#10617,#2218);
#1413=LINE('',#10620,#2219);
#1414=LINE('',#10623,#2220);
#1415=LINE('',#10624,#2221);
#1416=LINE('',#10628,#2222);
#1417=LINE('',#10631,#2223);
#1418=LINE('',#10635,#2224);
#1419=LINE('',#10637,#2225);
#1420=LINE('',#10639,#2226);
#1421=LINE('',#10640,#2227);
#1422=LINE('',#10642,#2228);
#1423=LINE('',#10643,#2229);
#1424=LINE('',#10645,#2230);
#1425=LINE('',#10649,#2231);
#1426=LINE('',#10652,#2232);
#1427=LINE('',#10656,#2233);
#1428=LINE('',#10658,#2234);
#1429=LINE('',#10660,#2235);
#1430=LINE('',#10661,#2236);
#1431=LINE('',#10663,#2237);
#1432=LINE('',#10664,#2238);
#1433=LINE('',#10666,#2239);
#1434=LINE('',#10668,#2240);
#1435=LINE('',#10670,#2241);
#1436=LINE('',#10672,#2242);
#1437=LINE('',#10674,#2243);
#1438=LINE('',#10677,#2244);
#1439=LINE('',#10679,#2245);
#1440=LINE('',#10681,#2246);
#1441=LINE('',#10683,#2247);
#1442=LINE('',#10686,#2248);
#1443=LINE('',#10688,#2249);
#1444=LINE('',#10691,#2250);
#1445=LINE('',#10694,#2251);
#1446=LINE('',#10697,#2252);
#1447=LINE('',#10698,#2253);
#1448=LINE('',#10701,#2254);
#1449=LINE('',#10704,#2255);
#1450=LINE('',#10711,#2256);
#1451=LINE('',#10714,#2257);
#1452=LINE('',#10717,#2258);
#1453=LINE('',#10719,#2259);
#1454=LINE('',#10720,#2260);
#1455=LINE('',#10723,#2261);
#1456=LINE('',#10725,#2262);
#1457=LINE('',#10729,#2263);
#1458=LINE('',#10731,#2264);
#1459=LINE('',#10733,#2265);
#1460=LINE('',#10735,#2266);
#1461=LINE('',#10737,#2267);
#1462=LINE('',#10741,#2268);
#1463=LINE('',#10748,#2269);
#1464=LINE('',#10751,#2270);
#1465=LINE('',#10754,#2271);
#1466=LINE('',#10756,#2272);
#1467=LINE('',#10757,#2273);
#1468=LINE('',#10760,#2274);
#1469=LINE('',#10762,#2275);
#1470=LINE('',#10766,#2276);
#1471=LINE('',#10768,#2277);
#1472=LINE('',#10770,#2278);
#1473=LINE('',#10772,#2279);
#1474=LINE('',#10774,#2280);
#1475=LINE('',#10778,#2281);
#1476=LINE('',#10782,#2282);
#1477=LINE('',#10786,#2283);
#1478=LINE('',#10790,#2284);
#1479=LINE('',#10793,#2285);
#1480=LINE('',#10796,#2286);
#1481=LINE('',#10797,#2287);
#1482=LINE('',#10800,#2288);
#1483=LINE('',#10805,#2289);
#1484=LINE('',#10808,#2290);
#1485=LINE('',#10811,#2291);
#1486=LINE('',#10812,#2292);
#1487=LINE('',#10816,#2293);
#1488=LINE('',#10819,#2294);
#1489=LINE('',#10823,#2295);
#1490=LINE('',#10825,#2296);
#1491=LINE('',#10827,#2297);
#1492=LINE('',#10828,#2298);
#1493=LINE('',#10830,#2299);
#1494=LINE('',#10831,#2300);
#1495=LINE('',#10833,#2301);
#1496=LINE('',#10837,#2302);
#1497=LINE('',#10840,#2303);
#1498=LINE('',#10844,#2304);
#1499=LINE('',#10846,#2305);
#1500=LINE('',#10848,#2306);
#1501=LINE('',#10849,#2307);
#1502=LINE('',#10851,#2308);
#1503=LINE('',#10852,#2309);
#1504=LINE('',#10854,#2310);
#1505=LINE('',#10856,#2311);
#1506=LINE('',#10858,#2312);
#1507=LINE('',#10860,#2313);
#1508=LINE('',#10862,#2314);
#1509=LINE('',#10865,#2315);
#1510=LINE('',#10867,#2316);
#1511=LINE('',#10869,#2317);
#1512=LINE('',#10871,#2318);
#1513=LINE('',#10874,#2319);
#1514=LINE('',#10876,#2320);
#1515=LINE('',#10879,#2321);
#1516=LINE('',#10882,#2322);
#1517=LINE('',#10885,#2323);
#1518=LINE('',#10888,#2324);
#1519=LINE('',#10890,#2325);
#1520=LINE('',#10892,#2326);
#1521=LINE('',#10899,#2327);
#1522=LINE('',#10902,#2328);
#1523=LINE('',#10905,#2329);
#1524=LINE('',#10907,#2330);
#1525=LINE('',#10908,#2331);
#1526=LINE('',#10911,#2332);
#1527=LINE('',#10913,#2333);
#1528=LINE('',#10917,#2334);
#1529=LINE('',#10919,#2335);
#1530=LINE('',#10921,#2336);
#1531=LINE('',#10923,#2337);
#1532=LINE('',#10925,#2338);
#1533=LINE('',#10929,#2339);
#1534=LINE('',#10936,#2340);
#1535=LINE('',#10939,#2341);
#1536=LINE('',#10942,#2342);
#1537=LINE('',#10944,#2343);
#1538=LINE('',#10945,#2344);
#1539=LINE('',#10948,#2345);
#1540=LINE('',#10950,#2346);
#1541=LINE('',#10954,#2347);
#1542=LINE('',#10956,#2348);
#1543=LINE('',#10958,#2349);
#1544=LINE('',#10960,#2350);
#1545=LINE('',#10962,#2351);
#1546=LINE('',#10966,#2352);
#1547=LINE('',#10970,#2353);
#1548=LINE('',#10972,#2354);
#1549=LINE('',#10973,#2355);
#1550=LINE('',#10976,#2356);
#1551=LINE('',#10980,#2357);
#1552=LINE('',#10983,#2358);
#1553=LINE('',#10987,#2359);
#1554=LINE('',#10990,#2360);
#1555=LINE('',#10993,#2361);
#1556=LINE('',#10994,#2362);
#1557=LINE('',#10998,#2363);
#1558=LINE('',#11002,#2364);
#1559=LINE('',#11005,#2365);
#1560=LINE('',#11009,#2366);
#1561=LINE('',#11011,#2367);
#1562=LINE('',#11013,#2368);
#1563=LINE('',#11014,#2369);
#1564=LINE('',#11016,#2370);
#1565=LINE('',#11017,#2371);
#1566=LINE('',#11019,#2372);
#1567=LINE('',#11021,#2373);
#1568=LINE('',#11023,#2374);
#1569=LINE('',#11025,#2375);
#1570=LINE('',#11027,#2376);
#1571=LINE('',#11031,#2377);
#1572=LINE('',#11034,#2378);
#1573=LINE('',#11037,#2379);
#1574=LINE('',#11038,#2380);
#1575=LINE('',#11041,#2381);
#1576=LINE('',#11042,#2382);
#1577=LINE('',#11045,#2383);
#1578=LINE('',#11046,#2384);
#1579=LINE('',#11048,#2385);
#1580=LINE('',#11050,#2386);
#1581=LINE('',#11053,#2387);
#1582=LINE('',#11054,#2388);
#1583=LINE('',#11056,#2389);
#1584=LINE('',#11058,#2390);
#1585=LINE('',#11061,#2391);
#1586=LINE('',#11064,#2392);
#1587=LINE('',#11065,#2393);
#1588=LINE('',#11068,#2394);
#1589=LINE('',#11070,#2395);
#1590=LINE('',#11072,#2396);
#1591=LINE('',#11081,#2397);
#1592=LINE('',#11084,#2398);
#1593=LINE('',#11087,#2399);
#1594=LINE('',#11089,#2400);
#1595=LINE('',#11090,#2401);
#1596=LINE('',#11093,#2402);
#1597=LINE('',#11095,#2403);
#1598=LINE('',#11099,#2404);
#1599=LINE('',#11101,#2405);
#1600=LINE('',#11103,#2406);
#1601=LINE('',#11105,#2407);
#1602=LINE('',#11107,#2408);
#1603=LINE('',#11111,#2409);
#1604=LINE('',#11118,#2410);
#1605=LINE('',#11121,#2411);
#1606=LINE('',#11124,#2412);
#1607=LINE('',#11126,#2413);
#1608=LINE('',#11127,#2414);
#1609=LINE('',#11130,#2415);
#1610=LINE('',#11132,#2416);
#1611=LINE('',#11136,#2417);
#1612=LINE('',#11138,#2418);
#1613=LINE('',#11140,#2419);
#1614=LINE('',#11142,#2420);
#1615=LINE('',#11144,#2421);
#1616=LINE('',#11148,#2422);
#1617=LINE('',#11152,#2423);
#1618=LINE('',#11154,#2424);
#1619=LINE('',#11155,#2425);
#1620=LINE('',#11158,#2426);
#1621=LINE('',#11162,#2427);
#1622=LINE('',#11165,#2428);
#1623=LINE('',#11169,#2429);
#1624=LINE('',#11172,#2430);
#1625=LINE('',#11175,#2431);
#1626=LINE('',#11176,#2432);
#1627=LINE('',#11180,#2433);
#1628=LINE('',#11184,#2434);
#1629=LINE('',#11187,#2435);
#1630=LINE('',#11191,#2436);
#1631=LINE('',#11193,#2437);
#1632=LINE('',#11195,#2438);
#1633=LINE('',#11196,#2439);
#1634=LINE('',#11198,#2440);
#1635=LINE('',#11199,#2441);
#1636=LINE('',#11201,#2442);
#1637=LINE('',#11203,#2443);
#1638=LINE('',#11205,#2444);
#1639=LINE('',#11207,#2445);
#1640=LINE('',#11209,#2446);
#1641=LINE('',#11213,#2447);
#1642=LINE('',#11216,#2448);
#1643=LINE('',#11219,#2449);
#1644=LINE('',#11220,#2450);
#1645=LINE('',#11223,#2451);
#1646=LINE('',#11224,#2452);
#1647=LINE('',#11227,#2453);
#1648=LINE('',#11228,#2454);
#1649=LINE('',#11230,#2455);
#1650=LINE('',#11232,#2456);
#1651=LINE('',#11235,#2457);
#1652=LINE('',#11236,#2458);
#1653=LINE('',#11238,#2459);
#1654=LINE('',#11240,#2460);
#1655=LINE('',#11243,#2461);
#1656=LINE('',#11246,#2462);
#1657=LINE('',#11247,#2463);
#1658=LINE('',#11250,#2464);
#1659=LINE('',#11252,#2465);
#1660=LINE('',#11254,#2466);
#1661=LINE('',#13138,#2467);
#1662=LINE('',#13142,#2468);
#1663=LINE('',#13146,#2469);
#1664=LINE('',#13149,#2470);
#1665=LINE('',#13190,#2471);
#1666=LINE('',#13191,#2472);
#1667=LINE('',#13232,#2473);
#1668=LINE('',#13233,#2474);
#1669=LINE('',#13236,#2475);
#1670=LINE('',#13238,#2476);
#1671=LINE('',#13243,#2477);
#1672=LINE('',#13247,#2478);
#1673=LINE('',#13287,#2479);
#1674=LINE('',#13288,#2480);
#1675=LINE('',#13329,#2481);
#1676=LINE('',#13330,#2482);
#1677=LINE('',#13370,#2483);
#1678=LINE('',#13372,#2484);
#1679=LINE('',#13412,#2485);
#1680=LINE('',#13413,#2486);
#1681=LINE('',#13415,#2487);
#1682=LINE('',#13416,#2488);
#1683=LINE('',#13419,#2489);
#1684=LINE('',#13421,#2490);
#1685=LINE('',#13424,#2491);
#1686=LINE('',#13425,#2492);
#1687=LINE('',#13428,#2493);
#1688=LINE('',#13429,#2494);
#1689=LINE('',#13431,#2495);
#1690=LINE('',#13433,#2496);
#1691=LINE('',#13436,#2497);
#1692=LINE('',#13437,#2498);
#1693=LINE('',#13439,#2499);
#1694=LINE('',#13441,#2500);
#1695=LINE('',#13444,#2501);
#1696=LINE('',#13445,#2502);
#1697=LINE('',#13447,#2503);
#1698=LINE('',#13564,#2504);
#1699=LINE('',#13565,#2505);
#1700=LINE('',#13604,#2506);
#1701=LINE('',#13605,#2507);
#1702=LINE('',#13607,#2508);
#1703=LINE('',#13608,#2509);
#1704=LINE('',#13610,#2510);
#1705=LINE('',#13611,#2511);
#1706=LINE('',#13613,#2512);
#1707=LINE('',#13615,#2513);
#1708=LINE('',#13618,#2514);
#1709=LINE('',#13620,#2515);
#1710=LINE('',#13622,#2516);
#1711=LINE('',#13625,#2517);
#1712=LINE('',#13626,#2518);
#1713=LINE('',#13628,#2519);
#1714=LINE('',#13630,#2520);
#1715=LINE('',#13631,#2521);
#1716=LINE('',#13636,#2522);
#1717=LINE('',#13638,#2523);
#1718=LINE('',#13640,#2524);
#1719=LINE('',#13641,#2525);
#1720=LINE('',#13644,#2526);
#1721=LINE('',#13646,#2527);
#1722=LINE('',#13647,#2528);
#1723=LINE('',#13651,#2529);
#1724=LINE('',#13653,#2530);
#1725=LINE('',#13655,#2531);
#1726=LINE('',#13656,#2532);
#1727=LINE('',#13660,#2533);
#1728=LINE('',#13661,#2534);
#1729=LINE('',#13662,#2535);
#1730=LINE('',#13666,#2536);
#1731=LINE('',#13668,#2537);
#1732=LINE('',#13670,#2538);
#1733=LINE('',#13671,#2539);
#1734=LINE('',#13675,#2540);
#1735=LINE('',#13676,#2541);
#1736=LINE('',#13677,#2542);
#1737=LINE('',#13681,#2543);
#1738=LINE('',#13683,#2544);
#1739=LINE('',#13685,#2545);
#1740=LINE('',#13686,#2546);
#1741=LINE('',#13689,#2547);
#1742=LINE('',#13691,#2548);
#1743=LINE('',#13692,#2549);
#1744=LINE('',#13696,#2550);
#1745=LINE('',#13698,#2551);
#1746=LINE('',#13700,#2552);
#1747=LINE('',#13701,#2553);
#1748=LINE('',#13704,#2554);
#1749=LINE('',#13706,#2555);
#1750=LINE('',#13707,#2556);
#1751=LINE('',#13711,#2557);
#1752=LINE('',#13713,#2558);
#1753=LINE('',#13715,#2559);
#1754=LINE('',#13716,#2560);
#1755=LINE('',#13720,#2561);
#1756=LINE('',#13721,#2562);
#1757=LINE('',#13722,#2563);
#1758=LINE('',#13725,#2564);
#1759=LINE('',#13727,#2565);
#1760=LINE('',#13728,#2566);
#1761=LINE('',#13731,#2567);
#1762=LINE('',#13733,#2568);
#1763=LINE('',#13734,#2569);
#1764=LINE('',#13737,#2570);
#1765=LINE('',#13739,#2571);
#1766=LINE('',#13740,#2572);
#1767=LINE('',#13743,#2573);
#1768=LINE('',#13745,#2574);
#1769=LINE('',#13746,#2575);
#1770=LINE('',#13749,#2576);
#1771=LINE('',#13751,#2577);
#1772=LINE('',#13752,#2578);
#1773=LINE('',#13755,#2579);
#1774=LINE('',#13757,#2580);
#1775=LINE('',#13759,#2581);
#1776=LINE('',#13761,#2582);
#1777=LINE('',#13762,#2583);
#1778=LINE('',#13764,#2584);
#1779=LINE('',#13765,#2585);
#1780=LINE('',#13768,#2586);
#1781=LINE('',#13769,#2587);
#1782=LINE('',#13771,#2588);
#1783=LINE('',#13773,#2589);
#1784=LINE('',#13775,#2590);
#1785=LINE('',#13777,#2591);
#1786=LINE('',#13779,#2592);
#1787=LINE('',#13780,#2593);
#1788=LINE('',#13783,#2594);
#1789=LINE('',#13785,#2595);
#1790=LINE('',#13787,#2596);
#1791=LINE('',#13789,#2597);
#1792=LINE('',#13790,#2598);
#1793=LINE('',#13791,#2599);
#1794=LINE('',#13793,#2600);
#1795=LINE('',#13795,#2601);
#1796=LINE('',#13797,#2602);
#1797=LINE('',#13799,#2603);
#1798=LINE('',#13801,#2604);
#1799=LINE('',#13802,#2605);
#1800=LINE('',#13805,#2606);
#1801=LINE('',#13807,#2607);
#1802=LINE('',#13809,#2608);
#1803=LINE('',#13811,#2609);
#1804=LINE('',#13813,#2610);
#1805=LINE('',#13815,#2611);
#1806=LINE('',#13817,#2612);
#1807=LINE('',#13819,#2613);
#1808=LINE('',#13820,#2614);
#1809=LINE('',#13824,#2615);
#1810=LINE('',#13826,#2616);
#1811=LINE('',#13828,#2617);
#1812=LINE('',#13829,#2618);
#1813=LINE('',#13832,#2619);
#1814=LINE('',#13834,#2620);
#1815=LINE('',#13836,#2621);
#1816=LINE('',#13838,#2622);
#1817=LINE('',#13840,#2623);
#1818=LINE('',#13842,#2624);
#1819=LINE('',#13844,#2625);
#1820=LINE('',#13846,#2626);
#1821=LINE('',#13847,#2627);
#1822=LINE('',#13851,#2628);
#1823=LINE('',#13853,#2629);
#1824=LINE('',#13855,#2630);
#1825=LINE('',#13856,#2631);
#1826=LINE('',#13859,#2632);
#1827=LINE('',#13861,#2633);
#1828=LINE('',#13862,#2634);
#1829=LINE('',#13868,#2635);
#1830=LINE('',#13870,#2636);
#1831=LINE('',#13872,#2637);
#1832=LINE('',#13874,#2638);
#1833=LINE('',#13876,#2639);
#1834=LINE('',#13880,#2640);
#1835=LINE('',#13884,#2641);
#1836=LINE('',#13887,#2642);
#1837=LINE('',#13889,#2643);
#1838=LINE('',#13891,#2644);
#1839=LINE('',#13893,#2645);
#1840=LINE('',#13895,#2646);
#1841=LINE('',#13897,#2647);
#1842=LINE('',#13899,#2648);
#1843=LINE('',#13901,#2649);
#1844=LINE('',#13903,#2650);
#1845=LINE('',#13905,#2651);
#1846=LINE('',#13907,#2652);
#1847=LINE('',#13908,#2653);
#1848=LINE('',#13910,#2654);
#1849=LINE('',#13912,#2655);
#1850=LINE('',#13913,#2656);
#1851=LINE('',#13915,#2657);
#1852=LINE('',#13917,#2658);
#1853=LINE('',#13918,#2659);
#1854=LINE('',#13920,#2660);
#1855=LINE('',#13922,#2661);
#1856=LINE('',#13923,#2662);
#1857=LINE('',#13925,#2663);
#1858=LINE('',#13927,#2664);
#1859=LINE('',#13928,#2665);
#1860=LINE('',#13930,#2666);
#1861=LINE('',#13932,#2667);
#1862=LINE('',#13934,#2668);
#1863=LINE('',#13936,#2669);
#1864=LINE('',#13938,#2670);
#1865=LINE('',#13939,#2671);
#1866=LINE('',#13941,#2672);
#1867=LINE('',#13943,#2673);
#1868=LINE('',#13944,#2674);
#1869=LINE('',#13946,#2675);
#1870=LINE('',#13948,#2676);
#1871=LINE('',#13950,#2677);
#1872=LINE('',#13952,#2678);
#1873=LINE('',#13954,#2679);
#1874=LINE('',#13956,#2680);
#1875=LINE('',#13958,#2681);
#1876=LINE('',#13960,#2682);
#1877=LINE('',#13962,#2683);
#1878=LINE('',#13964,#2684);
#1879=LINE('',#13965,#2685);
#1880=LINE('',#13967,#2686);
#1881=LINE('',#13969,#2687);
#1882=LINE('',#13970,#2688);
#1883=LINE('',#13972,#2689);
#1884=LINE('',#13974,#2690);
#1885=LINE('',#13976,#2691);
#1886=LINE('',#13978,#2692);
#1887=LINE('',#13980,#2693);
#1888=LINE('',#13981,#2694);
#1889=LINE('',#13984,#2695);
#1890=LINE('',#13986,#2696);
#1891=LINE('',#13987,#2697);
#1892=LINE('',#13989,#2698);
#1893=LINE('',#13991,#2699);
#1894=LINE('',#13993,#2700);
#1895=LINE('',#13994,#2701);
#1896=LINE('',#13997,#2702);
#1897=LINE('',#13999,#2703);
#1898=LINE('',#14000,#2704);
#1899=LINE('',#14003,#2705);
#1900=LINE('',#14005,#2706);
#1901=LINE('',#14006,#2707);
#1902=LINE('',#14008,#2708);
#1903=LINE('',#14010,#2709);
#1904=LINE('',#14012,#2710);
#1905=LINE('',#14013,#2711);
#1906=LINE('',#14016,#2712);
#1907=LINE('',#14018,#2713);
#1908=LINE('',#14019,#2714);
#1909=LINE('',#14021,#2715);
#1910=LINE('',#14024,#2716);
#1911=LINE('',#14026,#2717);
#1912=LINE('',#14027,#2718);
#1913=LINE('',#14029,#2719);
#1914=LINE('',#14032,#2720);
#1915=LINE('',#14034,#2721);
#1916=LINE('',#14035,#2722);
#1917=LINE('',#14037,#2723);
#1918=LINE('',#14040,#2724);
#1919=LINE('',#14042,#2725);
#1920=LINE('',#14043,#2726);
#1921=LINE('',#14045,#2727);
#1922=LINE('',#14048,#2728);
#1923=LINE('',#14049,#2729);
#1924=LINE('',#14051,#2730);
#1925=LINE('',#14053,#2731);
#1926=LINE('',#14055,#2732);
#1927=LINE('',#14056,#2733);
#1928=LINE('',#14059,#2734);
#1929=LINE('',#14060,#2735);
#1930=LINE('',#14062,#2736);
#1931=LINE('',#14064,#2737);
#1932=LINE('',#14066,#2738);
#1933=LINE('',#14067,#2739);
#1934=LINE('',#14070,#2740);
#1935=LINE('',#14071,#2741);
#1936=LINE('',#14073,#2742);
#1937=LINE('',#14075,#2743);
#1938=LINE('',#14077,#2744);
#1939=LINE('',#14078,#2745);
#1940=LINE('',#14081,#2746);
#1941=LINE('',#14082,#2747);
#1942=LINE('',#14084,#2748);
#1943=LINE('',#14086,#2749);
#1944=LINE('',#14088,#2750);
#1945=LINE('',#14089,#2751);
#1946=LINE('',#14092,#2752);
#1947=LINE('',#14093,#2753);
#1948=LINE('',#14096,#2754);
#1949=LINE('',#14097,#2755);
#1950=LINE('',#14099,#2756);
#1951=LINE('',#14103,#2757);
#1952=LINE('',#14104,#2758);
#1953=LINE('',#14107,#2759);
#1954=LINE('',#14108,#2760);
#1955=LINE('',#14110,#2761);
#1956=LINE('',#14114,#2762);
#1957=LINE('',#14115,#2763);
#1958=LINE('',#14118,#2764);
#1959=LINE('',#14119,#2765);
#1960=LINE('',#14121,#2766);
#1961=LINE('',#14125,#2767);
#1962=LINE('',#14126,#2768);
#1963=LINE('',#14129,#2769);
#1964=LINE('',#14130,#2770);
#1965=LINE('',#14132,#2771);
#1966=LINE('',#14136,#2772);
#1967=LINE('',#14137,#2773);
#1968=LINE('',#14140,#2774);
#1969=LINE('',#14141,#2775);
#1970=LINE('',#14143,#2776);
#1971=LINE('',#14147,#2777);
#1972=LINE('',#14148,#2778);
#1973=LINE('',#14151,#2779);
#1974=LINE('',#14152,#2780);
#1975=LINE('',#14154,#2781);
#1976=LINE('',#14158,#2782);
#1977=LINE('',#14159,#2783);
#1978=LINE('',#14162,#2784);
#1979=LINE('',#14163,#2785);
#1980=LINE('',#14165,#2786);
#1981=LINE('',#14169,#2787);
#1982=LINE('',#14170,#2788);
#1983=LINE('',#14173,#2789);
#1984=LINE('',#14174,#2790);
#1985=LINE('',#14176,#2791);
#1986=LINE('',#14180,#2792);
#1987=LINE('',#14181,#2793);
#1988=LINE('',#14184,#2794);
#1989=LINE('',#14185,#2795);
#1990=LINE('',#14187,#2796);
#1991=LINE('',#14191,#2797);
#1992=LINE('',#14192,#2798);
#1993=LINE('',#14195,#2799);
#1994=LINE('',#14196,#2800);
#1995=LINE('',#14198,#2801);
#1996=LINE('',#14202,#2802);
#1997=LINE('',#14203,#2803);
#1998=LINE('',#14206,#2804);
#1999=LINE('',#14207,#2805);
#2000=LINE('',#14209,#2806);
#2001=LINE('',#14213,#2807);
#2002=LINE('',#14214,#2808);
#2003=LINE('',#14217,#2809);
#2004=LINE('',#14218,#2810);
#2005=LINE('',#14220,#2811);
#2006=LINE('',#14224,#2812);
#2007=LINE('',#14227,#2813);
#2008=LINE('',#14230,#2814);
#2009=LINE('',#14231,#2815);
#2010=LINE('',#14234,#2816);
#2011=LINE('',#14238,#2817);
#2012=LINE('',#14239,#2818);
#2013=LINE('',#14242,#2819);
#2014=LINE('',#14245,#2820);
#2015=LINE('',#14248,#2821);
#2016=LINE('',#14249,#2822);
#2017=LINE('',#14252,#2823);
#2018=LINE('',#14259,#2824);
#2019=LINE('',#14262,#2825);
#2020=LINE('',#14273,#2826);
#2021=LINE('',#14274,#2827);
#2022=LINE('',#14285,#2828);
#2023=LINE('',#14286,#2829);
#2024=LINE('',#14297,#2830);
#2025=LINE('',#14298,#2831);
#2026=LINE('',#14304,#2832);
#2027=LINE('',#14307,#2833);
#2028=LINE('',#14310,#2834);
#2029=LINE('',#14312,#2835);
#2030=LINE('',#14313,#2836);
#2031=LINE('',#14315,#2837);
#2032=LINE('',#14316,#2838);
#2033=LINE('',#14319,#2839);
#2034=LINE('',#14323,#2840);
#2035=LINE('',#14324,#2841);
#2036=LINE('',#14330,#2842);
#2037=LINE('',#14333,#2843);
#2038=LINE('',#14335,#2844);
#2039=LINE('',#14336,#2845);
#2040=LINE('',#14337,#2846);
#2041=LINE('',#14338,#2847);
#2042=LINE('',#14340,#2848);
#2043=LINE('',#14341,#2849);
#2044=LINE('',#14344,#2850);
#2045=LINE('',#14347,#2851);
#2046=VECTOR('',#8166,10.);
#2047=VECTOR('',#8169,10.);
#2048=VECTOR('',#8172,10.);
#2049=VECTOR('',#8173,10.);
#2050=VECTOR('',#8174,10.);
#2051=VECTOR('',#8177,10.);
#2052=VECTOR('',#8178,10.);
#2053=VECTOR('',#8181,10.);
#2054=VECTOR('',#8182,10.);
#2055=VECTOR('',#8183,10.);
#2056=VECTOR('',#8184,10.);
#2057=VECTOR('',#8185,10.);
#2058=VECTOR('',#8188,10.);
#2059=VECTOR('',#8195,10.);
#2060=VECTOR('',#8198,10.);
#2061=VECTOR('',#8201,10.);
#2062=VECTOR('',#8202,10.);
#2063=VECTOR('',#8203,10.);
#2064=VECTOR('',#8206,10.);
#2065=VECTOR('',#8207,10.);
#2066=VECTOR('',#8210,10.);
#2067=VECTOR('',#8211,10.);
#2068=VECTOR('',#8212,10.);
#2069=VECTOR('',#8213,10.);
#2070=VECTOR('',#8214,10.);
#2071=VECTOR('',#8217,10.);
#2072=VECTOR('',#8222,10.);
#2073=VECTOR('',#8223,10.);
#2074=VECTOR('',#8224,10.);
#2075=VECTOR('',#8227,10.);
#2076=VECTOR('',#8230,10.);
#2077=VECTOR('',#8233,10.);
#2078=VECTOR('',#8236,10.);
#2079=VECTOR('',#8239,10.);
#2080=VECTOR('',#8242,10.);
#2081=VECTOR('',#8243,10.);
#2082=VECTOR('',#8248,10.);
#2083=VECTOR('',#8251,10.);
#2084=VECTOR('',#8254,10.);
#2085=VECTOR('',#8255,10.);
#2086=VECTOR('',#8256,10.);
#2087=VECTOR('',#8257,10.);
#2088=VECTOR('',#8258,10.);
#2089=VECTOR('',#8259,10.);
#2090=VECTOR('',#8262,10.);
#2091=VECTOR('',#8267,10.);
#2092=VECTOR('',#8270,10.);
#2093=VECTOR('',#8273,10.);
#2094=VECTOR('',#8274,10.);
#2095=VECTOR('',#8275,10.);
#2096=VECTOR('',#8276,10.);
#2097=VECTOR('',#8277,10.);
#2098=VECTOR('',#8278,10.);
#2099=VECTOR('',#8281,10.);
#2100=VECTOR('',#8284,10.);
#2101=VECTOR('',#8287,10.);
#2102=VECTOR('',#8290,10.);
#2103=VECTOR('',#8293,10.);
#2104=VECTOR('',#8298,10.);
#2105=VECTOR('',#8301,10.);
#2106=VECTOR('',#8304,10.);
#2107=VECTOR('',#8307,10.);
#2108=VECTOR('',#8312,10.);
#2109=VECTOR('',#8315,10.);
#2110=VECTOR('',#8318,10.);
#2111=VECTOR('',#8321,10.);
#2112=VECTOR('',#8324,10.);
#2113=VECTOR('',#8327,10.);
#2114=VECTOR('',#8330,10.);
#2115=VECTOR('',#8333,10.);
#2116=VECTOR('',#8340,10.);
#2117=VECTOR('',#8343,10.);
#2118=VECTOR('',#8346,10.);
#2119=VECTOR('',#8347,10.);
#2120=VECTOR('',#8348,10.);
#2121=VECTOR('',#8351,10.);
#2122=VECTOR('',#8352,10.);
#2123=VECTOR('',#8355,10.);
#2124=VECTOR('',#8356,10.);
#2125=VECTOR('',#8357,10.);
#2126=VECTOR('',#8358,10.);
#2127=VECTOR('',#8359,10.);
#2128=VECTOR('',#8362,10.);
#2129=VECTOR('',#8369,10.);
#2130=VECTOR('',#8372,10.);
#2131=VECTOR('',#8375,10.);
#2132=VECTOR('',#8376,10.);
#2133=VECTOR('',#8377,10.);
#2134=VECTOR('',#8380,10.);
#2135=VECTOR('',#8381,10.);
#2136=VECTOR('',#8384,10.);
#2137=VECTOR('',#8385,10.);
#2138=VECTOR('',#8386,10.);
#2139=VECTOR('',#8387,10.);
#2140=VECTOR('',#8388,10.);
#2141=VECTOR('',#8391,10.);
#2142=VECTOR('',#8396,10.);
#2143=VECTOR('',#8397,10.);
#2144=VECTOR('',#8398,10.);
#2145=VECTOR('',#8401,10.);
#2146=VECTOR('',#8404,10.);
#2147=VECTOR('',#8407,10.);
#2148=VECTOR('',#8410,10.);
#2149=VECTOR('',#8413,10.);
#2150=VECTOR('',#8416,10.);
#2151=VECTOR('',#8417,10.);
#2152=VECTOR('',#8422,10.);
#2153=VECTOR('',#8425,10.);
#2154=VECTOR('',#8428,10.);
#2155=VECTOR('',#8429,10.);
#2156=VECTOR('',#8430,10.);
#2157=VECTOR('',#8431,10.);
#2158=VECTOR('',#8432,10.);
#2159=VECTOR('',#8433,10.);
#2160=VECTOR('',#8436,10.);
#2161=VECTOR('',#8441,10.);
#2162=VECTOR('',#8444,10.);
#2163=VECTOR('',#8447,10.);
#2164=VECTOR('',#8448,10.);
#2165=VECTOR('',#8449,10.);
#2166=VECTOR('',#8450,10.);
#2167=VECTOR('',#8451,10.);
#2168=VECTOR('',#8452,10.);
#2169=VECTOR('',#8455,10.);
#2170=VECTOR('',#8458,10.);
#2171=VECTOR('',#8461,10.);
#2172=VECTOR('',#8464,10.);
#2173=VECTOR('',#8467,10.);
#2174=VECTOR('',#8472,10.);
#2175=VECTOR('',#8475,10.);
#2176=VECTOR('',#8478,10.);
#2177=VECTOR('',#8481,10.);
#2178=VECTOR('',#8486,10.);
#2179=VECTOR('',#8489,10.);
#2180=VECTOR('',#8492,10.);
#2181=VECTOR('',#8495,10.);
#2182=VECTOR('',#8498,10.);
#2183=VECTOR('',#8501,10.);
#2184=VECTOR('',#8504,10.);
#2185=VECTOR('',#8507,10.);
#2186=VECTOR('',#8514,10.);
#2187=VECTOR('',#8517,10.);
#2188=VECTOR('',#8520,10.);
#2189=VECTOR('',#8521,10.);
#2190=VECTOR('',#8522,10.);
#2191=VECTOR('',#8525,10.);
#2192=VECTOR('',#8526,10.);
#2193=VECTOR('',#8529,10.);
#2194=VECTOR('',#8530,10.);
#2195=VECTOR('',#8531,10.);
#2196=VECTOR('',#8532,10.);
#2197=VECTOR('',#8533,10.);
#2198=VECTOR('',#8536,10.);
#2199=VECTOR('',#8543,10.);
#2200=VECTOR('',#8546,10.);
#2201=VECTOR('',#8549,10.);
#2202=VECTOR('',#8550,10.);
#2203=VECTOR('',#8551,10.);
#2204=VECTOR('',#8554,10.);
#2205=VECTOR('',#8555,10.);
#2206=VECTOR('',#8558,10.);
#2207=VECTOR('',#8559,10.);
#2208=VECTOR('',#8560,10.);
#2209=VECTOR('',#8561,10.);
#2210=VECTOR('',#8562,10.);
#2211=VECTOR('',#8565,10.);
#2212=VECTOR('',#8570,10.);
#2213=VECTOR('',#8571,10.);
#2214=VECTOR('',#8572,10.);
#2215=VECTOR('',#8575,10.);
#2216=VECTOR('',#8578,10.);
#2217=VECTOR('',#8581,10.);
#2218=VECTOR('',#8584,10.);
#2219=VECTOR('',#8587,10.);
#2220=VECTOR('',#8590,10.);
#2221=VECTOR('',#8591,10.);
#2222=VECTOR('',#8596,10.);
#2223=VECTOR('',#8599,10.);
#2224=VECTOR('',#8602,10.);
#2225=VECTOR('',#8603,10.);
#2226=VECTOR('',#8604,10.);
#2227=VECTOR('',#8605,10.);
#2228=VECTOR('',#8606,10.);
#2229=VECTOR('',#8607,10.);
#2230=VECTOR('',#8610,10.);
#2231=VECTOR('',#8615,10.);
#2232=VECTOR('',#8618,10.);
#2233=VECTOR('',#8621,10.);
#2234=VECTOR('',#8622,10.);
#2235=VECTOR('',#8623,10.);
#2236=VECTOR('',#8624,10.);
#2237=VECTOR('',#8625,10.);
#2238=VECTOR('',#8626,10.);
#2239=VECTOR('',#8629,10.);
#2240=VECTOR('',#8632,10.);
#2241=VECTOR('',#8635,10.);
#2242=VECTOR('',#8638,10.);
#2243=VECTOR('',#8641,10.);
#2244=VECTOR('',#8646,10.);
#2245=VECTOR('',#8649,10.);
#2246=VECTOR('',#8652,10.);
#2247=VECTOR('',#8655,10.);
#2248=VECTOR('',#8660,10.);
#2249=VECTOR('',#8663,10.);
#2250=VECTOR('',#8666,10.);
#2251=VECTOR('',#8669,10.);
#2252=VECTOR('',#8672,10.);
#2253=VECTOR('',#8673,10.);
#2254=VECTOR('',#8676,10.);
#2255=VECTOR('',#8681,10.);
#2256=VECTOR('',#8688,10.);
#2257=VECTOR('',#8691,10.);
#2258=VECTOR('',#8694,10.);
#2259=VECTOR('',#8695,10.);
#2260=VECTOR('',#8696,10.);
#2261=VECTOR('',#8699,10.);
#2262=VECTOR('',#8700,10.);
#2263=VECTOR('',#8703,10.);
#2264=VECTOR('',#8704,10.);
#2265=VECTOR('',#8705,10.);
#2266=VECTOR('',#8706,10.);
#2267=VECTOR('',#8707,10.);
#2268=VECTOR('',#8710,10.);
#2269=VECTOR('',#8717,10.);
#2270=VECTOR('',#8720,10.);
#2271=VECTOR('',#8723,10.);
#2272=VECTOR('',#8724,10.);
#2273=VECTOR('',#8725,10.);
#2274=VECTOR('',#8728,10.);
#2275=VECTOR('',#8729,10.);
#2276=VECTOR('',#8732,10.);
#2277=VECTOR('',#8733,10.);
#2278=VECTOR('',#8734,10.);
#2279=VECTOR('',#8735,10.);
#2280=VECTOR('',#8736,10.);
#2281=VECTOR('',#8739,10.);
#2282=VECTOR('',#8744,10.);
#2283=VECTOR('',#8747,10.);
#2284=VECTOR('',#8750,10.);
#2285=VECTOR('',#8753,10.);
#2286=VECTOR('',#8756,10.);
#2287=VECTOR('',#8757,10.);
#2288=VECTOR('',#8760,10.);
#2289=VECTOR('',#8765,10.);
#2290=VECTOR('',#8768,10.);
#2291=VECTOR('',#8771,10.);
#2292=VECTOR('',#8772,10.);
#2293=VECTOR('',#8777,10.);
#2294=VECTOR('',#8780,10.);
#2295=VECTOR('',#8783,10.);
#2296=VECTOR('',#8784,10.);
#2297=VECTOR('',#8785,10.);
#2298=VECTOR('',#8786,10.);
#2299=VECTOR('',#8787,10.);
#2300=VECTOR('',#8788,10.);
#2301=VECTOR('',#8791,10.);
#2302=VECTOR('',#8796,10.);
#2303=VECTOR('',#8799,10.);
#2304=VECTOR('',#8802,10.);
#2305=VECTOR('',#8803,10.);
#2306=VECTOR('',#8804,10.);
#2307=VECTOR('',#8805,10.);
#2308=VECTOR('',#8806,10.);
#2309=VECTOR('',#8807,10.);
#2310=VECTOR('',#8810,10.);
#2311=VECTOR('',#8813,10.);
#2312=VECTOR('',#8816,10.);
#2313=VECTOR('',#8819,10.);
#2314=VECTOR('',#8822,10.);
#2315=VECTOR('',#8827,10.);
#2316=VECTOR('',#8830,10.);
#2317=VECTOR('',#8833,10.);
#2318=VECTOR('',#8836,10.);
#2319=VECTOR('',#8841,10.);
#2320=VECTOR('',#8844,10.);
#2321=VECTOR('',#8847,10.);
#2322=VECTOR('',#8850,10.);
#2323=VECTOR('',#8853,10.);
#2324=VECTOR('',#8856,10.);
#2325=VECTOR('',#8859,10.);
#2326=VECTOR('',#8862,10.);
#2327=VECTOR('',#8869,10.);
#2328=VECTOR('',#8872,10.);
#2329=VECTOR('',#8875,10.);
#2330=VECTOR('',#8876,10.);
#2331=VECTOR('',#8877,10.);
#2332=VECTOR('',#8880,10.);
#2333=VECTOR('',#8881,10.);
#2334=VECTOR('',#8884,10.);
#2335=VECTOR('',#8885,10.);
#2336=VECTOR('',#8886,10.);
#2337=VECTOR('',#8887,10.);
#2338=VECTOR('',#8888,10.);
#2339=VECTOR('',#8891,10.);
#2340=VECTOR('',#8898,10.);
#2341=VECTOR('',#8901,10.);
#2342=VECTOR('',#8904,10.);
#2343=VECTOR('',#8905,10.);
#2344=VECTOR('',#8906,10.);
#2345=VECTOR('',#8909,10.);
#2346=VECTOR('',#8910,10.);
#2347=VECTOR('',#8913,10.);
#2348=VECTOR('',#8914,10.);
#2349=VECTOR('',#8915,10.);
#2350=VECTOR('',#8916,10.);
#2351=VECTOR('',#8917,10.);
#2352=VECTOR('',#8920,10.);
#2353=VECTOR('',#8925,10.);
#2354=VECTOR('',#8926,10.);
#2355=VECTOR('',#8927,10.);
#2356=VECTOR('',#8930,10.);
#2357=VECTOR('',#8933,10.);
#2358=VECTOR('',#8936,10.);
#2359=VECTOR('',#8939,10.);
#2360=VECTOR('',#8942,10.);
#2361=VECTOR('',#8945,10.);
#2362=VECTOR('',#8946,10.);
#2363=VECTOR('',#8951,10.);
#2364=VECTOR('',#8956,10.);
#2365=VECTOR('',#8959,10.);
#2366=VECTOR('',#8962,10.);
#2367=VECTOR('',#8963,10.);
#2368=VECTOR('',#8964,10.);
#2369=VECTOR('',#8965,10.);
#2370=VECTOR('',#8966,10.);
#2371=VECTOR('',#8967,10.);
#2372=VECTOR('',#8970,10.);
#2373=VECTOR('',#8973,10.);
#2374=VECTOR('',#8976,10.);
#2375=VECTOR('',#8979,10.);
#2376=VECTOR('',#8982,10.);
#2377=VECTOR('',#8987,10.);
#2378=VECTOR('',#8990,10.);
#2379=VECTOR('',#8993,10.);
#2380=VECTOR('',#8994,10.);
#2381=VECTOR('',#8997,10.);
#2382=VECTOR('',#8998,10.);
#2383=VECTOR('',#9001,10.);
#2384=VECTOR('',#9002,10.);
#2385=VECTOR('',#9005,10.);
#2386=VECTOR('',#9008,10.);
#2387=VECTOR('',#9011,10.);
#2388=VECTOR('',#9012,10.);
#2389=VECTOR('',#9015,10.);
#2390=VECTOR('',#9016,10.);
#2391=VECTOR('',#9019,10.);
#2392=VECTOR('',#9022,10.);
#2393=VECTOR('',#9023,10.);
#2394=VECTOR('',#9026,10.);
#2395=VECTOR('',#9029,10.);
#2396=VECTOR('',#9032,10.);
#2397=VECTOR('',#9043,10.);
#2398=VECTOR('',#9046,10.);
#2399=VECTOR('',#9049,10.);
#2400=VECTOR('',#9050,10.);
#2401=VECTOR('',#9051,10.);
#2402=VECTOR('',#9054,10.);
#2403=VECTOR('',#9055,10.);
#2404=VECTOR('',#9058,10.);
#2405=VECTOR('',#9059,10.);
#2406=VECTOR('',#9060,10.);
#2407=VECTOR('',#9061,10.);
#2408=VECTOR('',#9062,10.);
#2409=VECTOR('',#9065,10.);
#2410=VECTOR('',#9072,10.);
#2411=VECTOR('',#9075,10.);
#2412=VECTOR('',#9078,10.);
#2413=VECTOR('',#9079,10.);
#2414=VECTOR('',#9080,10.);
#2415=VECTOR('',#9083,10.);
#2416=VECTOR('',#9084,10.);
#2417=VECTOR('',#9087,10.);
#2418=VECTOR('',#9088,10.);
#2419=VECTOR('',#9089,10.);
#2420=VECTOR('',#9090,10.);
#2421=VECTOR('',#9091,10.);
#2422=VECTOR('',#9094,10.);
#2423=VECTOR('',#9099,10.);
#2424=VECTOR('',#9100,10.);
#2425=VECTOR('',#9101,10.);
#2426=VECTOR('',#9104,10.);
#2427=VECTOR('',#9107,10.);
#2428=VECTOR('',#9110,10.);
#2429=VECTOR('',#9113,10.);
#2430=VECTOR('',#9116,10.);
#2431=VECTOR('',#9119,10.);
#2432=VECTOR('',#9120,10.);
#2433=VECTOR('',#9125,10.);
#2434=VECTOR('',#9130,10.);
#2435=VECTOR('',#9133,10.);
#2436=VECTOR('',#9136,10.);
#2437=VECTOR('',#9137,10.);
#2438=VECTOR('',#9138,10.);
#2439=VECTOR('',#9139,10.);
#2440=VECTOR('',#9140,10.);
#2441=VECTOR('',#9141,10.);
#2442=VECTOR('',#9144,10.);
#2443=VECTOR('',#9147,10.);
#2444=VECTOR('',#9150,10.);
#2445=VECTOR('',#9153,10.);
#2446=VECTOR('',#9156,10.);
#2447=VECTOR('',#9161,10.);
#2448=VECTOR('',#9164,10.);
#2449=VECTOR('',#9167,10.);
#2450=VECTOR('',#9168,10.);
#2451=VECTOR('',#9171,10.);
#2452=VECTOR('',#9172,10.);
#2453=VECTOR('',#9175,10.);
#2454=VECTOR('',#9176,10.);
#2455=VECTOR('',#9179,10.);
#2456=VECTOR('',#9182,10.);
#2457=VECTOR('',#9185,10.);
#2458=VECTOR('',#9186,10.);
#2459=VECTOR('',#9189,10.);
#2460=VECTOR('',#9190,10.);
#2461=VECTOR('',#9193,10.);
#2462=VECTOR('',#9196,10.);
#2463=VECTOR('',#9197,10.);
#2464=VECTOR('',#9200,10.);
#2465=VECTOR('',#9203,10.);
#2466=VECTOR('',#9206,10.);
#2467=VECTOR('',#9353,10.);
#2468=VECTOR('',#9356,10.);
#2469=VECTOR('',#9361,10.);
#2470=VECTOR('',#9364,10.);
#2471=VECTOR('',#9371,10.);
#2472=VECTOR('',#9372,10.);
#2473=VECTOR('',#9379,10.);
#2474=VECTOR('',#9380,10.);
#2475=VECTOR('',#9383,10.);
#2476=VECTOR('',#9384,10.);
#2477=VECTOR('',#9389,10.);
#2478=VECTOR('',#9392,10.);
#2479=VECTOR('',#9399,10.);
#2480=VECTOR('',#9400,10.);
#2481=VECTOR('',#9407,10.);
#2482=VECTOR('',#9408,10.);
#2483=VECTOR('',#9413,10.);
#2484=VECTOR('',#9414,10.);
#2485=VECTOR('',#9421,10.);
#2486=VECTOR('',#9422,10.);
#2487=VECTOR('',#9425,10.);
#2488=VECTOR('',#9426,10.);
#2489=VECTOR('',#9429,10.);
#2490=VECTOR('',#9430,10.);
#2491=VECTOR('',#9435,10.);
#2492=VECTOR('',#9436,10.);
#2493=VECTOR('',#9439,10.);
#2494=VECTOR('',#9440,10.);
#2495=VECTOR('',#9443,10.);
#2496=VECTOR('',#9446,10.);
#2497=VECTOR('',#9449,10.);
#2498=VECTOR('',#9450,10.);
#2499=VECTOR('',#9453,10.);
#2500=VECTOR('',#9456,10.);
#2501=VECTOR('',#9459,10.);
#2502=VECTOR('',#9460,10.);
#2503=VECTOR('',#9463,10.);
#2504=VECTOR('',#9476,10.);
#2505=VECTOR('',#9477,10.);
#2506=VECTOR('',#9482,10.);
#2507=VECTOR('',#9483,10.);
#2508=VECTOR('',#9486,10.);
#2509=VECTOR('',#9487,10.);
#2510=VECTOR('',#9490,10.);
#2511=VECTOR('',#9491,10.);
#2512=VECTOR('',#9494,10.);
#2513=VECTOR('',#9497,10.);
#2514=VECTOR('',#9502,10.);
#2515=VECTOR('',#9505,10.);
#2516=VECTOR('',#9508,10.);
#2517=VECTOR('',#9511,10.);
#2518=VECTOR('',#9512,10.);
#2519=VECTOR('',#9515,10.);
#2520=VECTOR('',#9518,10.);
#2521=VECTOR('',#9519,10.);
#2522=VECTOR('',#9524,10.);
#2523=VECTOR('',#9525,10.);
#2524=VECTOR('',#9526,10.);
#2525=VECTOR('',#9527,10.);
#2526=VECTOR('',#9530,10.);
#2527=VECTOR('',#9531,10.);
#2528=VECTOR('',#9532,10.);
#2529=VECTOR('',#9535,10.);
#2530=VECTOR('',#9536,10.);
#2531=VECTOR('',#9537,10.);
#2532=VECTOR('',#9538,10.);
#2533=VECTOR('',#9541,10.);
#2534=VECTOR('',#9542,10.);
#2535=VECTOR('',#9543,10.);
#2536=VECTOR('',#9546,10.);
#2537=VECTOR('',#9547,10.);
#2538=VECTOR('',#9548,10.);
#2539=VECTOR('',#9549,10.);
#2540=VECTOR('',#9552,10.);
#2541=VECTOR('',#9553,10.);
#2542=VECTOR('',#9554,10.);
#2543=VECTOR('',#9557,10.);
#2544=VECTOR('',#9558,10.);
#2545=VECTOR('',#9559,10.);
#2546=VECTOR('',#9560,10.);
#2547=VECTOR('',#9563,10.);
#2548=VECTOR('',#9564,10.);
#2549=VECTOR('',#9565,10.);
#2550=VECTOR('',#9568,10.);
#2551=VECTOR('',#9569,10.);
#2552=VECTOR('',#9570,10.);
#2553=VECTOR('',#9571,10.);
#2554=VECTOR('',#9574,10.);
#2555=VECTOR('',#9575,10.);
#2556=VECTOR('',#9576,10.);
#2557=VECTOR('',#9579,10.);
#2558=VECTOR('',#9580,10.);
#2559=VECTOR('',#9581,10.);
#2560=VECTOR('',#9582,10.);
#2561=VECTOR('',#9585,10.);
#2562=VECTOR('',#9586,10.);
#2563=VECTOR('',#9587,10.);
#2564=VECTOR('',#9590,10.);
#2565=VECTOR('',#9591,10.);
#2566=VECTOR('',#9592,10.);
#2567=VECTOR('',#9595,10.);
#2568=VECTOR('',#9596,10.);
#2569=VECTOR('',#9597,10.);
#2570=VECTOR('',#9600,10.);
#2571=VECTOR('',#9601,10.);
#2572=VECTOR('',#9602,10.);
#2573=VECTOR('',#9605,10.);
#2574=VECTOR('',#9606,10.);
#2575=VECTOR('',#9607,10.);
#2576=VECTOR('',#9610,10.);
#2577=VECTOR('',#9611,10.);
#2578=VECTOR('',#9612,10.);
#2579=VECTOR('',#9615,10.);
#2580=VECTOR('',#9616,10.);
#2581=VECTOR('',#9617,10.);
#2582=VECTOR('',#9618,10.);
#2583=VECTOR('',#9619,10.);
#2584=VECTOR('',#9620,10.);
#2585=VECTOR('',#9621,10.);
#2586=VECTOR('',#9624,10.);
#2587=VECTOR('',#9625,10.);
#2588=VECTOR('',#9628,10.);
#2589=VECTOR('',#9629,10.);
#2590=VECTOR('',#9630,10.);
#2591=VECTOR('',#9631,10.);
#2592=VECTOR('',#9632,10.);
#2593=VECTOR('',#9633,10.);
#2594=VECTOR('',#9636,10.);
#2595=VECTOR('',#9637,10.);
#2596=VECTOR('',#9638,10.);
#2597=VECTOR('',#9639,10.);
#2598=VECTOR('',#9640,10.);
#2599=VECTOR('',#9641,10.);
#2600=VECTOR('',#9644,10.);
#2601=VECTOR('',#9645,10.);
#2602=VECTOR('',#9646,10.);
#2603=VECTOR('',#9647,10.);
#2604=VECTOR('',#9648,10.);
#2605=VECTOR('',#9649,10.);
#2606=VECTOR('',#9652,10.);
#2607=VECTOR('',#9653,10.);
#2608=VECTOR('',#9654,10.);
#2609=VECTOR('',#9655,10.);
#2610=VECTOR('',#9656,10.);
#2611=VECTOR('',#9657,10.);
#2612=VECTOR('',#9658,10.);
#2613=VECTOR('',#9659,10.);
#2614=VECTOR('',#9660,10.);
#2615=VECTOR('',#9663,10.);
#2616=VECTOR('',#9664,10.);
#2617=VECTOR('',#9665,10.);
#2618=VECTOR('',#9666,10.);
#2619=VECTOR('',#9669,10.);
#2620=VECTOR('',#9670,10.);
#2621=VECTOR('',#9671,10.);
#2622=VECTOR('',#9672,10.);
#2623=VECTOR('',#9673,10.);
#2624=VECTOR('',#9674,10.);
#2625=VECTOR('',#9675,10.);
#2626=VECTOR('',#9676,10.);
#2627=VECTOR('',#9677,10.);
#2628=VECTOR('',#9680,10.);
#2629=VECTOR('',#9681,10.);
#2630=VECTOR('',#9682,10.);
#2631=VECTOR('',#9683,10.);
#2632=VECTOR('',#9686,10.);
#2633=VECTOR('',#9687,10.);
#2634=VECTOR('',#9688,10.);
#2635=VECTOR('',#9693,10.);
#2636=VECTOR('',#9694,10.);
#2637=VECTOR('',#9695,10.);
#2638=VECTOR('',#9696,10.);
#2639=VECTOR('',#9697,10.);
#2640=VECTOR('',#9700,10.);
#2641=VECTOR('',#9703,10.);
#2642=VECTOR('',#9706,10.);
#2643=VECTOR('',#9707,10.);
#2644=VECTOR('',#9708,10.);
#2645=VECTOR('',#9709,10.);
#2646=VECTOR('',#9710,10.);
#2647=VECTOR('',#9711,10.);
#2648=VECTOR('',#9712,10.);
#2649=VECTOR('',#9713,10.);
#2650=VECTOR('',#9714,10.);
#2651=VECTOR('',#9715,10.);
#2652=VECTOR('',#9716,10.);
#2653=VECTOR('',#9717,10.);
#2654=VECTOR('',#9718,10.);
#2655=VECTOR('',#9719,10.);
#2656=VECTOR('',#9720,10.);
#2657=VECTOR('',#9721,10.);
#2658=VECTOR('',#9722,10.);
#2659=VECTOR('',#9723,10.);
#2660=VECTOR('',#9724,10.);
#2661=VECTOR('',#9725,10.);
#2662=VECTOR('',#9726,10.);
#2663=VECTOR('',#9727,10.);
#2664=VECTOR('',#9728,10.);
#2665=VECTOR('',#9729,10.);
#2666=VECTOR('',#9730,10.);
#2667=VECTOR('',#9731,10.);
#2668=VECTOR('',#9732,10.);
#2669=VECTOR('',#9733,10.);
#2670=VECTOR('',#9734,10.);
#2671=VECTOR('',#9735,10.);
#2672=VECTOR('',#9736,10.);
#2673=VECTOR('',#9737,10.);
#2674=VECTOR('',#9738,10.);
#2675=VECTOR('',#9739,10.);
#2676=VECTOR('',#9740,10.);
#2677=VECTOR('',#9741,10.);
#2678=VECTOR('',#9742,10.);
#2679=VECTOR('',#9743,10.);
#2680=VECTOR('',#9744,10.);
#2681=VECTOR('',#9745,10.);
#2682=VECTOR('',#9746,10.);
#2683=VECTOR('',#9747,10.);
#2684=VECTOR('',#9748,10.);
#2685=VECTOR('',#9749,10.);
#2686=VECTOR('',#9750,10.);
#2687=VECTOR('',#9751,10.);
#2688=VECTOR('',#9752,10.);
#2689=VECTOR('',#9753,10.);
#2690=VECTOR('',#9754,10.);
#2691=VECTOR('',#9755,10.);
#2692=VECTOR('',#9756,10.);
#2693=VECTOR('',#9757,10.);
#2694=VECTOR('',#9758,10.);
#2695=VECTOR('',#9761,10.);
#2696=VECTOR('',#9762,10.);
#2697=VECTOR('',#9763,10.);
#2698=VECTOR('',#9764,10.);
#2699=VECTOR('',#9765,10.);
#2700=VECTOR('',#9766,10.);
#2701=VECTOR('',#9767,10.);
#2702=VECTOR('',#9770,10.);
#2703=VECTOR('',#9771,10.);
#2704=VECTOR('',#9772,10.);
#2705=VECTOR('',#9775,10.);
#2706=VECTOR('',#9776,10.);
#2707=VECTOR('',#9777,10.);
#2708=VECTOR('',#9778,10.);
#2709=VECTOR('',#9779,10.);
#2710=VECTOR('',#9780,10.);
#2711=VECTOR('',#9781,10.);
#2712=VECTOR('',#9784,10.);
#2713=VECTOR('',#9785,10.);
#2714=VECTOR('',#9786,10.);
#2715=VECTOR('',#9789,10.);
#2716=VECTOR('',#9792,10.);
#2717=VECTOR('',#9793,10.);
#2718=VECTOR('',#9794,10.);
#2719=VECTOR('',#9797,10.);
#2720=VECTOR('',#9800,10.);
#2721=VECTOR('',#9801,10.);
#2722=VECTOR('',#9802,10.);
#2723=VECTOR('',#9805,10.);
#2724=VECTOR('',#9808,10.);
#2725=VECTOR('',#9809,10.);
#2726=VECTOR('',#9810,10.);
#2727=VECTOR('',#9813,10.);
#2728=VECTOR('',#9816,10.);
#2729=VECTOR('',#9817,10.);
#2730=VECTOR('',#9820,10.);
#2731=VECTOR('',#9821,10.);
#2732=VECTOR('',#9822,10.);
#2733=VECTOR('',#9823,10.);
#2734=VECTOR('',#9826,10.);
#2735=VECTOR('',#9827,10.);
#2736=VECTOR('',#9830,10.);
#2737=VECTOR('',#9831,10.);
#2738=VECTOR('',#9832,10.);
#2739=VECTOR('',#9833,10.);
#2740=VECTOR('',#9836,10.);
#2741=VECTOR('',#9837,10.);
#2742=VECTOR('',#9840,10.);
#2743=VECTOR('',#9841,10.);
#2744=VECTOR('',#9842,10.);
#2745=VECTOR('',#9843,10.);
#2746=VECTOR('',#9846,10.);
#2747=VECTOR('',#9847,10.);
#2748=VECTOR('',#9850,10.);
#2749=VECTOR('',#9851,10.);
#2750=VECTOR('',#9852,10.);
#2751=VECTOR('',#9853,10.);
#2752=VECTOR('',#9856,10.);
#2753=VECTOR('',#9857,10.);
#2754=VECTOR('',#9860,10.);
#2755=VECTOR('',#9861,10.);
#2756=VECTOR('',#9864,10.);
#2757=VECTOR('',#9869,10.);
#2758=VECTOR('',#9870,10.);
#2759=VECTOR('',#9873,10.);
#2760=VECTOR('',#9874,10.);
#2761=VECTOR('',#9877,10.);
#2762=VECTOR('',#9882,10.);
#2763=VECTOR('',#9883,10.);
#2764=VECTOR('',#9886,10.);
#2765=VECTOR('',#9887,10.);
#2766=VECTOR('',#9890,10.);
#2767=VECTOR('',#9895,10.);
#2768=VECTOR('',#9896,10.);
#2769=VECTOR('',#9899,10.);
#2770=VECTOR('',#9900,10.);
#2771=VECTOR('',#9903,10.);
#2772=VECTOR('',#9908,10.);
#2773=VECTOR('',#9909,10.);
#2774=VECTOR('',#9912,10.);
#2775=VECTOR('',#9913,10.);
#2776=VECTOR('',#9916,10.);
#2777=VECTOR('',#9921,10.);
#2778=VECTOR('',#9922,10.);
#2779=VECTOR('',#9925,10.);
#2780=VECTOR('',#9926,10.);
#2781=VECTOR('',#9929,10.);
#2782=VECTOR('',#9934,10.);
#2783=VECTOR('',#9935,10.);
#2784=VECTOR('',#9938,10.);
#2785=VECTOR('',#9939,10.);
#2786=VECTOR('',#9942,10.);
#2787=VECTOR('',#9947,10.);
#2788=VECTOR('',#9948,10.);
#2789=VECTOR('',#9951,10.);
#2790=VECTOR('',#9952,10.);
#2791=VECTOR('',#9955,10.);
#2792=VECTOR('',#9960,10.);
#2793=VECTOR('',#9961,10.);
#2794=VECTOR('',#9964,10.);
#2795=VECTOR('',#9965,10.);
#2796=VECTOR('',#9968,10.);
#2797=VECTOR('',#9973,10.);
#2798=VECTOR('',#9974,10.);
#2799=VECTOR('',#9977,10.);
#2800=VECTOR('',#9978,10.);
#2801=VECTOR('',#9981,10.);
#2802=VECTOR('',#9986,10.);
#2803=VECTOR('',#9987,10.);
#2804=VECTOR('',#9990,10.);
#2805=VECTOR('',#9991,10.);
#2806=VECTOR('',#9994,10.);
#2807=VECTOR('',#9999,10.);
#2808=VECTOR('',#10000,10.);
#2809=VECTOR('',#10003,10.);
#2810=VECTOR('',#10004,10.);
#2811=VECTOR('',#10007,10.);
#2812=VECTOR('',#10012,10.);
#2813=VECTOR('',#10015,10.);
#2814=VECTOR('',#10018,10.);
#2815=VECTOR('',#10019,10.);
#2816=VECTOR('',#10022,10.);
#2817=VECTOR('',#10027,10.);
#2818=VECTOR('',#10028,10.);
#2819=VECTOR('',#10031,10.);
#2820=VECTOR('',#10034,10.);
#2821=VECTOR('',#10037,10.);
#2822=VECTOR('',#10038,10.);
#2823=VECTOR('',#10041,10.);
#2824=VECTOR('',#10048,10.);
#2825=VECTOR('',#10051,10.);
#2826=VECTOR('',#10064,10.);
#2827=VECTOR('',#10065,10.);
#2828=VECTOR('',#10078,10.);
#2829=VECTOR('',#10079,10.);
#2830=VECTOR('',#10092,10.);
#2831=VECTOR('',#10093,10.);
#2832=VECTOR('',#10102,10.);
#2833=VECTOR('',#10105,10.);
#2834=VECTOR('',#10108,10.);
#2835=VECTOR('',#10109,10.);
#2836=VECTOR('',#10110,10.);
#2837=VECTOR('',#10111,10.);
#2838=VECTOR('',#10112,10.);
#2839=VECTOR('',#10115,10.);
#2840=VECTOR('',#10120,10.);
#2841=VECTOR('',#10121,10.);
#2842=VECTOR('',#10128,10.);
#2843=VECTOR('',#10131,10.);
#2844=VECTOR('',#10132,10.);
#2845=VECTOR('',#10133,10.);
#2846=VECTOR('',#10134,10.);
#2847=VECTOR('',#10135,10.);
#2848=VECTOR('',#10138,10.);
#2849=VECTOR('',#10139,10.);
#2850=VECTOR('',#10144,10.);
#2851=VECTOR('',#10149,10.);
#2852=CIRCLE('',#7564,1.);
#2853=CIRCLE('',#7565,1.);
#2854=CIRCLE('',#7568,1.);
#2855=CIRCLE('',#7569,0.6);
#2856=CIRCLE('',#7570,0.3);
#2857=CIRCLE('',#7572,1.);
#2858=CIRCLE('',#7573,1.);
#2859=CIRCLE('',#7576,1.);
#2860=CIRCLE('',#7577,0.6);
#2861=CIRCLE('',#7578,0.3);
#2862=CIRCLE('',#7581,1.);
#2863=CIRCLE('',#7582,1.);
#2864=CIRCLE('',#7583,1.);
#2865=CIRCLE('',#7584,1.);
#2866=CIRCLE('',#7587,0.3);
#2867=CIRCLE('',#7589,0.6);
#2868=CIRCLE('',#7592,0.3);
#2869=CIRCLE('',#7594,0.6);
#2870=CIRCLE('',#7609,0.5);
#2871=CIRCLE('',#7611,0.5);
#2872=CIRCLE('',#7616,1.);
#2873=CIRCLE('',#7617,1.);
#2874=CIRCLE('',#7620,1.);
#2875=CIRCLE('',#7621,0.6);
#2876=CIRCLE('',#7622,0.3);
#2877=CIRCLE('',#7624,1.);
#2878=CIRCLE('',#7625,1.);
#2879=CIRCLE('',#7628,1.);
#2880=CIRCLE('',#7629,0.6);
#2881=CIRCLE('',#7630,0.3);
#2882=CIRCLE('',#7633,1.);
#2883=CIRCLE('',#7634,1.);
#2884=CIRCLE('',#7635,1.);
#2885=CIRCLE('',#7636,1.);
#2886=CIRCLE('',#7639,0.3);
#2887=CIRCLE('',#7641,0.6);
#2888=CIRCLE('',#7644,0.3);
#2889=CIRCLE('',#7646,0.6);
#2890=CIRCLE('',#7661,0.5);
#2891=CIRCLE('',#7663,0.5);
#2892=CIRCLE('',#7668,1.);
#2893=CIRCLE('',#7669,1.);
#2894=CIRCLE('',#7672,1.);
#2895=CIRCLE('',#7673,0.6);
#2896=CIRCLE('',#7674,0.3);
#2897=CIRCLE('',#7676,1.);
#2898=CIRCLE('',#7677,1.);
#2899=CIRCLE('',#7680,1.);
#2900=CIRCLE('',#7681,0.6);
#2901=CIRCLE('',#7682,0.3);
#2902=CIRCLE('',#7685,1.);
#2903=CIRCLE('',#7686,1.);
#2904=CIRCLE('',#7687,1.);
#2905=CIRCLE('',#7688,1.);
#2906=CIRCLE('',#7691,0.3);
#2907=CIRCLE('',#7693,0.6);
#2908=CIRCLE('',#7696,0.3);
#2909=CIRCLE('',#7698,0.6);
#2910=CIRCLE('',#7713,0.5);
#2911=CIRCLE('',#7716,0.5);
#2912=CIRCLE('',#7720,1.);
#2913=CIRCLE('',#7721,1.);
#2914=CIRCLE('',#7724,1.);
#2915=CIRCLE('',#7725,0.6);
#2916=CIRCLE('',#7726,0.3);
#2917=CIRCLE('',#7728,1.);
#2918=CIRCLE('',#7729,1.);
#2919=CIRCLE('',#7732,1.);
#2920=CIRCLE('',#7733,0.6);
#2921=CIRCLE('',#7734,0.3);
#2922=CIRCLE('',#7736,1.);
#2923=CIRCLE('',#7737,1.);
#2924=CIRCLE('',#7738,1.);
#2925=CIRCLE('',#7741,1.);
#2926=CIRCLE('',#7742,1.);
#2927=CIRCLE('',#7743,1.);
#2928=CIRCLE('',#7746,0.3);
#2929=CIRCLE('',#7748,0.6);
#2930=CIRCLE('',#7751,0.3);
#2931=CIRCLE('',#7753,0.6);
#2932=CIRCLE('',#7768,0.5);
#2933=CIRCLE('',#7770,0.5);
#2934=CIRCLE('',#7775,1.);
#2935=CIRCLE('',#7776,1.);
#2936=CIRCLE('',#7779,1.);
#2937=CIRCLE('',#7780,0.6);
#2938=CIRCLE('',#7781,0.3);
#2939=CIRCLE('',#7783,1.);
#2940=CIRCLE('',#7784,1.);
#2941=CIRCLE('',#7787,1.);
#2942=CIRCLE('',#7788,0.6);
#2943=CIRCLE('',#7789,0.3);
#2944=CIRCLE('',#7792,1.);
#2945=CIRCLE('',#7793,1.);
#2946=CIRCLE('',#7794,1.);
#2947=CIRCLE('',#7795,1.);
#2948=CIRCLE('',#7798,0.3);
#2949=CIRCLE('',#7800,0.3);
#2950=CIRCLE('',#7802,0.6);
#2951=CIRCLE('',#7810,0.6);
#2952=CIRCLE('',#7818,0.5);
#2953=CIRCLE('',#7821,0.5);
#2954=CIRCLE('',#7827,1.);
#2955=CIRCLE('',#7828,1.);
#2956=CIRCLE('',#7831,1.);
#2957=CIRCLE('',#7832,0.6);
#2958=CIRCLE('',#7833,0.3);
#2959=CIRCLE('',#7835,1.);
#2960=CIRCLE('',#7836,1.);
#2961=CIRCLE('',#7839,1.);
#2962=CIRCLE('',#7840,0.6);
#2963=CIRCLE('',#7841,0.3);
#2964=CIRCLE('',#7844,1.);
#2965=CIRCLE('',#7845,1.);
#2966=CIRCLE('',#7846,1.);
#2967=CIRCLE('',#7847,1.);
#2968=CIRCLE('',#7850,0.3);
#2969=CIRCLE('',#7852,0.3);
#2970=CIRCLE('',#7854,0.6);
#2971=CIRCLE('',#7862,0.6);
#2972=CIRCLE('',#7870,0.5);
#2973=CIRCLE('',#7873,0.5);
#2974=CIRCLE('',#7878,0.1);
#2975=CIRCLE('',#7879,0.0999848988597773);
#2976=CIRCLE('',#7880,0.0999848988597785);
#2977=CIRCLE('',#7881,0.1);
#2978=CIRCLE('',#7882,0.1);
#2979=CIRCLE('',#7883,0.0999848988597785);
#2980=CIRCLE('',#7884,0.1);
#2981=CIRCLE('',#7885,0.0999848988597779);
#2982=CIRCLE('',#7886,0.1);
#2983=CIRCLE('',#7887,0.1);
#2984=CIRCLE('',#7888,0.0999848988597779);
#2985=CIRCLE('',#7889,0.1);
#2986=CIRCLE('',#7890,0.1);
#2987=CIRCLE('',#7891,0.0999848988597779);
#2988=CIRCLE('',#7892,0.1);
#2989=CIRCLE('',#7893,0.1);
#2990=CIRCLE('',#7894,0.0999848988597779);
#2991=CIRCLE('',#7895,0.1);
#2992=CIRCLE('',#7896,0.1);
#2993=CIRCLE('',#7897,0.1);
#2994=CIRCLE('',#7898,0.0999848988597773);
#2995=CIRCLE('',#7899,0.0999848988597785);
#2996=CIRCLE('',#7900,0.1);
#2997=CIRCLE('',#7901,0.1);
#2998=CIRCLE('',#7902,0.0999848988597785);
#2999=CIRCLE('',#7903,0.1);
#3000=CIRCLE('',#7904,0.1);
#3001=CIRCLE('',#7905,0.0999848988597773);
#3002=CIRCLE('',#7906,0.0999848988597773);
#3003=CIRCLE('',#7907,0.1);
#3004=CIRCLE('',#7908,0.1);
#3005=CIRCLE('',#7909,0.0999848988597773);
#3006=CIRCLE('',#7910,0.1);
#3007=CIRCLE('',#7911,0.1);
#3008=CIRCLE('',#7912,0.0999848988597773);
#3009=CIRCLE('',#7913,0.0999848988597773);
#3010=CIRCLE('',#7914,0.1);
#3011=CIRCLE('',#7915,0.1);
#3012=CIRCLE('',#7916,0.0999848988597773);
#3013=CIRCLE('',#7917,0.1);
#3014=CIRCLE('',#7918,0.0999848988597773);
#3015=CIRCLE('',#7919,0.1);
#3016=CIRCLE('',#7920,0.1);
#3017=CIRCLE('',#7921,0.0999848988597773);
#3018=CIRCLE('',#7922,0.1);
#3019=CIRCLE('',#7923,0.1);
#3020=CIRCLE('',#7924,0.1);
#3021=CIRCLE('',#7925,0.0999848988597773);
#3022=CIRCLE('',#7926,0.0999848988597785);
#3023=CIRCLE('',#7927,0.1);
#3024=CIRCLE('',#7928,0.1);
#3025=CIRCLE('',#7929,0.0999848988597785);
#3026=CIRCLE('',#7930,0.1);
#3027=CIRCLE('',#7931,0.0999848988597796);
#3028=CIRCLE('',#7932,0.1);
#3029=CIRCLE('',#7933,0.1);
#3030=CIRCLE('',#7934,0.0999848988597796);
#3031=CIRCLE('',#7935,0.0999848988597773);
#3032=CIRCLE('',#7936,0.1);
#3033=CIRCLE('',#7937,0.1);
#3034=CIRCLE('',#7938,0.0999848988597773);
#3035=CIRCLE('',#7939,0.0999848988597773);
#3036=CIRCLE('',#7940,0.1);
#3037=CIRCLE('',#7941,0.0999848988597773);
#3038=CIRCLE('',#7942,0.1);
#3039=CIRCLE('',#7943,0.1);
#3040=CIRCLE('',#7944,0.0999848988597773);
#3041=CIRCLE('',#7945,0.1);
#3042=CIRCLE('',#7946,0.1);
#3043=CIRCLE('',#7948,0.1);
#3044=CIRCLE('',#7952,0.1);
#3045=CIRCLE('',#7953,0.0999848988597773);
#3046=CIRCLE('',#7955,0.1);
#3047=CIRCLE('',#7956,0.0999848988597773);
#3048=CIRCLE('',#7961,0.1);
#3049=CIRCLE('',#7963,0.1);
#3050=CIRCLE('',#7965,0.1);
#3051=CIRCLE('',#7966,0.0999848988597773);
#3052=CIRCLE('',#7968,0.1);
#3053=CIRCLE('',#7971,0.1);
#3054=CIRCLE('',#7985,0.1);
#3055=CIRCLE('',#7986,0.1);
#3056=CIRCLE('',#7987,0.0999848988597773);
#3057=CIRCLE('',#7988,0.1);
#3058=CIRCLE('',#7989,0.0999848988597773);
#3059=CIRCLE('',#7991,0.1);
#3060=CIRCLE('',#8033,0.2);
#3061=CIRCLE('',#8034,0.2);
#3062=CIRCLE('',#8035,0.2);
#3063=CIRCLE('',#8036,0.2);
#3064=CIRCLE('',#8105,0.2);
#3065=CIRCLE('',#8108,0.2);
#3066=CIRCLE('',#8111,0.2);
#3067=CIRCLE('',#8114,0.2);
#3068=CIRCLE('',#8116,0.600000000000001);
#3069=CIRCLE('',#8117,0.6);
#3070=CIRCLE('',#8119,0.6);
#3071=CIRCLE('',#8120,0.9);
#3072=CIRCLE('',#8121,1.5);
#3073=CIRCLE('',#8123,0.6);
#3074=CIRCLE('',#8125,0.600000000000001);
#3075=CIRCLE('',#8126,0.9);
#3076=CIRCLE('',#8127,1.5);
#3077=CIRCLE('',#8129,0.600000000000001);
#3078=CIRCLE('',#8131,0.599999999999999);
#3079=CIRCLE('',#8132,0.9);
#3080=CIRCLE('',#8133,1.5);
#3081=CIRCLE('',#8135,0.599999999999999);
#3082=CIRCLE('',#8137,0.9);
#3083=CIRCLE('',#8138,1.5);
#3084=CIRCLE('',#8140,1.5);
#3085=CIRCLE('',#8143,1.5);
#3086=CIRCLE('',#8147,1.5);
#3087=CIRCLE('',#8148,1.5);
#3088=VERTEX_POINT('',#10161);
#3089=VERTEX_POINT('',#10162);
#3090=VERTEX_POINT('',#10164);
#3091=VERTEX_POINT('',#10166);
#3092=VERTEX_POINT('',#10170);
#3093=VERTEX_POINT('',#10172);
#3094=VERTEX_POINT('',#10176);
#3095=VERTEX_POINT('',#10178);
#3096=VERTEX_POINT('',#10180);
#3097=VERTEX_POINT('',#10182);
#3098=VERTEX_POINT('',#10184);
#3099=VERTEX_POINT('',#10186);
#3100=VERTEX_POINT('',#10188);
#3101=VERTEX_POINT('',#10190);
#3102=VERTEX_POINT('',#10192);
#3103=VERTEX_POINT('',#10194);
#3104=VERTEX_POINT('',#10198);
#3105=VERTEX_POINT('',#10199);
#3106=VERTEX_POINT('',#10201);
#3107=VERTEX_POINT('',#10203);
#3108=VERTEX_POINT('',#10207);
#3109=VERTEX_POINT('',#10209);
#3110=VERTEX_POINT('',#10213);
#3111=VERTEX_POINT('',#10215);
#3112=VERTEX_POINT('',#10217);
#3113=VERTEX_POINT('',#10219);
#3114=VERTEX_POINT('',#10221);
#3115=VERTEX_POINT('',#10223);
#3116=VERTEX_POINT('',#10225);
#3117=VERTEX_POINT('',#10227);
#3118=VERTEX_POINT('',#10229);
#3119=VERTEX_POINT('',#10231);
#3120=VERTEX_POINT('',#10235);
#3121=VERTEX_POINT('',#10237);
#3122=VERTEX_POINT('',#10241);
#3123=VERTEX_POINT('',#10243);
#3124=VERTEX_POINT('',#10245);
#3125=VERTEX_POINT('',#10248);
#3126=VERTEX_POINT('',#10250);
#3127=VERTEX_POINT('',#10252);
#3128=VERTEX_POINT('',#10254);
#3129=VERTEX_POINT('',#10258);
#3130=VERTEX_POINT('',#10262);
#3131=VERTEX_POINT('',#10266);
#3132=VERTEX_POINT('',#10268);
#3133=VERTEX_POINT('',#10270);
#3134=VERTEX_POINT('',#10272);
#3135=VERTEX_POINT('',#10274);
#3136=VERTEX_POINT('',#10277);
#3137=VERTEX_POINT('',#10283);
#3138=VERTEX_POINT('',#10287);
#3139=VERTEX_POINT('',#10289);
#3140=VERTEX_POINT('',#10291);
#3141=VERTEX_POINT('',#10293);
#3142=VERTEX_POINT('',#10295);
#3143=VERTEX_POINT('',#10298);
#3144=VERTEX_POINT('',#10326);
#3145=VERTEX_POINT('',#10328);
#3146=VERTEX_POINT('',#10332);
#3147=VERTEX_POINT('',#10334);
#3148=VERTEX_POINT('',#10343);
#3149=VERTEX_POINT('',#10344);
#3150=VERTEX_POINT('',#10346);
#3151=VERTEX_POINT('',#10348);
#3152=VERTEX_POINT('',#10352);
#3153=VERTEX_POINT('',#10354);
#3154=VERTEX_POINT('',#10358);
#3155=VERTEX_POINT('',#10360);
#3156=VERTEX_POINT('',#10362);
#3157=VERTEX_POINT('',#10364);
#3158=VERTEX_POINT('',#10366);
#3159=VERTEX_POINT('',#10368);
#3160=VERTEX_POINT('',#10370);
#3161=VERTEX_POINT('',#10372);
#3162=VERTEX_POINT('',#10374);
#3163=VERTEX_POINT('',#10376);
#3164=VERTEX_POINT('',#10380);
#3165=VERTEX_POINT('',#10381);
#3166=VERTEX_POINT('',#10383);
#3167=VERTEX_POINT('',#10385);
#3168=VERTEX_POINT('',#10389);
#3169=VERTEX_POINT('',#10391);
#3170=VERTEX_POINT('',#10395);
#3171=VERTEX_POINT('',#10397);
#3172=VERTEX_POINT('',#10399);
#3173=VERTEX_POINT('',#10401);
#3174=VERTEX_POINT('',#10403);
#3175=VERTEX_POINT('',#10405);
#3176=VERTEX_POINT('',#10407);
#3177=VERTEX_POINT('',#10409);
#3178=VERTEX_POINT('',#10411);
#3179=VERTEX_POINT('',#10413);
#3180=VERTEX_POINT('',#10417);
#3181=VERTEX_POINT('',#10419);
#3182=VERTEX_POINT('',#10423);
#3183=VERTEX_POINT('',#10425);
#3184=VERTEX_POINT('',#10427);
#3185=VERTEX_POINT('',#10430);
#3186=VERTEX_POINT('',#10432);
#3187=VERTEX_POINT('',#10434);
#3188=VERTEX_POINT('',#10436);
#3189=VERTEX_POINT('',#10440);
#3190=VERTEX_POINT('',#10444);
#3191=VERTEX_POINT('',#10448);
#3192=VERTEX_POINT('',#10450);
#3193=VERTEX_POINT('',#10452);
#3194=VERTEX_POINT('',#10454);
#3195=VERTEX_POINT('',#10456);
#3196=VERTEX_POINT('',#10459);
#3197=VERTEX_POINT('',#10465);
#3198=VERTEX_POINT('',#10469);
#3199=VERTEX_POINT('',#10471);
#3200=VERTEX_POINT('',#10473);
#3201=VERTEX_POINT('',#10475);
#3202=VERTEX_POINT('',#10477);
#3203=VERTEX_POINT('',#10480);
#3204=VERTEX_POINT('',#10508);
#3205=VERTEX_POINT('',#10510);
#3206=VERTEX_POINT('',#10514);
#3207=VERTEX_POINT('',#10516);
#3208=VERTEX_POINT('',#10525);
#3209=VERTEX_POINT('',#10526);
#3210=VERTEX_POINT('',#10528);
#3211=VERTEX_POINT('',#10530);
#3212=VERTEX_POINT('',#10534);
#3213=VERTEX_POINT('',#10536);
#3214=VERTEX_POINT('',#10540);
#3215=VERTEX_POINT('',#10542);
#3216=VERTEX_POINT('',#10544);
#3217=VERTEX_POINT('',#10546);
#3218=VERTEX_POINT('',#10548);
#3219=VERTEX_POINT('',#10550);
#3220=VERTEX_POINT('',#10552);
#3221=VERTEX_POINT('',#10554);
#3222=VERTEX_POINT('',#10556);
#3223=VERTEX_POINT('',#10558);
#3224=VERTEX_POINT('',#10562);
#3225=VERTEX_POINT('',#10563);
#3226=VERTEX_POINT('',#10565);
#3227=VERTEX_POINT('',#10567);
#3228=VERTEX_POINT('',#10571);
#3229=VERTEX_POINT('',#10573);
#3230=VERTEX_POINT('',#10577);
#3231=VERTEX_POINT('',#10579);
#3232=VERTEX_POINT('',#10581);
#3233=VERTEX_POINT('',#10583);
#3234=VERTEX_POINT('',#10585);
#3235=VERTEX_POINT('',#10587);
#3236=VERTEX_POINT('',#10589);
#3237=VERTEX_POINT('',#10591);
#3238=VERTEX_POINT('',#10593);
#3239=VERTEX_POINT('',#10595);
#3240=VERTEX_POINT('',#10599);
#3241=VERTEX_POINT('',#10601);
#3242=VERTEX_POINT('',#10605);
#3243=VERTEX_POINT('',#10607);
#3244=VERTEX_POINT('',#10609);
#3245=VERTEX_POINT('',#10612);
#3246=VERTEX_POINT('',#10614);
#3247=VERTEX_POINT('',#10616);
#3248=VERTEX_POINT('',#10618);
#3249=VERTEX_POINT('',#10622);
#3250=VERTEX_POINT('',#10626);
#3251=VERTEX_POINT('',#10630);
#3252=VERTEX_POINT('',#10632);
#3253=VERTEX_POINT('',#10634);
#3254=VERTEX_POINT('',#10636);
#3255=VERTEX_POINT('',#10638);
#3256=VERTEX_POINT('',#10641);
#3257=VERTEX_POINT('',#10647);
#3258=VERTEX_POINT('',#10651);
#3259=VERTEX_POINT('',#10653);
#3260=VERTEX_POINT('',#10655);
#3261=VERTEX_POINT('',#10657);
#3262=VERTEX_POINT('',#10659);
#3263=VERTEX_POINT('',#10662);
#3264=VERTEX_POINT('',#10690);
#3265=VERTEX_POINT('',#10692);
#3266=VERTEX_POINT('',#10696);
#3267=VERTEX_POINT('',#10700);
#3268=VERTEX_POINT('',#10707);
#3269=VERTEX_POINT('',#10708);
#3270=VERTEX_POINT('',#10710);
#3271=VERTEX_POINT('',#10712);
#3272=VERTEX_POINT('',#10716);
#3273=VERTEX_POINT('',#10718);
#3274=VERTEX_POINT('',#10722);
#3275=VERTEX_POINT('',#10724);
#3276=VERTEX_POINT('',#10726);
#3277=VERTEX_POINT('',#10728);
#3278=VERTEX_POINT('',#10730);
#3279=VERTEX_POINT('',#10732);
#3280=VERTEX_POINT('',#10734);
#3281=VERTEX_POINT('',#10736);
#3282=VERTEX_POINT('',#10738);
#3283=VERTEX_POINT('',#10740);
#3284=VERTEX_POINT('',#10744);
#3285=VERTEX_POINT('',#10745);
#3286=VERTEX_POINT('',#10747);
#3287=VERTEX_POINT('',#10749);
#3288=VERTEX_POINT('',#10753);
#3289=VERTEX_POINT('',#10755);
#3290=VERTEX_POINT('',#10759);
#3291=VERTEX_POINT('',#10761);
#3292=VERTEX_POINT('',#10763);
#3293=VERTEX_POINT('',#10765);
#3294=VERTEX_POINT('',#10767);
#3295=VERTEX_POINT('',#10769);
#3296=VERTEX_POINT('',#10771);
#3297=VERTEX_POINT('',#10773);
#3298=VERTEX_POINT('',#10775);
#3299=VERTEX_POINT('',#10777);
#3300=VERTEX_POINT('',#10781);
#3301=VERTEX_POINT('',#10783);
#3302=VERTEX_POINT('',#10785);
#3303=VERTEX_POINT('',#10787);
#3304=VERTEX_POINT('',#10789);
#3305=VERTEX_POINT('',#10791);
#3306=VERTEX_POINT('',#10795);
#3307=VERTEX_POINT('',#10799);
#3308=VERTEX_POINT('',#10802);
#3309=VERTEX_POINT('',#10804);
#3310=VERTEX_POINT('',#10806);
#3311=VERTEX_POINT('',#10810);
#3312=VERTEX_POINT('',#10814);
#3313=VERTEX_POINT('',#10818);
#3314=VERTEX_POINT('',#10820);
#3315=VERTEX_POINT('',#10822);
#3316=VERTEX_POINT('',#10824);
#3317=VERTEX_POINT('',#10826);
#3318=VERTEX_POINT('',#10829);
#3319=VERTEX_POINT('',#10835);
#3320=VERTEX_POINT('',#10839);
#3321=VERTEX_POINT('',#10841);
#3322=VERTEX_POINT('',#10843);
#3323=VERTEX_POINT('',#10845);
#3324=VERTEX_POINT('',#10847);
#3325=VERTEX_POINT('',#10850);
#3326=VERTEX_POINT('',#10878);
#3327=VERTEX_POINT('',#10880);
#3328=VERTEX_POINT('',#10884);
#3329=VERTEX_POINT('',#10886);
#3330=VERTEX_POINT('',#10895);
#3331=VERTEX_POINT('',#10896);
#3332=VERTEX_POINT('',#10898);
#3333=VERTEX_POINT('',#10900);
#3334=VERTEX_POINT('',#10904);
#3335=VERTEX_POINT('',#10906);
#3336=VERTEX_POINT('',#10910);
#3337=VERTEX_POINT('',#10912);
#3338=VERTEX_POINT('',#10914);
#3339=VERTEX_POINT('',#10916);
#3340=VERTEX_POINT('',#10918);
#3341=VERTEX_POINT('',#10920);
#3342=VERTEX_POINT('',#10922);
#3343=VERTEX_POINT('',#10924);
#3344=VERTEX_POINT('',#10926);
#3345=VERTEX_POINT('',#10928);
#3346=VERTEX_POINT('',#10932);
#3347=VERTEX_POINT('',#10933);
#3348=VERTEX_POINT('',#10935);
#3349=VERTEX_POINT('',#10937);
#3350=VERTEX_POINT('',#10941);
#3351=VERTEX_POINT('',#10943);
#3352=VERTEX_POINT('',#10947);
#3353=VERTEX_POINT('',#10949);
#3354=VERTEX_POINT('',#10951);
#3355=VERTEX_POINT('',#10953);
#3356=VERTEX_POINT('',#10955);
#3357=VERTEX_POINT('',#10957);
#3358=VERTEX_POINT('',#10959);
#3359=VERTEX_POINT('',#10961);
#3360=VERTEX_POINT('',#10963);
#3361=VERTEX_POINT('',#10965);
#3362=VERTEX_POINT('',#10969);
#3363=VERTEX_POINT('',#10971);
#3364=VERTEX_POINT('',#10975);
#3365=VERTEX_POINT('',#10977);
#3366=VERTEX_POINT('',#10979);
#3367=VERTEX_POINT('',#10982);
#3368=VERTEX_POINT('',#10984);
#3369=VERTEX_POINT('',#10986);
#3370=VERTEX_POINT('',#10988);
#3371=VERTEX_POINT('',#10992);
#3372=VERTEX_POINT('',#10996);
#3373=VERTEX_POINT('',#11000);
#3374=VERTEX_POINT('',#11004);
#3375=VERTEX_POINT('',#11006);
#3376=VERTEX_POINT('',#11008);
#3377=VERTEX_POINT('',#11010);
#3378=VERTEX_POINT('',#11012);
#3379=VERTEX_POINT('',#11015);
#3380=VERTEX_POINT('',#11030);
#3381=VERTEX_POINT('',#11032);
#3382=VERTEX_POINT('',#11036);
#3383=VERTEX_POINT('',#11040);
#3384=VERTEX_POINT('',#11044);
#3385=VERTEX_POINT('',#11052);
#3386=VERTEX_POINT('',#11057);
#3387=VERTEX_POINT('',#11059);
#3388=VERTEX_POINT('',#11063);
#3389=VERTEX_POINT('',#11067);
#3390=VERTEX_POINT('',#11077);
#3391=VERTEX_POINT('',#11078);
#3392=VERTEX_POINT('',#11080);
#3393=VERTEX_POINT('',#11082);
#3394=VERTEX_POINT('',#11086);
#3395=VERTEX_POINT('',#11088);
#3396=VERTEX_POINT('',#11092);
#3397=VERTEX_POINT('',#11094);
#3398=VERTEX_POINT('',#11096);
#3399=VERTEX_POINT('',#11098);
#3400=VERTEX_POINT('',#11100);
#3401=VERTEX_POINT('',#11102);
#3402=VERTEX_POINT('',#11104);
#3403=VERTEX_POINT('',#11106);
#3404=VERTEX_POINT('',#11108);
#3405=VERTEX_POINT('',#11110);
#3406=VERTEX_POINT('',#11114);
#3407=VERTEX_POINT('',#11115);
#3408=VERTEX_POINT('',#11117);
#3409=VERTEX_POINT('',#11119);
#3410=VERTEX_POINT('',#11123);
#3411=VERTEX_POINT('',#11125);
#3412=VERTEX_POINT('',#11129);
#3413=VERTEX_POINT('',#11131);
#3414=VERTEX_POINT('',#11133);
#3415=VERTEX_POINT('',#11135);
#3416=VERTEX_POINT('',#11137);
#3417=VERTEX_POINT('',#11139);
#3418=VERTEX_POINT('',#11141);
#3419=VERTEX_POINT('',#11143);
#3420=VERTEX_POINT('',#11145);
#3421=VERTEX_POINT('',#11147);
#3422=VERTEX_POINT('',#11151);
#3423=VERTEX_POINT('',#11153);
#3424=VERTEX_POINT('',#11157);
#3425=VERTEX_POINT('',#11159);
#3426=VERTEX_POINT('',#11161);
#3427=VERTEX_POINT('',#11164);
#3428=VERTEX_POINT('',#11166);
#3429=VERTEX_POINT('',#11168);
#3430=VERTEX_POINT('',#11170);
#3431=VERTEX_POINT('',#11174);
#3432=VERTEX_POINT('',#11178);
#3433=VERTEX_POINT('',#11182);
#3434=VERTEX_POINT('',#11186);
#3435=VERTEX_POINT('',#11188);
#3436=VERTEX_POINT('',#11190);
#3437=VERTEX_POINT('',#11192);
#3438=VERTEX_POINT('',#11194);
#3439=VERTEX_POINT('',#11197);
#3440=VERTEX_POINT('',#11212);
#3441=VERTEX_POINT('',#11214);
#3442=VERTEX_POINT('',#11218);
#3443=VERTEX_POINT('',#11222);
#3444=VERTEX_POINT('',#11226);
#3445=VERTEX_POINT('',#11234);
#3446=VERTEX_POINT('',#11239);
#3447=VERTEX_POINT('',#11241);
#3448=VERTEX_POINT('',#11245);
#3449=VERTEX_POINT('',#11249);
#3450=VERTEX_POINT('',#11294);
#3451=VERTEX_POINT('',#11295);
#3452=VERTEX_POINT('',#11302);
#3453=VERTEX_POINT('',#11309);
#3454=VERTEX_POINT('',#11348);
#3455=VERTEX_POINT('',#11355);
#3456=VERTEX_POINT('',#11394);
#3457=VERTEX_POINT('',#11401);
#3458=VERTEX_POINT('',#11477);
#3459=VERTEX_POINT('',#11478);
#3460=VERTEX_POINT('',#11485);
#3461=VERTEX_POINT('',#11492);
#3462=VERTEX_POINT('',#11531);
#3463=VERTEX_POINT('',#11538);
#3464=VERTEX_POINT('',#11614);
#3465=VERTEX_POINT('',#11658);
#3466=VERTEX_POINT('',#11659);
#3467=VERTEX_POINT('',#11666);
#3468=VERTEX_POINT('',#11673);
#3469=VERTEX_POINT('',#11712);
#3470=VERTEX_POINT('',#11719);
#3471=VERTEX_POINT('',#11795);
#3472=VERTEX_POINT('',#11839);
#3473=VERTEX_POINT('',#11840);
#3474=VERTEX_POINT('',#11847);
#3475=VERTEX_POINT('',#11854);
#3476=VERTEX_POINT('',#11893);
#3477=VERTEX_POINT('',#11900);
#3478=VERTEX_POINT('',#11939);
#3479=VERTEX_POINT('',#11946);
#3480=VERTEX_POINT('',#12022);
#3481=VERTEX_POINT('',#12023);
#3482=VERTEX_POINT('',#12030);
#3483=VERTEX_POINT('',#12037);
#3484=VERTEX_POINT('',#12076);
#3485=VERTEX_POINT('',#12083);
#3486=VERTEX_POINT('',#12122);
#3487=VERTEX_POINT('',#12129);
#3488=VERTEX_POINT('',#12205);
#3489=VERTEX_POINT('',#12206);
#3490=VERTEX_POINT('',#12213);
#3491=VERTEX_POINT('',#12220);
#3492=VERTEX_POINT('',#12259);
#3493=VERTEX_POINT('',#12266);
#3494=VERTEX_POINT('',#12305);
#3495=VERTEX_POINT('',#12312);
#3496=VERTEX_POINT('',#12388);
#3497=VERTEX_POINT('',#12389);
#3498=VERTEX_POINT('',#12396);
#3499=VERTEX_POINT('',#12403);
#3500=VERTEX_POINT('',#12442);
#3501=VERTEX_POINT('',#12449);
#3502=VERTEX_POINT('',#12525);
#3503=VERTEX_POINT('',#12569);
#3504=VERTEX_POINT('',#12570);
#3505=VERTEX_POINT('',#12577);
#3506=VERTEX_POINT('',#12584);
#3507=VERTEX_POINT('',#12623);
#3508=VERTEX_POINT('',#12630);
#3509=VERTEX_POINT('',#12669);
#3510=VERTEX_POINT('',#12676);
#3511=VERTEX_POINT('',#12752);
#3512=VERTEX_POINT('',#12753);
#3513=VERTEX_POINT('',#12760);
#3514=VERTEX_POINT('',#12767);
#3515=VERTEX_POINT('',#12806);
#3516=VERTEX_POINT('',#12813);
#3517=VERTEX_POINT('',#12852);
#3518=VERTEX_POINT('',#12859);
#3519=VERTEX_POINT('',#12898);
#3520=VERTEX_POINT('',#12905);
#3521=VERTEX_POINT('',#12944);
#3522=VERTEX_POINT('',#12951);
#3523=VERTEX_POINT('',#12990);
#3524=VERTEX_POINT('',#12991);
#3525=VERTEX_POINT('',#12998);
#3526=VERTEX_POINT('',#13005);
#3527=VERTEX_POINT('',#13044);
#3528=VERTEX_POINT('',#13051);
#3529=VERTEX_POINT('',#13127);
#3530=VERTEX_POINT('',#13136);
#3531=VERTEX_POINT('',#13137);
#3532=VERTEX_POINT('',#13139);
#3533=VERTEX_POINT('',#13141);
#3534=VERTEX_POINT('',#13145);
#3535=VERTEX_POINT('',#13147);
#3536=VERTEX_POINT('',#13186);
#3537=VERTEX_POINT('',#13228);
#3538=VERTEX_POINT('',#13235);
#3539=VERTEX_POINT('',#13237);
#3540=VERTEX_POINT('',#13241);
#3541=VERTEX_POINT('',#13242);
#3542=VERTEX_POINT('',#13244);
#3543=VERTEX_POINT('',#13246);
#3544=VERTEX_POINT('',#13325);
#3545=VERTEX_POINT('',#13369);
#3546=VERTEX_POINT('',#13371);
#3547=VERTEX_POINT('',#13418);
#3548=VERTEX_POINT('',#13420);
#3549=VERTEX_POINT('',#13427);
#3550=VERTEX_POINT('',#13435);
#3551=VERTEX_POINT('',#13443);
#3552=VERTEX_POINT('',#13521);
#3553=VERTEX_POINT('',#13560);
#3554=VERTEX_POINT('',#13624);
#3555=VERTEX_POINT('',#13634);
#3556=VERTEX_POINT('',#13635);
#3557=VERTEX_POINT('',#13637);
#3558=VERTEX_POINT('',#13639);
#3559=VERTEX_POINT('',#13643);
#3560=VERTEX_POINT('',#13645);
#3561=VERTEX_POINT('',#13649);
#3562=VERTEX_POINT('',#13650);
#3563=VERTEX_POINT('',#13652);
#3564=VERTEX_POINT('',#13654);
#3565=VERTEX_POINT('',#13658);
#3566=VERTEX_POINT('',#13659);
#3567=VERTEX_POINT('',#13664);
#3568=VERTEX_POINT('',#13665);
#3569=VERTEX_POINT('',#13667);
#3570=VERTEX_POINT('',#13669);
#3571=VERTEX_POINT('',#13673);
#3572=VERTEX_POINT('',#13674);
#3573=VERTEX_POINT('',#13679);
#3574=VERTEX_POINT('',#13680);
#3575=VERTEX_POINT('',#13682);
#3576=VERTEX_POINT('',#13684);
#3577=VERTEX_POINT('',#13688);
#3578=VERTEX_POINT('',#13690);
#3579=VERTEX_POINT('',#13694);
#3580=VERTEX_POINT('',#13695);
#3581=VERTEX_POINT('',#13697);
#3582=VERTEX_POINT('',#13699);
#3583=VERTEX_POINT('',#13703);
#3584=VERTEX_POINT('',#13705);
#3585=VERTEX_POINT('',#13709);
#3586=VERTEX_POINT('',#13710);
#3587=VERTEX_POINT('',#13712);
#3588=VERTEX_POINT('',#13714);
#3589=VERTEX_POINT('',#13718);
#3590=VERTEX_POINT('',#13719);
#3591=VERTEX_POINT('',#13724);
#3592=VERTEX_POINT('',#13726);
#3593=VERTEX_POINT('',#13730);
#3594=VERTEX_POINT('',#13732);
#3595=VERTEX_POINT('',#13736);
#3596=VERTEX_POINT('',#13738);
#3597=VERTEX_POINT('',#13742);
#3598=VERTEX_POINT('',#13744);
#3599=VERTEX_POINT('',#13748);
#3600=VERTEX_POINT('',#13750);
#3601=VERTEX_POINT('',#13754);
#3602=VERTEX_POINT('',#13756);
#3603=VERTEX_POINT('',#13758);
#3604=VERTEX_POINT('',#13760);
#3605=VERTEX_POINT('',#13763);
#3606=VERTEX_POINT('',#13767);
#3607=VERTEX_POINT('',#13772);
#3608=VERTEX_POINT('',#13774);
#3609=VERTEX_POINT('',#13776);
#3610=VERTEX_POINT('',#13778);
#3611=VERTEX_POINT('',#13782);
#3612=VERTEX_POINT('',#13784);
#3613=VERTEX_POINT('',#13786);
#3614=VERTEX_POINT('',#13788);
#3615=VERTEX_POINT('',#13794);
#3616=VERTEX_POINT('',#13796);
#3617=VERTEX_POINT('',#13798);
#3618=VERTEX_POINT('',#13800);
#3619=VERTEX_POINT('',#13804);
#3620=VERTEX_POINT('',#13806);
#3621=VERTEX_POINT('',#13808);
#3622=VERTEX_POINT('',#13810);
#3623=VERTEX_POINT('',#13812);
#3624=VERTEX_POINT('',#13814);
#3625=VERTEX_POINT('',#13816);
#3626=VERTEX_POINT('',#13818);
#3627=VERTEX_POINT('',#13822);
#3628=VERTEX_POINT('',#13823);
#3629=VERTEX_POINT('',#13825);
#3630=VERTEX_POINT('',#13827);
#3631=VERTEX_POINT('',#13831);
#3632=VERTEX_POINT('',#13833);
#3633=VERTEX_POINT('',#13835);
#3634=VERTEX_POINT('',#13837);
#3635=VERTEX_POINT('',#13839);
#3636=VERTEX_POINT('',#13841);
#3637=VERTEX_POINT('',#13843);
#3638=VERTEX_POINT('',#13845);
#3639=VERTEX_POINT('',#13849);
#3640=VERTEX_POINT('',#13850);
#3641=VERTEX_POINT('',#13852);
#3642=VERTEX_POINT('',#13854);
#3643=VERTEX_POINT('',#13858);
#3644=VERTEX_POINT('',#13860);
#3645=VERTEX_POINT('',#13864);
#3646=VERTEX_POINT('',#13865);
#3647=VERTEX_POINT('',#13867);
#3648=VERTEX_POINT('',#13869);
#3649=VERTEX_POINT('',#13871);
#3650=VERTEX_POINT('',#13873);
#3651=VERTEX_POINT('',#13875);
#3652=VERTEX_POINT('',#13877);
#3653=VERTEX_POINT('',#13879);
#3654=VERTEX_POINT('',#13881);
#3655=VERTEX_POINT('',#13883);
#3656=VERTEX_POINT('',#13885);
#3657=VERTEX_POINT('',#13888);
#3658=VERTEX_POINT('',#13890);
#3659=VERTEX_POINT('',#13892);
#3660=VERTEX_POINT('',#13894);
#3661=VERTEX_POINT('',#13896);
#3662=VERTEX_POINT('',#13898);
#3663=VERTEX_POINT('',#13900);
#3664=VERTEX_POINT('',#13902);
#3665=VERTEX_POINT('',#13904);
#3666=VERTEX_POINT('',#13906);
#3667=VERTEX_POINT('',#13909);
#3668=VERTEX_POINT('',#13911);
#3669=VERTEX_POINT('',#13914);
#3670=VERTEX_POINT('',#13916);
#3671=VERTEX_POINT('',#13919);
#3672=VERTEX_POINT('',#13921);
#3673=VERTEX_POINT('',#13924);
#3674=VERTEX_POINT('',#13926);
#3675=VERTEX_POINT('',#13929);
#3676=VERTEX_POINT('',#13931);
#3677=VERTEX_POINT('',#13933);
#3678=VERTEX_POINT('',#13935);
#3679=VERTEX_POINT('',#13937);
#3680=VERTEX_POINT('',#13940);
#3681=VERTEX_POINT('',#13942);
#3682=VERTEX_POINT('',#13945);
#3683=VERTEX_POINT('',#13947);
#3684=VERTEX_POINT('',#13949);
#3685=VERTEX_POINT('',#13951);
#3686=VERTEX_POINT('',#13953);
#3687=VERTEX_POINT('',#13955);
#3688=VERTEX_POINT('',#13957);
#3689=VERTEX_POINT('',#13959);
#3690=VERTEX_POINT('',#13961);
#3691=VERTEX_POINT('',#13963);
#3692=VERTEX_POINT('',#13966);
#3693=VERTEX_POINT('',#13968);
#3694=VERTEX_POINT('',#13971);
#3695=VERTEX_POINT('',#13973);
#3696=VERTEX_POINT('',#13975);
#3697=VERTEX_POINT('',#13977);
#3698=VERTEX_POINT('',#13979);
#3699=VERTEX_POINT('',#13983);
#3700=VERTEX_POINT('',#13985);
#3701=VERTEX_POINT('',#13988);
#3702=VERTEX_POINT('',#13990);
#3703=VERTEX_POINT('',#13992);
#3704=VERTEX_POINT('',#13996);
#3705=VERTEX_POINT('',#13998);
#3706=VERTEX_POINT('',#14002);
#3707=VERTEX_POINT('',#14004);
#3708=VERTEX_POINT('',#14007);
#3709=VERTEX_POINT('',#14009);
#3710=VERTEX_POINT('',#14011);
#3711=VERTEX_POINT('',#14015);
#3712=VERTEX_POINT('',#14017);
#3713=VERTEX_POINT('',#14023);
#3714=VERTEX_POINT('',#14025);
#3715=VERTEX_POINT('',#14031);
#3716=VERTEX_POINT('',#14033);
#3717=VERTEX_POINT('',#14039);
#3718=VERTEX_POINT('',#14041);
#3719=VERTEX_POINT('',#14047);
#3720=VERTEX_POINT('',#14052);
#3721=VERTEX_POINT('',#14054);
#3722=VERTEX_POINT('',#14058);
#3723=VERTEX_POINT('',#14063);
#3724=VERTEX_POINT('',#14065);
#3725=VERTEX_POINT('',#14069);
#3726=VERTEX_POINT('',#14074);
#3727=VERTEX_POINT('',#14076);
#3728=VERTEX_POINT('',#14080);
#3729=VERTEX_POINT('',#14085);
#3730=VERTEX_POINT('',#14087);
#3731=VERTEX_POINT('',#14091);
#3732=VERTEX_POINT('',#14095);
#3733=VERTEX_POINT('',#14102);
#3734=VERTEX_POINT('',#14106);
#3735=VERTEX_POINT('',#14113);
#3736=VERTEX_POINT('',#14117);
#3737=VERTEX_POINT('',#14124);
#3738=VERTEX_POINT('',#14128);
#3739=VERTEX_POINT('',#14135);
#3740=VERTEX_POINT('',#14139);
#3741=VERTEX_POINT('',#14146);
#3742=VERTEX_POINT('',#14150);
#3743=VERTEX_POINT('',#14157);
#3744=VERTEX_POINT('',#14161);
#3745=VERTEX_POINT('',#14168);
#3746=VERTEX_POINT('',#14172);
#3747=VERTEX_POINT('',#14179);
#3748=VERTEX_POINT('',#14183);
#3749=VERTEX_POINT('',#14190);
#3750=VERTEX_POINT('',#14194);
#3751=VERTEX_POINT('',#14201);
#3752=VERTEX_POINT('',#14205);
#3753=VERTEX_POINT('',#14212);
#3754=VERTEX_POINT('',#14216);
#3755=VERTEX_POINT('',#14223);
#3756=VERTEX_POINT('',#14225);
#3757=VERTEX_POINT('',#14229);
#3758=VERTEX_POINT('',#14233);
#3759=VERTEX_POINT('',#14237);
#3760=VERTEX_POINT('',#14241);
#3761=VERTEX_POINT('',#14243);
#3762=VERTEX_POINT('',#14247);
#3763=VERTEX_POINT('',#14251);
#3764=VERTEX_POINT('',#14255);
#3765=VERTEX_POINT('',#14256);
#3766=VERTEX_POINT('',#14258);
#3767=VERTEX_POINT('',#14260);
#3768=VERTEX_POINT('',#14264);
#3769=VERTEX_POINT('',#14265);
#3770=VERTEX_POINT('',#14270);
#3771=VERTEX_POINT('',#14271);
#3772=VERTEX_POINT('',#14276);
#3773=VERTEX_POINT('',#14277);
#3774=VERTEX_POINT('',#14282);
#3775=VERTEX_POINT('',#14283);
#3776=VERTEX_POINT('',#14288);
#3777=VERTEX_POINT('',#14289);
#3778=VERTEX_POINT('',#14294);
#3779=VERTEX_POINT('',#14295);
#3780=VERTEX_POINT('',#14303);
#3781=VERTEX_POINT('',#14305);
#3782=VERTEX_POINT('',#14309);
#3783=VERTEX_POINT('',#14311);
#3784=VERTEX_POINT('',#14314);
#3785=VERTEX_POINT('',#14318);
#3786=VERTEX_POINT('',#14322);
#3787=VERTEX_POINT('',#14327);
#3788=VERTEX_POINT('',#14329);
#3789=VERTEX_POINT('',#14331);
#3790=VERTEX_POINT('',#14334);
#3791=EDGE_CURVE('',#3088,#3089,#2852,.T.);
#3792=EDGE_CURVE('',#3089,#3090,#1240,.T.);
#3793=EDGE_CURVE('',#3090,#3091,#2853,.T.);
#3794=EDGE_CURVE('',#3091,#3088,#1241,.T.);
#3795=EDGE_CURVE('',#3091,#3092,#1242,.T.);
#3796=EDGE_CURVE('',#3093,#3092,#1243,.T.);
#3797=EDGE_CURVE('',#3088,#3093,#1244,.T.);
#3798=EDGE_CURVE('',#3094,#3090,#1245,.T.);
#3799=EDGE_CURVE('',#3095,#3094,#1246,.T.);
#3800=EDGE_CURVE('',#3095,#3096,#2854,.F.);
#3801=EDGE_CURVE('',#3096,#3097,#1247,.T.);
#3802=EDGE_CURVE('',#3098,#3097,#1248,.T.);
#3803=EDGE_CURVE('',#3098,#3099,#1249,.T.);
#3804=EDGE_CURVE('',#3100,#3099,#1250,.T.);
#3805=EDGE_CURVE('',#3101,#3100,#1251,.T.);
#3806=EDGE_CURVE('',#3102,#3101,#2855,.T.);
#3807=EDGE_CURVE('',#3102,#3103,#1252,.T.);
#3808=EDGE_CURVE('',#3092,#3103,#2856,.T.);
#3809=EDGE_CURVE('',#3104,#3105,#2857,.T.);
#3810=EDGE_CURVE('',#3105,#3106,#1253,.T.);
#3811=EDGE_CURVE('',#3106,#3107,#2858,.T.);
#3812=EDGE_CURVE('',#3107,#3104,#1254,.T.);
#3813=EDGE_CURVE('',#3107,#3108,#1255,.T.);
#3814=EDGE_CURVE('',#3109,#3108,#1256,.T.);
#3815=EDGE_CURVE('',#3104,#3109,#1257,.T.);
#3816=EDGE_CURVE('',#3110,#3106,#1258,.T.);
#3817=EDGE_CURVE('',#3111,#3110,#1259,.T.);
#3818=EDGE_CURVE('',#3111,#3112,#2859,.F.);
#3819=EDGE_CURVE('',#3112,#3113,#1260,.T.);
#3820=EDGE_CURVE('',#3114,#3113,#1261,.T.);
#3821=EDGE_CURVE('',#3114,#3115,#1262,.T.);
#3822=EDGE_CURVE('',#3116,#3115,#1263,.T.);
#3823=EDGE_CURVE('',#3117,#3116,#1264,.T.);
#3824=EDGE_CURVE('',#3118,#3117,#2860,.T.);
#3825=EDGE_CURVE('',#3118,#3119,#1265,.T.);
#3826=EDGE_CURVE('',#3108,#3119,#2861,.T.);
#3827=EDGE_CURVE('',#3120,#3112,#1266,.T.);
#3828=EDGE_CURVE('',#3120,#3121,#1267,.T.);
#3829=EDGE_CURVE('',#3121,#3113,#1268,.T.);
#3830=EDGE_CURVE('',#3095,#3122,#1269,.T.);
#3831=EDGE_CURVE('',#3123,#3122,#2862,.F.);
#3832=EDGE_CURVE('',#3124,#3123,#1270,.F.);
#3833=EDGE_CURVE('',#3124,#3120,#2863,.T.);
#3834=EDGE_CURVE('',#3111,#3125,#1271,.T.);
#3835=EDGE_CURVE('',#3126,#3125,#2864,.F.);
#3836=EDGE_CURVE('',#3127,#3126,#1272,.F.);
#3837=EDGE_CURVE('',#3127,#3128,#2865,.T.);
#3838=EDGE_CURVE('',#3128,#3096,#1273,.T.);
#3839=EDGE_CURVE('',#3128,#3129,#1274,.T.);
#3840=EDGE_CURVE('',#3129,#3097,#1275,.T.);
#3841=EDGE_CURVE('',#3130,#3109,#2866,.T.);
#3842=EDGE_CURVE('',#3119,#3130,#1276,.T.);
#3843=EDGE_CURVE('',#3130,#3131,#1277,.T.);
#3844=EDGE_CURVE('',#3132,#3131,#2867,.T.);
#3845=EDGE_CURVE('',#3132,#3133,#1278,.T.);
#3846=EDGE_CURVE('',#3134,#3133,#1279,.T.);
#3847=EDGE_CURVE('',#3135,#3134,#1280,.T.);
#3848=EDGE_CURVE('',#3121,#3135,#1281,.T.);
#3849=EDGE_CURVE('',#3136,#3124,#1282,.T.);
#3850=EDGE_CURVE('',#3105,#3136,#1283,.T.);
#3851=EDGE_CURVE('',#3131,#3118,#1284,.T.);
#3852=EDGE_CURVE('',#3137,#3093,#2868,.T.);
#3853=EDGE_CURVE('',#3103,#3137,#1285,.T.);
#3854=EDGE_CURVE('',#3137,#3138,#1286,.T.);
#3855=EDGE_CURVE('',#3139,#3138,#2869,.T.);
#3856=EDGE_CURVE('',#3139,#3140,#1287,.T.);
#3857=EDGE_CURVE('',#3141,#3140,#1288,.T.);
#3858=EDGE_CURVE('',#3142,#3141,#1289,.T.);
#3859=EDGE_CURVE('',#3129,#3142,#1290,.T.);
#3860=EDGE_CURVE('',#3143,#3127,#1291,.T.);
#3861=EDGE_CURVE('',#3089,#3143,#1292,.T.);
#3862=EDGE_CURVE('',#3138,#3102,#1293,.T.);
#3863=EDGE_CURVE('',#3117,#3132,#1294,.T.);
#3864=EDGE_CURVE('',#3133,#3116,#1295,.T.);
#3865=EDGE_CURVE('',#3114,#3135,#1296,.T.);
#3866=EDGE_CURVE('',#3115,#3134,#1297,.T.);
#3867=EDGE_CURVE('',#3101,#3139,#1298,.T.);
#3868=EDGE_CURVE('',#3140,#3100,#1299,.T.);
#3869=EDGE_CURVE('',#3098,#3142,#1300,.T.);
#3870=EDGE_CURVE('',#3099,#3141,#1301,.T.);
#3871=EDGE_CURVE('',#3110,#3136,#1302,.T.);
#3872=EDGE_CURVE('',#3094,#3143,#1303,.T.);
#3873=EDGE_CURVE('',#3144,#3126,#1304,.T.);
#3874=EDGE_CURVE('',#3145,#3144,#2870,.T.);
#3875=EDGE_CURVE('',#3122,#3145,#1305,.T.);
#3876=EDGE_CURVE('',#3146,#3123,#1306,.T.);
#3877=EDGE_CURVE('',#3147,#3146,#2871,.T.);
#3878=EDGE_CURVE('',#3125,#3147,#1307,.T.);
#3879=EDGE_CURVE('',#3146,#3145,#1308,.T.);
#3880=EDGE_CURVE('',#3144,#3147,#1309,.T.);
#3881=EDGE_CURVE('',#3148,#3149,#2872,.T.);
#3882=EDGE_CURVE('',#3149,#3150,#1310,.T.);
#3883=EDGE_CURVE('',#3150,#3151,#2873,.T.);
#3884=EDGE_CURVE('',#3151,#3148,#1311,.T.);
#3885=EDGE_CURVE('',#3151,#3152,#1312,.T.);
#3886=EDGE_CURVE('',#3153,#3152,#1313,.T.);
#3887=EDGE_CURVE('',#3148,#3153,#1314,.T.);
#3888=EDGE_CURVE('',#3154,#3150,#1315,.T.);
#3889=EDGE_CURVE('',#3155,#3154,#1316,.T.);
#3890=EDGE_CURVE('',#3155,#3156,#2874,.F.);
#3891=EDGE_CURVE('',#3156,#3157,#1317,.T.);
#3892=EDGE_CURVE('',#3158,#3157,#1318,.T.);
#3893=EDGE_CURVE('',#3158,#3159,#1319,.T.);
#3894=EDGE_CURVE('',#3160,#3159,#1320,.T.);
#3895=EDGE_CURVE('',#3161,#3160,#1321,.T.);
#3896=EDGE_CURVE('',#3162,#3161,#2875,.T.);
#3897=EDGE_CURVE('',#3162,#3163,#1322,.T.);
#3898=EDGE_CURVE('',#3152,#3163,#2876,.T.);
#3899=EDGE_CURVE('',#3164,#3165,#2877,.T.);
#3900=EDGE_CURVE('',#3165,#3166,#1323,.T.);
#3901=EDGE_CURVE('',#3166,#3167,#2878,.T.);
#3902=EDGE_CURVE('',#3167,#3164,#1324,.T.);
#3903=EDGE_CURVE('',#3167,#3168,#1325,.T.);
#3904=EDGE_CURVE('',#3169,#3168,#1326,.T.);
#3905=EDGE_CURVE('',#3164,#3169,#1327,.T.);
#3906=EDGE_CURVE('',#3170,#3166,#1328,.T.);
#3907=EDGE_CURVE('',#3171,#3170,#1329,.T.);
#3908=EDGE_CURVE('',#3171,#3172,#2879,.F.);
#3909=EDGE_CURVE('',#3172,#3173,#1330,.T.);
#3910=EDGE_CURVE('',#3174,#3173,#1331,.T.);
#3911=EDGE_CURVE('',#3174,#3175,#1332,.T.);
#3912=EDGE_CURVE('',#3176,#3175,#1333,.T.);
#3913=EDGE_CURVE('',#3177,#3176,#1334,.T.);
#3914=EDGE_CURVE('',#3178,#3177,#2880,.T.);
#3915=EDGE_CURVE('',#3178,#3179,#1335,.T.);
#3916=EDGE_CURVE('',#3168,#3179,#2881,.T.);
#3917=EDGE_CURVE('',#3180,#3156,#1336,.T.);
#3918=EDGE_CURVE('',#3180,#3181,#1337,.T.);
#3919=EDGE_CURVE('',#3181,#3157,#1338,.T.);
#3920=EDGE_CURVE('',#3171,#3182,#1339,.T.);
#3921=EDGE_CURVE('',#3183,#3182,#2882,.F.);
#3922=EDGE_CURVE('',#3184,#3183,#1340,.F.);
#3923=EDGE_CURVE('',#3184,#3180,#2883,.T.);
#3924=EDGE_CURVE('',#3155,#3185,#1341,.T.);
#3925=EDGE_CURVE('',#3186,#3185,#2884,.F.);
#3926=EDGE_CURVE('',#3187,#3186,#1342,.F.);
#3927=EDGE_CURVE('',#3187,#3188,#2885,.T.);
#3928=EDGE_CURVE('',#3188,#3172,#1343,.T.);
#3929=EDGE_CURVE('',#3188,#3189,#1344,.T.);
#3930=EDGE_CURVE('',#3189,#3173,#1345,.T.);
#3931=EDGE_CURVE('',#3190,#3169,#2886,.T.);
#3932=EDGE_CURVE('',#3179,#3190,#1346,.T.);
#3933=EDGE_CURVE('',#3190,#3191,#1347,.T.);
#3934=EDGE_CURVE('',#3192,#3191,#2887,.T.);
#3935=EDGE_CURVE('',#3192,#3193,#1348,.T.);
#3936=EDGE_CURVE('',#3194,#3193,#1349,.T.);
#3937=EDGE_CURVE('',#3195,#3194,#1350,.T.);
#3938=EDGE_CURVE('',#3189,#3195,#1351,.T.);
#3939=EDGE_CURVE('',#3196,#3187,#1352,.T.);
#3940=EDGE_CURVE('',#3165,#3196,#1353,.T.);
#3941=EDGE_CURVE('',#3191,#3178,#1354,.T.);
#3942=EDGE_CURVE('',#3197,#3153,#2888,.T.);
#3943=EDGE_CURVE('',#3163,#3197,#1355,.T.);
#3944=EDGE_CURVE('',#3197,#3198,#1356,.T.);
#3945=EDGE_CURVE('',#3199,#3198,#2889,.T.);
#3946=EDGE_CURVE('',#3199,#3200,#1357,.T.);
#3947=EDGE_CURVE('',#3201,#3200,#1358,.T.);
#3948=EDGE_CURVE('',#3202,#3201,#1359,.T.);
#3949=EDGE_CURVE('',#3181,#3202,#1360,.T.);
#3950=EDGE_CURVE('',#3203,#3184,#1361,.T.);
#3951=EDGE_CURVE('',#3149,#3203,#1362,.T.);
#3952=EDGE_CURVE('',#3198,#3162,#1363,.T.);
#3953=EDGE_CURVE('',#3161,#3199,#1364,.T.);
#3954=EDGE_CURVE('',#3200,#3160,#1365,.T.);
#3955=EDGE_CURVE('',#3158,#3202,#1366,.T.);
#3956=EDGE_CURVE('',#3159,#3201,#1367,.T.);
#3957=EDGE_CURVE('',#3177,#3192,#1368,.T.);
#3958=EDGE_CURVE('',#3193,#3176,#1369,.T.);
#3959=EDGE_CURVE('',#3174,#3195,#1370,.T.);
#3960=EDGE_CURVE('',#3175,#3194,#1371,.T.);
#3961=EDGE_CURVE('',#3170,#3196,#1372,.T.);
#3962=EDGE_CURVE('',#3154,#3203,#1373,.T.);
#3963=EDGE_CURVE('',#3204,#3183,#1374,.T.);
#3964=EDGE_CURVE('',#3205,#3204,#2890,.T.);
#3965=EDGE_CURVE('',#3185,#3205,#1375,.T.);
#3966=EDGE_CURVE('',#3186,#3206,#1376,.T.);
#3967=EDGE_CURVE('',#3207,#3206,#2891,.T.);
#3968=EDGE_CURVE('',#3207,#3182,#1377,.T.);
#3969=EDGE_CURVE('',#3206,#3205,#1378,.T.);
#3970=EDGE_CURVE('',#3204,#3207,#1379,.T.);
#3971=EDGE_CURVE('',#3208,#3209,#2892,.T.);
#3972=EDGE_CURVE('',#3209,#3210,#1380,.T.);
#3973=EDGE_CURVE('',#3210,#3211,#2893,.T.);
#3974=EDGE_CURVE('',#3211,#3208,#1381,.T.);
#3975=EDGE_CURVE('',#3211,#3212,#1382,.T.);
#3976=EDGE_CURVE('',#3213,#3212,#1383,.T.);
#3977=EDGE_CURVE('',#3208,#3213,#1384,.T.);
#3978=EDGE_CURVE('',#3214,#3210,#1385,.T.);
#3979=EDGE_CURVE('',#3215,#3214,#1386,.T.);
#3980=EDGE_CURVE('',#3215,#3216,#2894,.F.);
#3981=EDGE_CURVE('',#3216,#3217,#1387,.T.);
#3982=EDGE_CURVE('',#3218,#3217,#1388,.T.);
#3983=EDGE_CURVE('',#3218,#3219,#1389,.T.);
#3984=EDGE_CURVE('',#3220,#3219,#1390,.T.);
#3985=EDGE_CURVE('',#3221,#3220,#1391,.T.);
#3986=EDGE_CURVE('',#3222,#3221,#2895,.T.);
#3987=EDGE_CURVE('',#3222,#3223,#1392,.T.);
#3988=EDGE_CURVE('',#3212,#3223,#2896,.T.);
#3989=EDGE_CURVE('',#3224,#3225,#2897,.T.);
#3990=EDGE_CURVE('',#3225,#3226,#1393,.T.);
#3991=EDGE_CURVE('',#3226,#3227,#2898,.T.);
#3992=EDGE_CURVE('',#3227,#3224,#1394,.T.);
#3993=EDGE_CURVE('',#3227,#3228,#1395,.T.);
#3994=EDGE_CURVE('',#3229,#3228,#1396,.T.);
#3995=EDGE_CURVE('',#3224,#3229,#1397,.T.);
#3996=EDGE_CURVE('',#3230,#3226,#1398,.T.);
#3997=EDGE_CURVE('',#3231,#3230,#1399,.T.);
#3998=EDGE_CURVE('',#3231,#3232,#2899,.F.);
#3999=EDGE_CURVE('',#3232,#3233,#1400,.T.);
#4000=EDGE_CURVE('',#3234,#3233,#1401,.T.);
#4001=EDGE_CURVE('',#3234,#3235,#1402,.T.);
#4002=EDGE_CURVE('',#3236,#3235,#1403,.T.);
#4003=EDGE_CURVE('',#3237,#3236,#1404,.T.);
#4004=EDGE_CURVE('',#3238,#3237,#2900,.T.);
#4005=EDGE_CURVE('',#3238,#3239,#1405,.T.);
#4006=EDGE_CURVE('',#3228,#3239,#2901,.T.);
#4007=EDGE_CURVE('',#3240,#3232,#1406,.T.);
#4008=EDGE_CURVE('',#3240,#3241,#1407,.T.);
#4009=EDGE_CURVE('',#3241,#3233,#1408,.T.);
#4010=EDGE_CURVE('',#3215,#3242,#1409,.T.);
#4011=EDGE_CURVE('',#3243,#3242,#2902,.F.);
#4012=EDGE_CURVE('',#3244,#3243,#1410,.F.);
#4013=EDGE_CURVE('',#3244,#3240,#2903,.T.);
#4014=EDGE_CURVE('',#3231,#3245,#1411,.T.);
#4015=EDGE_CURVE('',#3246,#3245,#2904,.F.);
#4016=EDGE_CURVE('',#3247,#3246,#1412,.F.);
#4017=EDGE_CURVE('',#3247,#3248,#2905,.T.);
#4018=EDGE_CURVE('',#3248,#3216,#1413,.T.);
#4019=EDGE_CURVE('',#3248,#3249,#1414,.T.);
#4020=EDGE_CURVE('',#3249,#3217,#1415,.T.);
#4021=EDGE_CURVE('',#3250,#3229,#2906,.T.);
#4022=EDGE_CURVE('',#3239,#3250,#1416,.T.);
#4023=EDGE_CURVE('',#3250,#3251,#1417,.T.);
#4024=EDGE_CURVE('',#3252,#3251,#2907,.T.);
#4025=EDGE_CURVE('',#3252,#3253,#1418,.T.);
#4026=EDGE_CURVE('',#3254,#3253,#1419,.T.);
#4027=EDGE_CURVE('',#3255,#3254,#1420,.T.);
#4028=EDGE_CURVE('',#3241,#3255,#1421,.T.);
#4029=EDGE_CURVE('',#3256,#3244,#1422,.T.);
#4030=EDGE_CURVE('',#3225,#3256,#1423,.T.);
#4031=EDGE_CURVE('',#3251,#3238,#1424,.T.);
#4032=EDGE_CURVE('',#3257,#3213,#2908,.T.);
#4033=EDGE_CURVE('',#3223,#3257,#1425,.T.);
#4034=EDGE_CURVE('',#3257,#3258,#1426,.T.);
#4035=EDGE_CURVE('',#3259,#3258,#2909,.T.);
#4036=EDGE_CURVE('',#3259,#3260,#1427,.T.);
#4037=EDGE_CURVE('',#3261,#3260,#1428,.T.);
#4038=EDGE_CURVE('',#3262,#3261,#1429,.T.);
#4039=EDGE_CURVE('',#3249,#3262,#1430,.T.);
#4040=EDGE_CURVE('',#3263,#3247,#1431,.T.);
#4041=EDGE_CURVE('',#3209,#3263,#1432,.T.);
#4042=EDGE_CURVE('',#3258,#3222,#1433,.T.);
#4043=EDGE_CURVE('',#3237,#3252,#1434,.T.);
#4044=EDGE_CURVE('',#3253,#3236,#1435,.T.);
#4045=EDGE_CURVE('',#3234,#3255,#1436,.T.);
#4046=EDGE_CURVE('',#3235,#3254,#1437,.T.);
#4047=EDGE_CURVE('',#3221,#3259,#1438,.T.);
#4048=EDGE_CURVE('',#3260,#3220,#1439,.T.);
#4049=EDGE_CURVE('',#3218,#3262,#1440,.T.);
#4050=EDGE_CURVE('',#3219,#3261,#1441,.T.);
#4051=EDGE_CURVE('',#3214,#3263,#1442,.T.);
#4052=EDGE_CURVE('',#3230,#3256,#1443,.T.);
#4053=EDGE_CURVE('',#3264,#3243,#1444,.T.);
#4054=EDGE_CURVE('',#3265,#3264,#2910,.T.);
#4055=EDGE_CURVE('',#3245,#3265,#1445,.T.);
#4056=EDGE_CURVE('',#3242,#3266,#1446,.T.);
#4057=EDGE_CURVE('',#3264,#3266,#1447,.T.);
#4058=EDGE_CURVE('',#3267,#3246,#1448,.T.);
#4059=EDGE_CURVE('',#3266,#3267,#2911,.T.);
#4060=EDGE_CURVE('',#3267,#3265,#1449,.T.);
#4061=EDGE_CURVE('',#3268,#3269,#2912,.T.);
#4062=EDGE_CURVE('',#3269,#3270,#1450,.T.);
#4063=EDGE_CURVE('',#3270,#3271,#2913,.T.);
#4064=EDGE_CURVE('',#3271,#3268,#1451,.T.);
#4065=EDGE_CURVE('',#3269,#3272,#1452,.T.);
#4066=EDGE_CURVE('',#3273,#3272,#1453,.T.);
#4067=EDGE_CURVE('',#3270,#3273,#1454,.T.);
#4068=EDGE_CURVE('',#3268,#3274,#1455,.T.);
#4069=EDGE_CURVE('',#3275,#3274,#1456,.T.);
#4070=EDGE_CURVE('',#3275,#3276,#2914,.F.);
#4071=EDGE_CURVE('',#3276,#3277,#1457,.T.);
#4072=EDGE_CURVE('',#3278,#3277,#1458,.T.);
#4073=EDGE_CURVE('',#3278,#3279,#1459,.T.);
#4074=EDGE_CURVE('',#3280,#3279,#1460,.T.);
#4075=EDGE_CURVE('',#3281,#3280,#1461,.T.);
#4076=EDGE_CURVE('',#3282,#3281,#2915,.T.);
#4077=EDGE_CURVE('',#3282,#3283,#1462,.T.);
#4078=EDGE_CURVE('',#3272,#3283,#2916,.T.);
#4079=EDGE_CURVE('',#3284,#3285,#2917,.T.);
#4080=EDGE_CURVE('',#3285,#3286,#1463,.T.);
#4081=EDGE_CURVE('',#3286,#3287,#2918,.T.);
#4082=EDGE_CURVE('',#3287,#3284,#1464,.T.);
#4083=EDGE_CURVE('',#3285,#3288,#1465,.T.);
#4084=EDGE_CURVE('',#3289,#3288,#1466,.T.);
#4085=EDGE_CURVE('',#3286,#3289,#1467,.T.);
#4086=EDGE_CURVE('',#3284,#3290,#1468,.T.);
#4087=EDGE_CURVE('',#3291,#3290,#1469,.T.);
#4088=EDGE_CURVE('',#3291,#3292,#2919,.F.);
#4089=EDGE_CURVE('',#3292,#3293,#1470,.T.);
#4090=EDGE_CURVE('',#3294,#3293,#1471,.T.);
#4091=EDGE_CURVE('',#3294,#3295,#1472,.T.);
#4092=EDGE_CURVE('',#3296,#3295,#1473,.T.);
#4093=EDGE_CURVE('',#3297,#3296,#1474,.T.);
#4094=EDGE_CURVE('',#3298,#3297,#2920,.T.);
#4095=EDGE_CURVE('',#3298,#3299,#1475,.T.);
#4096=EDGE_CURVE('',#3288,#3299,#2921,.T.);
#4097=EDGE_CURVE('',#3275,#3300,#1476,.T.);
#4098=EDGE_CURVE('',#3301,#3300,#2922,.F.);
#4099=EDGE_CURVE('',#3302,#3301,#1477,.T.);
#4100=EDGE_CURVE('',#3302,#3303,#2923,.T.);
#4101=EDGE_CURVE('',#3304,#3303,#1478,.F.);
#4102=EDGE_CURVE('',#3304,#3305,#2924,.T.);
#4103=EDGE_CURVE('',#3305,#3276,#1479,.T.);
#4104=EDGE_CURVE('',#3305,#3306,#1480,.T.);
#4105=EDGE_CURVE('',#3306,#3277,#1481,.T.);
#4106=EDGE_CURVE('',#3291,#3307,#1482,.T.);
#4107=EDGE_CURVE('',#3302,#3307,#2925,.F.);
#4108=EDGE_CURVE('',#3301,#3308,#2926,.T.);
#4109=EDGE_CURVE('',#3309,#3308,#1483,.F.);
#4110=EDGE_CURVE('',#3309,#3310,#2927,.T.);
#4111=EDGE_CURVE('',#3310,#3292,#1484,.T.);
#4112=EDGE_CURVE('',#3310,#3311,#1485,.T.);
#4113=EDGE_CURVE('',#3311,#3293,#1486,.T.);
#4114=EDGE_CURVE('',#3312,#3273,#2928,.T.);
#4115=EDGE_CURVE('',#3283,#3312,#1487,.T.);
#4116=EDGE_CURVE('',#3312,#3313,#1488,.T.);
#4117=EDGE_CURVE('',#3314,#3313,#2929,.T.);
#4118=EDGE_CURVE('',#3314,#3315,#1489,.T.);
#4119=EDGE_CURVE('',#3316,#3315,#1490,.T.);
#4120=EDGE_CURVE('',#3317,#3316,#1491,.T.);
#4121=EDGE_CURVE('',#3306,#3317,#1492,.T.);
#4122=EDGE_CURVE('',#3318,#3304,#1493,.T.);
#4123=EDGE_CURVE('',#3318,#3271,#1494,.T.);
#4124=EDGE_CURVE('',#3313,#3282,#1495,.T.);
#4125=EDGE_CURVE('',#3319,#3289,#2930,.T.);
#4126=EDGE_CURVE('',#3299,#3319,#1496,.T.);
#4127=EDGE_CURVE('',#3319,#3320,#1497,.T.);
#4128=EDGE_CURVE('',#3321,#3320,#2931,.T.);
#4129=EDGE_CURVE('',#3321,#3322,#1498,.T.);
#4130=EDGE_CURVE('',#3323,#3322,#1499,.T.);
#4131=EDGE_CURVE('',#3324,#3323,#1500,.T.);
#4132=EDGE_CURVE('',#3311,#3324,#1501,.T.);
#4133=EDGE_CURVE('',#3325,#3309,#1502,.T.);
#4134=EDGE_CURVE('',#3325,#3287,#1503,.T.);
#4135=EDGE_CURVE('',#3320,#3298,#1504,.T.);
#4136=EDGE_CURVE('',#3281,#3314,#1505,.T.);
#4137=EDGE_CURVE('',#3315,#3280,#1506,.T.);
#4138=EDGE_CURVE('',#3278,#3317,#1507,.T.);
#4139=EDGE_CURVE('',#3279,#3316,#1508,.T.);
#4140=EDGE_CURVE('',#3297,#3321,#1509,.T.);
#4141=EDGE_CURVE('',#3322,#3296,#1510,.T.);
#4142=EDGE_CURVE('',#3294,#3324,#1511,.T.);
#4143=EDGE_CURVE('',#3295,#3323,#1512,.T.);
#4144=EDGE_CURVE('',#3274,#3318,#1513,.T.);
#4145=EDGE_CURVE('',#3290,#3325,#1514,.T.);
#4146=EDGE_CURVE('',#3326,#3303,#1515,.T.);
#4147=EDGE_CURVE('',#3327,#3326,#2932,.T.);
#4148=EDGE_CURVE('',#3300,#3327,#1516,.T.);
#4149=EDGE_CURVE('',#3328,#3308,#1517,.T.);
#4150=EDGE_CURVE('',#3329,#3328,#2933,.T.);
#4151=EDGE_CURVE('',#3307,#3329,#1518,.T.);
#4152=EDGE_CURVE('',#3328,#3327,#1519,.T.);
#4153=EDGE_CURVE('',#3326,#3329,#1520,.T.);
#4154=EDGE_CURVE('',#3330,#3331,#2934,.T.);
#4155=EDGE_CURVE('',#3331,#3332,#1521,.T.);
#4156=EDGE_CURVE('',#3332,#3333,#2935,.T.);
#4157=EDGE_CURVE('',#3333,#3330,#1522,.T.);
#4158=EDGE_CURVE('',#3334,#3331,#1523,.T.);
#4159=EDGE_CURVE('',#3335,#3334,#1524,.T.);
#4160=EDGE_CURVE('',#3332,#3335,#1525,.T.);
#4161=EDGE_CURVE('',#3330,#3336,#1526,.T.);
#4162=EDGE_CURVE('',#3337,#3336,#1527,.T.);
#4163=EDGE_CURVE('',#3337,#3338,#2936,.F.);
#4164=EDGE_CURVE('',#3338,#3339,#1528,.T.);
#4165=EDGE_CURVE('',#3340,#3339,#1529,.T.);
#4166=EDGE_CURVE('',#3340,#3341,#1530,.T.);
#4167=EDGE_CURVE('',#3342,#3341,#1531,.T.);
#4168=EDGE_CURVE('',#3343,#3342,#1532,.T.);
#4169=EDGE_CURVE('',#3344,#3343,#2937,.T.);
#4170=EDGE_CURVE('',#3344,#3345,#1533,.T.);
#4171=EDGE_CURVE('',#3334,#3345,#2938,.T.);
#4172=EDGE_CURVE('',#3346,#3347,#2939,.T.);
#4173=EDGE_CURVE('',#3347,#3348,#1534,.T.);
#4174=EDGE_CURVE('',#3348,#3349,#2940,.T.);
#4175=EDGE_CURVE('',#3349,#3346,#1535,.T.);
#4176=EDGE_CURVE('',#3350,#3347,#1536,.T.);
#4177=EDGE_CURVE('',#3351,#3350,#1537,.T.);
#4178=EDGE_CURVE('',#3348,#3351,#1538,.T.);
#4179=EDGE_CURVE('',#3346,#3352,#1539,.T.);
#4180=EDGE_CURVE('',#3353,#3352,#1540,.T.);
#4181=EDGE_CURVE('',#3353,#3354,#2941,.F.);
#4182=EDGE_CURVE('',#3354,#3355,#1541,.T.);
#4183=EDGE_CURVE('',#3356,#3355,#1542,.T.);
#4184=EDGE_CURVE('',#3356,#3357,#1543,.T.);
#4185=EDGE_CURVE('',#3358,#3357,#1544,.T.);
#4186=EDGE_CURVE('',#3359,#3358,#1545,.T.);
#4187=EDGE_CURVE('',#3360,#3359,#2942,.T.);
#4188=EDGE_CURVE('',#3360,#3361,#1546,.T.);
#4189=EDGE_CURVE('',#3350,#3361,#2943,.T.);
#4190=EDGE_CURVE('',#3362,#3338,#1547,.T.);
#4191=EDGE_CURVE('',#3362,#3363,#1548,.T.);
#4192=EDGE_CURVE('',#3363,#3339,#1549,.T.);
#4193=EDGE_CURVE('',#3353,#3364,#1550,.T.);
#4194=EDGE_CURVE('',#3365,#3364,#2944,.F.);
#4195=EDGE_CURVE('',#3366,#3365,#1551,.F.);
#4196=EDGE_CURVE('',#3366,#3362,#2945,.T.);
#4197=EDGE_CURVE('',#3337,#3367,#1552,.T.);
#4198=EDGE_CURVE('',#3368,#3367,#2946,.F.);
#4199=EDGE_CURVE('',#3369,#3368,#1553,.F.);
#4200=EDGE_CURVE('',#3369,#3370,#2947,.T.);
#4201=EDGE_CURVE('',#3370,#3354,#1554,.T.);
#4202=EDGE_CURVE('',#3370,#3371,#1555,.T.);
#4203=EDGE_CURVE('',#3371,#3355,#1556,.T.);
#4204=EDGE_CURVE('',#3372,#3351,#2948,.T.);
#4205=EDGE_CURVE('',#3361,#3372,#1557,.T.);
#4206=EDGE_CURVE('',#3373,#3335,#2949,.T.);
#4207=EDGE_CURVE('',#3345,#3373,#1558,.T.);
#4208=EDGE_CURVE('',#3373,#3374,#1559,.T.);
#4209=EDGE_CURVE('',#3375,#3374,#2950,.T.);
#4210=EDGE_CURVE('',#3375,#3376,#1560,.T.);
#4211=EDGE_CURVE('',#3377,#3376,#1561,.T.);
#4212=EDGE_CURVE('',#3378,#3377,#1562,.T.);
#4213=EDGE_CURVE('',#3363,#3378,#1563,.T.);
#4214=EDGE_CURVE('',#3379,#3366,#1564,.T.);
#4215=EDGE_CURVE('',#3379,#3333,#1565,.T.);
#4216=EDGE_CURVE('',#3374,#3344,#1566,.T.);
#4217=EDGE_CURVE('',#3343,#3375,#1567,.T.);
#4218=EDGE_CURVE('',#3376,#3342,#1568,.T.);
#4219=EDGE_CURVE('',#3340,#3378,#1569,.T.);
#4220=EDGE_CURVE('',#3341,#3377,#1570,.T.);
#4221=EDGE_CURVE('',#3359,#3380,#1571,.T.);
#4222=EDGE_CURVE('',#3380,#3381,#2951,.T.);
#4223=EDGE_CURVE('',#3381,#3360,#1572,.T.);
#4224=EDGE_CURVE('',#3382,#3358,#1573,.T.);
#4225=EDGE_CURVE('',#3380,#3382,#1574,.T.);
#4226=EDGE_CURVE('',#3371,#3383,#1575,.T.);
#4227=EDGE_CURVE('',#3356,#3383,#1576,.T.);
#4228=EDGE_CURVE('',#3383,#3384,#1577,.T.);
#4229=EDGE_CURVE('',#3357,#3384,#1578,.T.);
#4230=EDGE_CURVE('',#3384,#3382,#1579,.T.);
#4231=EDGE_CURVE('',#3372,#3381,#1580,.T.);
#4232=EDGE_CURVE('',#3385,#3369,#1581,.T.);
#4233=EDGE_CURVE('',#3385,#3349,#1582,.T.);
#4234=EDGE_CURVE('',#3336,#3379,#1583,.T.);
#4235=EDGE_CURVE('',#3386,#3365,#1584,.T.);
#4236=EDGE_CURVE('',#3387,#3386,#2952,.T.);
#4237=EDGE_CURVE('',#3367,#3387,#1585,.T.);
#4238=EDGE_CURVE('',#3364,#3388,#1586,.T.);
#4239=EDGE_CURVE('',#3386,#3388,#1587,.T.);
#4240=EDGE_CURVE('',#3389,#3368,#1588,.T.);
#4241=EDGE_CURVE('',#3388,#3389,#2953,.T.);
#4242=EDGE_CURVE('',#3352,#3385,#1589,.T.);
#4243=EDGE_CURVE('',#3389,#3387,#1590,.T.);
#4244=EDGE_CURVE('',#3390,#3391,#2954,.T.);
#4245=EDGE_CURVE('',#3391,#3392,#1591,.T.);
#4246=EDGE_CURVE('',#3392,#3393,#2955,.T.);
#4247=EDGE_CURVE('',#3393,#3390,#1592,.T.);
#4248=EDGE_CURVE('',#3394,#3391,#1593,.T.);
#4249=EDGE_CURVE('',#3395,#3394,#1594,.T.);
#4250=EDGE_CURVE('',#3392,#3395,#1595,.T.);
#4251=EDGE_CURVE('',#3390,#3396,#1596,.T.);
#4252=EDGE_CURVE('',#3397,#3396,#1597,.T.);
#4253=EDGE_CURVE('',#3397,#3398,#2956,.F.);
#4254=EDGE_CURVE('',#3398,#3399,#1598,.T.);
#4255=EDGE_CURVE('',#3400,#3399,#1599,.T.);
#4256=EDGE_CURVE('',#3400,#3401,#1600,.T.);
#4257=EDGE_CURVE('',#3402,#3401,#1601,.T.);
#4258=EDGE_CURVE('',#3403,#3402,#1602,.T.);
#4259=EDGE_CURVE('',#3404,#3403,#2957,.T.);
#4260=EDGE_CURVE('',#3404,#3405,#1603,.T.);
#4261=EDGE_CURVE('',#3394,#3405,#2958,.T.);
#4262=EDGE_CURVE('',#3406,#3407,#2959,.T.);
#4263=EDGE_CURVE('',#3407,#3408,#1604,.T.);
#4264=EDGE_CURVE('',#3408,#3409,#2960,.T.);
#4265=EDGE_CURVE('',#3409,#3406,#1605,.T.);
#4266=EDGE_CURVE('',#3410,#3407,#1606,.T.);
#4267=EDGE_CURVE('',#3411,#3410,#1607,.T.);
#4268=EDGE_CURVE('',#3408,#3411,#1608,.T.);
#4269=EDGE_CURVE('',#3406,#3412,#1609,.T.);
#4270=EDGE_CURVE('',#3413,#3412,#1610,.T.);
#4271=EDGE_CURVE('',#3413,#3414,#2961,.F.);
#4272=EDGE_CURVE('',#3414,#3415,#1611,.T.);
#4273=EDGE_CURVE('',#3416,#3415,#1612,.T.);
#4274=EDGE_CURVE('',#3416,#3417,#1613,.T.);
#4275=EDGE_CURVE('',#3418,#3417,#1614,.T.);
#4276=EDGE_CURVE('',#3419,#3418,#1615,.T.);
#4277=EDGE_CURVE('',#3420,#3419,#2962,.T.);
#4278=EDGE_CURVE('',#3420,#3421,#1616,.T.);
#4279=EDGE_CURVE('',#3410,#3421,#2963,.T.);
#4280=EDGE_CURVE('',#3422,#3398,#1617,.T.);
#4281=EDGE_CURVE('',#3422,#3423,#1618,.T.);
#4282=EDGE_CURVE('',#3423,#3399,#1619,.T.);
#4283=EDGE_CURVE('',#3413,#3424,#1620,.T.);
#4284=EDGE_CURVE('',#3425,#3424,#2964,.F.);
#4285=EDGE_CURVE('',#3426,#3425,#1621,.F.);
#4286=EDGE_CURVE('',#3426,#3422,#2965,.T.);
#4287=EDGE_CURVE('',#3397,#3427,#1622,.T.);
#4288=EDGE_CURVE('',#3428,#3427,#2966,.F.);
#4289=EDGE_CURVE('',#3429,#3428,#1623,.F.);
#4290=EDGE_CURVE('',#3429,#3430,#2967,.T.);
#4291=EDGE_CURVE('',#3430,#3414,#1624,.T.);
#4292=EDGE_CURVE('',#3430,#3431,#1625,.T.);
#4293=EDGE_CURVE('',#3431,#3415,#1626,.T.);
#4294=EDGE_CURVE('',#3432,#3395,#2968,.T.);
#4295=EDGE_CURVE('',#3405,#3432,#1627,.T.);
#4296=EDGE_CURVE('',#3433,#3411,#2969,.T.);
#4297=EDGE_CURVE('',#3421,#3433,#1628,.T.);
#4298=EDGE_CURVE('',#3433,#3434,#1629,.T.);
#4299=EDGE_CURVE('',#3435,#3434,#2970,.T.);
#4300=EDGE_CURVE('',#3435,#3436,#1630,.T.);
#4301=EDGE_CURVE('',#3437,#3436,#1631,.T.);
#4302=EDGE_CURVE('',#3438,#3437,#1632,.T.);
#4303=EDGE_CURVE('',#3431,#3438,#1633,.T.);
#4304=EDGE_CURVE('',#3439,#3429,#1634,.T.);
#4305=EDGE_CURVE('',#3439,#3409,#1635,.T.);
#4306=EDGE_CURVE('',#3434,#3420,#1636,.T.);
#4307=EDGE_CURVE('',#3419,#3435,#1637,.T.);
#4308=EDGE_CURVE('',#3436,#3418,#1638,.T.);
#4309=EDGE_CURVE('',#3416,#3438,#1639,.T.);
#4310=EDGE_CURVE('',#3417,#3437,#1640,.T.);
#4311=EDGE_CURVE('',#3403,#3440,#1641,.T.);
#4312=EDGE_CURVE('',#3440,#3441,#2971,.T.);
#4313=EDGE_CURVE('',#3441,#3404,#1642,.T.);
#4314=EDGE_CURVE('',#3442,#3402,#1643,.T.);
#4315=EDGE_CURVE('',#3440,#3442,#1644,.T.);
#4316=EDGE_CURVE('',#3423,#3443,#1645,.T.);
#4317=EDGE_CURVE('',#3400,#3443,#1646,.T.);
#4318=EDGE_CURVE('',#3443,#3444,#1647,.T.);
#4319=EDGE_CURVE('',#3401,#3444,#1648,.T.);
#4320=EDGE_CURVE('',#3444,#3442,#1649,.T.);
#4321=EDGE_CURVE('',#3432,#3441,#1650,.T.);
#4322=EDGE_CURVE('',#3445,#3426,#1651,.T.);
#4323=EDGE_CURVE('',#3445,#3393,#1652,.T.);
#4324=EDGE_CURVE('',#3412,#3439,#1653,.T.);
#4325=EDGE_CURVE('',#3446,#3428,#1654,.T.);
#4326=EDGE_CURVE('',#3447,#3446,#2972,.T.);
#4327=EDGE_CURVE('',#3424,#3447,#1655,.T.);
#4328=EDGE_CURVE('',#3427,#3448,#1656,.T.);
#4329=EDGE_CURVE('',#3446,#3448,#1657,.T.);
#4330=EDGE_CURVE('',#3449,#3425,#1658,.T.);
#4331=EDGE_CURVE('',#3448,#3449,#2973,.T.);
#4332=EDGE_CURVE('',#3396,#3445,#1659,.T.);
#4333=EDGE_CURVE('',#3449,#3447,#1660,.T.);
#4334=EDGE_CURVE('',#3450,#3451,#39,.T.);
#4335=EDGE_CURVE('',#3450,#3452,#40,.T.);
#4336=EDGE_CURVE('',#3453,#3452,#2974,.T.);
#4337=EDGE_CURVE('',#3453,#3451,#2975,.T.);
#4338=EDGE_CURVE('',#3450,#3454,#41,.T.);
#4339=EDGE_CURVE('',#3454,#3455,#2976,.T.);
#4340=EDGE_CURVE('',#3452,#3455,#2977,.T.);
#4341=EDGE_CURVE('',#3450,#3456,#42,.T.);
#4342=EDGE_CURVE('',#3457,#3456,#2978,.T.);
#4343=EDGE_CURVE('',#3457,#3454,#2979,.T.);
#4344=EDGE_CURVE('',#3456,#3450,#2980,.T.);
#4345=EDGE_CURVE('',#3458,#3459,#43,.T.);
#4346=EDGE_CURVE('',#3458,#3460,#44,.T.);
#4347=EDGE_CURVE('',#3460,#3461,#2981,.T.);
#4348=EDGE_CURVE('',#3459,#3461,#2982,.T.);
#4349=EDGE_CURVE('',#3458,#3462,#45,.T.);
#4350=EDGE_CURVE('',#3463,#3462,#2983,.T.);
#4351=EDGE_CURVE('',#3463,#3460,#2984,.T.);
#4352=EDGE_CURVE('',#3462,#3458,#2985,.T.);
#4353=EDGE_CURVE('',#3458,#3464,#46,.T.);
#4354=EDGE_CURVE('',#3464,#3458,#2986,.F.);
#4355=EDGE_CURVE('',#3465,#3466,#47,.T.);
#4356=EDGE_CURVE('',#3465,#3467,#48,.T.);
#4357=EDGE_CURVE('',#3467,#3468,#2987,.T.);
#4358=EDGE_CURVE('',#3466,#3468,#2988,.T.);
#4359=EDGE_CURVE('',#3465,#3469,#49,.T.);
#4360=EDGE_CURVE('',#3470,#3469,#2989,.T.);
#4361=EDGE_CURVE('',#3470,#3467,#2990,.T.);
#4362=EDGE_CURVE('',#3469,#3465,#2991,.T.);
#4363=EDGE_CURVE('',#3465,#3471,#50,.T.);
#4364=EDGE_CURVE('',#3471,#3465,#2992,.F.);
#4365=EDGE_CURVE('',#3472,#3473,#51,.T.);
#4366=EDGE_CURVE('',#3472,#3474,#52,.T.);
#4367=EDGE_CURVE('',#3475,#3474,#2993,.T.);
#4368=EDGE_CURVE('',#3475,#3473,#2994,.T.);
#4369=EDGE_CURVE('',#3472,#3476,#53,.T.);
#4370=EDGE_CURVE('',#3476,#3477,#2995,.T.);
#4371=EDGE_CURVE('',#3474,#3477,#2996,.T.);
#4372=EDGE_CURVE('',#3472,#3478,#54,.T.);
#4373=EDGE_CURVE('',#3479,#3478,#2997,.T.);
#4374=EDGE_CURVE('',#3479,#3476,#2998,.T.);
#4375=EDGE_CURVE('',#3478,#3472,#2999,.T.);
#4376=EDGE_CURVE('',#3480,#3481,#55,.T.);
#4377=EDGE_CURVE('',#3480,#3482,#56,.T.);
#4378=EDGE_CURVE('',#3483,#3482,#3000,.T.);
#4379=EDGE_CURVE('',#3483,#3481,#3001,.T.);
#4380=EDGE_CURVE('',#3480,#3484,#57,.T.);
#4381=EDGE_CURVE('',#3484,#3485,#3002,.T.);
#4382=EDGE_CURVE('',#3482,#3485,#3003,.T.);
#4383=EDGE_CURVE('',#3480,#3486,#58,.T.);
#4384=EDGE_CURVE('',#3487,#3486,#3004,.T.);
#4385=EDGE_CURVE('',#3487,#3484,#3005,.T.);
#4386=EDGE_CURVE('',#3486,#3480,#3006,.T.);
#4387=EDGE_CURVE('',#3488,#3489,#59,.T.);
#4388=EDGE_CURVE('',#3488,#3490,#60,.T.);
#4389=EDGE_CURVE('',#3491,#3490,#3007,.T.);
#4390=EDGE_CURVE('',#3491,#3489,#3008,.T.);
#4391=EDGE_CURVE('',#3488,#3492,#61,.T.);
#4392=EDGE_CURVE('',#3492,#3493,#3009,.T.);
#4393=EDGE_CURVE('',#3490,#3493,#3010,.T.);
#4394=EDGE_CURVE('',#3488,#3494,#62,.T.);
#4395=EDGE_CURVE('',#3495,#3494,#3011,.T.);
#4396=EDGE_CURVE('',#3495,#3492,#3012,.T.);
#4397=EDGE_CURVE('',#3494,#3488,#3013,.T.);
#4398=EDGE_CURVE('',#3496,#3497,#63,.T.);
#4399=EDGE_CURVE('',#3496,#3498,#64,.T.);
#4400=EDGE_CURVE('',#3498,#3499,#3014,.T.);
#4401=EDGE_CURVE('',#3497,#3499,#3015,.T.);
#4402=EDGE_CURVE('',#3496,#3500,#65,.T.);
#4403=EDGE_CURVE('',#3501,#3500,#3016,.T.);
#4404=EDGE_CURVE('',#3501,#3498,#3017,.T.);
#4405=EDGE_CURVE('',#3500,#3496,#3018,.T.);
#4406=EDGE_CURVE('',#3496,#3502,#66,.T.);
#4407=EDGE_CURVE('',#3502,#3496,#3019,.F.);
#4408=EDGE_CURVE('',#3503,#3504,#67,.T.);
#4409=EDGE_CURVE('',#3503,#3505,#68,.T.);
#4410=EDGE_CURVE('',#3506,#3505,#3020,.T.);
#4411=EDGE_CURVE('',#3506,#3504,#3021,.T.);
#4412=EDGE_CURVE('',#3503,#3507,#69,.T.);
#4413=EDGE_CURVE('',#3507,#3508,#3022,.T.);
#4414=EDGE_CURVE('',#3505,#3508,#3023,.T.);
#4415=EDGE_CURVE('',#3503,#3509,#70,.T.);
#4416=EDGE_CURVE('',#3510,#3509,#3024,.T.);
#4417=EDGE_CURVE('',#3510,#3507,#3025,.T.);
#4418=EDGE_CURVE('',#3509,#3503,#3026,.T.);
#4419=EDGE_CURVE('',#3511,#3512,#71,.T.);
#4420=EDGE_CURVE('',#3511,#3513,#72,.T.);
#4421=EDGE_CURVE('',#3513,#3514,#3027,.T.);
#4422=EDGE_CURVE('',#3512,#3514,#3028,.T.);
#4423=EDGE_CURVE('',#3511,#3515,#73,.T.);
#4424=EDGE_CURVE('',#3515,#3516,#3029,.F.);
#4425=EDGE_CURVE('',#3516,#3513,#3030,.T.);
#4426=EDGE_CURVE('',#3511,#3517,#74,.T.);
#4427=EDGE_CURVE('',#3517,#3518,#3031,.T.);
#4428=EDGE_CURVE('',#3518,#3515,#3032,.F.);
#4429=EDGE_CURVE('',#3511,#3519,#75,.T.);
#4430=EDGE_CURVE('',#3520,#3519,#3033,.T.);
#4431=EDGE_CURVE('',#3520,#3517,#3034,.T.);
#4432=EDGE_CURVE('',#3511,#3521,#76,.T.);
#4433=EDGE_CURVE('',#3521,#3522,#3035,.T.);
#4434=EDGE_CURVE('',#3519,#3522,#3036,.T.);
#4435=EDGE_CURVE('',#3523,#3524,#77,.T.);
#4436=EDGE_CURVE('',#3523,#3525,#78,.T.);
#4437=EDGE_CURVE('',#3525,#3526,#3037,.T.);
#4438=EDGE_CURVE('',#3524,#3526,#3038,.T.);
#4439=EDGE_CURVE('',#3523,#3527,#79,.T.);
#4440=EDGE_CURVE('',#3528,#3527,#3039,.T.);
#4441=EDGE_CURVE('',#3528,#3525,#3040,.T.);
#4442=EDGE_CURVE('',#3527,#3523,#3041,.T.);
#4443=EDGE_CURVE('',#3523,#3529,#80,.T.);
#4444=EDGE_CURVE('',#3529,#3523,#3042,.F.);
#4445=EDGE_CURVE('',#3530,#3531,#1661,.T.);
#4446=EDGE_CURVE('',#3531,#3532,#3043,.F.);
#4447=EDGE_CURVE('',#3532,#3533,#1662,.T.);
#4448=EDGE_CURVE('',#3533,#3530,#33,.T.);
#4449=EDGE_CURVE('',#3533,#3534,#1663,.T.);
#4450=EDGE_CURVE('',#3534,#3535,#34,.T.);
#4451=EDGE_CURVE('',#3535,#3530,#1664,.T.);
#4452=EDGE_CURVE('',#3536,#3524,#3044,.T.);
#4453=EDGE_CURVE('',#3536,#3529,#3045,.T.);
#4454=EDGE_CURVE('',#3534,#3528,#1665,.T.);
#4455=EDGE_CURVE('',#3523,#3535,#1666,.T.);
#4456=EDGE_CURVE('',#3537,#3512,#3046,.T.);
#4457=EDGE_CURVE('',#3537,#3521,#3047,.T.);
#4458=EDGE_CURVE('',#3526,#3537,#1667,.T.);
#4459=EDGE_CURVE('',#3514,#3536,#1668,.T.);
#4460=EDGE_CURVE('',#3538,#3520,#1669,.T.);
#4461=EDGE_CURVE('',#3522,#3539,#1670,.T.);
#4462=EDGE_CURVE('',#3539,#3538,#35,.T.);
#4463=EDGE_CURVE('',#3540,#3541,#1671,.T.);
#4464=EDGE_CURVE('',#3541,#3542,#3048,.F.);
#4465=EDGE_CURVE('',#3542,#3543,#1672,.T.);
#4466=EDGE_CURVE('',#3543,#3540,#36,.T.);
#4467=EDGE_CURVE('',#3504,#3503,#3049,.F.);
#4468=EDGE_CURVE('',#3539,#3510,#1673,.T.);
#4469=EDGE_CURVE('',#3503,#3538,#1674,.T.);
#4470=EDGE_CURVE('',#3544,#3497,#3050,.T.);
#4471=EDGE_CURVE('',#3544,#3502,#3051,.T.);
#4472=EDGE_CURVE('',#3508,#3501,#1675,.T.);
#4473=EDGE_CURVE('',#3496,#3506,#1676,.T.);
#4474=EDGE_CURVE('',#3489,#3488,#3052,.F.);
#4475=EDGE_CURVE('',#3545,#3544,#1677,.T.);
#4476=EDGE_CURVE('',#3499,#3546,#1678,.T.);
#4477=EDGE_CURVE('',#3546,#3545,#37,.T.);
#4478=EDGE_CURVE('',#3481,#3480,#3053,.F.);
#4479=EDGE_CURVE('',#3546,#3487,#1679,.T.);
#4480=EDGE_CURVE('',#3480,#3545,#1680,.T.);
#4481=EDGE_CURVE('',#3485,#3495,#1681,.T.);
#4482=EDGE_CURVE('',#3488,#3483,#1682,.T.);
#4483=EDGE_CURVE('',#3547,#3491,#1683,.T.);
#4484=EDGE_CURVE('',#3493,#3548,#1684,.T.);
#4485=EDGE_CURVE('',#3548,#3547,#38,.T.);
#4486=EDGE_CURVE('',#3543,#3547,#1685,.T.);
#4487=EDGE_CURVE('',#3548,#3540,#1686,.T.);
#4488=EDGE_CURVE('',#3549,#3535,#1687,.T.);
#4489=EDGE_CURVE('',#3531,#3549,#1688,.T.);
#4490=EDGE_CURVE('',#3549,#3523,#1689,.T.);
#4491=EDGE_CURVE('',#3529,#3516,#1690,.T.);
#4492=EDGE_CURVE('',#3550,#3538,#1691,.T.);
#4493=EDGE_CURVE('',#3518,#3550,#1692,.T.);
#4494=EDGE_CURVE('',#3550,#3503,#1693,.T.);
#4495=EDGE_CURVE('',#3504,#3496,#1694,.T.);
#4496=EDGE_CURVE('',#3551,#3545,#1695,.T.);
#4497=EDGE_CURVE('',#3502,#3551,#1696,.T.);
#4498=EDGE_CURVE('',#3551,#3480,#1697,.T.);
#4499=EDGE_CURVE('',#3473,#3472,#3054,.F.);
#4500=EDGE_CURVE('',#3552,#3466,#3055,.T.);
#4501=EDGE_CURVE('',#3552,#3471,#3056,.T.);
#4502=EDGE_CURVE('',#3553,#3459,#3057,.T.);
#4503=EDGE_CURVE('',#3553,#3464,#3058,.T.);
#4504=EDGE_CURVE('',#3477,#3463,#1698,.T.);
#4505=EDGE_CURVE('',#3458,#3475,#1699,.T.);
#4506=EDGE_CURVE('',#3451,#3450,#3059,.F.);
#4507=EDGE_CURVE('',#3461,#3457,#1700,.T.);
#4508=EDGE_CURVE('',#3450,#3553,#1701,.T.);
#4509=EDGE_CURVE('',#3455,#3470,#1702,.T.);
#4510=EDGE_CURVE('',#3465,#3453,#1703,.T.);
#4511=EDGE_CURVE('',#3468,#3479,#1704,.T.);
#4512=EDGE_CURVE('',#3472,#3552,#1705,.T.);
#4513=EDGE_CURVE('',#3473,#3458,#1706,.T.);
#4514=EDGE_CURVE('',#3464,#3450,#1707,.T.);
#4515=EDGE_CURVE('',#3451,#3465,#1708,.T.);
#4516=EDGE_CURVE('',#3471,#3472,#1709,.T.);
#4517=EDGE_CURVE('',#3481,#3488,#1710,.T.);
#4518=EDGE_CURVE('',#3554,#3547,#1711,.T.);
#4519=EDGE_CURVE('',#3489,#3554,#1712,.T.);
#4520=EDGE_CURVE('',#3554,#3542,#1713,.T.);
#4521=EDGE_CURVE('',#3541,#3532,#1714,.T.);
#4522=EDGE_CURVE('',#3533,#3540,#1715,.T.);
#4523=EDGE_CURVE('',#3555,#3556,#1716,.T.);
#4524=EDGE_CURVE('',#3555,#3557,#1717,.T.);
#4525=EDGE_CURVE('',#3557,#3558,#1718,.T.);
#4526=EDGE_CURVE('',#3556,#3558,#1719,.T.);
#4527=EDGE_CURVE('',#3559,#3557,#1720,.T.);
#4528=EDGE_CURVE('',#3560,#3559,#1721,.T.);
#4529=EDGE_CURVE('',#3558,#3560,#1722,.T.);
#4530=EDGE_CURVE('',#3561,#3562,#1723,.T.);
#4531=EDGE_CURVE('',#3561,#3563,#1724,.T.);
#4532=EDGE_CURVE('',#3563,#3564,#1725,.T.);
#4533=EDGE_CURVE('',#3562,#3564,#1726,.T.);
#4534=EDGE_CURVE('',#3565,#3566,#1727,.T.);
#4535=EDGE_CURVE('',#3564,#3565,#1728,.T.);
#4536=EDGE_CURVE('',#3566,#3563,#1729,.T.);
#4537=EDGE_CURVE('',#3567,#3568,#1730,.T.);
#4538=EDGE_CURVE('',#3567,#3569,#1731,.T.);
#4539=EDGE_CURVE('',#3569,#3570,#1732,.T.);
#4540=EDGE_CURVE('',#3568,#3570,#1733,.T.);
#4541=EDGE_CURVE('',#3571,#3572,#1734,.T.);
#4542=EDGE_CURVE('',#3570,#3571,#1735,.T.);
#4543=EDGE_CURVE('',#3572,#3569,#1736,.T.);
#4544=EDGE_CURVE('',#3573,#3574,#1737,.T.);
#4545=EDGE_CURVE('',#3573,#3575,#1738,.T.);
#4546=EDGE_CURVE('',#3575,#3576,#1739,.T.);
#4547=EDGE_CURVE('',#3574,#3576,#1740,.T.);
#4548=EDGE_CURVE('',#3577,#3575,#1741,.T.);
#4549=EDGE_CURVE('',#3578,#3577,#1742,.T.);
#4550=EDGE_CURVE('',#3576,#3578,#1743,.T.);
#4551=EDGE_CURVE('',#3579,#3580,#1744,.T.);
#4552=EDGE_CURVE('',#3579,#3581,#1745,.T.);
#4553=EDGE_CURVE('',#3581,#3582,#1746,.T.);
#4554=EDGE_CURVE('',#3580,#3582,#1747,.T.);
#4555=EDGE_CURVE('',#3582,#3583,#1748,.T.);
#4556=EDGE_CURVE('',#3584,#3581,#1749,.T.);
#4557=EDGE_CURVE('',#3583,#3584,#1750,.T.);
#4558=EDGE_CURVE('',#3585,#3586,#1751,.T.);
#4559=EDGE_CURVE('',#3585,#3587,#1752,.T.);
#4560=EDGE_CURVE('',#3587,#3588,#1753,.T.);
#4561=EDGE_CURVE('',#3586,#3588,#1754,.T.);
#4562=EDGE_CURVE('',#3589,#3590,#1755,.T.);
#4563=EDGE_CURVE('',#3588,#3589,#1756,.T.);
#4564=EDGE_CURVE('',#3590,#3587,#1757,.T.);
#4565=EDGE_CURVE('',#3591,#3559,#1758,.T.);
#4566=EDGE_CURVE('',#3591,#3592,#1759,.T.);
#4567=EDGE_CURVE('',#3560,#3592,#1760,.T.);
#4568=EDGE_CURVE('',#3593,#3566,#1761,.T.);
#4569=EDGE_CURVE('',#3593,#3594,#1762,.T.);
#4570=EDGE_CURVE('',#3565,#3594,#1763,.T.);
#4571=EDGE_CURVE('',#3595,#3572,#1764,.T.);
#4572=EDGE_CURVE('',#3595,#3596,#1765,.T.);
#4573=EDGE_CURVE('',#3571,#3596,#1766,.T.);
#4574=EDGE_CURVE('',#3597,#3577,#1767,.T.);
#4575=EDGE_CURVE('',#3597,#3598,#1768,.T.);
#4576=EDGE_CURVE('',#3578,#3598,#1769,.T.);
#4577=EDGE_CURVE('',#3599,#3590,#1770,.T.);
#4578=EDGE_CURVE('',#3599,#3600,#1771,.T.);
#4579=EDGE_CURVE('',#3589,#3600,#1772,.T.);
#4580=EDGE_CURVE('',#3601,#3561,#1773,.T.);
#4581=EDGE_CURVE('',#3601,#3602,#1774,.T.);
#4582=EDGE_CURVE('',#3602,#3603,#1775,.T.);
#4583=EDGE_CURVE('',#3603,#3604,#1776,.T.);
#4584=EDGE_CURVE('',#3580,#3604,#1777,.T.);
#4585=EDGE_CURVE('',#3583,#3605,#1778,.T.);
#4586=EDGE_CURVE('',#3593,#3605,#1779,.T.);
#4587=EDGE_CURVE('',#3606,#3584,#1780,.T.);
#4588=EDGE_CURVE('',#3606,#3605,#1781,.T.);
#4589=EDGE_CURVE('',#3606,#3594,#1782,.T.);
#4590=EDGE_CURVE('',#3607,#3579,#1783,.T.);
#4591=EDGE_CURVE('',#3607,#3608,#1784,.T.);
#4592=EDGE_CURVE('',#3608,#3609,#1785,.T.);
#4593=EDGE_CURVE('',#3609,#3610,#1786,.T.);
#4594=EDGE_CURVE('',#3562,#3610,#1787,.T.);
#4595=EDGE_CURVE('',#3611,#3585,#1788,.T.);
#4596=EDGE_CURVE('',#3611,#3612,#1789,.T.);
#4597=EDGE_CURVE('',#3612,#3613,#1790,.T.);
#4598=EDGE_CURVE('',#3613,#3614,#1791,.T.);
#4599=EDGE_CURVE('',#3568,#3614,#1792,.T.);
#4600=EDGE_CURVE('',#3599,#3596,#1793,.T.);
#4601=EDGE_CURVE('',#3595,#3600,#1794,.T.);
#4602=EDGE_CURVE('',#3615,#3567,#1795,.T.);
#4603=EDGE_CURVE('',#3615,#3616,#1796,.T.);
#4604=EDGE_CURVE('',#3616,#3617,#1797,.T.);
#4605=EDGE_CURVE('',#3617,#3618,#1798,.T.);
#4606=EDGE_CURVE('',#3586,#3618,#1799,.T.);
#4607=EDGE_CURVE('',#3619,#3573,#1800,.T.);
#4608=EDGE_CURVE('',#3619,#3620,#1801,.T.);
#4609=EDGE_CURVE('',#3620,#3621,#1802,.T.);
#4610=EDGE_CURVE('',#3621,#3622,#1803,.T.);
#4611=EDGE_CURVE('',#3623,#3622,#1804,.T.);
#4612=EDGE_CURVE('',#3623,#3624,#1805,.T.);
#4613=EDGE_CURVE('',#3625,#3624,#1806,.T.);
#4614=EDGE_CURVE('',#3625,#3626,#1807,.T.);
#4615=EDGE_CURVE('',#3597,#3626,#1808,.T.);
#4616=EDGE_CURVE('',#3627,#3628,#1809,.T.);
#4617=EDGE_CURVE('',#3629,#3628,#1810,.T.);
#4618=EDGE_CURVE('',#3629,#3630,#1811,.T.);
#4619=EDGE_CURVE('',#3627,#3630,#1812,.T.);
#4620=EDGE_CURVE('',#3631,#3628,#1813,.T.);
#4621=EDGE_CURVE('',#3631,#3632,#1814,.T.);
#4622=EDGE_CURVE('',#3632,#3633,#1815,.T.);
#4623=EDGE_CURVE('',#3633,#3634,#1816,.T.);
#4624=EDGE_CURVE('',#3635,#3634,#1817,.T.);
#4625=EDGE_CURVE('',#3635,#3636,#1818,.T.);
#4626=EDGE_CURVE('',#3637,#3636,#1819,.T.);
#4627=EDGE_CURVE('',#3637,#3638,#1820,.T.);
#4628=EDGE_CURVE('',#3629,#3638,#1821,.T.);
#4629=EDGE_CURVE('',#3639,#3640,#1822,.T.);
#4630=EDGE_CURVE('',#3639,#3641,#1823,.T.);
#4631=EDGE_CURVE('',#3641,#3642,#1824,.T.);
#4632=EDGE_CURVE('',#3640,#3642,#1825,.T.);
#4633=EDGE_CURVE('',#3643,#3641,#1826,.T.);
#4634=EDGE_CURVE('',#3644,#3643,#1827,.T.);
#4635=EDGE_CURVE('',#3642,#3644,#1828,.T.);
#4636=EDGE_CURVE('',#3645,#3646,#3060,.T.);
#4637=EDGE_CURVE('',#3645,#3647,#1829,.T.);
#4638=EDGE_CURVE('',#3647,#3648,#1830,.T.);
#4639=EDGE_CURVE('',#3648,#3649,#1831,.T.);
#4640=EDGE_CURVE('',#3649,#3650,#1832,.T.);
#4641=EDGE_CURVE('',#3650,#3651,#1833,.T.);
#4642=EDGE_CURVE('',#3652,#3651,#3061,.T.);
#4643=EDGE_CURVE('',#3652,#3653,#1834,.T.);
#4644=EDGE_CURVE('',#3654,#3653,#3062,.T.);
#4645=EDGE_CURVE('',#3654,#3655,#1835,.T.);
#4646=EDGE_CURVE('',#3656,#3655,#3063,.T.);
#4647=EDGE_CURVE('',#3656,#3646,#1836,.T.);
#4648=EDGE_CURVE('',#3657,#3556,#1837,.T.);
#4649=EDGE_CURVE('',#3657,#3658,#1838,.T.);
#4650=EDGE_CURVE('',#3658,#3659,#1839,.T.);
#4651=EDGE_CURVE('',#3659,#3660,#1840,.T.);
#4652=EDGE_CURVE('',#3661,#3660,#1841,.T.);
#4653=EDGE_CURVE('',#3661,#3662,#1842,.T.);
#4654=EDGE_CURVE('',#3662,#3663,#1843,.T.);
#4655=EDGE_CURVE('',#3663,#3664,#1844,.T.);
#4656=EDGE_CURVE('',#3664,#3665,#1845,.T.);
#4657=EDGE_CURVE('',#3665,#3666,#1846,.T.);
#4658=EDGE_CURVE('',#3666,#3555,#1847,.T.);
#4659=EDGE_CURVE('',#3610,#3667,#1848,.T.);
#4660=EDGE_CURVE('',#3667,#3668,#1849,.T.);
#4661=EDGE_CURVE('',#3668,#3607,#1850,.T.);
#4662=EDGE_CURVE('',#3604,#3669,#1851,.T.);
#4663=EDGE_CURVE('',#3669,#3670,#1852,.T.);
#4664=EDGE_CURVE('',#3670,#3601,#1853,.T.);
#4665=EDGE_CURVE('',#3614,#3671,#1854,.T.);
#4666=EDGE_CURVE('',#3671,#3672,#1855,.T.);
#4667=EDGE_CURVE('',#3672,#3611,#1856,.T.);
#4668=EDGE_CURVE('',#3618,#3673,#1857,.T.);
#4669=EDGE_CURVE('',#3673,#3674,#1858,.T.);
#4670=EDGE_CURVE('',#3674,#3615,#1859,.T.);
#4671=EDGE_CURVE('',#3675,#3574,#1860,.T.);
#4672=EDGE_CURVE('',#3675,#3676,#1861,.T.);
#4673=EDGE_CURVE('',#3676,#3677,#1862,.T.);
#4674=EDGE_CURVE('',#3677,#3678,#1863,.T.);
#4675=EDGE_CURVE('',#3679,#3678,#1864,.T.);
#4676=EDGE_CURVE('',#3679,#3623,#1865,.T.);
#4677=EDGE_CURVE('',#3622,#3680,#1866,.T.);
#4678=EDGE_CURVE('',#3680,#3681,#1867,.T.);
#4679=EDGE_CURVE('',#3681,#3619,#1868,.T.);
#4680=EDGE_CURVE('',#3682,#3644,#1869,.T.);
#4681=EDGE_CURVE('',#3683,#3643,#1870,.T.);
#4682=EDGE_CURVE('',#3683,#3684,#1871,.T.);
#4683=EDGE_CURVE('',#3684,#3685,#1872,.T.);
#4684=EDGE_CURVE('',#3685,#3686,#1873,.T.);
#4685=EDGE_CURVE('',#3687,#3686,#1874,.T.);
#4686=EDGE_CURVE('',#3687,#3688,#1875,.T.);
#4687=EDGE_CURVE('',#3688,#3689,#1876,.T.);
#4688=EDGE_CURVE('',#3689,#3690,#1877,.T.);
#4689=EDGE_CURVE('',#3690,#3691,#1878,.T.);
#4690=EDGE_CURVE('',#3691,#3682,#1879,.T.);
#4691=EDGE_CURVE('',#3634,#3692,#1880,.T.);
#4692=EDGE_CURVE('',#3692,#3693,#1881,.T.);
#4693=EDGE_CURVE('',#3693,#3631,#1882,.T.);
#4694=EDGE_CURVE('',#3694,#3627,#1883,.T.);
#4695=EDGE_CURVE('',#3694,#3695,#1884,.T.);
#4696=EDGE_CURVE('',#3695,#3696,#1885,.T.);
#4697=EDGE_CURVE('',#3696,#3697,#1886,.T.);
#4698=EDGE_CURVE('',#3698,#3697,#1887,.T.);
#4699=EDGE_CURVE('',#3698,#3635,#1888,.T.);
#4700=EDGE_CURVE('',#3666,#3699,#1889,.T.);
#4701=EDGE_CURVE('',#3699,#3700,#1890,.T.);
#4702=EDGE_CURVE('',#3700,#3663,#1891,.T.);
#4703=EDGE_CURVE('',#3662,#3701,#1892,.T.);
#4704=EDGE_CURVE('',#3702,#3701,#1893,.T.);
#4705=EDGE_CURVE('',#3702,#3703,#1894,.T.);
#4706=EDGE_CURVE('',#3591,#3703,#1895,.T.);
#4707=EDGE_CURVE('',#3704,#3640,#1896,.T.);
#4708=EDGE_CURVE('',#3704,#3705,#1897,.T.);
#4709=EDGE_CURVE('',#3639,#3705,#1898,.T.);
#4710=EDGE_CURVE('',#3682,#3706,#1899,.T.);
#4711=EDGE_CURVE('',#3706,#3707,#1900,.T.);
#4712=EDGE_CURVE('',#3707,#3689,#1901,.T.);
#4713=EDGE_CURVE('',#3688,#3708,#1902,.T.);
#4714=EDGE_CURVE('',#3709,#3708,#1903,.T.);
#4715=EDGE_CURVE('',#3709,#3710,#1904,.T.);
#4716=EDGE_CURVE('',#3704,#3710,#1905,.T.);
#4717=EDGE_CURVE('',#3637,#3711,#1906,.T.);
#4718=EDGE_CURVE('',#3636,#3712,#1907,.T.);
#4719=EDGE_CURVE('',#3711,#3712,#1908,.T.);
#4720=EDGE_CURVE('',#3712,#3698,#1909,.T.);
#4721=EDGE_CURVE('',#3625,#3713,#1910,.T.);
#4722=EDGE_CURVE('',#3624,#3714,#1911,.T.);
#4723=EDGE_CURVE('',#3713,#3714,#1912,.T.);
#4724=EDGE_CURVE('',#3714,#3679,#1913,.T.);
#4725=EDGE_CURVE('',#3709,#3715,#1914,.T.);
#4726=EDGE_CURVE('',#3708,#3716,#1915,.T.);
#4727=EDGE_CURVE('',#3715,#3716,#1916,.T.);
#4728=EDGE_CURVE('',#3716,#3687,#1917,.T.);
#4729=EDGE_CURVE('',#3702,#3717,#1918,.T.);
#4730=EDGE_CURVE('',#3701,#3718,#1919,.T.);
#4731=EDGE_CURVE('',#3717,#3718,#1920,.T.);
#4732=EDGE_CURVE('',#3718,#3661,#1921,.T.);
#4733=EDGE_CURVE('',#3719,#3711,#1922,.T.);
#4734=EDGE_CURVE('',#3719,#3638,#1923,.T.);
#4735=EDGE_CURVE('',#3719,#3630,#1924,.T.);
#4736=EDGE_CURVE('',#3697,#3720,#1925,.T.);
#4737=EDGE_CURVE('',#3720,#3721,#1926,.T.);
#4738=EDGE_CURVE('',#3721,#3694,#1927,.T.);
#4739=EDGE_CURVE('',#3722,#3713,#1928,.T.);
#4740=EDGE_CURVE('',#3722,#3626,#1929,.T.);
#4741=EDGE_CURVE('',#3722,#3598,#1930,.T.);
#4742=EDGE_CURVE('',#3678,#3723,#1931,.T.);
#4743=EDGE_CURVE('',#3723,#3724,#1932,.T.);
#4744=EDGE_CURVE('',#3724,#3675,#1933,.T.);
#4745=EDGE_CURVE('',#3725,#3717,#1934,.T.);
#4746=EDGE_CURVE('',#3725,#3703,#1935,.T.);
#4747=EDGE_CURVE('',#3725,#3592,#1936,.T.);
#4748=EDGE_CURVE('',#3660,#3726,#1937,.T.);
#4749=EDGE_CURVE('',#3726,#3727,#1938,.T.);
#4750=EDGE_CURVE('',#3727,#3657,#1939,.T.);
#4751=EDGE_CURVE('',#3728,#3715,#1940,.T.);
#4752=EDGE_CURVE('',#3728,#3710,#1941,.T.);
#4753=EDGE_CURVE('',#3728,#3705,#1942,.T.);
#4754=EDGE_CURVE('',#3686,#3729,#1943,.T.);
#4755=EDGE_CURVE('',#3729,#3730,#1944,.T.);
#4756=EDGE_CURVE('',#3730,#3683,#1945,.T.);
#4757=EDGE_CURVE('',#3693,#3731,#1946,.T.);
#4758=EDGE_CURVE('',#3731,#3632,#1947,.T.);
#4759=EDGE_CURVE('',#3692,#3732,#1948,.T.);
#4760=EDGE_CURVE('',#3732,#3731,#1949,.T.);
#4761=EDGE_CURVE('',#3633,#3732,#1950,.T.);
#4762=EDGE_CURVE('',#3677,#3733,#1951,.T.);
#4763=EDGE_CURVE('',#3733,#3723,#1952,.T.);
#4764=EDGE_CURVE('',#3676,#3734,#1953,.T.);
#4765=EDGE_CURVE('',#3734,#3733,#1954,.T.);
#4766=EDGE_CURVE('',#3724,#3734,#1955,.T.);
#4767=EDGE_CURVE('',#3681,#3735,#1956,.T.);
#4768=EDGE_CURVE('',#3735,#3620,#1957,.T.);
#4769=EDGE_CURVE('',#3680,#3736,#1958,.T.);
#4770=EDGE_CURVE('',#3736,#3735,#1959,.T.);
#4771=EDGE_CURVE('',#3621,#3736,#1960,.T.);
#4772=EDGE_CURVE('',#3665,#3737,#1961,.T.);
#4773=EDGE_CURVE('',#3737,#3699,#1962,.T.);
#4774=EDGE_CURVE('',#3664,#3738,#1963,.T.);
#4775=EDGE_CURVE('',#3738,#3737,#1964,.T.);
#4776=EDGE_CURVE('',#3700,#3738,#1965,.T.);
#4777=EDGE_CURVE('',#3691,#3739,#1966,.T.);
#4778=EDGE_CURVE('',#3739,#3706,#1967,.T.);
#4779=EDGE_CURVE('',#3690,#3740,#1968,.T.);
#4780=EDGE_CURVE('',#3740,#3739,#1969,.T.);
#4781=EDGE_CURVE('',#3707,#3740,#1970,.T.);
#4782=EDGE_CURVE('',#3674,#3741,#1971,.T.);
#4783=EDGE_CURVE('',#3741,#3616,#1972,.T.);
#4784=EDGE_CURVE('',#3673,#3742,#1973,.T.);
#4785=EDGE_CURVE('',#3742,#3741,#1974,.T.);
#4786=EDGE_CURVE('',#3617,#3742,#1975,.T.);
#4787=EDGE_CURVE('',#3696,#3743,#1976,.T.);
#4788=EDGE_CURVE('',#3743,#3720,#1977,.T.);
#4789=EDGE_CURVE('',#3695,#3744,#1978,.T.);
#4790=EDGE_CURVE('',#3744,#3743,#1979,.T.);
#4791=EDGE_CURVE('',#3721,#3744,#1980,.T.);
#4792=EDGE_CURVE('',#3659,#3745,#1981,.T.);
#4793=EDGE_CURVE('',#3745,#3726,#1982,.T.);
#4794=EDGE_CURVE('',#3658,#3746,#1983,.T.);
#4795=EDGE_CURVE('',#3746,#3745,#1984,.T.);
#4796=EDGE_CURVE('',#3727,#3746,#1985,.T.);
#4797=EDGE_CURVE('',#3670,#3747,#1986,.T.);
#4798=EDGE_CURVE('',#3747,#3602,#1987,.T.);
#4799=EDGE_CURVE('',#3669,#3748,#1988,.T.);
#4800=EDGE_CURVE('',#3748,#3747,#1989,.T.);
#4801=EDGE_CURVE('',#3603,#3748,#1990,.T.);
#4802=EDGE_CURVE('',#3668,#3749,#1991,.T.);
#4803=EDGE_CURVE('',#3749,#3608,#1992,.T.);
#4804=EDGE_CURVE('',#3667,#3750,#1993,.T.);
#4805=EDGE_CURVE('',#3750,#3749,#1994,.T.);
#4806=EDGE_CURVE('',#3609,#3750,#1995,.T.);
#4807=EDGE_CURVE('',#3685,#3751,#1996,.T.);
#4808=EDGE_CURVE('',#3751,#3729,#1997,.T.);
#4809=EDGE_CURVE('',#3684,#3752,#1998,.T.);
#4810=EDGE_CURVE('',#3752,#3751,#1999,.T.);
#4811=EDGE_CURVE('',#3730,#3752,#2000,.T.);
#4812=EDGE_CURVE('',#3672,#3753,#2001,.T.);
#4813=EDGE_CURVE('',#3753,#3612,#2002,.T.);
#4814=EDGE_CURVE('',#3671,#3754,#2003,.T.);
#4815=EDGE_CURVE('',#3754,#3753,#2004,.T.);
#4816=EDGE_CURVE('',#3613,#3754,#2005,.T.);
#4817=EDGE_CURVE('',#3646,#3755,#2006,.T.);
#4818=EDGE_CURVE('',#3755,#3756,#3064,.F.);
#4819=EDGE_CURVE('',#3756,#3645,#2007,.T.);
#4820=EDGE_CURVE('',#3757,#3656,#2008,.T.);
#4821=EDGE_CURVE('',#3757,#3755,#2009,.T.);
#4822=EDGE_CURVE('',#3655,#3758,#2010,.T.);
#4823=EDGE_CURVE('',#3758,#3757,#3065,.F.);
#4824=EDGE_CURVE('',#3759,#3654,#2011,.T.);
#4825=EDGE_CURVE('',#3759,#3758,#2012,.T.);
#4826=EDGE_CURVE('',#3651,#3760,#2013,.T.);
#4827=EDGE_CURVE('',#3760,#3761,#3066,.F.);
#4828=EDGE_CURVE('',#3761,#3652,#2014,.T.);
#4829=EDGE_CURVE('',#3650,#3762,#2015,.T.);
#4830=EDGE_CURVE('',#3762,#3760,#2016,.T.);
#4831=EDGE_CURVE('',#3653,#3763,#2017,.T.);
#4832=EDGE_CURVE('',#3763,#3759,#3067,.F.);
#4833=EDGE_CURVE('',#3764,#3765,#3068,.T.);
#4834=EDGE_CURVE('',#3765,#3766,#2018,.T.);
#4835=EDGE_CURVE('',#3766,#3767,#3069,.T.);
#4836=EDGE_CURVE('',#3767,#3764,#2019,.T.);
#4837=EDGE_CURVE('',#3768,#3769,#3070,.T.);
#4838=EDGE_CURVE('',#3769,#3767,#3071,.T.);
#4839=EDGE_CURVE('',#3766,#3768,#3072,.T.);
#4840=EDGE_CURVE('',#3770,#3771,#3073,.T.);
#4841=EDGE_CURVE('',#3771,#3769,#2020,.T.);
#4842=EDGE_CURVE('',#3768,#3770,#2021,.T.);
#4843=EDGE_CURVE('',#3772,#3773,#3074,.T.);
#4844=EDGE_CURVE('',#3773,#3771,#3075,.T.);
#4845=EDGE_CURVE('',#3770,#3772,#3076,.T.);
#4846=EDGE_CURVE('',#3774,#3775,#3077,.T.);
#4847=EDGE_CURVE('',#3775,#3773,#2022,.T.);
#4848=EDGE_CURVE('',#3772,#3774,#2023,.T.);
#4849=EDGE_CURVE('',#3776,#3777,#3078,.T.);
#4850=EDGE_CURVE('',#3777,#3775,#3079,.T.);
#4851=EDGE_CURVE('',#3774,#3776,#3080,.T.);
#4852=EDGE_CURVE('',#3778,#3779,#3081,.T.);
#4853=EDGE_CURVE('',#3779,#3777,#2024,.T.);
#4854=EDGE_CURVE('',#3776,#3778,#2025,.T.);
#4855=EDGE_CURVE('',#3764,#3779,#3082,.T.);
#4856=EDGE_CURVE('',#3778,#3765,#3083,.T.);
#4857=EDGE_CURVE('',#3780,#3770,#2026,.T.);
#4858=EDGE_CURVE('',#3780,#3781,#3084,.T.);
#4859=EDGE_CURVE('',#3781,#3772,#2027,.T.);
#4860=EDGE_CURVE('',#3782,#3768,#2028,.T.);
#4861=EDGE_CURVE('',#3782,#3783,#2029,.T.);
#4862=EDGE_CURVE('',#3649,#3783,#2030,.T.);
#4863=EDGE_CURVE('',#3648,#3784,#2031,.T.);
#4864=EDGE_CURVE('',#3784,#3780,#2032,.T.);
#4865=EDGE_CURVE('',#3785,#3766,#2033,.T.);
#4866=EDGE_CURVE('',#3785,#3782,#3085,.T.);
#4867=EDGE_CURVE('',#3786,#3765,#2034,.T.);
#4868=EDGE_CURVE('',#3786,#3785,#2035,.T.);
#4869=EDGE_CURVE('',#3787,#3786,#3086,.T.);
#4870=EDGE_CURVE('',#3788,#3787,#2036,.T.);
#4871=EDGE_CURVE('',#3789,#3788,#3087,.T.);
#4872=EDGE_CURVE('',#3781,#3789,#2037,.T.);
#4873=EDGE_CURVE('',#3790,#3784,#2038,.T.);
#4874=EDGE_CURVE('',#3756,#3790,#2039,.T.);
#4875=EDGE_CURVE('',#3761,#3763,#2040,.T.);
#4876=EDGE_CURVE('',#3783,#3762,#2041,.T.);
#4877=EDGE_CURVE('',#3788,#3776,#2042,.T.);
#4878=EDGE_CURVE('',#3787,#3778,#2043,.T.);
#4879=EDGE_CURVE('',#3789,#3774,#2044,.T.);
#4880=EDGE_CURVE('',#3647,#3790,#2045,.T.);
#4881=ORIENTED_EDGE('',*,*,#3791,.T.);
#4882=ORIENTED_EDGE('',*,*,#3792,.T.);
#4883=ORIENTED_EDGE('',*,*,#3793,.T.);
#4884=ORIENTED_EDGE('',*,*,#3794,.T.);
#4885=ORIENTED_EDGE('',*,*,#3794,.F.);
#4886=ORIENTED_EDGE('',*,*,#3795,.T.);
#4887=ORIENTED_EDGE('',*,*,#3796,.F.);
#4888=ORIENTED_EDGE('',*,*,#3797,.F.);
#4889=ORIENTED_EDGE('',*,*,#3793,.F.);
#4890=ORIENTED_EDGE('',*,*,#3798,.F.);
#4891=ORIENTED_EDGE('',*,*,#3799,.F.);
#4892=ORIENTED_EDGE('',*,*,#3800,.T.);
#4893=ORIENTED_EDGE('',*,*,#3801,.T.);
#4894=ORIENTED_EDGE('',*,*,#3802,.F.);
#4895=ORIENTED_EDGE('',*,*,#3803,.T.);
#4896=ORIENTED_EDGE('',*,*,#3804,.F.);
#4897=ORIENTED_EDGE('',*,*,#3805,.F.);
#4898=ORIENTED_EDGE('',*,*,#3806,.F.);
#4899=ORIENTED_EDGE('',*,*,#3807,.T.);
#4900=ORIENTED_EDGE('',*,*,#3808,.F.);
#4901=ORIENTED_EDGE('',*,*,#3795,.F.);
#4902=ORIENTED_EDGE('',*,*,#3809,.T.);
#4903=ORIENTED_EDGE('',*,*,#3810,.T.);
#4904=ORIENTED_EDGE('',*,*,#3811,.T.);
#4905=ORIENTED_EDGE('',*,*,#3812,.T.);
#4906=ORIENTED_EDGE('',*,*,#3812,.F.);
#4907=ORIENTED_EDGE('',*,*,#3813,.T.);
#4908=ORIENTED_EDGE('',*,*,#3814,.F.);
#4909=ORIENTED_EDGE('',*,*,#3815,.F.);
#4910=ORIENTED_EDGE('',*,*,#3811,.F.);
#4911=ORIENTED_EDGE('',*,*,#3816,.F.);
#4912=ORIENTED_EDGE('',*,*,#3817,.F.);
#4913=ORIENTED_EDGE('',*,*,#3818,.T.);
#4914=ORIENTED_EDGE('',*,*,#3819,.T.);
#4915=ORIENTED_EDGE('',*,*,#3820,.F.);
#4916=ORIENTED_EDGE('',*,*,#3821,.T.);
#4917=ORIENTED_EDGE('',*,*,#3822,.F.);
#4918=ORIENTED_EDGE('',*,*,#3823,.F.);
#4919=ORIENTED_EDGE('',*,*,#3824,.F.);
#4920=ORIENTED_EDGE('',*,*,#3825,.T.);
#4921=ORIENTED_EDGE('',*,*,#3826,.F.);
#4922=ORIENTED_EDGE('',*,*,#3813,.F.);
#4923=ORIENTED_EDGE('',*,*,#3827,.F.);
#4924=ORIENTED_EDGE('',*,*,#3828,.T.);
#4925=ORIENTED_EDGE('',*,*,#3829,.T.);
#4926=ORIENTED_EDGE('',*,*,#3819,.F.);
#4927=ORIENTED_EDGE('',*,*,#3800,.F.);
#4928=ORIENTED_EDGE('',*,*,#3830,.T.);
#4929=ORIENTED_EDGE('',*,*,#3831,.F.);
#4930=ORIENTED_EDGE('',*,*,#3832,.F.);
#4931=ORIENTED_EDGE('',*,*,#3833,.T.);
#4932=ORIENTED_EDGE('',*,*,#3827,.T.);
#4933=ORIENTED_EDGE('',*,*,#3818,.F.);
#4934=ORIENTED_EDGE('',*,*,#3834,.T.);
#4935=ORIENTED_EDGE('',*,*,#3835,.F.);
#4936=ORIENTED_EDGE('',*,*,#3836,.F.);
#4937=ORIENTED_EDGE('',*,*,#3837,.T.);
#4938=ORIENTED_EDGE('',*,*,#3838,.T.);
#4939=ORIENTED_EDGE('',*,*,#3838,.F.);
#4940=ORIENTED_EDGE('',*,*,#3839,.T.);
#4941=ORIENTED_EDGE('',*,*,#3840,.T.);
#4942=ORIENTED_EDGE('',*,*,#3801,.F.);
#4943=ORIENTED_EDGE('',*,*,#3841,.T.);
#4944=ORIENTED_EDGE('',*,*,#3814,.T.);
#4945=ORIENTED_EDGE('',*,*,#3826,.T.);
#4946=ORIENTED_EDGE('',*,*,#3842,.T.);
#4947=ORIENTED_EDGE('',*,*,#3809,.F.);
#4948=ORIENTED_EDGE('',*,*,#3815,.T.);
#4949=ORIENTED_EDGE('',*,*,#3841,.F.);
#4950=ORIENTED_EDGE('',*,*,#3843,.T.);
#4951=ORIENTED_EDGE('',*,*,#3844,.F.);
#4952=ORIENTED_EDGE('',*,*,#3845,.T.);
#4953=ORIENTED_EDGE('',*,*,#3846,.F.);
#4954=ORIENTED_EDGE('',*,*,#3847,.F.);
#4955=ORIENTED_EDGE('',*,*,#3848,.F.);
#4956=ORIENTED_EDGE('',*,*,#3828,.F.);
#4957=ORIENTED_EDGE('',*,*,#3833,.F.);
#4958=ORIENTED_EDGE('',*,*,#3849,.F.);
#4959=ORIENTED_EDGE('',*,*,#3850,.F.);
#4960=ORIENTED_EDGE('',*,*,#3842,.F.);
#4961=ORIENTED_EDGE('',*,*,#3825,.F.);
#4962=ORIENTED_EDGE('',*,*,#3851,.F.);
#4963=ORIENTED_EDGE('',*,*,#3843,.F.);
#4964=ORIENTED_EDGE('',*,*,#3852,.T.);
#4965=ORIENTED_EDGE('',*,*,#3796,.T.);
#4966=ORIENTED_EDGE('',*,*,#3808,.T.);
#4967=ORIENTED_EDGE('',*,*,#3853,.T.);
#4968=ORIENTED_EDGE('',*,*,#3791,.F.);
#4969=ORIENTED_EDGE('',*,*,#3797,.T.);
#4970=ORIENTED_EDGE('',*,*,#3852,.F.);
#4971=ORIENTED_EDGE('',*,*,#3854,.T.);
#4972=ORIENTED_EDGE('',*,*,#3855,.F.);
#4973=ORIENTED_EDGE('',*,*,#3856,.T.);
#4974=ORIENTED_EDGE('',*,*,#3857,.F.);
#4975=ORIENTED_EDGE('',*,*,#3858,.F.);
#4976=ORIENTED_EDGE('',*,*,#3859,.F.);
#4977=ORIENTED_EDGE('',*,*,#3839,.F.);
#4978=ORIENTED_EDGE('',*,*,#3837,.F.);
#4979=ORIENTED_EDGE('',*,*,#3860,.F.);
#4980=ORIENTED_EDGE('',*,*,#3861,.F.);
#4981=ORIENTED_EDGE('',*,*,#3853,.F.);
#4982=ORIENTED_EDGE('',*,*,#3807,.F.);
#4983=ORIENTED_EDGE('',*,*,#3862,.F.);
#4984=ORIENTED_EDGE('',*,*,#3854,.F.);
#4985=ORIENTED_EDGE('',*,*,#3824,.T.);
#4986=ORIENTED_EDGE('',*,*,#3863,.T.);
#4987=ORIENTED_EDGE('',*,*,#3844,.T.);
#4988=ORIENTED_EDGE('',*,*,#3851,.T.);
#4989=ORIENTED_EDGE('',*,*,#3863,.F.);
#4990=ORIENTED_EDGE('',*,*,#3823,.T.);
#4991=ORIENTED_EDGE('',*,*,#3864,.F.);
#4992=ORIENTED_EDGE('',*,*,#3845,.F.);
#4993=ORIENTED_EDGE('',*,*,#3820,.T.);
#4994=ORIENTED_EDGE('',*,*,#3829,.F.);
#4995=ORIENTED_EDGE('',*,*,#3848,.T.);
#4996=ORIENTED_EDGE('',*,*,#3865,.F.);
#4997=ORIENTED_EDGE('',*,*,#3865,.T.);
#4998=ORIENTED_EDGE('',*,*,#3847,.T.);
#4999=ORIENTED_EDGE('',*,*,#3866,.F.);
#5000=ORIENTED_EDGE('',*,*,#3821,.F.);
#5001=ORIENTED_EDGE('',*,*,#3866,.T.);
#5002=ORIENTED_EDGE('',*,*,#3846,.T.);
#5003=ORIENTED_EDGE('',*,*,#3864,.T.);
#5004=ORIENTED_EDGE('',*,*,#3822,.T.);
#5005=ORIENTED_EDGE('',*,*,#3855,.T.);
#5006=ORIENTED_EDGE('',*,*,#3862,.T.);
#5007=ORIENTED_EDGE('',*,*,#3806,.T.);
#5008=ORIENTED_EDGE('',*,*,#3867,.T.);
#5009=ORIENTED_EDGE('',*,*,#3867,.F.);
#5010=ORIENTED_EDGE('',*,*,#3805,.T.);
#5011=ORIENTED_EDGE('',*,*,#3868,.F.);
#5012=ORIENTED_EDGE('',*,*,#3856,.F.);
#5013=ORIENTED_EDGE('',*,*,#3840,.F.);
#5014=ORIENTED_EDGE('',*,*,#3859,.T.);
#5015=ORIENTED_EDGE('',*,*,#3869,.F.);
#5016=ORIENTED_EDGE('',*,*,#3802,.T.);
#5017=ORIENTED_EDGE('',*,*,#3869,.T.);
#5018=ORIENTED_EDGE('',*,*,#3858,.T.);
#5019=ORIENTED_EDGE('',*,*,#3870,.F.);
#5020=ORIENTED_EDGE('',*,*,#3803,.F.);
#5021=ORIENTED_EDGE('',*,*,#3804,.T.);
#5022=ORIENTED_EDGE('',*,*,#3870,.T.);
#5023=ORIENTED_EDGE('',*,*,#3857,.T.);
#5024=ORIENTED_EDGE('',*,*,#3868,.T.);
#5025=ORIENTED_EDGE('',*,*,#3810,.F.);
#5026=ORIENTED_EDGE('',*,*,#3850,.T.);
#5027=ORIENTED_EDGE('',*,*,#3871,.F.);
#5028=ORIENTED_EDGE('',*,*,#3816,.T.);
#5029=ORIENTED_EDGE('',*,*,#3792,.F.);
#5030=ORIENTED_EDGE('',*,*,#3861,.T.);
#5031=ORIENTED_EDGE('',*,*,#3872,.F.);
#5032=ORIENTED_EDGE('',*,*,#3798,.T.);
#5033=ORIENTED_EDGE('',*,*,#3799,.T.);
#5034=ORIENTED_EDGE('',*,*,#3872,.T.);
#5035=ORIENTED_EDGE('',*,*,#3860,.T.);
#5036=ORIENTED_EDGE('',*,*,#3836,.T.);
#5037=ORIENTED_EDGE('',*,*,#3873,.F.);
#5038=ORIENTED_EDGE('',*,*,#3874,.F.);
#5039=ORIENTED_EDGE('',*,*,#3875,.F.);
#5040=ORIENTED_EDGE('',*,*,#3830,.F.);
#5041=ORIENTED_EDGE('',*,*,#3849,.T.);
#5042=ORIENTED_EDGE('',*,*,#3832,.T.);
#5043=ORIENTED_EDGE('',*,*,#3876,.F.);
#5044=ORIENTED_EDGE('',*,*,#3877,.F.);
#5045=ORIENTED_EDGE('',*,*,#3878,.F.);
#5046=ORIENTED_EDGE('',*,*,#3834,.F.);
#5047=ORIENTED_EDGE('',*,*,#3817,.T.);
#5048=ORIENTED_EDGE('',*,*,#3871,.T.);
#5049=ORIENTED_EDGE('',*,*,#3875,.T.);
#5050=ORIENTED_EDGE('',*,*,#3879,.F.);
#5051=ORIENTED_EDGE('',*,*,#3876,.T.);
#5052=ORIENTED_EDGE('',*,*,#3831,.T.);
#5053=ORIENTED_EDGE('',*,*,#3874,.T.);
#5054=ORIENTED_EDGE('',*,*,#3880,.T.);
#5055=ORIENTED_EDGE('',*,*,#3877,.T.);
#5056=ORIENTED_EDGE('',*,*,#3879,.T.);
#5057=ORIENTED_EDGE('',*,*,#3878,.T.);
#5058=ORIENTED_EDGE('',*,*,#3880,.F.);
#5059=ORIENTED_EDGE('',*,*,#3873,.T.);
#5060=ORIENTED_EDGE('',*,*,#3835,.T.);
#5061=ORIENTED_EDGE('',*,*,#3881,.T.);
#5062=ORIENTED_EDGE('',*,*,#3882,.T.);
#5063=ORIENTED_EDGE('',*,*,#3883,.T.);
#5064=ORIENTED_EDGE('',*,*,#3884,.T.);
#5065=ORIENTED_EDGE('',*,*,#3884,.F.);
#5066=ORIENTED_EDGE('',*,*,#3885,.T.);
#5067=ORIENTED_EDGE('',*,*,#3886,.F.);
#5068=ORIENTED_EDGE('',*,*,#3887,.F.);
#5069=ORIENTED_EDGE('',*,*,#3883,.F.);
#5070=ORIENTED_EDGE('',*,*,#3888,.F.);
#5071=ORIENTED_EDGE('',*,*,#3889,.F.);
#5072=ORIENTED_EDGE('',*,*,#3890,.T.);
#5073=ORIENTED_EDGE('',*,*,#3891,.T.);
#5074=ORIENTED_EDGE('',*,*,#3892,.F.);
#5075=ORIENTED_EDGE('',*,*,#3893,.T.);
#5076=ORIENTED_EDGE('',*,*,#3894,.F.);
#5077=ORIENTED_EDGE('',*,*,#3895,.F.);
#5078=ORIENTED_EDGE('',*,*,#3896,.F.);
#5079=ORIENTED_EDGE('',*,*,#3897,.T.);
#5080=ORIENTED_EDGE('',*,*,#3898,.F.);
#5081=ORIENTED_EDGE('',*,*,#3885,.F.);
#5082=ORIENTED_EDGE('',*,*,#3899,.T.);
#5083=ORIENTED_EDGE('',*,*,#3900,.T.);
#5084=ORIENTED_EDGE('',*,*,#3901,.T.);
#5085=ORIENTED_EDGE('',*,*,#3902,.T.);
#5086=ORIENTED_EDGE('',*,*,#3902,.F.);
#5087=ORIENTED_EDGE('',*,*,#3903,.T.);
#5088=ORIENTED_EDGE('',*,*,#3904,.F.);
#5089=ORIENTED_EDGE('',*,*,#3905,.F.);
#5090=ORIENTED_EDGE('',*,*,#3901,.F.);
#5091=ORIENTED_EDGE('',*,*,#3906,.F.);
#5092=ORIENTED_EDGE('',*,*,#3907,.F.);
#5093=ORIENTED_EDGE('',*,*,#3908,.T.);
#5094=ORIENTED_EDGE('',*,*,#3909,.T.);
#5095=ORIENTED_EDGE('',*,*,#3910,.F.);
#5096=ORIENTED_EDGE('',*,*,#3911,.T.);
#5097=ORIENTED_EDGE('',*,*,#3912,.F.);
#5098=ORIENTED_EDGE('',*,*,#3913,.F.);
#5099=ORIENTED_EDGE('',*,*,#3914,.F.);
#5100=ORIENTED_EDGE('',*,*,#3915,.T.);
#5101=ORIENTED_EDGE('',*,*,#3916,.F.);
#5102=ORIENTED_EDGE('',*,*,#3903,.F.);
#5103=ORIENTED_EDGE('',*,*,#3917,.F.);
#5104=ORIENTED_EDGE('',*,*,#3918,.T.);
#5105=ORIENTED_EDGE('',*,*,#3919,.T.);
#5106=ORIENTED_EDGE('',*,*,#3891,.F.);
#5107=ORIENTED_EDGE('',*,*,#3908,.F.);
#5108=ORIENTED_EDGE('',*,*,#3920,.T.);
#5109=ORIENTED_EDGE('',*,*,#3921,.F.);
#5110=ORIENTED_EDGE('',*,*,#3922,.F.);
#5111=ORIENTED_EDGE('',*,*,#3923,.T.);
#5112=ORIENTED_EDGE('',*,*,#3917,.T.);
#5113=ORIENTED_EDGE('',*,*,#3890,.F.);
#5114=ORIENTED_EDGE('',*,*,#3924,.T.);
#5115=ORIENTED_EDGE('',*,*,#3925,.F.);
#5116=ORIENTED_EDGE('',*,*,#3926,.F.);
#5117=ORIENTED_EDGE('',*,*,#3927,.T.);
#5118=ORIENTED_EDGE('',*,*,#3928,.T.);
#5119=ORIENTED_EDGE('',*,*,#3928,.F.);
#5120=ORIENTED_EDGE('',*,*,#3929,.T.);
#5121=ORIENTED_EDGE('',*,*,#3930,.T.);
#5122=ORIENTED_EDGE('',*,*,#3909,.F.);
#5123=ORIENTED_EDGE('',*,*,#3931,.T.);
#5124=ORIENTED_EDGE('',*,*,#3904,.T.);
#5125=ORIENTED_EDGE('',*,*,#3916,.T.);
#5126=ORIENTED_EDGE('',*,*,#3932,.T.);
#5127=ORIENTED_EDGE('',*,*,#3899,.F.);
#5128=ORIENTED_EDGE('',*,*,#3905,.T.);
#5129=ORIENTED_EDGE('',*,*,#3931,.F.);
#5130=ORIENTED_EDGE('',*,*,#3933,.T.);
#5131=ORIENTED_EDGE('',*,*,#3934,.F.);
#5132=ORIENTED_EDGE('',*,*,#3935,.T.);
#5133=ORIENTED_EDGE('',*,*,#3936,.F.);
#5134=ORIENTED_EDGE('',*,*,#3937,.F.);
#5135=ORIENTED_EDGE('',*,*,#3938,.F.);
#5136=ORIENTED_EDGE('',*,*,#3929,.F.);
#5137=ORIENTED_EDGE('',*,*,#3927,.F.);
#5138=ORIENTED_EDGE('',*,*,#3939,.F.);
#5139=ORIENTED_EDGE('',*,*,#3940,.F.);
#5140=ORIENTED_EDGE('',*,*,#3932,.F.);
#5141=ORIENTED_EDGE('',*,*,#3915,.F.);
#5142=ORIENTED_EDGE('',*,*,#3941,.F.);
#5143=ORIENTED_EDGE('',*,*,#3933,.F.);
#5144=ORIENTED_EDGE('',*,*,#3942,.T.);
#5145=ORIENTED_EDGE('',*,*,#3886,.T.);
#5146=ORIENTED_EDGE('',*,*,#3898,.T.);
#5147=ORIENTED_EDGE('',*,*,#3943,.T.);
#5148=ORIENTED_EDGE('',*,*,#3881,.F.);
#5149=ORIENTED_EDGE('',*,*,#3887,.T.);
#5150=ORIENTED_EDGE('',*,*,#3942,.F.);
#5151=ORIENTED_EDGE('',*,*,#3944,.T.);
#5152=ORIENTED_EDGE('',*,*,#3945,.F.);
#5153=ORIENTED_EDGE('',*,*,#3946,.T.);
#5154=ORIENTED_EDGE('',*,*,#3947,.F.);
#5155=ORIENTED_EDGE('',*,*,#3948,.F.);
#5156=ORIENTED_EDGE('',*,*,#3949,.F.);
#5157=ORIENTED_EDGE('',*,*,#3918,.F.);
#5158=ORIENTED_EDGE('',*,*,#3923,.F.);
#5159=ORIENTED_EDGE('',*,*,#3950,.F.);
#5160=ORIENTED_EDGE('',*,*,#3951,.F.);
#5161=ORIENTED_EDGE('',*,*,#3943,.F.);
#5162=ORIENTED_EDGE('',*,*,#3897,.F.);
#5163=ORIENTED_EDGE('',*,*,#3952,.F.);
#5164=ORIENTED_EDGE('',*,*,#3944,.F.);
#5165=ORIENTED_EDGE('',*,*,#3945,.T.);
#5166=ORIENTED_EDGE('',*,*,#3952,.T.);
#5167=ORIENTED_EDGE('',*,*,#3896,.T.);
#5168=ORIENTED_EDGE('',*,*,#3953,.T.);
#5169=ORIENTED_EDGE('',*,*,#3953,.F.);
#5170=ORIENTED_EDGE('',*,*,#3895,.T.);
#5171=ORIENTED_EDGE('',*,*,#3954,.F.);
#5172=ORIENTED_EDGE('',*,*,#3946,.F.);
#5173=ORIENTED_EDGE('',*,*,#3919,.F.);
#5174=ORIENTED_EDGE('',*,*,#3949,.T.);
#5175=ORIENTED_EDGE('',*,*,#3955,.F.);
#5176=ORIENTED_EDGE('',*,*,#3892,.T.);
#5177=ORIENTED_EDGE('',*,*,#3955,.T.);
#5178=ORIENTED_EDGE('',*,*,#3948,.T.);
#5179=ORIENTED_EDGE('',*,*,#3956,.F.);
#5180=ORIENTED_EDGE('',*,*,#3893,.F.);
#5181=ORIENTED_EDGE('',*,*,#3894,.T.);
#5182=ORIENTED_EDGE('',*,*,#3956,.T.);
#5183=ORIENTED_EDGE('',*,*,#3947,.T.);
#5184=ORIENTED_EDGE('',*,*,#3954,.T.);
#5185=ORIENTED_EDGE('',*,*,#3914,.T.);
#5186=ORIENTED_EDGE('',*,*,#3957,.T.);
#5187=ORIENTED_EDGE('',*,*,#3934,.T.);
#5188=ORIENTED_EDGE('',*,*,#3941,.T.);
#5189=ORIENTED_EDGE('',*,*,#3957,.F.);
#5190=ORIENTED_EDGE('',*,*,#3913,.T.);
#5191=ORIENTED_EDGE('',*,*,#3958,.F.);
#5192=ORIENTED_EDGE('',*,*,#3935,.F.);
#5193=ORIENTED_EDGE('',*,*,#3910,.T.);
#5194=ORIENTED_EDGE('',*,*,#3930,.F.);
#5195=ORIENTED_EDGE('',*,*,#3938,.T.);
#5196=ORIENTED_EDGE('',*,*,#3959,.F.);
#5197=ORIENTED_EDGE('',*,*,#3959,.T.);
#5198=ORIENTED_EDGE('',*,*,#3937,.T.);
#5199=ORIENTED_EDGE('',*,*,#3960,.F.);
#5200=ORIENTED_EDGE('',*,*,#3911,.F.);
#5201=ORIENTED_EDGE('',*,*,#3960,.T.);
#5202=ORIENTED_EDGE('',*,*,#3936,.T.);
#5203=ORIENTED_EDGE('',*,*,#3958,.T.);
#5204=ORIENTED_EDGE('',*,*,#3912,.T.);
#5205=ORIENTED_EDGE('',*,*,#3900,.F.);
#5206=ORIENTED_EDGE('',*,*,#3940,.T.);
#5207=ORIENTED_EDGE('',*,*,#3961,.F.);
#5208=ORIENTED_EDGE('',*,*,#3906,.T.);
#5209=ORIENTED_EDGE('',*,*,#3882,.F.);
#5210=ORIENTED_EDGE('',*,*,#3951,.T.);
#5211=ORIENTED_EDGE('',*,*,#3962,.F.);
#5212=ORIENTED_EDGE('',*,*,#3888,.T.);
#5213=ORIENTED_EDGE('',*,*,#3889,.T.);
#5214=ORIENTED_EDGE('',*,*,#3962,.T.);
#5215=ORIENTED_EDGE('',*,*,#3950,.T.);
#5216=ORIENTED_EDGE('',*,*,#3922,.T.);
#5217=ORIENTED_EDGE('',*,*,#3963,.F.);
#5218=ORIENTED_EDGE('',*,*,#3964,.F.);
#5219=ORIENTED_EDGE('',*,*,#3965,.F.);
#5220=ORIENTED_EDGE('',*,*,#3924,.F.);
#5221=ORIENTED_EDGE('',*,*,#3939,.T.);
#5222=ORIENTED_EDGE('',*,*,#3926,.T.);
#5223=ORIENTED_EDGE('',*,*,#3966,.T.);
#5224=ORIENTED_EDGE('',*,*,#3967,.F.);
#5225=ORIENTED_EDGE('',*,*,#3968,.T.);
#5226=ORIENTED_EDGE('',*,*,#3920,.F.);
#5227=ORIENTED_EDGE('',*,*,#3907,.T.);
#5228=ORIENTED_EDGE('',*,*,#3961,.T.);
#5229=ORIENTED_EDGE('',*,*,#3965,.T.);
#5230=ORIENTED_EDGE('',*,*,#3969,.F.);
#5231=ORIENTED_EDGE('',*,*,#3966,.F.);
#5232=ORIENTED_EDGE('',*,*,#3925,.T.);
#5233=ORIENTED_EDGE('',*,*,#3964,.T.);
#5234=ORIENTED_EDGE('',*,*,#3970,.T.);
#5235=ORIENTED_EDGE('',*,*,#3967,.T.);
#5236=ORIENTED_EDGE('',*,*,#3969,.T.);
#5237=ORIENTED_EDGE('',*,*,#3968,.F.);
#5238=ORIENTED_EDGE('',*,*,#3970,.F.);
#5239=ORIENTED_EDGE('',*,*,#3963,.T.);
#5240=ORIENTED_EDGE('',*,*,#3921,.T.);
#5241=ORIENTED_EDGE('',*,*,#3971,.T.);
#5242=ORIENTED_EDGE('',*,*,#3972,.T.);
#5243=ORIENTED_EDGE('',*,*,#3973,.T.);
#5244=ORIENTED_EDGE('',*,*,#3974,.T.);
#5245=ORIENTED_EDGE('',*,*,#3974,.F.);
#5246=ORIENTED_EDGE('',*,*,#3975,.T.);
#5247=ORIENTED_EDGE('',*,*,#3976,.F.);
#5248=ORIENTED_EDGE('',*,*,#3977,.F.);
#5249=ORIENTED_EDGE('',*,*,#3973,.F.);
#5250=ORIENTED_EDGE('',*,*,#3978,.F.);
#5251=ORIENTED_EDGE('',*,*,#3979,.F.);
#5252=ORIENTED_EDGE('',*,*,#3980,.T.);
#5253=ORIENTED_EDGE('',*,*,#3981,.T.);
#5254=ORIENTED_EDGE('',*,*,#3982,.F.);
#5255=ORIENTED_EDGE('',*,*,#3983,.T.);
#5256=ORIENTED_EDGE('',*,*,#3984,.F.);
#5257=ORIENTED_EDGE('',*,*,#3985,.F.);
#5258=ORIENTED_EDGE('',*,*,#3986,.F.);
#5259=ORIENTED_EDGE('',*,*,#3987,.T.);
#5260=ORIENTED_EDGE('',*,*,#3988,.F.);
#5261=ORIENTED_EDGE('',*,*,#3975,.F.);
#5262=ORIENTED_EDGE('',*,*,#3989,.T.);
#5263=ORIENTED_EDGE('',*,*,#3990,.T.);
#5264=ORIENTED_EDGE('',*,*,#3991,.T.);
#5265=ORIENTED_EDGE('',*,*,#3992,.T.);
#5266=ORIENTED_EDGE('',*,*,#3992,.F.);
#5267=ORIENTED_EDGE('',*,*,#3993,.T.);
#5268=ORIENTED_EDGE('',*,*,#3994,.F.);
#5269=ORIENTED_EDGE('',*,*,#3995,.F.);
#5270=ORIENTED_EDGE('',*,*,#3991,.F.);
#5271=ORIENTED_EDGE('',*,*,#3996,.F.);
#5272=ORIENTED_EDGE('',*,*,#3997,.F.);
#5273=ORIENTED_EDGE('',*,*,#3998,.T.);
#5274=ORIENTED_EDGE('',*,*,#3999,.T.);
#5275=ORIENTED_EDGE('',*,*,#4000,.F.);
#5276=ORIENTED_EDGE('',*,*,#4001,.T.);
#5277=ORIENTED_EDGE('',*,*,#4002,.F.);
#5278=ORIENTED_EDGE('',*,*,#4003,.F.);
#5279=ORIENTED_EDGE('',*,*,#4004,.F.);
#5280=ORIENTED_EDGE('',*,*,#4005,.T.);
#5281=ORIENTED_EDGE('',*,*,#4006,.F.);
#5282=ORIENTED_EDGE('',*,*,#3993,.F.);
#5283=ORIENTED_EDGE('',*,*,#4007,.F.);
#5284=ORIENTED_EDGE('',*,*,#4008,.T.);
#5285=ORIENTED_EDGE('',*,*,#4009,.T.);
#5286=ORIENTED_EDGE('',*,*,#3999,.F.);
#5287=ORIENTED_EDGE('',*,*,#3980,.F.);
#5288=ORIENTED_EDGE('',*,*,#4010,.T.);
#5289=ORIENTED_EDGE('',*,*,#4011,.F.);
#5290=ORIENTED_EDGE('',*,*,#4012,.F.);
#5291=ORIENTED_EDGE('',*,*,#4013,.T.);
#5292=ORIENTED_EDGE('',*,*,#4007,.T.);
#5293=ORIENTED_EDGE('',*,*,#3998,.F.);
#5294=ORIENTED_EDGE('',*,*,#4014,.T.);
#5295=ORIENTED_EDGE('',*,*,#4015,.F.);
#5296=ORIENTED_EDGE('',*,*,#4016,.F.);
#5297=ORIENTED_EDGE('',*,*,#4017,.T.);
#5298=ORIENTED_EDGE('',*,*,#4018,.T.);
#5299=ORIENTED_EDGE('',*,*,#4018,.F.);
#5300=ORIENTED_EDGE('',*,*,#4019,.T.);
#5301=ORIENTED_EDGE('',*,*,#4020,.T.);
#5302=ORIENTED_EDGE('',*,*,#3981,.F.);
#5303=ORIENTED_EDGE('',*,*,#4021,.T.);
#5304=ORIENTED_EDGE('',*,*,#3994,.T.);
#5305=ORIENTED_EDGE('',*,*,#4006,.T.);
#5306=ORIENTED_EDGE('',*,*,#4022,.T.);
#5307=ORIENTED_EDGE('',*,*,#3989,.F.);
#5308=ORIENTED_EDGE('',*,*,#3995,.T.);
#5309=ORIENTED_EDGE('',*,*,#4021,.F.);
#5310=ORIENTED_EDGE('',*,*,#4023,.T.);
#5311=ORIENTED_EDGE('',*,*,#4024,.F.);
#5312=ORIENTED_EDGE('',*,*,#4025,.T.);
#5313=ORIENTED_EDGE('',*,*,#4026,.F.);
#5314=ORIENTED_EDGE('',*,*,#4027,.F.);
#5315=ORIENTED_EDGE('',*,*,#4028,.F.);
#5316=ORIENTED_EDGE('',*,*,#4008,.F.);
#5317=ORIENTED_EDGE('',*,*,#4013,.F.);
#5318=ORIENTED_EDGE('',*,*,#4029,.F.);
#5319=ORIENTED_EDGE('',*,*,#4030,.F.);
#5320=ORIENTED_EDGE('',*,*,#4022,.F.);
#5321=ORIENTED_EDGE('',*,*,#4005,.F.);
#5322=ORIENTED_EDGE('',*,*,#4031,.F.);
#5323=ORIENTED_EDGE('',*,*,#4023,.F.);
#5324=ORIENTED_EDGE('',*,*,#4032,.T.);
#5325=ORIENTED_EDGE('',*,*,#3976,.T.);
#5326=ORIENTED_EDGE('',*,*,#3988,.T.);
#5327=ORIENTED_EDGE('',*,*,#4033,.T.);
#5328=ORIENTED_EDGE('',*,*,#3971,.F.);
#5329=ORIENTED_EDGE('',*,*,#3977,.T.);
#5330=ORIENTED_EDGE('',*,*,#4032,.F.);
#5331=ORIENTED_EDGE('',*,*,#4034,.T.);
#5332=ORIENTED_EDGE('',*,*,#4035,.F.);
#5333=ORIENTED_EDGE('',*,*,#4036,.T.);
#5334=ORIENTED_EDGE('',*,*,#4037,.F.);
#5335=ORIENTED_EDGE('',*,*,#4038,.F.);
#5336=ORIENTED_EDGE('',*,*,#4039,.F.);
#5337=ORIENTED_EDGE('',*,*,#4019,.F.);
#5338=ORIENTED_EDGE('',*,*,#4017,.F.);
#5339=ORIENTED_EDGE('',*,*,#4040,.F.);
#5340=ORIENTED_EDGE('',*,*,#4041,.F.);
#5341=ORIENTED_EDGE('',*,*,#4033,.F.);
#5342=ORIENTED_EDGE('',*,*,#3987,.F.);
#5343=ORIENTED_EDGE('',*,*,#4042,.F.);
#5344=ORIENTED_EDGE('',*,*,#4034,.F.);
#5345=ORIENTED_EDGE('',*,*,#4024,.T.);
#5346=ORIENTED_EDGE('',*,*,#4031,.T.);
#5347=ORIENTED_EDGE('',*,*,#4004,.T.);
#5348=ORIENTED_EDGE('',*,*,#4043,.T.);
#5349=ORIENTED_EDGE('',*,*,#4043,.F.);
#5350=ORIENTED_EDGE('',*,*,#4003,.T.);
#5351=ORIENTED_EDGE('',*,*,#4044,.F.);
#5352=ORIENTED_EDGE('',*,*,#4025,.F.);
#5353=ORIENTED_EDGE('',*,*,#4009,.F.);
#5354=ORIENTED_EDGE('',*,*,#4028,.T.);
#5355=ORIENTED_EDGE('',*,*,#4045,.F.);
#5356=ORIENTED_EDGE('',*,*,#4000,.T.);
#5357=ORIENTED_EDGE('',*,*,#4045,.T.);
#5358=ORIENTED_EDGE('',*,*,#4027,.T.);
#5359=ORIENTED_EDGE('',*,*,#4046,.F.);
#5360=ORIENTED_EDGE('',*,*,#4001,.F.);
#5361=ORIENTED_EDGE('',*,*,#4002,.T.);
#5362=ORIENTED_EDGE('',*,*,#4046,.T.);
#5363=ORIENTED_EDGE('',*,*,#4026,.T.);
#5364=ORIENTED_EDGE('',*,*,#4044,.T.);
#5365=ORIENTED_EDGE('',*,*,#3986,.T.);
#5366=ORIENTED_EDGE('',*,*,#4047,.T.);
#5367=ORIENTED_EDGE('',*,*,#4035,.T.);
#5368=ORIENTED_EDGE('',*,*,#4042,.T.);
#5369=ORIENTED_EDGE('',*,*,#4047,.F.);
#5370=ORIENTED_EDGE('',*,*,#3985,.T.);
#5371=ORIENTED_EDGE('',*,*,#4048,.F.);
#5372=ORIENTED_EDGE('',*,*,#4036,.F.);
#5373=ORIENTED_EDGE('',*,*,#3982,.T.);
#5374=ORIENTED_EDGE('',*,*,#4020,.F.);
#5375=ORIENTED_EDGE('',*,*,#4039,.T.);
#5376=ORIENTED_EDGE('',*,*,#4049,.F.);
#5377=ORIENTED_EDGE('',*,*,#4049,.T.);
#5378=ORIENTED_EDGE('',*,*,#4038,.T.);
#5379=ORIENTED_EDGE('',*,*,#4050,.F.);
#5380=ORIENTED_EDGE('',*,*,#3983,.F.);
#5381=ORIENTED_EDGE('',*,*,#4050,.T.);
#5382=ORIENTED_EDGE('',*,*,#4037,.T.);
#5383=ORIENTED_EDGE('',*,*,#4048,.T.);
#5384=ORIENTED_EDGE('',*,*,#3984,.T.);
#5385=ORIENTED_EDGE('',*,*,#3972,.F.);
#5386=ORIENTED_EDGE('',*,*,#4041,.T.);
#5387=ORIENTED_EDGE('',*,*,#4051,.F.);
#5388=ORIENTED_EDGE('',*,*,#3978,.T.);
#5389=ORIENTED_EDGE('',*,*,#3990,.F.);
#5390=ORIENTED_EDGE('',*,*,#4030,.T.);
#5391=ORIENTED_EDGE('',*,*,#4052,.F.);
#5392=ORIENTED_EDGE('',*,*,#3996,.T.);
#5393=ORIENTED_EDGE('',*,*,#3997,.T.);
#5394=ORIENTED_EDGE('',*,*,#4052,.T.);
#5395=ORIENTED_EDGE('',*,*,#4029,.T.);
#5396=ORIENTED_EDGE('',*,*,#4012,.T.);
#5397=ORIENTED_EDGE('',*,*,#4053,.F.);
#5398=ORIENTED_EDGE('',*,*,#4054,.F.);
#5399=ORIENTED_EDGE('',*,*,#4055,.F.);
#5400=ORIENTED_EDGE('',*,*,#4014,.F.);
#5401=ORIENTED_EDGE('',*,*,#4056,.T.);
#5402=ORIENTED_EDGE('',*,*,#4057,.F.);
#5403=ORIENTED_EDGE('',*,*,#4053,.T.);
#5404=ORIENTED_EDGE('',*,*,#4011,.T.);
#5405=ORIENTED_EDGE('',*,*,#4040,.T.);
#5406=ORIENTED_EDGE('',*,*,#4016,.T.);
#5407=ORIENTED_EDGE('',*,*,#4058,.F.);
#5408=ORIENTED_EDGE('',*,*,#4059,.F.);
#5409=ORIENTED_EDGE('',*,*,#4056,.F.);
#5410=ORIENTED_EDGE('',*,*,#4010,.F.);
#5411=ORIENTED_EDGE('',*,*,#3979,.T.);
#5412=ORIENTED_EDGE('',*,*,#4051,.T.);
#5413=ORIENTED_EDGE('',*,*,#4059,.T.);
#5414=ORIENTED_EDGE('',*,*,#4060,.T.);
#5415=ORIENTED_EDGE('',*,*,#4054,.T.);
#5416=ORIENTED_EDGE('',*,*,#4057,.T.);
#5417=ORIENTED_EDGE('',*,*,#4055,.T.);
#5418=ORIENTED_EDGE('',*,*,#4060,.F.);
#5419=ORIENTED_EDGE('',*,*,#4058,.T.);
#5420=ORIENTED_EDGE('',*,*,#4015,.T.);
#5421=ORIENTED_EDGE('',*,*,#4061,.T.);
#5422=ORIENTED_EDGE('',*,*,#4062,.T.);
#5423=ORIENTED_EDGE('',*,*,#4063,.T.);
#5424=ORIENTED_EDGE('',*,*,#4064,.T.);
#5425=ORIENTED_EDGE('',*,*,#4062,.F.);
#5426=ORIENTED_EDGE('',*,*,#4065,.T.);
#5427=ORIENTED_EDGE('',*,*,#4066,.F.);
#5428=ORIENTED_EDGE('',*,*,#4067,.F.);
#5429=ORIENTED_EDGE('',*,*,#4061,.F.);
#5430=ORIENTED_EDGE('',*,*,#4068,.T.);
#5431=ORIENTED_EDGE('',*,*,#4069,.F.);
#5432=ORIENTED_EDGE('',*,*,#4070,.T.);
#5433=ORIENTED_EDGE('',*,*,#4071,.T.);
#5434=ORIENTED_EDGE('',*,*,#4072,.F.);
#5435=ORIENTED_EDGE('',*,*,#4073,.T.);
#5436=ORIENTED_EDGE('',*,*,#4074,.F.);
#5437=ORIENTED_EDGE('',*,*,#4075,.F.);
#5438=ORIENTED_EDGE('',*,*,#4076,.F.);
#5439=ORIENTED_EDGE('',*,*,#4077,.T.);
#5440=ORIENTED_EDGE('',*,*,#4078,.F.);
#5441=ORIENTED_EDGE('',*,*,#4065,.F.);
#5442=ORIENTED_EDGE('',*,*,#4079,.T.);
#5443=ORIENTED_EDGE('',*,*,#4080,.T.);
#5444=ORIENTED_EDGE('',*,*,#4081,.T.);
#5445=ORIENTED_EDGE('',*,*,#4082,.T.);
#5446=ORIENTED_EDGE('',*,*,#4080,.F.);
#5447=ORIENTED_EDGE('',*,*,#4083,.T.);
#5448=ORIENTED_EDGE('',*,*,#4084,.F.);
#5449=ORIENTED_EDGE('',*,*,#4085,.F.);
#5450=ORIENTED_EDGE('',*,*,#4079,.F.);
#5451=ORIENTED_EDGE('',*,*,#4086,.T.);
#5452=ORIENTED_EDGE('',*,*,#4087,.F.);
#5453=ORIENTED_EDGE('',*,*,#4088,.T.);
#5454=ORIENTED_EDGE('',*,*,#4089,.T.);
#5455=ORIENTED_EDGE('',*,*,#4090,.F.);
#5456=ORIENTED_EDGE('',*,*,#4091,.T.);
#5457=ORIENTED_EDGE('',*,*,#4092,.F.);
#5458=ORIENTED_EDGE('',*,*,#4093,.F.);
#5459=ORIENTED_EDGE('',*,*,#4094,.F.);
#5460=ORIENTED_EDGE('',*,*,#4095,.T.);
#5461=ORIENTED_EDGE('',*,*,#4096,.F.);
#5462=ORIENTED_EDGE('',*,*,#4083,.F.);
#5463=ORIENTED_EDGE('',*,*,#4070,.F.);
#5464=ORIENTED_EDGE('',*,*,#4097,.T.);
#5465=ORIENTED_EDGE('',*,*,#4098,.F.);
#5466=ORIENTED_EDGE('',*,*,#4099,.F.);
#5467=ORIENTED_EDGE('',*,*,#4100,.T.);
#5468=ORIENTED_EDGE('',*,*,#4101,.F.);
#5469=ORIENTED_EDGE('',*,*,#4102,.T.);
#5470=ORIENTED_EDGE('',*,*,#4103,.T.);
#5471=ORIENTED_EDGE('',*,*,#4103,.F.);
#5472=ORIENTED_EDGE('',*,*,#4104,.T.);
#5473=ORIENTED_EDGE('',*,*,#4105,.T.);
#5474=ORIENTED_EDGE('',*,*,#4071,.F.);
#5475=ORIENTED_EDGE('',*,*,#4088,.F.);
#5476=ORIENTED_EDGE('',*,*,#4106,.T.);
#5477=ORIENTED_EDGE('',*,*,#4107,.F.);
#5478=ORIENTED_EDGE('',*,*,#4099,.T.);
#5479=ORIENTED_EDGE('',*,*,#4108,.T.);
#5480=ORIENTED_EDGE('',*,*,#4109,.F.);
#5481=ORIENTED_EDGE('',*,*,#4110,.T.);
#5482=ORIENTED_EDGE('',*,*,#4111,.T.);
#5483=ORIENTED_EDGE('',*,*,#4111,.F.);
#5484=ORIENTED_EDGE('',*,*,#4112,.T.);
#5485=ORIENTED_EDGE('',*,*,#4113,.T.);
#5486=ORIENTED_EDGE('',*,*,#4089,.F.);
#5487=ORIENTED_EDGE('',*,*,#4114,.T.);
#5488=ORIENTED_EDGE('',*,*,#4066,.T.);
#5489=ORIENTED_EDGE('',*,*,#4078,.T.);
#5490=ORIENTED_EDGE('',*,*,#4115,.T.);
#5491=ORIENTED_EDGE('',*,*,#4063,.F.);
#5492=ORIENTED_EDGE('',*,*,#4067,.T.);
#5493=ORIENTED_EDGE('',*,*,#4114,.F.);
#5494=ORIENTED_EDGE('',*,*,#4116,.T.);
#5495=ORIENTED_EDGE('',*,*,#4117,.F.);
#5496=ORIENTED_EDGE('',*,*,#4118,.T.);
#5497=ORIENTED_EDGE('',*,*,#4119,.F.);
#5498=ORIENTED_EDGE('',*,*,#4120,.F.);
#5499=ORIENTED_EDGE('',*,*,#4121,.F.);
#5500=ORIENTED_EDGE('',*,*,#4104,.F.);
#5501=ORIENTED_EDGE('',*,*,#4102,.F.);
#5502=ORIENTED_EDGE('',*,*,#4122,.F.);
#5503=ORIENTED_EDGE('',*,*,#4123,.T.);
#5504=ORIENTED_EDGE('',*,*,#4115,.F.);
#5505=ORIENTED_EDGE('',*,*,#4077,.F.);
#5506=ORIENTED_EDGE('',*,*,#4124,.F.);
#5507=ORIENTED_EDGE('',*,*,#4116,.F.);
#5508=ORIENTED_EDGE('',*,*,#4125,.T.);
#5509=ORIENTED_EDGE('',*,*,#4084,.T.);
#5510=ORIENTED_EDGE('',*,*,#4096,.T.);
#5511=ORIENTED_EDGE('',*,*,#4126,.T.);
#5512=ORIENTED_EDGE('',*,*,#4081,.F.);
#5513=ORIENTED_EDGE('',*,*,#4085,.T.);
#5514=ORIENTED_EDGE('',*,*,#4125,.F.);
#5515=ORIENTED_EDGE('',*,*,#4127,.T.);
#5516=ORIENTED_EDGE('',*,*,#4128,.F.);
#5517=ORIENTED_EDGE('',*,*,#4129,.T.);
#5518=ORIENTED_EDGE('',*,*,#4130,.F.);
#5519=ORIENTED_EDGE('',*,*,#4131,.F.);
#5520=ORIENTED_EDGE('',*,*,#4132,.F.);
#5521=ORIENTED_EDGE('',*,*,#4112,.F.);
#5522=ORIENTED_EDGE('',*,*,#4110,.F.);
#5523=ORIENTED_EDGE('',*,*,#4133,.F.);
#5524=ORIENTED_EDGE('',*,*,#4134,.T.);
#5525=ORIENTED_EDGE('',*,*,#4126,.F.);
#5526=ORIENTED_EDGE('',*,*,#4095,.F.);
#5527=ORIENTED_EDGE('',*,*,#4135,.F.);
#5528=ORIENTED_EDGE('',*,*,#4127,.F.);
#5529=ORIENTED_EDGE('',*,*,#4117,.T.);
#5530=ORIENTED_EDGE('',*,*,#4124,.T.);
#5531=ORIENTED_EDGE('',*,*,#4076,.T.);
#5532=ORIENTED_EDGE('',*,*,#4136,.T.);
#5533=ORIENTED_EDGE('',*,*,#4136,.F.);
#5534=ORIENTED_EDGE('',*,*,#4075,.T.);
#5535=ORIENTED_EDGE('',*,*,#4137,.F.);
#5536=ORIENTED_EDGE('',*,*,#4118,.F.);
#5537=ORIENTED_EDGE('',*,*,#4105,.F.);
#5538=ORIENTED_EDGE('',*,*,#4121,.T.);
#5539=ORIENTED_EDGE('',*,*,#4138,.F.);
#5540=ORIENTED_EDGE('',*,*,#4072,.T.);
#5541=ORIENTED_EDGE('',*,*,#4138,.T.);
#5542=ORIENTED_EDGE('',*,*,#4120,.T.);
#5543=ORIENTED_EDGE('',*,*,#4139,.F.);
#5544=ORIENTED_EDGE('',*,*,#4073,.F.);
#5545=ORIENTED_EDGE('',*,*,#4074,.T.);
#5546=ORIENTED_EDGE('',*,*,#4139,.T.);
#5547=ORIENTED_EDGE('',*,*,#4119,.T.);
#5548=ORIENTED_EDGE('',*,*,#4137,.T.);
#5549=ORIENTED_EDGE('',*,*,#4094,.T.);
#5550=ORIENTED_EDGE('',*,*,#4140,.T.);
#5551=ORIENTED_EDGE('',*,*,#4128,.T.);
#5552=ORIENTED_EDGE('',*,*,#4135,.T.);
#5553=ORIENTED_EDGE('',*,*,#4140,.F.);
#5554=ORIENTED_EDGE('',*,*,#4093,.T.);
#5555=ORIENTED_EDGE('',*,*,#4141,.F.);
#5556=ORIENTED_EDGE('',*,*,#4129,.F.);
#5557=ORIENTED_EDGE('',*,*,#4090,.T.);
#5558=ORIENTED_EDGE('',*,*,#4113,.F.);
#5559=ORIENTED_EDGE('',*,*,#4132,.T.);
#5560=ORIENTED_EDGE('',*,*,#4142,.F.);
#5561=ORIENTED_EDGE('',*,*,#4142,.T.);
#5562=ORIENTED_EDGE('',*,*,#4131,.T.);
#5563=ORIENTED_EDGE('',*,*,#4143,.F.);
#5564=ORIENTED_EDGE('',*,*,#4091,.F.);
#5565=ORIENTED_EDGE('',*,*,#4143,.T.);
#5566=ORIENTED_EDGE('',*,*,#4130,.T.);
#5567=ORIENTED_EDGE('',*,*,#4141,.T.);
#5568=ORIENTED_EDGE('',*,*,#4092,.T.);
#5569=ORIENTED_EDGE('',*,*,#4064,.F.);
#5570=ORIENTED_EDGE('',*,*,#4123,.F.);
#5571=ORIENTED_EDGE('',*,*,#4144,.F.);
#5572=ORIENTED_EDGE('',*,*,#4068,.F.);
#5573=ORIENTED_EDGE('',*,*,#4082,.F.);
#5574=ORIENTED_EDGE('',*,*,#4134,.F.);
#5575=ORIENTED_EDGE('',*,*,#4145,.F.);
#5576=ORIENTED_EDGE('',*,*,#4086,.F.);
#5577=ORIENTED_EDGE('',*,*,#4069,.T.);
#5578=ORIENTED_EDGE('',*,*,#4144,.T.);
#5579=ORIENTED_EDGE('',*,*,#4122,.T.);
#5580=ORIENTED_EDGE('',*,*,#4101,.T.);
#5581=ORIENTED_EDGE('',*,*,#4146,.F.);
#5582=ORIENTED_EDGE('',*,*,#4147,.F.);
#5583=ORIENTED_EDGE('',*,*,#4148,.F.);
#5584=ORIENTED_EDGE('',*,*,#4097,.F.);
#5585=ORIENTED_EDGE('',*,*,#4133,.T.);
#5586=ORIENTED_EDGE('',*,*,#4109,.T.);
#5587=ORIENTED_EDGE('',*,*,#4149,.F.);
#5588=ORIENTED_EDGE('',*,*,#4150,.F.);
#5589=ORIENTED_EDGE('',*,*,#4151,.F.);
#5590=ORIENTED_EDGE('',*,*,#4106,.F.);
#5591=ORIENTED_EDGE('',*,*,#4087,.T.);
#5592=ORIENTED_EDGE('',*,*,#4145,.T.);
#5593=ORIENTED_EDGE('',*,*,#4148,.T.);
#5594=ORIENTED_EDGE('',*,*,#4152,.F.);
#5595=ORIENTED_EDGE('',*,*,#4149,.T.);
#5596=ORIENTED_EDGE('',*,*,#4108,.F.);
#5597=ORIENTED_EDGE('',*,*,#4098,.T.);
#5598=ORIENTED_EDGE('',*,*,#4147,.T.);
#5599=ORIENTED_EDGE('',*,*,#4153,.T.);
#5600=ORIENTED_EDGE('',*,*,#4150,.T.);
#5601=ORIENTED_EDGE('',*,*,#4152,.T.);
#5602=ORIENTED_EDGE('',*,*,#4151,.T.);
#5603=ORIENTED_EDGE('',*,*,#4153,.F.);
#5604=ORIENTED_EDGE('',*,*,#4146,.T.);
#5605=ORIENTED_EDGE('',*,*,#4100,.F.);
#5606=ORIENTED_EDGE('',*,*,#4107,.T.);
#5607=ORIENTED_EDGE('',*,*,#4154,.T.);
#5608=ORIENTED_EDGE('',*,*,#4155,.T.);
#5609=ORIENTED_EDGE('',*,*,#4156,.T.);
#5610=ORIENTED_EDGE('',*,*,#4157,.T.);
#5611=ORIENTED_EDGE('',*,*,#4155,.F.);
#5612=ORIENTED_EDGE('',*,*,#4158,.F.);
#5613=ORIENTED_EDGE('',*,*,#4159,.F.);
#5614=ORIENTED_EDGE('',*,*,#4160,.F.);
#5615=ORIENTED_EDGE('',*,*,#4154,.F.);
#5616=ORIENTED_EDGE('',*,*,#4161,.T.);
#5617=ORIENTED_EDGE('',*,*,#4162,.F.);
#5618=ORIENTED_EDGE('',*,*,#4163,.T.);
#5619=ORIENTED_EDGE('',*,*,#4164,.T.);
#5620=ORIENTED_EDGE('',*,*,#4165,.F.);
#5621=ORIENTED_EDGE('',*,*,#4166,.T.);
#5622=ORIENTED_EDGE('',*,*,#4167,.F.);
#5623=ORIENTED_EDGE('',*,*,#4168,.F.);
#5624=ORIENTED_EDGE('',*,*,#4169,.F.);
#5625=ORIENTED_EDGE('',*,*,#4170,.T.);
#5626=ORIENTED_EDGE('',*,*,#4171,.F.);
#5627=ORIENTED_EDGE('',*,*,#4158,.T.);
#5628=ORIENTED_EDGE('',*,*,#4172,.T.);
#5629=ORIENTED_EDGE('',*,*,#4173,.T.);
#5630=ORIENTED_EDGE('',*,*,#4174,.T.);
#5631=ORIENTED_EDGE('',*,*,#4175,.T.);
#5632=ORIENTED_EDGE('',*,*,#4173,.F.);
#5633=ORIENTED_EDGE('',*,*,#4176,.F.);
#5634=ORIENTED_EDGE('',*,*,#4177,.F.);
#5635=ORIENTED_EDGE('',*,*,#4178,.F.);
#5636=ORIENTED_EDGE('',*,*,#4172,.F.);
#5637=ORIENTED_EDGE('',*,*,#4179,.T.);
#5638=ORIENTED_EDGE('',*,*,#4180,.F.);
#5639=ORIENTED_EDGE('',*,*,#4181,.T.);
#5640=ORIENTED_EDGE('',*,*,#4182,.T.);
#5641=ORIENTED_EDGE('',*,*,#4183,.F.);
#5642=ORIENTED_EDGE('',*,*,#4184,.T.);
#5643=ORIENTED_EDGE('',*,*,#4185,.F.);
#5644=ORIENTED_EDGE('',*,*,#4186,.F.);
#5645=ORIENTED_EDGE('',*,*,#4187,.F.);
#5646=ORIENTED_EDGE('',*,*,#4188,.T.);
#5647=ORIENTED_EDGE('',*,*,#4189,.F.);
#5648=ORIENTED_EDGE('',*,*,#4176,.T.);
#5649=ORIENTED_EDGE('',*,*,#4190,.F.);
#5650=ORIENTED_EDGE('',*,*,#4191,.T.);
#5651=ORIENTED_EDGE('',*,*,#4192,.T.);
#5652=ORIENTED_EDGE('',*,*,#4164,.F.);
#5653=ORIENTED_EDGE('',*,*,#4181,.F.);
#5654=ORIENTED_EDGE('',*,*,#4193,.T.);
#5655=ORIENTED_EDGE('',*,*,#4194,.F.);
#5656=ORIENTED_EDGE('',*,*,#4195,.F.);
#5657=ORIENTED_EDGE('',*,*,#4196,.T.);
#5658=ORIENTED_EDGE('',*,*,#4190,.T.);
#5659=ORIENTED_EDGE('',*,*,#4163,.F.);
#5660=ORIENTED_EDGE('',*,*,#4197,.T.);
#5661=ORIENTED_EDGE('',*,*,#4198,.F.);
#5662=ORIENTED_EDGE('',*,*,#4199,.F.);
#5663=ORIENTED_EDGE('',*,*,#4200,.T.);
#5664=ORIENTED_EDGE('',*,*,#4201,.T.);
#5665=ORIENTED_EDGE('',*,*,#4201,.F.);
#5666=ORIENTED_EDGE('',*,*,#4202,.T.);
#5667=ORIENTED_EDGE('',*,*,#4203,.T.);
#5668=ORIENTED_EDGE('',*,*,#4182,.F.);
#5669=ORIENTED_EDGE('',*,*,#4204,.T.);
#5670=ORIENTED_EDGE('',*,*,#4177,.T.);
#5671=ORIENTED_EDGE('',*,*,#4189,.T.);
#5672=ORIENTED_EDGE('',*,*,#4205,.T.);
#5673=ORIENTED_EDGE('',*,*,#4206,.T.);
#5674=ORIENTED_EDGE('',*,*,#4159,.T.);
#5675=ORIENTED_EDGE('',*,*,#4171,.T.);
#5676=ORIENTED_EDGE('',*,*,#4207,.T.);
#5677=ORIENTED_EDGE('',*,*,#4156,.F.);
#5678=ORIENTED_EDGE('',*,*,#4160,.T.);
#5679=ORIENTED_EDGE('',*,*,#4206,.F.);
#5680=ORIENTED_EDGE('',*,*,#4208,.T.);
#5681=ORIENTED_EDGE('',*,*,#4209,.F.);
#5682=ORIENTED_EDGE('',*,*,#4210,.T.);
#5683=ORIENTED_EDGE('',*,*,#4211,.F.);
#5684=ORIENTED_EDGE('',*,*,#4212,.F.);
#5685=ORIENTED_EDGE('',*,*,#4213,.F.);
#5686=ORIENTED_EDGE('',*,*,#4191,.F.);
#5687=ORIENTED_EDGE('',*,*,#4196,.F.);
#5688=ORIENTED_EDGE('',*,*,#4214,.F.);
#5689=ORIENTED_EDGE('',*,*,#4215,.T.);
#5690=ORIENTED_EDGE('',*,*,#4207,.F.);
#5691=ORIENTED_EDGE('',*,*,#4170,.F.);
#5692=ORIENTED_EDGE('',*,*,#4216,.F.);
#5693=ORIENTED_EDGE('',*,*,#4208,.F.);
#5694=ORIENTED_EDGE('',*,*,#4209,.T.);
#5695=ORIENTED_EDGE('',*,*,#4216,.T.);
#5696=ORIENTED_EDGE('',*,*,#4169,.T.);
#5697=ORIENTED_EDGE('',*,*,#4217,.T.);
#5698=ORIENTED_EDGE('',*,*,#4217,.F.);
#5699=ORIENTED_EDGE('',*,*,#4168,.T.);
#5700=ORIENTED_EDGE('',*,*,#4218,.F.);
#5701=ORIENTED_EDGE('',*,*,#4210,.F.);
#5702=ORIENTED_EDGE('',*,*,#4192,.F.);
#5703=ORIENTED_EDGE('',*,*,#4213,.T.);
#5704=ORIENTED_EDGE('',*,*,#4219,.F.);
#5705=ORIENTED_EDGE('',*,*,#4165,.T.);
#5706=ORIENTED_EDGE('',*,*,#4219,.T.);
#5707=ORIENTED_EDGE('',*,*,#4212,.T.);
#5708=ORIENTED_EDGE('',*,*,#4220,.F.);
#5709=ORIENTED_EDGE('',*,*,#4166,.F.);
#5710=ORIENTED_EDGE('',*,*,#4167,.T.);
#5711=ORIENTED_EDGE('',*,*,#4220,.T.);
#5712=ORIENTED_EDGE('',*,*,#4211,.T.);
#5713=ORIENTED_EDGE('',*,*,#4218,.T.);
#5714=ORIENTED_EDGE('',*,*,#4187,.T.);
#5715=ORIENTED_EDGE('',*,*,#4221,.T.);
#5716=ORIENTED_EDGE('',*,*,#4222,.T.);
#5717=ORIENTED_EDGE('',*,*,#4223,.T.);
#5718=ORIENTED_EDGE('',*,*,#4221,.F.);
#5719=ORIENTED_EDGE('',*,*,#4186,.T.);
#5720=ORIENTED_EDGE('',*,*,#4224,.F.);
#5721=ORIENTED_EDGE('',*,*,#4225,.F.);
#5722=ORIENTED_EDGE('',*,*,#4183,.T.);
#5723=ORIENTED_EDGE('',*,*,#4203,.F.);
#5724=ORIENTED_EDGE('',*,*,#4226,.T.);
#5725=ORIENTED_EDGE('',*,*,#4227,.F.);
#5726=ORIENTED_EDGE('',*,*,#4227,.T.);
#5727=ORIENTED_EDGE('',*,*,#4228,.T.);
#5728=ORIENTED_EDGE('',*,*,#4229,.F.);
#5729=ORIENTED_EDGE('',*,*,#4184,.F.);
#5730=ORIENTED_EDGE('',*,*,#4229,.T.);
#5731=ORIENTED_EDGE('',*,*,#4230,.T.);
#5732=ORIENTED_EDGE('',*,*,#4224,.T.);
#5733=ORIENTED_EDGE('',*,*,#4185,.T.);
#5734=ORIENTED_EDGE('',*,*,#4205,.F.);
#5735=ORIENTED_EDGE('',*,*,#4188,.F.);
#5736=ORIENTED_EDGE('',*,*,#4223,.F.);
#5737=ORIENTED_EDGE('',*,*,#4231,.F.);
#5738=ORIENTED_EDGE('',*,*,#4174,.F.);
#5739=ORIENTED_EDGE('',*,*,#4178,.T.);
#5740=ORIENTED_EDGE('',*,*,#4204,.F.);
#5741=ORIENTED_EDGE('',*,*,#4231,.T.);
#5742=ORIENTED_EDGE('',*,*,#4222,.F.);
#5743=ORIENTED_EDGE('',*,*,#4225,.T.);
#5744=ORIENTED_EDGE('',*,*,#4230,.F.);
#5745=ORIENTED_EDGE('',*,*,#4228,.F.);
#5746=ORIENTED_EDGE('',*,*,#4226,.F.);
#5747=ORIENTED_EDGE('',*,*,#4202,.F.);
#5748=ORIENTED_EDGE('',*,*,#4200,.F.);
#5749=ORIENTED_EDGE('',*,*,#4232,.F.);
#5750=ORIENTED_EDGE('',*,*,#4233,.T.);
#5751=ORIENTED_EDGE('',*,*,#4162,.T.);
#5752=ORIENTED_EDGE('',*,*,#4234,.T.);
#5753=ORIENTED_EDGE('',*,*,#4214,.T.);
#5754=ORIENTED_EDGE('',*,*,#4195,.T.);
#5755=ORIENTED_EDGE('',*,*,#4235,.F.);
#5756=ORIENTED_EDGE('',*,*,#4236,.F.);
#5757=ORIENTED_EDGE('',*,*,#4237,.F.);
#5758=ORIENTED_EDGE('',*,*,#4197,.F.);
#5759=ORIENTED_EDGE('',*,*,#4238,.T.);
#5760=ORIENTED_EDGE('',*,*,#4239,.F.);
#5761=ORIENTED_EDGE('',*,*,#4235,.T.);
#5762=ORIENTED_EDGE('',*,*,#4194,.T.);
#5763=ORIENTED_EDGE('',*,*,#4232,.T.);
#5764=ORIENTED_EDGE('',*,*,#4199,.T.);
#5765=ORIENTED_EDGE('',*,*,#4240,.F.);
#5766=ORIENTED_EDGE('',*,*,#4241,.F.);
#5767=ORIENTED_EDGE('',*,*,#4238,.F.);
#5768=ORIENTED_EDGE('',*,*,#4193,.F.);
#5769=ORIENTED_EDGE('',*,*,#4180,.T.);
#5770=ORIENTED_EDGE('',*,*,#4242,.T.);
#5771=ORIENTED_EDGE('',*,*,#4241,.T.);
#5772=ORIENTED_EDGE('',*,*,#4243,.T.);
#5773=ORIENTED_EDGE('',*,*,#4236,.T.);
#5774=ORIENTED_EDGE('',*,*,#4239,.T.);
#5775=ORIENTED_EDGE('',*,*,#4237,.T.);
#5776=ORIENTED_EDGE('',*,*,#4243,.F.);
#5777=ORIENTED_EDGE('',*,*,#4240,.T.);
#5778=ORIENTED_EDGE('',*,*,#4198,.T.);
#5779=ORIENTED_EDGE('',*,*,#4175,.F.);
#5780=ORIENTED_EDGE('',*,*,#4233,.F.);
#5781=ORIENTED_EDGE('',*,*,#4242,.F.);
#5782=ORIENTED_EDGE('',*,*,#4179,.F.);
#5783=ORIENTED_EDGE('',*,*,#4157,.F.);
#5784=ORIENTED_EDGE('',*,*,#4215,.F.);
#5785=ORIENTED_EDGE('',*,*,#4234,.F.);
#5786=ORIENTED_EDGE('',*,*,#4161,.F.);
#5787=ORIENTED_EDGE('',*,*,#4244,.T.);
#5788=ORIENTED_EDGE('',*,*,#4245,.T.);
#5789=ORIENTED_EDGE('',*,*,#4246,.T.);
#5790=ORIENTED_EDGE('',*,*,#4247,.T.);
#5791=ORIENTED_EDGE('',*,*,#4245,.F.);
#5792=ORIENTED_EDGE('',*,*,#4248,.F.);
#5793=ORIENTED_EDGE('',*,*,#4249,.F.);
#5794=ORIENTED_EDGE('',*,*,#4250,.F.);
#5795=ORIENTED_EDGE('',*,*,#4244,.F.);
#5796=ORIENTED_EDGE('',*,*,#4251,.T.);
#5797=ORIENTED_EDGE('',*,*,#4252,.F.);
#5798=ORIENTED_EDGE('',*,*,#4253,.T.);
#5799=ORIENTED_EDGE('',*,*,#4254,.T.);
#5800=ORIENTED_EDGE('',*,*,#4255,.F.);
#5801=ORIENTED_EDGE('',*,*,#4256,.T.);
#5802=ORIENTED_EDGE('',*,*,#4257,.F.);
#5803=ORIENTED_EDGE('',*,*,#4258,.F.);
#5804=ORIENTED_EDGE('',*,*,#4259,.F.);
#5805=ORIENTED_EDGE('',*,*,#4260,.T.);
#5806=ORIENTED_EDGE('',*,*,#4261,.F.);
#5807=ORIENTED_EDGE('',*,*,#4248,.T.);
#5808=ORIENTED_EDGE('',*,*,#4262,.T.);
#5809=ORIENTED_EDGE('',*,*,#4263,.T.);
#5810=ORIENTED_EDGE('',*,*,#4264,.T.);
#5811=ORIENTED_EDGE('',*,*,#4265,.T.);
#5812=ORIENTED_EDGE('',*,*,#4263,.F.);
#5813=ORIENTED_EDGE('',*,*,#4266,.F.);
#5814=ORIENTED_EDGE('',*,*,#4267,.F.);
#5815=ORIENTED_EDGE('',*,*,#4268,.F.);
#5816=ORIENTED_EDGE('',*,*,#4262,.F.);
#5817=ORIENTED_EDGE('',*,*,#4269,.T.);
#5818=ORIENTED_EDGE('',*,*,#4270,.F.);
#5819=ORIENTED_EDGE('',*,*,#4271,.T.);
#5820=ORIENTED_EDGE('',*,*,#4272,.T.);
#5821=ORIENTED_EDGE('',*,*,#4273,.F.);
#5822=ORIENTED_EDGE('',*,*,#4274,.T.);
#5823=ORIENTED_EDGE('',*,*,#4275,.F.);
#5824=ORIENTED_EDGE('',*,*,#4276,.F.);
#5825=ORIENTED_EDGE('',*,*,#4277,.F.);
#5826=ORIENTED_EDGE('',*,*,#4278,.T.);
#5827=ORIENTED_EDGE('',*,*,#4279,.F.);
#5828=ORIENTED_EDGE('',*,*,#4266,.T.);
#5829=ORIENTED_EDGE('',*,*,#4280,.F.);
#5830=ORIENTED_EDGE('',*,*,#4281,.T.);
#5831=ORIENTED_EDGE('',*,*,#4282,.T.);
#5832=ORIENTED_EDGE('',*,*,#4254,.F.);
#5833=ORIENTED_EDGE('',*,*,#4271,.F.);
#5834=ORIENTED_EDGE('',*,*,#4283,.T.);
#5835=ORIENTED_EDGE('',*,*,#4284,.F.);
#5836=ORIENTED_EDGE('',*,*,#4285,.F.);
#5837=ORIENTED_EDGE('',*,*,#4286,.T.);
#5838=ORIENTED_EDGE('',*,*,#4280,.T.);
#5839=ORIENTED_EDGE('',*,*,#4253,.F.);
#5840=ORIENTED_EDGE('',*,*,#4287,.T.);
#5841=ORIENTED_EDGE('',*,*,#4288,.F.);
#5842=ORIENTED_EDGE('',*,*,#4289,.F.);
#5843=ORIENTED_EDGE('',*,*,#4290,.T.);
#5844=ORIENTED_EDGE('',*,*,#4291,.T.);
#5845=ORIENTED_EDGE('',*,*,#4291,.F.);
#5846=ORIENTED_EDGE('',*,*,#4292,.T.);
#5847=ORIENTED_EDGE('',*,*,#4293,.T.);
#5848=ORIENTED_EDGE('',*,*,#4272,.F.);
#5849=ORIENTED_EDGE('',*,*,#4294,.T.);
#5850=ORIENTED_EDGE('',*,*,#4249,.T.);
#5851=ORIENTED_EDGE('',*,*,#4261,.T.);
#5852=ORIENTED_EDGE('',*,*,#4295,.T.);
#5853=ORIENTED_EDGE('',*,*,#4296,.T.);
#5854=ORIENTED_EDGE('',*,*,#4267,.T.);
#5855=ORIENTED_EDGE('',*,*,#4279,.T.);
#5856=ORIENTED_EDGE('',*,*,#4297,.T.);
#5857=ORIENTED_EDGE('',*,*,#4264,.F.);
#5858=ORIENTED_EDGE('',*,*,#4268,.T.);
#5859=ORIENTED_EDGE('',*,*,#4296,.F.);
#5860=ORIENTED_EDGE('',*,*,#4298,.T.);
#5861=ORIENTED_EDGE('',*,*,#4299,.F.);
#5862=ORIENTED_EDGE('',*,*,#4300,.T.);
#5863=ORIENTED_EDGE('',*,*,#4301,.F.);
#5864=ORIENTED_EDGE('',*,*,#4302,.F.);
#5865=ORIENTED_EDGE('',*,*,#4303,.F.);
#5866=ORIENTED_EDGE('',*,*,#4292,.F.);
#5867=ORIENTED_EDGE('',*,*,#4290,.F.);
#5868=ORIENTED_EDGE('',*,*,#4304,.F.);
#5869=ORIENTED_EDGE('',*,*,#4305,.T.);
#5870=ORIENTED_EDGE('',*,*,#4297,.F.);
#5871=ORIENTED_EDGE('',*,*,#4278,.F.);
#5872=ORIENTED_EDGE('',*,*,#4306,.F.);
#5873=ORIENTED_EDGE('',*,*,#4298,.F.);
#5874=ORIENTED_EDGE('',*,*,#4299,.T.);
#5875=ORIENTED_EDGE('',*,*,#4306,.T.);
#5876=ORIENTED_EDGE('',*,*,#4277,.T.);
#5877=ORIENTED_EDGE('',*,*,#4307,.T.);
#5878=ORIENTED_EDGE('',*,*,#4307,.F.);
#5879=ORIENTED_EDGE('',*,*,#4276,.T.);
#5880=ORIENTED_EDGE('',*,*,#4308,.F.);
#5881=ORIENTED_EDGE('',*,*,#4300,.F.);
#5882=ORIENTED_EDGE('',*,*,#4293,.F.);
#5883=ORIENTED_EDGE('',*,*,#4303,.T.);
#5884=ORIENTED_EDGE('',*,*,#4309,.F.);
#5885=ORIENTED_EDGE('',*,*,#4273,.T.);
#5886=ORIENTED_EDGE('',*,*,#4309,.T.);
#5887=ORIENTED_EDGE('',*,*,#4302,.T.);
#5888=ORIENTED_EDGE('',*,*,#4310,.F.);
#5889=ORIENTED_EDGE('',*,*,#4274,.F.);
#5890=ORIENTED_EDGE('',*,*,#4275,.T.);
#5891=ORIENTED_EDGE('',*,*,#4310,.T.);
#5892=ORIENTED_EDGE('',*,*,#4301,.T.);
#5893=ORIENTED_EDGE('',*,*,#4308,.T.);
#5894=ORIENTED_EDGE('',*,*,#4259,.T.);
#5895=ORIENTED_EDGE('',*,*,#4311,.T.);
#5896=ORIENTED_EDGE('',*,*,#4312,.T.);
#5897=ORIENTED_EDGE('',*,*,#4313,.T.);
#5898=ORIENTED_EDGE('',*,*,#4311,.F.);
#5899=ORIENTED_EDGE('',*,*,#4258,.T.);
#5900=ORIENTED_EDGE('',*,*,#4314,.F.);
#5901=ORIENTED_EDGE('',*,*,#4315,.F.);
#5902=ORIENTED_EDGE('',*,*,#4255,.T.);
#5903=ORIENTED_EDGE('',*,*,#4282,.F.);
#5904=ORIENTED_EDGE('',*,*,#4316,.T.);
#5905=ORIENTED_EDGE('',*,*,#4317,.F.);
#5906=ORIENTED_EDGE('',*,*,#4317,.T.);
#5907=ORIENTED_EDGE('',*,*,#4318,.T.);
#5908=ORIENTED_EDGE('',*,*,#4319,.F.);
#5909=ORIENTED_EDGE('',*,*,#4256,.F.);
#5910=ORIENTED_EDGE('',*,*,#4319,.T.);
#5911=ORIENTED_EDGE('',*,*,#4320,.T.);
#5912=ORIENTED_EDGE('',*,*,#4314,.T.);
#5913=ORIENTED_EDGE('',*,*,#4257,.T.);
#5914=ORIENTED_EDGE('',*,*,#4295,.F.);
#5915=ORIENTED_EDGE('',*,*,#4260,.F.);
#5916=ORIENTED_EDGE('',*,*,#4313,.F.);
#5917=ORIENTED_EDGE('',*,*,#4321,.F.);
#5918=ORIENTED_EDGE('',*,*,#4246,.F.);
#5919=ORIENTED_EDGE('',*,*,#4250,.T.);
#5920=ORIENTED_EDGE('',*,*,#4294,.F.);
#5921=ORIENTED_EDGE('',*,*,#4321,.T.);
#5922=ORIENTED_EDGE('',*,*,#4312,.F.);
#5923=ORIENTED_EDGE('',*,*,#4315,.T.);
#5924=ORIENTED_EDGE('',*,*,#4320,.F.);
#5925=ORIENTED_EDGE('',*,*,#4318,.F.);
#5926=ORIENTED_EDGE('',*,*,#4316,.F.);
#5927=ORIENTED_EDGE('',*,*,#4281,.F.);
#5928=ORIENTED_EDGE('',*,*,#4286,.F.);
#5929=ORIENTED_EDGE('',*,*,#4322,.F.);
#5930=ORIENTED_EDGE('',*,*,#4323,.T.);
#5931=ORIENTED_EDGE('',*,*,#4270,.T.);
#5932=ORIENTED_EDGE('',*,*,#4324,.T.);
#5933=ORIENTED_EDGE('',*,*,#4304,.T.);
#5934=ORIENTED_EDGE('',*,*,#4289,.T.);
#5935=ORIENTED_EDGE('',*,*,#4325,.F.);
#5936=ORIENTED_EDGE('',*,*,#4326,.F.);
#5937=ORIENTED_EDGE('',*,*,#4327,.F.);
#5938=ORIENTED_EDGE('',*,*,#4283,.F.);
#5939=ORIENTED_EDGE('',*,*,#4328,.T.);
#5940=ORIENTED_EDGE('',*,*,#4329,.F.);
#5941=ORIENTED_EDGE('',*,*,#4325,.T.);
#5942=ORIENTED_EDGE('',*,*,#4288,.T.);
#5943=ORIENTED_EDGE('',*,*,#4322,.T.);
#5944=ORIENTED_EDGE('',*,*,#4285,.T.);
#5945=ORIENTED_EDGE('',*,*,#4330,.F.);
#5946=ORIENTED_EDGE('',*,*,#4331,.F.);
#5947=ORIENTED_EDGE('',*,*,#4328,.F.);
#5948=ORIENTED_EDGE('',*,*,#4287,.F.);
#5949=ORIENTED_EDGE('',*,*,#4252,.T.);
#5950=ORIENTED_EDGE('',*,*,#4332,.T.);
#5951=ORIENTED_EDGE('',*,*,#4331,.T.);
#5952=ORIENTED_EDGE('',*,*,#4333,.T.);
#5953=ORIENTED_EDGE('',*,*,#4326,.T.);
#5954=ORIENTED_EDGE('',*,*,#4329,.T.);
#5955=ORIENTED_EDGE('',*,*,#4327,.T.);
#5956=ORIENTED_EDGE('',*,*,#4333,.F.);
#5957=ORIENTED_EDGE('',*,*,#4330,.T.);
#5958=ORIENTED_EDGE('',*,*,#4284,.T.);
#5959=ORIENTED_EDGE('',*,*,#4247,.F.);
#5960=ORIENTED_EDGE('',*,*,#4323,.F.);
#5961=ORIENTED_EDGE('',*,*,#4332,.F.);
#5962=ORIENTED_EDGE('',*,*,#4251,.F.);
#5963=ORIENTED_EDGE('',*,*,#4265,.F.);
#5964=ORIENTED_EDGE('',*,*,#4305,.F.);
#5965=ORIENTED_EDGE('',*,*,#4324,.F.);
#5966=ORIENTED_EDGE('',*,*,#4269,.F.);
#5967=ORIENTED_EDGE('',*,*,#4334,.F.);
#5968=ORIENTED_EDGE('',*,*,#4335,.T.);
#5969=ORIENTED_EDGE('',*,*,#4336,.F.);
#5970=ORIENTED_EDGE('',*,*,#4337,.T.);
#5971=ORIENTED_EDGE('',*,*,#4335,.F.);
#5972=ORIENTED_EDGE('',*,*,#4338,.T.);
#5973=ORIENTED_EDGE('',*,*,#4339,.T.);
#5974=ORIENTED_EDGE('',*,*,#4340,.F.);
#5975=ORIENTED_EDGE('',*,*,#4338,.F.);
#5976=ORIENTED_EDGE('',*,*,#4341,.T.);
#5977=ORIENTED_EDGE('',*,*,#4342,.F.);
#5978=ORIENTED_EDGE('',*,*,#4343,.T.);
#5979=ORIENTED_EDGE('',*,*,#4344,.F.);
#5980=ORIENTED_EDGE('',*,*,#4341,.F.);
#5981=ORIENTED_EDGE('',*,*,#4345,.F.);
#5982=ORIENTED_EDGE('',*,*,#4346,.T.);
#5983=ORIENTED_EDGE('',*,*,#4347,.T.);
#5984=ORIENTED_EDGE('',*,*,#4348,.F.);
#5985=ORIENTED_EDGE('',*,*,#4346,.F.);
#5986=ORIENTED_EDGE('',*,*,#4349,.T.);
#5987=ORIENTED_EDGE('',*,*,#4350,.F.);
#5988=ORIENTED_EDGE('',*,*,#4351,.T.);
#5989=ORIENTED_EDGE('',*,*,#4352,.F.);
#5990=ORIENTED_EDGE('',*,*,#4349,.F.);
#5991=ORIENTED_EDGE('',*,*,#4353,.T.);
#5992=ORIENTED_EDGE('',*,*,#4354,.T.);
#5993=ORIENTED_EDGE('',*,*,#4355,.F.);
#5994=ORIENTED_EDGE('',*,*,#4356,.T.);
#5995=ORIENTED_EDGE('',*,*,#4357,.T.);
#5996=ORIENTED_EDGE('',*,*,#4358,.F.);
#5997=ORIENTED_EDGE('',*,*,#4356,.F.);
#5998=ORIENTED_EDGE('',*,*,#4359,.T.);
#5999=ORIENTED_EDGE('',*,*,#4360,.F.);
#6000=ORIENTED_EDGE('',*,*,#4361,.T.);
#6001=ORIENTED_EDGE('',*,*,#4362,.F.);
#6002=ORIENTED_EDGE('',*,*,#4359,.F.);
#6003=ORIENTED_EDGE('',*,*,#4363,.T.);
#6004=ORIENTED_EDGE('',*,*,#4364,.T.);
#6005=ORIENTED_EDGE('',*,*,#4365,.F.);
#6006=ORIENTED_EDGE('',*,*,#4366,.T.);
#6007=ORIENTED_EDGE('',*,*,#4367,.F.);
#6008=ORIENTED_EDGE('',*,*,#4368,.T.);
#6009=ORIENTED_EDGE('',*,*,#4366,.F.);
#6010=ORIENTED_EDGE('',*,*,#4369,.T.);
#6011=ORIENTED_EDGE('',*,*,#4370,.T.);
#6012=ORIENTED_EDGE('',*,*,#4371,.F.);
#6013=ORIENTED_EDGE('',*,*,#4369,.F.);
#6014=ORIENTED_EDGE('',*,*,#4372,.T.);
#6015=ORIENTED_EDGE('',*,*,#4373,.F.);
#6016=ORIENTED_EDGE('',*,*,#4374,.T.);
#6017=ORIENTED_EDGE('',*,*,#4375,.F.);
#6018=ORIENTED_EDGE('',*,*,#4372,.F.);
#6019=ORIENTED_EDGE('',*,*,#4376,.F.);
#6020=ORIENTED_EDGE('',*,*,#4377,.T.);
#6021=ORIENTED_EDGE('',*,*,#4378,.F.);
#6022=ORIENTED_EDGE('',*,*,#4379,.T.);
#6023=ORIENTED_EDGE('',*,*,#4377,.F.);
#6024=ORIENTED_EDGE('',*,*,#4380,.T.);
#6025=ORIENTED_EDGE('',*,*,#4381,.T.);
#6026=ORIENTED_EDGE('',*,*,#4382,.F.);
#6027=ORIENTED_EDGE('',*,*,#4380,.F.);
#6028=ORIENTED_EDGE('',*,*,#4383,.T.);
#6029=ORIENTED_EDGE('',*,*,#4384,.F.);
#6030=ORIENTED_EDGE('',*,*,#4385,.T.);
#6031=ORIENTED_EDGE('',*,*,#4386,.F.);
#6032=ORIENTED_EDGE('',*,*,#4383,.F.);
#6033=ORIENTED_EDGE('',*,*,#4387,.F.);
#6034=ORIENTED_EDGE('',*,*,#4388,.T.);
#6035=ORIENTED_EDGE('',*,*,#4389,.F.);
#6036=ORIENTED_EDGE('',*,*,#4390,.T.);
#6037=ORIENTED_EDGE('',*,*,#4388,.F.);
#6038=ORIENTED_EDGE('',*,*,#4391,.T.);
#6039=ORIENTED_EDGE('',*,*,#4392,.T.);
#6040=ORIENTED_EDGE('',*,*,#4393,.F.);
#6041=ORIENTED_EDGE('',*,*,#4391,.F.);
#6042=ORIENTED_EDGE('',*,*,#4394,.T.);
#6043=ORIENTED_EDGE('',*,*,#4395,.F.);
#6044=ORIENTED_EDGE('',*,*,#4396,.T.);
#6045=ORIENTED_EDGE('',*,*,#4397,.F.);
#6046=ORIENTED_EDGE('',*,*,#4394,.F.);
#6047=ORIENTED_EDGE('',*,*,#4398,.F.);
#6048=ORIENTED_EDGE('',*,*,#4399,.T.);
#6049=ORIENTED_EDGE('',*,*,#4400,.T.);
#6050=ORIENTED_EDGE('',*,*,#4401,.F.);
#6051=ORIENTED_EDGE('',*,*,#4399,.F.);
#6052=ORIENTED_EDGE('',*,*,#4402,.T.);
#6053=ORIENTED_EDGE('',*,*,#4403,.F.);
#6054=ORIENTED_EDGE('',*,*,#4404,.T.);
#6055=ORIENTED_EDGE('',*,*,#4405,.F.);
#6056=ORIENTED_EDGE('',*,*,#4402,.F.);
#6057=ORIENTED_EDGE('',*,*,#4406,.T.);
#6058=ORIENTED_EDGE('',*,*,#4407,.T.);
#6059=ORIENTED_EDGE('',*,*,#4408,.F.);
#6060=ORIENTED_EDGE('',*,*,#4409,.T.);
#6061=ORIENTED_EDGE('',*,*,#4410,.F.);
#6062=ORIENTED_EDGE('',*,*,#4411,.T.);
#6063=ORIENTED_EDGE('',*,*,#4409,.F.);
#6064=ORIENTED_EDGE('',*,*,#4412,.T.);
#6065=ORIENTED_EDGE('',*,*,#4413,.T.);
#6066=ORIENTED_EDGE('',*,*,#4414,.F.);
#6067=ORIENTED_EDGE('',*,*,#4412,.F.);
#6068=ORIENTED_EDGE('',*,*,#4415,.T.);
#6069=ORIENTED_EDGE('',*,*,#4416,.F.);
#6070=ORIENTED_EDGE('',*,*,#4417,.T.);
#6071=ORIENTED_EDGE('',*,*,#4418,.F.);
#6072=ORIENTED_EDGE('',*,*,#4415,.F.);
#6073=ORIENTED_EDGE('',*,*,#4419,.F.);
#6074=ORIENTED_EDGE('',*,*,#4420,.T.);
#6075=ORIENTED_EDGE('',*,*,#4421,.T.);
#6076=ORIENTED_EDGE('',*,*,#4422,.F.);
#6077=ORIENTED_EDGE('',*,*,#4420,.F.);
#6078=ORIENTED_EDGE('',*,*,#4423,.T.);
#6079=ORIENTED_EDGE('',*,*,#4424,.T.);
#6080=ORIENTED_EDGE('',*,*,#4425,.T.);
#6081=ORIENTED_EDGE('',*,*,#4423,.F.);
#6082=ORIENTED_EDGE('',*,*,#4426,.T.);
#6083=ORIENTED_EDGE('',*,*,#4427,.T.);
#6084=ORIENTED_EDGE('',*,*,#4428,.T.);
#6085=ORIENTED_EDGE('',*,*,#4426,.F.);
#6086=ORIENTED_EDGE('',*,*,#4429,.T.);
#6087=ORIENTED_EDGE('',*,*,#4430,.F.);
#6088=ORIENTED_EDGE('',*,*,#4431,.T.);
#6089=ORIENTED_EDGE('',*,*,#4429,.F.);
#6090=ORIENTED_EDGE('',*,*,#4432,.T.);
#6091=ORIENTED_EDGE('',*,*,#4433,.T.);
#6092=ORIENTED_EDGE('',*,*,#4434,.F.);
#6093=ORIENTED_EDGE('',*,*,#4435,.F.);
#6094=ORIENTED_EDGE('',*,*,#4436,.T.);
#6095=ORIENTED_EDGE('',*,*,#4437,.T.);
#6096=ORIENTED_EDGE('',*,*,#4438,.F.);
#6097=ORIENTED_EDGE('',*,*,#4436,.F.);
#6098=ORIENTED_EDGE('',*,*,#4439,.T.);
#6099=ORIENTED_EDGE('',*,*,#4440,.F.);
#6100=ORIENTED_EDGE('',*,*,#4441,.T.);
#6101=ORIENTED_EDGE('',*,*,#4442,.F.);
#6102=ORIENTED_EDGE('',*,*,#4439,.F.);
#6103=ORIENTED_EDGE('',*,*,#4443,.T.);
#6104=ORIENTED_EDGE('',*,*,#4444,.T.);
#6105=ORIENTED_EDGE('',*,*,#4445,.T.);
#6106=ORIENTED_EDGE('',*,*,#4446,.T.);
#6107=ORIENTED_EDGE('',*,*,#4447,.T.);
#6108=ORIENTED_EDGE('',*,*,#4448,.T.);
#6109=ORIENTED_EDGE('',*,*,#4449,.T.);
#6110=ORIENTED_EDGE('',*,*,#4450,.T.);
#6111=ORIENTED_EDGE('',*,*,#4451,.T.);
#6112=ORIENTED_EDGE('',*,*,#4448,.F.);
#6113=ORIENTED_EDGE('',*,*,#4435,.T.);
#6114=ORIENTED_EDGE('',*,*,#4452,.F.);
#6115=ORIENTED_EDGE('',*,*,#4453,.T.);
#6116=ORIENTED_EDGE('',*,*,#4443,.F.);
#6117=ORIENTED_EDGE('',*,*,#4454,.T.);
#6118=ORIENTED_EDGE('',*,*,#4440,.T.);
#6119=ORIENTED_EDGE('',*,*,#4442,.T.);
#6120=ORIENTED_EDGE('',*,*,#4455,.T.);
#6121=ORIENTED_EDGE('',*,*,#4450,.F.);
#6122=ORIENTED_EDGE('',*,*,#4419,.T.);
#6123=ORIENTED_EDGE('',*,*,#4456,.F.);
#6124=ORIENTED_EDGE('',*,*,#4457,.T.);
#6125=ORIENTED_EDGE('',*,*,#4432,.F.);
#6126=ORIENTED_EDGE('',*,*,#4452,.T.);
#6127=ORIENTED_EDGE('',*,*,#4438,.T.);
#6128=ORIENTED_EDGE('',*,*,#4458,.T.);
#6129=ORIENTED_EDGE('',*,*,#4456,.T.);
#6130=ORIENTED_EDGE('',*,*,#4422,.T.);
#6131=ORIENTED_EDGE('',*,*,#4459,.T.);
#6132=ORIENTED_EDGE('',*,*,#4460,.T.);
#6133=ORIENTED_EDGE('',*,*,#4430,.T.);
#6134=ORIENTED_EDGE('',*,*,#4434,.T.);
#6135=ORIENTED_EDGE('',*,*,#4461,.T.);
#6136=ORIENTED_EDGE('',*,*,#4462,.T.);
#6137=ORIENTED_EDGE('',*,*,#4463,.T.);
#6138=ORIENTED_EDGE('',*,*,#4464,.T.);
#6139=ORIENTED_EDGE('',*,*,#4465,.T.);
#6140=ORIENTED_EDGE('',*,*,#4466,.T.);
#6141=ORIENTED_EDGE('',*,*,#4408,.T.);
#6142=ORIENTED_EDGE('',*,*,#4467,.T.);
#6143=ORIENTED_EDGE('',*,*,#4468,.T.);
#6144=ORIENTED_EDGE('',*,*,#4416,.T.);
#6145=ORIENTED_EDGE('',*,*,#4418,.T.);
#6146=ORIENTED_EDGE('',*,*,#4469,.T.);
#6147=ORIENTED_EDGE('',*,*,#4462,.F.);
#6148=ORIENTED_EDGE('',*,*,#4398,.T.);
#6149=ORIENTED_EDGE('',*,*,#4470,.F.);
#6150=ORIENTED_EDGE('',*,*,#4471,.T.);
#6151=ORIENTED_EDGE('',*,*,#4406,.F.);
#6152=ORIENTED_EDGE('',*,*,#4410,.T.);
#6153=ORIENTED_EDGE('',*,*,#4414,.T.);
#6154=ORIENTED_EDGE('',*,*,#4472,.T.);
#6155=ORIENTED_EDGE('',*,*,#4403,.T.);
#6156=ORIENTED_EDGE('',*,*,#4405,.T.);
#6157=ORIENTED_EDGE('',*,*,#4473,.T.);
#6158=ORIENTED_EDGE('',*,*,#4387,.T.);
#6159=ORIENTED_EDGE('',*,*,#4474,.T.);
#6160=ORIENTED_EDGE('',*,*,#4475,.T.);
#6161=ORIENTED_EDGE('',*,*,#4470,.T.);
#6162=ORIENTED_EDGE('',*,*,#4401,.T.);
#6163=ORIENTED_EDGE('',*,*,#4476,.T.);
#6164=ORIENTED_EDGE('',*,*,#4477,.T.);
#6165=ORIENTED_EDGE('',*,*,#4376,.T.);
#6166=ORIENTED_EDGE('',*,*,#4478,.T.);
#6167=ORIENTED_EDGE('',*,*,#4479,.T.);
#6168=ORIENTED_EDGE('',*,*,#4384,.T.);
#6169=ORIENTED_EDGE('',*,*,#4386,.T.);
#6170=ORIENTED_EDGE('',*,*,#4480,.T.);
#6171=ORIENTED_EDGE('',*,*,#4477,.F.);
#6172=ORIENTED_EDGE('',*,*,#4378,.T.);
#6173=ORIENTED_EDGE('',*,*,#4382,.T.);
#6174=ORIENTED_EDGE('',*,*,#4481,.T.);
#6175=ORIENTED_EDGE('',*,*,#4395,.T.);
#6176=ORIENTED_EDGE('',*,*,#4397,.T.);
#6177=ORIENTED_EDGE('',*,*,#4482,.T.);
#6178=ORIENTED_EDGE('',*,*,#4483,.T.);
#6179=ORIENTED_EDGE('',*,*,#4389,.T.);
#6180=ORIENTED_EDGE('',*,*,#4393,.T.);
#6181=ORIENTED_EDGE('',*,*,#4484,.T.);
#6182=ORIENTED_EDGE('',*,*,#4485,.T.);
#6183=ORIENTED_EDGE('',*,*,#4486,.T.);
#6184=ORIENTED_EDGE('',*,*,#4485,.F.);
#6185=ORIENTED_EDGE('',*,*,#4487,.T.);
#6186=ORIENTED_EDGE('',*,*,#4466,.F.);
#6187=ORIENTED_EDGE('',*,*,#4445,.F.);
#6188=ORIENTED_EDGE('',*,*,#4451,.F.);
#6189=ORIENTED_EDGE('',*,*,#4488,.F.);
#6190=ORIENTED_EDGE('',*,*,#4489,.F.);
#6191=ORIENTED_EDGE('',*,*,#4490,.F.);
#6192=ORIENTED_EDGE('',*,*,#4488,.T.);
#6193=ORIENTED_EDGE('',*,*,#4455,.F.);
#6194=ORIENTED_EDGE('',*,*,#4453,.F.);
#6195=ORIENTED_EDGE('',*,*,#4459,.F.);
#6196=ORIENTED_EDGE('',*,*,#4421,.F.);
#6197=ORIENTED_EDGE('',*,*,#4425,.F.);
#6198=ORIENTED_EDGE('',*,*,#4491,.F.);
#6199=ORIENTED_EDGE('',*,*,#4431,.F.);
#6200=ORIENTED_EDGE('',*,*,#4460,.F.);
#6201=ORIENTED_EDGE('',*,*,#4492,.F.);
#6202=ORIENTED_EDGE('',*,*,#4493,.F.);
#6203=ORIENTED_EDGE('',*,*,#4427,.F.);
#6204=ORIENTED_EDGE('',*,*,#4494,.F.);
#6205=ORIENTED_EDGE('',*,*,#4492,.T.);
#6206=ORIENTED_EDGE('',*,*,#4469,.F.);
#6207=ORIENTED_EDGE('',*,*,#4495,.F.);
#6208=ORIENTED_EDGE('',*,*,#4411,.F.);
#6209=ORIENTED_EDGE('',*,*,#4473,.F.);
#6210=ORIENTED_EDGE('',*,*,#4471,.F.);
#6211=ORIENTED_EDGE('',*,*,#4475,.F.);
#6212=ORIENTED_EDGE('',*,*,#4496,.F.);
#6213=ORIENTED_EDGE('',*,*,#4497,.F.);
#6214=ORIENTED_EDGE('',*,*,#4498,.F.);
#6215=ORIENTED_EDGE('',*,*,#4496,.T.);
#6216=ORIENTED_EDGE('',*,*,#4480,.F.);
#6217=ORIENTED_EDGE('',*,*,#4365,.T.);
#6218=ORIENTED_EDGE('',*,*,#4499,.T.);
#6219=ORIENTED_EDGE('',*,*,#4355,.T.);
#6220=ORIENTED_EDGE('',*,*,#4500,.F.);
#6221=ORIENTED_EDGE('',*,*,#4501,.T.);
#6222=ORIENTED_EDGE('',*,*,#4363,.F.);
#6223=ORIENTED_EDGE('',*,*,#4345,.T.);
#6224=ORIENTED_EDGE('',*,*,#4502,.F.);
#6225=ORIENTED_EDGE('',*,*,#4503,.T.);
#6226=ORIENTED_EDGE('',*,*,#4353,.F.);
#6227=ORIENTED_EDGE('',*,*,#4367,.T.);
#6228=ORIENTED_EDGE('',*,*,#4371,.T.);
#6229=ORIENTED_EDGE('',*,*,#4504,.T.);
#6230=ORIENTED_EDGE('',*,*,#4350,.T.);
#6231=ORIENTED_EDGE('',*,*,#4352,.T.);
#6232=ORIENTED_EDGE('',*,*,#4505,.T.);
#6233=ORIENTED_EDGE('',*,*,#4334,.T.);
#6234=ORIENTED_EDGE('',*,*,#4506,.T.);
#6235=ORIENTED_EDGE('',*,*,#4502,.T.);
#6236=ORIENTED_EDGE('',*,*,#4348,.T.);
#6237=ORIENTED_EDGE('',*,*,#4507,.T.);
#6238=ORIENTED_EDGE('',*,*,#4342,.T.);
#6239=ORIENTED_EDGE('',*,*,#4344,.T.);
#6240=ORIENTED_EDGE('',*,*,#4508,.T.);
#6241=ORIENTED_EDGE('',*,*,#4336,.T.);
#6242=ORIENTED_EDGE('',*,*,#4340,.T.);
#6243=ORIENTED_EDGE('',*,*,#4509,.T.);
#6244=ORIENTED_EDGE('',*,*,#4360,.T.);
#6245=ORIENTED_EDGE('',*,*,#4362,.T.);
#6246=ORIENTED_EDGE('',*,*,#4510,.T.);
#6247=ORIENTED_EDGE('',*,*,#4500,.T.);
#6248=ORIENTED_EDGE('',*,*,#4358,.T.);
#6249=ORIENTED_EDGE('',*,*,#4511,.T.);
#6250=ORIENTED_EDGE('',*,*,#4373,.T.);
#6251=ORIENTED_EDGE('',*,*,#4375,.T.);
#6252=ORIENTED_EDGE('',*,*,#4512,.T.);
#6253=ORIENTED_EDGE('',*,*,#4513,.F.);
#6254=ORIENTED_EDGE('',*,*,#4368,.F.);
#6255=ORIENTED_EDGE('',*,*,#4505,.F.);
#6256=ORIENTED_EDGE('',*,*,#4514,.F.);
#6257=ORIENTED_EDGE('',*,*,#4503,.F.);
#6258=ORIENTED_EDGE('',*,*,#4508,.F.);
#6259=ORIENTED_EDGE('',*,*,#4343,.F.);
#6260=ORIENTED_EDGE('',*,*,#4507,.F.);
#6261=ORIENTED_EDGE('',*,*,#4347,.F.);
#6262=ORIENTED_EDGE('',*,*,#4351,.F.);
#6263=ORIENTED_EDGE('',*,*,#4504,.F.);
#6264=ORIENTED_EDGE('',*,*,#4370,.F.);
#6265=ORIENTED_EDGE('',*,*,#4374,.F.);
#6266=ORIENTED_EDGE('',*,*,#4511,.F.);
#6267=ORIENTED_EDGE('',*,*,#4357,.F.);
#6268=ORIENTED_EDGE('',*,*,#4361,.F.);
#6269=ORIENTED_EDGE('',*,*,#4509,.F.);
#6270=ORIENTED_EDGE('',*,*,#4339,.F.);
#6271=ORIENTED_EDGE('',*,*,#4337,.F.);
#6272=ORIENTED_EDGE('',*,*,#4510,.F.);
#6273=ORIENTED_EDGE('',*,*,#4515,.F.);
#6274=ORIENTED_EDGE('',*,*,#4501,.F.);
#6275=ORIENTED_EDGE('',*,*,#4512,.F.);
#6276=ORIENTED_EDGE('',*,*,#4516,.F.);
#6277=ORIENTED_EDGE('',*,*,#4379,.F.);
#6278=ORIENTED_EDGE('',*,*,#4482,.F.);
#6279=ORIENTED_EDGE('',*,*,#4517,.F.);
#6280=ORIENTED_EDGE('',*,*,#4390,.F.);
#6281=ORIENTED_EDGE('',*,*,#4483,.F.);
#6282=ORIENTED_EDGE('',*,*,#4518,.F.);
#6283=ORIENTED_EDGE('',*,*,#4519,.F.);
#6284=ORIENTED_EDGE('',*,*,#4465,.F.);
#6285=ORIENTED_EDGE('',*,*,#4520,.F.);
#6286=ORIENTED_EDGE('',*,*,#4518,.T.);
#6287=ORIENTED_EDGE('',*,*,#4486,.F.);
#6288=ORIENTED_EDGE('',*,*,#4447,.F.);
#6289=ORIENTED_EDGE('',*,*,#4521,.F.);
#6290=ORIENTED_EDGE('',*,*,#4463,.F.);
#6291=ORIENTED_EDGE('',*,*,#4522,.F.);
#6292=ORIENTED_EDGE('',*,*,#4449,.F.);
#6293=ORIENTED_EDGE('',*,*,#4522,.T.);
#6294=ORIENTED_EDGE('',*,*,#4487,.F.);
#6295=ORIENTED_EDGE('',*,*,#4484,.F.);
#6296=ORIENTED_EDGE('',*,*,#4392,.F.);
#6297=ORIENTED_EDGE('',*,*,#4396,.F.);
#6298=ORIENTED_EDGE('',*,*,#4481,.F.);
#6299=ORIENTED_EDGE('',*,*,#4381,.F.);
#6300=ORIENTED_EDGE('',*,*,#4385,.F.);
#6301=ORIENTED_EDGE('',*,*,#4479,.F.);
#6302=ORIENTED_EDGE('',*,*,#4476,.F.);
#6303=ORIENTED_EDGE('',*,*,#4400,.F.);
#6304=ORIENTED_EDGE('',*,*,#4404,.F.);
#6305=ORIENTED_EDGE('',*,*,#4472,.F.);
#6306=ORIENTED_EDGE('',*,*,#4413,.F.);
#6307=ORIENTED_EDGE('',*,*,#4417,.F.);
#6308=ORIENTED_EDGE('',*,*,#4468,.F.);
#6309=ORIENTED_EDGE('',*,*,#4461,.F.);
#6310=ORIENTED_EDGE('',*,*,#4433,.F.);
#6311=ORIENTED_EDGE('',*,*,#4457,.F.);
#6312=ORIENTED_EDGE('',*,*,#4458,.F.);
#6313=ORIENTED_EDGE('',*,*,#4437,.F.);
#6314=ORIENTED_EDGE('',*,*,#4441,.F.);
#6315=ORIENTED_EDGE('',*,*,#4454,.F.);
#6316=ORIENTED_EDGE('',*,*,#4523,.F.);
#6317=ORIENTED_EDGE('',*,*,#4524,.T.);
#6318=ORIENTED_EDGE('',*,*,#4525,.T.);
#6319=ORIENTED_EDGE('',*,*,#4526,.F.);
#6320=ORIENTED_EDGE('',*,*,#4525,.F.);
#6321=ORIENTED_EDGE('',*,*,#4527,.F.);
#6322=ORIENTED_EDGE('',*,*,#4528,.F.);
#6323=ORIENTED_EDGE('',*,*,#4529,.F.);
#6324=ORIENTED_EDGE('',*,*,#4530,.F.);
#6325=ORIENTED_EDGE('',*,*,#4531,.T.);
#6326=ORIENTED_EDGE('',*,*,#4532,.T.);
#6327=ORIENTED_EDGE('',*,*,#4533,.F.);
#6328=ORIENTED_EDGE('',*,*,#4534,.F.);
#6329=ORIENTED_EDGE('',*,*,#4535,.F.);
#6330=ORIENTED_EDGE('',*,*,#4532,.F.);
#6331=ORIENTED_EDGE('',*,*,#4536,.F.);
#6332=ORIENTED_EDGE('',*,*,#4537,.F.);
#6333=ORIENTED_EDGE('',*,*,#4538,.T.);
#6334=ORIENTED_EDGE('',*,*,#4539,.T.);
#6335=ORIENTED_EDGE('',*,*,#4540,.F.);
#6336=ORIENTED_EDGE('',*,*,#4541,.F.);
#6337=ORIENTED_EDGE('',*,*,#4542,.F.);
#6338=ORIENTED_EDGE('',*,*,#4539,.F.);
#6339=ORIENTED_EDGE('',*,*,#4543,.F.);
#6340=ORIENTED_EDGE('',*,*,#4544,.F.);
#6341=ORIENTED_EDGE('',*,*,#4545,.T.);
#6342=ORIENTED_EDGE('',*,*,#4546,.T.);
#6343=ORIENTED_EDGE('',*,*,#4547,.F.);
#6344=ORIENTED_EDGE('',*,*,#4546,.F.);
#6345=ORIENTED_EDGE('',*,*,#4548,.F.);
#6346=ORIENTED_EDGE('',*,*,#4549,.F.);
#6347=ORIENTED_EDGE('',*,*,#4550,.F.);
#6348=ORIENTED_EDGE('',*,*,#4551,.F.);
#6349=ORIENTED_EDGE('',*,*,#4552,.T.);
#6350=ORIENTED_EDGE('',*,*,#4553,.T.);
#6351=ORIENTED_EDGE('',*,*,#4554,.F.);
#6352=ORIENTED_EDGE('',*,*,#4555,.F.);
#6353=ORIENTED_EDGE('',*,*,#4553,.F.);
#6354=ORIENTED_EDGE('',*,*,#4556,.F.);
#6355=ORIENTED_EDGE('',*,*,#4557,.F.);
#6356=ORIENTED_EDGE('',*,*,#4558,.F.);
#6357=ORIENTED_EDGE('',*,*,#4559,.T.);
#6358=ORIENTED_EDGE('',*,*,#4560,.T.);
#6359=ORIENTED_EDGE('',*,*,#4561,.F.);
#6360=ORIENTED_EDGE('',*,*,#4562,.F.);
#6361=ORIENTED_EDGE('',*,*,#4563,.F.);
#6362=ORIENTED_EDGE('',*,*,#4560,.F.);
#6363=ORIENTED_EDGE('',*,*,#4564,.F.);
#6364=ORIENTED_EDGE('',*,*,#4528,.T.);
#6365=ORIENTED_EDGE('',*,*,#4565,.F.);
#6366=ORIENTED_EDGE('',*,*,#4566,.T.);
#6367=ORIENTED_EDGE('',*,*,#4567,.F.);
#6368=ORIENTED_EDGE('',*,*,#4534,.T.);
#6369=ORIENTED_EDGE('',*,*,#4568,.F.);
#6370=ORIENTED_EDGE('',*,*,#4569,.T.);
#6371=ORIENTED_EDGE('',*,*,#4570,.F.);
#6372=ORIENTED_EDGE('',*,*,#4541,.T.);
#6373=ORIENTED_EDGE('',*,*,#4571,.F.);
#6374=ORIENTED_EDGE('',*,*,#4572,.T.);
#6375=ORIENTED_EDGE('',*,*,#4573,.F.);
#6376=ORIENTED_EDGE('',*,*,#4549,.T.);
#6377=ORIENTED_EDGE('',*,*,#4574,.F.);
#6378=ORIENTED_EDGE('',*,*,#4575,.T.);
#6379=ORIENTED_EDGE('',*,*,#4576,.F.);
#6380=ORIENTED_EDGE('',*,*,#4562,.T.);
#6381=ORIENTED_EDGE('',*,*,#4577,.F.);
#6382=ORIENTED_EDGE('',*,*,#4578,.T.);
#6383=ORIENTED_EDGE('',*,*,#4579,.F.);
#6384=ORIENTED_EDGE('',*,*,#4568,.T.);
#6385=ORIENTED_EDGE('',*,*,#4536,.T.);
#6386=ORIENTED_EDGE('',*,*,#4531,.F.);
#6387=ORIENTED_EDGE('',*,*,#4580,.F.);
#6388=ORIENTED_EDGE('',*,*,#4581,.T.);
#6389=ORIENTED_EDGE('',*,*,#4582,.T.);
#6390=ORIENTED_EDGE('',*,*,#4583,.T.);
#6391=ORIENTED_EDGE('',*,*,#4584,.F.);
#6392=ORIENTED_EDGE('',*,*,#4554,.T.);
#6393=ORIENTED_EDGE('',*,*,#4555,.T.);
#6394=ORIENTED_EDGE('',*,*,#4585,.T.);
#6395=ORIENTED_EDGE('',*,*,#4586,.F.);
#6396=ORIENTED_EDGE('',*,*,#4557,.T.);
#6397=ORIENTED_EDGE('',*,*,#4587,.F.);
#6398=ORIENTED_EDGE('',*,*,#4588,.T.);
#6399=ORIENTED_EDGE('',*,*,#4585,.F.);
#6400=ORIENTED_EDGE('',*,*,#4570,.T.);
#6401=ORIENTED_EDGE('',*,*,#4589,.F.);
#6402=ORIENTED_EDGE('',*,*,#4587,.T.);
#6403=ORIENTED_EDGE('',*,*,#4556,.T.);
#6404=ORIENTED_EDGE('',*,*,#4552,.F.);
#6405=ORIENTED_EDGE('',*,*,#4590,.F.);
#6406=ORIENTED_EDGE('',*,*,#4591,.T.);
#6407=ORIENTED_EDGE('',*,*,#4592,.T.);
#6408=ORIENTED_EDGE('',*,*,#4593,.T.);
#6409=ORIENTED_EDGE('',*,*,#4594,.F.);
#6410=ORIENTED_EDGE('',*,*,#4533,.T.);
#6411=ORIENTED_EDGE('',*,*,#4535,.T.);
#6412=ORIENTED_EDGE('',*,*,#4577,.T.);
#6413=ORIENTED_EDGE('',*,*,#4564,.T.);
#6414=ORIENTED_EDGE('',*,*,#4559,.F.);
#6415=ORIENTED_EDGE('',*,*,#4595,.F.);
#6416=ORIENTED_EDGE('',*,*,#4596,.T.);
#6417=ORIENTED_EDGE('',*,*,#4597,.T.);
#6418=ORIENTED_EDGE('',*,*,#4598,.T.);
#6419=ORIENTED_EDGE('',*,*,#4599,.F.);
#6420=ORIENTED_EDGE('',*,*,#4540,.T.);
#6421=ORIENTED_EDGE('',*,*,#4542,.T.);
#6422=ORIENTED_EDGE('',*,*,#4573,.T.);
#6423=ORIENTED_EDGE('',*,*,#4600,.F.);
#6424=ORIENTED_EDGE('',*,*,#4579,.T.);
#6425=ORIENTED_EDGE('',*,*,#4601,.F.);
#6426=ORIENTED_EDGE('',*,*,#4571,.T.);
#6427=ORIENTED_EDGE('',*,*,#4543,.T.);
#6428=ORIENTED_EDGE('',*,*,#4538,.F.);
#6429=ORIENTED_EDGE('',*,*,#4602,.F.);
#6430=ORIENTED_EDGE('',*,*,#4603,.T.);
#6431=ORIENTED_EDGE('',*,*,#4604,.T.);
#6432=ORIENTED_EDGE('',*,*,#4605,.T.);
#6433=ORIENTED_EDGE('',*,*,#4606,.F.);
#6434=ORIENTED_EDGE('',*,*,#4561,.T.);
#6435=ORIENTED_EDGE('',*,*,#4563,.T.);
#6436=ORIENTED_EDGE('',*,*,#4574,.T.);
#6437=ORIENTED_EDGE('',*,*,#4548,.T.);
#6438=ORIENTED_EDGE('',*,*,#4545,.F.);
#6439=ORIENTED_EDGE('',*,*,#4607,.F.);
#6440=ORIENTED_EDGE('',*,*,#4608,.T.);
#6441=ORIENTED_EDGE('',*,*,#4609,.T.);
#6442=ORIENTED_EDGE('',*,*,#4610,.T.);
#6443=ORIENTED_EDGE('',*,*,#4611,.F.);
#6444=ORIENTED_EDGE('',*,*,#4612,.T.);
#6445=ORIENTED_EDGE('',*,*,#4613,.F.);
#6446=ORIENTED_EDGE('',*,*,#4614,.T.);
#6447=ORIENTED_EDGE('',*,*,#4615,.F.);
#6448=ORIENTED_EDGE('',*,*,#4616,.T.);
#6449=ORIENTED_EDGE('',*,*,#4617,.F.);
#6450=ORIENTED_EDGE('',*,*,#4618,.T.);
#6451=ORIENTED_EDGE('',*,*,#4619,.F.);
#6452=ORIENTED_EDGE('',*,*,#4617,.T.);
#6453=ORIENTED_EDGE('',*,*,#4620,.F.);
#6454=ORIENTED_EDGE('',*,*,#4621,.T.);
#6455=ORIENTED_EDGE('',*,*,#4622,.T.);
#6456=ORIENTED_EDGE('',*,*,#4623,.T.);
#6457=ORIENTED_EDGE('',*,*,#4624,.F.);
#6458=ORIENTED_EDGE('',*,*,#4625,.T.);
#6459=ORIENTED_EDGE('',*,*,#4626,.F.);
#6460=ORIENTED_EDGE('',*,*,#4627,.T.);
#6461=ORIENTED_EDGE('',*,*,#4628,.F.);
#6462=ORIENTED_EDGE('',*,*,#4629,.F.);
#6463=ORIENTED_EDGE('',*,*,#4630,.T.);
#6464=ORIENTED_EDGE('',*,*,#4631,.T.);
#6465=ORIENTED_EDGE('',*,*,#4632,.F.);
#6466=ORIENTED_EDGE('',*,*,#4631,.F.);
#6467=ORIENTED_EDGE('',*,*,#4633,.F.);
#6468=ORIENTED_EDGE('',*,*,#4634,.F.);
#6469=ORIENTED_EDGE('',*,*,#4635,.F.);
#6470=ORIENTED_EDGE('',*,*,#4636,.F.);
#6471=ORIENTED_EDGE('',*,*,#4637,.T.);
#6472=ORIENTED_EDGE('',*,*,#4638,.T.);
#6473=ORIENTED_EDGE('',*,*,#4639,.T.);
#6474=ORIENTED_EDGE('',*,*,#4640,.T.);
#6475=ORIENTED_EDGE('',*,*,#4641,.T.);
#6476=ORIENTED_EDGE('',*,*,#4642,.F.);
#6477=ORIENTED_EDGE('',*,*,#4643,.T.);
#6478=ORIENTED_EDGE('',*,*,#4644,.F.);
#6479=ORIENTED_EDGE('',*,*,#4645,.T.);
#6480=ORIENTED_EDGE('',*,*,#4646,.F.);
#6481=ORIENTED_EDGE('',*,*,#4647,.T.);
#6482=ORIENTED_EDGE('',*,*,#4648,.F.);
#6483=ORIENTED_EDGE('',*,*,#4649,.T.);
#6484=ORIENTED_EDGE('',*,*,#4650,.T.);
#6485=ORIENTED_EDGE('',*,*,#4651,.T.);
#6486=ORIENTED_EDGE('',*,*,#4652,.F.);
#6487=ORIENTED_EDGE('',*,*,#4653,.T.);
#6488=ORIENTED_EDGE('',*,*,#4654,.T.);
#6489=ORIENTED_EDGE('',*,*,#4655,.T.);
#6490=ORIENTED_EDGE('',*,*,#4656,.T.);
#6491=ORIENTED_EDGE('',*,*,#4657,.T.);
#6492=ORIENTED_EDGE('',*,*,#4658,.T.);
#6493=ORIENTED_EDGE('',*,*,#4523,.T.);
#6494=ORIENTED_EDGE('',*,*,#4594,.T.);
#6495=ORIENTED_EDGE('',*,*,#4659,.T.);
#6496=ORIENTED_EDGE('',*,*,#4660,.T.);
#6497=ORIENTED_EDGE('',*,*,#4661,.T.);
#6498=ORIENTED_EDGE('',*,*,#4590,.T.);
#6499=ORIENTED_EDGE('',*,*,#4551,.T.);
#6500=ORIENTED_EDGE('',*,*,#4584,.T.);
#6501=ORIENTED_EDGE('',*,*,#4662,.T.);
#6502=ORIENTED_EDGE('',*,*,#4663,.T.);
#6503=ORIENTED_EDGE('',*,*,#4664,.T.);
#6504=ORIENTED_EDGE('',*,*,#4580,.T.);
#6505=ORIENTED_EDGE('',*,*,#4530,.T.);
#6506=ORIENTED_EDGE('',*,*,#4599,.T.);
#6507=ORIENTED_EDGE('',*,*,#4665,.T.);
#6508=ORIENTED_EDGE('',*,*,#4666,.T.);
#6509=ORIENTED_EDGE('',*,*,#4667,.T.);
#6510=ORIENTED_EDGE('',*,*,#4595,.T.);
#6511=ORIENTED_EDGE('',*,*,#4558,.T.);
#6512=ORIENTED_EDGE('',*,*,#4606,.T.);
#6513=ORIENTED_EDGE('',*,*,#4668,.T.);
#6514=ORIENTED_EDGE('',*,*,#4669,.T.);
#6515=ORIENTED_EDGE('',*,*,#4670,.T.);
#6516=ORIENTED_EDGE('',*,*,#4602,.T.);
#6517=ORIENTED_EDGE('',*,*,#4537,.T.);
#6518=ORIENTED_EDGE('',*,*,#4671,.F.);
#6519=ORIENTED_EDGE('',*,*,#4672,.T.);
#6520=ORIENTED_EDGE('',*,*,#4673,.T.);
#6521=ORIENTED_EDGE('',*,*,#4674,.T.);
#6522=ORIENTED_EDGE('',*,*,#4675,.F.);
#6523=ORIENTED_EDGE('',*,*,#4676,.T.);
#6524=ORIENTED_EDGE('',*,*,#4611,.T.);
#6525=ORIENTED_EDGE('',*,*,#4677,.T.);
#6526=ORIENTED_EDGE('',*,*,#4678,.T.);
#6527=ORIENTED_EDGE('',*,*,#4679,.T.);
#6528=ORIENTED_EDGE('',*,*,#4607,.T.);
#6529=ORIENTED_EDGE('',*,*,#4544,.T.);
#6530=ORIENTED_EDGE('',*,*,#4680,.T.);
#6531=ORIENTED_EDGE('',*,*,#4634,.T.);
#6532=ORIENTED_EDGE('',*,*,#4681,.F.);
#6533=ORIENTED_EDGE('',*,*,#4682,.T.);
#6534=ORIENTED_EDGE('',*,*,#4683,.T.);
#6535=ORIENTED_EDGE('',*,*,#4684,.T.);
#6536=ORIENTED_EDGE('',*,*,#4685,.F.);
#6537=ORIENTED_EDGE('',*,*,#4686,.T.);
#6538=ORIENTED_EDGE('',*,*,#4687,.T.);
#6539=ORIENTED_EDGE('',*,*,#4688,.T.);
#6540=ORIENTED_EDGE('',*,*,#4689,.T.);
#6541=ORIENTED_EDGE('',*,*,#4690,.T.);
#6542=ORIENTED_EDGE('',*,*,#4624,.T.);
#6543=ORIENTED_EDGE('',*,*,#4691,.T.);
#6544=ORIENTED_EDGE('',*,*,#4692,.T.);
#6545=ORIENTED_EDGE('',*,*,#4693,.T.);
#6546=ORIENTED_EDGE('',*,*,#4620,.T.);
#6547=ORIENTED_EDGE('',*,*,#4616,.F.);
#6548=ORIENTED_EDGE('',*,*,#4694,.F.);
#6549=ORIENTED_EDGE('',*,*,#4695,.T.);
#6550=ORIENTED_EDGE('',*,*,#4696,.T.);
#6551=ORIENTED_EDGE('',*,*,#4697,.T.);
#6552=ORIENTED_EDGE('',*,*,#4698,.F.);
#6553=ORIENTED_EDGE('',*,*,#4699,.T.);
#6554=ORIENTED_EDGE('',*,*,#4565,.T.);
#6555=ORIENTED_EDGE('',*,*,#4527,.T.);
#6556=ORIENTED_EDGE('',*,*,#4524,.F.);
#6557=ORIENTED_EDGE('',*,*,#4658,.F.);
#6558=ORIENTED_EDGE('',*,*,#4700,.T.);
#6559=ORIENTED_EDGE('',*,*,#4701,.T.);
#6560=ORIENTED_EDGE('',*,*,#4702,.T.);
#6561=ORIENTED_EDGE('',*,*,#4654,.F.);
#6562=ORIENTED_EDGE('',*,*,#4703,.T.);
#6563=ORIENTED_EDGE('',*,*,#4704,.F.);
#6564=ORIENTED_EDGE('',*,*,#4705,.T.);
#6565=ORIENTED_EDGE('',*,*,#4706,.F.);
#6566=ORIENTED_EDGE('',*,*,#4629,.T.);
#6567=ORIENTED_EDGE('',*,*,#4707,.F.);
#6568=ORIENTED_EDGE('',*,*,#4708,.T.);
#6569=ORIENTED_EDGE('',*,*,#4709,.F.);
#6570=ORIENTED_EDGE('',*,*,#4707,.T.);
#6571=ORIENTED_EDGE('',*,*,#4632,.T.);
#6572=ORIENTED_EDGE('',*,*,#4635,.T.);
#6573=ORIENTED_EDGE('',*,*,#4680,.F.);
#6574=ORIENTED_EDGE('',*,*,#4710,.T.);
#6575=ORIENTED_EDGE('',*,*,#4711,.T.);
#6576=ORIENTED_EDGE('',*,*,#4712,.T.);
#6577=ORIENTED_EDGE('',*,*,#4687,.F.);
#6578=ORIENTED_EDGE('',*,*,#4713,.T.);
#6579=ORIENTED_EDGE('',*,*,#4714,.F.);
#6580=ORIENTED_EDGE('',*,*,#4715,.T.);
#6581=ORIENTED_EDGE('',*,*,#4716,.F.);
#6582=ORIENTED_EDGE('',*,*,#4717,.F.);
#6583=ORIENTED_EDGE('',*,*,#4626,.T.);
#6584=ORIENTED_EDGE('',*,*,#4718,.T.);
#6585=ORIENTED_EDGE('',*,*,#4719,.F.);
#6586=ORIENTED_EDGE('',*,*,#4625,.F.);
#6587=ORIENTED_EDGE('',*,*,#4699,.F.);
#6588=ORIENTED_EDGE('',*,*,#4720,.F.);
#6589=ORIENTED_EDGE('',*,*,#4718,.F.);
#6590=ORIENTED_EDGE('',*,*,#4721,.F.);
#6591=ORIENTED_EDGE('',*,*,#4613,.T.);
#6592=ORIENTED_EDGE('',*,*,#4722,.T.);
#6593=ORIENTED_EDGE('',*,*,#4723,.F.);
#6594=ORIENTED_EDGE('',*,*,#4612,.F.);
#6595=ORIENTED_EDGE('',*,*,#4676,.F.);
#6596=ORIENTED_EDGE('',*,*,#4724,.F.);
#6597=ORIENTED_EDGE('',*,*,#4722,.F.);
#6598=ORIENTED_EDGE('',*,*,#4725,.F.);
#6599=ORIENTED_EDGE('',*,*,#4714,.T.);
#6600=ORIENTED_EDGE('',*,*,#4726,.T.);
#6601=ORIENTED_EDGE('',*,*,#4727,.F.);
#6602=ORIENTED_EDGE('',*,*,#4726,.F.);
#6603=ORIENTED_EDGE('',*,*,#4713,.F.);
#6604=ORIENTED_EDGE('',*,*,#4686,.F.);
#6605=ORIENTED_EDGE('',*,*,#4728,.F.);
#6606=ORIENTED_EDGE('',*,*,#4729,.F.);
#6607=ORIENTED_EDGE('',*,*,#4704,.T.);
#6608=ORIENTED_EDGE('',*,*,#4730,.T.);
#6609=ORIENTED_EDGE('',*,*,#4731,.F.);
#6610=ORIENTED_EDGE('',*,*,#4730,.F.);
#6611=ORIENTED_EDGE('',*,*,#4703,.F.);
#6612=ORIENTED_EDGE('',*,*,#4653,.F.);
#6613=ORIENTED_EDGE('',*,*,#4732,.F.);
#6614=ORIENTED_EDGE('',*,*,#4717,.T.);
#6615=ORIENTED_EDGE('',*,*,#4733,.F.);
#6616=ORIENTED_EDGE('',*,*,#4734,.T.);
#6617=ORIENTED_EDGE('',*,*,#4627,.F.);
#6618=ORIENTED_EDGE('',*,*,#4619,.T.);
#6619=ORIENTED_EDGE('',*,*,#4735,.F.);
#6620=ORIENTED_EDGE('',*,*,#4733,.T.);
#6621=ORIENTED_EDGE('',*,*,#4719,.T.);
#6622=ORIENTED_EDGE('',*,*,#4720,.T.);
#6623=ORIENTED_EDGE('',*,*,#4698,.T.);
#6624=ORIENTED_EDGE('',*,*,#4736,.T.);
#6625=ORIENTED_EDGE('',*,*,#4737,.T.);
#6626=ORIENTED_EDGE('',*,*,#4738,.T.);
#6627=ORIENTED_EDGE('',*,*,#4694,.T.);
#6628=ORIENTED_EDGE('',*,*,#4721,.T.);
#6629=ORIENTED_EDGE('',*,*,#4739,.F.);
#6630=ORIENTED_EDGE('',*,*,#4740,.T.);
#6631=ORIENTED_EDGE('',*,*,#4614,.F.);
#6632=ORIENTED_EDGE('',*,*,#4576,.T.);
#6633=ORIENTED_EDGE('',*,*,#4741,.F.);
#6634=ORIENTED_EDGE('',*,*,#4739,.T.);
#6635=ORIENTED_EDGE('',*,*,#4723,.T.);
#6636=ORIENTED_EDGE('',*,*,#4724,.T.);
#6637=ORIENTED_EDGE('',*,*,#4675,.T.);
#6638=ORIENTED_EDGE('',*,*,#4742,.T.);
#6639=ORIENTED_EDGE('',*,*,#4743,.T.);
#6640=ORIENTED_EDGE('',*,*,#4744,.T.);
#6641=ORIENTED_EDGE('',*,*,#4671,.T.);
#6642=ORIENTED_EDGE('',*,*,#4547,.T.);
#6643=ORIENTED_EDGE('',*,*,#4550,.T.);
#6644=ORIENTED_EDGE('',*,*,#4729,.T.);
#6645=ORIENTED_EDGE('',*,*,#4745,.F.);
#6646=ORIENTED_EDGE('',*,*,#4746,.T.);
#6647=ORIENTED_EDGE('',*,*,#4705,.F.);
#6648=ORIENTED_EDGE('',*,*,#4567,.T.);
#6649=ORIENTED_EDGE('',*,*,#4747,.F.);
#6650=ORIENTED_EDGE('',*,*,#4745,.T.);
#6651=ORIENTED_EDGE('',*,*,#4731,.T.);
#6652=ORIENTED_EDGE('',*,*,#4732,.T.);
#6653=ORIENTED_EDGE('',*,*,#4652,.T.);
#6654=ORIENTED_EDGE('',*,*,#4748,.T.);
#6655=ORIENTED_EDGE('',*,*,#4749,.T.);
#6656=ORIENTED_EDGE('',*,*,#4750,.T.);
#6657=ORIENTED_EDGE('',*,*,#4648,.T.);
#6658=ORIENTED_EDGE('',*,*,#4526,.T.);
#6659=ORIENTED_EDGE('',*,*,#4529,.T.);
#6660=ORIENTED_EDGE('',*,*,#4725,.T.);
#6661=ORIENTED_EDGE('',*,*,#4751,.F.);
#6662=ORIENTED_EDGE('',*,*,#4752,.T.);
#6663=ORIENTED_EDGE('',*,*,#4715,.F.);
#6664=ORIENTED_EDGE('',*,*,#4709,.T.);
#6665=ORIENTED_EDGE('',*,*,#4753,.F.);
#6666=ORIENTED_EDGE('',*,*,#4751,.T.);
#6667=ORIENTED_EDGE('',*,*,#4727,.T.);
#6668=ORIENTED_EDGE('',*,*,#4728,.T.);
#6669=ORIENTED_EDGE('',*,*,#4685,.T.);
#6670=ORIENTED_EDGE('',*,*,#4754,.T.);
#6671=ORIENTED_EDGE('',*,*,#4755,.T.);
#6672=ORIENTED_EDGE('',*,*,#4756,.T.);
#6673=ORIENTED_EDGE('',*,*,#4681,.T.);
#6674=ORIENTED_EDGE('',*,*,#4633,.T.);
#6675=ORIENTED_EDGE('',*,*,#4630,.F.);
#6676=ORIENTED_EDGE('',*,*,#4693,.F.);
#6677=ORIENTED_EDGE('',*,*,#4757,.T.);
#6678=ORIENTED_EDGE('',*,*,#4758,.T.);
#6679=ORIENTED_EDGE('',*,*,#4621,.F.);
#6680=ORIENTED_EDGE('',*,*,#4692,.F.);
#6681=ORIENTED_EDGE('',*,*,#4759,.T.);
#6682=ORIENTED_EDGE('',*,*,#4760,.T.);
#6683=ORIENTED_EDGE('',*,*,#4757,.F.);
#6684=ORIENTED_EDGE('',*,*,#4691,.F.);
#6685=ORIENTED_EDGE('',*,*,#4623,.F.);
#6686=ORIENTED_EDGE('',*,*,#4761,.T.);
#6687=ORIENTED_EDGE('',*,*,#4759,.F.);
#6688=ORIENTED_EDGE('',*,*,#4622,.F.);
#6689=ORIENTED_EDGE('',*,*,#4758,.F.);
#6690=ORIENTED_EDGE('',*,*,#4760,.F.);
#6691=ORIENTED_EDGE('',*,*,#4761,.F.);
#6692=ORIENTED_EDGE('',*,*,#4674,.F.);
#6693=ORIENTED_EDGE('',*,*,#4762,.T.);
#6694=ORIENTED_EDGE('',*,*,#4763,.T.);
#6695=ORIENTED_EDGE('',*,*,#4742,.F.);
#6696=ORIENTED_EDGE('',*,*,#4673,.F.);
#6697=ORIENTED_EDGE('',*,*,#4764,.T.);
#6698=ORIENTED_EDGE('',*,*,#4765,.T.);
#6699=ORIENTED_EDGE('',*,*,#4762,.F.);
#6700=ORIENTED_EDGE('',*,*,#4672,.F.);
#6701=ORIENTED_EDGE('',*,*,#4744,.F.);
#6702=ORIENTED_EDGE('',*,*,#4766,.T.);
#6703=ORIENTED_EDGE('',*,*,#4764,.F.);
#6704=ORIENTED_EDGE('',*,*,#4743,.F.);
#6705=ORIENTED_EDGE('',*,*,#4763,.F.);
#6706=ORIENTED_EDGE('',*,*,#4765,.F.);
#6707=ORIENTED_EDGE('',*,*,#4766,.F.);
#6708=ORIENTED_EDGE('',*,*,#4679,.F.);
#6709=ORIENTED_EDGE('',*,*,#4767,.T.);
#6710=ORIENTED_EDGE('',*,*,#4768,.T.);
#6711=ORIENTED_EDGE('',*,*,#4608,.F.);
#6712=ORIENTED_EDGE('',*,*,#4678,.F.);
#6713=ORIENTED_EDGE('',*,*,#4769,.T.);
#6714=ORIENTED_EDGE('',*,*,#4770,.T.);
#6715=ORIENTED_EDGE('',*,*,#4767,.F.);
#6716=ORIENTED_EDGE('',*,*,#4677,.F.);
#6717=ORIENTED_EDGE('',*,*,#4610,.F.);
#6718=ORIENTED_EDGE('',*,*,#4771,.T.);
#6719=ORIENTED_EDGE('',*,*,#4769,.F.);
#6720=ORIENTED_EDGE('',*,*,#4609,.F.);
#6721=ORIENTED_EDGE('',*,*,#4768,.F.);
#6722=ORIENTED_EDGE('',*,*,#4770,.F.);
#6723=ORIENTED_EDGE('',*,*,#4771,.F.);
#6724=ORIENTED_EDGE('',*,*,#4657,.F.);
#6725=ORIENTED_EDGE('',*,*,#4772,.T.);
#6726=ORIENTED_EDGE('',*,*,#4773,.T.);
#6727=ORIENTED_EDGE('',*,*,#4700,.F.);
#6728=ORIENTED_EDGE('',*,*,#4656,.F.);
#6729=ORIENTED_EDGE('',*,*,#4774,.T.);
#6730=ORIENTED_EDGE('',*,*,#4775,.T.);
#6731=ORIENTED_EDGE('',*,*,#4772,.F.);
#6732=ORIENTED_EDGE('',*,*,#4655,.F.);
#6733=ORIENTED_EDGE('',*,*,#4702,.F.);
#6734=ORIENTED_EDGE('',*,*,#4776,.T.);
#6735=ORIENTED_EDGE('',*,*,#4774,.F.);
#6736=ORIENTED_EDGE('',*,*,#4701,.F.);
#6737=ORIENTED_EDGE('',*,*,#4773,.F.);
#6738=ORIENTED_EDGE('',*,*,#4775,.F.);
#6739=ORIENTED_EDGE('',*,*,#4776,.F.);
#6740=ORIENTED_EDGE('',*,*,#4690,.F.);
#6741=ORIENTED_EDGE('',*,*,#4777,.T.);
#6742=ORIENTED_EDGE('',*,*,#4778,.T.);
#6743=ORIENTED_EDGE('',*,*,#4710,.F.);
#6744=ORIENTED_EDGE('',*,*,#4689,.F.);
#6745=ORIENTED_EDGE('',*,*,#4779,.T.);
#6746=ORIENTED_EDGE('',*,*,#4780,.T.);
#6747=ORIENTED_EDGE('',*,*,#4777,.F.);
#6748=ORIENTED_EDGE('',*,*,#4688,.F.);
#6749=ORIENTED_EDGE('',*,*,#4712,.F.);
#6750=ORIENTED_EDGE('',*,*,#4781,.T.);
#6751=ORIENTED_EDGE('',*,*,#4779,.F.);
#6752=ORIENTED_EDGE('',*,*,#4711,.F.);
#6753=ORIENTED_EDGE('',*,*,#4778,.F.);
#6754=ORIENTED_EDGE('',*,*,#4780,.F.);
#6755=ORIENTED_EDGE('',*,*,#4781,.F.);
#6756=ORIENTED_EDGE('',*,*,#4670,.F.);
#6757=ORIENTED_EDGE('',*,*,#4782,.T.);
#6758=ORIENTED_EDGE('',*,*,#4783,.T.);
#6759=ORIENTED_EDGE('',*,*,#4603,.F.);
#6760=ORIENTED_EDGE('',*,*,#4669,.F.);
#6761=ORIENTED_EDGE('',*,*,#4784,.T.);
#6762=ORIENTED_EDGE('',*,*,#4785,.T.);
#6763=ORIENTED_EDGE('',*,*,#4782,.F.);
#6764=ORIENTED_EDGE('',*,*,#4668,.F.);
#6765=ORIENTED_EDGE('',*,*,#4605,.F.);
#6766=ORIENTED_EDGE('',*,*,#4786,.T.);
#6767=ORIENTED_EDGE('',*,*,#4784,.F.);
#6768=ORIENTED_EDGE('',*,*,#4786,.F.);
#6769=ORIENTED_EDGE('',*,*,#4604,.F.);
#6770=ORIENTED_EDGE('',*,*,#4783,.F.);
#6771=ORIENTED_EDGE('',*,*,#4785,.F.);
#6772=ORIENTED_EDGE('',*,*,#4697,.F.);
#6773=ORIENTED_EDGE('',*,*,#4787,.T.);
#6774=ORIENTED_EDGE('',*,*,#4788,.T.);
#6775=ORIENTED_EDGE('',*,*,#4736,.F.);
#6776=ORIENTED_EDGE('',*,*,#4696,.F.);
#6777=ORIENTED_EDGE('',*,*,#4789,.T.);
#6778=ORIENTED_EDGE('',*,*,#4790,.T.);
#6779=ORIENTED_EDGE('',*,*,#4787,.F.);
#6780=ORIENTED_EDGE('',*,*,#4695,.F.);
#6781=ORIENTED_EDGE('',*,*,#4738,.F.);
#6782=ORIENTED_EDGE('',*,*,#4791,.T.);
#6783=ORIENTED_EDGE('',*,*,#4789,.F.);
#6784=ORIENTED_EDGE('',*,*,#4737,.F.);
#6785=ORIENTED_EDGE('',*,*,#4788,.F.);
#6786=ORIENTED_EDGE('',*,*,#4790,.F.);
#6787=ORIENTED_EDGE('',*,*,#4791,.F.);
#6788=ORIENTED_EDGE('',*,*,#4651,.F.);
#6789=ORIENTED_EDGE('',*,*,#4792,.T.);
#6790=ORIENTED_EDGE('',*,*,#4793,.T.);
#6791=ORIENTED_EDGE('',*,*,#4748,.F.);
#6792=ORIENTED_EDGE('',*,*,#4650,.F.);
#6793=ORIENTED_EDGE('',*,*,#4794,.T.);
#6794=ORIENTED_EDGE('',*,*,#4795,.T.);
#6795=ORIENTED_EDGE('',*,*,#4792,.F.);
#6796=ORIENTED_EDGE('',*,*,#4649,.F.);
#6797=ORIENTED_EDGE('',*,*,#4750,.F.);
#6798=ORIENTED_EDGE('',*,*,#4796,.T.);
#6799=ORIENTED_EDGE('',*,*,#4794,.F.);
#6800=ORIENTED_EDGE('',*,*,#4749,.F.);
#6801=ORIENTED_EDGE('',*,*,#4793,.F.);
#6802=ORIENTED_EDGE('',*,*,#4795,.F.);
#6803=ORIENTED_EDGE('',*,*,#4796,.F.);
#6804=ORIENTED_EDGE('',*,*,#4664,.F.);
#6805=ORIENTED_EDGE('',*,*,#4797,.T.);
#6806=ORIENTED_EDGE('',*,*,#4798,.T.);
#6807=ORIENTED_EDGE('',*,*,#4581,.F.);
#6808=ORIENTED_EDGE('',*,*,#4663,.F.);
#6809=ORIENTED_EDGE('',*,*,#4799,.T.);
#6810=ORIENTED_EDGE('',*,*,#4800,.T.);
#6811=ORIENTED_EDGE('',*,*,#4797,.F.);
#6812=ORIENTED_EDGE('',*,*,#4662,.F.);
#6813=ORIENTED_EDGE('',*,*,#4583,.F.);
#6814=ORIENTED_EDGE('',*,*,#4801,.T.);
#6815=ORIENTED_EDGE('',*,*,#4799,.F.);
#6816=ORIENTED_EDGE('',*,*,#4582,.F.);
#6817=ORIENTED_EDGE('',*,*,#4798,.F.);
#6818=ORIENTED_EDGE('',*,*,#4800,.F.);
#6819=ORIENTED_EDGE('',*,*,#4801,.F.);
#6820=ORIENTED_EDGE('',*,*,#4661,.F.);
#6821=ORIENTED_EDGE('',*,*,#4802,.T.);
#6822=ORIENTED_EDGE('',*,*,#4803,.T.);
#6823=ORIENTED_EDGE('',*,*,#4591,.F.);
#6824=ORIENTED_EDGE('',*,*,#4660,.F.);
#6825=ORIENTED_EDGE('',*,*,#4804,.T.);
#6826=ORIENTED_EDGE('',*,*,#4805,.T.);
#6827=ORIENTED_EDGE('',*,*,#4802,.F.);
#6828=ORIENTED_EDGE('',*,*,#4659,.F.);
#6829=ORIENTED_EDGE('',*,*,#4593,.F.);
#6830=ORIENTED_EDGE('',*,*,#4806,.T.);
#6831=ORIENTED_EDGE('',*,*,#4804,.F.);
#6832=ORIENTED_EDGE('',*,*,#4806,.F.);
#6833=ORIENTED_EDGE('',*,*,#4592,.F.);
#6834=ORIENTED_EDGE('',*,*,#4803,.F.);
#6835=ORIENTED_EDGE('',*,*,#4805,.F.);
#6836=ORIENTED_EDGE('',*,*,#4684,.F.);
#6837=ORIENTED_EDGE('',*,*,#4807,.T.);
#6838=ORIENTED_EDGE('',*,*,#4808,.T.);
#6839=ORIENTED_EDGE('',*,*,#4754,.F.);
#6840=ORIENTED_EDGE('',*,*,#4683,.F.);
#6841=ORIENTED_EDGE('',*,*,#4809,.T.);
#6842=ORIENTED_EDGE('',*,*,#4810,.T.);
#6843=ORIENTED_EDGE('',*,*,#4807,.F.);
#6844=ORIENTED_EDGE('',*,*,#4682,.F.);
#6845=ORIENTED_EDGE('',*,*,#4756,.F.);
#6846=ORIENTED_EDGE('',*,*,#4811,.T.);
#6847=ORIENTED_EDGE('',*,*,#4809,.F.);
#6848=ORIENTED_EDGE('',*,*,#4755,.F.);
#6849=ORIENTED_EDGE('',*,*,#4808,.F.);
#6850=ORIENTED_EDGE('',*,*,#4810,.F.);
#6851=ORIENTED_EDGE('',*,*,#4811,.F.);
#6852=ORIENTED_EDGE('',*,*,#4667,.F.);
#6853=ORIENTED_EDGE('',*,*,#4812,.T.);
#6854=ORIENTED_EDGE('',*,*,#4813,.T.);
#6855=ORIENTED_EDGE('',*,*,#4596,.F.);
#6856=ORIENTED_EDGE('',*,*,#4666,.F.);
#6857=ORIENTED_EDGE('',*,*,#4814,.T.);
#6858=ORIENTED_EDGE('',*,*,#4815,.T.);
#6859=ORIENTED_EDGE('',*,*,#4812,.F.);
#6860=ORIENTED_EDGE('',*,*,#4665,.F.);
#6861=ORIENTED_EDGE('',*,*,#4598,.F.);
#6862=ORIENTED_EDGE('',*,*,#4816,.T.);
#6863=ORIENTED_EDGE('',*,*,#4814,.F.);
#6864=ORIENTED_EDGE('',*,*,#4597,.F.);
#6865=ORIENTED_EDGE('',*,*,#4813,.F.);
#6866=ORIENTED_EDGE('',*,*,#4815,.F.);
#6867=ORIENTED_EDGE('',*,*,#4816,.F.);
#6868=ORIENTED_EDGE('',*,*,#4636,.T.);
#6869=ORIENTED_EDGE('',*,*,#4817,.T.);
#6870=ORIENTED_EDGE('',*,*,#4818,.T.);
#6871=ORIENTED_EDGE('',*,*,#4819,.T.);
#6872=ORIENTED_EDGE('',*,*,#4817,.F.);
#6873=ORIENTED_EDGE('',*,*,#4647,.F.);
#6874=ORIENTED_EDGE('',*,*,#4820,.F.);
#6875=ORIENTED_EDGE('',*,*,#4821,.T.);
#6876=ORIENTED_EDGE('',*,*,#4646,.T.);
#6877=ORIENTED_EDGE('',*,*,#4822,.T.);
#6878=ORIENTED_EDGE('',*,*,#4823,.T.);
#6879=ORIENTED_EDGE('',*,*,#4820,.T.);
#6880=ORIENTED_EDGE('',*,*,#4822,.F.);
#6881=ORIENTED_EDGE('',*,*,#4645,.F.);
#6882=ORIENTED_EDGE('',*,*,#4824,.F.);
#6883=ORIENTED_EDGE('',*,*,#4825,.T.);
#6884=ORIENTED_EDGE('',*,*,#4642,.T.);
#6885=ORIENTED_EDGE('',*,*,#4826,.T.);
#6886=ORIENTED_EDGE('',*,*,#4827,.T.);
#6887=ORIENTED_EDGE('',*,*,#4828,.T.);
#6888=ORIENTED_EDGE('',*,*,#4826,.F.);
#6889=ORIENTED_EDGE('',*,*,#4641,.F.);
#6890=ORIENTED_EDGE('',*,*,#4829,.T.);
#6891=ORIENTED_EDGE('',*,*,#4830,.T.);
#6892=ORIENTED_EDGE('',*,*,#4644,.T.);
#6893=ORIENTED_EDGE('',*,*,#4831,.T.);
#6894=ORIENTED_EDGE('',*,*,#4832,.T.);
#6895=ORIENTED_EDGE('',*,*,#4824,.T.);
#6896=ORIENTED_EDGE('',*,*,#4833,.T.);
#6897=ORIENTED_EDGE('',*,*,#4834,.T.);
#6898=ORIENTED_EDGE('',*,*,#4835,.T.);
#6899=ORIENTED_EDGE('',*,*,#4836,.T.);
#6900=ORIENTED_EDGE('',*,*,#4837,.T.);
#6901=ORIENTED_EDGE('',*,*,#4838,.T.);
#6902=ORIENTED_EDGE('',*,*,#4835,.F.);
#6903=ORIENTED_EDGE('',*,*,#4839,.T.);
#6904=ORIENTED_EDGE('',*,*,#4840,.T.);
#6905=ORIENTED_EDGE('',*,*,#4841,.T.);
#6906=ORIENTED_EDGE('',*,*,#4837,.F.);
#6907=ORIENTED_EDGE('',*,*,#4842,.T.);
#6908=ORIENTED_EDGE('',*,*,#4843,.T.);
#6909=ORIENTED_EDGE('',*,*,#4844,.T.);
#6910=ORIENTED_EDGE('',*,*,#4840,.F.);
#6911=ORIENTED_EDGE('',*,*,#4845,.T.);
#6912=ORIENTED_EDGE('',*,*,#4846,.T.);
#6913=ORIENTED_EDGE('',*,*,#4847,.T.);
#6914=ORIENTED_EDGE('',*,*,#4843,.F.);
#6915=ORIENTED_EDGE('',*,*,#4848,.T.);
#6916=ORIENTED_EDGE('',*,*,#4849,.T.);
#6917=ORIENTED_EDGE('',*,*,#4850,.T.);
#6918=ORIENTED_EDGE('',*,*,#4846,.F.);
#6919=ORIENTED_EDGE('',*,*,#4851,.T.);
#6920=ORIENTED_EDGE('',*,*,#4852,.T.);
#6921=ORIENTED_EDGE('',*,*,#4853,.T.);
#6922=ORIENTED_EDGE('',*,*,#4849,.F.);
#6923=ORIENTED_EDGE('',*,*,#4854,.T.);
#6924=ORIENTED_EDGE('',*,*,#4833,.F.);
#6925=ORIENTED_EDGE('',*,*,#4855,.T.);
#6926=ORIENTED_EDGE('',*,*,#4852,.F.);
#6927=ORIENTED_EDGE('',*,*,#4856,.T.);
#6928=ORIENTED_EDGE('',*,*,#4845,.F.);
#6929=ORIENTED_EDGE('',*,*,#4857,.F.);
#6930=ORIENTED_EDGE('',*,*,#4858,.T.);
#6931=ORIENTED_EDGE('',*,*,#4859,.T.);
#6932=ORIENTED_EDGE('',*,*,#4842,.F.);
#6933=ORIENTED_EDGE('',*,*,#4860,.F.);
#6934=ORIENTED_EDGE('',*,*,#4861,.T.);
#6935=ORIENTED_EDGE('',*,*,#4862,.F.);
#6936=ORIENTED_EDGE('',*,*,#4639,.F.);
#6937=ORIENTED_EDGE('',*,*,#4863,.T.);
#6938=ORIENTED_EDGE('',*,*,#4864,.T.);
#6939=ORIENTED_EDGE('',*,*,#4857,.T.);
#6940=ORIENTED_EDGE('',*,*,#4839,.F.);
#6941=ORIENTED_EDGE('',*,*,#4865,.F.);
#6942=ORIENTED_EDGE('',*,*,#4866,.T.);
#6943=ORIENTED_EDGE('',*,*,#4860,.T.);
#6944=ORIENTED_EDGE('',*,*,#4834,.F.);
#6945=ORIENTED_EDGE('',*,*,#4867,.F.);
#6946=ORIENTED_EDGE('',*,*,#4868,.T.);
#6947=ORIENTED_EDGE('',*,*,#4865,.T.);
#6948=ORIENTED_EDGE('',*,*,#4836,.F.);
#6949=ORIENTED_EDGE('',*,*,#4838,.F.);
#6950=ORIENTED_EDGE('',*,*,#4841,.F.);
#6951=ORIENTED_EDGE('',*,*,#4844,.F.);
#6952=ORIENTED_EDGE('',*,*,#4847,.F.);
#6953=ORIENTED_EDGE('',*,*,#4850,.F.);
#6954=ORIENTED_EDGE('',*,*,#4853,.F.);
#6955=ORIENTED_EDGE('',*,*,#4855,.F.);
#6956=ORIENTED_EDGE('',*,*,#4515,.T.);
#6957=ORIENTED_EDGE('',*,*,#4364,.F.);
#6958=ORIENTED_EDGE('',*,*,#4516,.T.);
#6959=ORIENTED_EDGE('',*,*,#4499,.F.);
#6960=ORIENTED_EDGE('',*,*,#4513,.T.);
#6961=ORIENTED_EDGE('',*,*,#4354,.F.);
#6962=ORIENTED_EDGE('',*,*,#4514,.T.);
#6963=ORIENTED_EDGE('',*,*,#4506,.F.);
#6964=ORIENTED_EDGE('',*,*,#4517,.T.);
#6965=ORIENTED_EDGE('',*,*,#4474,.F.);
#6966=ORIENTED_EDGE('',*,*,#4519,.T.);
#6967=ORIENTED_EDGE('',*,*,#4520,.T.);
#6968=ORIENTED_EDGE('',*,*,#4464,.F.);
#6969=ORIENTED_EDGE('',*,*,#4521,.T.);
#6970=ORIENTED_EDGE('',*,*,#4446,.F.);
#6971=ORIENTED_EDGE('',*,*,#4489,.T.);
#6972=ORIENTED_EDGE('',*,*,#4490,.T.);
#6973=ORIENTED_EDGE('',*,*,#4444,.F.);
#6974=ORIENTED_EDGE('',*,*,#4491,.T.);
#6975=ORIENTED_EDGE('',*,*,#4424,.F.);
#6976=ORIENTED_EDGE('',*,*,#4428,.F.);
#6977=ORIENTED_EDGE('',*,*,#4493,.T.);
#6978=ORIENTED_EDGE('',*,*,#4494,.T.);
#6979=ORIENTED_EDGE('',*,*,#4467,.F.);
#6980=ORIENTED_EDGE('',*,*,#4495,.T.);
#6981=ORIENTED_EDGE('',*,*,#4407,.F.);
#6982=ORIENTED_EDGE('',*,*,#4497,.T.);
#6983=ORIENTED_EDGE('',*,*,#4498,.T.);
#6984=ORIENTED_EDGE('',*,*,#4478,.F.);
#6985=ORIENTED_EDGE('',*,*,#4600,.T.);
#6986=ORIENTED_EDGE('',*,*,#4572,.F.);
#6987=ORIENTED_EDGE('',*,*,#4601,.T.);
#6988=ORIENTED_EDGE('',*,*,#4578,.F.);
#6989=ORIENTED_EDGE('',*,*,#4589,.T.);
#6990=ORIENTED_EDGE('',*,*,#4569,.F.);
#6991=ORIENTED_EDGE('',*,*,#4586,.T.);
#6992=ORIENTED_EDGE('',*,*,#4588,.F.);
#6993=ORIENTED_EDGE('',*,*,#4706,.T.);
#6994=ORIENTED_EDGE('',*,*,#4746,.F.);
#6995=ORIENTED_EDGE('',*,*,#4747,.T.);
#6996=ORIENTED_EDGE('',*,*,#4566,.F.);
#6997=ORIENTED_EDGE('',*,*,#4716,.T.);
#6998=ORIENTED_EDGE('',*,*,#4752,.F.);
#6999=ORIENTED_EDGE('',*,*,#4753,.T.);
#7000=ORIENTED_EDGE('',*,*,#4708,.F.);
#7001=ORIENTED_EDGE('',*,*,#4615,.T.);
#7002=ORIENTED_EDGE('',*,*,#4740,.F.);
#7003=ORIENTED_EDGE('',*,*,#4741,.T.);
#7004=ORIENTED_EDGE('',*,*,#4575,.F.);
#7005=ORIENTED_EDGE('',*,*,#4628,.T.);
#7006=ORIENTED_EDGE('',*,*,#4734,.F.);
#7007=ORIENTED_EDGE('',*,*,#4735,.T.);
#7008=ORIENTED_EDGE('',*,*,#4618,.F.);
#7009=ORIENTED_EDGE('',*,*,#4869,.F.);
#7010=ORIENTED_EDGE('',*,*,#4870,.F.);
#7011=ORIENTED_EDGE('',*,*,#4871,.F.);
#7012=ORIENTED_EDGE('',*,*,#4872,.F.);
#7013=ORIENTED_EDGE('',*,*,#4858,.F.);
#7014=ORIENTED_EDGE('',*,*,#4864,.F.);
#7015=ORIENTED_EDGE('',*,*,#4873,.F.);
#7016=ORIENTED_EDGE('',*,*,#4874,.F.);
#7017=ORIENTED_EDGE('',*,*,#4818,.F.);
#7018=ORIENTED_EDGE('',*,*,#4821,.F.);
#7019=ORIENTED_EDGE('',*,*,#4823,.F.);
#7020=ORIENTED_EDGE('',*,*,#4825,.F.);
#7021=ORIENTED_EDGE('',*,*,#4832,.F.);
#7022=ORIENTED_EDGE('',*,*,#4875,.F.);
#7023=ORIENTED_EDGE('',*,*,#4827,.F.);
#7024=ORIENTED_EDGE('',*,*,#4830,.F.);
#7025=ORIENTED_EDGE('',*,*,#4876,.F.);
#7026=ORIENTED_EDGE('',*,*,#4861,.F.);
#7027=ORIENTED_EDGE('',*,*,#4866,.F.);
#7028=ORIENTED_EDGE('',*,*,#4868,.F.);
#7029=ORIENTED_EDGE('',*,*,#4854,.F.);
#7030=ORIENTED_EDGE('',*,*,#4877,.F.);
#7031=ORIENTED_EDGE('',*,*,#4870,.T.);
#7032=ORIENTED_EDGE('',*,*,#4878,.T.);
#7033=ORIENTED_EDGE('',*,*,#4856,.F.);
#7034=ORIENTED_EDGE('',*,*,#4878,.F.);
#7035=ORIENTED_EDGE('',*,*,#4869,.T.);
#7036=ORIENTED_EDGE('',*,*,#4867,.T.);
#7037=ORIENTED_EDGE('',*,*,#4848,.F.);
#7038=ORIENTED_EDGE('',*,*,#4859,.F.);
#7039=ORIENTED_EDGE('',*,*,#4872,.T.);
#7040=ORIENTED_EDGE('',*,*,#4879,.T.);
#7041=ORIENTED_EDGE('',*,*,#4851,.F.);
#7042=ORIENTED_EDGE('',*,*,#4879,.F.);
#7043=ORIENTED_EDGE('',*,*,#4871,.T.);
#7044=ORIENTED_EDGE('',*,*,#4877,.T.);
#7045=ORIENTED_EDGE('',*,*,#4819,.F.);
#7046=ORIENTED_EDGE('',*,*,#4874,.T.);
#7047=ORIENTED_EDGE('',*,*,#4880,.F.);
#7048=ORIENTED_EDGE('',*,*,#4637,.F.);
#7049=ORIENTED_EDGE('',*,*,#4876,.T.);
#7050=ORIENTED_EDGE('',*,*,#4829,.F.);
#7051=ORIENTED_EDGE('',*,*,#4640,.F.);
#7052=ORIENTED_EDGE('',*,*,#4862,.T.);
#7053=ORIENTED_EDGE('',*,*,#4828,.F.);
#7054=ORIENTED_EDGE('',*,*,#4875,.T.);
#7055=ORIENTED_EDGE('',*,*,#4831,.F.);
#7056=ORIENTED_EDGE('',*,*,#4643,.F.);
#7057=ORIENTED_EDGE('',*,*,#4873,.T.);
#7058=ORIENTED_EDGE('',*,*,#4863,.F.);
#7059=ORIENTED_EDGE('',*,*,#4638,.F.);
#7060=ORIENTED_EDGE('',*,*,#4880,.T.);
#7061=CYLINDRICAL_SURFACE('',#7563,1.);
#7062=CYLINDRICAL_SURFACE('',#7571,1.);
#7063=CYLINDRICAL_SURFACE('',#7580,1.);
#7064=CYLINDRICAL_SURFACE('',#7586,0.3);
#7065=CYLINDRICAL_SURFACE('',#7591,0.3);
#7066=CYLINDRICAL_SURFACE('',#7596,0.6);
#7067=CYLINDRICAL_SURFACE('',#7601,0.6);
#7068=CYLINDRICAL_SURFACE('',#7613,0.5);
#7069=CYLINDRICAL_SURFACE('',#7615,1.);
#7070=CYLINDRICAL_SURFACE('',#7623,1.);
#7071=CYLINDRICAL_SURFACE('',#7632,1.);
#7072=CYLINDRICAL_SURFACE('',#7638,0.3);
#7073=CYLINDRICAL_SURFACE('',#7643,0.3);
#7074=CYLINDRICAL_SURFACE('',#7648,0.6);
#7075=CYLINDRICAL_SURFACE('',#7653,0.6);
#7076=CYLINDRICAL_SURFACE('',#7665,0.5);
#7077=CYLINDRICAL_SURFACE('',#7667,1.);
#7078=CYLINDRICAL_SURFACE('',#7675,1.);
#7079=CYLINDRICAL_SURFACE('',#7684,1.);
#7080=CYLINDRICAL_SURFACE('',#7690,0.3);
#7081=CYLINDRICAL_SURFACE('',#7695,0.3);
#7082=CYLINDRICAL_SURFACE('',#7700,0.6);
#7083=CYLINDRICAL_SURFACE('',#7705,0.6);
#7084=CYLINDRICAL_SURFACE('',#7717,0.5);
#7085=CYLINDRICAL_SURFACE('',#7719,1.);
#7086=CYLINDRICAL_SURFACE('',#7727,1.);
#7087=CYLINDRICAL_SURFACE('',#7735,1.);
#7088=CYLINDRICAL_SURFACE('',#7740,1.);
#7089=CYLINDRICAL_SURFACE('',#7745,0.3);
#7090=CYLINDRICAL_SURFACE('',#7750,0.3);
#7091=CYLINDRICAL_SURFACE('',#7755,0.6);
#7092=CYLINDRICAL_SURFACE('',#7760,0.6);
#7093=CYLINDRICAL_SURFACE('',#7772,0.5);
#7094=CYLINDRICAL_SURFACE('',#7774,1.);
#7095=CYLINDRICAL_SURFACE('',#7782,1.);
#7096=CYLINDRICAL_SURFACE('',#7791,1.);
#7097=CYLINDRICAL_SURFACE('',#7797,0.3);
#7098=CYLINDRICAL_SURFACE('',#7799,0.3);
#7099=CYLINDRICAL_SURFACE('',#7804,0.6);
#7100=CYLINDRICAL_SURFACE('',#7809,0.6);
#7101=CYLINDRICAL_SURFACE('',#7822,0.5);
#7102=CYLINDRICAL_SURFACE('',#7826,1.);
#7103=CYLINDRICAL_SURFACE('',#7834,1.);
#7104=CYLINDRICAL_SURFACE('',#7843,1.);
#7105=CYLINDRICAL_SURFACE('',#7849,0.3);
#7106=CYLINDRICAL_SURFACE('',#7851,0.3);
#7107=CYLINDRICAL_SURFACE('',#7856,0.6);
#7108=CYLINDRICAL_SURFACE('',#7861,0.6);
#7109=CYLINDRICAL_SURFACE('',#7874,0.5);
#7110=CYLINDRICAL_SURFACE('',#7947,0.1);
#7111=CYLINDRICAL_SURFACE('',#7950,0.1);
#7112=CYLINDRICAL_SURFACE('',#7954,0.1);
#7113=CYLINDRICAL_SURFACE('',#7957,0.1);
#7114=CYLINDRICAL_SURFACE('',#7958,0.1);
#7115=CYLINDRICAL_SURFACE('',#7960,0.1);
#7116=CYLINDRICAL_SURFACE('',#7964,0.1);
#7117=CYLINDRICAL_SURFACE('',#7967,0.1);
#7118=CYLINDRICAL_SURFACE('',#7969,0.1);
#7119=CYLINDRICAL_SURFACE('',#7972,0.1);
#7120=CYLINDRICAL_SURFACE('',#7973,0.1);
#7121=CYLINDRICAL_SURFACE('',#7974,0.1);
#7122=CYLINDRICAL_SURFACE('',#7976,0.1);
#7123=CYLINDRICAL_SURFACE('',#7990,0.1);
#7124=CYLINDRICAL_SURFACE('',#7992,0.1);
#7125=CYLINDRICAL_SURFACE('',#7993,0.1);
#7126=CYLINDRICAL_SURFACE('',#7994,0.1);
#7127=CYLINDRICAL_SURFACE('',#8104,0.2);
#7128=CYLINDRICAL_SURFACE('',#8107,0.2);
#7129=CYLINDRICAL_SURFACE('',#8110,0.2);
#7130=CYLINDRICAL_SURFACE('',#8113,0.2);
#7131=CYLINDRICAL_SURFACE('',#8115,0.6);
#7132=CYLINDRICAL_SURFACE('',#8122,0.6);
#7133=CYLINDRICAL_SURFACE('',#8128,0.6);
#7134=CYLINDRICAL_SURFACE('',#8134,0.6);
#7135=CYLINDRICAL_SURFACE('',#8139,1.5);
#7136=CYLINDRICAL_SURFACE('',#8142,1.5);
#7137=CYLINDRICAL_SURFACE('',#8150,1.5);
#7138=CYLINDRICAL_SURFACE('',#8152,1.5);
#7139=ADVANCED_FACE('',(#420),#7061,.T.);
#7140=ADVANCED_FACE('',(#421),#150,.T.);
#7141=ADVANCED_FACE('',(#422),#151,.T.);
#7142=ADVANCED_FACE('',(#423),#7062,.T.);
#7143=ADVANCED_FACE('',(#424),#152,.T.);
#7144=ADVANCED_FACE('',(#425),#153,.T.);
#7145=ADVANCED_FACE('',(#426),#154,.T.);
#7146=ADVANCED_FACE('',(#427),#7063,.F.);
#7147=ADVANCED_FACE('',(#428),#155,.T.);
#7148=ADVANCED_FACE('',(#429),#7064,.T.);
#7149=ADVANCED_FACE('',(#430),#156,.T.);
#7150=ADVANCED_FACE('',(#431),#157,.F.);
#7151=ADVANCED_FACE('',(#432),#7065,.T.);
#7152=ADVANCED_FACE('',(#433),#158,.T.);
#7153=ADVANCED_FACE('',(#434),#159,.F.);
#7154=ADVANCED_FACE('',(#435),#7066,.T.);
#7155=ADVANCED_FACE('',(#436),#160,.T.);
#7156=ADVANCED_FACE('',(#437),#161,.T.);
#7157=ADVANCED_FACE('',(#438),#162,.T.);
#7158=ADVANCED_FACE('',(#439),#163,.T.);
#7159=ADVANCED_FACE('',(#440),#7067,.T.);
#7160=ADVANCED_FACE('',(#441),#164,.T.);
#7161=ADVANCED_FACE('',(#442),#165,.T.);
#7162=ADVANCED_FACE('',(#443),#166,.T.);
#7163=ADVANCED_FACE('',(#444),#167,.T.);
#7164=ADVANCED_FACE('',(#445),#168,.F.);
#7165=ADVANCED_FACE('',(#446),#169,.F.);
#7166=ADVANCED_FACE('',(#447),#170,.F.);
#7167=ADVANCED_FACE('',(#448),#171,.F.);
#7168=ADVANCED_FACE('',(#449),#172,.T.);
#7169=ADVANCED_FACE('',(#450),#7068,.T.);
#7170=ADVANCED_FACE('',(#451),#173,.T.);
#7171=ADVANCED_FACE('',(#452),#7069,.T.);
#7172=ADVANCED_FACE('',(#453),#174,.T.);
#7173=ADVANCED_FACE('',(#454),#175,.T.);
#7174=ADVANCED_FACE('',(#455),#7070,.T.);
#7175=ADVANCED_FACE('',(#456),#176,.T.);
#7176=ADVANCED_FACE('',(#457),#177,.T.);
#7177=ADVANCED_FACE('',(#458),#178,.T.);
#7178=ADVANCED_FACE('',(#459),#7071,.F.);
#7179=ADVANCED_FACE('',(#460),#179,.T.);
#7180=ADVANCED_FACE('',(#461),#7072,.T.);
#7181=ADVANCED_FACE('',(#462),#180,.T.);
#7182=ADVANCED_FACE('',(#463),#181,.F.);
#7183=ADVANCED_FACE('',(#464),#7073,.T.);
#7184=ADVANCED_FACE('',(#465),#182,.T.);
#7185=ADVANCED_FACE('',(#466),#183,.F.);
#7186=ADVANCED_FACE('',(#467),#7074,.T.);
#7187=ADVANCED_FACE('',(#468),#184,.T.);
#7188=ADVANCED_FACE('',(#469),#185,.T.);
#7189=ADVANCED_FACE('',(#470),#186,.T.);
#7190=ADVANCED_FACE('',(#471),#187,.T.);
#7191=ADVANCED_FACE('',(#472),#7075,.T.);
#7192=ADVANCED_FACE('',(#473),#188,.T.);
#7193=ADVANCED_FACE('',(#474),#189,.T.);
#7194=ADVANCED_FACE('',(#475),#190,.T.);
#7195=ADVANCED_FACE('',(#476),#191,.T.);
#7196=ADVANCED_FACE('',(#477),#192,.F.);
#7197=ADVANCED_FACE('',(#478),#193,.F.);
#7198=ADVANCED_FACE('',(#479),#194,.F.);
#7199=ADVANCED_FACE('',(#480),#195,.T.);
#7200=ADVANCED_FACE('',(#481),#196,.T.);
#7201=ADVANCED_FACE('',(#482),#7076,.T.);
#7202=ADVANCED_FACE('',(#483),#197,.T.);
#7203=ADVANCED_FACE('',(#484),#7077,.T.);
#7204=ADVANCED_FACE('',(#485),#198,.T.);
#7205=ADVANCED_FACE('',(#486),#199,.T.);
#7206=ADVANCED_FACE('',(#487),#7078,.T.);
#7207=ADVANCED_FACE('',(#488),#200,.T.);
#7208=ADVANCED_FACE('',(#489),#201,.T.);
#7209=ADVANCED_FACE('',(#490),#202,.T.);
#7210=ADVANCED_FACE('',(#491),#7079,.F.);
#7211=ADVANCED_FACE('',(#492),#203,.T.);
#7212=ADVANCED_FACE('',(#493),#7080,.T.);
#7213=ADVANCED_FACE('',(#494),#204,.T.);
#7214=ADVANCED_FACE('',(#495),#205,.F.);
#7215=ADVANCED_FACE('',(#496),#7081,.T.);
#7216=ADVANCED_FACE('',(#497),#206,.T.);
#7217=ADVANCED_FACE('',(#498),#207,.F.);
#7218=ADVANCED_FACE('',(#499),#7082,.T.);
#7219=ADVANCED_FACE('',(#500),#208,.T.);
#7220=ADVANCED_FACE('',(#501),#209,.T.);
#7221=ADVANCED_FACE('',(#502),#210,.T.);
#7222=ADVANCED_FACE('',(#503),#211,.T.);
#7223=ADVANCED_FACE('',(#504),#7083,.T.);
#7224=ADVANCED_FACE('',(#505),#212,.T.);
#7225=ADVANCED_FACE('',(#506),#213,.T.);
#7226=ADVANCED_FACE('',(#507),#214,.T.);
#7227=ADVANCED_FACE('',(#508),#215,.T.);
#7228=ADVANCED_FACE('',(#509),#216,.F.);
#7229=ADVANCED_FACE('',(#510),#217,.F.);
#7230=ADVANCED_FACE('',(#511),#218,.F.);
#7231=ADVANCED_FACE('',(#512),#219,.T.);
#7232=ADVANCED_FACE('',(#513),#220,.F.);
#7233=ADVANCED_FACE('',(#514),#7084,.T.);
#7234=ADVANCED_FACE('',(#515),#221,.T.);
#7235=ADVANCED_FACE('',(#516),#7085,.T.);
#7236=ADVANCED_FACE('',(#517),#222,.T.);
#7237=ADVANCED_FACE('',(#518),#223,.T.);
#7238=ADVANCED_FACE('',(#519),#7086,.T.);
#7239=ADVANCED_FACE('',(#520),#224,.T.);
#7240=ADVANCED_FACE('',(#521),#225,.T.);
#7241=ADVANCED_FACE('',(#522),#7087,.F.);
#7242=ADVANCED_FACE('',(#523),#226,.T.);
#7243=ADVANCED_FACE('',(#524),#7088,.F.);
#7244=ADVANCED_FACE('',(#525),#227,.T.);
#7245=ADVANCED_FACE('',(#526),#7089,.T.);
#7246=ADVANCED_FACE('',(#527),#228,.T.);
#7247=ADVANCED_FACE('',(#528),#229,.F.);
#7248=ADVANCED_FACE('',(#529),#7090,.T.);
#7249=ADVANCED_FACE('',(#530),#230,.T.);
#7250=ADVANCED_FACE('',(#531),#231,.F.);
#7251=ADVANCED_FACE('',(#532),#7091,.T.);
#7252=ADVANCED_FACE('',(#533),#232,.T.);
#7253=ADVANCED_FACE('',(#534),#233,.T.);
#7254=ADVANCED_FACE('',(#535),#234,.T.);
#7255=ADVANCED_FACE('',(#536),#235,.T.);
#7256=ADVANCED_FACE('',(#537),#7092,.T.);
#7257=ADVANCED_FACE('',(#538),#236,.T.);
#7258=ADVANCED_FACE('',(#539),#237,.T.);
#7259=ADVANCED_FACE('',(#540),#238,.T.);
#7260=ADVANCED_FACE('',(#541),#239,.T.);
#7261=ADVANCED_FACE('',(#542),#240,.F.);
#7262=ADVANCED_FACE('',(#543),#241,.F.);
#7263=ADVANCED_FACE('',(#544),#242,.F.);
#7264=ADVANCED_FACE('',(#545),#243,.F.);
#7265=ADVANCED_FACE('',(#546),#244,.T.);
#7266=ADVANCED_FACE('',(#547),#7093,.T.);
#7267=ADVANCED_FACE('',(#548),#245,.T.);
#7268=ADVANCED_FACE('',(#549),#7094,.T.);
#7269=ADVANCED_FACE('',(#550),#246,.T.);
#7270=ADVANCED_FACE('',(#551),#247,.T.);
#7271=ADVANCED_FACE('',(#552),#7095,.T.);
#7272=ADVANCED_FACE('',(#553),#248,.T.);
#7273=ADVANCED_FACE('',(#554),#249,.T.);
#7274=ADVANCED_FACE('',(#555),#250,.T.);
#7275=ADVANCED_FACE('',(#556),#7096,.F.);
#7276=ADVANCED_FACE('',(#557),#251,.T.);
#7277=ADVANCED_FACE('',(#558),#7097,.T.);
#7278=ADVANCED_FACE('',(#559),#7098,.T.);
#7279=ADVANCED_FACE('',(#560),#252,.T.);
#7280=ADVANCED_FACE('',(#561),#253,.F.);
#7281=ADVANCED_FACE('',(#562),#7099,.T.);
#7282=ADVANCED_FACE('',(#563),#254,.T.);
#7283=ADVANCED_FACE('',(#564),#255,.T.);
#7284=ADVANCED_FACE('',(#565),#256,.T.);
#7285=ADVANCED_FACE('',(#566),#257,.T.);
#7286=ADVANCED_FACE('',(#567),#7100,.T.);
#7287=ADVANCED_FACE('',(#568),#258,.T.);
#7288=ADVANCED_FACE('',(#569),#259,.T.);
#7289=ADVANCED_FACE('',(#570),#260,.T.);
#7290=ADVANCED_FACE('',(#571),#261,.T.);
#7291=ADVANCED_FACE('',(#572),#262,.F.);
#7292=ADVANCED_FACE('',(#573),#263,.T.);
#7293=ADVANCED_FACE('',(#574),#264,.F.);
#7294=ADVANCED_FACE('',(#575),#265,.T.);
#7295=ADVANCED_FACE('',(#576),#266,.F.);
#7296=ADVANCED_FACE('',(#577),#7101,.T.);
#7297=ADVANCED_FACE('',(#578),#267,.T.);
#7298=ADVANCED_FACE('',(#579),#268,.T.);
#7299=ADVANCED_FACE('',(#580),#269,.T.);
#7300=ADVANCED_FACE('',(#581),#7102,.T.);
#7301=ADVANCED_FACE('',(#582),#270,.T.);
#7302=ADVANCED_FACE('',(#583),#271,.T.);
#7303=ADVANCED_FACE('',(#584),#7103,.T.);
#7304=ADVANCED_FACE('',(#585),#272,.T.);
#7305=ADVANCED_FACE('',(#586),#273,.T.);
#7306=ADVANCED_FACE('',(#587),#274,.T.);
#7307=ADVANCED_FACE('',(#588),#7104,.F.);
#7308=ADVANCED_FACE('',(#589),#275,.T.);
#7309=ADVANCED_FACE('',(#590),#7105,.T.);
#7310=ADVANCED_FACE('',(#591),#7106,.T.);
#7311=ADVANCED_FACE('',(#592),#276,.T.);
#7312=ADVANCED_FACE('',(#593),#277,.F.);
#7313=ADVANCED_FACE('',(#594),#7107,.T.);
#7314=ADVANCED_FACE('',(#595),#278,.T.);
#7315=ADVANCED_FACE('',(#596),#279,.T.);
#7316=ADVANCED_FACE('',(#597),#280,.T.);
#7317=ADVANCED_FACE('',(#598),#281,.T.);
#7318=ADVANCED_FACE('',(#599),#7108,.T.);
#7319=ADVANCED_FACE('',(#600),#282,.T.);
#7320=ADVANCED_FACE('',(#601),#283,.T.);
#7321=ADVANCED_FACE('',(#602),#284,.T.);
#7322=ADVANCED_FACE('',(#603),#285,.T.);
#7323=ADVANCED_FACE('',(#604),#286,.F.);
#7324=ADVANCED_FACE('',(#605),#287,.T.);
#7325=ADVANCED_FACE('',(#606),#288,.F.);
#7326=ADVANCED_FACE('',(#607),#289,.T.);
#7327=ADVANCED_FACE('',(#608),#290,.F.);
#7328=ADVANCED_FACE('',(#609),#7109,.T.);
#7329=ADVANCED_FACE('',(#610),#291,.T.);
#7330=ADVANCED_FACE('',(#611),#292,.T.);
#7331=ADVANCED_FACE('',(#612),#293,.T.);
#7332=ADVANCED_FACE('',(#613),#81,.T.);
#7333=ADVANCED_FACE('',(#614),#82,.T.);
#7334=ADVANCED_FACE('',(#615),#83,.T.);
#7335=ADVANCED_FACE('',(#616),#84,.T.);
#7336=ADVANCED_FACE('',(#617),#85,.T.);
#7337=ADVANCED_FACE('',(#618),#86,.T.);
#7338=ADVANCED_FACE('',(#619),#87,.T.);
#7339=ADVANCED_FACE('',(#620),#88,.T.);
#7340=ADVANCED_FACE('',(#621),#89,.T.);
#7341=ADVANCED_FACE('',(#622),#90,.T.);
#7342=ADVANCED_FACE('',(#623),#91,.T.);
#7343=ADVANCED_FACE('',(#624),#92,.T.);
#7344=ADVANCED_FACE('',(#625),#93,.T.);
#7345=ADVANCED_FACE('',(#626),#94,.T.);
#7346=ADVANCED_FACE('',(#627),#95,.T.);
#7347=ADVANCED_FACE('',(#628),#96,.T.);
#7348=ADVANCED_FACE('',(#629),#97,.T.);
#7349=ADVANCED_FACE('',(#630),#98,.T.);
#7350=ADVANCED_FACE('',(#631),#99,.T.);
#7351=ADVANCED_FACE('',(#632),#100,.T.);
#7352=ADVANCED_FACE('',(#633),#101,.T.);
#7353=ADVANCED_FACE('',(#634),#102,.T.);
#7354=ADVANCED_FACE('',(#635),#103,.T.);
#7355=ADVANCED_FACE('',(#636),#104,.T.);
#7356=ADVANCED_FACE('',(#637),#105,.T.);
#7357=ADVANCED_FACE('',(#638),#106,.T.);
#7358=ADVANCED_FACE('',(#639),#107,.T.);
#7359=ADVANCED_FACE('',(#640),#108,.T.);
#7360=ADVANCED_FACE('',(#641),#109,.T.);
#7361=ADVANCED_FACE('',(#642),#110,.T.);
#7362=ADVANCED_FACE('',(#643),#111,.T.);
#7363=ADVANCED_FACE('',(#644),#112,.T.);
#7364=ADVANCED_FACE('',(#645),#113,.T.);
#7365=ADVANCED_FACE('',(#646),#114,.T.);
#7366=ADVANCED_FACE('',(#647),#115,.T.);
#7367=ADVANCED_FACE('',(#648),#116,.T.);
#7368=ADVANCED_FACE('',(#649),#117,.T.);
#7369=ADVANCED_FACE('',(#650),#118,.T.);
#7370=ADVANCED_FACE('',(#651),#119,.T.);
#7371=ADVANCED_FACE('',(#652),#120,.T.);
#7372=ADVANCED_FACE('',(#653),#121,.T.);
#7373=ADVANCED_FACE('',(#654),#7110,.T.);
#7374=ADVANCED_FACE('',(#655),#7111,.T.);
#7375=ADVANCED_FACE('',(#656),#122,.T.);
#7376=ADVANCED_FACE('',(#657),#7112,.T.);
#7377=ADVANCED_FACE('',(#658),#123,.T.);
#7378=ADVANCED_FACE('',(#659),#7113,.T.);
#7379=ADVANCED_FACE('',(#660),#7114,.T.);
#7380=ADVANCED_FACE('',(#661),#7115,.T.);
#7381=ADVANCED_FACE('',(#662),#124,.T.);
#7382=ADVANCED_FACE('',(#663),#7116,.T.);
#7383=ADVANCED_FACE('',(#664),#125,.T.);
#7384=ADVANCED_FACE('',(#665),#7117,.T.);
#7385=ADVANCED_FACE('',(#666),#126,.T.);
#7386=ADVANCED_FACE('',(#667),#7118,.T.);
#7387=ADVANCED_FACE('',(#668),#127,.T.);
#7388=ADVANCED_FACE('',(#669),#7119,.T.);
#7389=ADVANCED_FACE('',(#670),#7120,.T.);
#7390=ADVANCED_FACE('',(#671),#7121,.T.);
#7391=ADVANCED_FACE('',(#672),#7122,.T.);
#7392=ADVANCED_FACE('',(#673),#294,.T.);
#7393=ADVANCED_FACE('',(#674),#295,.T.);
#7394=ADVANCED_FACE('',(#675),#296,.T.);
#7395=ADVANCED_FACE('',(#676),#297,.T.);
#7396=ADVANCED_FACE('',(#677),#298,.T.);
#7397=ADVANCED_FACE('',(#678),#299,.T.);
#7398=ADVANCED_FACE('',(#679),#300,.T.);
#7399=ADVANCED_FACE('',(#680),#301,.T.);
#7400=ADVANCED_FACE('',(#681),#128,.T.);
#7401=ADVANCED_FACE('',(#682),#129,.T.);
#7402=ADVANCED_FACE('',(#683),#130,.T.);
#7403=ADVANCED_FACE('',(#684),#7123,.T.);
#7404=ADVANCED_FACE('',(#685),#131,.T.);
#7405=ADVANCED_FACE('',(#686),#7124,.T.);
#7406=ADVANCED_FACE('',(#687),#7125,.T.);
#7407=ADVANCED_FACE('',(#688),#7126,.T.);
#7408=ADVANCED_FACE('',(#689),#302,.T.);
#7409=ADVANCED_FACE('',(#690),#303,.T.);
#7410=ADVANCED_FACE('',(#691),#304,.T.);
#7411=ADVANCED_FACE('',(#692),#305,.T.);
#7412=ADVANCED_FACE('',(#693),#306,.T.);
#7413=ADVANCED_FACE('',(#694),#307,.T.);
#7414=ADVANCED_FACE('',(#695),#308,.T.);
#7415=ADVANCED_FACE('',(#696),#309,.T.);
#7416=ADVANCED_FACE('',(#697),#310,.T.);
#7417=ADVANCED_FACE('',(#698),#311,.T.);
#7418=ADVANCED_FACE('',(#699),#312,.F.);
#7419=ADVANCED_FACE('',(#700),#313,.F.);
#7420=ADVANCED_FACE('',(#701),#314,.F.);
#7421=ADVANCED_FACE('',(#702),#315,.F.);
#7422=ADVANCED_FACE('',(#703),#316,.F.);
#7423=ADVANCED_FACE('',(#704),#317,.F.);
#7424=ADVANCED_FACE('',(#705),#318,.F.);
#7425=ADVANCED_FACE('',(#706),#319,.F.);
#7426=ADVANCED_FACE('',(#707),#320,.F.);
#7427=ADVANCED_FACE('',(#708),#321,.F.);
#7428=ADVANCED_FACE('',(#709),#322,.F.);
#7429=ADVANCED_FACE('',(#710),#323,.F.);
#7430=ADVANCED_FACE('',(#711),#324,.T.);
#7431=ADVANCED_FACE('',(#712),#325,.T.);
#7432=ADVANCED_FACE('',(#713),#326,.T.);
#7433=ADVANCED_FACE('',(#714),#327,.T.);
#7434=ADVANCED_FACE('',(#715),#328,.T.);
#7435=ADVANCED_FACE('',(#716),#329,.T.);
#7436=ADVANCED_FACE('',(#717),#330,.T.);
#7437=ADVANCED_FACE('',(#718),#331,.T.);
#7438=ADVANCED_FACE('',(#719),#332,.T.);
#7439=ADVANCED_FACE('',(#720),#333,.T.);
#7440=ADVANCED_FACE('',(#721),#334,.T.);
#7441=ADVANCED_FACE('',(#722),#335,.T.);
#7442=ADVANCED_FACE('',(#723),#336,.T.);
#7443=ADVANCED_FACE('',(#724),#337,.F.);
#7444=ADVANCED_FACE('',(#725),#338,.F.);
#7445=ADVANCED_FACE('',(#726,#19,#20,#21,#22,#23,#24),#339,.T.);
#7446=ADVANCED_FACE('',(#727),#340,.T.);
#7447=ADVANCED_FACE('',(#728),#341,.T.);
#7448=ADVANCED_FACE('',(#729),#342,.T.);
#7449=ADVANCED_FACE('',(#730),#343,.F.);
#7450=ADVANCED_FACE('',(#731),#344,.F.);
#7451=ADVANCED_FACE('',(#732),#345,.F.);
#7452=ADVANCED_FACE('',(#733),#346,.F.);
#7453=ADVANCED_FACE('',(#734),#347,.F.);
#7454=ADVANCED_FACE('',(#735),#348,.F.);
#7455=ADVANCED_FACE('',(#736),#349,.F.);
#7456=ADVANCED_FACE('',(#737),#350,.F.);
#7457=ADVANCED_FACE('',(#738),#351,.T.);
#7458=ADVANCED_FACE('',(#739),#352,.T.);
#7459=ADVANCED_FACE('',(#740),#353,.T.);
#7460=ADVANCED_FACE('',(#741),#354,.T.);
#7461=ADVANCED_FACE('',(#742),#355,.T.);
#7462=ADVANCED_FACE('',(#743),#356,.T.);
#7463=ADVANCED_FACE('',(#744),#357,.T.);
#7464=ADVANCED_FACE('',(#745),#358,.T.);
#7465=ADVANCED_FACE('',(#746),#359,.F.);
#7466=ADVANCED_FACE('',(#747),#360,.F.);
#7467=ADVANCED_FACE('',(#748),#361,.F.);
#7468=ADVANCED_FACE('',(#749),#362,.F.);
#7469=ADVANCED_FACE('',(#750),#363,.F.);
#7470=ADVANCED_FACE('',(#751),#364,.F.);
#7471=ADVANCED_FACE('',(#752),#365,.F.);
#7472=ADVANCED_FACE('',(#753),#366,.F.);
#7473=ADVANCED_FACE('',(#754),#367,.F.);
#7474=ADVANCED_FACE('',(#755),#368,.F.);
#7475=ADVANCED_FACE('',(#756),#369,.F.);
#7476=ADVANCED_FACE('',(#757),#370,.F.);
#7477=ADVANCED_FACE('',(#758),#371,.F.);
#7478=ADVANCED_FACE('',(#759),#372,.F.);
#7479=ADVANCED_FACE('',(#760),#373,.F.);
#7480=ADVANCED_FACE('',(#761),#374,.F.);
#7481=ADVANCED_FACE('',(#762),#375,.F.);
#7482=ADVANCED_FACE('',(#763),#376,.F.);
#7483=ADVANCED_FACE('',(#764),#377,.F.);
#7484=ADVANCED_FACE('',(#765),#378,.F.);
#7485=ADVANCED_FACE('',(#766),#379,.F.);
#7486=ADVANCED_FACE('',(#767),#380,.F.);
#7487=ADVANCED_FACE('',(#768),#381,.F.);
#7488=ADVANCED_FACE('',(#769),#382,.F.);
#7489=ADVANCED_FACE('',(#770),#383,.F.);
#7490=ADVANCED_FACE('',(#771),#384,.F.);
#7491=ADVANCED_FACE('',(#772),#385,.F.);
#7492=ADVANCED_FACE('',(#773),#386,.F.);
#7493=ADVANCED_FACE('',(#774),#387,.F.);
#7494=ADVANCED_FACE('',(#775),#388,.F.);
#7495=ADVANCED_FACE('',(#776),#389,.F.);
#7496=ADVANCED_FACE('',(#777),#390,.F.);
#7497=ADVANCED_FACE('',(#778),#391,.F.);
#7498=ADVANCED_FACE('',(#779),#392,.F.);
#7499=ADVANCED_FACE('',(#780),#393,.F.);
#7500=ADVANCED_FACE('',(#781),#394,.F.);
#7501=ADVANCED_FACE('',(#782),#395,.F.);
#7502=ADVANCED_FACE('',(#783),#396,.F.);
#7503=ADVANCED_FACE('',(#784),#397,.F.);
#7504=ADVANCED_FACE('',(#785),#398,.F.);
#7505=ADVANCED_FACE('',(#786),#399,.F.);
#7506=ADVANCED_FACE('',(#787),#400,.F.);
#7507=ADVANCED_FACE('',(#788),#401,.F.);
#7508=ADVANCED_FACE('',(#789),#402,.F.);
#7509=ADVANCED_FACE('',(#790),#403,.F.);
#7510=ADVANCED_FACE('',(#791),#404,.F.);
#7511=ADVANCED_FACE('',(#792),#405,.F.);
#7512=ADVANCED_FACE('',(#793),#406,.F.);
#7513=ADVANCED_FACE('',(#794),#7127,.T.);
#7514=ADVANCED_FACE('',(#795),#407,.T.);
#7515=ADVANCED_FACE('',(#796),#7128,.T.);
#7516=ADVANCED_FACE('',(#797),#408,.T.);
#7517=ADVANCED_FACE('',(#798),#7129,.T.);
#7518=ADVANCED_FACE('',(#799),#409,.T.);
#7519=ADVANCED_FACE('',(#800),#7130,.T.);
#7520=ADVANCED_FACE('',(#801),#7131,.T.);
#7521=ADVANCED_FACE('',(#802),#15,.T.);
#7522=ADVANCED_FACE('',(#803),#7132,.T.);
#7523=ADVANCED_FACE('',(#804),#16,.T.);
#7524=ADVANCED_FACE('',(#805),#7133,.T.);
#7525=ADVANCED_FACE('',(#806),#17,.T.);
#7526=ADVANCED_FACE('',(#807),#7134,.T.);
#7527=ADVANCED_FACE('',(#808),#18,.T.);
#7528=ADVANCED_FACE('',(#809),#7135,.T.);
#7529=ADVANCED_FACE('',(#810),#410,.T.);
#7530=ADVANCED_FACE('',(#811),#7136,.T.);
#7531=ADVANCED_FACE('',(#812),#411,.T.);
#7532=ADVANCED_FACE('',(#813,#25,#26,#27,#28,#29,#30,#31,#32),#412,.T.);
#7533=ADVANCED_FACE('',(#814),#413,.F.);
#7534=ADVANCED_FACE('',(#815),#414,.T.);
#7535=ADVANCED_FACE('',(#816),#7137,.T.);
#7536=ADVANCED_FACE('',(#817),#415,.T.);
#7537=ADVANCED_FACE('',(#818),#7138,.T.);
#7538=ADVANCED_FACE('',(#819),#416,.T.);
#7539=ADVANCED_FACE('',(#820),#417,.T.);
#7540=ADVANCED_FACE('',(#821),#418,.T.);
#7541=ADVANCED_FACE('',(#822),#419,.T.);
#7542=CLOSED_SHELL('',(#7139,#7140,#7141,#7142,#7143,#7144,#7145,#7146,
#7147,#7148,#7149,#7150,#7151,#7152,#7153,#7154,#7155,#7156,#7157,#7158,
#7159,#7160,#7161,#7162,#7163,#7164,#7165,#7166,#7167,#7168,#7169,#7170));
#7543=CLOSED_SHELL('',(#7171,#7172,#7173,#7174,#7175,#7176,#7177,#7178,
#7179,#7180,#7181,#7182,#7183,#7184,#7185,#7186,#7187,#7188,#7189,#7190,
#7191,#7192,#7193,#7194,#7195,#7196,#7197,#7198,#7199,#7200,#7201,#7202));
#7544=CLOSED_SHELL('',(#7203,#7204,#7205,#7206,#7207,#7208,#7209,#7210,
#7211,#7212,#7213,#7214,#7215,#7216,#7217,#7218,#7219,#7220,#7221,#7222,
#7223,#7224,#7225,#7226,#7227,#7228,#7229,#7230,#7231,#7232,#7233,#7234));
#7545=CLOSED_SHELL('',(#7235,#7236,#7237,#7238,#7239,#7240,#7241,#7242,
#7243,#7244,#7245,#7246,#7247,#7248,#7249,#7250,#7251,#7252,#7253,#7254,
#7255,#7256,#7257,#7258,#7259,#7260,#7261,#7262,#7263,#7264,#7265,#7266,
#7267));
#7546=CLOSED_SHELL('',(#7268,#7269,#7270,#7271,#7272,#7273,#7274,#7275,
#7276,#7277,#7278,#7279,#7280,#7281,#7282,#7283,#7284,#7285,#7286,#7287,
#7288,#7289,#7290,#7291,#7292,#7293,#7294,#7295,#7296,#7297,#7298,#7299));
#7547=CLOSED_SHELL('',(#7300,#7301,#7302,#7303,#7304,#7305,#7306,#7307,
#7308,#7309,#7310,#7311,#7312,#7313,#7314,#7315,#7316,#7317,#7318,#7319,
#7320,#7321,#7322,#7323,#7324,#7325,#7326,#7327,#7328,#7329,#7330,#7331));
#7548=CLOSED_SHELL('',(#7332,#7333,#7334,#7335,#7336,#7337,#7338,#7339,
#7340,#7341,#7342,#7343,#7344,#7345,#7346,#7347,#7348,#7349,#7350,#7351,
#7352,#7353,#7354,#7355,#7356,#7357,#7358,#7359,#7360,#7361,#7362,#7363,
#7364,#7365,#7366,#7367,#7368,#7369,#7370,#7371,#7372,#7373,#7374,#7375,
#7376,#7377,#7378,#7379,#7380,#7381,#7382,#7383,#7384,#7385,#7386,#7387,
#7388,#7389,#7390,#7391,#7392,#7393,#7394,#7395,#7396,#7397,#7398,#7399,
#7400,#7401,#7402,#7403,#7404,#7405,#7406,#7407,#7408,#7409,#7410,#7411,
#7412,#7413,#7414,#7415,#7416,#7417,#7418,#7419,#7420,#7421,#7422,#7423,
#7424,#7425,#7426,#7427,#7428,#7429,#7430,#7431,#7432,#7433,#7434,#7435,
#7436,#7437,#7438,#7439,#7440,#7441,#7442,#7443,#7444,#7445,#7446,#7447,
#7448,#7449,#7450,#7451,#7452,#7453,#7454,#7455,#7456,#7457,#7458,#7459,
#7460,#7461,#7462,#7463,#7464,#7465,#7466,#7467,#7468,#7469,#7470,#7471,
#7472,#7473,#7474,#7475,#7476,#7477,#7478,#7479,#7480,#7481,#7482,#7483,
#7484,#7485,#7486,#7487,#7488,#7489,#7490,#7491,#7492,#7493,#7494,#7495,
#7496,#7497,#7498,#7499,#7500,#7501,#7502,#7503,#7504,#7505,#7506,#7507,
#7508,#7509,#7510,#7511,#7512,#7513,#7514,#7515,#7516,#7517,#7518,#7519,
#7520,#7521,#7522,#7523,#7524,#7525,#7526,#7527,#7528,#7529,#7530,#7531,
#7532,#7533,#7534,#7535,#7536,#7537,#7538,#7539,#7540,#7541));
#7549=DERIVED_UNIT_ELEMENT(#7551,1.);
#7550=DERIVED_UNIT_ELEMENT(#14359,3.);
#7551=(
MASS_UNIT()
NAMED_UNIT(*)
SI_UNIT(.KILO.,.GRAM.)
);
#7552=DERIVED_UNIT((#7549,#7550));
#7553=MEASURE_REPRESENTATION_ITEM('density measure',
POSITIVE_RATIO_MEASURE(8470.),#7552);
#7554=PROPERTY_DEFINITION_REPRESENTATION(#7559,#7556);
#7555=PROPERTY_DEFINITION_REPRESENTATION(#7560,#7557);
#7556=REPRESENTATION('material name',(#7558),#14356);
#7557=REPRESENTATION('density',(#7553),#14356);
#7558=DESCRIPTIVE_REPRESENTATION_ITEM('Brass, Soft Yellow',
'Brass, Soft Yellow');
#7559=PROPERTY_DEFINITION('material property','material name',#14371);
#7560=PROPERTY_DEFINITION('material property','density of part',#14371);
#7561=AXIS2_PLACEMENT_3D('placement',#10158,#8158,#8159);
#7562=AXIS2_PLACEMENT_3D('placement',#10159,#8160,#8161);
#7563=AXIS2_PLACEMENT_3D('',#10160,#8162,#8163);
#7564=AXIS2_PLACEMENT_3D('',#10163,#8164,#8165);
#7565=AXIS2_PLACEMENT_3D('',#10167,#8167,#8168);
#7566=AXIS2_PLACEMENT_3D('',#10169,#8170,#8171);
#7567=AXIS2_PLACEMENT_3D('',#10175,#8175,#8176);
#7568=AXIS2_PLACEMENT_3D('',#10181,#8179,#8180);
#7569=AXIS2_PLACEMENT_3D('',#10193,#8186,#8187);
#7570=AXIS2_PLACEMENT_3D('',#10196,#8189,#8190);
#7571=AXIS2_PLACEMENT_3D('',#10197,#8191,#8192);
#7572=AXIS2_PLACEMENT_3D('',#10200,#8193,#8194);
#7573=AXIS2_PLACEMENT_3D('',#10204,#8196,#8197);
#7574=AXIS2_PLACEMENT_3D('',#10206,#8199,#8200);
#7575=AXIS2_PLACEMENT_3D('',#10212,#8204,#8205);
#7576=AXIS2_PLACEMENT_3D('',#10218,#8208,#8209);
#7577=AXIS2_PLACEMENT_3D('',#10230,#8215,#8216);
#7578=AXIS2_PLACEMENT_3D('',#10233,#8218,#8219);
#7579=AXIS2_PLACEMENT_3D('',#10234,#8220,#8221);
#7580=AXIS2_PLACEMENT_3D('',#10240,#8225,#8226);
#7581=AXIS2_PLACEMENT_3D('',#10244,#8228,#8229);
#7582=AXIS2_PLACEMENT_3D('',#10247,#8231,#8232);
#7583=AXIS2_PLACEMENT_3D('',#10251,#8234,#8235);
#7584=AXIS2_PLACEMENT_3D('',#10255,#8237,#8238);
#7585=AXIS2_PLACEMENT_3D('',#10257,#8240,#8241);
#7586=AXIS2_PLACEMENT_3D('',#10261,#8244,#8245);
#7587=AXIS2_PLACEMENT_3D('',#10263,#8246,#8247);
#7588=AXIS2_PLACEMENT_3D('',#10265,#8249,#8250);
#7589=AXIS2_PLACEMENT_3D('',#10269,#8252,#8253);
#7590=AXIS2_PLACEMENT_3D('',#10280,#8260,#8261);
#7591=AXIS2_PLACEMENT_3D('',#10282,#8263,#8264);
#7592=AXIS2_PLACEMENT_3D('',#10284,#8265,#8266);
#7593=AXIS2_PLACEMENT_3D('',#10286,#8268,#8269);
#7594=AXIS2_PLACEMENT_3D('',#10290,#8271,#8272);
#7595=AXIS2_PLACEMENT_3D('',#10301,#8279,#8280);
#7596=AXIS2_PLACEMENT_3D('',#10303,#8282,#8283);
#7597=AXIS2_PLACEMENT_3D('',#10305,#8285,#8286);
#7598=AXIS2_PLACEMENT_3D('',#10307,#8288,#8289);
#7599=AXIS2_PLACEMENT_3D('',#10309,#8291,#8292);
#7600=AXIS2_PLACEMENT_3D('',#10311,#8294,#8295);
#7601=AXIS2_PLACEMENT_3D('',#10312,#8296,#8297);
#7602=AXIS2_PLACEMENT_3D('',#10314,#8299,#8300);
#7603=AXIS2_PLACEMENT_3D('',#10316,#8302,#8303);
#7604=AXIS2_PLACEMENT_3D('',#10318,#8305,#8306);
#7605=AXIS2_PLACEMENT_3D('',#10320,#8308,#8309);
#7606=AXIS2_PLACEMENT_3D('',#10321,#8310,#8311);
#7607=AXIS2_PLACEMENT_3D('',#10323,#8313,#8314);
#7608=AXIS2_PLACEMENT_3D('',#10325,#8316,#8317);
#7609=AXIS2_PLACEMENT_3D('',#10329,#8319,#8320);
#7610=AXIS2_PLACEMENT_3D('',#10331,#8322,#8323);
#7611=AXIS2_PLACEMENT_3D('',#10335,#8325,#8326);
#7612=AXIS2_PLACEMENT_3D('',#10337,#8328,#8329);
#7613=AXIS2_PLACEMENT_3D('',#10339,#8331,#8332);
#7614=AXIS2_PLACEMENT_3D('',#10341,#8334,#8335);
#7615=AXIS2_PLACEMENT_3D('',#10342,#8336,#8337);
#7616=AXIS2_PLACEMENT_3D('',#10345,#8338,#8339);
#7617=AXIS2_PLACEMENT_3D('',#10349,#8341,#8342);
#7618=AXIS2_PLACEMENT_3D('',#10351,#8344,#8345);
#7619=AXIS2_PLACEMENT_3D('',#10357,#8349,#8350);
#7620=AXIS2_PLACEMENT_3D('',#10363,#8353,#8354);
#7621=AXIS2_PLACEMENT_3D('',#10375,#8360,#8361);
#7622=AXIS2_PLACEMENT_3D('',#10378,#8363,#8364);
#7623=AXIS2_PLACEMENT_3D('',#10379,#8365,#8366);
#7624=AXIS2_PLACEMENT_3D('',#10382,#8367,#8368);
#7625=AXIS2_PLACEMENT_3D('',#10386,#8370,#8371);
#7626=AXIS2_PLACEMENT_3D('',#10388,#8373,#8374);
#7627=AXIS2_PLACEMENT_3D('',#10394,#8378,#8379);
#7628=AXIS2_PLACEMENT_3D('',#10400,#8382,#8383);
#7629=AXIS2_PLACEMENT_3D('',#10412,#8389,#8390);
#7630=AXIS2_PLACEMENT_3D('',#10415,#8392,#8393);
#7631=AXIS2_PLACEMENT_3D('',#10416,#8394,#8395);
#7632=AXIS2_PLACEMENT_3D('',#10422,#8399,#8400);
#7633=AXIS2_PLACEMENT_3D('',#10426,#8402,#8403);
#7634=AXIS2_PLACEMENT_3D('',#10429,#8405,#8406);
#7635=AXIS2_PLACEMENT_3D('',#10433,#8408,#8409);
#7636=AXIS2_PLACEMENT_3D('',#10437,#8411,#8412);
#7637=AXIS2_PLACEMENT_3D('',#10439,#8414,#8415);
#7638=AXIS2_PLACEMENT_3D('',#10443,#8418,#8419);
#7639=AXIS2_PLACEMENT_3D('',#10445,#8420,#8421);
#7640=AXIS2_PLACEMENT_3D('',#10447,#8423,#8424);
#7641=AXIS2_PLACEMENT_3D('',#10451,#8426,#8427);
#7642=AXIS2_PLACEMENT_3D('',#10462,#8434,#8435);
#7643=AXIS2_PLACEMENT_3D('',#10464,#8437,#8438);
#7644=AXIS2_PLACEMENT_3D('',#10466,#8439,#8440);
#7645=AXIS2_PLACEMENT_3D('',#10468,#8442,#8443);
#7646=AXIS2_PLACEMENT_3D('',#10472,#8445,#8446);
#7647=AXIS2_PLACEMENT_3D('',#10483,#8453,#8454);
#7648=AXIS2_PLACEMENT_3D('',#10485,#8456,#8457);
#7649=AXIS2_PLACEMENT_3D('',#10487,#8459,#8460);
#7650=AXIS2_PLACEMENT_3D('',#10489,#8462,#8463);
#7651=AXIS2_PLACEMENT_3D('',#10491,#8465,#8466);
#7652=AXIS2_PLACEMENT_3D('',#10493,#8468,#8469);
#7653=AXIS2_PLACEMENT_3D('',#10494,#8470,#8471);
#7654=AXIS2_PLACEMENT_3D('',#10496,#8473,#8474);
#7655=AXIS2_PLACEMENT_3D('',#10498,#8476,#8477);
#7656=AXIS2_PLACEMENT_3D('',#10500,#8479,#8480);
#7657=AXIS2_PLACEMENT_3D('',#10502,#8482,#8483);
#7658=AXIS2_PLACEMENT_3D('',#10503,#8484,#8485);
#7659=AXIS2_PLACEMENT_3D('',#10505,#8487,#8488);
#7660=AXIS2_PLACEMENT_3D('',#10507,#8490,#8491);
#7661=AXIS2_PLACEMENT_3D('',#10511,#8493,#8494);
#7662=AXIS2_PLACEMENT_3D('',#10513,#8496,#8497);
#7663=AXIS2_PLACEMENT_3D('',#10517,#8499,#8500);
#7664=AXIS2_PLACEMENT_3D('',#10519,#8502,#8503);
#7665=AXIS2_PLACEMENT_3D('',#10521,#8505,#8506);
#7666=AXIS2_PLACEMENT_3D('',#10523,#8508,#8509);
#7667=AXIS2_PLACEMENT_3D('',#10524,#8510,#8511);
#7668=AXIS2_PLACEMENT_3D('',#10527,#8512,#8513);
#7669=AXIS2_PLACEMENT_3D('',#10531,#8515,#8516);
#7670=AXIS2_PLACEMENT_3D('',#10533,#8518,#8519);
#7671=AXIS2_PLACEMENT_3D('',#10539,#8523,#8524);
#7672=AXIS2_PLACEMENT_3D('',#10545,#8527,#8528);
#7673=AXIS2_PLACEMENT_3D('',#10557,#8534,#8535);
#7674=AXIS2_PLACEMENT_3D('',#10560,#8537,#8538);
#7675=AXIS2_PLACEMENT_3D('',#10561,#8539,#8540);
#7676=AXIS2_PLACEMENT_3D('',#10564,#8541,#8542);
#7677=AXIS2_PLACEMENT_3D('',#10568,#8544,#8545);
#7678=AXIS2_PLACEMENT_3D('',#10570,#8547,#8548);
#7679=AXIS2_PLACEMENT_3D('',#10576,#8552,#8553);
#7680=AXIS2_PLACEMENT_3D('',#10582,#8556,#8557);
#7681=AXIS2_PLACEMENT_3D('',#10594,#8563,#8564);
#7682=AXIS2_PLACEMENT_3D('',#10597,#8566,#8567);
#7683=AXIS2_PLACEMENT_3D('',#10598,#8568,#8569);
#7684=AXIS2_PLACEMENT_3D('',#10604,#8573,#8574);
#7685=AXIS2_PLACEMENT_3D('',#10608,#8576,#8577);
#7686=AXIS2_PLACEMENT_3D('',#10611,#8579,#8580);
#7687=AXIS2_PLACEMENT_3D('',#10615,#8582,#8583);
#7688=AXIS2_PLACEMENT_3D('',#10619,#8585,#8586);
#7689=AXIS2_PLACEMENT_3D('',#10621,#8588,#8589);
#7690=AXIS2_PLACEMENT_3D('',#10625,#8592,#8593);
#7691=AXIS2_PLACEMENT_3D('',#10627,#8594,#8595);
#7692=AXIS2_PLACEMENT_3D('',#10629,#8597,#8598);
#7693=AXIS2_PLACEMENT_3D('',#10633,#8600,#8601);
#7694=AXIS2_PLACEMENT_3D('',#10644,#8608,#8609);
#7695=AXIS2_PLACEMENT_3D('',#10646,#8611,#8612);
#7696=AXIS2_PLACEMENT_3D('',#10648,#8613,#8614);
#7697=AXIS2_PLACEMENT_3D('',#10650,#8616,#8617);
#7698=AXIS2_PLACEMENT_3D('',#10654,#8619,#8620);
#7699=AXIS2_PLACEMENT_3D('',#10665,#8627,#8628);
#7700=AXIS2_PLACEMENT_3D('',#10667,#8630,#8631);
#7701=AXIS2_PLACEMENT_3D('',#10669,#8633,#8634);
#7702=AXIS2_PLACEMENT_3D('',#10671,#8636,#8637);
#7703=AXIS2_PLACEMENT_3D('',#10673,#8639,#8640);
#7704=AXIS2_PLACEMENT_3D('',#10675,#8642,#8643);
#7705=AXIS2_PLACEMENT_3D('',#10676,#8644,#8645);
#7706=AXIS2_PLACEMENT_3D('',#10678,#8647,#8648);
#7707=AXIS2_PLACEMENT_3D('',#10680,#8650,#8651);
#7708=AXIS2_PLACEMENT_3D('',#10682,#8653,#8654);
#7709=AXIS2_PLACEMENT_3D('',#10684,#8656,#8657);
#7710=AXIS2_PLACEMENT_3D('',#10685,#8658,#8659);
#7711=AXIS2_PLACEMENT_3D('',#10687,#8661,#8662);
#7712=AXIS2_PLACEMENT_3D('',#10689,#8664,#8665);
#7713=AXIS2_PLACEMENT_3D('',#10693,#8667,#8668);
#7714=AXIS2_PLACEMENT_3D('',#10695,#8670,#8671);
#7715=AXIS2_PLACEMENT_3D('',#10699,#8674,#8675);
#7716=AXIS2_PLACEMENT_3D('',#10702,#8677,#8678);
#7717=AXIS2_PLACEMENT_3D('',#10703,#8679,#8680);
#7718=AXIS2_PLACEMENT_3D('',#10705,#8682,#8683);
#7719=AXIS2_PLACEMENT_3D('',#10706,#8684,#8685);
#7720=AXIS2_PLACEMENT_3D('',#10709,#8686,#8687);
#7721=AXIS2_PLACEMENT_3D('',#10713,#8689,#8690);
#7722=AXIS2_PLACEMENT_3D('',#10715,#8692,#8693);
#7723=AXIS2_PLACEMENT_3D('',#10721,#8697,#8698);
#7724=AXIS2_PLACEMENT_3D('',#10727,#8701,#8702);
#7725=AXIS2_PLACEMENT_3D('',#10739,#8708,#8709);
#7726=AXIS2_PLACEMENT_3D('',#10742,#8711,#8712);
#7727=AXIS2_PLACEMENT_3D('',#10743,#8713,#8714);
#7728=AXIS2_PLACEMENT_3D('',#10746,#8715,#8716);
#7729=AXIS2_PLACEMENT_3D('',#10750,#8718,#8719);
#7730=AXIS2_PLACEMENT_3D('',#10752,#8721,#8722);
#7731=AXIS2_PLACEMENT_3D('',#10758,#8726,#8727);
#7732=AXIS2_PLACEMENT_3D('',#10764,#8730,#8731);
#7733=AXIS2_PLACEMENT_3D('',#10776,#8737,#8738);
#7734=AXIS2_PLACEMENT_3D('',#10779,#8740,#8741);
#7735=AXIS2_PLACEMENT_3D('',#10780,#8742,#8743);
#7736=AXIS2_PLACEMENT_3D('',#10784,#8745,#8746);
#7737=AXIS2_PLACEMENT_3D('',#10788,#8748,#8749);
#7738=AXIS2_PLACEMENT_3D('',#10792,#8751,#8752);
#7739=AXIS2_PLACEMENT_3D('',#10794,#8754,#8755);
#7740=AXIS2_PLACEMENT_3D('',#10798,#8758,#8759);
#7741=AXIS2_PLACEMENT_3D('',#10801,#8761,#8762);
#7742=AXIS2_PLACEMENT_3D('',#10803,#8763,#8764);
#7743=AXIS2_PLACEMENT_3D('',#10807,#8766,#8767);
#7744=AXIS2_PLACEMENT_3D('',#10809,#8769,#8770);
#7745=AXIS2_PLACEMENT_3D('',#10813,#8773,#8774);
#7746=AXIS2_PLACEMENT_3D('',#10815,#8775,#8776);
#7747=AXIS2_PLACEMENT_3D('',#10817,#8778,#8779);
#7748=AXIS2_PLACEMENT_3D('',#10821,#8781,#8782);
#7749=AXIS2_PLACEMENT_3D('',#10832,#8789,#8790);
#7750=AXIS2_PLACEMENT_3D('',#10834,#8792,#8793);
#7751=AXIS2_PLACEMENT_3D('',#10836,#8794,#8795);
#7752=AXIS2_PLACEMENT_3D('',#10838,#8797,#8798);
#7753=AXIS2_PLACEMENT_3D('',#10842,#8800,#8801);
#7754=AXIS2_PLACEMENT_3D('',#10853,#8808,#8809);
#7755=AXIS2_PLACEMENT_3D('',#10855,#8811,#8812);
#7756=AXIS2_PLACEMENT_3D('',#10857,#8814,#8815);
#7757=AXIS2_PLACEMENT_3D('',#10859,#8817,#8818);
#7758=AXIS2_PLACEMENT_3D('',#10861,#8820,#8821);
#7759=AXIS2_PLACEMENT_3D('',#10863,#8823,#8824);
#7760=AXIS2_PLACEMENT_3D('',#10864,#8825,#8826);
#7761=AXIS2_PLACEMENT_3D('',#10866,#8828,#8829);
#7762=AXIS2_PLACEMENT_3D('',#10868,#8831,#8832);
#7763=AXIS2_PLACEMENT_3D('',#10870,#8834,#8835);
#7764=AXIS2_PLACEMENT_3D('',#10872,#8837,#8838);
#7765=AXIS2_PLACEMENT_3D('',#10873,#8839,#8840);
#7766=AXIS2_PLACEMENT_3D('',#10875,#8842,#8843);
#7767=AXIS2_PLACEMENT_3D('',#10877,#8845,#8846);
#7768=AXIS2_PLACEMENT_3D('',#10881,#8848,#8849);
#7769=AXIS2_PLACEMENT_3D('',#10883,#8851,#8852);
#7770=AXIS2_PLACEMENT_3D('',#10887,#8854,#8855);
#7771=AXIS2_PLACEMENT_3D('',#10889,#8857,#8858);
#7772=AXIS2_PLACEMENT_3D('',#10891,#8860,#8861);
#7773=AXIS2_PLACEMENT_3D('',#10893,#8863,#8864);
#7774=AXIS2_PLACEMENT_3D('',#10894,#8865,#8866);
#7775=AXIS2_PLACEMENT_3D('',#10897,#8867,#8868);
#7776=AXIS2_PLACEMENT_3D('',#10901,#8870,#8871);
#7777=AXIS2_PLACEMENT_3D('',#10903,#8873,#8874);
#7778=AXIS2_PLACEMENT_3D('',#10909,#8878,#8879);
#7779=AXIS2_PLACEMENT_3D('',#10915,#8882,#8883);
#7780=AXIS2_PLACEMENT_3D('',#10927,#8889,#8890);
#7781=AXIS2_PLACEMENT_3D('',#10930,#8892,#8893);
#7782=AXIS2_PLACEMENT_3D('',#10931,#8894,#8895);
#7783=AXIS2_PLACEMENT_3D('',#10934,#8896,#8897);
#7784=AXIS2_PLACEMENT_3D('',#10938,#8899,#8900);
#7785=AXIS2_PLACEMENT_3D('',#10940,#8902,#8903);
#7786=AXIS2_PLACEMENT_3D('',#10946,#8907,#8908);
#7787=AXIS2_PLACEMENT_3D('',#10952,#8911,#8912);
#7788=AXIS2_PLACEMENT_3D('',#10964,#8918,#8919);
#7789=AXIS2_PLACEMENT_3D('',#10967,#8921,#8922);
#7790=AXIS2_PLACEMENT_3D('',#10968,#8923,#8924);
#7791=AXIS2_PLACEMENT_3D('',#10974,#8928,#8929);
#7792=AXIS2_PLACEMENT_3D('',#10978,#8931,#8932);
#7793=AXIS2_PLACEMENT_3D('',#10981,#8934,#8935);
#7794=AXIS2_PLACEMENT_3D('',#10985,#8937,#8938);
#7795=AXIS2_PLACEMENT_3D('',#10989,#8940,#8941);
#7796=AXIS2_PLACEMENT_3D('',#10991,#8943,#8944);
#7797=AXIS2_PLACEMENT_3D('',#10995,#8947,#8948);
#7798=AXIS2_PLACEMENT_3D('',#10997,#8949,#8950);
#7799=AXIS2_PLACEMENT_3D('',#10999,#8952,#8953);
#7800=AXIS2_PLACEMENT_3D('',#11001,#8954,#8955);
#7801=AXIS2_PLACEMENT_3D('',#11003,#8957,#8958);
#7802=AXIS2_PLACEMENT_3D('',#11007,#8960,#8961);
#7803=AXIS2_PLACEMENT_3D('',#11018,#8968,#8969);
#7804=AXIS2_PLACEMENT_3D('',#11020,#8971,#8972);
#7805=AXIS2_PLACEMENT_3D('',#11022,#8974,#8975);
#7806=AXIS2_PLACEMENT_3D('',#11024,#8977,#8978);
#7807=AXIS2_PLACEMENT_3D('',#11026,#8980,#8981);
#7808=AXIS2_PLACEMENT_3D('',#11028,#8983,#8984);
#7809=AXIS2_PLACEMENT_3D('',#11029,#8985,#8986);
#7810=AXIS2_PLACEMENT_3D('',#11033,#8988,#8989);
#7811=AXIS2_PLACEMENT_3D('',#11035,#8991,#8992);
#7812=AXIS2_PLACEMENT_3D('',#11039,#8995,#8996);
#7813=AXIS2_PLACEMENT_3D('',#11043,#8999,#9000);
#7814=AXIS2_PLACEMENT_3D('',#11047,#9003,#9004);
#7815=AXIS2_PLACEMENT_3D('',#11049,#9006,#9007);
#7816=AXIS2_PLACEMENT_3D('',#11051,#9009,#9010);
#7817=AXIS2_PLACEMENT_3D('',#11055,#9013,#9014);
#7818=AXIS2_PLACEMENT_3D('',#11060,#9017,#9018);
#7819=AXIS2_PLACEMENT_3D('',#11062,#9020,#9021);
#7820=AXIS2_PLACEMENT_3D('',#11066,#9024,#9025);
#7821=AXIS2_PLACEMENT_3D('',#11069,#9027,#9028);
#7822=AXIS2_PLACEMENT_3D('',#11071,#9030,#9031);
#7823=AXIS2_PLACEMENT_3D('',#11073,#9033,#9034);
#7824=AXIS2_PLACEMENT_3D('',#11074,#9035,#9036);
#7825=AXIS2_PLACEMENT_3D('',#11075,#9037,#9038);
#7826=AXIS2_PLACEMENT_3D('',#11076,#9039,#9040);
#7827=AXIS2_PLACEMENT_3D('',#11079,#9041,#9042);
#7828=AXIS2_PLACEMENT_3D('',#11083,#9044,#9045);
#7829=AXIS2_PLACEMENT_3D('',#11085,#9047,#9048);
#7830=AXIS2_PLACEMENT_3D('',#11091,#9052,#9053);
#7831=AXIS2_PLACEMENT_3D('',#11097,#9056,#9057);
#7832=AXIS2_PLACEMENT_3D('',#11109,#9063,#9064);
#7833=AXIS2_PLACEMENT_3D('',#11112,#9066,#9067);
#7834=AXIS2_PLACEMENT_3D('',#11113,#9068,#9069);
#7835=AXIS2_PLACEMENT_3D('',#11116,#9070,#9071);
#7836=AXIS2_PLACEMENT_3D('',#11120,#9073,#9074);
#7837=AXIS2_PLACEMENT_3D('',#11122,#9076,#9077);
#7838=AXIS2_PLACEMENT_3D('',#11128,#9081,#9082);
#7839=AXIS2_PLACEMENT_3D('',#11134,#9085,#9086);
#7840=AXIS2_PLACEMENT_3D('',#11146,#9092,#9093);
#7841=AXIS2_PLACEMENT_3D('',#11149,#9095,#9096);
#7842=AXIS2_PLACEMENT_3D('',#11150,#9097,#9098);
#7843=AXIS2_PLACEMENT_3D('',#11156,#9102,#9103);
#7844=AXIS2_PLACEMENT_3D('',#11160,#9105,#9106);
#7845=AXIS2_PLACEMENT_3D('',#11163,#9108,#9109);
#7846=AXIS2_PLACEMENT_3D('',#11167,#9111,#9112);
#7847=AXIS2_PLACEMENT_3D('',#11171,#9114,#9115);
#7848=AXIS2_PLACEMENT_3D('',#11173,#9117,#9118);
#7849=AXIS2_PLACEMENT_3D('',#11177,#9121,#9122);
#7850=AXIS2_PLACEMENT_3D('',#11179,#9123,#9124);
#7851=AXIS2_PLACEMENT_3D('',#11181,#9126,#9127);
#7852=AXIS2_PLACEMENT_3D('',#11183,#9128,#9129);
#7853=AXIS2_PLACEMENT_3D('',#11185,#9131,#9132);
#7854=AXIS2_PLACEMENT_3D('',#11189,#9134,#9135);
#7855=AXIS2_PLACEMENT_3D('',#11200,#9142,#9143);
#7856=AXIS2_PLACEMENT_3D('',#11202,#9145,#9146);
#7857=AXIS2_PLACEMENT_3D('',#11204,#9148,#9149);
#7858=AXIS2_PLACEMENT_3D('',#11206,#9151,#9152);
#7859=AXIS2_PLACEMENT_3D('',#11208,#9154,#9155);
#7860=AXIS2_PLACEMENT_3D('',#11210,#9157,#9158);
#7861=AXIS2_PLACEMENT_3D('',#11211,#9159,#9160);
#7862=AXIS2_PLACEMENT_3D('',#11215,#9162,#9163);
#7863=AXIS2_PLACEMENT_3D('',#11217,#9165,#9166);
#7864=AXIS2_PLACEMENT_3D('',#11221,#9169,#9170);
#7865=AXIS2_PLACEMENT_3D('',#11225,#9173,#9174);
#7866=AXIS2_PLACEMENT_3D('',#11229,#9177,#9178);
#7867=AXIS2_PLACEMENT_3D('',#11231,#9180,#9181);
#7868=AXIS2_PLACEMENT_3D('',#11233,#9183,#9184);
#7869=AXIS2_PLACEMENT_3D('',#11237,#9187,#9188);
#7870=AXIS2_PLACEMENT_3D('',#11242,#9191,#9192);
#7871=AXIS2_PLACEMENT_3D('',#11244,#9194,#9195);
#7872=AXIS2_PLACEMENT_3D('',#11248,#9198,#9199);
#7873=AXIS2_PLACEMENT_3D('',#11251,#9201,#9202);
#7874=AXIS2_PLACEMENT_3D('',#11253,#9204,#9205);
#7875=AXIS2_PLACEMENT_3D('',#11255,#9207,#9208);
#7876=AXIS2_PLACEMENT_3D('',#11256,#9209,#9210);
#7877=AXIS2_PLACEMENT_3D('',#11257,#9211,#9212);
#7878=AXIS2_PLACEMENT_3D('',#11310,#9213,#9214);
#7879=AXIS2_PLACEMENT_3D('',#11311,#9215,#9216);
#7880=AXIS2_PLACEMENT_3D('',#11356,#9217,#9218);
#7881=AXIS2_PLACEMENT_3D('',#11357,#9219,#9220);
#7882=AXIS2_PLACEMENT_3D('',#11402,#9221,#9222);
#7883=AXIS2_PLACEMENT_3D('',#11403,#9223,#9224);
#7884=AXIS2_PLACEMENT_3D('',#11440,#9225,#9226);
#7885=AXIS2_PLACEMENT_3D('',#11493,#9227,#9228);
#7886=AXIS2_PLACEMENT_3D('',#11494,#9229,#9230);
#7887=AXIS2_PLACEMENT_3D('',#11539,#9231,#9232);
#7888=AXIS2_PLACEMENT_3D('',#11540,#9233,#9234);
#7889=AXIS2_PLACEMENT_3D('',#11577,#9235,#9236);
#7890=AXIS2_PLACEMENT_3D('',#11621,#9237,#9238);
#7891=AXIS2_PLACEMENT_3D('',#11674,#9239,#9240);
#7892=AXIS2_PLACEMENT_3D('',#11675,#9241,#9242);
#7893=AXIS2_PLACEMENT_3D('',#11720,#9243,#9244);
#7894=AXIS2_PLACEMENT_3D('',#11721,#9245,#9246);
#7895=AXIS2_PLACEMENT_3D('',#11758,#9247,#9248);
#7896=AXIS2_PLACEMENT_3D('',#11802,#9249,#9250);
#7897=AXIS2_PLACEMENT_3D('',#11855,#9251,#9252);
#7898=AXIS2_PLACEMENT_3D('',#11856,#9253,#9254);
#7899=AXIS2_PLACEMENT_3D('',#11901,#9255,#9256);
#7900=AXIS2_PLACEMENT_3D('',#11902,#9257,#9258);
#7901=AXIS2_PLACEMENT_3D('',#11947,#9259,#9260);
#7902=AXIS2_PLACEMENT_3D('',#11948,#9261,#9262);
#7903=AXIS2_PLACEMENT_3D('',#11985,#9263,#9264);
#7904=AXIS2_PLACEMENT_3D('',#12038,#9265,#9266);
#7905=AXIS2_PLACEMENT_3D('',#12039,#9267,#9268);
#7906=AXIS2_PLACEMENT_3D('',#12084,#9269,#9270);
#7907=AXIS2_PLACEMENT_3D('',#12085,#9271,#9272);
#7908=AXIS2_PLACEMENT_3D('',#12130,#9273,#9274);
#7909=AXIS2_PLACEMENT_3D('',#12131,#9275,#9276);
#7910=AXIS2_PLACEMENT_3D('',#12168,#9277,#9278);
#7911=AXIS2_PLACEMENT_3D('',#12221,#9279,#9280);
#7912=AXIS2_PLACEMENT_3D('',#12222,#9281,#9282);
#7913=AXIS2_PLACEMENT_3D('',#12267,#9283,#9284);
#7914=AXIS2_PLACEMENT_3D('',#12268,#9285,#9286);
#7915=AXIS2_PLACEMENT_3D('',#12313,#9287,#9288);
#7916=AXIS2_PLACEMENT_3D('',#12314,#9289,#9290);
#7917=AXIS2_PLACEMENT_3D('',#12351,#9291,#9292);
#7918=AXIS2_PLACEMENT_3D('',#12404,#9293,#9294);
#7919=AXIS2_PLACEMENT_3D('',#12405,#9295,#9296);
#7920=AXIS2_PLACEMENT_3D('',#12450,#9297,#9298);
#7921=AXIS2_PLACEMENT_3D('',#12451,#9299,#9300);
#7922=AXIS2_PLACEMENT_3D('',#12488,#9301,#9302);
#7923=AXIS2_PLACEMENT_3D('',#12532,#9303,#9304);
#7924=AXIS2_PLACEMENT_3D('',#12585,#9305,#9306);
#7925=AXIS2_PLACEMENT_3D('',#12586,#9307,#9308);
#7926=AXIS2_PLACEMENT_3D('',#12631,#9309,#9310);
#7927=AXIS2_PLACEMENT_3D('',#12632,#9311,#9312);
#7928=AXIS2_PLACEMENT_3D('',#12677,#9313,#9314);
#7929=AXIS2_PLACEMENT_3D('',#12678,#9315,#9316);
#7930=AXIS2_PLACEMENT_3D('',#12715,#9317,#9318);
#7931=AXIS2_PLACEMENT_3D('',#12768,#9319,#9320);
#7932=AXIS2_PLACEMENT_3D('',#12769,#9321,#9322);
#7933=AXIS2_PLACEMENT_3D('',#12814,#9323,#9324);
#7934=AXIS2_PLACEMENT_3D('',#12815,#9325,#9326);
#7935=AXIS2_PLACEMENT_3D('',#12860,#9327,#9328);
#7936=AXIS2_PLACEMENT_3D('',#12861,#9329,#9330);
#7937=AXIS2_PLACEMENT_3D('',#12906,#9331,#9332);
#7938=AXIS2_PLACEMENT_3D('',#12907,#9333,#9334);
#7939=AXIS2_PLACEMENT_3D('',#12952,#9335,#9336);
#7940=AXIS2_PLACEMENT_3D('',#12953,#9337,#9338);
#7941=AXIS2_PLACEMENT_3D('',#13006,#9339,#9340);
#7942=AXIS2_PLACEMENT_3D('',#13007,#9341,#9342);
#7943=AXIS2_PLACEMENT_3D('',#13052,#9343,#9344);
#7944=AXIS2_PLACEMENT_3D('',#13053,#9345,#9346);
#7945=AXIS2_PLACEMENT_3D('',#13090,#9347,#9348);
#7946=AXIS2_PLACEMENT_3D('',#13134,#9349,#9350);
#7947=AXIS2_PLACEMENT_3D('',#13135,#9351,#9352);
#7948=AXIS2_PLACEMENT_3D('',#13140,#9354,#9355);
#7949=AXIS2_PLACEMENT_3D('',#13143,#9357,#9358);
#7950=AXIS2_PLACEMENT_3D('',#13144,#9359,#9360);
#7951=AXIS2_PLACEMENT_3D('',#13148,#9362,#9363);
#7952=AXIS2_PLACEMENT_3D('',#13187,#9365,#9366);
#7953=AXIS2_PLACEMENT_3D('',#13188,#9367,#9368);
#7954=AXIS2_PLACEMENT_3D('',#13189,#9369,#9370);
#7955=AXIS2_PLACEMENT_3D('',#13229,#9373,#9374);
#7956=AXIS2_PLACEMENT_3D('',#13230,#9375,#9376);
#7957=AXIS2_PLACEMENT_3D('',#13231,#9377,#9378);
#7958=AXIS2_PLACEMENT_3D('',#13234,#9381,#9382);
#7959=AXIS2_PLACEMENT_3D('',#13239,#9385,#9386);
#7960=AXIS2_PLACEMENT_3D('',#13240,#9387,#9388);
#7961=AXIS2_PLACEMENT_3D('',#13245,#9390,#9391);
#7962=AXIS2_PLACEMENT_3D('',#13248,#9393,#9394);
#7963=AXIS2_PLACEMENT_3D('',#13285,#9395,#9396);
#7964=AXIS2_PLACEMENT_3D('',#13286,#9397,#9398);
#7965=AXIS2_PLACEMENT_3D('',#13326,#9401,#9402);
#7966=AXIS2_PLACEMENT_3D('',#13327,#9403,#9404);
#7967=AXIS2_PLACEMENT_3D('',#13328,#9405,#9406);
#7968=AXIS2_PLACEMENT_3D('',#13367,#9409,#9410);
#7969=AXIS2_PLACEMENT_3D('',#13368,#9411,#9412);
#7970=AXIS2_PLACEMENT_3D('',#13373,#9415,#9416);
#7971=AXIS2_PLACEMENT_3D('',#13410,#9417,#9418);
#7972=AXIS2_PLACEMENT_3D('',#13411,#9419,#9420);
#7973=AXIS2_PLACEMENT_3D('',#13414,#9423,#9424);
#7974=AXIS2_PLACEMENT_3D('',#13417,#9427,#9428);
#7975=AXIS2_PLACEMENT_3D('',#13422,#9431,#9432);
#7976=AXIS2_PLACEMENT_3D('',#13423,#9433,#9434);
#7977=AXIS2_PLACEMENT_3D('',#13426,#9437,#9438);
#7978=AXIS2_PLACEMENT_3D('',#13430,#9441,#9442);
#7979=AXIS2_PLACEMENT_3D('',#13432,#9444,#9445);
#7980=AXIS2_PLACEMENT_3D('',#13434,#9447,#9448);
#7981=AXIS2_PLACEMENT_3D('',#13438,#9451,#9452);
#7982=AXIS2_PLACEMENT_3D('',#13440,#9454,#9455);
#7983=AXIS2_PLACEMENT_3D('',#13442,#9457,#9458);
#7984=AXIS2_PLACEMENT_3D('',#13446,#9461,#9462);
#7985=AXIS2_PLACEMENT_3D('',#13484,#9464,#9465);
#7986=AXIS2_PLACEMENT_3D('',#13522,#9466,#9467);
#7987=AXIS2_PLACEMENT_3D('',#13523,#9468,#9469);
#7988=AXIS2_PLACEMENT_3D('',#13561,#9470,#9471);
#7989=AXIS2_PLACEMENT_3D('',#13562,#9472,#9473);
#7990=AXIS2_PLACEMENT_3D('',#13563,#9474,#9475);
#7991=AXIS2_PLACEMENT_3D('',#13602,#9478,#9479);
#7992=AXIS2_PLACEMENT_3D('',#13603,#9480,#9481);
#7993=AXIS2_PLACEMENT_3D('',#13606,#9484,#9485);
#7994=AXIS2_PLACEMENT_3D('',#13609,#9488,#9489);
#7995=AXIS2_PLACEMENT_3D('',#13612,#9492,#9493);
#7996=AXIS2_PLACEMENT_3D('',#13614,#9495,#9496);
#7997=AXIS2_PLACEMENT_3D('',#13616,#9498,#9499);
#7998=AXIS2_PLACEMENT_3D('',#13617,#9500,#9501);
#7999=AXIS2_PLACEMENT_3D('',#13619,#9503,#9504);
#8000=AXIS2_PLACEMENT_3D('',#13621,#9506,#9507);
#8001=AXIS2_PLACEMENT_3D('',#13623,#9509,#9510);
#8002=AXIS2_PLACEMENT_3D('',#13627,#9513,#9514);
#8003=AXIS2_PLACEMENT_3D('',#13629,#9516,#9517);
#8004=AXIS2_PLACEMENT_3D('',#13632,#9520,#9521);
#8005=AXIS2_PLACEMENT_3D('',#13633,#9522,#9523);
#8006=AXIS2_PLACEMENT_3D('',#13642,#9528,#9529);
#8007=AXIS2_PLACEMENT_3D('',#13648,#9533,#9534);
#8008=AXIS2_PLACEMENT_3D('',#13657,#9539,#9540);
#8009=AXIS2_PLACEMENT_3D('',#13663,#9544,#9545);
#8010=AXIS2_PLACEMENT_3D('',#13672,#9550,#9551);
#8011=AXIS2_PLACEMENT_3D('',#13678,#9555,#9556);
#8012=AXIS2_PLACEMENT_3D('',#13687,#9561,#9562);
#8013=AXIS2_PLACEMENT_3D('',#13693,#9566,#9567);
#8014=AXIS2_PLACEMENT_3D('',#13702,#9572,#9573);
#8015=AXIS2_PLACEMENT_3D('',#13708,#9577,#9578);
#8016=AXIS2_PLACEMENT_3D('',#13717,#9583,#9584);
#8017=AXIS2_PLACEMENT_3D('',#13723,#9588,#9589);
#8018=AXIS2_PLACEMENT_3D('',#13729,#9593,#9594);
#8019=AXIS2_PLACEMENT_3D('',#13735,#9598,#9599);
#8020=AXIS2_PLACEMENT_3D('',#13741,#9603,#9604);
#8021=AXIS2_PLACEMENT_3D('',#13747,#9608,#9609);
#8022=AXIS2_PLACEMENT_3D('',#13753,#9613,#9614);
#8023=AXIS2_PLACEMENT_3D('',#13766,#9622,#9623);
#8024=AXIS2_PLACEMENT_3D('',#13770,#9626,#9627);
#8025=AXIS2_PLACEMENT_3D('',#13781,#9634,#9635);
#8026=AXIS2_PLACEMENT_3D('',#13792,#9642,#9643);
#8027=AXIS2_PLACEMENT_3D('',#13803,#9650,#9651);
#8028=AXIS2_PLACEMENT_3D('',#13821,#9661,#9662);
#8029=AXIS2_PLACEMENT_3D('',#13830,#9667,#9668);
#8030=AXIS2_PLACEMENT_3D('',#13848,#9678,#9679);
#8031=AXIS2_PLACEMENT_3D('',#13857,#9684,#9685);
#8032=AXIS2_PLACEMENT_3D('',#13863,#9689,#9690);
#8033=AXIS2_PLACEMENT_3D('',#13866,#9691,#9692);
#8034=AXIS2_PLACEMENT_3D('',#13878,#9698,#9699);
#8035=AXIS2_PLACEMENT_3D('',#13882,#9701,#9702);
#8036=AXIS2_PLACEMENT_3D('',#13886,#9704,#9705);
#8037=AXIS2_PLACEMENT_3D('',#13982,#9759,#9760);
#8038=AXIS2_PLACEMENT_3D('',#13995,#9768,#9769);
#8039=AXIS2_PLACEMENT_3D('',#14001,#9773,#9774);
#8040=AXIS2_PLACEMENT_3D('',#14014,#9782,#9783);
#8041=AXIS2_PLACEMENT_3D('',#14020,#9787,#9788);
#8042=AXIS2_PLACEMENT_3D('',#14022,#9790,#9791);
#8043=AXIS2_PLACEMENT_3D('',#14028,#9795,#9796);
#8044=AXIS2_PLACEMENT_3D('',#14030,#9798,#9799);
#8045=AXIS2_PLACEMENT_3D('',#14036,#9803,#9804);
#8046=AXIS2_PLACEMENT_3D('',#14038,#9806,#9807);
#8047=AXIS2_PLACEMENT_3D('',#14044,#9811,#9812);
#8048=AXIS2_PLACEMENT_3D('',#14046,#9814,#9815);
#8049=AXIS2_PLACEMENT_3D('',#14050,#9818,#9819);
#8050=AXIS2_PLACEMENT_3D('',#14057,#9824,#9825);
#8051=AXIS2_PLACEMENT_3D('',#14061,#9828,#9829);
#8052=AXIS2_PLACEMENT_3D('',#14068,#9834,#9835);
#8053=AXIS2_PLACEMENT_3D('',#14072,#9838,#9839);
#8054=AXIS2_PLACEMENT_3D('',#14079,#9844,#9845);
#8055=AXIS2_PLACEMENT_3D('',#14083,#9848,#9849);
#8056=AXIS2_PLACEMENT_3D('',#14090,#9854,#9855);
#8057=AXIS2_PLACEMENT_3D('',#14094,#9858,#9859);
#8058=AXIS2_PLACEMENT_3D('',#14098,#9862,#9863);
#8059=AXIS2_PLACEMENT_3D('',#14100,#9865,#9866);
#8060=AXIS2_PLACEMENT_3D('',#14101,#9867,#9868);
#8061=AXIS2_PLACEMENT_3D('',#14105,#9871,#9872);
#8062=AXIS2_PLACEMENT_3D('',#14109,#9875,#9876);
#8063=AXIS2_PLACEMENT_3D('',#14111,#9878,#9879);
#8064=AXIS2_PLACEMENT_3D('',#14112,#9880,#9881);
#8065=AXIS2_PLACEMENT_3D('',#14116,#9884,#9885);
#8066=AXIS2_PLACEMENT_3D('',#14120,#9888,#9889);
#8067=AXIS2_PLACEMENT_3D('',#14122,#9891,#9892);
#8068=AXIS2_PLACEMENT_3D('',#14123,#9893,#9894);
#8069=AXIS2_PLACEMENT_3D('',#14127,#9897,#9898);
#8070=AXIS2_PLACEMENT_3D('',#14131,#9901,#9902);
#8071=AXIS2_PLACEMENT_3D('',#14133,#9904,#9905);
#8072=AXIS2_PLACEMENT_3D('',#14134,#9906,#9907);
#8073=AXIS2_PLACEMENT_3D('',#14138,#9910,#9911);
#8074=AXIS2_PLACEMENT_3D('',#14142,#9914,#9915);
#8075=AXIS2_PLACEMENT_3D('',#14144,#9917,#9918);
#8076=AXIS2_PLACEMENT_3D('',#14145,#9919,#9920);
#8077=AXIS2_PLACEMENT_3D('',#14149,#9923,#9924);
#8078=AXIS2_PLACEMENT_3D('',#14153,#9927,#9928);
#8079=AXIS2_PLACEMENT_3D('',#14155,#9930,#9931);
#8080=AXIS2_PLACEMENT_3D('',#14156,#9932,#9933);
#8081=AXIS2_PLACEMENT_3D('',#14160,#9936,#9937);
#8082=AXIS2_PLACEMENT_3D('',#14164,#9940,#9941);
#8083=AXIS2_PLACEMENT_3D('',#14166,#9943,#9944);
#8084=AXIS2_PLACEMENT_3D('',#14167,#9945,#9946);
#8085=AXIS2_PLACEMENT_3D('',#14171,#9949,#9950);
#8086=AXIS2_PLACEMENT_3D('',#14175,#9953,#9954);
#8087=AXIS2_PLACEMENT_3D('',#14177,#9956,#9957);
#8088=AXIS2_PLACEMENT_3D('',#14178,#9958,#9959);
#8089=AXIS2_PLACEMENT_3D('',#14182,#9962,#9963);
#8090=AXIS2_PLACEMENT_3D('',#14186,#9966,#9967);
#8091=AXIS2_PLACEMENT_3D('',#14188,#9969,#9970);
#8092=AXIS2_PLACEMENT_3D('',#14189,#9971,#9972);
#8093=AXIS2_PLACEMENT_3D('',#14193,#9975,#9976);
#8094=AXIS2_PLACEMENT_3D('',#14197,#9979,#9980);
#8095=AXIS2_PLACEMENT_3D('',#14199,#9982,#9983);
#8096=AXIS2_PLACEMENT_3D('',#14200,#9984,#9985);
#8097=AXIS2_PLACEMENT_3D('',#14204,#9988,#9989);
#8098=AXIS2_PLACEMENT_3D('',#14208,#9992,#9993);
#8099=AXIS2_PLACEMENT_3D('',#14210,#9995,#9996);
#8100=AXIS2_PLACEMENT_3D('',#14211,#9997,#9998);
#8101=AXIS2_PLACEMENT_3D('',#14215,#10001,#10002);
#8102=AXIS2_PLACEMENT_3D('',#14219,#10005,#10006);
#8103=AXIS2_PLACEMENT_3D('',#14221,#10008,#10009);
#8104=AXIS2_PLACEMENT_3D('',#14222,#10010,#10011);
#8105=AXIS2_PLACEMENT_3D('',#14226,#10013,#10014);
#8106=AXIS2_PLACEMENT_3D('',#14228,#10016,#10017);
#8107=AXIS2_PLACEMENT_3D('',#14232,#10020,#10021);
#8108=AXIS2_PLACEMENT_3D('',#14235,#10023,#10024);
#8109=AXIS2_PLACEMENT_3D('',#14236,#10025,#10026);
#8110=AXIS2_PLACEMENT_3D('',#14240,#10029,#10030);
#8111=AXIS2_PLACEMENT_3D('',#14244,#10032,#10033);
#8112=AXIS2_PLACEMENT_3D('',#14246,#10035,#10036);
#8113=AXIS2_PLACEMENT_3D('',#14250,#10039,#10040);
#8114=AXIS2_PLACEMENT_3D('',#14253,#10042,#10043);
#8115=AXIS2_PLACEMENT_3D('',#14254,#10044,#10045);
#8116=AXIS2_PLACEMENT_3D('',#14257,#10046,#10047);
#8117=AXIS2_PLACEMENT_3D('',#14261,#10049,#10050);
#8118=AXIS2_PLACEMENT_3D('',#14263,#10052,#10053);
#8119=AXIS2_PLACEMENT_3D('',#14266,#10054,#10055);
#8120=AXIS2_PLACEMENT_3D('',#14267,#10056,#10057);
#8121=AXIS2_PLACEMENT_3D('',#14268,#10058,#10059);
#8122=AXIS2_PLACEMENT_3D('',#14269,#10060,#10061);
#8123=AXIS2_PLACEMENT_3D('',#14272,#10062,#10063);
#8124=AXIS2_PLACEMENT_3D('',#14275,#10066,#10067);
#8125=AXIS2_PLACEMENT_3D('',#14278,#10068,#10069);
#8126=AXIS2_PLACEMENT_3D('',#14279,#10070,#10071);
#8127=AXIS2_PLACEMENT_3D('',#14280,#10072,#10073);
#8128=AXIS2_PLACEMENT_3D('',#14281,#10074,#10075);
#8129=AXIS2_PLACEMENT_3D('',#14284,#10076,#10077);
#8130=AXIS2_PLACEMENT_3D('',#14287,#10080,#10081);
#8131=AXIS2_PLACEMENT_3D('',#14290,#10082,#10083);
#8132=AXIS2_PLACEMENT_3D('',#14291,#10084,#10085);
#8133=AXIS2_PLACEMENT_3D('',#14292,#10086,#10087);
#8134=AXIS2_PLACEMENT_3D('',#14293,#10088,#10089);
#8135=AXIS2_PLACEMENT_3D('',#14296,#10090,#10091);
#8136=AXIS2_PLACEMENT_3D('',#14299,#10094,#10095);
#8137=AXIS2_PLACEMENT_3D('',#14300,#10096,#10097);
#8138=AXIS2_PLACEMENT_3D('',#14301,#10098,#10099);
#8139=AXIS2_PLACEMENT_3D('',#14302,#10100,#10101);
#8140=AXIS2_PLACEMENT_3D('',#14306,#10103,#10104);
#8141=AXIS2_PLACEMENT_3D('',#14308,#10106,#10107);
#8142=AXIS2_PLACEMENT_3D('',#14317,#10113,#10114);
#8143=AXIS2_PLACEMENT_3D('',#14320,#10116,#10117);
#8144=AXIS2_PLACEMENT_3D('',#14321,#10118,#10119);
#8145=AXIS2_PLACEMENT_3D('',#14325,#10122,#10123);
#8146=AXIS2_PLACEMENT_3D('',#14326,#10124,#10125);
#8147=AXIS2_PLACEMENT_3D('',#14328,#10126,#10127);
#8148=AXIS2_PLACEMENT_3D('',#14332,#10129,#10130);
#8149=AXIS2_PLACEMENT_3D('',#14339,#10136,#10137);
#8150=AXIS2_PLACEMENT_3D('',#14342,#10140,#10141);
#8151=AXIS2_PLACEMENT_3D('',#14343,#10142,#10143);
#8152=AXIS2_PLACEMENT_3D('',#14345,#10145,#10146);
#8153=AXIS2_PLACEMENT_3D('',#14346,#10147,#10148);
#8154=AXIS2_PLACEMENT_3D('',#14348,#10150,#10151);
#8155=AXIS2_PLACEMENT_3D('',#14349,#10152,#10153);
#8156=AXIS2_PLACEMENT_3D('',#14350,#10154,#10155);
#8157=AXIS2_PLACEMENT_3D('',#14351,#10156,#10157);
#8158=DIRECTION('axis',(0.,0.,1.));
#8159=DIRECTION('refdir',(1.,0.,0.));
#8160=DIRECTION('axis',(0.,0.,1.));
#8161=DIRECTION('refdir',(1.,0.,0.));
#8162=DIRECTION('center_axis',(5.55111512312578E-17,-1.,7.0082828429463E-15));
#8163=DIRECTION('ref_axis',(0.707106781186548,-5.10280049072227E-15,-0.707106781186547));
#8164=DIRECTION('center_axis',(-5.55111512312578E-17,1.,-7.40148683083438E-15));
#8165=DIRECTION('ref_axis',(0.707106781186548,-5.10280049072227E-15,-0.707106781186547));
#8166=DIRECTION('',(-5.55111512312578E-17,1.,-7.0082828429463E-15));
#8167=DIRECTION('center_axis',(5.55111512312578E-17,-1.,7.40148683083438E-15));
#8168=DIRECTION('ref_axis',(0.707106781186548,-5.10280049072227E-15,-0.707106781186547));
#8169=DIRECTION('',(5.55111512312578E-17,-1.,7.0082828429463E-15));
#8170=DIRECTION('center_axis',(1.,5.55111512312578E-17,-4.1086505480261E-31));
#8171=DIRECTION('ref_axis',(-5.55111512312578E-17,1.,-7.0082828429463E-15));
#8172=DIRECTION('',(0.,7.40148683083438E-15,1.));
#8173=DIRECTION('',(-5.55111512312578E-17,1.,-6.93889390390722E-15));
#8174=DIRECTION('',(0.,7.40148683083438E-15,1.));
#8175=DIRECTION('center_axis',(-5.55111512312578E-17,1.,-7.40148683083438E-15));
#8176=DIRECTION('ref_axis',(-1.,-5.55111512312578E-17,-2.37197531950732E-30));
#8177=DIRECTION('',(1.,5.55111512312578E-17,2.37197531950732E-30));
#8178=DIRECTION('',(0.,-7.40148683083438E-15,-1.));
#8179=DIRECTION('center_axis',(-5.55111512312578E-17,1.,-7.40148683083438E-15));
#8180=DIRECTION('ref_axis',(0.707106781186547,-5.49532360539322E-15,-0.707106781186548));
#8181=DIRECTION('',(2.97381167310349E-17,7.0082828429463E-15,1.));
#8182=DIRECTION('',(1.,-1.66533453693773E-16,6.93889390390794E-17));
#8183=DIRECTION('',(8.28303950482062E-30,-7.0082828429463E-15,-1.));
#8184=DIRECTION('',(1.,-1.66533453693773E-16,6.93889390390794E-17));
#8185=DIRECTION('',(8.28303950482062E-30,-7.0082828429463E-15,-1.));
#8186=DIRECTION('center_axis',(-1.66533453693773E-16,-1.,7.0082828429463E-15));
#8187=DIRECTION('ref_axis',(-0.707106781186547,5.11261356858904E-15,0.707106781186548));
#8188=DIRECTION('',(1.,5.55111512312578E-17,-3.85185988877447E-31));
#8189=DIRECTION('center_axis',(5.55111512312578E-17,-1.,7.40148683083438E-15));
#8190=DIRECTION('ref_axis',(0.707106781186545,5.23364152894593E-15,0.70710678118655));
#8191=DIRECTION('center_axis',(-5.55111512312578E-17,1.,-7.0082828429463E-15));
#8192=DIRECTION('ref_axis',(-0.707106781186548,-5.10280049072227E-15,-0.707106781186547));
#8193=DIRECTION('center_axis',(5.55111512312578E-17,-1.,7.40148683083438E-15));
#8194=DIRECTION('ref_axis',(-0.707106781186548,-5.10280049072227E-15,-0.707106781186547));
#8195=DIRECTION('',(5.55111512312578E-17,-1.,7.0082828429463E-15));
#8196=DIRECTION('center_axis',(-5.55111512312578E-17,1.,-7.40148683083438E-15));
#8197=DIRECTION('ref_axis',(-0.707106781186548,-5.10280049072227E-15,-0.707106781186547));
#8198=DIRECTION('',(-5.55111512312578E-17,1.,-7.0082828429463E-15));
#8199=DIRECTION('center_axis',(-1.,-5.55111512312578E-17,4.1086505480261E-31));
#8200=DIRECTION('ref_axis',(5.55111512312578E-17,-1.,7.0082828429463E-15));
#8201=DIRECTION('',(0.,7.40148683083438E-15,1.));
#8202=DIRECTION('',(5.55111512312578E-17,-1.,6.93889390390722E-15));
#8203=DIRECTION('',(0.,7.40148683083438E-15,1.));
#8204=DIRECTION('center_axis',(5.55111512312578E-17,-1.,7.40148683083438E-15));
#8205=DIRECTION('ref_axis',(1.,5.55111512312578E-17,2.37197531950732E-30));
#8206=DIRECTION('',(-1.,-5.55111512312578E-17,-2.37197531950732E-30));
#8207=DIRECTION('',(0.,-7.40148683083438E-15,-1.));
#8208=DIRECTION('center_axis',(5.55111512312578E-17,-1.,7.40148683083438E-15));
#8209=DIRECTION('ref_axis',(-0.707106781186548,-6.2803698347351E-15,-0.707106781186547));
#8210=DIRECTION('',(-2.97381167310404E-17,7.00828284294629E-15,1.));
#8211=DIRECTION('',(-1.,1.66533453693773E-16,-6.93889390390794E-17));
#8212=DIRECTION('',(8.28303950482062E-30,-7.0082828429463E-15,-1.));
#8213=DIRECTION('',(-1.,1.66533453693773E-16,-6.93889390390794E-17));
#8214=DIRECTION('',(8.28303950482062E-30,-7.0082828429463E-15,-1.));
#8215=DIRECTION('center_axis',(1.66533453693773E-16,1.,-7.0082828429463E-15));
#8216=DIRECTION('ref_axis',(0.707106781186547,4.79859507685229E-15,0.707106781186548));
#8217=DIRECTION('',(-1.,-5.55111512312578E-17,3.85185988877447E-31));
#8218=DIRECTION('center_axis',(-5.55111512312578E-17,1.,-7.40148683083438E-15));
#8219=DIRECTION('ref_axis',(-0.707106781186547,5.23364152894591E-15,0.707106781186547));
#8220=DIRECTION('center_axis',(1.,4.00020436071025E-16,2.97381167310376E-17));
#8221=DIRECTION('ref_axis',(-2.97381167310404E-17,7.00828284294629E-15,
1.));
#8222=DIRECTION('',(4.00020436071024E-16,-1.,8.32667268468868E-15));
#8223=DIRECTION('',(-2.97381167310404E-17,7.00828284294629E-15,1.));
#8224=DIRECTION('',(4.00020436071024E-16,-1.,7.0082828429463E-15));
#8225=DIRECTION('center_axis',(-2.77555756156289E-16,1.,-8.32667268468868E-15));
#8226=DIRECTION('ref_axis',(0.707106781186547,-5.49532360539322E-15,-0.707106781186548));
#8227=DIRECTION('',(-2.77555756156289E-16,1.,-8.32667268468868E-15));
#8228=DIRECTION('center_axis',(2.48785215638917E-44,1.,0.));
#8229=DIRECTION('ref_axis',(0.707106781186547,-5.49532360539322E-15,-0.707106781186548));
#8230=DIRECTION('',(4.00020436071024E-16,-1.,8.32667268468868E-15));
#8231=DIRECTION('center_axis',(-5.55111512312578E-17,1.,-7.40148683083438E-15));
#8232=DIRECTION('ref_axis',(-0.707106781186548,-6.2803698347351E-15,-0.707106781186547));
#8233=DIRECTION('',(4.00020436071024E-16,-1.,8.32667268468868E-15));
#8234=DIRECTION('center_axis',(-2.48785215638917E-44,-1.,0.));
#8235=DIRECTION('ref_axis',(-0.707106781186548,-6.2803698347351E-15,-0.707106781186547));
#8236=DIRECTION('',(-2.77555756156289E-16,1.,-8.32667268468868E-15));
#8237=DIRECTION('center_axis',(5.55111512312578E-17,-1.,7.40148683083438E-15));
#8238=DIRECTION('ref_axis',(0.707106781186547,-5.49532360539322E-15,-0.707106781186548));
#8239=DIRECTION('',(-2.77555756156289E-16,1.,-8.32667268468868E-15));
#8240=DIRECTION('center_axis',(-1.,-2.77555756156289E-16,2.97381167310368E-17));
#8241=DIRECTION('ref_axis',(2.97381167310349E-17,7.0082828429463E-15,1.));
#8242=DIRECTION('',(2.97381167310349E-17,7.0082828429463E-15,1.));
#8243=DIRECTION('',(-2.77555756156289E-16,1.,-7.0082828429463E-15));
#8244=DIRECTION('center_axis',(-5.55111512312578E-17,1.,-6.93889390390722E-15));
#8245=DIRECTION('ref_axis',(-0.707106781186547,5.23364152894591E-15,0.707106781186547));
#8246=DIRECTION('center_axis',(5.55111512312578E-17,-1.,7.40148683083438E-15));
#8247=DIRECTION('ref_axis',(-0.707106781186547,5.23364152894591E-15,0.707106781186547));
#8248=DIRECTION('',(-5.55111512312578E-17,1.,-6.93889390390722E-15));
#8249=DIRECTION('center_axis',(-5.55111512312578E-17,1.,-7.40148683083438E-15));
#8250=DIRECTION('ref_axis',(-1.,-5.55111512312578E-17,-2.37197531950732E-30));
#8251=DIRECTION('',(1.,5.55111512312578E-17,-3.85185988877447E-31));
#8252=DIRECTION('center_axis',(-1.66533453693773E-16,-1.,7.0082828429463E-15));
#8253=DIRECTION('ref_axis',(0.707106781186547,4.79859507685229E-15,0.707106781186548));
#8254=DIRECTION('',(8.28303950482062E-30,-7.0082828429463E-15,-1.));
#8255=DIRECTION('',(1.,-1.66533453693773E-16,6.93889390390794E-17));
#8256=DIRECTION('',(8.28303950482062E-30,-7.0082828429463E-15,-1.));
#8257=DIRECTION('',(1.,-1.66533453693773E-16,6.93889390390794E-17));
#8258=DIRECTION('',(0.,7.40148683083438E-15,1.));
#8259=DIRECTION('',(1.,5.55111512312578E-17,2.37197531950732E-30));
#8260=DIRECTION('center_axis',(0.,-6.93889390390722E-15,-1.));
#8261=DIRECTION('ref_axis',(-1.,0.,0.));
#8262=DIRECTION('',(-1.66533453693773E-16,-1.,7.00828284294629E-15));
#8263=DIRECTION('center_axis',(5.55111512312578E-17,-1.,6.93889390390722E-15));
#8264=DIRECTION('ref_axis',(0.707106781186545,5.23364152894593E-15,0.70710678118655));
#8265=DIRECTION('center_axis',(-5.55111512312578E-17,1.,-7.40148683083438E-15));
#8266=DIRECTION('ref_axis',(0.707106781186545,5.23364152894593E-15,0.70710678118655));
#8267=DIRECTION('',(5.55111512312578E-17,-1.,6.93889390390722E-15));
#8268=DIRECTION('center_axis',(5.55111512312578E-17,-1.,7.40148683083438E-15));
#8269=DIRECTION('ref_axis',(1.,5.55111512312578E-17,2.37197531950732E-30));
#8270=DIRECTION('',(-1.,-5.55111512312578E-17,3.85185988877447E-31));
#8271=DIRECTION('center_axis',(1.66533453693773E-16,1.,-7.0082828429463E-15));
#8272=DIRECTION('ref_axis',(-0.707106781186547,5.11261356858904E-15,0.707106781186548));
#8273=DIRECTION('',(8.28303950482062E-30,-7.0082828429463E-15,-1.));
#8274=DIRECTION('',(-1.,1.66533453693773E-16,-6.93889390390794E-17));
#8275=DIRECTION('',(8.28303950482062E-30,-7.0082828429463E-15,-1.));
#8276=DIRECTION('',(-1.,1.66533453693773E-16,-6.93889390390794E-17));
#8277=DIRECTION('',(0.,7.40148683083438E-15,1.));
#8278=DIRECTION('',(-1.,-5.55111512312578E-17,-2.37197531950732E-30));
#8279=DIRECTION('center_axis',(0.,-6.93889390390722E-15,-1.));
#8280=DIRECTION('ref_axis',(-1.,0.,0.));
#8281=DIRECTION('',(1.66533453693773E-16,1.,-7.00828284294629E-15));
#8282=DIRECTION('center_axis',(-1.66533453693773E-16,-1.,7.00828284294629E-15));
#8283=DIRECTION('ref_axis',(0.707106781186547,4.79859507685229E-15,0.707106781186548));
#8284=DIRECTION('',(1.66533453693773E-16,1.,-7.00828284294629E-15));
#8285=DIRECTION('center_axis',(1.,-1.66533453693773E-16,9.45015305111929E-30));
#8286=DIRECTION('ref_axis',(-1.66533453693773E-16,-1.,7.00828284294629E-15));
#8287=DIRECTION('',(-1.66533453693773E-16,-1.,7.00828284294629E-15));
#8288=DIRECTION('center_axis',(8.28303950482062E-30,-7.0082828429463E-15,
-1.));
#8289=DIRECTION('ref_axis',(-1.66533453693773E-16,-1.,7.0082828429463E-15));
#8290=DIRECTION('',(1.66533453693773E-16,1.,-7.0082828429463E-15));
#8291=DIRECTION('center_axis',(-1.,1.66533453693773E-16,-9.45015305111929E-30));
#8292=DIRECTION('ref_axis',(1.66533453693773E-16,1.,-7.00828284294629E-15));
#8293=DIRECTION('',(1.66533453693773E-16,1.,-7.00828284294629E-15));
#8294=DIRECTION('center_axis',(8.28303950482062E-30,-7.0082828429463E-15,
-1.));
#8295=DIRECTION('ref_axis',(-1.66533453693773E-16,-1.,7.0082828429463E-15));
#8296=DIRECTION('center_axis',(-1.66533453693773E-16,-1.,7.00828284294629E-15));
#8297=DIRECTION('ref_axis',(-0.707106781186547,5.11261356858904E-15,0.707106781186548));
#8298=DIRECTION('',(-1.66533453693773E-16,-1.,7.00828284294629E-15));
#8299=DIRECTION('center_axis',(-1.,1.66533453693773E-16,-9.45015305111929E-30));
#8300=DIRECTION('ref_axis',(1.66533453693773E-16,1.,-7.00828284294629E-15));
#8301=DIRECTION('',(1.66533453693773E-16,1.,-7.00828284294629E-15));
#8302=DIRECTION('center_axis',(8.28303950482062E-30,-7.0082828429463E-15,
-1.));
#8303=DIRECTION('ref_axis',(-1.66533453693773E-16,-1.,7.0082828429463E-15));
#8304=DIRECTION('',(-1.66533453693773E-16,-1.,7.0082828429463E-15));
#8305=DIRECTION('center_axis',(1.,-1.66533453693773E-16,9.45015305111929E-30));
#8306=DIRECTION('ref_axis',(-1.66533453693773E-16,-1.,7.00828284294629E-15));
#8307=DIRECTION('',(-1.66533453693773E-16,-1.,7.00828284294629E-15));
#8308=DIRECTION('center_axis',(8.28303950482062E-30,-7.0082828429463E-15,
-1.));
#8309=DIRECTION('ref_axis',(-1.66533453693773E-16,-1.,7.0082828429463E-15));
#8310=DIRECTION('center_axis',(-2.76101316827354E-30,7.0082828429463E-15,
1.));
#8311=DIRECTION('ref_axis',(1.,5.55111512312578E-17,2.37197531950732E-30));
#8312=DIRECTION('',(0.,1.,-7.0082828429463E-15));
#8313=DIRECTION('center_axis',(-2.76101316827354E-30,7.0082828429463E-15,
1.));
#8314=DIRECTION('ref_axis',(1.,5.55111512312578E-17,2.37197531950732E-30));
#8315=DIRECTION('',(0.,-1.,7.0082828429463E-15));
#8316=DIRECTION('center_axis',(-1.,0.,0.));
#8317=DIRECTION('ref_axis',(0.,0.,1.));
#8318=DIRECTION('',(0.,0.,1.));
#8319=DIRECTION('center_axis',(-1.,0.,0.));
#8320=DIRECTION('ref_axis',(0.,-0.707106781186548,-0.707106781186548));
#8321=DIRECTION('',(0.,0.,-1.));
#8322=DIRECTION('center_axis',(1.,0.,0.));
#8323=DIRECTION('ref_axis',(0.,0.,-1.));
#8324=DIRECTION('',(0.,6.93889390390723E-15,1.));
#8325=DIRECTION('center_axis',(1.,0.,0.));
#8326=DIRECTION('ref_axis',(0.,0.707106781186547,-0.707106781186548));
#8327=DIRECTION('',(0.,0.,-1.));
#8328=DIRECTION('center_axis',(2.48785215638917E-44,1.,0.));
#8329=DIRECTION('ref_axis',(1.,-2.48785215638917E-44,7.00649232162409E-46));
#8330=DIRECTION('',(1.,-2.48785215638917E-44,0.));
#8331=DIRECTION('center_axis',(1.,-2.48785215638917E-44,0.));
#8332=DIRECTION('ref_axis',(0.,0.707106781186547,-0.707106781186548));
#8333=DIRECTION('',(-1.,2.48785215638917E-44,0.));
#8334=DIRECTION('center_axis',(-2.48785215638917E-44,-1.,0.));
#8335=DIRECTION('ref_axis',(-1.,2.48785215638917E-44,-7.00649232162409E-46));
#8336=DIRECTION('center_axis',(1.,5.55111512312578E-17,2.37197531950732E-30));
#8337=DIRECTION('ref_axis',(0.,0.707106781186543,-0.707106781186552));
#8338=DIRECTION('center_axis',(-1.,-5.55111512312578E-17,4.1086505480261E-31));
#8339=DIRECTION('ref_axis',(0.,0.707106781186543,-0.707106781186552));
#8340=DIRECTION('',(-1.,-5.55111512312578E-17,-2.37197531950732E-30));
#8341=DIRECTION('center_axis',(1.,5.55111512312578E-17,-4.1086505480261E-31));
#8342=DIRECTION('ref_axis',(0.,0.707106781186543,-0.707106781186552));
#8343=DIRECTION('',(1.,5.55111512312578E-17,2.37197531950732E-30));
#8344=DIRECTION('center_axis',(-5.55111512312578E-17,1.,-7.40148683083438E-15));
#8345=DIRECTION('ref_axis',(-1.,-5.55111512312578E-17,-2.37197531950732E-30));
#8346=DIRECTION('',(0.,7.40148683083438E-15,1.));
#8347=DIRECTION('',(-1.,-5.55111512312578E-17,3.85185988877447E-31));
#8348=DIRECTION('',(0.,7.40148683083438E-15,1.));
#8349=DIRECTION('center_axis',(-1.,-5.55111512312578E-17,4.1086505480261E-31));
#8350=DIRECTION('ref_axis',(5.55111512312578E-17,-1.,7.0082828429463E-15));
#8351=DIRECTION('',(-5.55111512312578E-17,1.,-7.0082828429463E-15));
#8352=DIRECTION('',(-4.1086505480261E-31,0.,-1.));
#8353=DIRECTION('center_axis',(-1.,-5.55111512312578E-17,4.1086505480261E-31));
#8354=DIRECTION('ref_axis',(0.,0.707106781186542,-0.707106781186553));
#8355=DIRECTION('',(-5.52566820549382E-30,7.03802095967733E-15,1.));
#8356=DIRECTION('',(-5.55111512312578E-17,1.,-6.93889390390723E-15));
#8357=DIRECTION('',(2.76101316827354E-30,-7.0082828429463E-15,-1.));
#8358=DIRECTION('',(-5.55111512312578E-17,1.,-6.93889390390723E-15));
#8359=DIRECTION('',(2.76101316827354E-30,-7.0082828429463E-15,-1.));
#8360=DIRECTION('center_axis',(1.,5.55111512312578E-17,2.37197531950732E-30));
#8361=DIRECTION('ref_axis',(0.,-0.707106781186542,0.707106781186553));
#8362=DIRECTION('',(-5.55111512312578E-17,1.,-6.93889390390722E-15));
#8363=DIRECTION('center_axis',(1.,5.55111512312578E-17,-4.1086505480261E-31));
#8364=DIRECTION('ref_axis',(0.,0.707106781186553,0.707106781186542));
#8365=DIRECTION('center_axis',(-1.,-5.55111512312578E-17,-2.37197531950732E-30));
#8366=DIRECTION('ref_axis',(0.,-0.707106781186552,-0.707106781186543));
#8367=DIRECTION('center_axis',(1.,5.55111512312578E-17,-4.1086505480261E-31));
#8368=DIRECTION('ref_axis',(0.,-0.707106781186552,-0.707106781186543));
#8369=DIRECTION('',(1.,5.55111512312578E-17,2.37197531950732E-30));
#8370=DIRECTION('center_axis',(-1.,-5.55111512312578E-17,4.1086505480261E-31));
#8371=DIRECTION('ref_axis',(0.,-0.707106781186552,-0.707106781186543));
#8372=DIRECTION('',(-1.,-5.55111512312578E-17,-2.37197531950732E-30));
#8373=DIRECTION('center_axis',(5.55111512312578E-17,-1.,7.40148683083438E-15));
#8374=DIRECTION('ref_axis',(1.,5.55111512312578E-17,2.37197531950732E-30));
#8375=DIRECTION('',(0.,7.40148683083438E-15,1.));
#8376=DIRECTION('',(1.,5.55111512312578E-17,-3.85185988877447E-31));
#8377=DIRECTION('',(0.,7.40148683083438E-15,1.));
#8378=DIRECTION('center_axis',(1.,5.55111512312578E-17,-4.1086505480261E-31));
#8379=DIRECTION('ref_axis',(-5.55111512312578E-17,1.,-7.0082828429463E-15));
#8380=DIRECTION('',(5.55111512312578E-17,-1.,7.0082828429463E-15));
#8381=DIRECTION('',(-4.1086505480261E-31,0.,-1.));
#8382=DIRECTION('center_axis',(1.,5.55111512312578E-17,-4.1086505480261E-31));
#8383=DIRECTION('ref_axis',(0.,-0.707106781186553,-0.707106781186542));
#8384=DIRECTION('',(1.75162308040602E-45,6.97854472621526E-15,1.));
#8385=DIRECTION('',(5.55111512312578E-17,-1.,6.93889390390723E-15));
#8386=DIRECTION('',(2.76101316827354E-30,-7.0082828429463E-15,-1.));
#8387=DIRECTION('',(5.55111512312578E-17,-1.,6.93889390390723E-15));
#8388=DIRECTION('',(2.76101316827354E-30,-7.0082828429463E-15,-1.));
#8389=DIRECTION('center_axis',(-1.,-5.55111512312578E-17,-2.37197531950732E-30));
#8390=DIRECTION('ref_axis',(0.,0.707106781186552,0.707106781186543));
#8391=DIRECTION('',(5.55111512312578E-17,-1.,6.93889390390722E-15));
#8392=DIRECTION('center_axis',(-1.,-5.55111512312578E-17,4.1086505480261E-31));
#8393=DIRECTION('ref_axis',(0.,-0.707106781186543,0.707106781186552));
#8394=DIRECTION('center_axis',(1.77975831145993E-16,-1.,7.03802095967733E-15));
#8395=DIRECTION('ref_axis',(-5.52566820549382E-30,7.03802095967733E-15,
1.));
#8396=DIRECTION('',(-1.,-1.77975831145993E-16,1.4819464917381E-30));
#8397=DIRECTION('',(-5.52566820549382E-30,7.03802095967733E-15,1.));
#8398=DIRECTION('',(-1.,-1.77975831145993E-16,-1.51370820439397E-30));
#8399=DIRECTION('center_axis',(1.,5.55111512312578E-17,-4.62223186652936E-31));
#8400=DIRECTION('ref_axis',(0.,-0.707106781186553,-0.707106781186542));
#8401=DIRECTION('',(1.,5.55111512312578E-17,-4.62223186652936E-31));
#8402=DIRECTION('center_axis',(1.,-2.48785215638917E-44,0.));
#8403=DIRECTION('ref_axis',(0.,-0.707106781186553,-0.707106781186542));
#8404=DIRECTION('',(-1.,-1.77975831145993E-16,1.4819464917381E-30));
#8405=DIRECTION('center_axis',(1.,5.55111512312578E-17,-4.1086505480261E-31));
#8406=DIRECTION('ref_axis',(0.,0.707106781186542,-0.707106781186553));
#8407=DIRECTION('',(-1.,-1.77975831145993E-16,1.4819464917381E-30));
#8408=DIRECTION('center_axis',(-1.,2.48785215638917E-44,0.));
#8409=DIRECTION('ref_axis',(0.,0.707106781186542,-0.707106781186553));
#8410=DIRECTION('',(1.,5.55111512312578E-17,-4.62223186652936E-31));
#8411=DIRECTION('center_axis',(-1.,-5.55111512312578E-17,4.1086505480261E-31));
#8412=DIRECTION('ref_axis',(0.,-0.707106781186553,-0.707106781186542));
#8413=DIRECTION('',(1.,5.55111512312578E-17,-4.62223186652936E-31));
#8414=DIRECTION('center_axis',(-5.55111512312578E-17,1.,-6.97854472621526E-15));
#8415=DIRECTION('ref_axis',(1.75162308040602E-45,6.97854472621526E-15,1.));
#8416=DIRECTION('',(1.75162308040602E-45,6.97854472621526E-15,1.));
#8417=DIRECTION('',(1.,5.55111512312578E-17,2.37197531950732E-30));
#8418=DIRECTION('center_axis',(-1.,-5.55111512312578E-17,3.85185988877447E-31));
#8419=DIRECTION('ref_axis',(0.,-0.707106781186543,0.707106781186552));
#8420=DIRECTION('center_axis',(1.,5.55111512312578E-17,-4.1086505480261E-31));
#8421=DIRECTION('ref_axis',(0.,-0.707106781186543,0.707106781186552));
#8422=DIRECTION('',(-1.,-5.55111512312578E-17,3.85185988877447E-31));
#8423=DIRECTION('center_axis',(-1.,-5.55111512312578E-17,4.1086505480261E-31));
#8424=DIRECTION('ref_axis',(5.55111512312578E-17,-1.,7.0082828429463E-15));
#8425=DIRECTION('',(-5.55111512312578E-17,1.,-6.93889390390722E-15));
#8426=DIRECTION('center_axis',(1.,5.55111512312578E-17,2.37197531950732E-30));
#8427=DIRECTION('ref_axis',(0.,0.707106781186552,0.707106781186543));
#8428=DIRECTION('',(2.76101316827354E-30,-7.0082828429463E-15,-1.));
#8429=DIRECTION('',(-5.55111512312578E-17,1.,-6.93889390390723E-15));
#8430=DIRECTION('',(2.76101316827354E-30,-7.0082828429463E-15,-1.));
#8431=DIRECTION('',(-5.55111512312578E-17,1.,-6.93889390390723E-15));
#8432=DIRECTION('',(4.1086505480261E-31,0.,1.));
#8433=DIRECTION('',(-5.55111512312578E-17,1.,-7.0082828429463E-15));
#8434=DIRECTION('center_axis',(0.,-6.93889390390722E-15,-1.));
#8435=DIRECTION('ref_axis',(-1.,0.,0.));
#8436=DIRECTION('',(1.,5.55111512312578E-17,-1.41748443906997E-31));
#8437=DIRECTION('center_axis',(1.,5.55111512312578E-17,-3.85185988877447E-31));
#8438=DIRECTION('ref_axis',(0.,0.707106781186553,0.707106781186542));
#8439=DIRECTION('center_axis',(-1.,-5.55111512312578E-17,4.1086505480261E-31));
#8440=DIRECTION('ref_axis',(0.,0.707106781186553,0.707106781186542));
#8441=DIRECTION('',(1.,5.55111512312578E-17,-3.85185988877447E-31));
#8442=DIRECTION('center_axis',(1.,5.55111512312578E-17,-4.1086505480261E-31));
#8443=DIRECTION('ref_axis',(-5.55111512312578E-17,1.,-7.0082828429463E-15));
#8444=DIRECTION('',(5.55111512312578E-17,-1.,6.93889390390722E-15));
#8445=DIRECTION('center_axis',(-1.,-5.55111512312578E-17,-2.37197531950732E-30));
#8446=DIRECTION('ref_axis',(0.,-0.707106781186542,0.707106781186553));
#8447=DIRECTION('',(2.76101316827354E-30,-7.0082828429463E-15,-1.));
#8448=DIRECTION('',(5.55111512312578E-17,-1.,6.93889390390723E-15));
#8449=DIRECTION('',(2.76101316827354E-30,-7.0082828429463E-15,-1.));
#8450=DIRECTION('',(5.55111512312578E-17,-1.,6.93889390390723E-15));
#8451=DIRECTION('',(4.1086505480261E-31,0.,1.));
#8452=DIRECTION('',(5.55111512312578E-17,-1.,7.0082828429463E-15));
#8453=DIRECTION('center_axis',(0.,-6.93889390390722E-15,-1.));
#8454=DIRECTION('ref_axis',(-1.,0.,0.));
#8455=DIRECTION('',(-1.,-5.55111512312578E-17,1.41748443906997E-31));
#8456=DIRECTION('center_axis',(1.,5.55111512312578E-17,-1.41748443906997E-31));
#8457=DIRECTION('ref_axis',(0.,-0.707106781186542,0.707106781186553));
#8458=DIRECTION('',(1.,5.55111512312578E-17,-1.41748443906997E-31));
#8459=DIRECTION('center_axis',(5.55111512312578E-17,-1.,7.0082828429463E-15));
#8460=DIRECTION('ref_axis',(-1.,-5.55111512312578E-17,1.41748443906996E-31));
#8461=DIRECTION('',(-1.,-5.55111512312578E-17,1.41748443906996E-31));
#8462=DIRECTION('center_axis',(2.76101316827354E-30,-7.0082828429463E-15,
-1.));
#8463=DIRECTION('ref_axis',(1.,5.55111512312578E-17,2.37197531950732E-30));
#8464=DIRECTION('',(1.,5.55111512312578E-17,2.37197531950732E-30));
#8465=DIRECTION('center_axis',(-5.55111512312578E-17,1.,-7.0082828429463E-15));
#8466=DIRECTION('ref_axis',(1.,5.55111512312578E-17,-1.41748443906996E-31));
#8467=DIRECTION('',(1.,5.55111512312578E-17,-1.41748443906996E-31));
#8468=DIRECTION('center_axis',(2.76101316827354E-30,-7.0082828429463E-15,
-1.));
#8469=DIRECTION('ref_axis',(1.,5.55111512312578E-17,2.37197531950732E-30));
#8470=DIRECTION('center_axis',(1.,5.55111512312578E-17,-1.41748443906997E-31));
#8471=DIRECTION('ref_axis',(0.,0.707106781186552,0.707106781186543));
#8472=DIRECTION('',(-1.,-5.55111512312578E-17,1.41748443906997E-31));
#8473=DIRECTION('center_axis',(-5.55111512312578E-17,1.,-7.0082828429463E-15));
#8474=DIRECTION('ref_axis',(1.,5.55111512312578E-17,-1.41748443906996E-31));
#8475=DIRECTION('',(1.,5.55111512312578E-17,-1.41748443906996E-31));
#8476=DIRECTION('center_axis',(2.76101316827354E-30,-7.0082828429463E-15,
-1.));
#8477=DIRECTION('ref_axis',(1.,5.55111512312578E-17,2.37197531950732E-30));
#8478=DIRECTION('',(-1.,-5.55111512312578E-17,-2.37197531950732E-30));
#8479=DIRECTION('center_axis',(5.55111512312578E-17,-1.,7.0082828429463E-15));
#8480=DIRECTION('ref_axis',(-1.,-5.55111512312578E-17,1.41748443906996E-31));
#8481=DIRECTION('',(-1.,-5.55111512312578E-17,1.41748443906996E-31));
#8482=DIRECTION('center_axis',(2.76101316827354E-30,-7.0082828429463E-15,
-1.));
#8483=DIRECTION('ref_axis',(1.,5.55111512312578E-17,2.37197531950732E-30));
#8484=DIRECTION('center_axis',(-2.76101316827354E-30,7.0082828429463E-15,
1.));
#8485=DIRECTION('ref_axis',(1.,5.55111512312578E-17,2.37197531950732E-30));
#8486=DIRECTION('',(-1.,0.,-2.76101316827354E-30));
#8487=DIRECTION('center_axis',(-2.76101316827354E-30,7.0082828429463E-15,
1.));
#8488=DIRECTION('ref_axis',(1.,5.55111512312578E-17,2.37197531950732E-30));
#8489=DIRECTION('',(1.,0.,2.76101316827354E-30));
#8490=DIRECTION('center_axis',(0.,-1.,0.));
#8491=DIRECTION('ref_axis',(0.,0.,-1.));
#8492=DIRECTION('',(0.,0.,1.));
#8493=DIRECTION('center_axis',(0.,-1.,0.));
#8494=DIRECTION('ref_axis',(0.707106781186549,0.,-0.707106781186546));
#8495=DIRECTION('',(0.,0.,-1.));
#8496=DIRECTION('center_axis',(0.,-1.,0.));
#8497=DIRECTION('ref_axis',(0.,0.,-1.));
#8498=DIRECTION('',(0.,0.,-1.));
#8499=DIRECTION('center_axis',(0.,1.,0.));
#8500=DIRECTION('ref_axis',(0.707106781186549,0.,-0.707106781186546));
#8501=DIRECTION('',(0.,0.,1.));
#8502=DIRECTION('center_axis',(-1.,2.48785215638917E-44,0.));
#8503=DIRECTION('ref_axis',(2.48785215638917E-44,1.,3.48622340621534E-89));
#8504=DIRECTION('',(2.48785215638917E-44,1.,0.));
#8505=DIRECTION('center_axis',(2.48785215638917E-44,1.,0.));
#8506=DIRECTION('ref_axis',(-0.707106781186549,0.,-0.707106781186546));
#8507=DIRECTION('',(-2.48785215638917E-44,-1.,0.));
#8508=DIRECTION('center_axis',(1.,-2.48785215638917E-44,0.));
#8509=DIRECTION('ref_axis',(-2.48785215638917E-44,-1.,-3.48622340621534E-89));
#8510=DIRECTION('center_axis',(-5.55111512312578E-17,1.,-7.0082828429463E-15));
#8511=DIRECTION('ref_axis',(-0.707106781186548,-4.71027737605132E-15,-0.707106781186547));
#8512=DIRECTION('center_axis',(5.55111512312578E-17,-1.,7.40148683083438E-15));
#8513=DIRECTION('ref_axis',(-0.707106781186548,-4.71027737605132E-15,-0.707106781186547));
#8514=DIRECTION('',(5.55111512312578E-17,-1.,7.0082828429463E-15));
#8515=DIRECTION('center_axis',(-5.55111512312578E-17,1.,-7.40148683083438E-15));
#8516=DIRECTION('ref_axis',(-0.707106781186548,-4.71027737605132E-15,-0.707106781186547));
#8517=DIRECTION('',(-5.55111512312578E-17,1.,-7.0082828429463E-15));
#8518=DIRECTION('center_axis',(-1.,-5.55111512312578E-17,4.1086505480261E-31));
#8519=DIRECTION('ref_axis',(5.55111512312578E-17,-1.,7.0082828429463E-15));
#8520=DIRECTION('',(0.,7.40148683083438E-15,1.));
#8521=DIRECTION('',(5.55111512312578E-17,-1.,6.93889390390722E-15));
#8522=DIRECTION('',(0.,7.40148683083438E-15,1.));
#8523=DIRECTION('center_axis',(5.55111512312578E-17,-1.,7.40148683083438E-15));
#8524=DIRECTION('ref_axis',(1.,5.55111512312578E-17,2.37197531950732E-30));
#8525=DIRECTION('',(-1.,-5.55111512312578E-17,-2.37197531950732E-30));
#8526=DIRECTION('',(0.,-7.40148683083438E-15,-1.));
#8527=DIRECTION('center_axis',(5.55111512312578E-17,-1.,7.40148683083438E-15));
#8528=DIRECTION('ref_axis',(-0.707106781186548,-4.71027737605132E-15,-0.707106781186548));
#8529=DIRECTION('',(-2.97381167310404E-17,7.00828284294629E-15,1.));
#8530=DIRECTION('',(-1.,1.66533453693773E-16,-6.93889390390794E-17));
#8531=DIRECTION('',(8.28303950482062E-30,-7.0082828429463E-15,-1.));
#8532=DIRECTION('',(-1.,1.66533453693773E-16,-6.93889390390794E-17));
#8533=DIRECTION('',(8.28303950482062E-30,-7.0082828429463E-15,-1.));
#8534=DIRECTION('center_axis',(1.66533453693773E-16,1.,-7.0082828429463E-15));
#8535=DIRECTION('ref_axis',(0.707106781186547,4.79859507685229E-15,0.707106781186548));
#8536=DIRECTION('',(-1.,-5.55111512312578E-17,3.85185988877447E-31));
#8537=DIRECTION('center_axis',(-5.55111512312578E-17,1.,-7.40148683083438E-15));
#8538=DIRECTION('ref_axis',(-0.707106781186547,5.23364152894591E-15,0.707106781186547));
#8539=DIRECTION('center_axis',(5.55111512312578E-17,-1.,7.0082828429463E-15));
#8540=DIRECTION('ref_axis',(0.707106781186548,-4.71027737605132E-15,-0.707106781186547));
#8541=DIRECTION('center_axis',(-5.55111512312578E-17,1.,-7.40148683083438E-15));
#8542=DIRECTION('ref_axis',(0.707106781186548,-4.71027737605132E-15,-0.707106781186547));
#8543=DIRECTION('',(-5.55111512312578E-17,1.,-7.0082828429463E-15));
#8544=DIRECTION('center_axis',(5.55111512312578E-17,-1.,7.40148683083438E-15));
#8545=DIRECTION('ref_axis',(0.707106781186548,-4.71027737605132E-15,-0.707106781186547));
#8546=DIRECTION('',(5.55111512312578E-17,-1.,7.0082828429463E-15));
#8547=DIRECTION('center_axis',(1.,5.55111512312578E-17,-4.1086505480261E-31));
#8548=DIRECTION('ref_axis',(-5.55111512312578E-17,1.,-7.0082828429463E-15));
#8549=DIRECTION('',(0.,7.40148683083438E-15,1.));
#8550=DIRECTION('',(-5.55111512312578E-17,1.,-6.93889390390722E-15));
#8551=DIRECTION('',(0.,7.40148683083438E-15,1.));
#8552=DIRECTION('center_axis',(-5.55111512312578E-17,1.,-7.40148683083438E-15));
#8553=DIRECTION('ref_axis',(-1.,-5.55111512312578E-17,-2.37197531950732E-30));
#8554=DIRECTION('',(1.,5.55111512312578E-17,2.37197531950732E-30));
#8555=DIRECTION('',(0.,-7.40148683083438E-15,-1.));
#8556=DIRECTION('center_axis',(-5.55111512312578E-17,1.,-7.40148683083438E-15));
#8557=DIRECTION('ref_axis',(0.707106781186547,-3.92523114670944E-15,-0.707106781186548));
#8558=DIRECTION('',(2.97381167310349E-17,7.0082828429463E-15,1.));
#8559=DIRECTION('',(1.,-1.66533453693773E-16,6.93889390390794E-17));
#8560=DIRECTION('',(8.28303950482062E-30,-7.0082828429463E-15,-1.));
#8561=DIRECTION('',(1.,-1.66533453693773E-16,6.93889390390794E-17));
#8562=DIRECTION('',(8.28303950482062E-30,-7.0082828429463E-15,-1.));
#8563=DIRECTION('center_axis',(-1.66533453693773E-16,-1.,7.0082828429463E-15));
#8564=DIRECTION('ref_axis',(-0.707106781186547,5.11261356858904E-15,0.707106781186548));
#8565=DIRECTION('',(1.,5.55111512312578E-17,-3.85185988877447E-31));
#8566=DIRECTION('center_axis',(5.55111512312578E-17,-1.,7.40148683083438E-15));
#8567=DIRECTION('ref_axis',(0.707106781186545,5.23364152894593E-15,0.70710678118655));
#8568=DIRECTION('center_axis',(-1.,-2.77555756156289E-16,2.97381167310368E-17));
#8569=DIRECTION('ref_axis',(2.97381167310349E-17,7.0082828429463E-15,1.));
#8570=DIRECTION('',(-2.77555756156289E-16,1.,-5.55111512312579E-15));
#8571=DIRECTION('',(2.97381167310349E-17,7.0082828429463E-15,1.));
#8572=DIRECTION('',(-2.77555756156289E-16,1.,-7.0082828429463E-15));
#8573=DIRECTION('center_axis',(4.00020436071024E-16,-1.,5.55111512312579E-15));
#8574=DIRECTION('ref_axis',(-0.707106781186548,-4.71027737605132E-15,-0.707106781186548));
#8575=DIRECTION('',(4.00020436071024E-16,-1.,5.55111512312579E-15));
#8576=DIRECTION('center_axis',(-2.48785215638917E-44,-1.,0.));
#8577=DIRECTION('ref_axis',(-0.707106781186548,-4.71027737605132E-15,-0.707106781186548));
#8578=DIRECTION('',(-2.77555756156289E-16,1.,-5.55111512312579E-15));
#8579=DIRECTION('center_axis',(5.55111512312578E-17,-1.,7.40148683083438E-15));
#8580=DIRECTION('ref_axis',(0.707106781186547,-3.92523114670944E-15,-0.707106781186548));
#8581=DIRECTION('',(-2.77555756156289E-16,1.,-5.55111512312579E-15));
#8582=DIRECTION('center_axis',(2.48785215638917E-44,1.,0.));
#8583=DIRECTION('ref_axis',(0.707106781186547,-3.92523114670944E-15,-0.707106781186548));
#8584=DIRECTION('',(4.00020436071024E-16,-1.,5.55111512312579E-15));
#8585=DIRECTION('center_axis',(-5.55111512312578E-17,1.,-7.40148683083438E-15));
#8586=DIRECTION('ref_axis',(-0.707106781186548,-4.71027737605132E-15,-0.707106781186548));
#8587=DIRECTION('',(4.00020436071024E-16,-1.,5.55111512312579E-15));
#8588=DIRECTION('center_axis',(1.,4.00020436071025E-16,2.97381167310376E-17));
#8589=DIRECTION('ref_axis',(-2.97381167310404E-17,7.00828284294629E-15,
1.));
#8590=DIRECTION('',(-2.97381167310404E-17,7.00828284294629E-15,1.));
#8591=DIRECTION('',(4.00020436071024E-16,-1.,7.0082828429463E-15));
#8592=DIRECTION('center_axis',(5.55111512312578E-17,-1.,6.93889390390722E-15));
#8593=DIRECTION('ref_axis',(0.707106781186545,5.23364152894593E-15,0.70710678118655));
#8594=DIRECTION('center_axis',(-5.55111512312578E-17,1.,-7.40148683083438E-15));
#8595=DIRECTION('ref_axis',(0.707106781186545,5.23364152894593E-15,0.70710678118655));
#8596=DIRECTION('',(5.55111512312578E-17,-1.,6.93889390390722E-15));
#8597=DIRECTION('center_axis',(5.55111512312578E-17,-1.,7.40148683083438E-15));
#8598=DIRECTION('ref_axis',(1.,5.55111512312578E-17,2.37197531950732E-30));
#8599=DIRECTION('',(-1.,-5.55111512312578E-17,3.85185988877447E-31));
#8600=DIRECTION('center_axis',(1.66533453693773E-16,1.,-7.0082828429463E-15));
#8601=DIRECTION('ref_axis',(-0.707106781186547,5.11261356858904E-15,0.707106781186548));
#8602=DIRECTION('',(8.28303950482062E-30,-7.0082828429463E-15,-1.));
#8603=DIRECTION('',(-1.,1.66533453693773E-16,-6.93889390390794E-17));
#8604=DIRECTION('',(8.28303950482062E-30,-7.0082828429463E-15,-1.));
#8605=DIRECTION('',(-1.,1.66533453693773E-16,-6.93889390390794E-17));
#8606=DIRECTION('',(0.,7.40148683083438E-15,1.));
#8607=DIRECTION('',(-1.,-5.55111512312578E-17,-2.37197531950732E-30));
#8608=DIRECTION('center_axis',(0.,-6.93889390390722E-15,-1.));
#8609=DIRECTION('ref_axis',(-1.,0.,0.));
#8610=DIRECTION('',(1.66533453693773E-16,1.,-7.00828284294629E-15));
#8611=DIRECTION('center_axis',(-5.55111512312578E-17,1.,-6.93889390390722E-15));
#8612=DIRECTION('ref_axis',(-0.707106781186547,5.23364152894591E-15,0.707106781186547));
#8613=DIRECTION('center_axis',(5.55111512312578E-17,-1.,7.40148683083438E-15));
#8614=DIRECTION('ref_axis',(-0.707106781186547,5.23364152894591E-15,0.707106781186547));
#8615=DIRECTION('',(-5.55111512312578E-17,1.,-6.93889390390722E-15));
#8616=DIRECTION('center_axis',(-5.55111512312578E-17,1.,-7.40148683083438E-15));
#8617=DIRECTION('ref_axis',(-1.,-5.55111512312578E-17,-2.37197531950732E-30));
#8618=DIRECTION('',(1.,5.55111512312578E-17,-3.85185988877447E-31));
#8619=DIRECTION('center_axis',(-1.66533453693773E-16,-1.,7.0082828429463E-15));
#8620=DIRECTION('ref_axis',(0.707106781186547,4.79859507685229E-15,0.707106781186548));
#8621=DIRECTION('',(8.28303950482062E-30,-7.0082828429463E-15,-1.));
#8622=DIRECTION('',(1.,-1.66533453693773E-16,6.93889390390794E-17));
#8623=DIRECTION('',(8.28303950482062E-30,-7.0082828429463E-15,-1.));
#8624=DIRECTION('',(1.,-1.66533453693773E-16,6.93889390390794E-17));
#8625=DIRECTION('',(0.,7.40148683083438E-15,1.));
#8626=DIRECTION('',(1.,5.55111512312578E-17,2.37197531950732E-30));
#8627=DIRECTION('center_axis',(0.,-6.93889390390722E-15,-1.));
#8628=DIRECTION('ref_axis',(-1.,0.,0.));
#8629=DIRECTION('',(-1.66533453693773E-16,-1.,7.00828284294629E-15));
#8630=DIRECTION('center_axis',(-1.66533453693773E-16,-1.,7.00828284294629E-15));
#8631=DIRECTION('ref_axis',(-0.707106781186547,5.11261356858904E-15,0.707106781186548));
#8632=DIRECTION('',(-1.66533453693773E-16,-1.,7.00828284294629E-15));
#8633=DIRECTION('center_axis',(-1.,1.66533453693773E-16,-9.45015305111929E-30));
#8634=DIRECTION('ref_axis',(1.66533453693773E-16,1.,-7.00828284294629E-15));
#8635=DIRECTION('',(1.66533453693773E-16,1.,-7.00828284294629E-15));
#8636=DIRECTION('center_axis',(8.28303950482062E-30,-7.0082828429463E-15,
-1.));
#8637=DIRECTION('ref_axis',(-1.66533453693773E-16,-1.,7.0082828429463E-15));
#8638=DIRECTION('',(-1.66533453693773E-16,-1.,7.0082828429463E-15));
#8639=DIRECTION('center_axis',(1.,-1.66533453693773E-16,9.45015305111929E-30));
#8640=DIRECTION('ref_axis',(-1.66533453693773E-16,-1.,7.00828284294629E-15));
#8641=DIRECTION('',(-1.66533453693773E-16,-1.,7.00828284294629E-15));
#8642=DIRECTION('center_axis',(8.28303950482062E-30,-7.0082828429463E-15,
-1.));
#8643=DIRECTION('ref_axis',(-1.66533453693773E-16,-1.,7.0082828429463E-15));
#8644=DIRECTION('center_axis',(-1.66533453693773E-16,-1.,7.00828284294629E-15));
#8645=DIRECTION('ref_axis',(0.707106781186547,4.79859507685229E-15,0.707106781186548));
#8646=DIRECTION('',(1.66533453693773E-16,1.,-7.00828284294629E-15));
#8647=DIRECTION('center_axis',(1.,-1.66533453693773E-16,9.45015305111929E-30));
#8648=DIRECTION('ref_axis',(-1.66533453693773E-16,-1.,7.00828284294629E-15));
#8649=DIRECTION('',(-1.66533453693773E-16,-1.,7.00828284294629E-15));
#8650=DIRECTION('center_axis',(8.28303950482062E-30,-7.0082828429463E-15,
-1.));
#8651=DIRECTION('ref_axis',(-1.66533453693773E-16,-1.,7.0082828429463E-15));
#8652=DIRECTION('',(1.66533453693773E-16,1.,-7.0082828429463E-15));
#8653=DIRECTION('center_axis',(-1.,1.66533453693773E-16,-9.45015305111929E-30));
#8654=DIRECTION('ref_axis',(1.66533453693773E-16,1.,-7.00828284294629E-15));
#8655=DIRECTION('',(1.66533453693773E-16,1.,-7.00828284294629E-15));
#8656=DIRECTION('center_axis',(8.28303950482062E-30,-7.0082828429463E-15,
-1.));
#8657=DIRECTION('ref_axis',(-1.66533453693773E-16,-1.,7.0082828429463E-15));
#8658=DIRECTION('center_axis',(-2.76101316827354E-30,7.0082828429463E-15,
1.));
#8659=DIRECTION('ref_axis',(1.,5.55111512312578E-17,2.37197531950732E-30));
#8660=DIRECTION('',(0.,1.,-7.0082828429463E-15));
#8661=DIRECTION('center_axis',(-2.76101316827354E-30,7.0082828429463E-15,
1.));
#8662=DIRECTION('ref_axis',(1.,5.55111512312578E-17,2.37197531950732E-30));
#8663=DIRECTION('',(0.,-1.,7.0082828429463E-15));
#8664=DIRECTION('center_axis',(-1.,0.,0.));
#8665=DIRECTION('ref_axis',(0.,0.,1.));
#8666=DIRECTION('',(0.,6.93889390390723E-15,1.));
#8667=DIRECTION('center_axis',(-1.,0.,0.));
#8668=DIRECTION('ref_axis',(0.,-0.707106781186547,-0.707106781186548));
#8669=DIRECTION('',(0.,0.,-1.));
#8670=DIRECTION('center_axis',(-2.48785215638917E-44,-1.,0.));
#8671=DIRECTION('ref_axis',(-1.,2.48785215638917E-44,-7.00649232162409E-46));
#8672=DIRECTION('',(0.,0.,-1.));
#8673=DIRECTION('',(-1.,2.48785215638917E-44,0.));
#8674=DIRECTION('center_axis',(1.,0.,0.));
#8675=DIRECTION('ref_axis',(0.,0.,-1.));
#8676=DIRECTION('',(0.,0.,1.));
#8677=DIRECTION('center_axis',(1.,0.,0.));
#8678=DIRECTION('ref_axis',(0.,0.707106781186547,-0.707106781186548));
#8679=DIRECTION('center_axis',(-1.,2.48785215638917E-44,0.));
#8680=DIRECTION('ref_axis',(0.,-0.707106781186547,-0.707106781186548));
#8681=DIRECTION('',(1.,-2.48785215638917E-44,0.));
#8682=DIRECTION('center_axis',(2.48785215638917E-44,1.,0.));
#8683=DIRECTION('ref_axis',(1.,-2.48785215638917E-44,7.00649232162409E-46));
#8684=DIRECTION('center_axis',(-1.,-5.55111512312578E-17,-2.37197531950732E-30));
#8685=DIRECTION('ref_axis',(0.,0.707106781186542,-0.707106781186553));
#8686=DIRECTION('center_axis',(1.,5.55111512312578E-17,-4.1086505480261E-31));
#8687=DIRECTION('ref_axis',(0.,0.707106781186542,-0.707106781186553));
#8688=DIRECTION('',(1.,5.55111512312578E-17,2.37197531950732E-30));
#8689=DIRECTION('center_axis',(-1.,-5.55111512312578E-17,4.1086505480261E-31));
#8690=DIRECTION('ref_axis',(0.,0.707106781186542,-0.707106781186553));
#8691=DIRECTION('',(-1.,-5.55111512312578E-17,-2.37197531950732E-30));
#8692=DIRECTION('center_axis',(-5.55111512312578E-17,1.,-7.40148683083438E-15));
#8693=DIRECTION('ref_axis',(-1.,-5.55111512312578E-17,-2.37197531950732E-30));
#8694=DIRECTION('',(0.,7.40148683083438E-15,1.));
#8695=DIRECTION('',(-1.,-5.55111512312578E-17,3.85185988877447E-31));
#8696=DIRECTION('',(0.,7.40148683083438E-15,1.));
#8697=DIRECTION('center_axis',(-1.,-5.55111512312578E-17,4.1086505480261E-31));
#8698=DIRECTION('ref_axis',(5.55111512312578E-17,-1.,7.0082828429463E-15));
#8699=DIRECTION('',(5.55111512312578E-17,-1.,7.0082828429463E-15));
#8700=DIRECTION('',(-4.1086505480261E-31,0.,-1.));
#8701=DIRECTION('center_axis',(-1.,-5.55111512312578E-17,4.1086505480261E-31));
#8702=DIRECTION('ref_axis',(0.,0.707106781186542,-0.707106781186553));
#8703=DIRECTION('',(0.,6.97854472621527E-15,1.));
#8704=DIRECTION('',(-5.55111512312578E-17,1.,-6.93889390390722E-15));
#8705=DIRECTION('',(2.76101316827354E-30,-7.00828284294629E-15,-1.));
#8706=DIRECTION('',(-5.55111512312578E-17,1.,-6.93889390390722E-15));
#8707=DIRECTION('',(2.76101316827354E-30,-7.00828284294629E-15,-1.));
#8708=DIRECTION('center_axis',(1.,5.55111512312578E-17,2.37197531950732E-30));
#8709=DIRECTION('ref_axis',(-7.2212391917851E-34,-0.707106781186542,0.707106781186553));
#8710=DIRECTION('',(-5.55111512312578E-17,1.,-6.93889390390723E-15));
#8711=DIRECTION('center_axis',(1.,5.55111512312578E-17,-4.1086505480261E-31));
#8712=DIRECTION('ref_axis',(0.,0.707106781186553,0.707106781186542));
#8713=DIRECTION('center_axis',(1.,5.55111512312578E-17,2.37197531950732E-30));
#8714=DIRECTION('ref_axis',(0.,-0.707106781186553,-0.707106781186542));
#8715=DIRECTION('center_axis',(-1.,-5.55111512312578E-17,4.1086505480261E-31));
#8716=DIRECTION('ref_axis',(0.,-0.707106781186553,-0.707106781186542));
#8717=DIRECTION('',(-1.,-5.55111512312578E-17,-2.37197531950732E-30));
#8718=DIRECTION('center_axis',(1.,5.55111512312578E-17,-4.1086505480261E-31));
#8719=DIRECTION('ref_axis',(0.,-0.707106781186553,-0.707106781186542));
#8720=DIRECTION('',(1.,5.55111512312578E-17,2.37197531950732E-30));
#8721=DIRECTION('center_axis',(5.55111512312578E-17,-1.,7.40148683083438E-15));
#8722=DIRECTION('ref_axis',(1.,5.55111512312578E-17,2.37197531950732E-30));
#8723=DIRECTION('',(0.,7.40148683083438E-15,1.));
#8724=DIRECTION('',(1.,5.55111512312578E-17,-3.85185988877447E-31));
#8725=DIRECTION('',(0.,7.40148683083438E-15,1.));
#8726=DIRECTION('center_axis',(1.,5.55111512312578E-17,-4.1086505480261E-31));
#8727=DIRECTION('ref_axis',(-5.55111512312578E-17,1.,-7.0082828429463E-15));
#8728=DIRECTION('',(-5.55111512312578E-17,1.,-7.0082828429463E-15));
#8729=DIRECTION('',(-4.1086505480261E-31,0.,-1.));
#8730=DIRECTION('center_axis',(1.,5.55111512312578E-17,-4.1086505480261E-31));
#8731=DIRECTION('ref_axis',(0.,-0.707106781186553,-0.707106781186542));
#8732=DIRECTION('',(0.,6.97854472621527E-15,1.));
#8733=DIRECTION('',(5.55111512312578E-17,-1.,6.93889390390722E-15));
#8734=DIRECTION('',(2.76101316827354E-30,-7.00828284294629E-15,-1.));
#8735=DIRECTION('',(5.55111512312578E-17,-1.,6.93889390390722E-15));
#8736=DIRECTION('',(2.76101316827354E-30,-7.00828284294629E-15,-1.));
#8737=DIRECTION('center_axis',(-1.,-5.55111512312578E-17,-2.37197531950732E-30));
#8738=DIRECTION('ref_axis',(-7.22123919177415E-34,0.707106781186552,0.707106781186543));
#8739=DIRECTION('',(5.55111512312578E-17,-1.,6.93889390390722E-15));
#8740=DIRECTION('center_axis',(-1.,-5.55111512312578E-17,4.1086505480261E-31));
#8741=DIRECTION('ref_axis',(0.,-0.707106781186542,0.707106781186553));
#8742=DIRECTION('center_axis',(-1.,-5.55111512312578E-17,4.62223186652936E-31));
#8743=DIRECTION('ref_axis',(0.,0.707106781186542,-0.707106781186553));
#8744=DIRECTION('',(-1.,-5.55111512312578E-17,4.62223186652936E-31));
#8745=DIRECTION('center_axis',(-1.,2.48785215638917E-44,0.));
#8746=DIRECTION('ref_axis',(0.,0.707106781186542,-0.707106781186553));
#8747=DIRECTION('',(-1.,-5.55111512312578E-17,4.62223186652936E-31));
#8748=DIRECTION('center_axis',(1.,-2.48785215638917E-44,0.));
#8749=DIRECTION('ref_axis',(0.,0.707106781186542,-0.707106781186553));
#8750=DIRECTION('',(-1.,-5.55111512312578E-17,4.62223186652936E-31));
#8751=DIRECTION('center_axis',(1.,5.55111512312578E-17,-4.1086505480261E-31));
#8752=DIRECTION('ref_axis',(0.,0.707106781186542,-0.707106781186553));
#8753=DIRECTION('',(-1.,-5.55111512312578E-17,4.62223186652936E-31));
#8754=DIRECTION('center_axis',(5.55111512312578E-17,-1.,6.97854472621527E-15));
#8755=DIRECTION('ref_axis',(1.,5.55111512312578E-17,2.37197531950732E-30));
#8756=DIRECTION('',(0.,6.97854472621527E-15,1.));
#8757=DIRECTION('',(-1.,-5.55111512312578E-17,-2.37197531950732E-30));
#8758=DIRECTION('center_axis',(1.,5.55111512312578E-17,-4.62223186652936E-31));
#8759=DIRECTION('ref_axis',(0.,-0.707106781186553,-0.707106781186542));
#8760=DIRECTION('',(1.,5.55111512312578E-17,-4.62223186652936E-31));
#8761=DIRECTION('center_axis',(1.,-2.48785215638917E-44,0.));
#8762=DIRECTION('ref_axis',(0.,-0.707106781186553,-0.707106781186542));
#8763=DIRECTION('center_axis',(-1.,2.48785215638917E-44,0.));
#8764=DIRECTION('ref_axis',(0.,-0.707106781186553,-0.707106781186542));
#8765=DIRECTION('',(1.,5.55111512312578E-17,-4.62223186652936E-31));
#8766=DIRECTION('center_axis',(-1.,-5.55111512312578E-17,4.1086505480261E-31));
#8767=DIRECTION('ref_axis',(0.,-0.707106781186553,-0.707106781186542));
#8768=DIRECTION('',(1.,5.55111512312578E-17,-4.62223186652936E-31));
#8769=DIRECTION('center_axis',(-5.55111512312578E-17,1.,-6.97854472621527E-15));
#8770=DIRECTION('ref_axis',(-1.,-5.55111512312578E-17,-2.37197531950732E-30));
#8771=DIRECTION('',(0.,6.97854472621527E-15,1.));
#8772=DIRECTION('',(1.,5.55111512312578E-17,2.37197531950732E-30));
#8773=DIRECTION('center_axis',(1.,5.55111512312578E-17,-3.85185988877447E-31));
#8774=DIRECTION('ref_axis',(0.,0.707106781186553,0.707106781186542));
#8775=DIRECTION('center_axis',(-1.,-5.55111512312578E-17,4.1086505480261E-31));
#8776=DIRECTION('ref_axis',(0.,0.707106781186553,0.707106781186542));
#8777=DIRECTION('',(1.,5.55111512312578E-17,-3.85185988877447E-31));
#8778=DIRECTION('center_axis',(1.,5.55111512312578E-17,-4.1086505480261E-31));
#8779=DIRECTION('ref_axis',(-5.55111512312578E-17,1.,-7.0082828429463E-15));
#8780=DIRECTION('',(5.55111512312578E-17,-1.,6.93889390390723E-15));
#8781=DIRECTION('center_axis',(-1.,-5.55111512312578E-17,-2.37197531950732E-30));
#8782=DIRECTION('ref_axis',(-7.2212391917851E-34,-0.707106781186542,0.707106781186553));
#8783=DIRECTION('',(2.76101316827354E-30,-7.00828284294629E-15,-1.));
#8784=DIRECTION('',(5.55111512312578E-17,-1.,6.93889390390722E-15));
#8785=DIRECTION('',(2.76101316827354E-30,-7.00828284294629E-15,-1.));
#8786=DIRECTION('',(5.55111512312578E-17,-1.,6.93889390390722E-15));
#8787=DIRECTION('',(4.1086505480261E-31,0.,1.));
#8788=DIRECTION('',(-5.55111512312578E-17,1.,-7.0082828429463E-15));
#8789=DIRECTION('center_axis',(0.,-6.93889390390723E-15,-1.));
#8790=DIRECTION('ref_axis',(-1.,0.,0.));
#8791=DIRECTION('',(-1.,-5.55111512312578E-17,1.41748443906998E-31));
#8792=DIRECTION('center_axis',(-1.,-5.55111512312578E-17,3.85185988877447E-31));
#8793=DIRECTION('ref_axis',(0.,-0.707106781186542,0.707106781186553));
#8794=DIRECTION('center_axis',(1.,5.55111512312578E-17,-4.1086505480261E-31));
#8795=DIRECTION('ref_axis',(0.,-0.707106781186542,0.707106781186553));
#8796=DIRECTION('',(-1.,-5.55111512312578E-17,3.85185988877447E-31));
#8797=DIRECTION('center_axis',(-1.,-5.55111512312578E-17,4.1086505480261E-31));
#8798=DIRECTION('ref_axis',(5.55111512312578E-17,-1.,7.0082828429463E-15));
#8799=DIRECTION('',(-5.55111512312578E-17,1.,-6.93889390390723E-15));
#8800=DIRECTION('center_axis',(1.,5.55111512312578E-17,2.37197531950732E-30));
#8801=DIRECTION('ref_axis',(-7.22123919177415E-34,0.707106781186552,0.707106781186543));
#8802=DIRECTION('',(2.76101316827354E-30,-7.00828284294629E-15,-1.));
#8803=DIRECTION('',(-5.55111512312578E-17,1.,-6.93889390390722E-15));
#8804=DIRECTION('',(2.76101316827354E-30,-7.00828284294629E-15,-1.));
#8805=DIRECTION('',(-5.55111512312578E-17,1.,-6.93889390390722E-15));
#8806=DIRECTION('',(4.1086505480261E-31,0.,1.));
#8807=DIRECTION('',(5.55111512312578E-17,-1.,7.0082828429463E-15));
#8808=DIRECTION('center_axis',(0.,-6.93889390390723E-15,-1.));
#8809=DIRECTION('ref_axis',(-1.,0.,0.));
#8810=DIRECTION('',(1.,5.55111512312578E-17,-1.41748443906998E-31));
#8811=DIRECTION('center_axis',(1.,5.55111512312578E-17,-1.41748443906998E-31));
#8812=DIRECTION('ref_axis',(-7.2212391917851E-34,-0.707106781186542,0.707106781186553));
#8813=DIRECTION('',(1.,5.55111512312578E-17,-1.41748443906998E-31));
#8814=DIRECTION('center_axis',(5.55111512312578E-17,-1.,7.00828284294629E-15));
#8815=DIRECTION('ref_axis',(-1.,-5.55111512312578E-17,1.41748443906998E-31));
#8816=DIRECTION('',(-1.,-5.55111512312578E-17,1.41748443906998E-31));
#8817=DIRECTION('center_axis',(2.76101316827354E-30,-7.00828284294629E-15,
-1.));
#8818=DIRECTION('ref_axis',(1.,5.55111512312578E-17,2.37197531950732E-30));
#8819=DIRECTION('',(1.,5.55111512312578E-17,2.37197531950732E-30));
#8820=DIRECTION('center_axis',(-5.55111512312578E-17,1.,-7.00828284294629E-15));
#8821=DIRECTION('ref_axis',(1.,5.55111512312578E-17,-1.41748443906998E-31));
#8822=DIRECTION('',(1.,5.55111512312578E-17,-1.41748443906998E-31));
#8823=DIRECTION('center_axis',(2.76101316827354E-30,-7.00828284294629E-15,
-1.));
#8824=DIRECTION('ref_axis',(1.,5.55111512312578E-17,2.37197531950732E-30));
#8825=DIRECTION('center_axis',(1.,5.55111512312578E-17,-1.41748443906998E-31));
#8826=DIRECTION('ref_axis',(-7.22123919177415E-34,0.707106781186552,0.707106781186543));
#8827=DIRECTION('',(-1.,-5.55111512312578E-17,1.41748443906998E-31));
#8828=DIRECTION('center_axis',(-5.55111512312578E-17,1.,-7.00828284294629E-15));
#8829=DIRECTION('ref_axis',(1.,5.55111512312578E-17,-1.41748443906998E-31));
#8830=DIRECTION('',(1.,5.55111512312578E-17,-1.41748443906998E-31));
#8831=DIRECTION('center_axis',(2.76101316827354E-30,-7.00828284294629E-15,
-1.));
#8832=DIRECTION('ref_axis',(1.,5.55111512312578E-17,2.37197531950732E-30));
#8833=DIRECTION('',(-1.,-5.55111512312578E-17,-2.37197531950732E-30));
#8834=DIRECTION('center_axis',(5.55111512312578E-17,-1.,7.00828284294629E-15));
#8835=DIRECTION('ref_axis',(-1.,-5.55111512312578E-17,1.41748443906998E-31));
#8836=DIRECTION('',(-1.,-5.55111512312578E-17,1.41748443906998E-31));
#8837=DIRECTION('center_axis',(2.76101316827354E-30,-7.00828284294629E-15,
-1.));
#8838=DIRECTION('ref_axis',(1.,5.55111512312578E-17,2.37197531950732E-30));
#8839=DIRECTION('center_axis',(-2.76101316827354E-30,7.0082828429463E-15,
1.));
#8840=DIRECTION('ref_axis',(1.,5.55111512312578E-17,2.37197531950732E-30));
#8841=DIRECTION('',(1.,0.,2.76101316827354E-30));
#8842=DIRECTION('center_axis',(-2.76101316827354E-30,7.0082828429463E-15,
1.));
#8843=DIRECTION('ref_axis',(1.,5.55111512312578E-17,2.37197531950732E-30));
#8844=DIRECTION('',(-1.,0.,-2.76101316827354E-30));
#8845=DIRECTION('center_axis',(0.,-1.,0.));
#8846=DIRECTION('ref_axis',(0.,0.,-1.));
#8847=DIRECTION('',(0.,0.,1.));
#8848=DIRECTION('center_axis',(0.,-1.,0.));
#8849=DIRECTION('ref_axis',(0.707106781186547,0.,-0.707106781186548));
#8850=DIRECTION('',(0.,0.,-1.));
#8851=DIRECTION('center_axis',(0.,1.,0.));
#8852=DIRECTION('ref_axis',(0.,0.,1.));
#8853=DIRECTION('',(0.,6.93889390390723E-15,1.));
#8854=DIRECTION('center_axis',(0.,1.,0.));
#8855=DIRECTION('ref_axis',(-0.707106781186547,0.,-0.707106781186548));
#8856=DIRECTION('',(0.,0.,-1.));
#8857=DIRECTION('center_axis',(-1.,2.48785215638917E-44,0.));
#8858=DIRECTION('ref_axis',(2.48785215638917E-44,1.,3.48622340621534E-89));
#8859=DIRECTION('',(2.48785215638917E-44,1.,0.));
#8860=DIRECTION('center_axis',(2.48785215638917E-44,1.,0.));
#8861=DIRECTION('ref_axis',(-0.707106781186547,0.,-0.707106781186548));
#8862=DIRECTION('',(-2.48785215638917E-44,-1.,0.));
#8863=DIRECTION('center_axis',(1.,-2.48785215638917E-44,0.));
#8864=DIRECTION('ref_axis',(-2.48785215638917E-44,-1.,-3.48622340621534E-89));
#8865=DIRECTION('center_axis',(-2.77555756156289E-16,1.,-7.0082828429463E-15));
#8866=DIRECTION('ref_axis',(0.707106781186548,-4.71027737605133E-15,-0.707106781186547));
#8867=DIRECTION('center_axis',(2.77555756156289E-16,-1.,7.0082828429463E-15));
#8868=DIRECTION('ref_axis',(0.707106781186548,-4.71027737605133E-15,-0.707106781186547));
#8869=DIRECTION('',(2.77555756156289E-16,-1.,7.0082828429463E-15));
#8870=DIRECTION('center_axis',(-2.77555756156289E-16,1.,-7.0082828429463E-15));
#8871=DIRECTION('ref_axis',(0.707106781186548,-4.71027737605133E-15,-0.707106781186547));
#8872=DIRECTION('',(-2.77555756156289E-16,1.,-7.0082828429463E-15));
#8873=DIRECTION('center_axis',(1.,2.77555756156292E-16,3.93203987888072E-16));
#8874=DIRECTION('ref_axis',(3.93203987888074E-16,-7.0082828429463E-15,-1.));
#8875=DIRECTION('',(3.93203987888074E-16,-7.0082828429463E-15,-1.));
#8876=DIRECTION('',(-2.77555756156289E-16,1.,-6.93889390390722E-15));
#8877=DIRECTION('',(-3.93203987888074E-16,7.0082828429463E-15,1.));
#8878=DIRECTION('center_axis',(-2.77555756156289E-16,1.,-7.0082828429463E-15));
#8879=DIRECTION('ref_axis',(2.76101316827354E-30,7.0082828429463E-15,1.));
#8880=DIRECTION('',(-1.,-2.77555756156289E-16,1.02282287486517E-29));
#8881=DIRECTION('',(0.,-7.40148683083438E-15,-1.));
#8882=DIRECTION('center_axis',(-2.77555756156289E-16,1.,-7.0082828429463E-15));
#8883=DIRECTION('ref_axis',(0.707106781186547,-4.71027737605133E-15,-0.707106781186548));
#8884=DIRECTION('',(2.97381167310349E-17,7.0082828429463E-15,1.));
#8885=DIRECTION('',(1.,-1.66533453693773E-16,6.93889390390794E-17));
#8886=DIRECTION('',(8.28303950482062E-30,-7.0082828429463E-15,-1.));
#8887=DIRECTION('',(1.,-1.66533453693773E-16,6.93889390390794E-17));
#8888=DIRECTION('',(8.28303950482062E-30,-7.0082828429463E-15,-1.));
#8889=DIRECTION('center_axis',(-1.66533453693773E-16,-1.,7.0082828429463E-15));
#8890=DIRECTION('ref_axis',(-0.707106781186547,5.11261356858904E-15,0.707106781186548));
#8891=DIRECTION('',(1.,2.77555756156289E-16,-1.92592994438723E-30));
#8892=DIRECTION('center_axis',(2.77555756156289E-16,-1.,7.0082828429463E-15));
#8893=DIRECTION('ref_axis',(0.70710678118655,5.23364152894589E-15,0.707106781186545));
#8894=DIRECTION('center_axis',(4.00020436071024E-16,-1.,7.0082828429463E-15));
#8895=DIRECTION('ref_axis',(-0.707106781186547,-5.49532360539322E-15,-0.707106781186548));
#8896=DIRECTION('center_axis',(-4.00020436071024E-16,1.,-7.0082828429463E-15));
#8897=DIRECTION('ref_axis',(-0.707106781186547,-5.49532360539322E-15,-0.707106781186548));
#8898=DIRECTION('',(-4.00020436071024E-16,1.,-7.0082828429463E-15));
#8899=DIRECTION('center_axis',(4.00020436071024E-16,-1.,7.00828284294629E-15));
#8900=DIRECTION('ref_axis',(-0.707106781186547,-5.49532360539322E-15,-0.707106781186548));
#8901=DIRECTION('',(4.00020436071024E-16,-1.,7.0082828429463E-15));
#8902=DIRECTION('center_axis',(-1.,-4.00020436071022E-16,3.93203987888071E-16));
#8903=DIRECTION('ref_axis',(-3.93203987888069E-16,-7.00828284294629E-15,
-1.));
#8904=DIRECTION('',(-3.93203987888069E-16,-7.00828284294629E-15,-1.));
#8905=DIRECTION('',(4.00020436071024E-16,-1.,6.93889390390722E-15));
#8906=DIRECTION('',(3.93203987888069E-16,7.00828284294629E-15,1.));
#8907=DIRECTION('center_axis',(4.00020436071024E-16,-1.,7.0082828429463E-15));
#8908=DIRECTION('ref_axis',(-8.28303950482062E-30,7.0082828429463E-15,1.));
#8909=DIRECTION('',(1.,4.00020436071024E-16,1.10016094824233E-29));
#8910=DIRECTION('',(0.,-7.40148683083438E-15,-1.));
#8911=DIRECTION('center_axis',(4.00020436071024E-16,-1.,7.0082828429463E-15));
#8912=DIRECTION('ref_axis',(-0.707106781186548,-5.10280049072227E-15,-0.707106781186547));
#8913=DIRECTION('',(-2.97381167310404E-17,7.00828284294629E-15,1.));
#8914=DIRECTION('',(-1.,1.66533453693773E-16,-6.93889390390794E-17));
#8915=DIRECTION('',(8.28303950482062E-30,-7.0082828429463E-15,-1.));
#8916=DIRECTION('',(-1.,1.66533453693773E-16,-6.93889390390794E-17));
#8917=DIRECTION('',(8.28303950482062E-30,-7.0082828429463E-15,-1.));
#8918=DIRECTION('center_axis',(1.66533453693773E-16,1.,-7.0082828429463E-15));
#8919=DIRECTION('ref_axis',(0.707106781186547,4.79859507685229E-15,0.707106781186548));
#8920=DIRECTION('',(-1.,1.66533453693773E-16,-6.93889390390794E-17));
#8921=DIRECTION('center_axis',(-4.00020436071024E-16,1.,-7.0082828429463E-15));
#8922=DIRECTION('ref_axis',(-0.707106781186547,5.23364152894591E-15,0.707106781186547));
#8923=DIRECTION('center_axis',(-1.,-2.77555756156289E-16,2.97381167310368E-17));
#8924=DIRECTION('ref_axis',(2.97381167310349E-17,7.0082828429463E-15,1.));
#8925=DIRECTION('',(-2.77555756156289E-16,1.,-7.0082828429463E-15));
#8926=DIRECTION('',(2.97381167310349E-17,7.0082828429463E-15,1.));
#8927=DIRECTION('',(-2.77555756156289E-16,1.,-7.0082828429463E-15));
#8928=DIRECTION('center_axis',(4.00020436071024E-16,-1.,7.0082828429463E-15));
#8929=DIRECTION('ref_axis',(-0.707106781186548,-5.10280049072227E-15,-0.707106781186547));
#8930=DIRECTION('',(4.00020436071024E-16,-1.,7.0082828429463E-15));
#8931=DIRECTION('center_axis',(-2.48785215638917E-44,-1.,0.));
#8932=DIRECTION('ref_axis',(-0.707106781186548,-5.10280049072227E-15,-0.707106781186547));
#8933=DIRECTION('',(-2.77555756156289E-16,1.,-7.0082828429463E-15));
#8934=DIRECTION('center_axis',(2.77555756156289E-16,-1.,7.0082828429463E-15));
#8935=DIRECTION('ref_axis',(0.707106781186547,-4.71027737605133E-15,-0.707106781186548));
#8936=DIRECTION('',(-2.77555756156289E-16,1.,-7.0082828429463E-15));
#8937=DIRECTION('center_axis',(2.48785215638917E-44,1.,0.));
#8938=DIRECTION('ref_axis',(0.707106781186547,-4.71027737605133E-15,-0.707106781186548));
#8939=DIRECTION('',(4.00020436071024E-16,-1.,7.0082828429463E-15));
#8940=DIRECTION('center_axis',(-4.00020436071024E-16,1.,-7.00828284294629E-15));
#8941=DIRECTION('ref_axis',(-0.707106781186548,-5.10280049072227E-15,-0.707106781186547));
#8942=DIRECTION('',(4.00020436071024E-16,-1.,7.0082828429463E-15));
#8943=DIRECTION('center_axis',(1.,4.00020436071025E-16,2.97381167310376E-17));
#8944=DIRECTION('ref_axis',(-2.97381167310404E-17,7.00828284294629E-15,
1.));
#8945=DIRECTION('',(-2.97381167310404E-17,7.00828284294629E-15,1.));
#8946=DIRECTION('',(4.00020436071024E-16,-1.,7.0082828429463E-15));
#8947=DIRECTION('center_axis',(-4.00020436071024E-16,1.,-6.93889390390722E-15));
#8948=DIRECTION('ref_axis',(-0.707106781186547,5.23364152894591E-15,0.707106781186547));
#8949=DIRECTION('center_axis',(4.00020436071024E-16,-1.,7.00828284294629E-15));
#8950=DIRECTION('ref_axis',(-0.707106781186547,5.23364152894591E-15,0.707106781186547));
#8951=DIRECTION('',(-4.00020436071024E-16,1.,-6.93889390390722E-15));
#8952=DIRECTION('center_axis',(2.77555756156289E-16,-1.,6.93889390390722E-15));
#8953=DIRECTION('ref_axis',(0.70710678118655,5.23364152894589E-15,0.707106781186545));
#8954=DIRECTION('center_axis',(-2.77555756156289E-16,1.,-7.0082828429463E-15));
#8955=DIRECTION('ref_axis',(0.70710678118655,5.23364152894589E-15,0.707106781186545));
#8956=DIRECTION('',(2.77555756156289E-16,-1.,6.93889390390722E-15));
#8957=DIRECTION('center_axis',(2.77555756156289E-16,-1.,7.0082828429463E-15));
#8958=DIRECTION('ref_axis',(1.,2.77555756156289E-16,-1.02282287486517E-29));
#8959=DIRECTION('',(-1.,-2.77555756156289E-16,1.92592994438723E-30));
#8960=DIRECTION('center_axis',(1.66533453693773E-16,1.,-7.0082828429463E-15));
#8961=DIRECTION('ref_axis',(-0.707106781186547,5.11261356858904E-15,0.707106781186548));
#8962=DIRECTION('',(8.28303950482062E-30,-7.0082828429463E-15,-1.));
#8963=DIRECTION('',(-1.,1.66533453693773E-16,-6.93889390390794E-17));
#8964=DIRECTION('',(8.28303950482062E-30,-7.0082828429463E-15,-1.));
#8965=DIRECTION('',(-1.,1.66533453693773E-16,-6.93889390390794E-17));
#8966=DIRECTION('',(0.,7.40148683083438E-15,1.));
#8967=DIRECTION('',(1.,2.77555756156289E-16,-1.02282287486517E-29));
#8968=DIRECTION('center_axis',(0.,-6.93889390390722E-15,-1.));
#8969=DIRECTION('ref_axis',(-1.,0.,0.));
#8970=DIRECTION('',(1.66533453693773E-16,1.,-7.00828284294629E-15));
#8971=DIRECTION('center_axis',(-1.66533453693773E-16,-1.,7.00828284294629E-15));
#8972=DIRECTION('ref_axis',(-0.707106781186547,5.11261356858904E-15,0.707106781186548));
#8973=DIRECTION('',(-1.66533453693773E-16,-1.,7.00828284294629E-15));
#8974=DIRECTION('center_axis',(-1.,1.66533453693773E-16,-9.45015305111929E-30));
#8975=DIRECTION('ref_axis',(1.66533453693773E-16,1.,-7.00828284294629E-15));
#8976=DIRECTION('',(1.66533453693773E-16,1.,-7.00828284294629E-15));
#8977=DIRECTION('center_axis',(8.28303950482062E-30,-7.0082828429463E-15,
-1.));
#8978=DIRECTION('ref_axis',(-1.66533453693773E-16,-1.,7.0082828429463E-15));
#8979=DIRECTION('',(-1.66533453693773E-16,-1.,7.0082828429463E-15));
#8980=DIRECTION('center_axis',(1.,-1.66533453693773E-16,9.45015305111929E-30));
#8981=DIRECTION('ref_axis',(-1.66533453693773E-16,-1.,7.00828284294629E-15));
#8982=DIRECTION('',(-1.66533453693773E-16,-1.,7.00828284294629E-15));
#8983=DIRECTION('center_axis',(8.28303950482062E-30,-7.0082828429463E-15,
-1.));
#8984=DIRECTION('ref_axis',(-1.66533453693773E-16,-1.,7.0082828429463E-15));
#8985=DIRECTION('center_axis',(-1.66533453693773E-16,-1.,7.00828284294629E-15));
#8986=DIRECTION('ref_axis',(0.707106781186547,4.79859507685229E-15,0.707106781186548));
#8987=DIRECTION('',(1.66533453693773E-16,1.,-7.00828284294629E-15));
#8988=DIRECTION('center_axis',(-1.66533453693773E-16,-1.,7.0082828429463E-15));
#8989=DIRECTION('ref_axis',(0.707106781186547,4.79859507685229E-15,0.707106781186548));
#8990=DIRECTION('',(-1.66533453693773E-16,-1.,7.00828284294629E-15));
#8991=DIRECTION('center_axis',(1.,-1.66533453693773E-16,9.45015305111929E-30));
#8992=DIRECTION('ref_axis',(-1.66533453693773E-16,-1.,7.00828284294629E-15));
#8993=DIRECTION('',(-1.66533453693773E-16,-1.,7.00828284294629E-15));
#8994=DIRECTION('',(8.28303950482062E-30,-7.0082828429463E-15,-1.));
#8995=DIRECTION('center_axis',(8.28303950482062E-30,-7.0082828429463E-15,
-1.));
#8996=DIRECTION('ref_axis',(-1.66533453693773E-16,-1.,7.0082828429463E-15));
#8997=DIRECTION('',(1.,-1.66533453693773E-16,6.93889390390794E-17));
#8998=DIRECTION('',(1.66533453693773E-16,1.,-7.0082828429463E-15));
#8999=DIRECTION('center_axis',(-1.,1.66533453693773E-16,-9.45015305111929E-30));
#9000=DIRECTION('ref_axis',(1.66533453693773E-16,1.,-7.00828284294629E-15));
#9001=DIRECTION('',(8.28303950482062E-30,-7.0082828429463E-15,-1.));
#9002=DIRECTION('',(1.66533453693773E-16,1.,-7.00828284294629E-15));
#9003=DIRECTION('center_axis',(8.28303950482062E-30,-7.0082828429463E-15,
-1.));
#9004=DIRECTION('ref_axis',(-1.66533453693773E-16,-1.,7.0082828429463E-15));
#9005=DIRECTION('',(1.,-1.66533453693773E-16,6.93889390390794E-17));
#9006=DIRECTION('center_axis',(0.,-6.93889390390722E-15,-1.));
#9007=DIRECTION('ref_axis',(-1.,0.,0.));
#9008=DIRECTION('',(1.,4.00020436071024E-16,-2.77569936529154E-30));
#9009=DIRECTION('center_axis',(-4.00020436071024E-16,1.,-7.00828284294629E-15));
#9010=DIRECTION('ref_axis',(-1.,-4.00020436071024E-16,-1.10016094824233E-29));
#9011=DIRECTION('',(0.,7.40148683083438E-15,1.));
#9012=DIRECTION('',(-1.,-4.00020436071024E-16,-1.10016094824233E-29));
#9013=DIRECTION('center_axis',(-1.,0.,0.));
#9014=DIRECTION('ref_axis',(0.,0.,1.));
#9015=DIRECTION('',(0.,-1.,7.0082828429463E-15));
#9016=DIRECTION('',(0.,6.93889390390723E-15,1.));
#9017=DIRECTION('center_axis',(-1.,0.,0.));
#9018=DIRECTION('ref_axis',(0.,-0.707106781186548,-0.707106781186548));
#9019=DIRECTION('',(0.,0.,-1.));
#9020=DIRECTION('center_axis',(-2.48785215638917E-44,-1.,0.));
#9021=DIRECTION('ref_axis',(-1.,2.48785215638917E-44,-7.00649232162409E-46));
#9022=DIRECTION('',(0.,0.,-1.));
#9023=DIRECTION('',(-1.,2.48785215638917E-44,0.));
#9024=DIRECTION('center_axis',(1.,0.,0.));
#9025=DIRECTION('ref_axis',(0.,0.,-1.));
#9026=DIRECTION('',(0.,0.,1.));
#9027=DIRECTION('center_axis',(1.,0.,0.));
#9028=DIRECTION('ref_axis',(0.,0.707106781186547,-0.707106781186548));
#9029=DIRECTION('',(0.,1.,-7.0082828429463E-15));
#9030=DIRECTION('center_axis',(-1.,2.48785215638917E-44,0.));
#9031=DIRECTION('ref_axis',(0.,-0.707106781186548,-0.707106781186548));
#9032=DIRECTION('',(1.,-2.48785215638917E-44,0.));
#9033=DIRECTION('center_axis',(2.48785215638917E-44,1.,0.));
#9034=DIRECTION('ref_axis',(1.,-2.48785215638917E-44,7.00649232162409E-46));
#9035=DIRECTION('center_axis',(1.38050658413677E-29,-7.0082828429463E-15,
-1.));
#9036=DIRECTION('ref_axis',(1.,4.00020436071024E-16,1.10016094824233E-29));
#9037=DIRECTION('center_axis',(-8.28303950482062E-30,-7.0082828429463E-15,
-1.));
#9038=DIRECTION('ref_axis',(-1.,-2.77555756156289E-16,1.02282287486517E-29));
#9039=DIRECTION('center_axis',(4.00020436071024E-16,-1.,7.0082828429463E-15));
#9040=DIRECTION('ref_axis',(-0.707106781186548,-4.71027737605133E-15,-0.707106781186547));
#9041=DIRECTION('center_axis',(-4.00020436071024E-16,1.,-7.0082828429463E-15));
#9042=DIRECTION('ref_axis',(-0.707106781186548,-4.71027737605133E-15,-0.707106781186547));
#9043=DIRECTION('',(-4.00020436071024E-16,1.,-7.0082828429463E-15));
#9044=DIRECTION('center_axis',(4.00020436071024E-16,-1.,7.00828284294629E-15));
#9045=DIRECTION('ref_axis',(-0.707106781186548,-4.71027737605133E-15,-0.707106781186547));
#9046=DIRECTION('',(4.00020436071024E-16,-1.,7.0082828429463E-15));
#9047=DIRECTION('center_axis',(-1.,-4.00020436071022E-16,3.93203987888071E-16));
#9048=DIRECTION('ref_axis',(-3.93203987888069E-16,-7.00828284294629E-15,
-1.));
#9049=DIRECTION('',(-3.93203987888069E-16,-7.00828284294629E-15,-1.));
#9050=DIRECTION('',(4.00020436071024E-16,-1.,6.93889390390722E-15));
#9051=DIRECTION('',(3.93203987888069E-16,7.00828284294629E-15,1.));
#9052=DIRECTION('center_axis',(4.00020436071024E-16,-1.,7.0082828429463E-15));
#9053=DIRECTION('ref_axis',(-8.28303950482062E-30,7.0082828429463E-15,1.));
#9054=DIRECTION('',(1.,4.00020436071024E-16,1.10016094824233E-29));
#9055=DIRECTION('',(0.,-7.40148683083438E-15,-1.));
#9056=DIRECTION('center_axis',(4.00020436071024E-16,-1.,7.0082828429463E-15));
#9057=DIRECTION('ref_axis',(-0.707106781186548,-5.49532360539321E-15,-0.707106781186547));
#9058=DIRECTION('',(-2.97381167310404E-17,7.00828284294629E-15,1.));
#9059=DIRECTION('',(-1.,1.66533453693773E-16,-6.93889390390794E-17));
#9060=DIRECTION('',(8.28303950482062E-30,-7.0082828429463E-15,-1.));
#9061=DIRECTION('',(-1.,1.66533453693773E-16,-6.93889390390794E-17));
#9062=DIRECTION('',(8.28303950482062E-30,-7.0082828429463E-15,-1.));
#9063=DIRECTION('center_axis',(1.66533453693773E-16,1.,-7.0082828429463E-15));
#9064=DIRECTION('ref_axis',(0.707106781186547,4.79859507685229E-15,0.707106781186548));
#9065=DIRECTION('',(-1.,1.66533453693773E-16,-6.93889390390794E-17));
#9066=DIRECTION('center_axis',(-4.00020436071024E-16,1.,-7.0082828429463E-15));
#9067=DIRECTION('ref_axis',(-0.707106781186547,5.23364152894591E-15,0.707106781186547));
#9068=DIRECTION('center_axis',(-2.77555756156289E-16,1.,-7.0082828429463E-15));
#9069=DIRECTION('ref_axis',(0.707106781186547,-4.71027737605133E-15,-0.707106781186548));
#9070=DIRECTION('center_axis',(2.77555756156289E-16,-1.,7.0082828429463E-15));
#9071=DIRECTION('ref_axis',(0.707106781186547,-4.71027737605133E-15,-0.707106781186548));
#9072=DIRECTION('',(2.77555756156289E-16,-1.,7.0082828429463E-15));
#9073=DIRECTION('center_axis',(-2.77555756156289E-16,1.,-7.0082828429463E-15));
#9074=DIRECTION('ref_axis',(0.707106781186547,-4.71027737605133E-15,-0.707106781186548));
#9075=DIRECTION('',(-2.77555756156289E-16,1.,-7.0082828429463E-15));
#9076=DIRECTION('center_axis',(1.,2.77555756156292E-16,3.93203987888072E-16));
#9077=DIRECTION('ref_axis',(3.93203987888074E-16,-7.0082828429463E-15,-1.));
#9078=DIRECTION('',(3.93203987888074E-16,-7.0082828429463E-15,-1.));
#9079=DIRECTION('',(-2.77555756156289E-16,1.,-6.93889390390722E-15));
#9080=DIRECTION('',(-3.93203987888074E-16,7.0082828429463E-15,1.));
#9081=DIRECTION('center_axis',(-2.77555756156289E-16,1.,-7.0082828429463E-15));
#9082=DIRECTION('ref_axis',(2.76101316827354E-30,7.0082828429463E-15,1.));
#9083=DIRECTION('',(-1.,-2.77555756156289E-16,1.02282287486517E-29));
#9084=DIRECTION('',(0.,-7.40148683083438E-15,-1.));
#9085=DIRECTION('center_axis',(-2.77555756156289E-16,1.,-7.0082828429463E-15));
#9086=DIRECTION('ref_axis',(0.707106781186547,-4.71027737605133E-15,-0.707106781186548));
#9087=DIRECTION('',(2.97381167310349E-17,7.0082828429463E-15,1.));
#9088=DIRECTION('',(1.,-1.66533453693773E-16,6.93889390390794E-17));
#9089=DIRECTION('',(8.28303950482062E-30,-7.0082828429463E-15,-1.));
#9090=DIRECTION('',(1.,-1.66533453693773E-16,6.93889390390794E-17));
#9091=DIRECTION('',(8.28303950482062E-30,-7.0082828429463E-15,-1.));
#9092=DIRECTION('center_axis',(-1.66533453693773E-16,-1.,7.0082828429463E-15));
#9093=DIRECTION('ref_axis',(-0.707106781186547,5.11261356858904E-15,0.707106781186548));
#9094=DIRECTION('',(1.,2.77555756156289E-16,-1.92592994438723E-30));
#9095=DIRECTION('center_axis',(2.77555756156289E-16,-1.,7.0082828429463E-15));
#9096=DIRECTION('ref_axis',(0.707106781186547,5.23364152894591E-15,0.707106781186547));
#9097=DIRECTION('center_axis',(1.,4.00020436071025E-16,2.97381167310376E-17));
#9098=DIRECTION('ref_axis',(-2.97381167310404E-17,7.00828284294629E-15,
1.));
#9099=DIRECTION('',(4.00020436071024E-16,-1.,7.0082828429463E-15));
#9100=DIRECTION('',(-2.97381167310404E-17,7.00828284294629E-15,1.));
#9101=DIRECTION('',(4.00020436071024E-16,-1.,7.0082828429463E-15));
#9102=DIRECTION('center_axis',(-2.77555756156289E-16,1.,-7.0082828429463E-15));
#9103=DIRECTION('ref_axis',(0.707106781186547,-4.71027737605133E-15,-0.707106781186548));
#9104=DIRECTION('',(-2.77555756156289E-16,1.,-7.0082828429463E-15));
#9105=DIRECTION('center_axis',(2.48785215638917E-44,1.,0.));
#9106=DIRECTION('ref_axis',(0.707106781186547,-4.71027737605133E-15,-0.707106781186548));
#9107=DIRECTION('',(4.00020436071024E-16,-1.,7.0082828429463E-15));
#9108=DIRECTION('center_axis',(-4.00020436071024E-16,1.,-7.00828284294629E-15));
#9109=DIRECTION('ref_axis',(-0.707106781186548,-5.49532360539321E-15,-0.707106781186547));
#9110=DIRECTION('',(4.00020436071024E-16,-1.,7.0082828429463E-15));
#9111=DIRECTION('center_axis',(-2.48785215638917E-44,-1.,0.));
#9112=DIRECTION('ref_axis',(-0.707106781186548,-5.49532360539321E-15,-0.707106781186547));
#9113=DIRECTION('',(-2.77555756156289E-16,1.,-7.0082828429463E-15));
#9114=DIRECTION('center_axis',(2.77555756156289E-16,-1.,7.0082828429463E-15));
#9115=DIRECTION('ref_axis',(0.707106781186547,-4.71027737605133E-15,-0.707106781186548));
#9116=DIRECTION('',(-2.77555756156289E-16,1.,-7.0082828429463E-15));
#9117=DIRECTION('center_axis',(-1.,-2.77555756156289E-16,2.97381167310368E-17));
#9118=DIRECTION('ref_axis',(2.97381167310349E-17,7.0082828429463E-15,1.));
#9119=DIRECTION('',(2.97381167310349E-17,7.0082828429463E-15,1.));
#9120=DIRECTION('',(-2.77555756156289E-16,1.,-7.0082828429463E-15));
#9121=DIRECTION('center_axis',(-4.00020436071024E-16,1.,-6.93889390390722E-15));
#9122=DIRECTION('ref_axis',(-0.707106781186547,5.23364152894591E-15,0.707106781186547));
#9123=DIRECTION('center_axis',(4.00020436071024E-16,-1.,7.00828284294629E-15));
#9124=DIRECTION('ref_axis',(-0.707106781186547,5.23364152894591E-15,0.707106781186547));
#9125=DIRECTION('',(-4.00020436071024E-16,1.,-6.93889390390722E-15));
#9126=DIRECTION('center_axis',(2.77555756156289E-16,-1.,6.93889390390722E-15));
#9127=DIRECTION('ref_axis',(0.707106781186547,5.23364152894591E-15,0.707106781186547));
#9128=DIRECTION('center_axis',(-2.77555756156289E-16,1.,-7.0082828429463E-15));
#9129=DIRECTION('ref_axis',(0.707106781186547,5.23364152894591E-15,0.707106781186547));
#9130=DIRECTION('',(2.77555756156289E-16,-1.,6.93889390390722E-15));
#9131=DIRECTION('center_axis',(2.77555756156289E-16,-1.,7.0082828429463E-15));
#9132=DIRECTION('ref_axis',(1.,2.77555756156289E-16,-1.02282287486517E-29));
#9133=DIRECTION('',(-1.,-2.77555756156289E-16,1.92592994438723E-30));
#9134=DIRECTION('center_axis',(1.66533453693773E-16,1.,-7.0082828429463E-15));
#9135=DIRECTION('ref_axis',(-0.707106781186547,5.11261356858904E-15,0.707106781186548));
#9136=DIRECTION('',(8.28303950482062E-30,-7.0082828429463E-15,-1.));
#9137=DIRECTION('',(-1.,1.66533453693773E-16,-6.93889390390794E-17));
#9138=DIRECTION('',(8.28303950482062E-30,-7.0082828429463E-15,-1.));
#9139=DIRECTION('',(-1.,1.66533453693773E-16,-6.93889390390794E-17));
#9140=DIRECTION('',(0.,7.40148683083438E-15,1.));
#9141=DIRECTION('',(1.,2.77555756156289E-16,-1.02282287486517E-29));
#9142=DIRECTION('center_axis',(0.,-6.93889390390722E-15,-1.));
#9143=DIRECTION('ref_axis',(-1.,0.,0.));
#9144=DIRECTION('',(1.66533453693773E-16,1.,-7.00828284294629E-15));
#9145=DIRECTION('center_axis',(-1.66533453693773E-16,-1.,7.00828284294629E-15));
#9146=DIRECTION('ref_axis',(-0.707106781186547,5.11261356858904E-15,0.707106781186548));
#9147=DIRECTION('',(-1.66533453693773E-16,-1.,7.00828284294629E-15));
#9148=DIRECTION('center_axis',(-1.,1.66533453693773E-16,-9.45015305111929E-30));
#9149=DIRECTION('ref_axis',(1.66533453693773E-16,1.,-7.00828284294629E-15));
#9150=DIRECTION('',(1.66533453693773E-16,1.,-7.00828284294629E-15));
#9151=DIRECTION('center_axis',(8.28303950482062E-30,-7.0082828429463E-15,
-1.));
#9152=DIRECTION('ref_axis',(-1.66533453693773E-16,-1.,7.0082828429463E-15));
#9153=DIRECTION('',(-1.66533453693773E-16,-1.,7.0082828429463E-15));
#9154=DIRECTION('center_axis',(1.,-1.66533453693773E-16,9.45015305111929E-30));
#9155=DIRECTION('ref_axis',(-1.66533453693773E-16,-1.,7.00828284294629E-15));
#9156=DIRECTION('',(-1.66533453693773E-16,-1.,7.00828284294629E-15));
#9157=DIRECTION('center_axis',(8.28303950482062E-30,-7.0082828429463E-15,
-1.));
#9158=DIRECTION('ref_axis',(-1.66533453693773E-16,-1.,7.0082828429463E-15));
#9159=DIRECTION('center_axis',(-1.66533453693773E-16,-1.,7.00828284294629E-15));
#9160=DIRECTION('ref_axis',(0.707106781186547,4.79859507685229E-15,0.707106781186548));
#9161=DIRECTION('',(1.66533453693773E-16,1.,-7.00828284294629E-15));
#9162=DIRECTION('center_axis',(-1.66533453693773E-16,-1.,7.0082828429463E-15));
#9163=DIRECTION('ref_axis',(0.707106781186547,4.79859507685229E-15,0.707106781186548));
#9164=DIRECTION('',(-1.66533453693773E-16,-1.,7.00828284294629E-15));
#9165=DIRECTION('center_axis',(1.,-1.66533453693773E-16,9.45015305111929E-30));
#9166=DIRECTION('ref_axis',(-1.66533453693773E-16,-1.,7.00828284294629E-15));
#9167=DIRECTION('',(-1.66533453693773E-16,-1.,7.00828284294629E-15));
#9168=DIRECTION('',(8.28303950482062E-30,-7.0082828429463E-15,-1.));
#9169=DIRECTION('center_axis',(8.28303950482062E-30,-7.0082828429463E-15,
-1.));
#9170=DIRECTION('ref_axis',(-1.66533453693773E-16,-1.,7.0082828429463E-15));
#9171=DIRECTION('',(1.,-1.66533453693773E-16,6.93889390390794E-17));
#9172=DIRECTION('',(1.66533453693773E-16,1.,-7.0082828429463E-15));
#9173=DIRECTION('center_axis',(-1.,1.66533453693773E-16,-9.45015305111929E-30));
#9174=DIRECTION('ref_axis',(1.66533453693773E-16,1.,-7.00828284294629E-15));
#9175=DIRECTION('',(8.28303950482062E-30,-7.0082828429463E-15,-1.));
#9176=DIRECTION('',(1.66533453693773E-16,1.,-7.00828284294629E-15));
#9177=DIRECTION('center_axis',(8.28303950482062E-30,-7.0082828429463E-15,
-1.));
#9178=DIRECTION('ref_axis',(-1.66533453693773E-16,-1.,7.0082828429463E-15));
#9179=DIRECTION('',(1.,-1.66533453693773E-16,6.93889390390794E-17));
#9180=DIRECTION('center_axis',(0.,-6.93889390390722E-15,-1.));
#9181=DIRECTION('ref_axis',(-1.,0.,0.));
#9182=DIRECTION('',(1.,4.00020436071024E-16,-2.77569936529154E-30));
#9183=DIRECTION('center_axis',(-4.00020436071024E-16,1.,-7.00828284294629E-15));
#9184=DIRECTION('ref_axis',(-1.,-4.00020436071024E-16,-1.10016094824233E-29));
#9185=DIRECTION('',(0.,7.40148683083438E-15,1.));
#9186=DIRECTION('',(-1.,-4.00020436071024E-16,-1.10016094824233E-29));
#9187=DIRECTION('center_axis',(-1.,0.,0.));
#9188=DIRECTION('ref_axis',(0.,0.,1.));
#9189=DIRECTION('',(0.,-1.,7.0082828429463E-15));
#9190=DIRECTION('',(0.,6.93889390390723E-15,1.));
#9191=DIRECTION('center_axis',(-1.,0.,0.));
#9192=DIRECTION('ref_axis',(0.,-0.707106781186547,-0.707106781186548));
#9193=DIRECTION('',(0.,0.,-1.));
#9194=DIRECTION('center_axis',(-2.48785215638917E-44,-1.,0.));
#9195=DIRECTION('ref_axis',(-1.,2.48785215638917E-44,-7.00649232162409E-46));
#9196=DIRECTION('',(0.,0.,-1.));
#9197=DIRECTION('',(-1.,2.48785215638917E-44,0.));
#9198=DIRECTION('center_axis',(1.,0.,0.));
#9199=DIRECTION('ref_axis',(0.,0.,-1.));
#9200=DIRECTION('',(0.,0.,1.));
#9201=DIRECTION('center_axis',(1.,0.,0.));
#9202=DIRECTION('ref_axis',(0.,0.707106781186547,-0.707106781186548));
#9203=DIRECTION('',(0.,1.,-7.0082828429463E-15));
#9204=DIRECTION('center_axis',(-1.,2.48785215638917E-44,0.));
#9205=DIRECTION('ref_axis',(0.,-0.707106781186547,-0.707106781186548));
#9206=DIRECTION('',(1.,-2.48785215638917E-44,0.));
#9207=DIRECTION('center_axis',(2.48785215638917E-44,1.,0.));
#9208=DIRECTION('ref_axis',(1.,-2.48785215638917E-44,7.00649232162409E-46));
#9209=DIRECTION('center_axis',(1.38050658413677E-29,-7.0082828429463E-15,
-1.));
#9210=DIRECTION('ref_axis',(1.,4.00020436071024E-16,1.10016094824233E-29));
#9211=DIRECTION('center_axis',(-8.28303950482062E-30,-7.0082828429463E-15,
-1.));
#9212=DIRECTION('ref_axis',(-1.,-2.77555756156289E-16,1.02282287486517E-29));
#9213=DIRECTION('center_axis',(0.,-1.,0.));
#9214=DIRECTION('ref_axis',(1.,0.,0.));
#9215=DIRECTION('center_axis',(-1.,0.,0.));
#9216=DIRECTION('ref_axis',(0.,0.707106781186547,0.707106781186547));
#9217=DIRECTION('center_axis',(0.,0.,-1.));
#9218=DIRECTION('ref_axis',(0.70710678118654,0.707106781186555,0.));
#9219=DIRECTION('center_axis',(0.,-1.,0.));
#9220=DIRECTION('ref_axis',(1.,0.,0.));
#9221=DIRECTION('center_axis',(-1.,0.,0.));
#9222=DIRECTION('ref_axis',(0.,0.,1.));
#9223=DIRECTION('center_axis',(0.,0.,-1.));
#9224=DIRECTION('ref_axis',(0.70710678118654,0.707106781186555,0.));
#9225=DIRECTION('center_axis',(-1.,0.,0.));
#9226=DIRECTION('ref_axis',(0.,0.,1.));
#9227=DIRECTION('center_axis',(0.,0.,-1.));
#9228=DIRECTION('ref_axis',(-0.707106781186541,0.707106781186553,0.));
#9229=DIRECTION('center_axis',(1.,0.,0.));
#9230=DIRECTION('ref_axis',(0.,1.,0.));
#9231=DIRECTION('center_axis',(0.,-1.,0.));
#9232=DIRECTION('ref_axis',(0.,0.,1.));
#9233=DIRECTION('center_axis',(0.,0.,-1.));
#9234=DIRECTION('ref_axis',(-0.707106781186541,0.707106781186553,0.));
#9235=DIRECTION('center_axis',(0.,-1.,0.));
#9236=DIRECTION('ref_axis',(0.,0.,1.));
#9237=DIRECTION('center_axis',(0.,0.,-1.));
#9238=DIRECTION('ref_axis',(-0.707106781186548,0.707106781186548,0.));
#9239=DIRECTION('center_axis',(0.,0.,-1.));
#9240=DIRECTION('ref_axis',(0.707106781186544,-0.707106781186551,0.));
#9241=DIRECTION('center_axis',(-1.,0.,0.));
#9242=DIRECTION('ref_axis',(0.,-1.,0.));
#9243=DIRECTION('center_axis',(0.,1.,0.));
#9244=DIRECTION('ref_axis',(0.,0.,1.));
#9245=DIRECTION('center_axis',(0.,0.,-1.));
#9246=DIRECTION('ref_axis',(0.707106781186544,-0.707106781186551,0.));
#9247=DIRECTION('center_axis',(0.,1.,0.));
#9248=DIRECTION('ref_axis',(0.,0.,1.));
#9249=DIRECTION('center_axis',(0.,0.,-1.));
#9250=DIRECTION('ref_axis',(0.707106781186548,-0.707106781186548,0.));
#9251=DIRECTION('center_axis',(0.,1.,0.));
#9252=DIRECTION('ref_axis',(-1.,0.,0.));
#9253=DIRECTION('center_axis',(1.,0.,0.));
#9254=DIRECTION('ref_axis',(0.,-0.707106781186544,0.707106781186551));
#9255=DIRECTION('center_axis',(0.,0.,-1.));
#9256=DIRECTION('ref_axis',(-0.707106781186546,-0.707106781186549,0.));
#9257=DIRECTION('center_axis',(0.,1.,0.));
#9258=DIRECTION('ref_axis',(-1.,0.,0.));
#9259=DIRECTION('center_axis',(1.,0.,0.));
#9260=DIRECTION('ref_axis',(0.,0.,1.));
#9261=DIRECTION('center_axis',(0.,0.,-1.));
#9262=DIRECTION('ref_axis',(-0.707106781186546,-0.707106781186549,0.));
#9263=DIRECTION('center_axis',(1.,0.,0.));
#9264=DIRECTION('ref_axis',(0.,0.,1.));
#9265=DIRECTION('center_axis',(1.,0.,0.));
#9266=DIRECTION('ref_axis',(0.,1.,0.));
#9267=DIRECTION('center_axis',(0.,-1.,0.));
#9268=DIRECTION('ref_axis',(-0.707106781186532,0.,0.707106781186563));
#9269=DIRECTION('center_axis',(0.,0.,-1.));
#9270=DIRECTION('ref_axis',(-0.70710678118654,0.707106781186555,0.));
#9271=DIRECTION('center_axis',(1.,0.,0.));
#9272=DIRECTION('ref_axis',(0.,1.,0.));
#9273=DIRECTION('center_axis',(0.,-1.,0.));
#9274=DIRECTION('ref_axis',(0.,0.,1.));
#9275=DIRECTION('center_axis',(0.,0.,-1.));
#9276=DIRECTION('ref_axis',(-0.70710678118654,0.707106781186555,0.));
#9277=DIRECTION('center_axis',(0.,-1.,0.));
#9278=DIRECTION('ref_axis',(0.,0.,1.));
#9279=DIRECTION('center_axis',(0.,-1.,0.));
#9280=DIRECTION('ref_axis',(1.,0.,0.));
#9281=DIRECTION('center_axis',(-1.,0.,0.));
#9282=DIRECTION('ref_axis',(0.,0.70710678118654,0.707106781186555));
#9283=DIRECTION('center_axis',(0.,0.,-1.));
#9284=DIRECTION('ref_axis',(0.707106781186555,0.70710678118654,0.));
#9285=DIRECTION('center_axis',(0.,-1.,0.));
#9286=DIRECTION('ref_axis',(1.,0.,0.));
#9287=DIRECTION('center_axis',(-1.,0.,0.));
#9288=DIRECTION('ref_axis',(0.,0.,1.));
#9289=DIRECTION('center_axis',(0.,0.,-1.));
#9290=DIRECTION('ref_axis',(0.707106781186555,0.70710678118654,0.));
#9291=DIRECTION('center_axis',(-1.,0.,0.));
#9292=DIRECTION('ref_axis',(0.,0.,1.));
#9293=DIRECTION('center_axis',(0.,0.,-1.));
#9294=DIRECTION('ref_axis',(-0.707106781186547,0.707106781186547,0.));
#9295=DIRECTION('center_axis',(1.,0.,0.));
#9296=DIRECTION('ref_axis',(0.,1.,0.));
#9297=DIRECTION('center_axis',(0.,-1.,0.));
#9298=DIRECTION('ref_axis',(0.,0.,1.));
#9299=DIRECTION('center_axis',(0.,0.,-1.));
#9300=DIRECTION('ref_axis',(-0.707106781186547,0.707106781186547,0.));
#9301=DIRECTION('center_axis',(0.,-1.,0.));
#9302=DIRECTION('ref_axis',(0.,0.,1.));
#9303=DIRECTION('center_axis',(0.,0.,-1.));
#9304=DIRECTION('ref_axis',(-0.70710678118654,0.707106781186555,0.));
#9305=DIRECTION('center_axis',(0.,1.,0.));
#9306=DIRECTION('ref_axis',(-1.,0.,0.));
#9307=DIRECTION('center_axis',(1.,0.,0.));
#9308=DIRECTION('ref_axis',(0.,-0.707106781186544,0.707106781186551));
#9309=DIRECTION('center_axis',(0.,0.,-1.));
#9310=DIRECTION('ref_axis',(-0.707106781186551,-0.707106781186544,0.));
#9311=DIRECTION('center_axis',(0.,1.,0.));
#9312=DIRECTION('ref_axis',(-1.,0.,0.));
#9313=DIRECTION('center_axis',(1.,0.,0.));
#9314=DIRECTION('ref_axis',(0.,0.,1.));
#9315=DIRECTION('center_axis',(0.,0.,-1.));
#9316=DIRECTION('ref_axis',(-0.707106781186551,-0.707106781186544,0.));
#9317=DIRECTION('center_axis',(1.,0.,0.));
#9318=DIRECTION('ref_axis',(0.,0.,1.));
#9319=DIRECTION('center_axis',(0.,1.,0.));
#9320=DIRECTION('ref_axis',(-0.707106781186547,0.,0.707106781186547));
#9321=DIRECTION('center_axis',(1.,0.,0.));
#9322=DIRECTION('ref_axis',(0.,0.,1.));
#9323=DIRECTION('center_axis',(0.,0.,-1.));
#9324=DIRECTION('ref_axis',(-0.70710678118654,-0.707106781186555,0.));
#9325=DIRECTION('center_axis',(0.,1.,0.));
#9326=DIRECTION('ref_axis',(-0.707106781186547,0.,0.707106781186547));
#9327=DIRECTION('center_axis',(1.,0.,0.));
#9328=DIRECTION('ref_axis',(0.,-0.70710678118654,0.707106781186555));
#9329=DIRECTION('center_axis',(0.,0.,-1.));
#9330=DIRECTION('ref_axis',(-0.70710678118654,-0.707106781186555,0.));
#9331=DIRECTION('center_axis',(0.,1.,0.));
#9332=DIRECTION('ref_axis',(-1.,0.,0.));
#9333=DIRECTION('center_axis',(1.,0.,0.));
#9334=DIRECTION('ref_axis',(0.,-0.70710678118654,0.707106781186555));
#9335=DIRECTION('center_axis',(0.,0.,-1.));
#9336=DIRECTION('ref_axis',(-0.70710678118654,-0.707106781186555,0.));
#9337=DIRECTION('center_axis',(0.,1.,0.));
#9338=DIRECTION('ref_axis',(-1.,0.,0.));
#9339=DIRECTION('center_axis',(0.,0.,-1.));
#9340=DIRECTION('ref_axis',(0.707106781186551,-0.707106781186544,0.));
#9341=DIRECTION('center_axis',(-1.,0.,0.));
#9342=DIRECTION('ref_axis',(0.,-1.,0.));
#9343=DIRECTION('center_axis',(0.,1.,0.));
#9344=DIRECTION('ref_axis',(0.,0.,1.));
#9345=DIRECTION('center_axis',(0.,0.,-1.));
#9346=DIRECTION('ref_axis',(0.707106781186551,-0.707106781186544,0.));
#9347=DIRECTION('center_axis',(0.,1.,0.));
#9348=DIRECTION('ref_axis',(0.,0.,1.));
#9349=DIRECTION('center_axis',(0.,0.,-1.));
#9350=DIRECTION('ref_axis',(0.70710678118654,-0.707106781186555,0.));
#9351=DIRECTION('center_axis',(0.,0.,1.));
#9352=DIRECTION('ref_axis',(0.707106781186555,-0.70710678118654,0.));
#9353=DIRECTION('',(0.,0.,-1.));
#9354=DIRECTION('center_axis',(0.,0.,-1.));
#9355=DIRECTION('ref_axis',(0.707106781186555,-0.70710678118654,0.));
#9356=DIRECTION('',(0.,0.,1.));
#9357=DIRECTION('center_axis',(0.707106781186548,0.,-0.707106781186548));
#9358=DIRECTION('ref_axis',(-0.707106781186547,0.,-0.707106781186547));
#9359=DIRECTION('center_axis',(1.,0.,0.));
#9360=DIRECTION('ref_axis',(0.,-0.707106781186555,0.70710678118654));
#9361=DIRECTION('',(-1.,0.,0.));
#9362=DIRECTION('center_axis',(0.707106781186548,0.707106781186548,0.));
#9363=DIRECTION('ref_axis',(-0.707106781186547,0.707106781186547,0.));
#9364=DIRECTION('',(1.,0.,0.));
#9365=DIRECTION('center_axis',(-1.,0.,0.));
#9366=DIRECTION('ref_axis',(0.,-1.,0.));
#9367=DIRECTION('center_axis',(0.,1.,0.));
#9368=DIRECTION('ref_axis',(0.707106781186547,0.,0.707106781186547));
#9369=DIRECTION('center_axis',(0.,1.,0.));
#9370=DIRECTION('ref_axis',(0.707106781186548,0.,0.707106781186548));
#9371=DIRECTION('',(0.,-1.,0.));
#9372=DIRECTION('',(0.,1.,0.));
#9373=DIRECTION('center_axis',(1.,0.,0.));
#9374=DIRECTION('ref_axis',(0.,0.,1.));
#9375=DIRECTION('center_axis',(0.,0.,-1.));
#9376=DIRECTION('ref_axis',(-0.70710678118654,-0.707106781186555,0.));
#9377=DIRECTION('center_axis',(1.,0.,0.));
#9378=DIRECTION('ref_axis',(0.,-0.707106781186555,0.70710678118654));
#9379=DIRECTION('',(-1.,0.,0.));
#9380=DIRECTION('',(1.,0.,0.));
#9381=DIRECTION('center_axis',(0.,-1.,0.));
#9382=DIRECTION('ref_axis',(-0.707106781186563,0.,0.707106781186532));
#9383=DIRECTION('',(0.,-1.,0.));
#9384=DIRECTION('',(0.,1.,0.));
#9385=DIRECTION('center_axis',(0.707106781186548,-0.707106781186548,0.));
#9386=DIRECTION('ref_axis',(0.707106781186547,0.707106781186547,0.));
#9387=DIRECTION('center_axis',(0.,0.,1.));
#9388=DIRECTION('ref_axis',(0.70710678118654,0.707106781186555,0.));
#9389=DIRECTION('',(0.,0.,-1.));
#9390=DIRECTION('center_axis',(0.,0.,-1.));
#9391=DIRECTION('ref_axis',(0.70710678118654,0.707106781186555,0.));
#9392=DIRECTION('',(0.,0.,1.));
#9393=DIRECTION('center_axis',(0.707106781186555,0.,-0.70710678118654));
#9394=DIRECTION('ref_axis',(-0.70710678118654,0.,-0.707106781186555));
#9395=DIRECTION('center_axis',(0.,0.,-1.));
#9396=DIRECTION('ref_axis',(-0.70710678118654,-0.707106781186555,0.));
#9397=DIRECTION('center_axis',(1.,0.,0.));
#9398=DIRECTION('ref_axis',(0.,-0.707106781186555,0.70710678118654));
#9399=DIRECTION('',(-1.,0.,0.));
#9400=DIRECTION('',(1.,0.,0.));
#9401=DIRECTION('center_axis',(1.,0.,0.));
#9402=DIRECTION('ref_axis',(0.,1.,0.));
#9403=DIRECTION('center_axis',(0.,-1.,0.));
#9404=DIRECTION('ref_axis',(-0.707106781186547,0.,0.707106781186547));
#9405=DIRECTION('center_axis',(0.,-1.,0.));
#9406=DIRECTION('ref_axis',(-0.707106781186548,0.,0.707106781186548));
#9407=DIRECTION('',(0.,1.,0.));
#9408=DIRECTION('',(0.,-1.,0.));
#9409=DIRECTION('center_axis',(0.,0.,-1.));
#9410=DIRECTION('ref_axis',(0.70710678118654,0.707106781186555,0.));
#9411=DIRECTION('center_axis',(-1.,0.,0.));
#9412=DIRECTION('ref_axis',(0.,0.707106781186555,0.70710678118654));
#9413=DIRECTION('',(-1.,0.,0.));
#9414=DIRECTION('',(1.,0.,0.));
#9415=DIRECTION('center_axis',(-0.707106781186548,-0.707106781186548,0.));
#9416=DIRECTION('ref_axis',(0.707106781186547,-0.707106781186547,0.));
#9417=DIRECTION('center_axis',(0.,0.,-1.));
#9418=DIRECTION('ref_axis',(-0.707106781186555,0.70710678118654,0.));
#9419=DIRECTION('center_axis',(0.,-1.,0.));
#9420=DIRECTION('ref_axis',(-0.707106781186563,0.,0.707106781186532));
#9421=DIRECTION('',(0.,1.,0.));
#9422=DIRECTION('',(0.,-1.,0.));
#9423=DIRECTION('center_axis',(-1.,0.,0.));
#9424=DIRECTION('ref_axis',(0.,0.707106781186555,0.70710678118654));
#9425=DIRECTION('',(1.,0.,0.));
#9426=DIRECTION('',(-1.,0.,0.));
#9427=DIRECTION('center_axis',(0.,1.,0.));
#9428=DIRECTION('ref_axis',(0.707106781186548,0.,0.707106781186548));
#9429=DIRECTION('',(0.,1.,0.));
#9430=DIRECTION('',(0.,-1.,0.));
#9431=DIRECTION('center_axis',(-0.707106781186548,0.707106781186548,0.));
#9432=DIRECTION('ref_axis',(-0.707106781186547,-0.707106781186547,0.));
#9433=DIRECTION('center_axis',(-1.,0.,0.));
#9434=DIRECTION('ref_axis',(0.,0.707106781186555,0.70710678118654));
#9435=DIRECTION('',(-1.,0.,0.));
#9436=DIRECTION('',(1.,0.,0.));
#9437=DIRECTION('center_axis',(0.,-1.,0.));
#9438=DIRECTION('ref_axis',(1.,0.,0.));
#9439=DIRECTION('',(0.,0.,1.));
#9440=DIRECTION('',(-1.,0.,0.));
#9441=DIRECTION('center_axis',(1.,0.,0.));
#9442=DIRECTION('ref_axis',(0.,1.,0.));
#9443=DIRECTION('',(0.,-1.,0.));
#9444=DIRECTION('center_axis',(0.,-1.,0.));
#9445=DIRECTION('ref_axis',(1.,0.,0.));
#9446=DIRECTION('',(-1.,0.,0.));
#9447=DIRECTION('center_axis',(-1.,0.,0.));
#9448=DIRECTION('ref_axis',(0.,-1.,0.));
#9449=DIRECTION('',(0.,0.,1.));
#9450=DIRECTION('',(0.,1.,0.));
#9451=DIRECTION('center_axis',(0.,-1.,0.));
#9452=DIRECTION('ref_axis',(1.,0.,0.));
#9453=DIRECTION('',(-1.,0.,0.));
#9454=DIRECTION('center_axis',(-1.,0.,0.));
#9455=DIRECTION('ref_axis',(0.,-1.,0.));
#9456=DIRECTION('',(0.,1.,0.));
#9457=DIRECTION('center_axis',(0.,1.,0.));
#9458=DIRECTION('ref_axis',(-1.,0.,0.));
#9459=DIRECTION('',(0.,0.,1.));
#9460=DIRECTION('',(1.,0.,0.));
#9461=DIRECTION('center_axis',(-1.,0.,0.));
#9462=DIRECTION('ref_axis',(0.,-1.,0.));
#9463=DIRECTION('',(0.,1.,0.));
#9464=DIRECTION('center_axis',(0.,0.,-1.));
#9465=DIRECTION('ref_axis',(-0.707106781186548,-0.707106781186548,0.));
#9466=DIRECTION('center_axis',(-1.,0.,0.));
#9467=DIRECTION('ref_axis',(0.,-1.,0.));
#9468=DIRECTION('center_axis',(0.,1.,0.));
#9469=DIRECTION('ref_axis',(0.70710678118654,0.,0.707106781186555));
#9470=DIRECTION('center_axis',(1.,0.,0.));
#9471=DIRECTION('ref_axis',(0.,1.,0.));
#9472=DIRECTION('center_axis',(0.,-1.,0.));
#9473=DIRECTION('ref_axis',(-0.707106781186542,0.,0.707106781186553));
#9474=DIRECTION('center_axis',(0.,-1.,0.));
#9475=DIRECTION('ref_axis',(-0.707106781186555,0.,0.70710678118654));
#9476=DIRECTION('',(0.,1.,0.));
#9477=DIRECTION('',(0.,-1.,0.));
#9478=DIRECTION('center_axis',(0.,0.,-1.));
#9479=DIRECTION('ref_axis',(0.707106781186548,0.707106781186548,0.));
#9480=DIRECTION('center_axis',(-1.,0.,0.));
#9481=DIRECTION('ref_axis',(0.,0.707106781186555,0.70710678118654));
#9482=DIRECTION('',(1.,0.,0.));
#9483=DIRECTION('',(-1.,0.,0.));
#9484=DIRECTION('center_axis',(0.,1.,0.));
#9485=DIRECTION('ref_axis',(0.707106781186555,0.,0.70710678118654));
#9486=DIRECTION('',(0.,-1.,0.));
#9487=DIRECTION('',(0.,1.,0.));
#9488=DIRECTION('center_axis',(1.,0.,0.));
#9489=DIRECTION('ref_axis',(0.,-0.707106781186555,0.70710678118654));
#9490=DIRECTION('',(-1.,0.,0.));
#9491=DIRECTION('',(1.,0.,0.));
#9492=DIRECTION('center_axis',(-1.,0.,0.));
#9493=DIRECTION('ref_axis',(0.,-1.,0.));
#9494=DIRECTION('',(0.,1.,0.));
#9495=DIRECTION('center_axis',(0.,1.,0.));
#9496=DIRECTION('ref_axis',(-1.,0.,0.));
#9497=DIRECTION('',(1.,0.,0.));
#9498=DIRECTION('center_axis',(0.,0.,1.));
#9499=DIRECTION('ref_axis',(1.,0.,0.));
#9500=DIRECTION('center_axis',(1.,0.,0.));
#9501=DIRECTION('ref_axis',(0.,1.,0.));
#9502=DIRECTION('',(0.,-1.,0.));
#9503=DIRECTION('center_axis',(0.,-1.,0.));
#9504=DIRECTION('ref_axis',(1.,0.,0.));
#9505=DIRECTION('',(-1.,0.,0.));
#9506=DIRECTION('center_axis',(0.,1.,0.));
#9507=DIRECTION('ref_axis',(-1.,0.,0.));
#9508=DIRECTION('',(1.,0.,0.));
#9509=DIRECTION('center_axis',(1.,0.,0.));
#9510=DIRECTION('ref_axis',(0.,1.,0.));
#9511=DIRECTION('',(0.,0.,1.));
#9512=DIRECTION('',(0.,-1.,0.));
#9513=DIRECTION('center_axis',(0.,1.,0.));
#9514=DIRECTION('ref_axis',(-1.,0.,0.));
#9515=DIRECTION('',(1.,0.,0.));
#9516=DIRECTION('center_axis',(1.,0.,0.));
#9517=DIRECTION('ref_axis',(0.,1.,0.));
#9518=DIRECTION('',(0.,-1.,0.));
#9519=DIRECTION('',(0.,1.,0.));
#9520=DIRECTION('center_axis',(0.,0.,1.));
#9521=DIRECTION('ref_axis',(1.,0.,0.));
#9522=DIRECTION('center_axis',(0.,-1.,0.));
#9523=DIRECTION('ref_axis',(1.,0.,0.));
#9524=DIRECTION('',(1.,0.,0.));
#9525=DIRECTION('',(0.,0.,1.));
#9526=DIRECTION('',(1.,0.,0.));
#9527=DIRECTION('',(0.,0.,1.));
#9528=DIRECTION('center_axis',(0.,0.,1.));
#9529=DIRECTION('ref_axis',(1.,0.,0.));
#9530=DIRECTION('',(0.,-1.,0.));
#9531=DIRECTION('',(-1.,0.,0.));
#9532=DIRECTION('',(0.,1.,0.));
#9533=DIRECTION('center_axis',(-1.,0.,0.));
#9534=DIRECTION('ref_axis',(0.,-1.,0.));
#9535=DIRECTION('',(0.,-1.,0.));
#9536=DIRECTION('',(0.,0.,1.));
#9537=DIRECTION('',(0.,-1.,0.));
#9538=DIRECTION('',(0.,0.,1.));
#9539=DIRECTION('center_axis',(0.,0.,1.));
#9540=DIRECTION('ref_axis',(1.,0.,0.));
#9541=DIRECTION('',(0.,1.,0.));
#9542=DIRECTION('',(1.,0.,0.));
#9543=DIRECTION('',(-1.,0.,0.));
#9544=DIRECTION('center_axis',(-1.,0.,0.));
#9545=DIRECTION('ref_axis',(0.,-1.,0.));
#9546=DIRECTION('',(0.,-1.,0.));
#9547=DIRECTION('',(0.,0.,1.));
#9548=DIRECTION('',(0.,-1.,0.));
#9549=DIRECTION('',(0.,0.,1.));
#9550=DIRECTION('center_axis',(0.,0.,1.));
#9551=DIRECTION('ref_axis',(1.,0.,0.));
#9552=DIRECTION('',(0.,1.,0.));
#9553=DIRECTION('',(1.,0.,0.));
#9554=DIRECTION('',(-1.,0.,0.));
#9555=DIRECTION('center_axis',(0.,-1.,0.));
#9556=DIRECTION('ref_axis',(1.,0.,0.));
#9557=DIRECTION('',(1.,0.,0.));
#9558=DIRECTION('',(0.,0.,1.));
#9559=DIRECTION('',(1.,0.,0.));
#9560=DIRECTION('',(0.,0.,1.));
#9561=DIRECTION('center_axis',(0.,0.,1.));
#9562=DIRECTION('ref_axis',(1.,0.,0.));
#9563=DIRECTION('',(0.,-1.,0.));
#9564=DIRECTION('',(-1.,0.,0.));
#9565=DIRECTION('',(0.,1.,0.));
#9566=DIRECTION('center_axis',(1.,0.,0.));
#9567=DIRECTION('ref_axis',(0.,1.,0.));
#9568=DIRECTION('',(0.,1.,0.));
#9569=DIRECTION('',(0.,0.,1.));
#9570=DIRECTION('',(0.,1.,0.));
#9571=DIRECTION('',(0.,0.,1.));
#9572=DIRECTION('center_axis',(0.,0.,1.));
#9573=DIRECTION('ref_axis',(1.,0.,0.));
#9574=DIRECTION('',(-1.,0.,0.));
#9575=DIRECTION('',(1.,0.,0.));
#9576=DIRECTION('',(0.,-1.,0.));
#9577=DIRECTION('center_axis',(1.,0.,0.));
#9578=DIRECTION('ref_axis',(0.,1.,0.));
#9579=DIRECTION('',(0.,1.,0.));
#9580=DIRECTION('',(0.,0.,1.));
#9581=DIRECTION('',(0.,1.,0.));
#9582=DIRECTION('',(0.,0.,1.));
#9583=DIRECTION('center_axis',(0.,0.,1.));
#9584=DIRECTION('ref_axis',(1.,0.,0.));
#9585=DIRECTION('',(0.,-1.,0.));
#9586=DIRECTION('',(-1.,0.,0.));
#9587=DIRECTION('',(1.,0.,0.));
#9588=DIRECTION('center_axis',(0.,1.,0.));
#9589=DIRECTION('ref_axis',(0.,0.,1.));
#9590=DIRECTION('',(0.,0.,-1.));
#9591=DIRECTION('',(1.,0.,0.));
#9592=DIRECTION('',(0.,0.,1.));
#9593=DIRECTION('center_axis',(1.,0.,0.));
#9594=DIRECTION('ref_axis',(0.,0.,-1.));
#9595=DIRECTION('',(0.,0.,-1.));
#9596=DIRECTION('',(0.,-1.,0.));
#9597=DIRECTION('',(0.,0.,1.));
#9598=DIRECTION('center_axis',(1.,0.,0.));
#9599=DIRECTION('ref_axis',(0.,0.,-1.));
#9600=DIRECTION('',(0.,0.,-1.));
#9601=DIRECTION('',(0.,-1.,0.));
#9602=DIRECTION('',(0.,0.,1.));
#9603=DIRECTION('center_axis',(0.,1.,0.));
#9604=DIRECTION('ref_axis',(0.,0.,1.));
#9605=DIRECTION('',(0.,0.,-1.));
#9606=DIRECTION('',(1.,0.,0.));
#9607=DIRECTION('',(0.,0.,1.));
#9608=DIRECTION('center_axis',(-1.,0.,0.));
#9609=DIRECTION('ref_axis',(0.,0.,1.));
#9610=DIRECTION('',(0.,0.,-1.));
#9611=DIRECTION('',(0.,1.,0.));
#9612=DIRECTION('',(0.,0.,1.));
#9613=DIRECTION('center_axis',(0.,-1.,0.));
#9614=DIRECTION('ref_axis',(1.,0.,0.));
#9615=DIRECTION('',(-1.,0.,0.));
#9616=DIRECTION('',(0.,0.,1.));
#9617=DIRECTION('',(1.,0.,0.));
#9618=DIRECTION('',(0.,0.,-1.));
#9619=DIRECTION('',(-1.,0.,0.));
#9620=DIRECTION('',(0.,0.,1.));
#9621=DIRECTION('',(1.,0.,0.));
#9622=DIRECTION('center_axis',(-1.,0.,0.));
#9623=DIRECTION('ref_axis',(0.,0.,1.));
#9624=DIRECTION('',(0.,0.,-1.));
#9625=DIRECTION('',(0.,1.,0.));
#9626=DIRECTION('center_axis',(0.,1.,0.));
#9627=DIRECTION('ref_axis',(-1.,0.,0.));
#9628=DIRECTION('',(-1.,0.,0.));
#9629=DIRECTION('',(1.,0.,0.));
#9630=DIRECTION('',(0.,0.,1.));
#9631=DIRECTION('',(-1.,0.,0.));
#9632=DIRECTION('',(0.,0.,-1.));
#9633=DIRECTION('',(1.,0.,0.));
#9634=DIRECTION('center_axis',(0.,1.,0.));
#9635=DIRECTION('ref_axis',(-1.,0.,0.));
#9636=DIRECTION('',(1.,0.,0.));
#9637=DIRECTION('',(0.,0.,1.));
#9638=DIRECTION('',(-1.,0.,0.));
#9639=DIRECTION('',(0.,0.,-1.));
#9640=DIRECTION('',(1.,0.,0.));
#9641=DIRECTION('',(-1.,0.,0.));
#9642=DIRECTION('center_axis',(0.,-1.,0.));
#9643=DIRECTION('ref_axis',(1.,0.,0.));
#9644=DIRECTION('',(1.,0.,0.));
#9645=DIRECTION('',(-1.,0.,0.));
#9646=DIRECTION('',(0.,0.,1.));
#9647=DIRECTION('',(1.,0.,0.));
#9648=DIRECTION('',(0.,0.,-1.));
#9649=DIRECTION('',(-1.,0.,0.));
#9650=DIRECTION('center_axis',(1.,0.,0.));
#9651=DIRECTION('ref_axis',(0.,1.,0.));
#9652=DIRECTION('',(0.,-1.,0.));
#9653=DIRECTION('',(0.,0.,1.));
#9654=DIRECTION('',(0.,1.,0.));
#9655=DIRECTION('',(0.,0.,-1.));
#9656=DIRECTION('',(0.,-1.,0.));
#9657=DIRECTION('',(0.,0.,1.));
#9658=DIRECTION('',(0.,1.,0.));
#9659=DIRECTION('',(0.,0.,1.));
#9660=DIRECTION('',(0.,1.,0.));
#9661=DIRECTION('center_axis',(0.,1.,0.));
#9662=DIRECTION('ref_axis',(0.,0.,1.));
#9663=DIRECTION('',(-1.,0.,0.));
#9664=DIRECTION('',(0.,0.,-1.));
#9665=DIRECTION('',(1.,0.,0.));
#9666=DIRECTION('',(0.,0.,1.));
#9667=DIRECTION('center_axis',(1.,0.,0.));
#9668=DIRECTION('ref_axis',(0.,1.,0.));
#9669=DIRECTION('',(0.,-1.,0.));
#9670=DIRECTION('',(0.,0.,1.));
#9671=DIRECTION('',(0.,1.,0.));
#9672=DIRECTION('',(0.,0.,-1.));
#9673=DIRECTION('',(0.,-1.,0.));
#9674=DIRECTION('',(0.,0.,1.));
#9675=DIRECTION('',(0.,1.,0.));
#9676=DIRECTION('',(0.,0.,1.));
#9677=DIRECTION('',(0.,1.,0.));
#9678=DIRECTION('center_axis',(0.,0.,1.));
#9679=DIRECTION('ref_axis',(-1.,0.,0.));
#9680=DIRECTION('',(-1.,0.,0.));
#9681=DIRECTION('',(0.,-1.,0.));
#9682=DIRECTION('',(-1.,0.,0.));
#9683=DIRECTION('',(0.,-1.,0.));
#9684=DIRECTION('center_axis',(0.,-1.,0.));
#9685=DIRECTION('ref_axis',(0.,0.,-1.));
#9686=DIRECTION('',(0.,0.,1.));
#9687=DIRECTION('',(1.,0.,0.));
#9688=DIRECTION('',(0.,0.,-1.));
#9689=DIRECTION('center_axis',(0.,0.,-1.));
#9690=DIRECTION('ref_axis',(-1.,0.,0.));
#9691=DIRECTION('center_axis',(0.,0.,1.));
#9692=DIRECTION('ref_axis',(0.707106781186548,-0.707106781186547,0.));
#9693=DIRECTION('',(-1.,0.,0.));
#9694=DIRECTION('',(0.,-1.,0.));
#9695=DIRECTION('',(-1.,0.,0.));
#9696=DIRECTION('',(0.,1.,0.));
#9697=DIRECTION('',(-1.,0.,0.));
#9698=DIRECTION('center_axis',(0.,0.,1.));
#9699=DIRECTION('ref_axis',(-0.707106781186548,-0.707106781186547,0.));
#9700=DIRECTION('',(-1.66533453693773E-16,1.,0.));
#9701=DIRECTION('center_axis',(0.,0.,1.));
#9702=DIRECTION('ref_axis',(-0.707106781186547,0.707106781186548,0.));
#9703=DIRECTION('',(1.,0.,0.));
#9704=DIRECTION('center_axis',(0.,0.,1.));
#9705=DIRECTION('ref_axis',(0.707106781186548,0.707106781186548,0.));
#9706=DIRECTION('',(0.,-1.,0.));
#9707=DIRECTION('',(0.,-1.,0.));
#9708=DIRECTION('',(1.,0.,0.));
#9709=DIRECTION('',(0.,1.,0.));
#9710=DIRECTION('',(-1.,0.,0.));
#9711=DIRECTION('',(0.,-1.,0.));
#9712=DIRECTION('',(-1.,0.,0.));
#9713=DIRECTION('',(0.,-1.,0.));
#9714=DIRECTION('',(-1.,0.,0.));
#9715=DIRECTION('',(0.,-1.,0.));
#9716=DIRECTION('',(1.,0.,0.));
#9717=DIRECTION('',(0.,-1.,0.));
#9718=DIRECTION('',(0.,-1.,0.));
#9719=DIRECTION('',(1.,0.,0.));
#9720=DIRECTION('',(0.,1.,0.));
#9721=DIRECTION('',(0.,1.,0.));
#9722=DIRECTION('',(-1.,0.,0.));
#9723=DIRECTION('',(0.,-1.,0.));
#9724=DIRECTION('',(0.,-1.,0.));
#9725=DIRECTION('',(1.,0.,0.));
#9726=DIRECTION('',(0.,1.,0.));
#9727=DIRECTION('',(0.,1.,0.));
#9728=DIRECTION('',(-1.,0.,0.));
#9729=DIRECTION('',(0.,-1.,0.));
#9730=DIRECTION('',(0.,-1.,0.));
#9731=DIRECTION('',(1.,0.,0.));
#9732=DIRECTION('',(0.,1.,0.));
#9733=DIRECTION('',(-1.,0.,0.));
#9734=DIRECTION('',(0.,-1.,0.));
#9735=DIRECTION('',(-1.,0.,0.));
#9736=DIRECTION('',(-1.,0.,0.));
#9737=DIRECTION('',(0.,-1.,0.));
#9738=DIRECTION('',(1.,0.,0.));
#9739=DIRECTION('',(0.,-1.,0.));
#9740=DIRECTION('',(0.,-1.,0.));
#9741=DIRECTION('',(1.,0.,0.));
#9742=DIRECTION('',(0.,1.,0.));
#9743=DIRECTION('',(-1.,0.,0.));
#9744=DIRECTION('',(0.,-1.,0.));
#9745=DIRECTION('',(-1.,0.,0.));
#9746=DIRECTION('',(0.,-1.,0.));
#9747=DIRECTION('',(-1.,0.,0.));
#9748=DIRECTION('',(0.,-1.,0.));
#9749=DIRECTION('',(1.,0.,0.));
#9750=DIRECTION('',(-1.,0.,0.));
#9751=DIRECTION('',(0.,-1.,0.));
#9752=DIRECTION('',(1.,0.,0.));
#9753=DIRECTION('',(0.,-1.,0.));
#9754=DIRECTION('',(1.,0.,0.));
#9755=DIRECTION('',(0.,1.,0.));
#9756=DIRECTION('',(-1.,0.,0.));
#9757=DIRECTION('',(0.,-1.,0.));
#9758=DIRECTION('',(-1.,0.,0.));
#9759=DIRECTION('center_axis',(1.,0.,0.));
#9760=DIRECTION('ref_axis',(0.,1.,0.));
#9761=DIRECTION('',(0.,0.,1.));
#9762=DIRECTION('',(0.,1.,0.));
#9763=DIRECTION('',(0.,0.,-1.));
#9764=DIRECTION('',(0.,0.,1.));
#9765=DIRECTION('',(0.,1.,0.));
#9766=DIRECTION('',(0.,0.,1.));
#9767=DIRECTION('',(0.,1.,0.));
#9768=DIRECTION('center_axis',(0.,1.,0.));
#9769=DIRECTION('ref_axis',(0.,0.,1.));
#9770=DIRECTION('',(0.,0.,-1.));
#9771=DIRECTION('',(1.,0.,0.));
#9772=DIRECTION('',(0.,0.,1.));
#9773=DIRECTION('center_axis',(1.,0.,0.));
#9774=DIRECTION('ref_axis',(0.,1.,0.));
#9775=DIRECTION('',(0.,0.,1.));
#9776=DIRECTION('',(0.,1.,0.));
#9777=DIRECTION('',(0.,0.,-1.));
#9778=DIRECTION('',(0.,0.,1.));
#9779=DIRECTION('',(0.,1.,0.));
#9780=DIRECTION('',(0.,0.,1.));
#9781=DIRECTION('',(0.,1.,0.));
#9782=DIRECTION('center_axis',(0.,0.,1.));
#9783=DIRECTION('ref_axis',(1.,0.,0.));
#9784=DIRECTION('',(1.,0.,0.));
#9785=DIRECTION('',(1.,0.,0.));
#9786=DIRECTION('',(0.,1.,0.));
#9787=DIRECTION('center_axis',(0.,1.,0.));
#9788=DIRECTION('ref_axis',(0.,0.,1.));
#9789=DIRECTION('',(0.,0.,-1.));
#9790=DIRECTION('center_axis',(0.,0.,1.));
#9791=DIRECTION('ref_axis',(1.,0.,0.));
#9792=DIRECTION('',(1.,0.,0.));
#9793=DIRECTION('',(1.,0.,0.));
#9794=DIRECTION('',(0.,1.,0.));
#9795=DIRECTION('center_axis',(0.,1.,0.));
#9796=DIRECTION('ref_axis',(0.,0.,1.));
#9797=DIRECTION('',(0.,0.,-1.));
#9798=DIRECTION('center_axis',(0.,0.,1.));
#9799=DIRECTION('ref_axis',(1.,0.,0.));
#9800=DIRECTION('',(1.,0.,0.));
#9801=DIRECTION('',(1.,0.,0.));
#9802=DIRECTION('',(0.,1.,0.));
#9803=DIRECTION('center_axis',(0.,1.,0.));
#9804=DIRECTION('ref_axis',(0.,0.,1.));
#9805=DIRECTION('',(0.,0.,-1.));
#9806=DIRECTION('center_axis',(0.,0.,1.));
#9807=DIRECTION('ref_axis',(1.,0.,0.));
#9808=DIRECTION('',(1.,0.,0.));
#9809=DIRECTION('',(1.,0.,0.));
#9810=DIRECTION('',(0.,1.,0.));
#9811=DIRECTION('center_axis',(0.,1.,0.));
#9812=DIRECTION('ref_axis',(0.,0.,1.));
#9813=DIRECTION('',(0.,0.,-1.));
#9814=DIRECTION('center_axis',(0.,-1.,0.));
#9815=DIRECTION('ref_axis',(0.,0.,-1.));
#9816=DIRECTION('',(0.,0.,-1.));
#9817=DIRECTION('',(-1.,0.,0.));
#9818=DIRECTION('center_axis',(-1.,0.,0.));
#9819=DIRECTION('ref_axis',(0.,-1.,0.));
#9820=DIRECTION('',(0.,-1.,0.));
#9821=DIRECTION('',(0.,0.,1.));
#9822=DIRECTION('',(0.,-1.,0.));
#9823=DIRECTION('',(0.,0.,-1.));
#9824=DIRECTION('center_axis',(0.,-1.,0.));
#9825=DIRECTION('ref_axis',(0.,0.,-1.));
#9826=DIRECTION('',(0.,0.,-1.));
#9827=DIRECTION('',(-1.,0.,0.));
#9828=DIRECTION('center_axis',(-1.,0.,0.));
#9829=DIRECTION('ref_axis',(0.,-1.,0.));
#9830=DIRECTION('',(0.,-1.,0.));
#9831=DIRECTION('',(0.,0.,1.));
#9832=DIRECTION('',(0.,-1.,0.));
#9833=DIRECTION('',(0.,0.,-1.));
#9834=DIRECTION('center_axis',(0.,-1.,0.));
#9835=DIRECTION('ref_axis',(0.,0.,-1.));
#9836=DIRECTION('',(0.,0.,-1.));
#9837=DIRECTION('',(-1.,0.,0.));
#9838=DIRECTION('center_axis',(-1.,0.,0.));
#9839=DIRECTION('ref_axis',(0.,-1.,0.));
#9840=DIRECTION('',(0.,-1.,0.));
#9841=DIRECTION('',(0.,0.,1.));
#9842=DIRECTION('',(0.,-1.,0.));
#9843=DIRECTION('',(0.,0.,-1.));
#9844=DIRECTION('center_axis',(0.,-1.,0.));
#9845=DIRECTION('ref_axis',(0.,0.,-1.));
#9846=DIRECTION('',(0.,0.,-1.));
#9847=DIRECTION('',(-1.,0.,0.));
#9848=DIRECTION('center_axis',(-1.,0.,0.));
#9849=DIRECTION('ref_axis',(0.,-1.,0.));
#9850=DIRECTION('',(0.,-1.,0.));
#9851=DIRECTION('',(0.,0.,1.));
#9852=DIRECTION('',(0.,-1.,0.));
#9853=DIRECTION('',(0.,0.,-1.));
#9854=DIRECTION('center_axis',(0.,-1.,0.));
#9855=DIRECTION('ref_axis',(1.,0.,0.));
#9856=DIRECTION('',(0.,0.,1.));
#9857=DIRECTION('',(1.,0.,0.));
#9858=DIRECTION('center_axis',(-1.,0.,0.));
#9859=DIRECTION('ref_axis',(0.,-1.,0.));
#9860=DIRECTION('',(0.,0.,1.));
#9861=DIRECTION('',(0.,-1.,0.));
#9862=DIRECTION('center_axis',(0.,1.,0.));
#9863=DIRECTION('ref_axis',(-1.,0.,0.));
#9864=DIRECTION('',(-1.,0.,0.));
#9865=DIRECTION('center_axis',(0.,0.,1.));
#9866=DIRECTION('ref_axis',(1.,0.,0.));
#9867=DIRECTION('center_axis',(0.,1.,0.));
#9868=DIRECTION('ref_axis',(-1.,0.,0.));
#9869=DIRECTION('',(0.,0.,1.));
#9870=DIRECTION('',(-1.,0.,0.));
#9871=DIRECTION('center_axis',(1.,0.,0.));
#9872=DIRECTION('ref_axis',(0.,1.,0.));
#9873=DIRECTION('',(0.,0.,1.));
#9874=DIRECTION('',(0.,1.,0.));
#9875=DIRECTION('center_axis',(0.,-1.,0.));
#9876=DIRECTION('ref_axis',(1.,0.,0.));
#9877=DIRECTION('',(1.,0.,0.));
#9878=DIRECTION('center_axis',(0.,0.,1.));
#9879=DIRECTION('ref_axis',(1.,0.,0.));
#9880=DIRECTION('center_axis',(0.,-1.,0.));
#9881=DIRECTION('ref_axis',(1.,0.,0.));
#9882=DIRECTION('',(0.,0.,1.));
#9883=DIRECTION('',(1.,0.,0.));
#9884=DIRECTION('center_axis',(-1.,0.,0.));
#9885=DIRECTION('ref_axis',(0.,-1.,0.));
#9886=DIRECTION('',(0.,0.,1.));
#9887=DIRECTION('',(0.,-1.,0.));
#9888=DIRECTION('center_axis',(0.,1.,0.));
#9889=DIRECTION('ref_axis',(-1.,0.,0.));
#9890=DIRECTION('',(-1.,0.,0.));
#9891=DIRECTION('center_axis',(0.,0.,1.));
#9892=DIRECTION('ref_axis',(1.,0.,0.));
#9893=DIRECTION('center_axis',(0.,-1.,0.));
#9894=DIRECTION('ref_axis',(1.,0.,0.));
#9895=DIRECTION('',(0.,0.,1.));
#9896=DIRECTION('',(1.,0.,0.));
#9897=DIRECTION('center_axis',(-1.,0.,0.));
#9898=DIRECTION('ref_axis',(0.,-1.,0.));
#9899=DIRECTION('',(0.,0.,1.));
#9900=DIRECTION('',(0.,-1.,0.));
#9901=DIRECTION('center_axis',(0.,1.,0.));
#9902=DIRECTION('ref_axis',(-1.,0.,0.));
#9903=DIRECTION('',(-1.,0.,0.));
#9904=DIRECTION('center_axis',(0.,0.,1.));
#9905=DIRECTION('ref_axis',(1.,0.,0.));
#9906=DIRECTION('center_axis',(0.,-1.,0.));
#9907=DIRECTION('ref_axis',(1.,0.,0.));
#9908=DIRECTION('',(0.,0.,1.));
#9909=DIRECTION('',(1.,0.,0.));
#9910=DIRECTION('center_axis',(-1.,0.,0.));
#9911=DIRECTION('ref_axis',(0.,-1.,0.));
#9912=DIRECTION('',(0.,0.,1.));
#9913=DIRECTION('',(0.,-1.,0.));
#9914=DIRECTION('center_axis',(0.,1.,0.));
#9915=DIRECTION('ref_axis',(-1.,0.,0.));
#9916=DIRECTION('',(-1.,0.,0.));
#9917=DIRECTION('center_axis',(0.,0.,1.));
#9918=DIRECTION('ref_axis',(1.,0.,0.));
#9919=DIRECTION('center_axis',(-1.,0.,0.));
#9920=DIRECTION('ref_axis',(0.,-1.,0.));
#9921=DIRECTION('',(0.,0.,1.));
#9922=DIRECTION('',(0.,-1.,0.));
#9923=DIRECTION('center_axis',(0.,1.,0.));
#9924=DIRECTION('ref_axis',(-1.,0.,0.));
#9925=DIRECTION('',(0.,0.,1.));
#9926=DIRECTION('',(-1.,0.,0.));
#9927=DIRECTION('center_axis',(1.,0.,0.));
#9928=DIRECTION('ref_axis',(0.,1.,0.));
#9929=DIRECTION('',(0.,1.,0.));
#9930=DIRECTION('center_axis',(0.,0.,1.));
#9931=DIRECTION('ref_axis',(1.,0.,0.));
#9932=DIRECTION('center_axis',(0.,1.,0.));
#9933=DIRECTION('ref_axis',(-1.,0.,0.));
#9934=DIRECTION('',(0.,0.,1.));
#9935=DIRECTION('',(-1.,0.,0.));
#9936=DIRECTION('center_axis',(1.,0.,0.));
#9937=DIRECTION('ref_axis',(0.,1.,0.));
#9938=DIRECTION('',(0.,0.,1.));
#9939=DIRECTION('',(0.,1.,0.));
#9940=DIRECTION('center_axis',(0.,-1.,0.));
#9941=DIRECTION('ref_axis',(1.,0.,0.));
#9942=DIRECTION('',(1.,0.,0.));
#9943=DIRECTION('center_axis',(0.,0.,1.));
#9944=DIRECTION('ref_axis',(1.,0.,0.));
#9945=DIRECTION('center_axis',(0.,1.,0.));
#9946=DIRECTION('ref_axis',(-1.,0.,0.));
#9947=DIRECTION('',(0.,0.,1.));
#9948=DIRECTION('',(-1.,0.,0.));
#9949=DIRECTION('center_axis',(1.,0.,0.));
#9950=DIRECTION('ref_axis',(0.,1.,0.));
#9951=DIRECTION('',(0.,0.,1.));
#9952=DIRECTION('',(0.,1.,0.));
#9953=DIRECTION('center_axis',(0.,-1.,0.));
#9954=DIRECTION('ref_axis',(1.,0.,0.));
#9955=DIRECTION('',(1.,0.,0.));
#9956=DIRECTION('center_axis',(0.,0.,1.));
#9957=DIRECTION('ref_axis',(1.,0.,0.));
#9958=DIRECTION('center_axis',(-1.,0.,0.));
#9959=DIRECTION('ref_axis',(0.,-1.,0.));
#9960=DIRECTION('',(0.,0.,1.));
#9961=DIRECTION('',(0.,-1.,0.));
#9962=DIRECTION('center_axis',(0.,1.,0.));
#9963=DIRECTION('ref_axis',(-1.,0.,0.));
#9964=DIRECTION('',(0.,0.,1.));
#9965=DIRECTION('',(-1.,0.,0.));
#9966=DIRECTION('center_axis',(1.,0.,0.));
#9967=DIRECTION('ref_axis',(0.,1.,0.));
#9968=DIRECTION('',(0.,1.,0.));
#9969=DIRECTION('center_axis',(0.,0.,1.));
#9970=DIRECTION('ref_axis',(1.,0.,0.));
#9971=DIRECTION('center_axis',(1.,0.,0.));
#9972=DIRECTION('ref_axis',(0.,1.,0.));
#9973=DIRECTION('',(0.,0.,1.));
#9974=DIRECTION('',(0.,1.,0.));
#9975=DIRECTION('center_axis',(0.,-1.,0.));
#9976=DIRECTION('ref_axis',(1.,0.,0.));
#9977=DIRECTION('',(0.,0.,1.));
#9978=DIRECTION('',(1.,0.,0.));
#9979=DIRECTION('center_axis',(-1.,0.,0.));
#9980=DIRECTION('ref_axis',(0.,-1.,0.));
#9981=DIRECTION('',(0.,-1.,0.));
#9982=DIRECTION('center_axis',(0.,0.,1.));
#9983=DIRECTION('ref_axis',(1.,0.,0.));
#9984=DIRECTION('center_axis',(0.,1.,0.));
#9985=DIRECTION('ref_axis',(-1.,0.,0.));
#9986=DIRECTION('',(0.,0.,1.));
#9987=DIRECTION('',(-1.,0.,0.));
#9988=DIRECTION('center_axis',(1.,0.,0.));
#9989=DIRECTION('ref_axis',(0.,1.,0.));
#9990=DIRECTION('',(0.,0.,1.));
#9991=DIRECTION('',(0.,1.,0.));
#9992=DIRECTION('center_axis',(0.,-1.,0.));
#9993=DIRECTION('ref_axis',(1.,0.,0.));
#9994=DIRECTION('',(1.,0.,0.));
#9995=DIRECTION('center_axis',(0.,0.,1.));
#9996=DIRECTION('ref_axis',(1.,0.,0.));
#9997=DIRECTION('center_axis',(1.,0.,0.));
#9998=DIRECTION('ref_axis',(0.,1.,0.));
#9999=DIRECTION('',(0.,0.,1.));
#10000=DIRECTION('',(0.,1.,0.));
#10001=DIRECTION('center_axis',(0.,-1.,0.));
#10002=DIRECTION('ref_axis',(1.,0.,0.));
#10003=DIRECTION('',(0.,0.,1.));
#10004=DIRECTION('',(1.,0.,0.));
#10005=DIRECTION('center_axis',(-1.,0.,0.));
#10006=DIRECTION('ref_axis',(0.,-1.,0.));
#10007=DIRECTION('',(0.,-1.,0.));
#10008=DIRECTION('center_axis',(0.,0.,1.));
#10009=DIRECTION('ref_axis',(1.,0.,0.));
#10010=DIRECTION('center_axis',(0.,0.,1.));
#10011=DIRECTION('ref_axis',(0.707106781186548,-0.707106781186547,0.));
#10012=DIRECTION('',(0.,0.,1.));
#10013=DIRECTION('center_axis',(0.,0.,1.));
#10014=DIRECTION('ref_axis',(0.707106781186548,-0.707106781186547,0.));
#10015=DIRECTION('',(0.,0.,-1.));
#10016=DIRECTION('center_axis',(1.,0.,0.));
#10017=DIRECTION('ref_axis',(0.,1.,0.));
#10018=DIRECTION('',(0.,0.,-1.));
#10019=DIRECTION('',(0.,-1.,0.));
#10020=DIRECTION('center_axis',(0.,0.,1.));
#10021=DIRECTION('ref_axis',(0.707106781186548,0.707106781186548,0.));
#10022=DIRECTION('',(0.,0.,1.));
#10023=DIRECTION('center_axis',(0.,0.,1.));
#10024=DIRECTION('ref_axis',(0.707106781186548,0.707106781186548,0.));
#10025=DIRECTION('center_axis',(0.,1.,0.));
#10026=DIRECTION('ref_axis',(-1.,0.,0.));
#10027=DIRECTION('',(0.,0.,-1.));
#10028=DIRECTION('',(1.,0.,0.));
#10029=DIRECTION('center_axis',(0.,0.,1.));
#10030=DIRECTION('ref_axis',(-0.707106781186548,-0.707106781186547,0.));
#10031=DIRECTION('',(0.,0.,1.));
#10032=DIRECTION('center_axis',(0.,0.,1.));
#10033=DIRECTION('ref_axis',(-0.707106781186548,-0.707106781186547,0.));
#10034=DIRECTION('',(0.,0.,-1.));
#10035=DIRECTION('center_axis',(0.,-1.,0.));
#10036=DIRECTION('ref_axis',(1.,0.,0.));
#10037=DIRECTION('',(0.,0.,1.));
#10038=DIRECTION('',(-1.,0.,0.));
#10039=DIRECTION('center_axis',(0.,0.,1.));
#10040=DIRECTION('ref_axis',(-0.707106781186547,0.707106781186548,0.));
#10041=DIRECTION('',(0.,0.,1.));
#10042=DIRECTION('center_axis',(0.,0.,1.));
#10043=DIRECTION('ref_axis',(-0.707106781186547,0.707106781186548,0.));
#10044=DIRECTION('center_axis',(0.,-1.,0.));
#10045=DIRECTION('ref_axis',(-0.707106781186547,0.,0.707106781186548));
#10046=DIRECTION('center_axis',(0.,-1.,0.));
#10047=DIRECTION('ref_axis',(0.,0.,1.));
#10048=DIRECTION('',(0.,-1.,0.));
#10049=DIRECTION('center_axis',(0.,1.,0.));
#10050=DIRECTION('ref_axis',(-1.,0.,0.));
#10051=DIRECTION('',(0.,1.,0.));
#10052=DIRECTION('center_axis',(0.,0.,1.));
#10053=DIRECTION('ref_axis',(1.,0.,0.));
#10054=DIRECTION('center_axis',(-1.,0.,0.));
#10055=DIRECTION('ref_axis',(0.,-1.,0.));
#10056=DIRECTION('center_axis',(0.,0.,-1.));
#10057=DIRECTION('ref_axis',(-0.707106781186548,-0.707106781186548,0.));
#10058=DIRECTION('center_axis',(0.,0.,1.));
#10059=DIRECTION('ref_axis',(-0.707106781186548,-0.707106781186548,0.));
#10060=DIRECTION('center_axis',(1.,0.,0.));
#10061=DIRECTION('ref_axis',(0.,-0.707106781186547,0.707106781186548));
#10062=DIRECTION('center_axis',(-1.,0.,0.));
#10063=DIRECTION('ref_axis',(0.,-1.,0.));
#10064=DIRECTION('',(-1.,0.,0.));
#10065=DIRECTION('',(1.,0.,0.));
#10066=DIRECTION('center_axis',(0.,0.,1.));
#10067=DIRECTION('ref_axis',(1.,0.,0.));
#10068=DIRECTION('center_axis',(0.,-1.,0.));
#10069=DIRECTION('ref_axis',(1.,0.,0.));
#10070=DIRECTION('center_axis',(0.,0.,-1.));
#10071=DIRECTION('ref_axis',(0.707106781186547,-0.707106781186547,0.));
#10072=DIRECTION('center_axis',(0.,0.,1.));
#10073=DIRECTION('ref_axis',(0.707106781186548,-0.707106781186548,0.));
#10074=DIRECTION('center_axis',(0.,1.,0.));
#10075=DIRECTION('ref_axis',(0.707106781186547,0.,0.707106781186547));
#10076=DIRECTION('center_axis',(0.,-1.,0.));
#10077=DIRECTION('ref_axis',(1.,0.,0.));
#10078=DIRECTION('',(0.,-1.,0.));
#10079=DIRECTION('',(0.,1.,0.));
#10080=DIRECTION('center_axis',(0.,0.,1.));
#10081=DIRECTION('ref_axis',(1.,0.,0.));
#10082=DIRECTION('center_axis',(1.,0.,0.));
#10083=DIRECTION('ref_axis',(0.,1.,0.));
#10084=DIRECTION('center_axis',(0.,0.,-1.));
#10085=DIRECTION('ref_axis',(0.707106781186547,0.707106781186547,0.));
#10086=DIRECTION('center_axis',(0.,0.,1.));
#10087=DIRECTION('ref_axis',(0.707106781186547,0.707106781186547,0.));
#10088=DIRECTION('center_axis',(-1.,0.,0.));
#10089=DIRECTION('ref_axis',(0.,0.707106781186547,0.707106781186547));
#10090=DIRECTION('center_axis',(1.,0.,0.));
#10091=DIRECTION('ref_axis',(0.,1.,0.));
#10092=DIRECTION('',(1.,0.,0.));
#10093=DIRECTION('',(-1.,0.,0.));
#10094=DIRECTION('center_axis',(0.,0.,1.));
#10095=DIRECTION('ref_axis',(1.,0.,0.));
#10096=DIRECTION('center_axis',(0.,0.,-1.));
#10097=DIRECTION('ref_axis',(-0.707106781186548,0.707106781186547,0.));
#10098=DIRECTION('center_axis',(0.,0.,1.));
#10099=DIRECTION('ref_axis',(-0.707106781186548,0.707106781186547,0.));
#10100=DIRECTION('center_axis',(0.,0.,1.));
#10101=DIRECTION('ref_axis',(0.707106781186547,-0.707106781186548,0.));
#10102=DIRECTION('',(0.,0.,1.));
#10103=DIRECTION('center_axis',(0.,0.,1.));
#10104=DIRECTION('ref_axis',(0.707106781186547,-0.707106781186548,0.));
#10105=DIRECTION('',(0.,0.,1.));
#10106=DIRECTION('center_axis',(0.,-1.,0.));
#10107=DIRECTION('ref_axis',(1.,0.,0.));
#10108=DIRECTION('',(0.,0.,1.));
#10109=DIRECTION('',(1.,0.,0.));
#10110=DIRECTION('',(0.,0.,1.));
#10111=DIRECTION('',(0.,0.,1.));
#10112=DIRECTION('',(1.,0.,0.));
#10113=DIRECTION('center_axis',(0.,0.,1.));
#10114=DIRECTION('ref_axis',(-0.707106781186548,-0.707106781186548,0.));
#10115=DIRECTION('',(0.,0.,1.));
#10116=DIRECTION('center_axis',(0.,0.,1.));
#10117=DIRECTION('ref_axis',(-0.707106781186548,-0.707106781186548,0.));
#10118=DIRECTION('center_axis',(-1.,0.,0.));
#10119=DIRECTION('ref_axis',(0.,-1.,0.));
#10120=DIRECTION('',(0.,0.,1.));
#10121=DIRECTION('',(0.,-1.,0.));
#10122=DIRECTION('center_axis',(0.,0.,1.));
#10123=DIRECTION('ref_axis',(1.,0.,0.));
#10124=DIRECTION('center_axis',(0.,0.,1.));
#10125=DIRECTION('ref_axis',(1.,0.,0.));
#10126=DIRECTION('center_axis',(0.,0.,1.));
#10127=DIRECTION('ref_axis',(-0.707106781186548,0.707106781186547,0.));
#10128=DIRECTION('',(-1.,0.,0.));
#10129=DIRECTION('center_axis',(0.,0.,1.));
#10130=DIRECTION('ref_axis',(0.707106781186547,0.707106781186547,0.));
#10131=DIRECTION('',(0.,1.,0.));
#10132=DIRECTION('',(0.,-1.,0.));
#10133=DIRECTION('',(-1.,0.,0.));
#10134=DIRECTION('',(-1.66533453693773E-16,1.,0.));
#10135=DIRECTION('',(0.,1.,0.));
#10136=DIRECTION('center_axis',(0.,1.,0.));
#10137=DIRECTION('ref_axis',(-1.,0.,0.));
#10138=DIRECTION('',(0.,0.,1.));
#10139=DIRECTION('',(0.,0.,1.));
#10140=DIRECTION('center_axis',(0.,0.,1.));
#10141=DIRECTION('ref_axis',(-0.707106781186548,0.707106781186547,0.));
#10142=DIRECTION('center_axis',(1.,0.,0.));
#10143=DIRECTION('ref_axis',(0.,1.,0.));
#10144=DIRECTION('',(0.,0.,1.));
#10145=DIRECTION('center_axis',(0.,0.,1.));
#10146=DIRECTION('ref_axis',(0.707106781186547,0.707106781186547,0.));
#10147=DIRECTION('center_axis',(0.,-1.,0.));
#10148=DIRECTION('ref_axis',(1.,0.,0.));
#10149=DIRECTION('',(0.,0.,1.));
#10150=DIRECTION('center_axis',(-1.,0.,0.));
#10151=DIRECTION('ref_axis',(0.,-1.,0.));
#10152=DIRECTION('center_axis',(-1.,-1.66533453693773E-16,0.));
#10153=DIRECTION('ref_axis',(1.66533453693773E-16,-1.,0.));
#10154=DIRECTION('center_axis',(1.,0.,0.));
#10155=DIRECTION('ref_axis',(0.,1.,0.));
#10156=DIRECTION('',(2.12853777453687E-30,7.00828284294629E-15,-1.));
#10157=DIRECTION('',(1.,5.55111512312578E-17,2.76101316827354E-30));
#10158=CARTESIAN_POINT('',(0.,0.,0.));
#10159=CARTESIAN_POINT('',(0.,0.,0.));
#10160=CARTESIAN_POINT('Origin',(6.7,2.15021991610517,2.69999999999999));
#10161=CARTESIAN_POINT('',(7.7,2.00021991610517,2.69999999999999));
#10162=CARTESIAN_POINT('',(6.7,2.00021991610517,1.69999999999999));
#10163=CARTESIAN_POINT('Origin',(6.7,2.00021991610517,2.69999999999999));
#10164=CARTESIAN_POINT('',(6.7,2.60021991610516,1.69999999999999));
#10165=CARTESIAN_POINT('',(6.7,2.15021991610517,1.69999999999999));
#10166=CARTESIAN_POINT('',(7.7,2.60021991610517,2.69999999999999));
#10167=CARTESIAN_POINT('Origin',(6.7,2.60021991610517,2.69999999999999));
#10168=CARTESIAN_POINT('',(7.7,2.15021991610517,2.69999999999999));
#10169=CARTESIAN_POINT('Origin',(7.7,2.00021991610517,1.69999999999999));
#10170=CARTESIAN_POINT('',(7.7,2.60021991610521,7.59999999999999));
#10171=CARTESIAN_POINT('',(7.7,2.60021991610517,1.69999999999999));
#10172=CARTESIAN_POINT('',(7.7,2.00021991610521,7.59999999999999));
#10173=CARTESIAN_POINT('',(7.7,2.00021991610521,7.59999999999999));
#10174=CARTESIAN_POINT('',(7.7,2.00021991610517,1.69999999999999));
#10175=CARTESIAN_POINT('Origin',(7.7,2.60021991610516,1.69999999999999));
#10176=CARTESIAN_POINT('',(6.4,2.60021991610516,1.69999999999999));
#10177=CARTESIAN_POINT('',(4.5,2.60021991610516,1.69999999999999));
#10178=CARTESIAN_POINT('',(6.4,2.60021991610517,2.24606079858305));
#10179=CARTESIAN_POINT('',(6.4,2.60021991610516,0.849999999999996));
#10180=CARTESIAN_POINT('',(7.1,2.60021991610518,3.19999999999999));
#10181=CARTESIAN_POINT('Origin',(6.1,2.60021991610518,3.19999999999999));
#10182=CARTESIAN_POINT('',(7.09999999999999,2.60021991610522,7.29999999999999));
#10183=CARTESIAN_POINT('',(7.1,2.60021991610517,1.69999999999999));
#10184=CARTESIAN_POINT('',(6.8,2.60021991610522,7.29999999999999));
#10185=CARTESIAN_POINT('',(6.19999999999999,2.60021991610522,7.29999999999999));
#10186=CARTESIAN_POINT('',(6.8,2.6002199161052,3.89999999999999));
#10187=CARTESIAN_POINT('',(6.8,2.60021991610523,7.89999999999999));
#10188=CARTESIAN_POINT('',(6.19999999999999,2.6002199161052,3.89999999999999));
#10189=CARTESIAN_POINT('',(6.8,2.6002199161052,3.89999999999999));
#10190=CARTESIAN_POINT('',(6.19999999999999,2.60021991610522,7.29999999999999));
#10191=CARTESIAN_POINT('',(6.19999999999999,2.60021991610523,7.89999999999999));
#10192=CARTESIAN_POINT('',(6.8,2.60021991610523,7.89999999999999));
#10193=CARTESIAN_POINT('Origin',(6.8,2.60021991610522,7.29999999999999));
#10194=CARTESIAN_POINT('',(7.4,2.60021991610521,7.89999999999999));
#10195=CARTESIAN_POINT('',(7.4,2.60021991610521,7.89999999999999));
#10196=CARTESIAN_POINT('Origin',(7.4,2.60021991610521,7.59999999999999));
#10197=CARTESIAN_POINT('Origin',(5.5,2.45021991610517,2.69999999999999));
#10198=CARTESIAN_POINT('',(4.5,2.60021991610517,2.69999999999999));
#10199=CARTESIAN_POINT('',(5.5,2.60021991610516,1.69999999999999));
#10200=CARTESIAN_POINT('Origin',(5.5,2.60021991610517,2.69999999999999));
#10201=CARTESIAN_POINT('',(5.5,2.00021991610517,1.69999999999999));
#10202=CARTESIAN_POINT('',(5.5,2.45021991610517,1.69999999999999));
#10203=CARTESIAN_POINT('',(4.5,2.00021991610517,2.69999999999999));
#10204=CARTESIAN_POINT('Origin',(5.5,2.00021991610517,2.69999999999999));
#10205=CARTESIAN_POINT('',(4.5,2.45021991610517,2.69999999999999));
#10206=CARTESIAN_POINT('Origin',(4.5,2.60021991610516,1.69999999999999));
#10207=CARTESIAN_POINT('',(4.5,2.00021991610521,7.59999999999999));
#10208=CARTESIAN_POINT('',(4.5,2.00021991610516,1.69999999999999));
#10209=CARTESIAN_POINT('',(4.5,2.60021991610521,7.59999999999999));
#10210=CARTESIAN_POINT('',(4.5,2.60021991610521,7.59999999999999));
#10211=CARTESIAN_POINT('',(4.5,2.60021991610516,1.69999999999999));
#10212=CARTESIAN_POINT('Origin',(4.5,2.00021991610517,1.69999999999999));
#10213=CARTESIAN_POINT('',(5.8,2.00021991610517,1.69999999999999));
#10214=CARTESIAN_POINT('',(7.7,2.00021991610517,1.69999999999999));
#10215=CARTESIAN_POINT('',(5.8,2.00021991610517,2.24606079858305));
#10216=CARTESIAN_POINT('',(5.8,2.00021991610516,0.849999999999997));
#10217=CARTESIAN_POINT('',(5.1,2.00021991610518,3.19999999999999));
#10218=CARTESIAN_POINT('Origin',(6.1,2.00021991610518,3.19999999999999));
#10219=CARTESIAN_POINT('',(5.1,2.00021991610521,7.29999999999999));
#10220=CARTESIAN_POINT('',(5.1,2.00021991610517,1.69999999999999));
#10221=CARTESIAN_POINT('',(5.4,2.00021993175142,7.29999999999999));
#10222=CARTESIAN_POINT('',(4.5,2.00021991610521,7.29999999999999));
#10223=CARTESIAN_POINT('',(5.4,2.0002199317514,3.89999999999999));
#10224=CARTESIAN_POINT('',(5.4,2.00021993175143,7.9));
#10225=CARTESIAN_POINT('',(6.,2.0002199317514,3.89999999999999));
#10226=CARTESIAN_POINT('',(6.,2.0002199317514,3.89999999999999));
#10227=CARTESIAN_POINT('',(6.,2.00021993175142,7.29999999999999));
#10228=CARTESIAN_POINT('',(6.,2.00021993175143,7.89999999999999));
#10229=CARTESIAN_POINT('',(5.4,2.00021993175143,7.9));
#10230=CARTESIAN_POINT('Origin',(5.4,2.00021993175142,7.29999999999999));
#10231=CARTESIAN_POINT('',(4.8,2.00021991610521,7.89999999999999));
#10232=CARTESIAN_POINT('',(4.8,2.00021991610521,7.89999999999999));
#10233=CARTESIAN_POINT('Origin',(4.8,2.00021991610521,7.59999999999999));
#10234=CARTESIAN_POINT('Origin',(5.1,2.60021991610517,2.19999999999999));
#10235=CARTESIAN_POINT('',(5.1,2.60021991610518,3.19999999999999));
#10236=CARTESIAN_POINT('',(5.1,2.80021988630286,3.19999999999999));
#10237=CARTESIAN_POINT('',(5.1,2.60021991610521,7.29999999999999));
#10238=CARTESIAN_POINT('',(5.1,2.60021991610517,1.69999999999999));
#10239=CARTESIAN_POINT('',(5.1,2.45021991610521,7.29999999999999));
#10240=CARTESIAN_POINT('Origin',(6.1,2.50021988630286,3.19999999999999));
#10241=CARTESIAN_POINT('',(6.4,2.8,2.24606079858304));
#10242=CARTESIAN_POINT('',(6.4,2.50021988630285,2.24606079858305));
#10243=CARTESIAN_POINT('',(5.8,2.8,2.24606079858304));
#10244=CARTESIAN_POINT('Origin',(6.1,2.80000000000003,3.19999999999999));
#10245=CARTESIAN_POINT('',(5.8,2.60021991610517,2.24606079858304));
#10246=CARTESIAN_POINT('',(5.8,2.80021988630285,2.24606079858304));
#10247=CARTESIAN_POINT('Origin',(6.1,2.60021991610518,3.19999999999999));
#10248=CARTESIAN_POINT('',(5.8,1.8,2.24606079858305));
#10249=CARTESIAN_POINT('',(5.8,2.80021988630285,2.24606079858304));
#10250=CARTESIAN_POINT('',(6.4,1.8,2.24606079858305));
#10251=CARTESIAN_POINT('Origin',(6.1,1.80000000000003,3.2));
#10252=CARTESIAN_POINT('',(6.4,2.00021991610517,2.24606079858305));
#10253=CARTESIAN_POINT('',(6.4,2.50021988630285,2.24606079858305));
#10254=CARTESIAN_POINT('',(7.1,2.00021991610518,3.19999999999999));
#10255=CARTESIAN_POINT('Origin',(6.1,2.00021991610518,3.19999999999999));
#10256=CARTESIAN_POINT('',(7.1,2.50021988630286,3.19999999999999));
#10257=CARTESIAN_POINT('Origin',(7.1,2.00021991610517,2.19999999999999));
#10258=CARTESIAN_POINT('',(7.09999999999999,2.00021991610522,7.29999999999999));
#10259=CARTESIAN_POINT('',(7.1,2.00021991610517,1.69999999999999));
#10260=CARTESIAN_POINT('',(7.1,2.15021991610521,7.29999999999999));
#10261=CARTESIAN_POINT('Origin',(4.8,2.60021991610521,7.59999999999999));
#10262=CARTESIAN_POINT('',(4.8,2.60021991610521,7.89999999999999));
#10263=CARTESIAN_POINT('Origin',(4.8,2.60021991610521,7.59999999999999));
#10264=CARTESIAN_POINT('',(4.8,2.60021991610521,7.89999999999999));
#10265=CARTESIAN_POINT('Origin',(7.7,2.60021991610516,1.69999999999999));
#10266=CARTESIAN_POINT('',(5.4,2.60021991610522,7.89999999999999));
#10267=CARTESIAN_POINT('',(6.4,2.60021991610521,7.89999999999999));
#10268=CARTESIAN_POINT('',(6.,2.60021991610521,7.29999999999999));
#10269=CARTESIAN_POINT('Origin',(5.4,2.60021991610521,7.29999999999999));
#10270=CARTESIAN_POINT('',(6.,2.60021991610519,3.89999999999999));
#10271=CARTESIAN_POINT('',(6.,2.60021991610522,7.89999999999999));
#10272=CARTESIAN_POINT('',(5.4,2.60021991610519,3.89999999999999));
#10273=CARTESIAN_POINT('',(5.4,2.60021991610519,3.89999999999999));
#10274=CARTESIAN_POINT('',(5.4,2.60021991610521,7.29999999999999));
#10275=CARTESIAN_POINT('',(5.4,2.60021991610522,7.89999999999999));
#10276=CARTESIAN_POINT('',(6.,2.60021991610521,7.29999999999999));
#10277=CARTESIAN_POINT('',(5.8,2.60021991610516,1.69999999999999));
#10278=CARTESIAN_POINT('',(5.8,2.60021991610516,0.849999999999992));
#10279=CARTESIAN_POINT('',(4.5,2.60021991610516,1.69999999999999));
#10280=CARTESIAN_POINT('Origin',(5.1,2.60021991610521,7.89999999999999));
#10281=CARTESIAN_POINT('',(5.4,2.45021992001677,7.89999999999999));
#10282=CARTESIAN_POINT('Origin',(7.4,2.00021991610521,7.59999999999999));
#10283=CARTESIAN_POINT('',(7.4,2.00021991610521,7.89999999999999));
#10284=CARTESIAN_POINT('Origin',(7.4,2.00021991610521,7.59999999999999));
#10285=CARTESIAN_POINT('',(7.4,2.00021991610521,7.89999999999999));
#10286=CARTESIAN_POINT('Origin',(4.5,2.00021991610517,1.69999999999999));
#10287=CARTESIAN_POINT('',(6.8,2.00021991610523,7.89999999999999));
#10288=CARTESIAN_POINT('',(5.8,2.00021991610521,7.89999999999999));
#10289=CARTESIAN_POINT('',(6.19999999999999,2.00021991610522,7.29999999999999));
#10290=CARTESIAN_POINT('Origin',(6.8,2.00021991610522,7.29999999999999));
#10291=CARTESIAN_POINT('',(6.19999999999999,2.0002199161052,3.89999999999999));
#10292=CARTESIAN_POINT('',(6.19999999999999,2.00021991610523,7.89999999999999));
#10293=CARTESIAN_POINT('',(6.8,2.0002199161052,3.89999999999999));
#10294=CARTESIAN_POINT('',(6.19999999999999,2.0002199161052,3.89999999999999));
#10295=CARTESIAN_POINT('',(6.8,2.00021991610522,7.29999999999999));
#10296=CARTESIAN_POINT('',(6.8,2.00021991610523,7.89999999999999));
#10297=CARTESIAN_POINT('',(7.69999999999999,2.00021991610522,7.29999999999999));
#10298=CARTESIAN_POINT('',(6.4,2.00021991610517,1.69999999999999));
#10299=CARTESIAN_POINT('',(6.4,2.00021991610516,0.85));
#10300=CARTESIAN_POINT('',(7.7,2.00021991610517,1.69999999999999));
#10301=CARTESIAN_POINT('Origin',(7.1,2.00021991610521,7.89999999999999));
#10302=CARTESIAN_POINT('',(6.8,2.15021991610522,7.89999999999999));
#10303=CARTESIAN_POINT('Origin',(5.4,2.45021992001677,7.29999999999999));
#10304=CARTESIAN_POINT('',(6.,2.45021992001677,7.29999999999999));
#10305=CARTESIAN_POINT('Origin',(6.,2.60021991610522,7.89999999999999));
#10306=CARTESIAN_POINT('',(6.,2.60021991610519,3.89999999999999));
#10307=CARTESIAN_POINT('Origin',(5.25,2.30021991610521,7.29999999999999));
#10308=CARTESIAN_POINT('',(5.4,2.15021992392832,7.29999999999999));
#10309=CARTESIAN_POINT('Origin',(5.4,2.00021993175143,7.9));
#10310=CARTESIAN_POINT('',(5.4,2.0002199317514,3.89999999999999));
#10311=CARTESIAN_POINT('Origin',(5.7,2.3002199239283,3.89999999999999));
#10312=CARTESIAN_POINT('Origin',(6.8,2.15021991610522,7.29999999999999));
#10313=CARTESIAN_POINT('',(6.19999999999999,2.15021991610522,7.29999999999999));
#10314=CARTESIAN_POINT('Origin',(6.19999999999999,2.00021991610523,7.89999999999999));
#10315=CARTESIAN_POINT('',(6.19999999999999,2.6002199161052,3.89999999999999));
#10316=CARTESIAN_POINT('Origin',(6.95,2.30021991610522,7.29999999999999));
#10317=CARTESIAN_POINT('',(6.8,2.45021991610522,7.29999999999998));
#10318=CARTESIAN_POINT('Origin',(6.8,2.60021991610523,7.89999999999999));
#10319=CARTESIAN_POINT('',(6.8,2.0002199161052,3.89999999999999));
#10320=CARTESIAN_POINT('Origin',(6.5,2.3002199161052,3.89999999999999));
#10321=CARTESIAN_POINT('Origin',(6.1,2.30021991610517,1.69999999999999));
#10322=CARTESIAN_POINT('',(5.8,2.05010995805259,1.69999999999999));
#10323=CARTESIAN_POINT('Origin',(6.1,2.30021991610517,1.69999999999999));
#10324=CARTESIAN_POINT('',(6.4,2.55010995805259,1.69999999999999));
#10325=CARTESIAN_POINT('Origin',(6.4,2.8,0.));
#10326=CARTESIAN_POINT('',(6.4,1.8,-4.));
#10327=CARTESIAN_POINT('',(6.4,1.8,2.31214246613595E-45));
#10328=CARTESIAN_POINT('',(6.4,2.8,-4.));
#10329=CARTESIAN_POINT('Origin',(6.4,2.3,-4.));
#10330=CARTESIAN_POINT('',(6.4,2.8,1.96181785005475E-45));
#10331=CARTESIAN_POINT('Origin',(5.8,1.8,0.));
#10332=CARTESIAN_POINT('',(5.8,2.8,-4.));
#10333=CARTESIAN_POINT('',(5.8,2.8,-1.19194789103722E-14));
#10334=CARTESIAN_POINT('',(5.8,1.8,-4.));
#10335=CARTESIAN_POINT('Origin',(5.8,2.3,-4.));
#10336=CARTESIAN_POINT('',(5.8,1.8,2.31214246613595E-45));
#10337=CARTESIAN_POINT('Origin',(5.6,2.8,3.92363570010949E-45));
#10338=CARTESIAN_POINT('',(5.85,2.8,-4.));
#10339=CARTESIAN_POINT('Origin',(5.85,2.3,-4.));
#10340=CARTESIAN_POINT('',(6.35,1.8,-4.));
#10341=CARTESIAN_POINT('Origin',(6.6,1.8,4.6242849322719E-45));
#10342=CARTESIAN_POINT('Origin',(13.8499997027218,4.10021995633831,2.69999999999998));
#10343=CARTESIAN_POINT('',(13.9999997027218,5.10021995633831,2.69999999999997));
#10344=CARTESIAN_POINT('',(13.9999997027218,4.1002199563383,1.69999999999998));
#10345=CARTESIAN_POINT('Origin',(13.9999997027218,4.10021995633831,2.69999999999998));
#10346=CARTESIAN_POINT('',(13.3999997027218,4.1002199563383,1.69999999999998));
#10347=CARTESIAN_POINT('',(13.8499997027218,4.1002199563383,1.69999999999998));
#10348=CARTESIAN_POINT('',(13.3999997027218,5.10021995633831,2.69999999999997));
#10349=CARTESIAN_POINT('Origin',(13.3999997027218,4.10021995633831,2.69999999999998));
#10350=CARTESIAN_POINT('',(13.8499997027218,5.10021995633831,2.69999999999997));
#10351=CARTESIAN_POINT('Origin',(13.9999997027218,5.1002199563383,1.69999999999997));
#10352=CARTESIAN_POINT('',(13.3999997027218,5.10021995633834,7.59999999999997));
#10353=CARTESIAN_POINT('',(13.3999997027218,5.1002199563383,1.69999999999997));
#10354=CARTESIAN_POINT('',(13.9999997027218,5.10021995633834,7.59999999999997));
#10355=CARTESIAN_POINT('',(13.9999997027218,5.10021995633834,7.59999999999997));
#10356=CARTESIAN_POINT('',(13.9999997027218,5.1002199563383,1.69999999999997));
#10357=CARTESIAN_POINT('Origin',(13.3999997027218,5.1002199563383,1.69999999999997));
#10358=CARTESIAN_POINT('',(13.3999997027218,3.8,1.69999999999998));
#10359=CARTESIAN_POINT('',(13.3999997027218,1.9002199563383,1.69999999999999));
#10360=CARTESIAN_POINT('',(13.3999997027218,3.8,2.24599165337916));
#10361=CARTESIAN_POINT('',(13.3999997027218,3.8,0.849999999999986));
#10362=CARTESIAN_POINT('',(13.3999997027218,4.50021995633831,3.19999999999998));
#10363=CARTESIAN_POINT('Origin',(13.3999997027218,3.50021995633831,3.19999999999998));
#10364=CARTESIAN_POINT('',(13.3999997027218,4.50021995633834,7.29999999999998));
#10365=CARTESIAN_POINT('',(13.3999997027218,4.5002199563383,1.69999999999997));
#10366=CARTESIAN_POINT('',(13.3999997027218,4.20021995633834,7.29999999999998));
#10367=CARTESIAN_POINT('',(13.3999997027218,3.60021995633834,7.29999999999998));
#10368=CARTESIAN_POINT('',(13.3999997027218,4.20021995633831,3.89999999999998));
#10369=CARTESIAN_POINT('',(13.3999997027218,4.20021995633834,7.89999999999998));
#10370=CARTESIAN_POINT('',(13.3999997027218,3.60021995633831,3.89999999999998));
#10371=CARTESIAN_POINT('',(13.3999997027218,4.20021995633831,3.89999999999998));
#10372=CARTESIAN_POINT('',(13.3999997027218,3.60021995633834,7.29999999999998));
#10373=CARTESIAN_POINT('',(13.3999997027218,3.60021995633834,7.89999999999998));
#10374=CARTESIAN_POINT('',(13.3999997027218,4.20021995633834,7.89999999999998));
#10375=CARTESIAN_POINT('Origin',(13.3999997027218,4.20021995633834,7.29999999999998));
#10376=CARTESIAN_POINT('',(13.3999997027218,4.80021995633835,7.89999999999997));
#10377=CARTESIAN_POINT('',(13.3999997027218,4.80021995633834,7.89999999999997));
#10378=CARTESIAN_POINT('Origin',(13.3999997027218,4.80021995633834,7.59999999999997));
#10379=CARTESIAN_POINT('Origin',(13.5499997027218,2.90021995633831,2.69999999999999));
#10380=CARTESIAN_POINT('',(13.3999997027218,1.90021995633831,2.7));
#10381=CARTESIAN_POINT('',(13.3999997027218,2.9002199563383,1.69999999999999));
#10382=CARTESIAN_POINT('Origin',(13.3999997027218,2.90021995633831,2.69999999999999));
#10383=CARTESIAN_POINT('',(13.9999997027218,2.9002199563383,1.69999999999999));
#10384=CARTESIAN_POINT('',(13.5499997027218,2.9002199563383,1.69999999999999));
#10385=CARTESIAN_POINT('',(13.9999997027218,1.90021995633831,2.7));
#10386=CARTESIAN_POINT('Origin',(13.9999997027218,2.90021995633831,2.69999999999999));
#10387=CARTESIAN_POINT('',(13.5499997027218,1.90021995633831,2.7));
#10388=CARTESIAN_POINT('Origin',(13.3999997027218,1.9002199563383,1.69999999999999));
#10389=CARTESIAN_POINT('',(13.9999997027218,1.90021995633834,7.6));
#10390=CARTESIAN_POINT('',(13.9999997027218,1.9002199563383,1.69999999999999));
#10391=CARTESIAN_POINT('',(13.3999997027218,1.90021995633834,7.6));
#10392=CARTESIAN_POINT('',(13.3999997027218,1.90021995633834,7.6));
#10393=CARTESIAN_POINT('',(13.3999997027218,1.9002199563383,1.69999999999999));
#10394=CARTESIAN_POINT('Origin',(13.9999997027218,1.9002199563383,1.7));
#10395=CARTESIAN_POINT('',(13.9999997027218,3.20021991610515,1.69999999999999));
#10396=CARTESIAN_POINT('',(13.9999997027218,5.1002199563383,1.69999999999997));
#10397=CARTESIAN_POINT('',(13.9999997027218,3.20021991610515,2.24606081123578));
#10398=CARTESIAN_POINT('',(13.9999997027218,3.20021991610515,0.849999999999998));
#10399=CARTESIAN_POINT('',(13.9999997027218,2.50021995633831,3.19999999999999));
#10400=CARTESIAN_POINT('Origin',(13.9999997027218,3.50021995633831,3.19999999999998));
#10401=CARTESIAN_POINT('',(13.9999997027218,2.50021995633834,7.29999999999999));
#10402=CARTESIAN_POINT('',(13.9999997027218,2.5002199563383,1.69999999999999));
#10403=CARTESIAN_POINT('',(13.9999996870756,2.80021995633834,7.29999999999999));
#10404=CARTESIAN_POINT('',(13.9999997027218,1.90021995633834,7.3));
#10405=CARTESIAN_POINT('',(13.9999996870756,2.80021995633832,3.89999999999999));
#10406=CARTESIAN_POINT('',(13.9999996870756,2.80021995633835,7.89999999999999));
#10407=CARTESIAN_POINT('',(13.9999996870756,3.40021995633832,3.89999999999999));
#10408=CARTESIAN_POINT('',(13.9999996870756,3.40021995633832,3.89999999999999));
#10409=CARTESIAN_POINT('',(13.9999996870756,3.40021995633834,7.29999999999998));
#10410=CARTESIAN_POINT('',(13.9999996870756,3.40021995633835,7.89999999999999));
#10411=CARTESIAN_POINT('',(13.9999996870756,2.80021995633835,7.89999999999999));
#10412=CARTESIAN_POINT('Origin',(13.9999996870756,2.80021995633834,7.29999999999999));
#10413=CARTESIAN_POINT('',(13.9999997027218,2.20021995633835,7.89999999999999));
#10414=CARTESIAN_POINT('',(13.9999997027218,2.20021995633834,7.89999999999999));
#10415=CARTESIAN_POINT('Origin',(13.9999997027218,2.20021995633834,7.59999999999999));
#10416=CARTESIAN_POINT('Origin',(13.9999997027218,4.5002199563383,2.19999999999998));
#10417=CARTESIAN_POINT('',(13.9999997027218,4.50021995633831,3.19999999999998));
#10418=CARTESIAN_POINT('',(11.2499999146909,4.50021995633831,3.19999999999998));
#10419=CARTESIAN_POINT('',(13.9999997027218,4.50021995633834,7.29999999999998));
#10420=CARTESIAN_POINT('',(13.9999997027218,4.5002199563383,1.69999999999997));
#10421=CARTESIAN_POINT('',(13.8499997027218,4.50021995633834,7.29999999999998));
#10422=CARTESIAN_POINT('Origin',(10.9499999146909,3.50021995633831,3.19999999999998));
#10423=CARTESIAN_POINT('',(14.2,3.20021991610515,2.24606081123578));
#10424=CARTESIAN_POINT('',(10.9499999146909,3.20021991610515,2.24606081123578));
#10425=CARTESIAN_POINT('',(14.2,3.8,2.24599165337916));
#10426=CARTESIAN_POINT('Origin',(14.2,3.50021995633831,3.19999999999998));
#10427=CARTESIAN_POINT('',(13.9999997027218,3.8,2.24599165337916));
#10428=CARTESIAN_POINT('',(11.2499999146909,3.8,2.24599165337916));
#10429=CARTESIAN_POINT('Origin',(13.9999997027218,3.50021995633831,3.19999999999998));
#10430=CARTESIAN_POINT('',(13.2,3.8,2.24599165337916));
#10431=CARTESIAN_POINT('',(11.2499999146909,3.8,2.24599165337916));
#10432=CARTESIAN_POINT('',(13.2,3.20021991610515,2.24606081123578));
#10433=CARTESIAN_POINT('Origin',(13.2,3.50021995633831,3.19999999999998));
#10434=CARTESIAN_POINT('',(13.3999997027218,3.20021991610515,2.24606081123578));
#10435=CARTESIAN_POINT('',(10.9499999146909,3.20021991610515,2.24606081123578));
#10436=CARTESIAN_POINT('',(13.3999997027218,2.50021995633831,3.19999999999999));
#10437=CARTESIAN_POINT('Origin',(13.3999997027218,3.50021995633831,3.19999999999998));
#10438=CARTESIAN_POINT('',(10.9499999146909,2.50021995633831,3.19999999999999));
#10439=CARTESIAN_POINT('Origin',(13.3999997027218,2.5002199563383,2.19999999999999));
#10440=CARTESIAN_POINT('',(13.3999997027218,2.50021995633834,7.29999999999999));
#10441=CARTESIAN_POINT('',(13.3999997027218,2.5002199563383,1.69999999999999));
#10442=CARTESIAN_POINT('',(13.5499997027218,2.50021995633834,7.29999999999999));
#10443=CARTESIAN_POINT('Origin',(13.3999997027218,2.20021995633834,7.59999999999999));
#10444=CARTESIAN_POINT('',(13.3999997027218,2.20021995633835,7.89999999999999));
#10445=CARTESIAN_POINT('Origin',(13.3999997027218,2.20021995633834,7.59999999999999));
#10446=CARTESIAN_POINT('',(13.3999997027218,2.20021995633835,7.89999999999999));
#10447=CARTESIAN_POINT('Origin',(13.3999997027218,5.1002199563383,1.69999999999997));
#10448=CARTESIAN_POINT('',(13.3999997027218,2.80021995633835,7.89999999999999));
#10449=CARTESIAN_POINT('',(13.3999997027218,3.80021995633834,7.89999999999998));
#10450=CARTESIAN_POINT('',(13.3999997027218,3.40021995633834,7.29999999999998));
#10451=CARTESIAN_POINT('Origin',(13.3999997027218,2.80021995633834,7.29999999999999));
#10452=CARTESIAN_POINT('',(13.3999997027218,3.40021995633832,3.89999999999999));
#10453=CARTESIAN_POINT('',(13.3999997027218,3.40021995633835,7.89999999999999));
#10454=CARTESIAN_POINT('',(13.3999997027218,2.80021995633832,3.89999999999999));
#10455=CARTESIAN_POINT('',(13.3999997027218,2.80021995633832,3.89999999999999));
#10456=CARTESIAN_POINT('',(13.3999997027218,2.80021995633834,7.29999999999999));
#10457=CARTESIAN_POINT('',(13.3999997027218,2.80021995633835,7.89999999999999));
#10458=CARTESIAN_POINT('',(13.3999997027218,3.40021995633834,7.29999999999999));
#10459=CARTESIAN_POINT('',(13.3999997027218,3.20021991610515,1.69999999999999));
#10460=CARTESIAN_POINT('',(13.3999997027218,3.20021991610515,0.849999999999986));
#10461=CARTESIAN_POINT('',(13.3999997027218,1.9002199563383,1.69999999999999));
#10462=CARTESIAN_POINT('Origin',(13.3999997027218,2.50021995633834,7.89999999999999));
#10463=CARTESIAN_POINT('',(13.5499996988103,2.80021995633835,7.89999999999999));
#10464=CARTESIAN_POINT('Origin',(13.9999997027218,4.80021995633834,7.59999999999997));
#10465=CARTESIAN_POINT('',(13.9999997027218,4.80021995633835,7.89999999999997));
#10466=CARTESIAN_POINT('Origin',(13.9999997027218,4.80021995633834,7.59999999999997));
#10467=CARTESIAN_POINT('',(13.9999997027218,4.80021995633835,7.89999999999997));
#10468=CARTESIAN_POINT('Origin',(13.9999997027218,1.9002199563383,1.7));
#10469=CARTESIAN_POINT('',(13.9999997027218,4.20021995633834,7.89999999999998));
#10470=CARTESIAN_POINT('',(13.9999997027218,3.20021995633834,7.89999999999998));
#10471=CARTESIAN_POINT('',(13.9999997027218,3.60021995633834,7.29999999999998));
#10472=CARTESIAN_POINT('Origin',(13.9999997027218,4.20021995633834,7.29999999999998));
#10473=CARTESIAN_POINT('',(13.9999997027218,3.60021995633831,3.89999999999998));
#10474=CARTESIAN_POINT('',(13.9999997027218,3.60021995633834,7.89999999999998));
#10475=CARTESIAN_POINT('',(13.9999997027218,4.20021995633831,3.89999999999998));
#10476=CARTESIAN_POINT('',(13.9999997027218,3.60021995633831,3.89999999999998));
#10477=CARTESIAN_POINT('',(13.9999997027218,4.20021995633834,7.29999999999998));
#10478=CARTESIAN_POINT('',(13.9999997027218,4.20021995633834,7.89999999999998));
#10479=CARTESIAN_POINT('',(13.9999997027218,5.10021995633834,7.29999999999997));
#10480=CARTESIAN_POINT('',(13.9999997027218,3.8,1.69999999999998));
#10481=CARTESIAN_POINT('',(13.9999997027218,3.8,0.849999999999998));
#10482=CARTESIAN_POINT('',(13.9999997027218,5.1002199563383,1.69999999999997));
#10483=CARTESIAN_POINT('Origin',(13.9999997027218,4.50021995633834,7.89999999999997));
#10484=CARTESIAN_POINT('',(13.8499997027218,4.20021995633834,7.89999999999998));
#10485=CARTESIAN_POINT('Origin',(13.8499997027218,4.20021995633834,7.29999999999998));
#10486=CARTESIAN_POINT('',(13.8499997027218,3.60021995633834,7.29999999999998));
#10487=CARTESIAN_POINT('Origin',(13.9999997027218,3.60021995633834,7.89999999999998));
#10488=CARTESIAN_POINT('',(13.3999997027218,3.60021995633831,3.89999999999998));
#10489=CARTESIAN_POINT('Origin',(13.6999997027218,4.35021995633834,7.29999999999998));
#10490=CARTESIAN_POINT('',(13.5499997027218,4.20021995633834,7.29999999999997));
#10491=CARTESIAN_POINT('Origin',(13.3999997027218,4.20021995633834,7.89999999999998));
#10492=CARTESIAN_POINT('',(13.9999997027218,4.20021995633831,3.89999999999998));
#10493=CARTESIAN_POINT('Origin',(13.6999997027218,3.90021995633832,3.89999999999998));
#10494=CARTESIAN_POINT('Origin',(13.5499996988103,2.80021995633834,7.29999999999999));
#10495=CARTESIAN_POINT('',(13.5499996988103,3.40021995633834,7.29999999999998));
#10496=CARTESIAN_POINT('Origin',(13.3999997027218,3.40021995633835,7.89999999999999));
#10497=CARTESIAN_POINT('',(13.3999997027218,3.40021995633832,3.89999999999999));
#10498=CARTESIAN_POINT('Origin',(13.6999997027218,2.65021995633834,7.29999999999999));
#10499=CARTESIAN_POINT('',(13.8499996948987,2.80021995633834,7.29999999999999));
#10500=CARTESIAN_POINT('Origin',(13.9999996870756,2.80021995633835,7.89999999999999));
#10501=CARTESIAN_POINT('',(13.9999996870756,2.80021995633832,3.89999999999999));
#10502=CARTESIAN_POINT('Origin',(13.6999996948987,3.10021995633832,3.89999999999999));
#10503=CARTESIAN_POINT('Origin',(13.6999997027218,3.5002199563383,1.69999999999999));
#10504=CARTESIAN_POINT('',(13.9499998513609,3.20021991610515,1.69999999999999));
#10505=CARTESIAN_POINT('Origin',(13.6999997027218,3.5002199563383,1.69999999999999));
#10506=CARTESIAN_POINT('',(13.4499998513609,3.8,1.69999999999998));
#10507=CARTESIAN_POINT('Origin',(13.2,3.8,0.));
#10508=CARTESIAN_POINT('',(14.2,3.8,-4.));
#10509=CARTESIAN_POINT('',(14.2,3.8,4.9746095483531E-45));
#10510=CARTESIAN_POINT('',(13.2,3.8,-4.));
#10511=CARTESIAN_POINT('Origin',(13.7,3.8,-4.));
#10512=CARTESIAN_POINT('',(13.2,3.8,4.6242849322719E-45));
#10513=CARTESIAN_POINT('Origin',(14.2,3.20021991610515,0.));
#10514=CARTESIAN_POINT('',(13.2,3.20021991610515,-4.));
#10515=CARTESIAN_POINT('',(13.2,3.20021991610515,4.6242849322719E-45));
#10516=CARTESIAN_POINT('',(14.2,3.20021991610515,-4.));
#10517=CARTESIAN_POINT('Origin',(13.7,3.20021991610515,-4.));
#10518=CARTESIAN_POINT('',(14.2,3.20021991610515,4.9746095483531E-45));
#10519=CARTESIAN_POINT('Origin',(13.2,3.00421991610515,9.24856986454379E-45));
#10520=CARTESIAN_POINT('',(13.2,3.25316493707886,-4.));
#10521=CARTESIAN_POINT('Origin',(13.7,3.25316493707886,-4.));
#10522=CARTESIAN_POINT('',(14.2,3.75105497902629,-4.));
#10523=CARTESIAN_POINT('Origin',(14.2,4.,9.9492190967062E-45));
#10524=CARTESIAN_POINT('Origin',(9.4,4.85021991610517,2.69999999999998));
#10525=CARTESIAN_POINT('',(8.4,5.00021991610517,2.69999999999997));
#10526=CARTESIAN_POINT('',(9.4,5.00021991610517,1.69999999999997));
#10527=CARTESIAN_POINT('Origin',(9.4,5.00021991610517,2.69999999999997));
#10528=CARTESIAN_POINT('',(9.4,4.40021991610517,1.69999999999998));
#10529=CARTESIAN_POINT('',(9.4,4.85021991610516,1.69999999999998));
#10530=CARTESIAN_POINT('',(8.4,4.40021991610517,2.69999999999998));
#10531=CARTESIAN_POINT('Origin',(9.4,4.40021991610517,2.69999999999998));
#10532=CARTESIAN_POINT('',(8.4,4.85021991610517,2.69999999999998));
#10533=CARTESIAN_POINT('Origin',(8.4,5.00021991610517,1.69999999999997));
#10534=CARTESIAN_POINT('',(8.4,4.40021991610521,7.59999999999997));
#10535=CARTESIAN_POINT('',(8.4,4.40021991610517,1.69999999999998));
#10536=CARTESIAN_POINT('',(8.4,5.00021991610521,7.59999999999997));
#10537=CARTESIAN_POINT('',(8.4,5.00021991610521,7.59999999999997));
#10538=CARTESIAN_POINT('',(8.4,5.00021991610517,1.69999999999997));
#10539=CARTESIAN_POINT('Origin',(8.4,4.40021991610517,1.69999999999998));
#10540=CARTESIAN_POINT('',(9.7,4.40021991610517,1.69999999999998));
#10541=CARTESIAN_POINT('',(11.6,4.40021991610517,1.69999999999998));
#10542=CARTESIAN_POINT('',(9.7,4.40021991610517,2.24606079858303));
#10543=CARTESIAN_POINT('',(9.7,4.40021991610516,0.849999999999988));
#10544=CARTESIAN_POINT('',(9.,4.40021991610518,3.19999999999998));
#10545=CARTESIAN_POINT('Origin',(10.,4.40021991610517,3.19999999999998));
#10546=CARTESIAN_POINT('',(8.99999999999999,4.40021991610521,7.29999999999997));
#10547=CARTESIAN_POINT('',(9.,4.40021991610517,1.69999999999997));
#10548=CARTESIAN_POINT('',(9.29999999999999,4.40021993175142,7.29999999999997));
#10549=CARTESIAN_POINT('',(8.39999999999999,4.40021991610522,7.29999999999997));
#10550=CARTESIAN_POINT('',(9.29999999999999,4.4002199317514,3.89999999999997));
#10551=CARTESIAN_POINT('',(9.29999999999999,4.40021993175143,7.89999999999998));
#10552=CARTESIAN_POINT('',(9.89999999999999,4.4002199317514,3.89999999999997));
#10553=CARTESIAN_POINT('',(9.89999999999999,4.4002199317514,3.89999999999997));
#10554=CARTESIAN_POINT('',(9.89999999999999,4.40021993175142,7.29999999999997));
#10555=CARTESIAN_POINT('',(9.89999999999999,4.40021993175143,7.89999999999997));
#10556=CARTESIAN_POINT('',(9.29999999999999,4.40021993175143,7.89999999999998));
#10557=CARTESIAN_POINT('Origin',(9.29999999999999,4.40021993175142,7.29999999999997));
#10558=CARTESIAN_POINT('',(8.7,4.40021991610521,7.89999999999997));
#10559=CARTESIAN_POINT('',(8.7,4.40021991610521,7.89999999999997));
#10560=CARTESIAN_POINT('Origin',(8.7,4.40021991610521,7.59999999999997));
#10561=CARTESIAN_POINT('Origin',(10.6,4.55021991610517,2.69999999999998));
#10562=CARTESIAN_POINT('',(11.6,4.40021991610517,2.69999999999998));
#10563=CARTESIAN_POINT('',(10.6,4.40021991610517,1.69999999999998));
#10564=CARTESIAN_POINT('Origin',(10.6,4.40021991610517,2.69999999999998));
#10565=CARTESIAN_POINT('',(10.6,5.00021991610517,1.69999999999997));
#10566=CARTESIAN_POINT('',(10.6,4.55021991610517,1.69999999999998));
#10567=CARTESIAN_POINT('',(11.6,5.00021991610517,2.69999999999997));
#10568=CARTESIAN_POINT('Origin',(10.6,5.00021991610517,2.69999999999997));
#10569=CARTESIAN_POINT('',(11.6,4.55021991610517,2.69999999999998));
#10570=CARTESIAN_POINT('Origin',(11.6,4.40021991610517,1.69999999999998));
#10571=CARTESIAN_POINT('',(11.6,5.00021991610521,7.59999999999997));
#10572=CARTESIAN_POINT('',(11.6,5.00021991610517,1.69999999999997));
#10573=CARTESIAN_POINT('',(11.6,4.40021991610521,7.59999999999997));
#10574=CARTESIAN_POINT('',(11.6,4.40021991610521,7.59999999999997));
#10575=CARTESIAN_POINT('',(11.6,4.40021991610517,1.69999999999998));
#10576=CARTESIAN_POINT('Origin',(11.6,5.00021991610517,1.69999999999997));
#10577=CARTESIAN_POINT('',(10.3,5.00021991610517,1.69999999999997));
#10578=CARTESIAN_POINT('',(8.4,5.00021991610517,1.69999999999997));
#10579=CARTESIAN_POINT('',(10.3,5.00021991610517,2.24606079858303));
#10580=CARTESIAN_POINT('',(10.3,5.00021991610516,0.849999999999987));
#10581=CARTESIAN_POINT('',(11.,5.00021991610518,3.19999999999997));
#10582=CARTESIAN_POINT('Origin',(9.99999999999999,5.00021991610517,3.19999999999997));
#10583=CARTESIAN_POINT('',(11.,5.00021991610522,7.29999999999997));
#10584=CARTESIAN_POINT('',(11.,5.00021991610517,1.69999999999997));
#10585=CARTESIAN_POINT('',(10.7,5.00021991610522,7.29999999999997));
#10586=CARTESIAN_POINT('',(10.1,5.00021991610522,7.29999999999997));
#10587=CARTESIAN_POINT('',(10.7,5.0002199161052,3.89999999999997));
#10588=CARTESIAN_POINT('',(10.7,5.00021991610523,7.89999999999997));
#10589=CARTESIAN_POINT('',(10.1,5.0002199161052,3.89999999999997));
#10590=CARTESIAN_POINT('',(10.7,5.0002199161052,3.89999999999997));
#10591=CARTESIAN_POINT('',(10.1,5.00021991610522,7.29999999999997));
#10592=CARTESIAN_POINT('',(10.1,5.00021991610523,7.89999999999997));
#10593=CARTESIAN_POINT('',(10.7,5.00021991610523,7.89999999999997));
#10594=CARTESIAN_POINT('Origin',(10.7,5.00021991610522,7.29999999999997));
#10595=CARTESIAN_POINT('',(11.3,5.00021991610521,7.89999999999997));
#10596=CARTESIAN_POINT('',(11.3,5.00021991610521,7.89999999999997));
#10597=CARTESIAN_POINT('Origin',(11.3,5.00021991610521,7.59999999999997));
#10598=CARTESIAN_POINT('Origin',(11.,4.40021991610517,2.19999999999998));
#10599=CARTESIAN_POINT('',(11.,4.40021991610518,3.19999999999998));
#10600=CARTESIAN_POINT('',(11.,3.70021988630285,3.19999999999998));
#10601=CARTESIAN_POINT('',(11.,4.40021991610522,7.29999999999997));
#10602=CARTESIAN_POINT('',(11.,4.40021991610517,1.69999999999997));
#10603=CARTESIAN_POINT('',(11.,4.55021991610521,7.29999999999997));
#10604=CARTESIAN_POINT('Origin',(10.,4.00021988630285,3.19999999999998));
#10605=CARTESIAN_POINT('',(9.7,4.2,2.24606079858303));
#10606=CARTESIAN_POINT('',(9.7,4.00021988630285,2.24606079858303));
#10607=CARTESIAN_POINT('',(10.3,4.2,2.24606079858303));
#10608=CARTESIAN_POINT('Origin',(10.,4.20000000000002,3.19999999999998));
#10609=CARTESIAN_POINT('',(10.3,4.40021991610517,2.24606079858303));
#10610=CARTESIAN_POINT('',(10.3,3.70021988630285,2.24606079858304));
#10611=CARTESIAN_POINT('Origin',(9.99999999999999,4.40021991610517,3.19999999999998));
#10612=CARTESIAN_POINT('',(10.3,5.2,2.24606079858303));
#10613=CARTESIAN_POINT('',(10.3,3.70021988630285,2.24606079858304));
#10614=CARTESIAN_POINT('',(9.7,5.2,2.24606079858302));
#10615=CARTESIAN_POINT('Origin',(9.99999999999999,5.20000000000002,3.19999999999997));
#10616=CARTESIAN_POINT('',(9.7,5.00021991610517,2.24606079858302));
#10617=CARTESIAN_POINT('',(9.7,4.00021988630285,2.24606079858303));
#10618=CARTESIAN_POINT('',(9.,5.00021991610518,3.19999999999997));
#10619=CARTESIAN_POINT('Origin',(10.,5.00021991610517,3.19999999999997));
#10620=CARTESIAN_POINT('',(9.,4.00021988630285,3.19999999999998));
#10621=CARTESIAN_POINT('Origin',(9.,5.00021991610517,2.19999999999997));
#10622=CARTESIAN_POINT('',(8.99999999999999,5.00021991610521,7.29999999999997));
#10623=CARTESIAN_POINT('',(9.,5.00021991610517,1.69999999999997));
#10624=CARTESIAN_POINT('',(9.,4.85021991610521,7.29999999999997));
#10625=CARTESIAN_POINT('Origin',(11.3,4.40021991610521,7.59999999999997));
#10626=CARTESIAN_POINT('',(11.3,4.40021991610521,7.89999999999997));
#10627=CARTESIAN_POINT('Origin',(11.3,4.40021991610521,7.59999999999997));
#10628=CARTESIAN_POINT('',(11.3,4.40021991610521,7.89999999999997));
#10629=CARTESIAN_POINT('Origin',(8.4,4.40021991610517,1.69999999999998));
#10630=CARTESIAN_POINT('',(10.7,4.40021991610523,7.89999999999997));
#10631=CARTESIAN_POINT('',(9.7,4.40021991610521,7.89999999999997));
#10632=CARTESIAN_POINT('',(10.1,4.40021991610522,7.29999999999997));
#10633=CARTESIAN_POINT('Origin',(10.7,4.40021991610522,7.29999999999997));
#10634=CARTESIAN_POINT('',(10.1,4.4002199161052,3.89999999999997));
#10635=CARTESIAN_POINT('',(10.1,4.40021991610523,7.89999999999997));
#10636=CARTESIAN_POINT('',(10.7,4.4002199161052,3.89999999999997));
#10637=CARTESIAN_POINT('',(10.1,4.4002199161052,3.89999999999997));
#10638=CARTESIAN_POINT('',(10.7,4.40021991610522,7.29999999999997));
#10639=CARTESIAN_POINT('',(10.7,4.40021991610523,7.89999999999997));
#10640=CARTESIAN_POINT('',(11.6,4.40021991610522,7.29999999999997));
#10641=CARTESIAN_POINT('',(10.3,4.40021991610517,1.69999999999998));
#10642=CARTESIAN_POINT('',(10.3,4.40021991610516,0.849999999999991));
#10643=CARTESIAN_POINT('',(11.6,4.40021991610517,1.69999999999998));
#10644=CARTESIAN_POINT('Origin',(11.,4.40021991610521,7.89999999999997));
#10645=CARTESIAN_POINT('',(10.7,4.55021991610523,7.89999999999997));
#10646=CARTESIAN_POINT('Origin',(8.7,5.00021991610521,7.59999999999997));
#10647=CARTESIAN_POINT('',(8.7,5.00021991610521,7.89999999999997));
#10648=CARTESIAN_POINT('Origin',(8.7,5.00021991610521,7.59999999999997));
#10649=CARTESIAN_POINT('',(8.7,5.00021991610521,7.89999999999997));
#10650=CARTESIAN_POINT('Origin',(11.6,5.00021991610517,1.69999999999997));
#10651=CARTESIAN_POINT('',(9.29999999999999,5.00021991610522,7.89999999999997));
#10652=CARTESIAN_POINT('',(10.3,5.00021991610521,7.89999999999997));
#10653=CARTESIAN_POINT('',(9.89999999999999,5.00021991610521,7.29999999999997));
#10654=CARTESIAN_POINT('Origin',(9.29999999999999,5.00021991610521,7.29999999999997));
#10655=CARTESIAN_POINT('',(9.89999999999999,5.00021991610519,3.89999999999997));
#10656=CARTESIAN_POINT('',(9.89999999999999,5.00021991610522,7.89999999999997));
#10657=CARTESIAN_POINT('',(9.29999999999999,5.00021991610519,3.89999999999997));
#10658=CARTESIAN_POINT('',(9.29999999999999,5.00021991610519,3.89999999999997));
#10659=CARTESIAN_POINT('',(9.29999999999999,5.00021991610521,7.29999999999997));
#10660=CARTESIAN_POINT('',(9.29999999999999,5.00021991610522,7.89999999999997));
#10661=CARTESIAN_POINT('',(9.89999999999999,5.00021991610521,7.29999999999997));
#10662=CARTESIAN_POINT('',(9.7,5.00021991610517,1.69999999999997));
#10663=CARTESIAN_POINT('',(9.7,5.00021991610516,0.849999999999983));
#10664=CARTESIAN_POINT('',(8.4,5.00021991610517,1.69999999999997));
#10665=CARTESIAN_POINT('Origin',(9.,5.00021991610521,7.89999999999997));
#10666=CARTESIAN_POINT('',(9.29999999999999,4.85021992001677,7.89999999999997));
#10667=CARTESIAN_POINT('Origin',(10.7,4.55021991610522,7.29999999999997));
#10668=CARTESIAN_POINT('',(10.1,4.55021991610522,7.29999999999997));
#10669=CARTESIAN_POINT('Origin',(10.1,4.40021991610523,7.89999999999997));
#10670=CARTESIAN_POINT('',(10.1,5.0002199161052,3.89999999999997));
#10671=CARTESIAN_POINT('Origin',(10.85,4.70021991610522,7.29999999999997));
#10672=CARTESIAN_POINT('',(10.7,4.85021991610522,7.29999999999996));
#10673=CARTESIAN_POINT('Origin',(10.7,5.00021991610523,7.89999999999997));
#10674=CARTESIAN_POINT('',(10.7,4.4002199161052,3.89999999999997));
#10675=CARTESIAN_POINT('Origin',(10.4,4.7002199161052,3.89999999999997));
#10676=CARTESIAN_POINT('Origin',(9.29999999999999,4.85021992001677,7.29999999999997));
#10677=CARTESIAN_POINT('',(9.89999999999999,4.85021992001677,7.29999999999997));
#10678=CARTESIAN_POINT('Origin',(9.89999999999999,5.00021991610522,7.89999999999997));
#10679=CARTESIAN_POINT('',(9.89999999999999,5.00021991610519,3.89999999999997));
#10680=CARTESIAN_POINT('Origin',(9.14999999999999,4.70021991610521,7.29999999999997));
#10681=CARTESIAN_POINT('',(9.29999999999999,4.55021992392832,7.29999999999997));
#10682=CARTESIAN_POINT('Origin',(9.29999999999999,4.40021993175143,7.89999999999998));
#10683=CARTESIAN_POINT('',(9.29999999999999,4.4002199317514,3.89999999999997));
#10684=CARTESIAN_POINT('Origin',(9.59999999999999,4.7002199239283,3.89999999999997));
#10685=CARTESIAN_POINT('Origin',(10.,4.70021991610516,1.69999999999998));
#10686=CARTESIAN_POINT('',(9.7,4.45010995805259,1.69999999999998));
#10687=CARTESIAN_POINT('Origin',(10.,4.70021991610516,1.69999999999998));
#10688=CARTESIAN_POINT('',(10.3,4.95010995805259,1.69999999999998));
#10689=CARTESIAN_POINT('Origin',(10.3,5.2,0.));
#10690=CARTESIAN_POINT('',(10.3,4.2,-4.));
#10691=CARTESIAN_POINT('',(10.3,4.2,-2.1731074890497E-14));
#10692=CARTESIAN_POINT('',(10.3,5.2,-4.));
#10693=CARTESIAN_POINT('Origin',(10.3,4.7,-4.));
#10694=CARTESIAN_POINT('',(10.3,5.2,3.32808385277144E-45));
#10695=CARTESIAN_POINT('Origin',(10.5,4.2,7.35681693770529E-45));
#10696=CARTESIAN_POINT('',(9.7,4.2,-4.));
#10697=CARTESIAN_POINT('',(9.7,4.2,3.67840846885265E-45));
#10698=CARTESIAN_POINT('',(10.25,4.2,-4.));
#10699=CARTESIAN_POINT('Origin',(9.7,4.2,0.));
#10700=CARTESIAN_POINT('',(9.7,5.2,-4.));
#10701=CARTESIAN_POINT('',(9.7,5.2,3.32808385277144E-45));
#10702=CARTESIAN_POINT('Origin',(9.7,4.7,-4.));
#10703=CARTESIAN_POINT('Origin',(10.25,4.7,-4.));
#10704=CARTESIAN_POINT('',(9.75,5.2,-4.));
#10705=CARTESIAN_POINT('Origin',(9.5,5.2,6.65616770554288E-45));
#10706=CARTESIAN_POINT('Origin',(2.55,4.10021991610517,2.69999999999998));
#10707=CARTESIAN_POINT('',(2.1,4.10021991610517,1.69999999999998));
#10708=CARTESIAN_POINT('',(2.1,5.10021991610517,2.69999999999997));
#10709=CARTESIAN_POINT('Origin',(2.1,4.10021991610517,2.69999999999998));
#10710=CARTESIAN_POINT('',(2.7,5.10021991610517,2.69999999999997));
#10711=CARTESIAN_POINT('',(2.55,5.10021991610517,2.69999999999997));
#10712=CARTESIAN_POINT('',(2.7,4.10021991610517,1.69999999999998));
#10713=CARTESIAN_POINT('Origin',(2.7,4.10021991610517,2.69999999999998));
#10714=CARTESIAN_POINT('',(2.55,4.10021991610517,1.69999999999998));
#10715=CARTESIAN_POINT('Origin',(2.7,5.10021991610516,1.69999999999997));
#10716=CARTESIAN_POINT('',(2.1,5.10021991610521,7.59999999999997));
#10717=CARTESIAN_POINT('',(2.1,5.10021991610516,1.69999999999997));
#10718=CARTESIAN_POINT('',(2.7,5.10021991610521,7.59999999999997));
#10719=CARTESIAN_POINT('',(2.54999998491258,5.10021991610521,7.59999999999997));
#10720=CARTESIAN_POINT('',(2.7,5.10021991610516,1.69999999999997));
#10721=CARTESIAN_POINT('Origin',(2.1,5.10021991610516,1.69999999999997));
#10722=CARTESIAN_POINT('',(2.1,3.8,1.69999999999998));
#10723=CARTESIAN_POINT('',(2.1,5.10021991610516,1.69999999999997));
#10724=CARTESIAN_POINT('',(2.1,3.8,2.24599164846262));
#10725=CARTESIAN_POINT('',(2.1,3.8,0.849999999999986));
#10726=CARTESIAN_POINT('',(2.1,4.50021997198453,3.19999999999998));
#10727=CARTESIAN_POINT('Origin',(2.1,3.50021997198453,3.19999999999998));
#10728=CARTESIAN_POINT('',(2.09999999999999,4.5002199161052,7.29999999999998));
#10729=CARTESIAN_POINT('',(2.1,4.50021997198452,1.69999999999998));
#10730=CARTESIAN_POINT('',(2.09999999999999,4.2002199161052,7.29999999999998));
#10731=CARTESIAN_POINT('',(2.09999999999999,3.6002199161052,7.29999999999998));
#10732=CARTESIAN_POINT('',(2.09999999999999,4.20021991610518,3.89999999999998));
#10733=CARTESIAN_POINT('',(2.09999999999999,4.20021991610521,7.89999999999998));
#10734=CARTESIAN_POINT('',(2.09999999999999,3.60021991610518,3.89999999999998));
#10735=CARTESIAN_POINT('',(2.09999999999999,4.20021991610518,3.89999999999998));
#10736=CARTESIAN_POINT('',(2.09999999999999,3.6002199161052,7.29999999999998));
#10737=CARTESIAN_POINT('',(2.09999999999999,3.60021991610521,7.89999999999998));
#10738=CARTESIAN_POINT('',(2.09999999999999,4.20021991610521,7.89999999999998));
#10739=CARTESIAN_POINT('Origin',(2.09999999999999,4.2002199161052,7.29999999999998));
#10740=CARTESIAN_POINT('',(2.1,4.80021991610521,7.89999999999998));
#10741=CARTESIAN_POINT('',(2.1,4.95021993007505,7.89999999999997));
#10742=CARTESIAN_POINT('Origin',(2.1,4.80021991610521,7.59999999999998));
#10743=CARTESIAN_POINT('Origin',(2.25,2.90021991610517,2.69999999999999));
#10744=CARTESIAN_POINT('',(2.7,2.90021991610516,1.69999999999999));
#10745=CARTESIAN_POINT('',(2.7,1.90021991610517,2.7));
#10746=CARTESIAN_POINT('Origin',(2.7,2.90021991610517,2.69999999999999));
#10747=CARTESIAN_POINT('',(2.1,1.90021991610517,2.7));
#10748=CARTESIAN_POINT('',(2.25,1.90021991610517,2.7));
#10749=CARTESIAN_POINT('',(2.1,2.90021991610516,1.69999999999999));
#10750=CARTESIAN_POINT('Origin',(2.1,2.90021991610517,2.69999999999999));
#10751=CARTESIAN_POINT('',(2.25,2.90021991610516,1.69999999999999));
#10752=CARTESIAN_POINT('Origin',(2.1,1.90021991610516,1.69999999999999));
#10753=CARTESIAN_POINT('',(2.7,1.90021991610521,7.6));
#10754=CARTESIAN_POINT('',(2.7,1.90021991610516,1.69999999999999));
#10755=CARTESIAN_POINT('',(2.1,1.90021991610521,7.6));
#10756=CARTESIAN_POINT('',(2.25,1.90021991610521,7.6));
#10757=CARTESIAN_POINT('',(2.1,1.90021991610516,1.69999999999999));
#10758=CARTESIAN_POINT('Origin',(2.7,1.90021991610516,1.69999999999999));
#10759=CARTESIAN_POINT('',(2.7,3.2,1.69999999999999));
#10760=CARTESIAN_POINT('',(2.7,1.90021991610516,1.69999999999999));
#10761=CARTESIAN_POINT('',(2.7,3.2,2.24612998685679));
#10762=CARTESIAN_POINT('',(2.7,3.2,0.849999999999997));
#10763=CARTESIAN_POINT('',(2.7,2.50021991610517,3.19999999999999));
#10764=CARTESIAN_POINT('Origin',(2.7,3.50021991610517,3.19999999999998));
#10765=CARTESIAN_POINT('',(2.7,2.5002199161052,7.29999999999999));
#10766=CARTESIAN_POINT('',(2.7,2.50021991610516,1.69999999999999));
#10767=CARTESIAN_POINT('',(2.69999998435379,2.8002199161052,7.29999999999999));
#10768=CARTESIAN_POINT('',(2.7,1.90021991610521,7.3));
#10769=CARTESIAN_POINT('',(2.69999998435379,2.80021991610518,3.89999999999999));
#10770=CARTESIAN_POINT('',(2.69999998435379,2.80021991610521,7.9));
#10771=CARTESIAN_POINT('',(2.69999998435379,3.40021991610518,3.89999999999999));
#10772=CARTESIAN_POINT('',(2.69999998435379,3.40021991610518,3.89999999999999));
#10773=CARTESIAN_POINT('',(2.69999998435379,3.4002199161052,7.29999999999999));
#10774=CARTESIAN_POINT('',(2.69999998435379,3.40021991610521,7.89999999999999));
#10775=CARTESIAN_POINT('',(2.69999998435379,2.80021991610521,7.9));
#10776=CARTESIAN_POINT('Origin',(2.69999998435379,2.8002199161052,7.29999999999999));
#10777=CARTESIAN_POINT('',(2.69999998435379,2.20021991610521,7.9));
#10778=CARTESIAN_POINT('',(2.69999998435379,3.40021991610521,7.89999999999999));
#10779=CARTESIAN_POINT('Origin',(2.7,2.20021991610521,7.59999999999999));
#10780=CARTESIAN_POINT('Origin',(5.30000006332994,3.50021997198453,3.19999999999998));
#10781=CARTESIAN_POINT('',(1.9,3.8,2.24599164846262));
#10782=CARTESIAN_POINT('',(5.30000006332994,3.8,2.24599164846262));
#10783=CARTESIAN_POINT('',(1.9,3.50021991610517,2.19999999999998));
#10784=CARTESIAN_POINT('Origin',(1.9,3.50021997198453,3.19999999999998));
#10785=CARTESIAN_POINT('',(2.9,3.50021991610517,2.19999999999998));
#10786=CARTESIAN_POINT('',(5.60000006332993,3.50021991610517,2.19999999999998));
#10787=CARTESIAN_POINT('',(2.9,3.8,2.24599164846262));
#10788=CARTESIAN_POINT('Origin',(2.9,3.50021997198453,3.19999999999998));
#10789=CARTESIAN_POINT('',(2.7,3.8,2.24599164846262));
#10790=CARTESIAN_POINT('',(5.30000006332994,3.8,2.24599164846262));
#10791=CARTESIAN_POINT('',(2.6999999396503,4.50021997198453,3.19999999999998));
#10792=CARTESIAN_POINT('Origin',(2.7,3.50021997198453,3.19999999999998));
#10793=CARTESIAN_POINT('',(5.30000006332994,4.50021997198453,3.19999999999998));
#10794=CARTESIAN_POINT('Origin',(2.1,4.50021997198452,1.69999999999998));
#10795=CARTESIAN_POINT('',(2.69999999999999,4.5002199161052,7.29999999999998));
#10796=CARTESIAN_POINT('',(2.6999999396503,4.50021997198452,1.69999999999998));
#10797=CARTESIAN_POINT('',(2.25,4.50021997198456,7.29999999999998));
#10798=CARTESIAN_POINT('Origin',(5.60000006332993,3.50021991610517,3.19999999999998));
#10799=CARTESIAN_POINT('',(2.9,3.2,2.24612998685679));
#10800=CARTESIAN_POINT('',(5.60000006332993,3.2,2.24612998685679));
#10801=CARTESIAN_POINT('Origin',(2.9,3.50021991610517,3.19999999999998));
#10802=CARTESIAN_POINT('',(1.9,3.2,2.24612998685679));
#10803=CARTESIAN_POINT('Origin',(1.9,3.50021991610517,3.19999999999998));
#10804=CARTESIAN_POINT('',(2.1,3.2,2.24612998685679));
#10805=CARTESIAN_POINT('',(5.60000006332993,3.2,2.24612998685679));
#10806=CARTESIAN_POINT('',(2.1,2.50021991610517,3.19999999999999));
#10807=CARTESIAN_POINT('Origin',(2.1,3.50021991610517,3.19999999999998));
#10808=CARTESIAN_POINT('',(5.60000006332993,2.50021991610517,3.19999999999999));
#10809=CARTESIAN_POINT('Origin',(2.7,2.50021991610516,1.69999999999999));
#10810=CARTESIAN_POINT('',(2.1,2.50021991610521,7.29999999999999));
#10811=CARTESIAN_POINT('',(2.1,2.50021991610516,1.69999999999999));
#10812=CARTESIAN_POINT('',(2.55,2.5002199161052,7.29999999999999));
#10813=CARTESIAN_POINT('Origin',(2.54999998491258,4.80021991610521,7.59999999999998));
#10814=CARTESIAN_POINT('',(2.7,4.80021991610521,7.89999999999998));
#10815=CARTESIAN_POINT('Origin',(2.7,4.80021991610521,7.59999999999998));
#10816=CARTESIAN_POINT('',(2.54999998491258,4.80021991610521,7.89999999999998));
#10817=CARTESIAN_POINT('Origin',(2.7,1.90021991610516,1.69999999999999));
#10818=CARTESIAN_POINT('',(2.69999999999999,4.20021991610521,7.89999999999998));
#10819=CARTESIAN_POINT('',(2.7,3.35021993007505,7.89999999999999));
#10820=CARTESIAN_POINT('',(2.69999999999999,3.6002199161052,7.29999999999998));
#10821=CARTESIAN_POINT('Origin',(2.69999999999999,4.2002199161052,7.29999999999998));
#10822=CARTESIAN_POINT('',(2.69999999999999,3.60021991610518,3.89999999999998));
#10823=CARTESIAN_POINT('',(2.69999999999999,3.60021991610521,7.89999999999998));
#10824=CARTESIAN_POINT('',(2.69999999999999,4.20021991610518,3.89999999999998));
#10825=CARTESIAN_POINT('',(2.69999999999999,3.60021991610518,3.89999999999998));
#10826=CARTESIAN_POINT('',(2.69999999999999,4.2002199161052,7.29999999999998));
#10827=CARTESIAN_POINT('',(2.69999999999999,4.20021991610521,7.89999999999998));
#10828=CARTESIAN_POINT('',(2.69999999999999,5.1002199161052,7.29999999999997));
#10829=CARTESIAN_POINT('',(2.7,3.8,1.69999999999998));
#10830=CARTESIAN_POINT('',(2.7,3.8,0.849999999999997));
#10831=CARTESIAN_POINT('',(2.7,1.90021991610516,1.69999999999999));
#10832=CARTESIAN_POINT('Origin',(2.39999996982515,4.80021994404489,7.89999999999998));
#10833=CARTESIAN_POINT('',(2.54999999999999,4.20021991610521,7.89999999999998));
#10834=CARTESIAN_POINT('Origin',(2.25,2.20021991610521,7.59999999999999));
#10835=CARTESIAN_POINT('',(2.1,2.20021991610521,7.89999999999999));
#10836=CARTESIAN_POINT('Origin',(2.1,2.20021991610521,7.59999999999999));
#10837=CARTESIAN_POINT('',(2.25,2.20021991610521,7.89999999999999));
#10838=CARTESIAN_POINT('Origin',(2.1,5.10021991610516,1.69999999999997));
#10839=CARTESIAN_POINT('',(2.1,2.80021991610521,7.9));
#10840=CARTESIAN_POINT('',(2.1,3.65021991610521,7.89999999999998));
#10841=CARTESIAN_POINT('',(2.1,3.4002199161052,7.29999999999999));
#10842=CARTESIAN_POINT('Origin',(2.1,2.8002199161052,7.29999999999999));
#10843=CARTESIAN_POINT('',(2.1,3.40021991610518,3.89999999999999));
#10844=CARTESIAN_POINT('',(2.1,3.40021991610521,7.89999999999999));
#10845=CARTESIAN_POINT('',(2.1,2.80021991610518,3.89999999999999));
#10846=CARTESIAN_POINT('',(2.1,2.80021991610518,3.89999999999999));
#10847=CARTESIAN_POINT('',(2.1,2.8002199161052,7.29999999999999));
#10848=CARTESIAN_POINT('',(2.1,2.80021991610521,7.9));
#10849=CARTESIAN_POINT('',(2.1,3.4002199161052,7.29999999999999));
#10850=CARTESIAN_POINT('',(2.1,3.2,1.69999999999999));
#10851=CARTESIAN_POINT('',(2.1,3.2,0.849999999999986));
#10852=CARTESIAN_POINT('',(2.1,5.10021991610516,1.69999999999997));
#10853=CARTESIAN_POINT('Origin',(2.4,2.20021991610521,7.89999999999999));
#10854=CARTESIAN_POINT('',(2.24999999608845,2.80021991610521,7.89999999999999));
#10855=CARTESIAN_POINT('Origin',(2.54999999999999,4.2002199161052,7.29999999999998));
#10856=CARTESIAN_POINT('',(2.54999999999999,3.6002199161052,7.29999999999998));
#10857=CARTESIAN_POINT('Origin',(2.69999999999999,3.60021991610521,7.89999999999998));
#10858=CARTESIAN_POINT('',(2.09999999999999,3.60021991610518,3.89999999999998));
#10859=CARTESIAN_POINT('Origin',(2.39999999999999,4.3502199161052,7.29999999999998));
#10860=CARTESIAN_POINT('',(2.24999999999999,4.2002199161052,7.29999999999997));
#10861=CARTESIAN_POINT('Origin',(2.09999999999999,4.20021991610521,7.89999999999998));
#10862=CARTESIAN_POINT('',(2.69999999999999,4.20021991610518,3.89999999999998));
#10863=CARTESIAN_POINT('Origin',(2.39999999999999,3.90021991610518,3.89999999999998));
#10864=CARTESIAN_POINT('Origin',(2.24999999608845,2.8002199161052,7.29999999999999));
#10865=CARTESIAN_POINT('',(2.24999999608845,3.4002199161052,7.29999999999999));
#10866=CARTESIAN_POINT('Origin',(2.1,3.40021991610521,7.89999999999999));
#10867=CARTESIAN_POINT('',(2.1,3.40021991610518,3.89999999999999));
#10868=CARTESIAN_POINT('Origin',(2.4,2.6502199161052,7.29999999999999));
#10869=CARTESIAN_POINT('',(2.54999999217689,2.8002199161052,7.29999999999999));
#10870=CARTESIAN_POINT('Origin',(2.69999998435379,2.80021991610521,7.9));
#10871=CARTESIAN_POINT('',(2.69999998435379,2.80021991610518,3.89999999999999));
#10872=CARTESIAN_POINT('Origin',(2.39999999217689,3.10021991610518,3.89999999999999));
#10873=CARTESIAN_POINT('Origin',(2.4,3.50021991610516,1.69999999999999));
#10874=CARTESIAN_POINT('',(2.15,3.8,1.69999999999998));
#10875=CARTESIAN_POINT('Origin',(2.4,3.50021991610516,1.69999999999999));
#10876=CARTESIAN_POINT('',(2.65,3.2,1.69999999999999));
#10877=CARTESIAN_POINT('Origin',(1.9,3.8,0.));
#10878=CARTESIAN_POINT('',(2.9,3.8,-4.));
#10879=CARTESIAN_POINT('',(2.9,3.8,1.01594138663549E-45));
#10880=CARTESIAN_POINT('',(1.9,3.8,-4.));
#10881=CARTESIAN_POINT('Origin',(2.4,3.8,-4.));
#10882=CARTESIAN_POINT('',(1.9,3.8,6.65616770554289E-46));
#10883=CARTESIAN_POINT('Origin',(2.9,3.2,0.));
#10884=CARTESIAN_POINT('',(1.9,3.2,-4.));
#10885=CARTESIAN_POINT('',(1.9,3.2,-1.47227920475507E-14));
#10886=CARTESIAN_POINT('',(2.9,3.2,-4.));
#10887=CARTESIAN_POINT('Origin',(2.4,3.2,-4.));
#10888=CARTESIAN_POINT('',(2.9,3.2,1.01594138663549E-45));
#10889=CARTESIAN_POINT('Origin',(1.9,3.,1.33123354110858E-45));
#10890=CARTESIAN_POINT('',(1.9,3.25,-4.));
#10891=CARTESIAN_POINT('Origin',(2.4,3.25,-4.));
#10892=CARTESIAN_POINT('',(2.9,3.75,-4.));
#10893=CARTESIAN_POINT('Origin',(2.9,4.,2.03188277327099E-45));
#10894=CARTESIAN_POINT('Origin',(10.6,2.00021991610518,2.69999999999999));
#10895=CARTESIAN_POINT('',(10.6,2.60021991610517,1.69999999999999));
#10896=CARTESIAN_POINT('',(11.6,2.60021991610518,2.69999999999999));
#10897=CARTESIAN_POINT('Origin',(10.6,2.60021991610518,2.69999999999999));
#10898=CARTESIAN_POINT('',(11.6,2.00021991610518,2.69999999999999));
#10899=CARTESIAN_POINT('',(11.6,2.00021991610518,2.69999999999999));
#10900=CARTESIAN_POINT('',(10.6,2.00021991610517,1.69999999999999));
#10901=CARTESIAN_POINT('Origin',(10.6,2.00021991610517,2.69999999999999));
#10902=CARTESIAN_POINT('',(10.6,2.00021991610517,1.69999999999999));
#10903=CARTESIAN_POINT('Origin',(11.6,2.00021991610522,8.69999999999999));
#10904=CARTESIAN_POINT('',(11.6,2.60021991610521,7.59999999999999));
#10905=CARTESIAN_POINT('',(11.6,2.60021991610517,1.69999999999999));
#10906=CARTESIAN_POINT('',(11.6,2.00021991610521,7.59999999999999));
#10907=CARTESIAN_POINT('',(11.6,2.00021991610521,7.59999999999999));
#10908=CARTESIAN_POINT('',(11.6,2.00021991610517,1.69999999999999));
#10909=CARTESIAN_POINT('Origin',(8.4,2.60021991610517,1.69999999999999));
#10910=CARTESIAN_POINT('',(10.3,2.60021991610517,1.69999999999999));
#10911=CARTESIAN_POINT('',(8.4,2.60021991610517,1.69999999999999));
#10912=CARTESIAN_POINT('',(10.3,2.60021991610517,2.24606079858305));
#10913=CARTESIAN_POINT('',(10.3,2.60021991610516,0.849999999999996));
#10914=CARTESIAN_POINT('',(11.,2.60021991610518,3.19999999999999));
#10915=CARTESIAN_POINT('Origin',(9.99999999999999,2.60021991610518,3.19999999999999));
#10916=CARTESIAN_POINT('',(11.,2.60021991610522,7.29999999999999));
#10917=CARTESIAN_POINT('',(11.,2.60021991610517,1.69999999999999));
#10918=CARTESIAN_POINT('',(10.7,2.60021991610522,7.29999999999999));
#10919=CARTESIAN_POINT('',(10.1,2.60021991610522,7.29999999999999));
#10920=CARTESIAN_POINT('',(10.7,2.6002199161052,3.89999999999999));
#10921=CARTESIAN_POINT('',(10.7,2.60021991610523,7.89999999999999));
#10922=CARTESIAN_POINT('',(10.1,2.6002199161052,3.89999999999999));
#10923=CARTESIAN_POINT('',(10.7,2.6002199161052,3.89999999999999));
#10924=CARTESIAN_POINT('',(10.1,2.60021991610522,7.29999999999999));
#10925=CARTESIAN_POINT('',(10.1,2.60021991610523,7.89999999999999));
#10926=CARTESIAN_POINT('',(10.7,2.60021991610523,7.89999999999999));
#10927=CARTESIAN_POINT('Origin',(10.7,2.60021991610522,7.29999999999999));
#10928=CARTESIAN_POINT('',(11.3,2.60021991610521,7.89999999999999));
#10929=CARTESIAN_POINT('',(9.7,2.60021991610521,7.89999999999999));
#10930=CARTESIAN_POINT('Origin',(11.3,2.60021991610521,7.59999999999999));
#10931=CARTESIAN_POINT('Origin',(9.39999999999999,2.60021991610518,2.69999999999999));
#10932=CARTESIAN_POINT('',(9.39999999999999,2.00021991610517,1.69999999999999));
#10933=CARTESIAN_POINT('',(8.4,2.00021991610518,2.69999999999999));
#10934=CARTESIAN_POINT('Origin',(9.39999999999999,2.00021991610518,2.69999999999999));
#10935=CARTESIAN_POINT('',(8.4,2.60021991610518,2.69999999999999));
#10936=CARTESIAN_POINT('',(8.39999999999999,2.60021991610518,2.69999999999999));
#10937=CARTESIAN_POINT('',(9.39999999999999,2.60021991610517,1.69999999999999));
#10938=CARTESIAN_POINT('Origin',(9.39999999999999,2.60021991610518,2.69999999999999));
#10939=CARTESIAN_POINT('',(9.39999999999999,2.60021991610517,1.69999999999999));
#10940=CARTESIAN_POINT('Origin',(8.4,2.60021991610522,8.69999999999999));
#10941=CARTESIAN_POINT('',(8.4,2.00021991610521,7.59999999999999));
#10942=CARTESIAN_POINT('',(8.4,2.00021991610517,1.69999999999999));
#10943=CARTESIAN_POINT('',(8.4,2.60021991610521,7.59999999999999));
#10944=CARTESIAN_POINT('',(8.4,2.60021991610521,7.59999999999999));
#10945=CARTESIAN_POINT('',(8.4,2.60021991610517,1.69999999999999));
#10946=CARTESIAN_POINT('Origin',(11.6,2.00021991610517,1.69999999999999));
#10947=CARTESIAN_POINT('',(9.7,2.00021991610517,1.69999999999999));
#10948=CARTESIAN_POINT('',(11.6,2.00021991610517,1.69999999999999));
#10949=CARTESIAN_POINT('',(9.7,2.00021991610517,2.24606079858304));
#10950=CARTESIAN_POINT('',(9.7,2.00021991610516,0.849999999999997));
#10951=CARTESIAN_POINT('',(9.,2.00021991610518,3.19999999999999));
#10952=CARTESIAN_POINT('Origin',(10.,2.00021991610518,3.19999999999999));
#10953=CARTESIAN_POINT('',(8.99999999999999,2.00021991610521,7.29999999999999));
#10954=CARTESIAN_POINT('',(9.,2.00021991610517,1.69999999999999));
#10955=CARTESIAN_POINT('',(9.29999999999999,2.00021993175142,7.29999999999999));
#10956=CARTESIAN_POINT('',(8.39999999999999,2.00021991610522,7.29999999999999));
#10957=CARTESIAN_POINT('',(9.29999999999999,2.0002199317514,3.89999999999999));
#10958=CARTESIAN_POINT('',(9.29999999999999,2.00021993175143,7.9));
#10959=CARTESIAN_POINT('',(9.89999999999999,2.0002199317514,3.89999999999999));
#10960=CARTESIAN_POINT('',(9.89999999999999,2.0002199317514,3.89999999999999));
#10961=CARTESIAN_POINT('',(9.89999999999999,2.00021993175142,7.29999999999999));
#10962=CARTESIAN_POINT('',(9.89999999999999,2.00021993175143,7.89999999999999));
#10963=CARTESIAN_POINT('',(9.29999999999999,2.00021993175143,7.9));
#10964=CARTESIAN_POINT('Origin',(9.29999999999999,2.00021993175142,7.29999999999999));
#10965=CARTESIAN_POINT('',(8.7,2.00021993175143,7.89999999999999));
#10966=CARTESIAN_POINT('',(9.89999999999999,2.00021993175143,7.89999999999999));
#10967=CARTESIAN_POINT('Origin',(8.7,2.00021991610521,7.59999999999999));
#10968=CARTESIAN_POINT('Origin',(11.,2.00021991610517,2.19999999999999));
#10969=CARTESIAN_POINT('',(11.,2.00021991610518,3.19999999999999));
#10970=CARTESIAN_POINT('',(11.,2.00021991610518,3.19999999999999));
#10971=CARTESIAN_POINT('',(11.,2.00021991610522,7.29999999999999));
#10972=CARTESIAN_POINT('',(11.,2.00021991610517,1.69999999999999));
#10973=CARTESIAN_POINT('',(11.,2.15021991610521,7.29999999999999));
#10974=CARTESIAN_POINT('Origin',(10.,2.30021991610518,3.19999999999999));
#10975=CARTESIAN_POINT('',(9.7,1.8,2.24606079858305));
#10976=CARTESIAN_POINT('',(9.7,2.30021991610517,2.24606079858304));
#10977=CARTESIAN_POINT('',(10.3,1.8,2.24606079858305));
#10978=CARTESIAN_POINT('Origin',(10.,1.80000000000002,3.19999999999999));
#10979=CARTESIAN_POINT('',(10.3,2.00021991610517,2.24606079858305));
#10980=CARTESIAN_POINT('',(10.3,2.00021991610517,2.24606079858305));
#10981=CARTESIAN_POINT('Origin',(9.99999999999999,2.00021991610518,3.19999999999999));
#10982=CARTESIAN_POINT('',(10.3,2.8,2.24606079858304));
#10983=CARTESIAN_POINT('',(10.3,2.00021991610517,2.24606079858305));
#10984=CARTESIAN_POINT('',(9.7,2.8,2.24606079858304));
#10985=CARTESIAN_POINT('Origin',(9.99999999999999,2.80000000000002,3.19999999999999));
#10986=CARTESIAN_POINT('',(9.7,2.60021991610518,2.24606079858304));
#10987=CARTESIAN_POINT('',(9.7,2.30021991610517,2.24606079858304));
#10988=CARTESIAN_POINT('',(9.,2.60021991610518,3.19999999999999));
#10989=CARTESIAN_POINT('Origin',(10.,2.60021991610518,3.19999999999999));
#10990=CARTESIAN_POINT('',(9.,2.30021991610518,3.19999999999999));
#10991=CARTESIAN_POINT('Origin',(9.,2.60021991610518,2.19999999999999));
#10992=CARTESIAN_POINT('',(8.99999999999999,2.60021991610521,7.29999999999999));
#10993=CARTESIAN_POINT('',(9.,2.60021991610517,1.69999999999999));
#10994=CARTESIAN_POINT('',(9.,2.45021991610521,7.29999999999999));
#10995=CARTESIAN_POINT('Origin',(8.7,2.60021991610521,7.59999999999999));
#10996=CARTESIAN_POINT('',(8.7,2.60021991610521,7.89999999999999));
#10997=CARTESIAN_POINT('Origin',(8.7,2.60021991610521,7.59999999999999));
#10998=CARTESIAN_POINT('',(8.7,2.60021991610521,7.89999999999999));
#10999=CARTESIAN_POINT('Origin',(11.3,2.00021991610521,7.59999999999999));
#11000=CARTESIAN_POINT('',(11.3,2.00021991610521,7.89999999999999));
#11001=CARTESIAN_POINT('Origin',(11.3,2.00021991610521,7.59999999999999));
#11002=CARTESIAN_POINT('',(11.3,2.00021991610521,7.89999999999999));
#11003=CARTESIAN_POINT('Origin',(8.4,2.00021991610517,1.69999999999999));
#11004=CARTESIAN_POINT('',(10.7,2.00021991610523,7.89999999999999));
#11005=CARTESIAN_POINT('',(9.7,2.00021991610521,7.89999999999999));
#11006=CARTESIAN_POINT('',(10.1,2.00021991610522,7.29999999999999));
#11007=CARTESIAN_POINT('Origin',(10.7,2.00021991610522,7.29999999999999));
#11008=CARTESIAN_POINT('',(10.1,2.0002199161052,3.89999999999999));
#11009=CARTESIAN_POINT('',(10.1,2.00021991610523,7.89999999999999));
#11010=CARTESIAN_POINT('',(10.7,2.0002199161052,3.89999999999999));
#11011=CARTESIAN_POINT('',(10.1,2.0002199161052,3.89999999999999));
#11012=CARTESIAN_POINT('',(10.7,2.00021991610522,7.29999999999999));
#11013=CARTESIAN_POINT('',(10.7,2.00021991610523,7.89999999999999));
#11014=CARTESIAN_POINT('',(11.6,2.00021991610522,7.29999999999999));
#11015=CARTESIAN_POINT('',(10.3,2.00021991610517,1.69999999999999));
#11016=CARTESIAN_POINT('',(10.3,2.00021991610516,0.85));
#11017=CARTESIAN_POINT('',(8.4,2.00021991610517,1.69999999999999));
#11018=CARTESIAN_POINT('Origin',(11.,2.00021991610521,7.89999999999999));
#11019=CARTESIAN_POINT('',(10.7,2.15021991610523,7.89999999999999));
#11020=CARTESIAN_POINT('Origin',(10.7,2.15021991610522,7.29999999999999));
#11021=CARTESIAN_POINT('',(10.1,2.15021991610522,7.29999999999999));
#11022=CARTESIAN_POINT('Origin',(10.1,2.00021991610523,7.89999999999999));
#11023=CARTESIAN_POINT('',(10.1,2.6002199161052,3.89999999999999));
#11024=CARTESIAN_POINT('Origin',(10.85,2.30021991610522,7.29999999999999));
#11025=CARTESIAN_POINT('',(10.7,2.45021991610522,7.29999999999998));
#11026=CARTESIAN_POINT('Origin',(10.7,2.60021991610523,7.89999999999999));
#11027=CARTESIAN_POINT('',(10.7,2.0002199161052,3.89999999999999));
#11028=CARTESIAN_POINT('Origin',(10.4,2.3002199161052,3.89999999999999));
#11029=CARTESIAN_POINT('Origin',(9.29999999999999,2.45021992001677,7.29999999999999));
#11030=CARTESIAN_POINT('',(9.89999999999999,2.60021991610521,7.29999999999999));
#11031=CARTESIAN_POINT('',(9.89999999999999,2.45021992001677,7.29999999999999));
#11032=CARTESIAN_POINT('',(9.29999999999999,2.60021991610522,7.89999999999999));
#11033=CARTESIAN_POINT('Origin',(9.29999999999999,2.60021991610521,7.29999999999999));
#11034=CARTESIAN_POINT('',(9.29999999999999,2.45021992001677,7.89999999999999));
#11035=CARTESIAN_POINT('Origin',(9.89999999999999,2.60021991610522,7.89999999999999));
#11036=CARTESIAN_POINT('',(9.89999999999999,2.60021991610519,3.89999999999999));
#11037=CARTESIAN_POINT('',(9.89999999999999,2.60021991610519,3.89999999999999));
#11038=CARTESIAN_POINT('',(9.89999999999999,2.60021991610522,7.89999999999999));
#11039=CARTESIAN_POINT('Origin',(9.14999999999999,2.30021991610521,7.29999999999999));
#11040=CARTESIAN_POINT('',(9.29999999999999,2.60021991610521,7.29999999999999));
#11041=CARTESIAN_POINT('',(9.89999999999999,2.60021991610521,7.29999999999999));
#11042=CARTESIAN_POINT('',(9.29999999999999,2.15021992392832,7.29999999999999));
#11043=CARTESIAN_POINT('Origin',(9.29999999999999,2.00021993175143,7.9));
#11044=CARTESIAN_POINT('',(9.29999999999999,2.60021991610519,3.89999999999999));
#11045=CARTESIAN_POINT('',(9.29999999999999,2.60021991610522,7.89999999999999));
#11046=CARTESIAN_POINT('',(9.29999999999999,2.0002199317514,3.89999999999999));
#11047=CARTESIAN_POINT('Origin',(9.59999999999999,2.3002199239283,3.89999999999999));
#11048=CARTESIAN_POINT('',(9.29999999999999,2.60021991610519,3.89999999999999));
#11049=CARTESIAN_POINT('Origin',(9.,2.60021991610522,7.89999999999999));
#11050=CARTESIAN_POINT('',(10.3,2.60021991610521,7.89999999999999));
#11051=CARTESIAN_POINT('Origin',(11.6,2.60021991610517,1.69999999999999));
#11052=CARTESIAN_POINT('',(9.7,2.60021991610517,1.69999999999999));
#11053=CARTESIAN_POINT('',(9.7,2.60021991610516,0.849999999999992));
#11054=CARTESIAN_POINT('',(11.6,2.60021991610517,1.69999999999999));
#11055=CARTESIAN_POINT('Origin',(10.3,2.8,0.));
#11056=CARTESIAN_POINT('',(10.3,2.55010995805259,1.69999999999999));
#11057=CARTESIAN_POINT('',(10.3,1.8,-4.));
#11058=CARTESIAN_POINT('',(10.3,1.8,-4.9111960674259E-15));
#11059=CARTESIAN_POINT('',(10.3,2.8,-4.));
#11060=CARTESIAN_POINT('Origin',(10.3,2.3,-4.));
#11061=CARTESIAN_POINT('',(10.3,2.8,3.32808385277144E-45));
#11062=CARTESIAN_POINT('Origin',(10.5,1.8,7.35681693770529E-45));
#11063=CARTESIAN_POINT('',(9.7,1.8,-4.));
#11064=CARTESIAN_POINT('',(9.7,1.8,3.67840846885265E-45));
#11065=CARTESIAN_POINT('',(10.25,1.8,-4.));
#11066=CARTESIAN_POINT('Origin',(9.7,1.8,0.));
#11067=CARTESIAN_POINT('',(9.7,2.8,-4.));
#11068=CARTESIAN_POINT('',(9.7,2.8,3.32808385277144E-45));
#11069=CARTESIAN_POINT('Origin',(9.7,2.3,-4.));
#11070=CARTESIAN_POINT('',(9.7,2.05010995805259,1.69999999999999));
#11071=CARTESIAN_POINT('Origin',(10.25,2.3,-4.));
#11072=CARTESIAN_POINT('',(9.75,2.8,-4.));
#11073=CARTESIAN_POINT('Origin',(9.5,2.8,6.65616770554288E-45));
#11074=CARTESIAN_POINT('Origin',(8.4,2.60021991610517,1.69999999999999));
#11075=CARTESIAN_POINT('Origin',(11.6,2.00021991610517,1.69999999999999));
#11076=CARTESIAN_POINT('Origin',(5.5,5.00021991610518,2.69999999999997));
#11077=CARTESIAN_POINT('',(5.5,4.40021991610517,1.69999999999997));
#11078=CARTESIAN_POINT('',(4.5,4.40021991610517,2.69999999999997));
#11079=CARTESIAN_POINT('Origin',(5.5,4.40021991610518,2.69999999999997));
#11080=CARTESIAN_POINT('',(4.5,5.00021991610518,2.69999999999997));
#11081=CARTESIAN_POINT('',(4.5,5.00021991610518,2.69999999999997));
#11082=CARTESIAN_POINT('',(5.5,5.00021991610517,1.69999999999997));
#11083=CARTESIAN_POINT('Origin',(5.5,5.00021991610518,2.69999999999997));
#11084=CARTESIAN_POINT('',(5.5,5.00021991610517,1.69999999999997));
#11085=CARTESIAN_POINT('Origin',(4.5,5.00021991610522,8.69999999999997));
#11086=CARTESIAN_POINT('',(4.5,4.40021991610521,7.59999999999997));
#11087=CARTESIAN_POINT('',(4.5,4.40021991610517,1.69999999999997));
#11088=CARTESIAN_POINT('',(4.5,5.00021991610521,7.59999999999997));
#11089=CARTESIAN_POINT('',(4.5,5.00021991610521,7.59999999999997));
#11090=CARTESIAN_POINT('',(4.5,5.00021991610517,1.69999999999997));
#11091=CARTESIAN_POINT('Origin',(7.7,4.40021991610517,1.69999999999997));
#11092=CARTESIAN_POINT('',(5.8,4.40021991610517,1.69999999999998));
#11093=CARTESIAN_POINT('',(7.7,4.40021991610517,1.69999999999997));
#11094=CARTESIAN_POINT('',(5.8,4.40021991610517,2.24606079858303));
#11095=CARTESIAN_POINT('',(5.8,4.40021991610516,0.849999999999988));
#11096=CARTESIAN_POINT('',(5.1,4.40021991610518,3.19999999999998));
#11097=CARTESIAN_POINT('Origin',(6.1,4.40021991610518,3.19999999999998));
#11098=CARTESIAN_POINT('',(5.1,4.40021991610521,7.29999999999997));
#11099=CARTESIAN_POINT('',(5.1,4.40021991610517,1.69999999999997));
#11100=CARTESIAN_POINT('',(5.4,4.40021993175142,7.29999999999997));
#11101=CARTESIAN_POINT('',(4.5,4.40021991610521,7.29999999999997));
#11102=CARTESIAN_POINT('',(5.4,4.4002199317514,3.89999999999997));
#11103=CARTESIAN_POINT('',(5.4,4.40021993175143,7.89999999999997));
#11104=CARTESIAN_POINT('',(6.,4.4002199317514,3.89999999999997));
#11105=CARTESIAN_POINT('',(6.,4.4002199317514,3.89999999999997));
#11106=CARTESIAN_POINT('',(6.,4.40021993175142,7.29999999999997));
#11107=CARTESIAN_POINT('',(6.,4.40021993175143,7.89999999999997));
#11108=CARTESIAN_POINT('',(5.4,4.40021993175143,7.89999999999997));
#11109=CARTESIAN_POINT('Origin',(5.4,4.40021993175142,7.29999999999997));
#11110=CARTESIAN_POINT('',(4.8,4.40021993175143,7.89999999999997));
#11111=CARTESIAN_POINT('',(6.,4.40021993175143,7.89999999999997));
#11112=CARTESIAN_POINT('Origin',(4.8,4.40021991610521,7.59999999999997));
#11113=CARTESIAN_POINT('Origin',(6.7,4.40021991610517,2.69999999999997));
#11114=CARTESIAN_POINT('',(6.7,5.00021991610517,1.69999999999997));
#11115=CARTESIAN_POINT('',(7.7,5.00021991610518,2.69999999999997));
#11116=CARTESIAN_POINT('Origin',(6.7,5.00021991610517,2.69999999999997));
#11117=CARTESIAN_POINT('',(7.7,4.40021991610518,2.69999999999997));
#11118=CARTESIAN_POINT('',(7.7,4.40021991610518,2.69999999999997));
#11119=CARTESIAN_POINT('',(6.7,4.40021991610517,1.69999999999997));
#11120=CARTESIAN_POINT('Origin',(6.7,4.40021991610517,2.69999999999997));
#11121=CARTESIAN_POINT('',(6.7,4.40021991610517,1.69999999999997));
#11122=CARTESIAN_POINT('Origin',(7.7,4.40021991610522,8.69999999999997));
#11123=CARTESIAN_POINT('',(7.7,5.00021991610521,7.59999999999997));
#11124=CARTESIAN_POINT('',(7.7,5.00021991610517,1.69999999999997));
#11125=CARTESIAN_POINT('',(7.7,4.40021991610521,7.59999999999997));
#11126=CARTESIAN_POINT('',(7.7,4.40021991610521,7.59999999999997));
#11127=CARTESIAN_POINT('',(7.7,4.40021991610517,1.69999999999997));
#11128=CARTESIAN_POINT('Origin',(4.5,5.00021991610517,1.69999999999997));
#11129=CARTESIAN_POINT('',(6.4,5.00021991610517,1.69999999999997));
#11130=CARTESIAN_POINT('',(4.5,5.00021991610517,1.69999999999997));
#11131=CARTESIAN_POINT('',(6.4,5.00021991610517,2.24606079858303));
#11132=CARTESIAN_POINT('',(6.4,5.00021991610516,0.849999999999987));
#11133=CARTESIAN_POINT('',(7.1,5.00021991610518,3.19999999999997));
#11134=CARTESIAN_POINT('Origin',(6.1,5.00021991610518,3.19999999999997));
#11135=CARTESIAN_POINT('',(7.09999999999999,5.00021991610522,7.29999999999996));
#11136=CARTESIAN_POINT('',(7.1,5.00021991610517,1.69999999999997));
#11137=CARTESIAN_POINT('',(6.8,5.00021991610522,7.29999999999996));
#11138=CARTESIAN_POINT('',(6.19999999999999,5.00021991610522,7.29999999999996));
#11139=CARTESIAN_POINT('',(6.8,5.0002199161052,3.89999999999997));
#11140=CARTESIAN_POINT('',(6.8,5.00021991610522,7.89999999999996));
#11141=CARTESIAN_POINT('',(6.19999999999999,5.0002199161052,3.89999999999997));
#11142=CARTESIAN_POINT('',(6.8,5.0002199161052,3.89999999999997));
#11143=CARTESIAN_POINT('',(6.19999999999999,5.00021991610522,7.29999999999996));
#11144=CARTESIAN_POINT('',(6.19999999999999,5.00021991610522,7.89999999999996));
#11145=CARTESIAN_POINT('',(6.8,5.00021991610522,7.89999999999996));
#11146=CARTESIAN_POINT('Origin',(6.8,5.00021991610522,7.29999999999996));
#11147=CARTESIAN_POINT('',(7.4,5.00021991610521,7.89999999999997));
#11148=CARTESIAN_POINT('',(5.8,5.00021991610521,7.89999999999997));
#11149=CARTESIAN_POINT('Origin',(7.4,5.00021991610521,7.59999999999997));
#11150=CARTESIAN_POINT('Origin',(5.1,5.00021991610517,2.19999999999997));
#11151=CARTESIAN_POINT('',(5.1,5.00021991610518,3.19999999999997));
#11152=CARTESIAN_POINT('',(5.1,4.70021991610518,3.19999999999997));
#11153=CARTESIAN_POINT('',(5.1,5.00021991610521,7.29999999999996));
#11154=CARTESIAN_POINT('',(5.1,5.00021991610517,1.69999999999997));
#11155=CARTESIAN_POINT('',(5.1,4.85021991610521,7.29999999999997));
#11156=CARTESIAN_POINT('Origin',(6.1,4.40021991610518,3.19999999999998));
#11157=CARTESIAN_POINT('',(6.4,5.2,2.24606079858303));
#11158=CARTESIAN_POINT('',(6.4,4.40021991610517,2.24606079858303));
#11159=CARTESIAN_POINT('',(5.8,5.2,2.24606079858302));
#11160=CARTESIAN_POINT('Origin',(6.1,5.20000000000002,3.19999999999997));
#11161=CARTESIAN_POINT('',(5.8,5.00021991610517,2.24606079858302));
#11162=CARTESIAN_POINT('',(5.8,4.70021991610517,2.24606079858303));
#11163=CARTESIAN_POINT('Origin',(6.1,5.00021991610518,3.19999999999997));
#11164=CARTESIAN_POINT('',(5.8,4.2,2.24606079858303));
#11165=CARTESIAN_POINT('',(5.8,4.70021991610517,2.24606079858303));
#11166=CARTESIAN_POINT('',(6.4,4.2,2.24606079858303));
#11167=CARTESIAN_POINT('Origin',(6.1,4.20000000000002,3.19999999999998));
#11168=CARTESIAN_POINT('',(6.4,4.40021991610517,2.24606079858303));
#11169=CARTESIAN_POINT('',(6.4,4.40021991610517,2.24606079858303));
#11170=CARTESIAN_POINT('',(7.1,4.40021991610518,3.19999999999998));
#11171=CARTESIAN_POINT('Origin',(6.1,4.40021991610518,3.19999999999998));
#11172=CARTESIAN_POINT('',(7.1,4.40021991610518,3.19999999999998));
#11173=CARTESIAN_POINT('Origin',(7.1,4.40021991610517,2.19999999999998));
#11174=CARTESIAN_POINT('',(7.09999999999999,4.40021991610522,7.29999999999997));
#11175=CARTESIAN_POINT('',(7.1,4.40021991610517,1.69999999999997));
#11176=CARTESIAN_POINT('',(7.1,4.55021991610521,7.29999999999997));
#11177=CARTESIAN_POINT('Origin',(4.8,5.00021991610521,7.59999999999997));
#11178=CARTESIAN_POINT('',(4.8,5.00021991610521,7.89999999999997));
#11179=CARTESIAN_POINT('Origin',(4.8,5.00021991610521,7.59999999999997));
#11180=CARTESIAN_POINT('',(4.8,5.00021991610521,7.89999999999997));
#11181=CARTESIAN_POINT('Origin',(7.4,4.40021991610521,7.59999999999997));
#11182=CARTESIAN_POINT('',(7.4,4.40021991610521,7.89999999999997));
#11183=CARTESIAN_POINT('Origin',(7.4,4.40021991610521,7.59999999999997));
#11184=CARTESIAN_POINT('',(7.4,4.40021991610521,7.89999999999997));
#11185=CARTESIAN_POINT('Origin',(4.5,4.40021991610516,1.69999999999997));
#11186=CARTESIAN_POINT('',(6.8,4.40021991610522,7.89999999999997));
#11187=CARTESIAN_POINT('',(5.8,4.40021991610521,7.89999999999997));
#11188=CARTESIAN_POINT('',(6.19999999999999,4.40021991610522,7.29999999999997));
#11189=CARTESIAN_POINT('Origin',(6.8,4.40021991610522,7.29999999999997));
#11190=CARTESIAN_POINT('',(6.19999999999999,4.4002199161052,3.89999999999997));
#11191=CARTESIAN_POINT('',(6.19999999999999,4.40021991610522,7.89999999999997));
#11192=CARTESIAN_POINT('',(6.8,4.4002199161052,3.89999999999997));
#11193=CARTESIAN_POINT('',(6.19999999999999,4.4002199161052,3.89999999999997));
#11194=CARTESIAN_POINT('',(6.8,4.40021991610522,7.29999999999997));
#11195=CARTESIAN_POINT('',(6.8,4.40021991610522,7.89999999999997));
#11196=CARTESIAN_POINT('',(7.69999999999999,4.40021991610522,7.29999999999997));
#11197=CARTESIAN_POINT('',(6.4,4.40021991610517,1.69999999999998));
#11198=CARTESIAN_POINT('',(6.4,4.40021991610516,0.849999999999991));
#11199=CARTESIAN_POINT('',(4.5,4.40021991610516,1.69999999999997));
#11200=CARTESIAN_POINT('Origin',(7.1,4.40021991610521,7.89999999999997));
#11201=CARTESIAN_POINT('',(6.8,4.55021991610522,7.89999999999997));
#11202=CARTESIAN_POINT('Origin',(6.8,4.55021991610522,7.29999999999997));
#11203=CARTESIAN_POINT('',(6.19999999999999,4.55021991610522,7.29999999999997));
#11204=CARTESIAN_POINT('Origin',(6.19999999999999,4.40021991610522,7.89999999999997));
#11205=CARTESIAN_POINT('',(6.19999999999999,5.0002199161052,3.89999999999997));
#11206=CARTESIAN_POINT('Origin',(6.95,4.70021991610522,7.29999999999997));
#11207=CARTESIAN_POINT('',(6.8,4.85021991610522,7.29999999999996));
#11208=CARTESIAN_POINT('Origin',(6.8,5.00021991610522,7.89999999999996));
#11209=CARTESIAN_POINT('',(6.8,4.4002199161052,3.89999999999997));
#11210=CARTESIAN_POINT('Origin',(6.5,4.7002199161052,3.89999999999997));
#11211=CARTESIAN_POINT('Origin',(5.4,4.85021992001676,7.29999999999996));
#11212=CARTESIAN_POINT('',(6.,5.00021991610521,7.29999999999996));
#11213=CARTESIAN_POINT('',(6.,4.85021992001676,7.29999999999996));
#11214=CARTESIAN_POINT('',(5.4,5.00021991610522,7.89999999999997));
#11215=CARTESIAN_POINT('Origin',(5.4,5.00021991610521,7.29999999999996));
#11216=CARTESIAN_POINT('',(5.4,4.85021992001677,7.89999999999996));
#11217=CARTESIAN_POINT('Origin',(6.,5.00021991610522,7.89999999999996));
#11218=CARTESIAN_POINT('',(6.,5.00021991610519,3.89999999999997));
#11219=CARTESIAN_POINT('',(6.,5.00021991610519,3.89999999999997));
#11220=CARTESIAN_POINT('',(6.,5.00021991610522,7.89999999999996));
#11221=CARTESIAN_POINT('Origin',(5.25,4.70021991610521,7.29999999999997));
#11222=CARTESIAN_POINT('',(5.4,5.00021991610521,7.29999999999996));
#11223=CARTESIAN_POINT('',(6.,5.00021991610521,7.29999999999996));
#11224=CARTESIAN_POINT('',(5.4,4.55021992392832,7.29999999999997));
#11225=CARTESIAN_POINT('Origin',(5.4,4.40021993175143,7.89999999999997));
#11226=CARTESIAN_POINT('',(5.4,5.00021991610519,3.89999999999997));
#11227=CARTESIAN_POINT('',(5.4,5.00021991610522,7.89999999999997));
#11228=CARTESIAN_POINT('',(5.4,4.4002199317514,3.89999999999997));
#11229=CARTESIAN_POINT('Origin',(5.7,4.70021992392829,3.89999999999997));
#11230=CARTESIAN_POINT('',(5.4,5.00021991610519,3.89999999999997));
#11231=CARTESIAN_POINT('Origin',(5.1,5.00021991610521,7.89999999999997));
#11232=CARTESIAN_POINT('',(6.4,5.00021991610521,7.89999999999997));
#11233=CARTESIAN_POINT('Origin',(7.7,5.00021991610517,1.69999999999997));
#11234=CARTESIAN_POINT('',(5.8,5.00021991610517,1.69999999999997));
#11235=CARTESIAN_POINT('',(5.8,5.00021991610516,0.849999999999983));
#11236=CARTESIAN_POINT('',(7.7,5.00021991610517,1.69999999999997));
#11237=CARTESIAN_POINT('Origin',(6.4,5.2,0.));
#11238=CARTESIAN_POINT('',(6.4,4.95010995805259,1.69999999999998));
#11239=CARTESIAN_POINT('',(6.4,4.2,-4.));
#11240=CARTESIAN_POINT('',(6.4,4.2,-2.1731074890497E-14));
#11241=CARTESIAN_POINT('',(6.4,5.2,-4.));
#11242=CARTESIAN_POINT('Origin',(6.4,4.7,-4.));
#11243=CARTESIAN_POINT('',(6.4,5.2,1.96181785005475E-45));
#11244=CARTESIAN_POINT('Origin',(6.6,4.2,4.6242849322719E-45));
#11245=CARTESIAN_POINT('',(5.8,4.2,-4.));
#11246=CARTESIAN_POINT('',(5.8,4.2,2.31214246613595E-45));
#11247=CARTESIAN_POINT('',(6.35,4.2,-4.));
#11248=CARTESIAN_POINT('Origin',(5.8,4.2,0.));
#11249=CARTESIAN_POINT('',(5.8,5.2,-4.));
#11250=CARTESIAN_POINT('',(5.8,5.2,1.96181785005475E-45));
#11251=CARTESIAN_POINT('Origin',(5.8,4.7,-4.));
#11252=CARTESIAN_POINT('',(5.8,4.45010995805259,1.69999999999998));
#11253=CARTESIAN_POINT('Origin',(6.35,4.7,-4.));
#11254=CARTESIAN_POINT('',(5.85,5.2,-4.));
#11255=CARTESIAN_POINT('Origin',(5.6,5.2,3.92363570010949E-45));
#11256=CARTESIAN_POINT('Origin',(4.5,5.00021991610517,1.69999999999997));
#11257=CARTESIAN_POINT('Origin',(7.7,4.40021991610517,1.69999999999997));
#11258=CARTESIAN_POINT('Ctrl Pts',(3.84511586483945,5.29511586483944,13.2451158648394));
#11259=CARTESIAN_POINT('Ctrl Pts',(3.85458942196717,5.29037908627558,13.2403790862756));
#11260=CARTESIAN_POINT('Ctrl Pts',(3.87073429727959,5.27992207576249,13.2299220757625));
#11261=CARTESIAN_POINT('Ctrl Pts',(3.89315018080232,5.2524449036062,13.2024449036062));
#11262=CARTESIAN_POINT('Ctrl Pts',(3.9,5.23042146057284,13.1804214605728));
#11263=CARTESIAN_POINT('Ctrl Pts',(3.9,5.22071510114022,13.1707151011402));
#11264=CARTESIAN_POINT('Ctrl Pts',(3.84985264340331,5.28564230771171,13.2498526434033));
#11265=CARTESIAN_POINT('Ctrl Pts',(3.85835605617153,5.28098800224698,13.2450572257515));
#11266=CARTESIAN_POINT('Ctrl Pts',(3.87321568402585,5.2705332449879,13.2345550597826));
#11267=CARTESIAN_POINT('Ctrl Pts',(3.89408945482473,5.24312619567447,13.2075514681999));
#11268=CARTESIAN_POINT('Ctrl Pts',(3.9,5.2232082057675,13.1865562309968));
#11269=CARTESIAN_POINT('Ctrl Pts',(3.9,5.21454536223442,13.176884840046));
#11270=CARTESIAN_POINT('Ctrl Pts',(3.85771365310994,5.26515109492372,13.2577136531099));
#11271=CARTESIAN_POINT('Ctrl Pts',(3.86485302026361,5.26050639901847,13.2529445848408));
#11272=CARTESIAN_POINT('Ctrl Pts',(3.87796981998939,5.24953479855435,13.2422999861874));
#11273=CARTESIAN_POINT('Ctrl Pts',(3.8961859371769,5.22190746459192,13.2160163652922));
#11274=CARTESIAN_POINT('Ctrl Pts',(3.9,5.20725506432394,13.1972724712432));
#11275=CARTESIAN_POINT('Ctrl Pts',(3.9,5.20058199746494,13.1875992747672));
#11276=CARTESIAN_POINT('Ctrl Pts',(3.86837587689253,5.21128973172189,13.2683758768925));
#11277=CARTESIAN_POINT('Ctrl Pts',(3.87448268564038,5.2072328276444,13.263053341254));
#11278=CARTESIAN_POINT('Ctrl Pts',(3.88579732606019,5.19772908665248,13.2505851645115));
#11279=CARTESIAN_POINT('Ctrl Pts',(3.89752825670733,5.18478137285667,13.2258241073049));
#11280=CARTESIAN_POINT('Ctrl Pts',(3.9,5.17941102267202,13.2075458406532));
#11281=CARTESIAN_POINT('Ctrl Pts',(3.9,5.17619026894174,13.1977026595313));
#11282=CARTESIAN_POINT('Ctrl Pts',(3.87071067811866,5.169426062908,13.2707106781187));
#11283=CARTESIAN_POINT('Ctrl Pts',(3.87653853382457,5.16834767614313,13.2648828224127));
#11284=CARTESIAN_POINT('Ctrl Pts',(3.88698624092974,5.1659984006991,13.2515471624002));
#11285=CARTESIAN_POINT('Ctrl Pts',(3.89744671619307,5.1622133503588,13.2272990295474));
#11286=CARTESIAN_POINT('Ctrl Pts',(3.9,5.1598732692557,13.2092114599411));
#11287=CARTESIAN_POINT('Ctrl Pts',(3.9,5.1587404295771,13.2));
#11288=CARTESIAN_POINT('Ctrl Pts',(3.87071067811866,5.15001510114022,13.2707106781187));
#11289=CARTESIAN_POINT('Ctrl Pts',(3.8768813488661,5.15001510114022,13.2645400073712));
#11290=CARTESIAN_POINT('Ctrl Pts',(3.8875974018335,5.15001510114022,13.250574533656));
#11291=CARTESIAN_POINT('Ctrl Pts',(3.89770231255427,5.15001510114022,13.2261791211473));
#11292=CARTESIAN_POINT('Ctrl Pts',(3.9,5.15001510114022,13.20872664626));
#11293=CARTESIAN_POINT('Ctrl Pts',(3.9,5.15001510114022,13.2));
#11294=CARTESIAN_POINT('',(3.80404322291418,5.33932701856458,13.1422493365783));
#11295=CARTESIAN_POINT('',(3.9,5.24999954230788,13.1000011052025));
#11296=CARTESIAN_POINT('Ctrl Pts',(3.84511586483945,5.29511586483944,13.2451158648394));
#11297=CARTESIAN_POINT('Ctrl Pts',(3.85458942196717,5.29037908627558,13.2403790862756));
#11298=CARTESIAN_POINT('Ctrl Pts',(3.87073429727959,5.27992207576249,13.2299220757625));
#11299=CARTESIAN_POINT('Ctrl Pts',(3.89315018080232,5.2524449036062,13.2024449036062));
#11300=CARTESIAN_POINT('Ctrl Pts',(3.9,5.23042146057284,13.1804214605728));
#11301=CARTESIAN_POINT('Ctrl Pts',(3.9,5.22071510114022,13.1707151011402));
#11302=CARTESIAN_POINT('',(3.87071067811866,5.15001510114022,13.2707106781187));
#11303=CARTESIAN_POINT('Ctrl Pts',(3.84511586483945,5.29511586483944,13.2451158648394));
#11304=CARTESIAN_POINT('Ctrl Pts',(3.84985264340331,5.28564230771171,13.2498526434033));
#11305=CARTESIAN_POINT('Ctrl Pts',(3.85771365310994,5.26515109492372,13.2577136531099));
#11306=CARTESIAN_POINT('Ctrl Pts',(3.86837587689253,5.2112897317219,13.2683758768925));
#11307=CARTESIAN_POINT('Ctrl Pts',(3.87071067811866,5.169426062908,13.2707106781187));
#11308=CARTESIAN_POINT('Ctrl Pts',(3.87071067811866,5.15001510114022,13.2707106781187));
#11309=CARTESIAN_POINT('',(3.9,5.15001510114022,13.2));
#11310=CARTESIAN_POINT('Origin',(3.8,5.15001510114022,13.2));
#11311=CARTESIAN_POINT('Origin',(3.9,5.15001510114022,13.1000151011402));
#11312=CARTESIAN_POINT('Ctrl Pts',(3.84511586483945,5.29511586483944,13.2451158648394));
#11313=CARTESIAN_POINT('Ctrl Pts',(3.84985264340331,5.28564230771171,13.2498526434033));
#11314=CARTESIAN_POINT('Ctrl Pts',(3.85771365310994,5.26515109492372,13.2577136531099));
#11315=CARTESIAN_POINT('Ctrl Pts',(3.86837587689253,5.2112897317219,13.2683758768925));
#11316=CARTESIAN_POINT('Ctrl Pts',(3.87071067811866,5.169426062908,13.2707106781187));
#11317=CARTESIAN_POINT('Ctrl Pts',(3.87071067811866,5.15001510114022,13.2707106781187));
#11318=CARTESIAN_POINT('Ctrl Pts',(3.84037908627558,5.29037908627558,13.2545894219672));
#11319=CARTESIAN_POINT('Ctrl Pts',(3.84505722575148,5.28098800224698,13.2583560561715));
#11320=CARTESIAN_POINT('Ctrl Pts',(3.85294458484082,5.26050639901847,13.2648530202636));
#11321=CARTESIAN_POINT('Ctrl Pts',(3.86305334125401,5.2072328276444,13.2744826856404));
#11322=CARTESIAN_POINT('Ctrl Pts',(3.86488282241274,5.16834767614313,13.2765385338246));
#11323=CARTESIAN_POINT('Ctrl Pts',(3.86454000737121,5.15001510114022,13.2768813488661));
#11324=CARTESIAN_POINT('Ctrl Pts',(3.82992207576249,5.27992207576249,13.2707342972796));
#11325=CARTESIAN_POINT('Ctrl Pts',(3.83455505978261,5.2705332449879,13.2732156840258));
#11326=CARTESIAN_POINT('Ctrl Pts',(3.84229998618742,5.24953479855435,13.2779698199894));
#11327=CARTESIAN_POINT('Ctrl Pts',(3.85058516451145,5.19772908665248,13.2857973260602));
#11328=CARTESIAN_POINT('Ctrl Pts',(3.85154716240023,5.1659984006991,13.2869862409297));
#11329=CARTESIAN_POINT('Ctrl Pts',(3.85057453365596,5.15001510114022,13.2875974018335));
#11330=CARTESIAN_POINT('Ctrl Pts',(3.80244490360621,5.25244490360621,13.2931501808023));
#11331=CARTESIAN_POINT('Ctrl Pts',(3.80755146819987,5.24312619567447,13.2940894548247));
#11332=CARTESIAN_POINT('Ctrl Pts',(3.81601636529223,5.22190746459192,13.2961859371769));
#11333=CARTESIAN_POINT('Ctrl Pts',(3.82582410730487,5.18478137285667,13.2975282567073));
#11334=CARTESIAN_POINT('Ctrl Pts',(3.82729902954741,5.1622133503588,13.2974467161931));
#11335=CARTESIAN_POINT('Ctrl Pts',(3.82617912114731,5.15001510114022,13.2977023125543));
#11336=CARTESIAN_POINT('Ctrl Pts',(3.78042146057284,5.23042146057284,13.3));
#11337=CARTESIAN_POINT('Ctrl Pts',(3.78655623099678,5.2232082057675,13.3));
#11338=CARTESIAN_POINT('Ctrl Pts',(3.79727247124321,5.20725506432394,13.3));
#11339=CARTESIAN_POINT('Ctrl Pts',(3.80754584065317,5.17941102267202,13.3));
#11340=CARTESIAN_POINT('Ctrl Pts',(3.80921145994108,5.1598732692557,13.3));
#11341=CARTESIAN_POINT('Ctrl Pts',(3.80872664625997,5.15001510114022,13.3));
#11342=CARTESIAN_POINT('Ctrl Pts',(3.77071510114022,5.22071510114022,13.3));
#11343=CARTESIAN_POINT('Ctrl Pts',(3.77688484004602,5.21454536223442,13.3));
#11344=CARTESIAN_POINT('Ctrl Pts',(3.78759927476724,5.20058199746494,13.3));
#11345=CARTESIAN_POINT('Ctrl Pts',(3.79770265953127,5.17619026894174,13.3));
#11346=CARTESIAN_POINT('Ctrl Pts',(3.8,5.15874042957711,13.3));
#11347=CARTESIAN_POINT('Ctrl Pts',(3.8,5.15001510114022,13.3));
#11348=CARTESIAN_POINT('',(3.77071510114022,5.22071510114022,13.3));
#11349=CARTESIAN_POINT('Ctrl Pts',(3.84511586483945,5.29511586483944,13.2451158648394));
#11350=CARTESIAN_POINT('Ctrl Pts',(3.84037908627558,5.29037908627558,13.2545894219672));
#11351=CARTESIAN_POINT('Ctrl Pts',(3.82992207576249,5.27992207576249,13.2707342972796));
#11352=CARTESIAN_POINT('Ctrl Pts',(3.80244490360621,5.25244490360621,13.2931501808023));
#11353=CARTESIAN_POINT('Ctrl Pts',(3.78042146057284,5.23042146057284,13.3));
#11354=CARTESIAN_POINT('Ctrl Pts',(3.77071510114022,5.22071510114022,13.3));
#11355=CARTESIAN_POINT('',(3.8,5.15001510114022,13.3));
#11356=CARTESIAN_POINT('Origin',(3.70001510114022,5.15001510114022,13.3));
#11357=CARTESIAN_POINT('Origin',(3.8,5.15001510114022,13.2));
#11358=CARTESIAN_POINT('Ctrl Pts',(3.84511586483945,5.29511586483944,13.2451158648394));
#11359=CARTESIAN_POINT('Ctrl Pts',(3.84037908627558,5.29037908627558,13.2545894219672));
#11360=CARTESIAN_POINT('Ctrl Pts',(3.82992207576249,5.27992207576249,13.2707342972796));
#11361=CARTESIAN_POINT('Ctrl Pts',(3.80244490360621,5.25244490360621,13.2931501808023));
#11362=CARTESIAN_POINT('Ctrl Pts',(3.78042146057284,5.23042146057284,13.3));
#11363=CARTESIAN_POINT('Ctrl Pts',(3.77071510114022,5.22071510114022,13.3));
#11364=CARTESIAN_POINT('Ctrl Pts',(3.83564230771172,5.29985264340331,13.2498526434033));
#11365=CARTESIAN_POINT('Ctrl Pts',(3.83098800224698,5.29505722575148,13.2583560561715));
#11366=CARTESIAN_POINT('Ctrl Pts',(3.8205332449879,5.28455505978261,13.2732156840258));
#11367=CARTESIAN_POINT('Ctrl Pts',(3.79312619567448,5.25755146819987,13.2940894548247));
#11368=CARTESIAN_POINT('Ctrl Pts',(3.7732082057675,5.23655623099677,13.3));
#11369=CARTESIAN_POINT('Ctrl Pts',(3.76454536223442,5.22688484004602,13.3));
#11370=CARTESIAN_POINT('Ctrl Pts',(3.81515109492372,5.30771365310994,13.2577136531099));
#11371=CARTESIAN_POINT('Ctrl Pts',(3.81050639901847,5.30294458484082,13.2648530202636));
#11372=CARTESIAN_POINT('Ctrl Pts',(3.79953479855435,5.29229998618742,13.2779698199894));
#11373=CARTESIAN_POINT('Ctrl Pts',(3.77190746459192,5.26601636529223,13.2961859371769));
#11374=CARTESIAN_POINT('Ctrl Pts',(3.75725506432394,5.24727247124321,13.3));
#11375=CARTESIAN_POINT('Ctrl Pts',(3.75058199746494,5.23759927476724,13.3));
#11376=CARTESIAN_POINT('Ctrl Pts',(3.7612897317219,5.31837587689253,13.2683758768925));
#11377=CARTESIAN_POINT('Ctrl Pts',(3.7572328276444,5.31305334125401,13.2744826856404));
#11378=CARTESIAN_POINT('Ctrl Pts',(3.74772908665248,5.30058516451145,13.2857973260602));
#11379=CARTESIAN_POINT('Ctrl Pts',(3.73478137285667,5.27582410730487,13.2975282567073));
#11380=CARTESIAN_POINT('Ctrl Pts',(3.72941102267203,5.25754584065317,13.3));
#11381=CARTESIAN_POINT('Ctrl Pts',(3.72619026894174,5.24770265953127,13.3));
#11382=CARTESIAN_POINT('Ctrl Pts',(3.71942606290801,5.32071067811866,13.2707106781187));
#11383=CARTESIAN_POINT('Ctrl Pts',(3.71834767614313,5.31488282241274,13.2765385338246));
#11384=CARTESIAN_POINT('Ctrl Pts',(3.7159984006991,5.30154716240023,13.2869862409297));
#11385=CARTESIAN_POINT('Ctrl Pts',(3.7122133503588,5.27729902954741,13.2974467161931));
#11386=CARTESIAN_POINT('Ctrl Pts',(3.70987326925571,5.25921145994108,13.3));
#11387=CARTESIAN_POINT('Ctrl Pts',(3.70874042957711,5.25,13.3));
#11388=CARTESIAN_POINT('Ctrl Pts',(3.70001510114022,5.32071067811866,13.2707106781187));
#11389=CARTESIAN_POINT('Ctrl Pts',(3.70001510114022,5.31454000737121,13.2768813488661));
#11390=CARTESIAN_POINT('Ctrl Pts',(3.70001510114022,5.30057453365596,13.2875974018335));
#11391=CARTESIAN_POINT('Ctrl Pts',(3.70001510114022,5.27617912114731,13.2977023125543));
#11392=CARTESIAN_POINT('Ctrl Pts',(3.70001510114022,5.25872664625997,13.3));
#11393=CARTESIAN_POINT('Ctrl Pts',(3.70001510114022,5.25,13.3));
#11394=CARTESIAN_POINT('',(3.70001510114022,5.32071067811866,13.2707106781187));
#11395=CARTESIAN_POINT('Ctrl Pts',(3.84511586483945,5.29511586483944,13.2451158648394));
#11396=CARTESIAN_POINT('Ctrl Pts',(3.83564230771172,5.29985264340331,13.2498526434033));
#11397=CARTESIAN_POINT('Ctrl Pts',(3.81515109492372,5.30771365310994,13.2577136531099));
#11398=CARTESIAN_POINT('Ctrl Pts',(3.7612897317219,5.31837587689253,13.2683758768925));
#11399=CARTESIAN_POINT('Ctrl Pts',(3.71942606290801,5.32071067811866,13.2707106781187));
#11400=CARTESIAN_POINT('Ctrl Pts',(3.70001510114022,5.32071067811866,13.2707106781187));
#11401=CARTESIAN_POINT('',(3.70001510114022,5.25,13.3));
#11402=CARTESIAN_POINT('Origin',(3.70001510114022,5.25,13.2));
#11403=CARTESIAN_POINT('Origin',(3.70001510114022,5.15001510114022,13.3));
#11404=CARTESIAN_POINT('Ctrl Pts',(3.84511586483945,5.29511586483944,13.2451158648394));
#11405=CARTESIAN_POINT('Ctrl Pts',(3.83564230771172,5.29985264340331,13.2498526434033));
#11406=CARTESIAN_POINT('Ctrl Pts',(3.81515109492372,5.30771365310994,13.2577136531099));
#11407=CARTESIAN_POINT('Ctrl Pts',(3.7612897317219,5.31837587689253,13.2683758768925));
#11408=CARTESIAN_POINT('Ctrl Pts',(3.71942606290801,5.32071067811866,13.2707106781187));
#11409=CARTESIAN_POINT('Ctrl Pts',(3.70001510114022,5.32071067811866,13.2707106781187));
#11410=CARTESIAN_POINT('Ctrl Pts',(3.84037908627558,5.30458942196717,13.2403790862756));
#11411=CARTESIAN_POINT('Ctrl Pts',(3.83098800224698,5.30835605617152,13.2450572257515));
#11412=CARTESIAN_POINT('Ctrl Pts',(3.81050639901847,5.31485302026361,13.2529445848408));
#11413=CARTESIAN_POINT('Ctrl Pts',(3.7572328276444,5.32448268564038,13.263053341254));
#11414=CARTESIAN_POINT('Ctrl Pts',(3.71834767614313,5.32653853382457,13.2648828224127));
#11415=CARTESIAN_POINT('Ctrl Pts',(3.70001510114022,5.3268813488661,13.2645400073712));
#11416=CARTESIAN_POINT('Ctrl Pts',(3.82992207576249,5.32073429727959,13.2299220757625));
#11417=CARTESIAN_POINT('Ctrl Pts',(3.8205332449879,5.32321568402585,13.2345550597826));
#11418=CARTESIAN_POINT('Ctrl Pts',(3.79953479855435,5.32796981998939,13.2422999861874));
#11419=CARTESIAN_POINT('Ctrl Pts',(3.74772908665248,5.33579732606019,13.2505851645115));
#11420=CARTESIAN_POINT('Ctrl Pts',(3.7159984006991,5.33698624092974,13.2515471624002));
#11421=CARTESIAN_POINT('Ctrl Pts',(3.70001510114022,5.3375974018335,13.250574533656));
#11422=CARTESIAN_POINT('Ctrl Pts',(3.80244490360621,5.34315018080231,13.2024449036062));
#11423=CARTESIAN_POINT('Ctrl Pts',(3.79312619567447,5.34408945482473,13.2075514681999));
#11424=CARTESIAN_POINT('Ctrl Pts',(3.77190746459192,5.3461859371769,13.2160163652922));
#11425=CARTESIAN_POINT('Ctrl Pts',(3.73478137285667,5.34752825670733,13.2258241073049));
#11426=CARTESIAN_POINT('Ctrl Pts',(3.7122133503588,5.34744671619307,13.2272990295474));
#11427=CARTESIAN_POINT('Ctrl Pts',(3.70001510114022,5.34770231255427,13.2261791211473));
#11428=CARTESIAN_POINT('Ctrl Pts',(3.78042146057284,5.35,13.1804214605728));
#11429=CARTESIAN_POINT('Ctrl Pts',(3.7732082057675,5.35,13.1865562309968));
#11430=CARTESIAN_POINT('Ctrl Pts',(3.75725506432394,5.35,13.1972724712432));
#11431=CARTESIAN_POINT('Ctrl Pts',(3.72941102267203,5.35,13.2075458406532));
#11432=CARTESIAN_POINT('Ctrl Pts',(3.70987326925571,5.35,13.2092114599411));
#11433=CARTESIAN_POINT('Ctrl Pts',(3.70001510114022,5.35,13.20872664626));
#11434=CARTESIAN_POINT('Ctrl Pts',(3.77071510114022,5.35,13.1707151011402));
#11435=CARTESIAN_POINT('Ctrl Pts',(3.76454536223442,5.35,13.176884840046));
#11436=CARTESIAN_POINT('Ctrl Pts',(3.75058199746494,5.35,13.1875992747672));
#11437=CARTESIAN_POINT('Ctrl Pts',(3.72619026894174,5.35,13.1977026595313));
#11438=CARTESIAN_POINT('Ctrl Pts',(3.70874042957711,5.35,13.2));
#11439=CARTESIAN_POINT('Ctrl Pts',(3.70001510114022,5.35,13.2));
#11440=CARTESIAN_POINT('Origin',(3.70001510114022,5.25,13.2));
#11441=CARTESIAN_POINT('Ctrl Pts',(1.95488413516056,5.29511586483944,13.2451158648394));
#11442=CARTESIAN_POINT('Ctrl Pts',(1.96435769228829,5.29985264340331,13.2498526434033));
#11443=CARTESIAN_POINT('Ctrl Pts',(1.98484890507628,5.30771365310994,13.2577136531099));
#11444=CARTESIAN_POINT('Ctrl Pts',(2.03871026827811,5.31837587689253,13.2683758768925));
#11445=CARTESIAN_POINT('Ctrl Pts',(2.080573937092,5.32071067811865,13.2707106781187));
#11446=CARTESIAN_POINT('Ctrl Pts',(2.09998489885978,5.32071067811865,13.2707106781187));
#11447=CARTESIAN_POINT('Ctrl Pts',(1.95962091372442,5.29037908627558,13.2545894219672));
#11448=CARTESIAN_POINT('Ctrl Pts',(1.96901199775303,5.29505722575148,13.2583560561715));
#11449=CARTESIAN_POINT('Ctrl Pts',(1.98949360098153,5.30294458484082,13.2648530202636));
#11450=CARTESIAN_POINT('Ctrl Pts',(2.0427671723556,5.31305334125401,13.2744826856404));
#11451=CARTESIAN_POINT('Ctrl Pts',(2.08165232385687,5.31488282241274,13.2765385338246));
#11452=CARTESIAN_POINT('Ctrl Pts',(2.09998489885978,5.31454000737121,13.2768813488661));
#11453=CARTESIAN_POINT('Ctrl Pts',(1.97007792423751,5.27992207576249,13.2707342972796));
#11454=CARTESIAN_POINT('Ctrl Pts',(1.97946675501211,5.28455505978261,13.2732156840258));
#11455=CARTESIAN_POINT('Ctrl Pts',(2.00046520144565,5.29229998618742,13.2779698199894));
#11456=CARTESIAN_POINT('Ctrl Pts',(2.05227091334752,5.30058516451144,13.2857973260602));
#11457=CARTESIAN_POINT('Ctrl Pts',(2.0840015993009,5.30154716240023,13.2869862409297));
#11458=CARTESIAN_POINT('Ctrl Pts',(2.09998489885978,5.30057453365596,13.2875974018335));
#11459=CARTESIAN_POINT('Ctrl Pts',(1.99755509639379,5.25244490360621,13.2931501808023));
#11460=CARTESIAN_POINT('Ctrl Pts',(2.00687380432553,5.25755146819986,13.2940894548247));
#11461=CARTESIAN_POINT('Ctrl Pts',(2.02809253540808,5.26601636529223,13.2961859371769));
#11462=CARTESIAN_POINT('Ctrl Pts',(2.06521862714333,5.27582410730487,13.2975282567073));
#11463=CARTESIAN_POINT('Ctrl Pts',(2.0877866496412,5.27729902954741,13.2974467161931));
#11464=CARTESIAN_POINT('Ctrl Pts',(2.09998489885978,5.27617912114731,13.2977023125543));
#11465=CARTESIAN_POINT('Ctrl Pts',(2.01957853942716,5.23042146057284,13.3));
#11466=CARTESIAN_POINT('Ctrl Pts',(2.0267917942325,5.23655623099677,13.3));
#11467=CARTESIAN_POINT('Ctrl Pts',(2.04274493567606,5.24727247124321,13.3));
#11468=CARTESIAN_POINT('Ctrl Pts',(2.07058897732798,5.25754584065317,13.3));
#11469=CARTESIAN_POINT('Ctrl Pts',(2.0901267307443,5.25921145994108,13.3));
#11470=CARTESIAN_POINT('Ctrl Pts',(2.09998489885978,5.25872664625997,13.3));
#11471=CARTESIAN_POINT('Ctrl Pts',(2.02928489885978,5.22071510114022,13.3));
#11472=CARTESIAN_POINT('Ctrl Pts',(2.03545463776558,5.22688484004602,13.3));
#11473=CARTESIAN_POINT('Ctrl Pts',(2.04941800253506,5.23759927476724,13.3));
#11474=CARTESIAN_POINT('Ctrl Pts',(2.07380973105826,5.24770265953127,13.3));
#11475=CARTESIAN_POINT('Ctrl Pts',(2.0912595704229,5.25,13.3));
#11476=CARTESIAN_POINT('Ctrl Pts',(2.09998489885978,5.25,13.3));
#11477=CARTESIAN_POINT('',(1.91067298143542,5.25404322291418,13.1422493365783));
#11478=CARTESIAN_POINT('',(2.09998489885978,5.32071067811865,13.2707106781187));
#11479=CARTESIAN_POINT('Ctrl Pts',(1.95488413516056,5.29511586483944,13.2451158648394));
#11480=CARTESIAN_POINT('Ctrl Pts',(1.96435769228829,5.29985264340331,13.2498526434033));
#11481=CARTESIAN_POINT('Ctrl Pts',(1.98484890507628,5.30771365310994,13.2577136531099));
#11482=CARTESIAN_POINT('Ctrl Pts',(2.03871026827811,5.31837587689253,13.2683758768925));
#11483=CARTESIAN_POINT('Ctrl Pts',(2.080573937092,5.32071067811865,13.2707106781187));
#11484=CARTESIAN_POINT('Ctrl Pts',(2.09998489885978,5.32071067811865,13.2707106781187));
#11485=CARTESIAN_POINT('',(2.02928489885978,5.22071510114022,13.3));
#11486=CARTESIAN_POINT('Ctrl Pts',(1.95488413516056,5.29511586483944,13.2451158648394));
#11487=CARTESIAN_POINT('Ctrl Pts',(1.95962091372442,5.29037908627558,13.2545894219672));
#11488=CARTESIAN_POINT('Ctrl Pts',(1.97007792423751,5.27992207576249,13.2707342972796));
#11489=CARTESIAN_POINT('Ctrl Pts',(1.99755509639379,5.25244490360621,13.2931501808023));
#11490=CARTESIAN_POINT('Ctrl Pts',(2.01957853942716,5.23042146057284,13.3));
#11491=CARTESIAN_POINT('Ctrl Pts',(2.02928489885978,5.22071510114022,13.3));
#11492=CARTESIAN_POINT('',(2.09998489885978,5.25,13.3));
#11493=CARTESIAN_POINT('Origin',(2.09998489885978,5.15001510114022,13.3));
#11494=CARTESIAN_POINT('Origin',(2.09998489885978,5.25,13.2));
#11495=CARTESIAN_POINT('Ctrl Pts',(1.95488413516056,5.29511586483944,13.2451158648394));
#11496=CARTESIAN_POINT('Ctrl Pts',(1.95962091372442,5.29037908627558,13.2545894219672));
#11497=CARTESIAN_POINT('Ctrl Pts',(1.97007792423751,5.27992207576249,13.2707342972796));
#11498=CARTESIAN_POINT('Ctrl Pts',(1.99755509639379,5.25244490360621,13.2931501808023));
#11499=CARTESIAN_POINT('Ctrl Pts',(2.01957853942716,5.23042146057284,13.3));
#11500=CARTESIAN_POINT('Ctrl Pts',(2.02928489885978,5.22071510114022,13.3));
#11501=CARTESIAN_POINT('Ctrl Pts',(1.95014735659669,5.28564230771171,13.2498526434033));
#11502=CARTESIAN_POINT('Ctrl Pts',(1.95494277424852,5.28098800224698,13.2583560561715));
#11503=CARTESIAN_POINT('Ctrl Pts',(1.96544494021739,5.2705332449879,13.2732156840258));
#11504=CARTESIAN_POINT('Ctrl Pts',(1.99244853180013,5.24312619567447,13.2940894548247));
#11505=CARTESIAN_POINT('Ctrl Pts',(2.01344376900323,5.2232082057675,13.3));
#11506=CARTESIAN_POINT('Ctrl Pts',(2.02311515995398,5.21454536223442,13.3));
#11507=CARTESIAN_POINT('Ctrl Pts',(1.94228634689007,5.26515109492372,13.2577136531099));
#11508=CARTESIAN_POINT('Ctrl Pts',(1.94705541515918,5.26050639901847,13.2648530202636));
#11509=CARTESIAN_POINT('Ctrl Pts',(1.95770001381258,5.24953479855435,13.2779698199894));
#11510=CARTESIAN_POINT('Ctrl Pts',(1.98398363470777,5.22190746459192,13.2961859371769));
#11511=CARTESIAN_POINT('Ctrl Pts',(2.0027275287568,5.20725506432394,13.3));
#11512=CARTESIAN_POINT('Ctrl Pts',(2.01240072523276,5.20058199746494,13.3));
#11513=CARTESIAN_POINT('Ctrl Pts',(1.93162412310747,5.21128973172189,13.2683758768925));
#11514=CARTESIAN_POINT('Ctrl Pts',(1.93694665874599,5.2072328276444,13.2744826856404));
#11515=CARTESIAN_POINT('Ctrl Pts',(1.94941483548856,5.19772908665248,13.2857973260602));
#11516=CARTESIAN_POINT('Ctrl Pts',(1.97417589269513,5.18478137285667,13.2975282567073));
#11517=CARTESIAN_POINT('Ctrl Pts',(1.99245415934683,5.17941102267202,13.3));
#11518=CARTESIAN_POINT('Ctrl Pts',(2.00229734046873,5.17619026894174,13.3));
#11519=CARTESIAN_POINT('Ctrl Pts',(1.92928932188135,5.169426062908,13.2707106781187));
#11520=CARTESIAN_POINT('Ctrl Pts',(1.93511717758726,5.16834767614313,13.2765385338246));
#11521=CARTESIAN_POINT('Ctrl Pts',(1.94845283759977,5.1659984006991,13.2869862409297));
#11522=CARTESIAN_POINT('Ctrl Pts',(1.97270097045259,5.1622133503588,13.2974467161931));
#11523=CARTESIAN_POINT('Ctrl Pts',(1.99078854005892,5.1598732692557,13.3));
#11524=CARTESIAN_POINT('Ctrl Pts',(2.,5.15874042957711,13.3));
#11525=CARTESIAN_POINT('Ctrl Pts',(1.92928932188135,5.15001510114022,13.2707106781187));
#11526=CARTESIAN_POINT('Ctrl Pts',(1.93545999262879,5.15001510114022,13.2768813488661));
#11527=CARTESIAN_POINT('Ctrl Pts',(1.94942546634404,5.15001510114022,13.2875974018335));
#11528=CARTESIAN_POINT('Ctrl Pts',(1.97382087885269,5.15001510114022,13.2977023125543));
#11529=CARTESIAN_POINT('Ctrl Pts',(1.99127335374003,5.15001510114022,13.3));
#11530=CARTESIAN_POINT('Ctrl Pts',(2.,5.15001510114022,13.3));
#11531=CARTESIAN_POINT('',(1.92928932188135,5.15001510114022,13.2707106781187));
#11532=CARTESIAN_POINT('Ctrl Pts',(1.95488413516056,5.29511586483944,13.2451158648394));
#11533=CARTESIAN_POINT('Ctrl Pts',(1.95014735659669,5.28564230771171,13.2498526434033));
#11534=CARTESIAN_POINT('Ctrl Pts',(1.94228634689007,5.26515109492372,13.2577136531099));
#11535=CARTESIAN_POINT('Ctrl Pts',(1.93162412310747,5.2112897317219,13.2683758768925));
#11536=CARTESIAN_POINT('Ctrl Pts',(1.92928932188135,5.169426062908,13.2707106781187));
#11537=CARTESIAN_POINT('Ctrl Pts',(1.92928932188135,5.15001510114022,13.2707106781187));
#11538=CARTESIAN_POINT('',(2.,5.15001510114022,13.3));
#11539=CARTESIAN_POINT('Origin',(2.,5.15001510114022,13.2));
#11540=CARTESIAN_POINT('Origin',(2.09998489885978,5.15001510114022,13.3));
#11541=CARTESIAN_POINT('Ctrl Pts',(1.95488413516056,5.29511586483944,13.2451158648394));
#11542=CARTESIAN_POINT('Ctrl Pts',(1.95014735659669,5.28564230771171,13.2498526434033));
#11543=CARTESIAN_POINT('Ctrl Pts',(1.94228634689007,5.26515109492372,13.2577136531099));
#11544=CARTESIAN_POINT('Ctrl Pts',(1.93162412310747,5.2112897317219,13.2683758768925));
#11545=CARTESIAN_POINT('Ctrl Pts',(1.92928932188135,5.169426062908,13.2707106781187));
#11546=CARTESIAN_POINT('Ctrl Pts',(1.92928932188135,5.15001510114022,13.2707106781187));
#11547=CARTESIAN_POINT('Ctrl Pts',(1.94541057803283,5.29037908627558,13.2403790862756));
#11548=CARTESIAN_POINT('Ctrl Pts',(1.94164394382848,5.28098800224698,13.2450572257515));
#11549=CARTESIAN_POINT('Ctrl Pts',(1.93514697973639,5.26050639901847,13.2529445848408));
#11550=CARTESIAN_POINT('Ctrl Pts',(1.92551731435962,5.2072328276444,13.263053341254));
#11551=CARTESIAN_POINT('Ctrl Pts',(1.92346146617543,5.16834767614313,13.2648828224127));
#11552=CARTESIAN_POINT('Ctrl Pts',(1.9231186511339,5.15001510114022,13.2645400073712));
#11553=CARTESIAN_POINT('Ctrl Pts',(1.92926570272041,5.27992207576249,13.2299220757625));
#11554=CARTESIAN_POINT('Ctrl Pts',(1.92678431597416,5.2705332449879,13.2345550597826));
#11555=CARTESIAN_POINT('Ctrl Pts',(1.92203018001061,5.24953479855435,13.2422999861874));
#11556=CARTESIAN_POINT('Ctrl Pts',(1.91420267393982,5.19772908665248,13.2505851645114));
#11557=CARTESIAN_POINT('Ctrl Pts',(1.91301375907026,5.1659984006991,13.2515471624002));
#11558=CARTESIAN_POINT('Ctrl Pts',(1.9124025981665,5.15001510114022,13.250574533656));
#11559=CARTESIAN_POINT('Ctrl Pts',(1.90684981919769,5.25244490360621,13.2024449036062));
#11560=CARTESIAN_POINT('Ctrl Pts',(1.90591054517527,5.24312619567447,13.2075514681999));
#11561=CARTESIAN_POINT('Ctrl Pts',(1.9038140628231,5.22190746459192,13.2160163652922));
#11562=CARTESIAN_POINT('Ctrl Pts',(1.90247174329267,5.18478137285667,13.2258241073049));
#11563=CARTESIAN_POINT('Ctrl Pts',(1.90255328380693,5.1622133503588,13.2272990295474));
#11564=CARTESIAN_POINT('Ctrl Pts',(1.90229768744573,5.15001510114022,13.2261791211473));
#11565=CARTESIAN_POINT('Ctrl Pts',(1.9,5.23042146057284,13.1804214605728));
#11566=CARTESIAN_POINT('Ctrl Pts',(1.9,5.2232082057675,13.1865562309968));
#11567=CARTESIAN_POINT('Ctrl Pts',(1.9,5.20725506432394,13.1972724712432));
#11568=CARTESIAN_POINT('Ctrl Pts',(1.9,5.17941102267202,13.2075458406532));
#11569=CARTESIAN_POINT('Ctrl Pts',(1.9,5.1598732692557,13.2092114599411));
#11570=CARTESIAN_POINT('Ctrl Pts',(1.9,5.15001510114022,13.20872664626));
#11571=CARTESIAN_POINT('Ctrl Pts',(1.9,5.22071510114022,13.1707151011402));
#11572=CARTESIAN_POINT('Ctrl Pts',(1.9,5.21454536223442,13.176884840046));
#11573=CARTESIAN_POINT('Ctrl Pts',(1.9,5.20058199746494,13.1875992747672));
#11574=CARTESIAN_POINT('Ctrl Pts',(1.9,5.17619026894174,13.1977026595313));
#11575=CARTESIAN_POINT('Ctrl Pts',(1.9,5.15874042957711,13.2));
#11576=CARTESIAN_POINT('Ctrl Pts',(1.9,5.15001510114022,13.2));
#11577=CARTESIAN_POINT('Origin',(2.,5.15001510114022,13.2));
#11578=CARTESIAN_POINT('Ctrl Pts',(1.95488413516056,5.29511586483944,13.2451158648394));
#11579=CARTESIAN_POINT('Ctrl Pts',(1.95014735659669,5.29985264340331,13.2356423077117));
#11580=CARTESIAN_POINT('Ctrl Pts',(1.94228634689007,5.30771365310994,13.2151510949237));
#11581=CARTESIAN_POINT('Ctrl Pts',(1.93162412310747,5.31837587689253,13.1612897317219));
#11582=CARTESIAN_POINT('Ctrl Pts',(1.92928932188135,5.32071067811866,13.119426062908));
#11583=CARTESIAN_POINT('Ctrl Pts',(1.92928932188135,5.32071067811866,13.1000151011402));
#11584=CARTESIAN_POINT('Ctrl Pts',(1.95962091372442,5.30458942196717,13.2403790862756));
#11585=CARTESIAN_POINT('Ctrl Pts',(1.95494277424852,5.30835605617152,13.230988002247));
#11586=CARTESIAN_POINT('Ctrl Pts',(1.94705541515918,5.31485302026361,13.2105063990185));
#11587=CARTESIAN_POINT('Ctrl Pts',(1.93694665874599,5.32448268564038,13.1572328276444));
#11588=CARTESIAN_POINT('Ctrl Pts',(1.93511717758727,5.32653853382457,13.1183476761431));
#11589=CARTESIAN_POINT('Ctrl Pts',(1.93545999262879,5.3268813488661,13.1000151011402));
#11590=CARTESIAN_POINT('Ctrl Pts',(1.97007792423751,5.32073429727959,13.2299220757625));
#11591=CARTESIAN_POINT('Ctrl Pts',(1.96544494021739,5.32321568402585,13.2205332449879));
#11592=CARTESIAN_POINT('Ctrl Pts',(1.95770001381258,5.32796981998939,13.1995347985543));
#11593=CARTESIAN_POINT('Ctrl Pts',(1.94941483548855,5.33579732606019,13.1477290866525));
#11594=CARTESIAN_POINT('Ctrl Pts',(1.94845283759977,5.33698624092974,13.1159984006991));
#11595=CARTESIAN_POINT('Ctrl Pts',(1.94942546634404,5.3375974018335,13.1000151011402));
#11596=CARTESIAN_POINT('Ctrl Pts',(1.99755509639379,5.34315018080231,13.2024449036062));
#11597=CARTESIAN_POINT('Ctrl Pts',(1.99244853180013,5.34408945482473,13.1931261956745));
#11598=CARTESIAN_POINT('Ctrl Pts',(1.98398363470777,5.3461859371769,13.1719074645919));
#11599=CARTESIAN_POINT('Ctrl Pts',(1.97417589269513,5.34752825670733,13.1347813728567));
#11600=CARTESIAN_POINT('Ctrl Pts',(1.97270097045259,5.34744671619307,13.1122133503588));
#11601=CARTESIAN_POINT('Ctrl Pts',(1.97382087885269,5.34770231255427,13.1000151011402));
#11602=CARTESIAN_POINT('Ctrl Pts',(2.01957853942716,5.35,13.1804214605728));
#11603=CARTESIAN_POINT('Ctrl Pts',(2.01344376900323,5.35,13.1732082057675));
#11604=CARTESIAN_POINT('Ctrl Pts',(2.0027275287568,5.35,13.1572550643239));
#11605=CARTESIAN_POINT('Ctrl Pts',(1.99245415934683,5.35,13.129411022672));
#11606=CARTESIAN_POINT('Ctrl Pts',(1.99078854005892,5.35,13.1098732692557));
#11607=CARTESIAN_POINT('Ctrl Pts',(1.99127335374003,5.35,13.1000151011402));
#11608=CARTESIAN_POINT('Ctrl Pts',(2.02928489885978,5.35,13.1707151011402));
#11609=CARTESIAN_POINT('Ctrl Pts',(2.02311515995398,5.35,13.1645453622344));
#11610=CARTESIAN_POINT('Ctrl Pts',(2.01240072523276,5.35,13.1505819974649));
#11611=CARTESIAN_POINT('Ctrl Pts',(2.00229734046873,5.35,13.1261902689417));
#11612=CARTESIAN_POINT('Ctrl Pts',(2.,5.35,13.1087404295771));
#11613=CARTESIAN_POINT('Ctrl Pts',(2.,5.35,13.1000151011402));
#11614=CARTESIAN_POINT('',(2.00000045769212,5.35,13.1000011052025));
#11615=CARTESIAN_POINT('Ctrl Pts',(1.95488413516056,5.29511586483944,13.2451158648394));
#11616=CARTESIAN_POINT('Ctrl Pts',(1.95962091372442,5.30458942196717,13.2403790862756));
#11617=CARTESIAN_POINT('Ctrl Pts',(1.97007792423751,5.32073429727959,13.2299220757625));
#11618=CARTESIAN_POINT('Ctrl Pts',(1.99755509639379,5.34315018080231,13.2024449036062));
#11619=CARTESIAN_POINT('Ctrl Pts',(2.01957853942716,5.35,13.1804214605728));
#11620=CARTESIAN_POINT('Ctrl Pts',(2.02928489885978,5.35,13.1707151011402));
#11621=CARTESIAN_POINT('Origin',(2.,5.25,13.1));
#11622=CARTESIAN_POINT('Ctrl Pts',(3.84511586483945,4.90488413516056,13.2451158648394));
#11623=CARTESIAN_POINT('Ctrl Pts',(3.83564230771172,4.90014735659669,13.2498526434033));
#11624=CARTESIAN_POINT('Ctrl Pts',(3.81515109492372,4.89228634689006,13.2577136531099));
#11625=CARTESIAN_POINT('Ctrl Pts',(3.7612897317219,4.88162412310747,13.2683758768925));
#11626=CARTESIAN_POINT('Ctrl Pts',(3.71942606290801,4.87928932188134,13.2707106781187));
#11627=CARTESIAN_POINT('Ctrl Pts',(3.70001510114022,4.87928932188134,13.2707106781187));
#11628=CARTESIAN_POINT('Ctrl Pts',(3.84037908627558,4.90962091372442,13.2545894219672));
#11629=CARTESIAN_POINT('Ctrl Pts',(3.83098800224698,4.90494277424852,13.2583560561715));
#11630=CARTESIAN_POINT('Ctrl Pts',(3.81050639901847,4.89705541515918,13.2648530202636));
#11631=CARTESIAN_POINT('Ctrl Pts',(3.75723282764441,4.88694665874599,13.2744826856404));
#11632=CARTESIAN_POINT('Ctrl Pts',(3.71834767614313,4.88511717758726,13.2765385338246));
#11633=CARTESIAN_POINT('Ctrl Pts',(3.70001510114022,4.88545999262879,13.2768813488661));
#11634=CARTESIAN_POINT('Ctrl Pts',(3.82992207576249,4.92007792423751,13.2707342972796));
#11635=CARTESIAN_POINT('Ctrl Pts',(3.8205332449879,4.91544494021739,13.2732156840258));
#11636=CARTESIAN_POINT('Ctrl Pts',(3.79953479855435,4.90770001381258,13.2779698199894));
#11637=CARTESIAN_POINT('Ctrl Pts',(3.74772908665248,4.89941483548855,13.2857973260602));
#11638=CARTESIAN_POINT('Ctrl Pts',(3.7159984006991,4.89845283759977,13.2869862409297));
#11639=CARTESIAN_POINT('Ctrl Pts',(3.70001510114022,4.89942546634404,13.2875974018335));
#11640=CARTESIAN_POINT('Ctrl Pts',(3.80244490360621,4.94755509639379,13.2931501808023));
#11641=CARTESIAN_POINT('Ctrl Pts',(3.79312619567447,4.94244853180013,13.2940894548247));
#11642=CARTESIAN_POINT('Ctrl Pts',(3.77190746459192,4.93398363470777,13.2961859371769));
#11643=CARTESIAN_POINT('Ctrl Pts',(3.73478137285668,4.92417589269513,13.2975282567073));
#11644=CARTESIAN_POINT('Ctrl Pts',(3.7122133503588,4.92270097045259,13.2974467161931));
#11645=CARTESIAN_POINT('Ctrl Pts',(3.70001510114022,4.92382087885269,13.2977023125543));
#11646=CARTESIAN_POINT('Ctrl Pts',(3.78042146057284,4.96957853942716,13.3));
#11647=CARTESIAN_POINT('Ctrl Pts',(3.7732082057675,4.96344376900323,13.3));
#11648=CARTESIAN_POINT('Ctrl Pts',(3.75725506432394,4.95272752875679,13.3));
#11649=CARTESIAN_POINT('Ctrl Pts',(3.72941102267203,4.94245415934683,13.3));
#11650=CARTESIAN_POINT('Ctrl Pts',(3.70987326925571,4.94078854005892,13.3));
#11651=CARTESIAN_POINT('Ctrl Pts',(3.70001510114022,4.94127335374003,13.3));
#11652=CARTESIAN_POINT('Ctrl Pts',(3.77071510114022,4.97928489885978,13.3));
#11653=CARTESIAN_POINT('Ctrl Pts',(3.76454536223442,4.97311515995398,13.3));
#11654=CARTESIAN_POINT('Ctrl Pts',(3.75058199746494,4.96240072523276,13.3));
#11655=CARTESIAN_POINT('Ctrl Pts',(3.72619026894174,4.95229734046873,13.3));
#11656=CARTESIAN_POINT('Ctrl Pts',(3.70874042957711,4.95,13.3));
#11657=CARTESIAN_POINT('Ctrl Pts',(3.70001510114022,4.95,13.3));
#11658=CARTESIAN_POINT('',(3.88932701856459,4.94595677708582,13.1422493365783));
#11659=CARTESIAN_POINT('',(3.70001510114022,4.87928932188134,13.2707106781187));
#11660=CARTESIAN_POINT('Ctrl Pts',(3.84511586483945,4.90488413516056,13.2451158648394));
#11661=CARTESIAN_POINT('Ctrl Pts',(3.83564230771172,4.90014735659669,13.2498526434033));
#11662=CARTESIAN_POINT('Ctrl Pts',(3.81515109492372,4.89228634689006,13.2577136531099));
#11663=CARTESIAN_POINT('Ctrl Pts',(3.7612897317219,4.88162412310747,13.2683758768925));
#11664=CARTESIAN_POINT('Ctrl Pts',(3.71942606290801,4.87928932188134,13.2707106781187));
#11665=CARTESIAN_POINT('Ctrl Pts',(3.70001510114022,4.87928932188134,13.2707106781187));
#11666=CARTESIAN_POINT('',(3.77071510114022,4.97928489885978,13.3));
#11667=CARTESIAN_POINT('Ctrl Pts',(3.84511586483945,4.90488413516056,13.2451158648394));
#11668=CARTESIAN_POINT('Ctrl Pts',(3.84037908627558,4.90962091372442,13.2545894219672));
#11669=CARTESIAN_POINT('Ctrl Pts',(3.82992207576249,4.92007792423751,13.2707342972796));
#11670=CARTESIAN_POINT('Ctrl Pts',(3.80244490360621,4.94755509639379,13.2931501808023));
#11671=CARTESIAN_POINT('Ctrl Pts',(3.78042146057284,4.96957853942716,13.3));
#11672=CARTESIAN_POINT('Ctrl Pts',(3.77071510114022,4.97928489885978,13.3));
#11673=CARTESIAN_POINT('',(3.70001510114022,4.95,13.3));
#11674=CARTESIAN_POINT('Origin',(3.70001510114022,5.04998489885978,13.3));
#11675=CARTESIAN_POINT('Origin',(3.70001510114022,4.95,13.2));
#11676=CARTESIAN_POINT('Ctrl Pts',(3.84511586483945,4.90488413516056,13.2451158648394));
#11677=CARTESIAN_POINT('Ctrl Pts',(3.84037908627558,4.90962091372442,13.2545894219672));
#11678=CARTESIAN_POINT('Ctrl Pts',(3.82992207576249,4.92007792423751,13.2707342972796));
#11679=CARTESIAN_POINT('Ctrl Pts',(3.80244490360621,4.94755509639379,13.2931501808023));
#11680=CARTESIAN_POINT('Ctrl Pts',(3.78042146057284,4.96957853942716,13.3));
#11681=CARTESIAN_POINT('Ctrl Pts',(3.77071510114022,4.97928489885978,13.3));
#11682=CARTESIAN_POINT('Ctrl Pts',(3.84985264340331,4.91435769228828,13.2498526434033));
#11683=CARTESIAN_POINT('Ctrl Pts',(3.84505722575148,4.91901199775302,13.2583560561715));
#11684=CARTESIAN_POINT('Ctrl Pts',(3.83455505978261,4.9294667550121,13.2732156840258));
#11685=CARTESIAN_POINT('Ctrl Pts',(3.80755146819987,4.95687380432553,13.2940894548247));
#11686=CARTESIAN_POINT('Ctrl Pts',(3.78655623099678,4.9767917942325,13.3));
#11687=CARTESIAN_POINT('Ctrl Pts',(3.77688484004602,4.98545463776558,13.3));
#11688=CARTESIAN_POINT('Ctrl Pts',(3.85771365310994,4.93484890507628,13.2577136531099));
#11689=CARTESIAN_POINT('Ctrl Pts',(3.85294458484082,4.93949360098153,13.2648530202636));
#11690=CARTESIAN_POINT('Ctrl Pts',(3.84229998618742,4.95046520144565,13.2779698199894));
#11691=CARTESIAN_POINT('Ctrl Pts',(3.81601636529223,4.97809253540808,13.2961859371769));
#11692=CARTESIAN_POINT('Ctrl Pts',(3.79727247124321,4.99274493567606,13.3));
#11693=CARTESIAN_POINT('Ctrl Pts',(3.78759927476724,4.99941800253506,13.3));
#11694=CARTESIAN_POINT('Ctrl Pts',(3.86837587689253,4.9887102682781,13.2683758768925));
#11695=CARTESIAN_POINT('Ctrl Pts',(3.86305334125401,4.9927671723556,13.2744826856404));
#11696=CARTESIAN_POINT('Ctrl Pts',(3.85058516451145,5.00227091334752,13.2857973260602));
#11697=CARTESIAN_POINT('Ctrl Pts',(3.82582410730487,5.01521862714332,13.2975282567073));
#11698=CARTESIAN_POINT('Ctrl Pts',(3.80754584065317,5.02058897732798,13.3));
#11699=CARTESIAN_POINT('Ctrl Pts',(3.79770265953127,5.02380973105826,13.3));
#11700=CARTESIAN_POINT('Ctrl Pts',(3.87071067811866,5.030573937092,13.2707106781187));
#11701=CARTESIAN_POINT('Ctrl Pts',(3.86488282241274,5.03165232385687,13.2765385338246));
#11702=CARTESIAN_POINT('Ctrl Pts',(3.85154716240023,5.0340015993009,13.2869862409297));
#11703=CARTESIAN_POINT('Ctrl Pts',(3.82729902954741,5.0377866496412,13.2974467161931));
#11704=CARTESIAN_POINT('Ctrl Pts',(3.80921145994108,5.0401267307443,13.3));
#11705=CARTESIAN_POINT('Ctrl Pts',(3.8,5.04125957042289,13.3));
#11706=CARTESIAN_POINT('Ctrl Pts',(3.87071067811866,5.04998489885978,13.2707106781187));
#11707=CARTESIAN_POINT('Ctrl Pts',(3.86454000737121,5.04998489885978,13.2768813488661));
#11708=CARTESIAN_POINT('Ctrl Pts',(3.85057453365597,5.04998489885978,13.2875974018335));
#11709=CARTESIAN_POINT('Ctrl Pts',(3.82617912114731,5.04998489885978,13.2977023125543));
#11710=CARTESIAN_POINT('Ctrl Pts',(3.80872664625997,5.04998489885978,13.3));
#11711=CARTESIAN_POINT('Ctrl Pts',(3.8,5.04998489885978,13.3));
#11712=CARTESIAN_POINT('',(3.87071067811866,5.04998489885978,13.2707106781187));
#11713=CARTESIAN_POINT('Ctrl Pts',(3.84511586483945,4.90488413516056,13.2451158648394));
#11714=CARTESIAN_POINT('Ctrl Pts',(3.84985264340331,4.91435769228828,13.2498526434033));
#11715=CARTESIAN_POINT('Ctrl Pts',(3.85771365310994,4.93484890507628,13.2577136531099));
#11716=CARTESIAN_POINT('Ctrl Pts',(3.86837587689253,4.9887102682781,13.2683758768925));
#11717=CARTESIAN_POINT('Ctrl Pts',(3.87071067811866,5.030573937092,13.2707106781187));
#11718=CARTESIAN_POINT('Ctrl Pts',(3.87071067811866,5.04998489885978,13.2707106781187));
#11719=CARTESIAN_POINT('',(3.8,5.04998489885978,13.3));
#11720=CARTESIAN_POINT('Origin',(3.8,5.04998489885978,13.2));
#11721=CARTESIAN_POINT('Origin',(3.70001510114022,5.04998489885978,13.3));
#11722=CARTESIAN_POINT('Ctrl Pts',(3.84511586483945,4.90488413516056,13.2451158648394));
#11723=CARTESIAN_POINT('Ctrl Pts',(3.84985264340331,4.91435769228828,13.2498526434033));
#11724=CARTESIAN_POINT('Ctrl Pts',(3.85771365310994,4.93484890507628,13.2577136531099));
#11725=CARTESIAN_POINT('Ctrl Pts',(3.86837587689253,4.9887102682781,13.2683758768925));
#11726=CARTESIAN_POINT('Ctrl Pts',(3.87071067811866,5.030573937092,13.2707106781187));
#11727=CARTESIAN_POINT('Ctrl Pts',(3.87071067811866,5.04998489885978,13.2707106781187));
#11728=CARTESIAN_POINT('Ctrl Pts',(3.85458942196717,4.90962091372442,13.2403790862756));
#11729=CARTESIAN_POINT('Ctrl Pts',(3.85835605617153,4.91901199775302,13.2450572257515));
#11730=CARTESIAN_POINT('Ctrl Pts',(3.86485302026361,4.93949360098153,13.2529445848408));
#11731=CARTESIAN_POINT('Ctrl Pts',(3.87448268564038,4.9927671723556,13.263053341254));
#11732=CARTESIAN_POINT('Ctrl Pts',(3.87653853382457,5.03165232385687,13.2648828224127));
#11733=CARTESIAN_POINT('Ctrl Pts',(3.8768813488661,5.04998489885978,13.2645400073712));
#11734=CARTESIAN_POINT('Ctrl Pts',(3.87073429727959,4.92007792423751,13.2299220757625));
#11735=CARTESIAN_POINT('Ctrl Pts',(3.87321568402585,4.9294667550121,13.2345550597826));
#11736=CARTESIAN_POINT('Ctrl Pts',(3.87796981998939,4.95046520144565,13.2422999861874));
#11737=CARTESIAN_POINT('Ctrl Pts',(3.88579732606019,5.00227091334752,13.2505851645114));
#11738=CARTESIAN_POINT('Ctrl Pts',(3.88698624092974,5.0340015993009,13.2515471624002));
#11739=CARTESIAN_POINT('Ctrl Pts',(3.8875974018335,5.04998489885978,13.250574533656));
#11740=CARTESIAN_POINT('Ctrl Pts',(3.89315018080232,4.94755509639379,13.2024449036062));
#11741=CARTESIAN_POINT('Ctrl Pts',(3.89408945482473,4.95687380432553,13.2075514681999));
#11742=CARTESIAN_POINT('Ctrl Pts',(3.8961859371769,4.97809253540808,13.2160163652922));
#11743=CARTESIAN_POINT('Ctrl Pts',(3.89752825670733,5.01521862714333,13.2258241073049));
#11744=CARTESIAN_POINT('Ctrl Pts',(3.89744671619307,5.0377866496412,13.2272990295474));
#11745=CARTESIAN_POINT('Ctrl Pts',(3.89770231255427,5.04998489885978,13.2261791211473));
#11746=CARTESIAN_POINT('Ctrl Pts',(3.9,4.96957853942716,13.1804214605728));
#11747=CARTESIAN_POINT('Ctrl Pts',(3.9,4.9767917942325,13.1865562309968));
#11748=CARTESIAN_POINT('Ctrl Pts',(3.9,4.99274493567606,13.1972724712432));
#11749=CARTESIAN_POINT('Ctrl Pts',(3.9,5.02058897732798,13.2075458406532));
#11750=CARTESIAN_POINT('Ctrl Pts',(3.9,5.0401267307443,13.2092114599411));
#11751=CARTESIAN_POINT('Ctrl Pts',(3.9,5.04998489885978,13.20872664626));
#11752=CARTESIAN_POINT('Ctrl Pts',(3.9,4.97928489885978,13.1707151011402));
#11753=CARTESIAN_POINT('Ctrl Pts',(3.9,4.98545463776558,13.176884840046));
#11754=CARTESIAN_POINT('Ctrl Pts',(3.9,4.99941800253506,13.1875992747672));
#11755=CARTESIAN_POINT('Ctrl Pts',(3.9,5.02380973105826,13.1977026595313));
#11756=CARTESIAN_POINT('Ctrl Pts',(3.9,5.04125957042289,13.2));
#11757=CARTESIAN_POINT('Ctrl Pts',(3.9,5.04998489885978,13.2));
#11758=CARTESIAN_POINT('Origin',(3.8,5.04998489885978,13.2));
#11759=CARTESIAN_POINT('Ctrl Pts',(3.84511586483945,4.90488413516056,13.2451158648394));
#11760=CARTESIAN_POINT('Ctrl Pts',(3.84985264340331,4.90014735659669,13.2356423077117));
#11761=CARTESIAN_POINT('Ctrl Pts',(3.85771365310994,4.89228634689006,13.2151510949237));
#11762=CARTESIAN_POINT('Ctrl Pts',(3.86837587689253,4.88162412310747,13.1612897317219));
#11763=CARTESIAN_POINT('Ctrl Pts',(3.87071067811866,4.87928932188135,13.119426062908));
#11764=CARTESIAN_POINT('Ctrl Pts',(3.87071067811866,4.87928932188135,13.1000151011402));
#11765=CARTESIAN_POINT('Ctrl Pts',(3.84037908627558,4.89541057803283,13.2403790862756));
#11766=CARTESIAN_POINT('Ctrl Pts',(3.84505722575148,4.89164394382848,13.230988002247));
#11767=CARTESIAN_POINT('Ctrl Pts',(3.85294458484082,4.88514697973639,13.2105063990185));
#11768=CARTESIAN_POINT('Ctrl Pts',(3.86305334125401,4.87551731435962,13.1572328276444));
#11769=CARTESIAN_POINT('Ctrl Pts',(3.86488282241274,4.87346146617543,13.1183476761431));
#11770=CARTESIAN_POINT('Ctrl Pts',(3.86454000737122,4.8731186511339,13.1000151011402));
#11771=CARTESIAN_POINT('Ctrl Pts',(3.82992207576249,4.87926570272041,13.2299220757625));
#11772=CARTESIAN_POINT('Ctrl Pts',(3.83455505978261,4.87678431597416,13.2205332449879));
#11773=CARTESIAN_POINT('Ctrl Pts',(3.84229998618742,4.87203018001061,13.1995347985543));
#11774=CARTESIAN_POINT('Ctrl Pts',(3.85058516451145,4.86420267393981,13.1477290866525));
#11775=CARTESIAN_POINT('Ctrl Pts',(3.85154716240023,4.86301375907026,13.1159984006991));
#11776=CARTESIAN_POINT('Ctrl Pts',(3.85057453365596,4.8624025981665,13.1000151011402));
#11777=CARTESIAN_POINT('Ctrl Pts',(3.80244490360621,4.85684981919769,13.2024449036062));
#11778=CARTESIAN_POINT('Ctrl Pts',(3.80755146819987,4.85591054517527,13.1931261956745));
#11779=CARTESIAN_POINT('Ctrl Pts',(3.81601636529224,4.8538140628231,13.1719074645919));
#11780=CARTESIAN_POINT('Ctrl Pts',(3.82582410730487,4.85247174329267,13.1347813728567));
#11781=CARTESIAN_POINT('Ctrl Pts',(3.82729902954741,4.85255328380693,13.1122133503588));
#11782=CARTESIAN_POINT('Ctrl Pts',(3.82617912114731,4.85229768744573,13.1000151011402));
#11783=CARTESIAN_POINT('Ctrl Pts',(3.78042146057284,4.85,13.1804214605728));
#11784=CARTESIAN_POINT('Ctrl Pts',(3.78655623099678,4.85,13.1732082057675));
#11785=CARTESIAN_POINT('Ctrl Pts',(3.79727247124321,4.85,13.1572550643239));
#11786=CARTESIAN_POINT('Ctrl Pts',(3.80754584065317,4.85,13.129411022672));
#11787=CARTESIAN_POINT('Ctrl Pts',(3.80921145994108,4.85,13.1098732692557));
#11788=CARTESIAN_POINT('Ctrl Pts',(3.80872664625997,4.85,13.1000151011402));
#11789=CARTESIAN_POINT('Ctrl Pts',(3.77071510114022,4.85,13.1707151011402));
#11790=CARTESIAN_POINT('Ctrl Pts',(3.77688484004602,4.85,13.1645453622344));
#11791=CARTESIAN_POINT('Ctrl Pts',(3.78759927476724,4.85,13.1505819974649));
#11792=CARTESIAN_POINT('Ctrl Pts',(3.79770265953127,4.85,13.1261902689417));
#11793=CARTESIAN_POINT('Ctrl Pts',(3.8,4.85,13.1087404295771));
#11794=CARTESIAN_POINT('Ctrl Pts',(3.8,4.85,13.1000151011402));
#11795=CARTESIAN_POINT('',(3.79999954230788,4.85,13.1000011052025));
#11796=CARTESIAN_POINT('Ctrl Pts',(3.84511586483945,4.90488413516056,13.2451158648394));
#11797=CARTESIAN_POINT('Ctrl Pts',(3.84037908627558,4.89541057803283,13.2403790862756));
#11798=CARTESIAN_POINT('Ctrl Pts',(3.82992207576249,4.87926570272041,13.2299220757625));
#11799=CARTESIAN_POINT('Ctrl Pts',(3.80244490360621,4.85684981919769,13.2024449036062));
#11800=CARTESIAN_POINT('Ctrl Pts',(3.78042146057284,4.85,13.1804214605728));
#11801=CARTESIAN_POINT('Ctrl Pts',(3.77071510114022,4.85,13.1707151011402));
#11802=CARTESIAN_POINT('Origin',(3.8,4.95,13.1));
#11803=CARTESIAN_POINT('Ctrl Pts',(1.95488413516056,4.90488413516056,13.2451158648394));
#11804=CARTESIAN_POINT('Ctrl Pts',(1.94541057803283,4.90962091372442,13.2403790862756));
#11805=CARTESIAN_POINT('Ctrl Pts',(1.92926570272041,4.92007792423751,13.2299220757625));
#11806=CARTESIAN_POINT('Ctrl Pts',(1.90684981919769,4.94755509639379,13.2024449036062));
#11807=CARTESIAN_POINT('Ctrl Pts',(1.9,4.96957853942716,13.1804214605728));
#11808=CARTESIAN_POINT('Ctrl Pts',(1.9,4.97928489885978,13.1707151011402));
#11809=CARTESIAN_POINT('Ctrl Pts',(1.95014735659669,4.91435769228828,13.2498526434033));
#11810=CARTESIAN_POINT('Ctrl Pts',(1.94164394382848,4.91901199775302,13.2450572257515));
#11811=CARTESIAN_POINT('Ctrl Pts',(1.92678431597416,4.92946675501211,13.2345550597826));
#11812=CARTESIAN_POINT('Ctrl Pts',(1.90591054517527,4.95687380432553,13.2075514681999));
#11813=CARTESIAN_POINT('Ctrl Pts',(1.9,4.9767917942325,13.1865562309968));
#11814=CARTESIAN_POINT('Ctrl Pts',(1.9,4.98545463776558,13.176884840046));
#11815=CARTESIAN_POINT('Ctrl Pts',(1.94228634689006,4.93484890507628,13.2577136531099));
#11816=CARTESIAN_POINT('Ctrl Pts',(1.93514697973639,4.93949360098153,13.2529445848408));
#11817=CARTESIAN_POINT('Ctrl Pts',(1.92203018001061,4.95046520144565,13.2422999861874));
#11818=CARTESIAN_POINT('Ctrl Pts',(1.9038140628231,4.97809253540808,13.2160163652922));
#11819=CARTESIAN_POINT('Ctrl Pts',(1.9,4.99274493567606,13.1972724712432));
#11820=CARTESIAN_POINT('Ctrl Pts',(1.9,4.99941800253506,13.1875992747672));
#11821=CARTESIAN_POINT('Ctrl Pts',(1.93162412310747,4.9887102682781,13.2683758768925));
#11822=CARTESIAN_POINT('Ctrl Pts',(1.92551731435962,4.9927671723556,13.263053341254));
#11823=CARTESIAN_POINT('Ctrl Pts',(1.91420267393982,5.00227091334752,13.2505851645115));
#11824=CARTESIAN_POINT('Ctrl Pts',(1.90247174329267,5.01521862714332,13.2258241073049));
#11825=CARTESIAN_POINT('Ctrl Pts',(1.9,5.02058897732798,13.2075458406532));
#11826=CARTESIAN_POINT('Ctrl Pts',(1.9,5.02380973105826,13.1977026595313));
#11827=CARTESIAN_POINT('Ctrl Pts',(1.92928932188135,5.030573937092,13.2707106781187));
#11828=CARTESIAN_POINT('Ctrl Pts',(1.92346146617543,5.03165232385687,13.2648828224127));
#11829=CARTESIAN_POINT('Ctrl Pts',(1.91301375907026,5.03400159930091,13.2515471624002));
#11830=CARTESIAN_POINT('Ctrl Pts',(1.90255328380693,5.0377866496412,13.2272990295474));
#11831=CARTESIAN_POINT('Ctrl Pts',(1.9,5.0401267307443,13.2092114599411));
#11832=CARTESIAN_POINT('Ctrl Pts',(1.9,5.0412595704229,13.2));
#11833=CARTESIAN_POINT('Ctrl Pts',(1.92928932188135,5.04998489885978,13.2707106781187));
#11834=CARTESIAN_POINT('Ctrl Pts',(1.9231186511339,5.04998489885978,13.2645400073712));
#11835=CARTESIAN_POINT('Ctrl Pts',(1.9124025981665,5.04998489885978,13.250574533656));
#11836=CARTESIAN_POINT('Ctrl Pts',(1.90229768744573,5.04998489885978,13.2261791211473));
#11837=CARTESIAN_POINT('Ctrl Pts',(1.9,5.04998489885978,13.20872664626));
#11838=CARTESIAN_POINT('Ctrl Pts',(1.9,5.04998489885978,13.2));
#11839=CARTESIAN_POINT('',(1.99595677708582,4.86067298143542,13.1422493365783));
#11840=CARTESIAN_POINT('',(1.9,4.95000045769212,13.1000011052025));
#11841=CARTESIAN_POINT('Ctrl Pts',(1.95488413516056,4.90488413516056,13.2451158648394));
#11842=CARTESIAN_POINT('Ctrl Pts',(1.94541057803283,4.90962091372442,13.2403790862756));
#11843=CARTESIAN_POINT('Ctrl Pts',(1.92926570272041,4.92007792423751,13.2299220757625));
#11844=CARTESIAN_POINT('Ctrl Pts',(1.90684981919769,4.94755509639379,13.2024449036062));
#11845=CARTESIAN_POINT('Ctrl Pts',(1.9,4.96957853942716,13.1804214605728));
#11846=CARTESIAN_POINT('Ctrl Pts',(1.9,4.97928489885978,13.1707151011402));
#11847=CARTESIAN_POINT('',(1.92928932188135,5.04998489885978,13.2707106781187));
#11848=CARTESIAN_POINT('Ctrl Pts',(1.95488413516056,4.90488413516056,13.2451158648394));
#11849=CARTESIAN_POINT('Ctrl Pts',(1.95014735659669,4.91435769228828,13.2498526434033));
#11850=CARTESIAN_POINT('Ctrl Pts',(1.94228634689006,4.93484890507628,13.2577136531099));
#11851=CARTESIAN_POINT('Ctrl Pts',(1.93162412310747,4.9887102682781,13.2683758768925));
#11852=CARTESIAN_POINT('Ctrl Pts',(1.92928932188135,5.030573937092,13.2707106781187));
#11853=CARTESIAN_POINT('Ctrl Pts',(1.92928932188135,5.04998489885978,13.2707106781187));
#11854=CARTESIAN_POINT('',(1.9,5.04998489885978,13.2));
#11855=CARTESIAN_POINT('Origin',(2.,5.04998489885978,13.2));
#11856=CARTESIAN_POINT('Origin',(1.9,5.04998489885978,13.1000151011402));
#11857=CARTESIAN_POINT('Ctrl Pts',(1.95488413516056,4.90488413516056,13.2451158648394));
#11858=CARTESIAN_POINT('Ctrl Pts',(1.95014735659669,4.91435769228828,13.2498526434033));
#11859=CARTESIAN_POINT('Ctrl Pts',(1.94228634689006,4.93484890507628,13.2577136531099));
#11860=CARTESIAN_POINT('Ctrl Pts',(1.93162412310747,4.9887102682781,13.2683758768925));
#11861=CARTESIAN_POINT('Ctrl Pts',(1.92928932188135,5.030573937092,13.2707106781187));
#11862=CARTESIAN_POINT('Ctrl Pts',(1.92928932188135,5.04998489885978,13.2707106781187));
#11863=CARTESIAN_POINT('Ctrl Pts',(1.95962091372442,4.90962091372442,13.2545894219672));
#11864=CARTESIAN_POINT('Ctrl Pts',(1.95494277424852,4.91901199775302,13.2583560561715));
#11865=CARTESIAN_POINT('Ctrl Pts',(1.94705541515918,4.93949360098153,13.2648530202636));
#11866=CARTESIAN_POINT('Ctrl Pts',(1.93694665874599,4.9927671723556,13.2744826856404));
#11867=CARTESIAN_POINT('Ctrl Pts',(1.93511717758726,5.03165232385687,13.2765385338246));
#11868=CARTESIAN_POINT('Ctrl Pts',(1.93545999262879,5.04998489885978,13.2768813488661));
#11869=CARTESIAN_POINT('Ctrl Pts',(1.97007792423751,4.92007792423751,13.2707342972796));
#11870=CARTESIAN_POINT('Ctrl Pts',(1.96544494021739,4.9294667550121,13.2732156840258));
#11871=CARTESIAN_POINT('Ctrl Pts',(1.95770001381258,4.95046520144565,13.2779698199894));
#11872=CARTESIAN_POINT('Ctrl Pts',(1.94941483548855,5.00227091334752,13.2857973260602));
#11873=CARTESIAN_POINT('Ctrl Pts',(1.94845283759977,5.0340015993009,13.2869862409297));
#11874=CARTESIAN_POINT('Ctrl Pts',(1.94942546634404,5.04998489885978,13.2875974018335));
#11875=CARTESIAN_POINT('Ctrl Pts',(1.99755509639379,4.94755509639379,13.2931501808023));
#11876=CARTESIAN_POINT('Ctrl Pts',(1.99244853180013,4.95687380432553,13.2940894548247));
#11877=CARTESIAN_POINT('Ctrl Pts',(1.98398363470777,4.97809253540808,13.2961859371769));
#11878=CARTESIAN_POINT('Ctrl Pts',(1.97417589269513,5.01521862714333,13.2975282567073));
#11879=CARTESIAN_POINT('Ctrl Pts',(1.97270097045259,5.0377866496412,13.2974467161931));
#11880=CARTESIAN_POINT('Ctrl Pts',(1.97382087885269,5.04998489885978,13.2977023125543));
#11881=CARTESIAN_POINT('Ctrl Pts',(2.01957853942716,4.96957853942716,13.3));
#11882=CARTESIAN_POINT('Ctrl Pts',(2.01344376900323,4.9767917942325,13.3));
#11883=CARTESIAN_POINT('Ctrl Pts',(2.0027275287568,4.99274493567606,13.3));
#11884=CARTESIAN_POINT('Ctrl Pts',(1.99245415934683,5.02058897732798,13.3));
#11885=CARTESIAN_POINT('Ctrl Pts',(1.99078854005892,5.0401267307443,13.3));
#11886=CARTESIAN_POINT('Ctrl Pts',(1.99127335374003,5.04998489885978,13.3));
#11887=CARTESIAN_POINT('Ctrl Pts',(2.02928489885978,4.97928489885978,13.3));
#11888=CARTESIAN_POINT('Ctrl Pts',(2.02311515995398,4.98545463776558,13.3));
#11889=CARTESIAN_POINT('Ctrl Pts',(2.01240072523276,4.99941800253506,13.3));
#11890=CARTESIAN_POINT('Ctrl Pts',(2.00229734046873,5.02380973105826,13.3));
#11891=CARTESIAN_POINT('Ctrl Pts',(2.,5.04125957042289,13.3));
#11892=CARTESIAN_POINT('Ctrl Pts',(2.,5.04998489885978,13.3));
#11893=CARTESIAN_POINT('',(2.02928489885978,4.97928489885978,13.3));
#11894=CARTESIAN_POINT('Ctrl Pts',(1.95488413516056,4.90488413516056,13.2451158648394));
#11895=CARTESIAN_POINT('Ctrl Pts',(1.95962091372442,4.90962091372442,13.2545894219672));
#11896=CARTESIAN_POINT('Ctrl Pts',(1.97007792423751,4.92007792423751,13.2707342972796));
#11897=CARTESIAN_POINT('Ctrl Pts',(1.99755509639379,4.94755509639379,13.2931501808023));
#11898=CARTESIAN_POINT('Ctrl Pts',(2.01957853942716,4.96957853942716,13.3));
#11899=CARTESIAN_POINT('Ctrl Pts',(2.02928489885978,4.97928489885978,13.3));
#11900=CARTESIAN_POINT('',(2.,5.04998489885978,13.3));
#11901=CARTESIAN_POINT('Origin',(2.09998489885978,5.04998489885978,13.3));
#11902=CARTESIAN_POINT('Origin',(2.,5.04998489885978,13.2));
#11903=CARTESIAN_POINT('Ctrl Pts',(1.95488413516056,4.90488413516056,13.2451158648394));
#11904=CARTESIAN_POINT('Ctrl Pts',(1.95962091372442,4.90962091372442,13.2545894219672));
#11905=CARTESIAN_POINT('Ctrl Pts',(1.97007792423751,4.92007792423751,13.2707342972796));
#11906=CARTESIAN_POINT('Ctrl Pts',(1.99755509639379,4.94755509639379,13.2931501808023));
#11907=CARTESIAN_POINT('Ctrl Pts',(2.01957853942716,4.96957853942716,13.3));
#11908=CARTESIAN_POINT('Ctrl Pts',(2.02928489885978,4.97928489885978,13.3));
#11909=CARTESIAN_POINT('Ctrl Pts',(1.96435769228828,4.90014735659669,13.2498526434033));
#11910=CARTESIAN_POINT('Ctrl Pts',(1.96901199775302,4.90494277424852,13.2583560561715));
#11911=CARTESIAN_POINT('Ctrl Pts',(1.97946675501211,4.91544494021739,13.2732156840258));
#11912=CARTESIAN_POINT('Ctrl Pts',(2.00687380432553,4.94244853180013,13.2940894548247));
#11913=CARTESIAN_POINT('Ctrl Pts',(2.0267917942325,4.96344376900323,13.3));
#11914=CARTESIAN_POINT('Ctrl Pts',(2.03545463776558,4.97311515995398,13.3));
#11915=CARTESIAN_POINT('Ctrl Pts',(1.98484890507628,4.89228634689006,13.2577136531099));
#11916=CARTESIAN_POINT('Ctrl Pts',(1.98949360098153,4.89705541515918,13.2648530202636));
#11917=CARTESIAN_POINT('Ctrl Pts',(2.00046520144565,4.90770001381258,13.2779698199894));
#11918=CARTESIAN_POINT('Ctrl Pts',(2.02809253540808,4.93398363470777,13.2961859371769));
#11919=CARTESIAN_POINT('Ctrl Pts',(2.04274493567606,4.95272752875679,13.3));
#11920=CARTESIAN_POINT('Ctrl Pts',(2.04941800253506,4.96240072523276,13.3));
#11921=CARTESIAN_POINT('Ctrl Pts',(2.03871026827811,4.88162412310747,13.2683758768925));
#11922=CARTESIAN_POINT('Ctrl Pts',(2.0427671723556,4.88694665874599,13.2744826856404));
#11923=CARTESIAN_POINT('Ctrl Pts',(2.05227091334752,4.89941483548855,13.2857973260602));
#11924=CARTESIAN_POINT('Ctrl Pts',(2.06521862714333,4.92417589269513,13.2975282567073));
#11925=CARTESIAN_POINT('Ctrl Pts',(2.07058897732798,4.94245415934683,13.3));
#11926=CARTESIAN_POINT('Ctrl Pts',(2.07380973105826,4.95229734046873,13.3));
#11927=CARTESIAN_POINT('Ctrl Pts',(2.080573937092,4.87928932188135,13.2707106781187));
#11928=CARTESIAN_POINT('Ctrl Pts',(2.08165232385687,4.88511717758726,13.2765385338246));
#11929=CARTESIAN_POINT('Ctrl Pts',(2.0840015993009,4.89845283759977,13.2869862409297));
#11930=CARTESIAN_POINT('Ctrl Pts',(2.0877866496412,4.92270097045259,13.2974467161931));
#11931=CARTESIAN_POINT('Ctrl Pts',(2.0901267307443,4.94078854005892,13.3));
#11932=CARTESIAN_POINT('Ctrl Pts',(2.0912595704229,4.95,13.3));
#11933=CARTESIAN_POINT('Ctrl Pts',(2.09998489885978,4.87928932188135,13.2707106781187));
#11934=CARTESIAN_POINT('Ctrl Pts',(2.09998489885978,4.88545999262879,13.2768813488661));
#11935=CARTESIAN_POINT('Ctrl Pts',(2.09998489885978,4.89942546634404,13.2875974018335));
#11936=CARTESIAN_POINT('Ctrl Pts',(2.09998489885978,4.92382087885269,13.2977023125543));
#11937=CARTESIAN_POINT('Ctrl Pts',(2.09998489885978,4.94127335374003,13.3));
#11938=CARTESIAN_POINT('Ctrl Pts',(2.09998489885978,4.95,13.3));
#11939=CARTESIAN_POINT('',(2.09998489885978,4.87928932188135,13.2707106781187));
#11940=CARTESIAN_POINT('Ctrl Pts',(1.95488413516056,4.90488413516056,13.2451158648394));
#11941=CARTESIAN_POINT('Ctrl Pts',(1.96435769228828,4.90014735659669,13.2498526434033));
#11942=CARTESIAN_POINT('Ctrl Pts',(1.98484890507628,4.89228634689006,13.2577136531099));
#11943=CARTESIAN_POINT('Ctrl Pts',(2.03871026827811,4.88162412310747,13.2683758768925));
#11944=CARTESIAN_POINT('Ctrl Pts',(2.080573937092,4.87928932188135,13.2707106781187));
#11945=CARTESIAN_POINT('Ctrl Pts',(2.09998489885978,4.87928932188135,13.2707106781187));
#11946=CARTESIAN_POINT('',(2.09998489885978,4.95,13.3));
#11947=CARTESIAN_POINT('Origin',(2.09998489885978,4.95,13.2));
#11948=CARTESIAN_POINT('Origin',(2.09998489885978,5.04998489885978,13.3));
#11949=CARTESIAN_POINT('Ctrl Pts',(1.95488413516056,4.90488413516056,13.2451158648394));
#11950=CARTESIAN_POINT('Ctrl Pts',(1.96435769228828,4.90014735659669,13.2498526434033));
#11951=CARTESIAN_POINT('Ctrl Pts',(1.98484890507628,4.89228634689006,13.2577136531099));
#11952=CARTESIAN_POINT('Ctrl Pts',(2.03871026827811,4.88162412310747,13.2683758768925));
#11953=CARTESIAN_POINT('Ctrl Pts',(2.080573937092,4.87928932188135,13.2707106781187));
#11954=CARTESIAN_POINT('Ctrl Pts',(2.09998489885978,4.87928932188135,13.2707106781187));
#11955=CARTESIAN_POINT('Ctrl Pts',(1.95962091372442,4.89541057803283,13.2403790862756));
#11956=CARTESIAN_POINT('Ctrl Pts',(1.96901199775302,4.89164394382848,13.2450572257515));
#11957=CARTESIAN_POINT('Ctrl Pts',(1.98949360098153,4.88514697973639,13.2529445848408));
#11958=CARTESIAN_POINT('Ctrl Pts',(2.0427671723556,4.87551731435962,13.263053341254));
#11959=CARTESIAN_POINT('Ctrl Pts',(2.08165232385687,4.87346146617543,13.2648828224127));
#11960=CARTESIAN_POINT('Ctrl Pts',(2.09998489885978,4.8731186511339,13.2645400073712));
#11961=CARTESIAN_POINT('Ctrl Pts',(1.97007792423751,4.87926570272041,13.2299220757625));
#11962=CARTESIAN_POINT('Ctrl Pts',(1.97946675501211,4.87678431597416,13.2345550597826));
#11963=CARTESIAN_POINT('Ctrl Pts',(2.00046520144565,4.87203018001061,13.2422999861874));
#11964=CARTESIAN_POINT('Ctrl Pts',(2.05227091334752,4.86420267393981,13.2505851645115));
#11965=CARTESIAN_POINT('Ctrl Pts',(2.0840015993009,4.86301375907026,13.2515471624002));
#11966=CARTESIAN_POINT('Ctrl Pts',(2.09998489885978,4.8624025981665,13.250574533656));
#11967=CARTESIAN_POINT('Ctrl Pts',(1.99755509639379,4.85684981919769,13.2024449036062));
#11968=CARTESIAN_POINT('Ctrl Pts',(2.00687380432553,4.85591054517527,13.2075514681999));
#11969=CARTESIAN_POINT('Ctrl Pts',(2.02809253540808,4.8538140628231,13.2160163652922));
#11970=CARTESIAN_POINT('Ctrl Pts',(2.06521862714333,4.85247174329267,13.2258241073049));
#11971=CARTESIAN_POINT('Ctrl Pts',(2.0877866496412,4.85255328380693,13.2272990295474));
#11972=CARTESIAN_POINT('Ctrl Pts',(2.09998489885978,4.85229768744573,13.2261791211473));
#11973=CARTESIAN_POINT('Ctrl Pts',(2.01957853942716,4.85,13.1804214605728));
#11974=CARTESIAN_POINT('Ctrl Pts',(2.0267917942325,4.85,13.1865562309968));
#11975=CARTESIAN_POINT('Ctrl Pts',(2.04274493567606,4.85,13.1972724712432));
#11976=CARTESIAN_POINT('Ctrl Pts',(2.07058897732798,4.85,13.2075458406532));
#11977=CARTESIAN_POINT('Ctrl Pts',(2.0901267307443,4.85,13.2092114599411));
#11978=CARTESIAN_POINT('Ctrl Pts',(2.09998489885978,4.85,13.20872664626));
#11979=CARTESIAN_POINT('Ctrl Pts',(2.02928489885978,4.85,13.1707151011402));
#11980=CARTESIAN_POINT('Ctrl Pts',(2.03545463776558,4.85,13.176884840046));
#11981=CARTESIAN_POINT('Ctrl Pts',(2.04941800253506,4.85,13.1875992747672));
#11982=CARTESIAN_POINT('Ctrl Pts',(2.07380973105826,4.85,13.1977026595313));
#11983=CARTESIAN_POINT('Ctrl Pts',(2.0912595704229,4.85,13.2));
#11984=CARTESIAN_POINT('Ctrl Pts',(2.09998489885978,4.85,13.2));
#11985=CARTESIAN_POINT('Origin',(2.09998489885978,4.95,13.2));
#11986=CARTESIAN_POINT('Ctrl Pts',(13.5048841351606,6.04511586483945,13.2451158648394));
#11987=CARTESIAN_POINT('Ctrl Pts',(13.5096209137244,6.05458942196717,13.2403790862756));
#11988=CARTESIAN_POINT('Ctrl Pts',(13.5200779242375,6.07073429727959,13.2299220757625));
#11989=CARTESIAN_POINT('Ctrl Pts',(13.5475550963938,6.09315018080232,13.2024449036062));
#11990=CARTESIAN_POINT('Ctrl Pts',(13.5695785394272,6.1,13.1804214605728));
#11991=CARTESIAN_POINT('Ctrl Pts',(13.5792848988598,6.1,13.1707151011402));
#11992=CARTESIAN_POINT('Ctrl Pts',(13.5143576922883,6.04985264340331,13.2498526434033));
#11993=CARTESIAN_POINT('Ctrl Pts',(13.519011997753,6.05835605617153,13.2450572257515));
#11994=CARTESIAN_POINT('Ctrl Pts',(13.5294667550121,6.07321568402585,13.2345550597826));
#11995=CARTESIAN_POINT('Ctrl Pts',(13.5568738043255,6.09408945482473,13.2075514681999));
#11996=CARTESIAN_POINT('Ctrl Pts',(13.5767917942325,6.1,13.1865562309968));
#11997=CARTESIAN_POINT('Ctrl Pts',(13.5854546377656,6.1,13.176884840046));
#11998=CARTESIAN_POINT('Ctrl Pts',(13.5348489050763,6.05771365310994,13.2577136531099));
#11999=CARTESIAN_POINT('Ctrl Pts',(13.5394936009815,6.06485302026361,13.2529445848408));
#12000=CARTESIAN_POINT('Ctrl Pts',(13.5504652014456,6.07796981998939,13.2422999861874));
#12001=CARTESIAN_POINT('Ctrl Pts',(13.5780925354081,6.0961859371769,13.2160163652922));
#12002=CARTESIAN_POINT('Ctrl Pts',(13.5927449356761,6.1,13.1972724712432));
#12003=CARTESIAN_POINT('Ctrl Pts',(13.5994180025351,6.1,13.1875992747672));
#12004=CARTESIAN_POINT('Ctrl Pts',(13.5887102682781,6.06837587689253,13.2683758768925));
#12005=CARTESIAN_POINT('Ctrl Pts',(13.5927671723556,6.07448268564038,13.263053341254));
#12006=CARTESIAN_POINT('Ctrl Pts',(13.6022709133475,6.08579732606019,13.2505851645115));
#12007=CARTESIAN_POINT('Ctrl Pts',(13.6152186271433,6.09752825670733,13.2258241073049));
#12008=CARTESIAN_POINT('Ctrl Pts',(13.620588977328,6.1,13.2075458406532));
#12009=CARTESIAN_POINT('Ctrl Pts',(13.6238097310583,6.1,13.1977026595313));
#12010=CARTESIAN_POINT('Ctrl Pts',(13.630573937092,6.07071067811866,13.2707106781187));
#12011=CARTESIAN_POINT('Ctrl Pts',(13.6316523238569,6.07653853382457,13.2648828224127));
#12012=CARTESIAN_POINT('Ctrl Pts',(13.6340015993009,6.08698624092974,13.2515471624002));
#12013=CARTESIAN_POINT('Ctrl Pts',(13.6377866496412,6.09744671619307,13.2272990295474));
#12014=CARTESIAN_POINT('Ctrl Pts',(13.6401267307443,6.1,13.2092114599411));
#12015=CARTESIAN_POINT('Ctrl Pts',(13.6412595704229,6.1,13.2));
#12016=CARTESIAN_POINT('Ctrl Pts',(13.6499848988598,6.07071067811866,13.2707106781187));
#12017=CARTESIAN_POINT('Ctrl Pts',(13.6499848988598,6.0768813488661,13.2645400073712));
#12018=CARTESIAN_POINT('Ctrl Pts',(13.6499848988598,6.0875974018335,13.250574533656));
#12019=CARTESIAN_POINT('Ctrl Pts',(13.6499848988598,6.09770231255427,13.2261791211473));
#12020=CARTESIAN_POINT('Ctrl Pts',(13.6499848988598,6.1,13.20872664626));
#12021=CARTESIAN_POINT('Ctrl Pts',(13.6499848988598,6.1,13.2));
#12022=CARTESIAN_POINT('',(13.4606729814354,6.00404322291418,13.1422493365783));
#12023=CARTESIAN_POINT('',(13.5500004576921,6.1,13.1000011052025));
#12024=CARTESIAN_POINT('Ctrl Pts',(13.5048841351606,6.04511586483945,13.2451158648394));
#12025=CARTESIAN_POINT('Ctrl Pts',(13.5096209137244,6.05458942196717,13.2403790862756));
#12026=CARTESIAN_POINT('Ctrl Pts',(13.5200779242375,6.07073429727959,13.2299220757625));
#12027=CARTESIAN_POINT('Ctrl Pts',(13.5475550963938,6.09315018080232,13.2024449036062));
#12028=CARTESIAN_POINT('Ctrl Pts',(13.5695785394272,6.1,13.1804214605728));
#12029=CARTESIAN_POINT('Ctrl Pts',(13.5792848988598,6.1,13.1707151011402));
#12030=CARTESIAN_POINT('',(13.6499848988598,6.07071067811866,13.2707106781187));
#12031=CARTESIAN_POINT('Ctrl Pts',(13.5048841351606,6.04511586483945,13.2451158648394));
#12032=CARTESIAN_POINT('Ctrl Pts',(13.5143576922883,6.04985264340331,13.2498526434033));
#12033=CARTESIAN_POINT('Ctrl Pts',(13.5348489050763,6.05771365310994,13.2577136531099));
#12034=CARTESIAN_POINT('Ctrl Pts',(13.5887102682781,6.06837587689253,13.2683758768925));
#12035=CARTESIAN_POINT('Ctrl Pts',(13.630573937092,6.07071067811866,13.2707106781187));
#12036=CARTESIAN_POINT('Ctrl Pts',(13.6499848988598,6.07071067811866,13.2707106781187));
#12037=CARTESIAN_POINT('',(13.6499848988598,6.1,13.2));
#12038=CARTESIAN_POINT('Origin',(13.6499848988598,6.,13.2));
#12039=CARTESIAN_POINT('Origin',(13.6499848988598,6.1,13.1000151011402));
#12040=CARTESIAN_POINT('Ctrl Pts',(13.5048841351606,6.04511586483945,13.2451158648394));
#12041=CARTESIAN_POINT('Ctrl Pts',(13.5143576922883,6.04985264340331,13.2498526434033));
#12042=CARTESIAN_POINT('Ctrl Pts',(13.5348489050763,6.05771365310994,13.2577136531099));
#12043=CARTESIAN_POINT('Ctrl Pts',(13.5887102682781,6.06837587689253,13.2683758768925));
#12044=CARTESIAN_POINT('Ctrl Pts',(13.630573937092,6.07071067811866,13.2707106781187));
#12045=CARTESIAN_POINT('Ctrl Pts',(13.6499848988598,6.07071067811866,13.2707106781187));
#12046=CARTESIAN_POINT('Ctrl Pts',(13.5096209137244,6.04037908627558,13.2545894219672));
#12047=CARTESIAN_POINT('Ctrl Pts',(13.519011997753,6.04505722575148,13.2583560561715));
#12048=CARTESIAN_POINT('Ctrl Pts',(13.5394936009815,6.05294458484082,13.2648530202636));
#12049=CARTESIAN_POINT('Ctrl Pts',(13.5927671723556,6.06305334125401,13.2744826856404));
#12050=CARTESIAN_POINT('Ctrl Pts',(13.6316523238569,6.06488282241274,13.2765385338246));
#12051=CARTESIAN_POINT('Ctrl Pts',(13.6499848988598,6.06454000737121,13.2768813488661));
#12052=CARTESIAN_POINT('Ctrl Pts',(13.5200779242375,6.02992207576249,13.2707342972796));
#12053=CARTESIAN_POINT('Ctrl Pts',(13.5294667550121,6.03455505978261,13.2732156840258));
#12054=CARTESIAN_POINT('Ctrl Pts',(13.5504652014457,6.04229998618742,13.2779698199894));
#12055=CARTESIAN_POINT('Ctrl Pts',(13.6022709133475,6.05058516451145,13.2857973260602));
#12056=CARTESIAN_POINT('Ctrl Pts',(13.6340015993009,6.05154716240023,13.2869862409297));
#12057=CARTESIAN_POINT('Ctrl Pts',(13.6499848988598,6.05057453365596,13.2875974018335));
#12058=CARTESIAN_POINT('Ctrl Pts',(13.5475550963938,6.00244490360621,13.2931501808023));
#12059=CARTESIAN_POINT('Ctrl Pts',(13.5568738043255,6.00755146819987,13.2940894548247));
#12060=CARTESIAN_POINT('Ctrl Pts',(13.5780925354081,6.01601636529223,13.2961859371769));
#12061=CARTESIAN_POINT('Ctrl Pts',(13.6152186271433,6.02582410730487,13.2975282567073));
#12062=CARTESIAN_POINT('Ctrl Pts',(13.6377866496412,6.02729902954741,13.2974467161931));
#12063=CARTESIAN_POINT('Ctrl Pts',(13.6499848988598,6.02617912114731,13.2977023125543));
#12064=CARTESIAN_POINT('Ctrl Pts',(13.5695785394272,5.98042146057284,13.3));
#12065=CARTESIAN_POINT('Ctrl Pts',(13.5767917942325,5.98655623099678,13.3));
#12066=CARTESIAN_POINT('Ctrl Pts',(13.5927449356761,5.99727247124321,13.3));
#12067=CARTESIAN_POINT('Ctrl Pts',(13.620588977328,6.00754584065317,13.3));
#12068=CARTESIAN_POINT('Ctrl Pts',(13.6401267307443,6.00921145994108,13.3));
#12069=CARTESIAN_POINT('Ctrl Pts',(13.6499848988598,6.00872664625997,13.3));
#12070=CARTESIAN_POINT('Ctrl Pts',(13.5792848988598,5.97071510114022,13.3));
#12071=CARTESIAN_POINT('Ctrl Pts',(13.5854546377656,5.97688484004602,13.3));
#12072=CARTESIAN_POINT('Ctrl Pts',(13.5994180025351,5.98759927476724,13.3));
#12073=CARTESIAN_POINT('Ctrl Pts',(13.6238097310583,5.99770265953127,13.3));
#12074=CARTESIAN_POINT('Ctrl Pts',(13.6412595704229,6.,13.3));
#12075=CARTESIAN_POINT('Ctrl Pts',(13.6499848988598,6.,13.3));
#12076=CARTESIAN_POINT('',(13.5792848988598,5.97071510114022,13.3));
#12077=CARTESIAN_POINT('Ctrl Pts',(13.5048841351606,6.04511586483945,13.2451158648394));
#12078=CARTESIAN_POINT('Ctrl Pts',(13.5096209137244,6.04037908627558,13.2545894219672));
#12079=CARTESIAN_POINT('Ctrl Pts',(13.5200779242375,6.02992207576249,13.2707342972796));
#12080=CARTESIAN_POINT('Ctrl Pts',(13.5475550963938,6.00244490360621,13.2931501808023));
#12081=CARTESIAN_POINT('Ctrl Pts',(13.5695785394272,5.98042146057284,13.3));
#12082=CARTESIAN_POINT('Ctrl Pts',(13.5792848988598,5.97071510114022,13.3));
#12083=CARTESIAN_POINT('',(13.6499848988598,6.,13.3));
#12084=CARTESIAN_POINT('Origin',(13.6499848988598,5.90001510114022,13.3));
#12085=CARTESIAN_POINT('Origin',(13.6499848988598,6.,13.2));
#12086=CARTESIAN_POINT('Ctrl Pts',(13.5048841351606,6.04511586483945,13.2451158648394));
#12087=CARTESIAN_POINT('Ctrl Pts',(13.5096209137244,6.04037908627558,13.2545894219672));
#12088=CARTESIAN_POINT('Ctrl Pts',(13.5200779242375,6.02992207576249,13.2707342972796));
#12089=CARTESIAN_POINT('Ctrl Pts',(13.5475550963938,6.00244490360621,13.2931501808023));
#12090=CARTESIAN_POINT('Ctrl Pts',(13.5695785394272,5.98042146057284,13.3));
#12091=CARTESIAN_POINT('Ctrl Pts',(13.5792848988598,5.97071510114022,13.3));
#12092=CARTESIAN_POINT('Ctrl Pts',(13.5001473565967,6.03564230771172,13.2498526434033));
#12093=CARTESIAN_POINT('Ctrl Pts',(13.5049427742485,6.03098800224698,13.2583560561715));
#12094=CARTESIAN_POINT('Ctrl Pts',(13.5154449402174,6.0205332449879,13.2732156840258));
#12095=CARTESIAN_POINT('Ctrl Pts',(13.5424485318001,5.99312619567447,13.2940894548247));
#12096=CARTESIAN_POINT('Ctrl Pts',(13.5634437690032,5.9732082057675,13.3));
#12097=CARTESIAN_POINT('Ctrl Pts',(13.573115159954,5.96454536223442,13.3));
#12098=CARTESIAN_POINT('Ctrl Pts',(13.4922863468901,6.01515109492372,13.2577136531099));
#12099=CARTESIAN_POINT('Ctrl Pts',(13.4970554151592,6.01050639901847,13.2648530202636));
#12100=CARTESIAN_POINT('Ctrl Pts',(13.5077000138126,5.99953479855434,13.2779698199894));
#12101=CARTESIAN_POINT('Ctrl Pts',(13.5339836347078,5.97190746459192,13.2961859371769));
#12102=CARTESIAN_POINT('Ctrl Pts',(13.5527275287568,5.95725506432394,13.3));
#12103=CARTESIAN_POINT('Ctrl Pts',(13.5624007252328,5.95058199746494,13.3));
#12104=CARTESIAN_POINT('Ctrl Pts',(13.4816241231075,5.9612897317219,13.2683758768925));
#12105=CARTESIAN_POINT('Ctrl Pts',(13.486946658746,5.95723282764441,13.2744826856404));
#12106=CARTESIAN_POINT('Ctrl Pts',(13.4994148354886,5.94772908665249,13.2857973260602));
#12107=CARTESIAN_POINT('Ctrl Pts',(13.5241758926951,5.93478137285667,13.2975282567073));
#12108=CARTESIAN_POINT('Ctrl Pts',(13.5424541593468,5.92941102267203,13.3));
#12109=CARTESIAN_POINT('Ctrl Pts',(13.5522973404687,5.92619026894174,13.3));
#12110=CARTESIAN_POINT('Ctrl Pts',(13.4792893218813,5.91942606290801,13.2707106781187));
#12111=CARTESIAN_POINT('Ctrl Pts',(13.4851171775873,5.91834767614313,13.2765385338246));
#12112=CARTESIAN_POINT('Ctrl Pts',(13.4984528375998,5.9159984006991,13.2869862409297));
#12113=CARTESIAN_POINT('Ctrl Pts',(13.5227009704526,5.9122133503588,13.2974467161931));
#12114=CARTESIAN_POINT('Ctrl Pts',(13.5407885400589,5.9098732692557,13.3));
#12115=CARTESIAN_POINT('Ctrl Pts',(13.55,5.90874042957711,13.3));
#12116=CARTESIAN_POINT('Ctrl Pts',(13.4792893218813,5.90001510114022,13.2707106781187));
#12117=CARTESIAN_POINT('Ctrl Pts',(13.4854599926288,5.90001510114022,13.2768813488661));
#12118=CARTESIAN_POINT('Ctrl Pts',(13.499425466344,5.90001510114022,13.2875974018335));
#12119=CARTESIAN_POINT('Ctrl Pts',(13.5238208788527,5.90001510114022,13.2977023125543));
#12120=CARTESIAN_POINT('Ctrl Pts',(13.54127335374,5.90001510114022,13.3));
#12121=CARTESIAN_POINT('Ctrl Pts',(13.55,5.90001510114022,13.3));
#12122=CARTESIAN_POINT('',(13.4792893218813,5.90001510114022,13.2707106781187));
#12123=CARTESIAN_POINT('Ctrl Pts',(13.5048841351606,6.04511586483945,13.2451158648394));
#12124=CARTESIAN_POINT('Ctrl Pts',(13.5001473565967,6.03564230771172,13.2498526434033));
#12125=CARTESIAN_POINT('Ctrl Pts',(13.4922863468901,6.01515109492372,13.2577136531099));
#12126=CARTESIAN_POINT('Ctrl Pts',(13.4816241231075,5.9612897317219,13.2683758768925));
#12127=CARTESIAN_POINT('Ctrl Pts',(13.4792893218813,5.91942606290801,13.2707106781187));
#12128=CARTESIAN_POINT('Ctrl Pts',(13.4792893218813,5.90001510114022,13.2707106781187));
#12129=CARTESIAN_POINT('',(13.55,5.90001510114022,13.3));
#12130=CARTESIAN_POINT('Origin',(13.55,5.90001510114022,13.2));
#12131=CARTESIAN_POINT('Origin',(13.6499848988598,5.90001510114022,13.3));
#12132=CARTESIAN_POINT('Ctrl Pts',(13.5048841351606,6.04511586483945,13.2451158648394));
#12133=CARTESIAN_POINT('Ctrl Pts',(13.5001473565967,6.03564230771172,13.2498526434033));
#12134=CARTESIAN_POINT('Ctrl Pts',(13.4922863468901,6.01515109492372,13.2577136531099));
#12135=CARTESIAN_POINT('Ctrl Pts',(13.4816241231075,5.9612897317219,13.2683758768925));
#12136=CARTESIAN_POINT('Ctrl Pts',(13.4792893218813,5.91942606290801,13.2707106781187));
#12137=CARTESIAN_POINT('Ctrl Pts',(13.4792893218813,5.90001510114022,13.2707106781187));
#12138=CARTESIAN_POINT('Ctrl Pts',(13.4954105780328,6.04037908627558,13.2403790862756));
#12139=CARTESIAN_POINT('Ctrl Pts',(13.4916439438285,6.03098800224698,13.2450572257515));
#12140=CARTESIAN_POINT('Ctrl Pts',(13.4851469797364,6.01050639901847,13.2529445848408));
#12141=CARTESIAN_POINT('Ctrl Pts',(13.4755173143596,5.95723282764441,13.263053341254));
#12142=CARTESIAN_POINT('Ctrl Pts',(13.4734614661754,5.91834767614313,13.2648828224127));
#12143=CARTESIAN_POINT('Ctrl Pts',(13.4731186511339,5.90001510114022,13.2645400073712));
#12144=CARTESIAN_POINT('Ctrl Pts',(13.4792657027204,6.02992207576249,13.2299220757625));
#12145=CARTESIAN_POINT('Ctrl Pts',(13.4767843159742,6.0205332449879,13.2345550597826));
#12146=CARTESIAN_POINT('Ctrl Pts',(13.4720301800106,5.99953479855435,13.2422999861874));
#12147=CARTESIAN_POINT('Ctrl Pts',(13.4642026739398,5.94772908665248,13.2505851645114));
#12148=CARTESIAN_POINT('Ctrl Pts',(13.4630137590703,5.9159984006991,13.2515471624002));
#12149=CARTESIAN_POINT('Ctrl Pts',(13.4624025981665,5.90001510114022,13.250574533656));
#12150=CARTESIAN_POINT('Ctrl Pts',(13.4568498191977,6.00244490360621,13.2024449036062));
#12151=CARTESIAN_POINT('Ctrl Pts',(13.4559105451753,5.99312619567447,13.2075514681999));
#12152=CARTESIAN_POINT('Ctrl Pts',(13.4538140628231,5.97190746459192,13.2160163652922));
#12153=CARTESIAN_POINT('Ctrl Pts',(13.4524717432927,5.93478137285667,13.2258241073049));
#12154=CARTESIAN_POINT('Ctrl Pts',(13.4525532838069,5.9122133503588,13.2272990295474));
#12155=CARTESIAN_POINT('Ctrl Pts',(13.4522976874457,5.90001510114022,13.2261791211473));
#12156=CARTESIAN_POINT('Ctrl Pts',(13.45,5.98042146057284,13.1804214605728));
#12157=CARTESIAN_POINT('Ctrl Pts',(13.45,5.9732082057675,13.1865562309968));
#12158=CARTESIAN_POINT('Ctrl Pts',(13.45,5.95725506432394,13.1972724712432));
#12159=CARTESIAN_POINT('Ctrl Pts',(13.45,5.92941102267202,13.2075458406532));
#12160=CARTESIAN_POINT('Ctrl Pts',(13.45,5.90987326925571,13.2092114599411));
#12161=CARTESIAN_POINT('Ctrl Pts',(13.45,5.90001510114022,13.20872664626));
#12162=CARTESIAN_POINT('Ctrl Pts',(13.45,5.97071510114022,13.1707151011402));
#12163=CARTESIAN_POINT('Ctrl Pts',(13.45,5.96454536223442,13.176884840046));
#12164=CARTESIAN_POINT('Ctrl Pts',(13.45,5.95058199746494,13.1875992747672));
#12165=CARTESIAN_POINT('Ctrl Pts',(13.45,5.92619026894174,13.1977026595313));
#12166=CARTESIAN_POINT('Ctrl Pts',(13.45,5.90874042957711,13.2));
#12167=CARTESIAN_POINT('Ctrl Pts',(13.45,5.90001510114022,13.2));
#12168=CARTESIAN_POINT('Origin',(13.55,5.90001510114022,13.2));
#12169=CARTESIAN_POINT('Ctrl Pts',(13.8951158648394,6.04511586483945,13.2451158648394));
#12170=CARTESIAN_POINT('Ctrl Pts',(13.9045894219672,6.04037908627558,13.2403790862756));
#12171=CARTESIAN_POINT('Ctrl Pts',(13.9207342972796,6.02992207576249,13.2299220757625));
#12172=CARTESIAN_POINT('Ctrl Pts',(13.9431501808023,6.00244490360621,13.2024449036062));
#12173=CARTESIAN_POINT('Ctrl Pts',(13.95,5.98042146057284,13.1804214605728));
#12174=CARTESIAN_POINT('Ctrl Pts',(13.95,5.97071510114022,13.1707151011402));
#12175=CARTESIAN_POINT('Ctrl Pts',(13.8998526434033,6.03564230771172,13.2498526434033));
#12176=CARTESIAN_POINT('Ctrl Pts',(13.9083560561715,6.03098800224698,13.2450572257515));
#12177=CARTESIAN_POINT('Ctrl Pts',(13.9232156840259,6.0205332449879,13.2345550597826));
#12178=CARTESIAN_POINT('Ctrl Pts',(13.9440894548247,5.99312619567447,13.2075514681999));
#12179=CARTESIAN_POINT('Ctrl Pts',(13.95,5.9732082057675,13.1865562309968));
#12180=CARTESIAN_POINT('Ctrl Pts',(13.95,5.96454536223442,13.176884840046));
#12181=CARTESIAN_POINT('Ctrl Pts',(13.9077136531099,6.01515109492372,13.2577136531099));
#12182=CARTESIAN_POINT('Ctrl Pts',(13.9148530202636,6.01050639901847,13.2529445848408));
#12183=CARTESIAN_POINT('Ctrl Pts',(13.9279698199894,5.99953479855435,13.2422999861874));
#12184=CARTESIAN_POINT('Ctrl Pts',(13.9461859371769,5.97190746459193,13.2160163652922));
#12185=CARTESIAN_POINT('Ctrl Pts',(13.95,5.95725506432394,13.1972724712432));
#12186=CARTESIAN_POINT('Ctrl Pts',(13.95,5.95058199746494,13.1875992747672));
#12187=CARTESIAN_POINT('Ctrl Pts',(13.9183758768925,5.96128973172189,13.2683758768925));
#12188=CARTESIAN_POINT('Ctrl Pts',(13.9244826856404,5.9572328276444,13.263053341254));
#12189=CARTESIAN_POINT('Ctrl Pts',(13.9357973260602,5.94772908665249,13.2505851645115));
#12190=CARTESIAN_POINT('Ctrl Pts',(13.9475282567073,5.93478137285667,13.2258241073049));
#12191=CARTESIAN_POINT('Ctrl Pts',(13.95,5.92941102267203,13.2075458406532));
#12192=CARTESIAN_POINT('Ctrl Pts',(13.95,5.92619026894174,13.1977026595313));
#12193=CARTESIAN_POINT('Ctrl Pts',(13.9207106781187,5.91942606290801,13.2707106781187));
#12194=CARTESIAN_POINT('Ctrl Pts',(13.9265385338246,5.91834767614313,13.2648828224127));
#12195=CARTESIAN_POINT('Ctrl Pts',(13.9369862409297,5.9159984006991,13.2515471624002));
#12196=CARTESIAN_POINT('Ctrl Pts',(13.9474467161931,5.9122133503588,13.2272990295474));
#12197=CARTESIAN_POINT('Ctrl Pts',(13.95,5.9098732692557,13.2092114599411));
#12198=CARTESIAN_POINT('Ctrl Pts',(13.95,5.90874042957711,13.2));
#12199=CARTESIAN_POINT('Ctrl Pts',(13.9207106781187,5.90001510114022,13.2707106781187));
#12200=CARTESIAN_POINT('Ctrl Pts',(13.9268813488661,5.90001510114022,13.2645400073712));
#12201=CARTESIAN_POINT('Ctrl Pts',(13.9375974018335,5.90001510114022,13.250574533656));
#12202=CARTESIAN_POINT('Ctrl Pts',(13.9477023125543,5.90001510114022,13.2261791211473));
#12203=CARTESIAN_POINT('Ctrl Pts',(13.95,5.90001510114022,13.20872664626));
#12204=CARTESIAN_POINT('Ctrl Pts',(13.95,5.90001510114022,13.2));
#12205=CARTESIAN_POINT('',(13.8540432229142,6.08932701856459,13.1422493365783));
#12206=CARTESIAN_POINT('',(13.95,5.99999954230788,13.1000011052025));
#12207=CARTESIAN_POINT('Ctrl Pts',(13.8951158648394,6.04511586483945,13.2451158648394));
#12208=CARTESIAN_POINT('Ctrl Pts',(13.9045894219672,6.04037908627558,13.2403790862756));
#12209=CARTESIAN_POINT('Ctrl Pts',(13.9207342972796,6.02992207576249,13.2299220757625));
#12210=CARTESIAN_POINT('Ctrl Pts',(13.9431501808023,6.00244490360621,13.2024449036062));
#12211=CARTESIAN_POINT('Ctrl Pts',(13.95,5.98042146057284,13.1804214605728));
#12212=CARTESIAN_POINT('Ctrl Pts',(13.95,5.97071510114022,13.1707151011402));
#12213=CARTESIAN_POINT('',(13.9207106781187,5.90001510114022,13.2707106781187));
#12214=CARTESIAN_POINT('Ctrl Pts',(13.8951158648394,6.04511586483945,13.2451158648394));
#12215=CARTESIAN_POINT('Ctrl Pts',(13.8998526434033,6.03564230771172,13.2498526434033));
#12216=CARTESIAN_POINT('Ctrl Pts',(13.9077136531099,6.01515109492372,13.2577136531099));
#12217=CARTESIAN_POINT('Ctrl Pts',(13.9183758768925,5.9612897317219,13.2683758768925));
#12218=CARTESIAN_POINT('Ctrl Pts',(13.9207106781187,5.91942606290801,13.2707106781187));
#12219=CARTESIAN_POINT('Ctrl Pts',(13.9207106781187,5.90001510114022,13.2707106781187));
#12220=CARTESIAN_POINT('',(13.95,5.90001510114022,13.2));
#12221=CARTESIAN_POINT('Origin',(13.85,5.90001510114022,13.2));
#12222=CARTESIAN_POINT('Origin',(13.95,5.90001510114022,13.1000151011402));
#12223=CARTESIAN_POINT('Ctrl Pts',(13.8951158648394,6.04511586483945,13.2451158648394));
#12224=CARTESIAN_POINT('Ctrl Pts',(13.8998526434033,6.03564230771172,13.2498526434033));
#12225=CARTESIAN_POINT('Ctrl Pts',(13.9077136531099,6.01515109492372,13.2577136531099));
#12226=CARTESIAN_POINT('Ctrl Pts',(13.9183758768925,5.9612897317219,13.2683758768925));
#12227=CARTESIAN_POINT('Ctrl Pts',(13.9207106781187,5.91942606290801,13.2707106781187));
#12228=CARTESIAN_POINT('Ctrl Pts',(13.9207106781187,5.90001510114022,13.2707106781187));
#12229=CARTESIAN_POINT('Ctrl Pts',(13.8903790862756,6.04037908627558,13.2545894219672));
#12230=CARTESIAN_POINT('Ctrl Pts',(13.8950572257515,6.03098800224698,13.2583560561715));
#12231=CARTESIAN_POINT('Ctrl Pts',(13.9029445848408,6.01050639901847,13.2648530202636));
#12232=CARTESIAN_POINT('Ctrl Pts',(13.913053341254,5.9572328276444,13.2744826856404));
#12233=CARTESIAN_POINT('Ctrl Pts',(13.9148828224127,5.91834767614313,13.2765385338246));
#12234=CARTESIAN_POINT('Ctrl Pts',(13.9145400073712,5.90001510114022,13.2768813488661));
#12235=CARTESIAN_POINT('Ctrl Pts',(13.8799220757625,6.02992207576249,13.2707342972796));
#12236=CARTESIAN_POINT('Ctrl Pts',(13.8845550597826,6.0205332449879,13.2732156840258));
#12237=CARTESIAN_POINT('Ctrl Pts',(13.8922999861874,5.99953479855435,13.2779698199894));
#12238=CARTESIAN_POINT('Ctrl Pts',(13.9005851645115,5.94772908665248,13.2857973260602));
#12239=CARTESIAN_POINT('Ctrl Pts',(13.9015471624002,5.9159984006991,13.2869862409297));
#12240=CARTESIAN_POINT('Ctrl Pts',(13.900574533656,5.90001510114022,13.2875974018335));
#12241=CARTESIAN_POINT('Ctrl Pts',(13.8524449036062,6.00244490360621,13.2931501808023));
#12242=CARTESIAN_POINT('Ctrl Pts',(13.8575514681999,5.99312619567448,13.2940894548247));
#12243=CARTESIAN_POINT('Ctrl Pts',(13.8660163652922,5.97190746459192,13.2961859371769));
#12244=CARTESIAN_POINT('Ctrl Pts',(13.8758241073049,5.93478137285667,13.2975282567073));
#12245=CARTESIAN_POINT('Ctrl Pts',(13.8772990295474,5.9122133503588,13.2974467161931));
#12246=CARTESIAN_POINT('Ctrl Pts',(13.8761791211473,5.90001510114022,13.2977023125543));
#12247=CARTESIAN_POINT('Ctrl Pts',(13.8304214605728,5.98042146057284,13.3));
#12248=CARTESIAN_POINT('Ctrl Pts',(13.8365562309968,5.9732082057675,13.3));
#12249=CARTESIAN_POINT('Ctrl Pts',(13.8472724712432,5.95725506432394,13.3));
#12250=CARTESIAN_POINT('Ctrl Pts',(13.8575458406532,5.92941102267202,13.3));
#12251=CARTESIAN_POINT('Ctrl Pts',(13.8592114599411,5.90987326925571,13.3));
#12252=CARTESIAN_POINT('Ctrl Pts',(13.85872664626,5.90001510114022,13.3));
#12253=CARTESIAN_POINT('Ctrl Pts',(13.8207151011402,5.97071510114022,13.3));
#12254=CARTESIAN_POINT('Ctrl Pts',(13.826884840046,5.96454536223442,13.3));
#12255=CARTESIAN_POINT('Ctrl Pts',(13.8375992747672,5.95058199746494,13.3));
#12256=CARTESIAN_POINT('Ctrl Pts',(13.8477026595313,5.92619026894174,13.3));
#12257=CARTESIAN_POINT('Ctrl Pts',(13.85,5.90874042957711,13.3));
#12258=CARTESIAN_POINT('Ctrl Pts',(13.85,5.90001510114022,13.3));
#12259=CARTESIAN_POINT('',(13.8207151011402,5.97071510114022,13.3));
#12260=CARTESIAN_POINT('Ctrl Pts',(13.8951158648394,6.04511586483945,13.2451158648394));
#12261=CARTESIAN_POINT('Ctrl Pts',(13.8903790862756,6.04037908627558,13.2545894219672));
#12262=CARTESIAN_POINT('Ctrl Pts',(13.8799220757625,6.02992207576249,13.2707342972796));
#12263=CARTESIAN_POINT('Ctrl Pts',(13.8524449036062,6.00244490360621,13.2931501808023));
#12264=CARTESIAN_POINT('Ctrl Pts',(13.8304214605728,5.98042146057284,13.3));
#12265=CARTESIAN_POINT('Ctrl Pts',(13.8207151011402,5.97071510114022,13.3));
#12266=CARTESIAN_POINT('',(13.85,5.90001510114022,13.3));
#12267=CARTESIAN_POINT('Origin',(13.7500151011402,5.90001510114022,13.3));
#12268=CARTESIAN_POINT('Origin',(13.85,5.90001510114022,13.2));
#12269=CARTESIAN_POINT('Ctrl Pts',(13.8951158648394,6.04511586483945,13.2451158648394));
#12270=CARTESIAN_POINT('Ctrl Pts',(13.8903790862756,6.04037908627558,13.2545894219672));
#12271=CARTESIAN_POINT('Ctrl Pts',(13.8799220757625,6.02992207576249,13.2707342972796));
#12272=CARTESIAN_POINT('Ctrl Pts',(13.8524449036062,6.00244490360621,13.2931501808023));
#12273=CARTESIAN_POINT('Ctrl Pts',(13.8304214605728,5.98042146057284,13.3));
#12274=CARTESIAN_POINT('Ctrl Pts',(13.8207151011402,5.97071510114022,13.3));
#12275=CARTESIAN_POINT('Ctrl Pts',(13.8856423077117,6.04985264340331,13.2498526434033));
#12276=CARTESIAN_POINT('Ctrl Pts',(13.880988002247,6.04505722575148,13.2583560561715));
#12277=CARTESIAN_POINT('Ctrl Pts',(13.8705332449879,6.03455505978261,13.2732156840258));
#12278=CARTESIAN_POINT('Ctrl Pts',(13.8431261956745,6.00755146819987,13.2940894548247));
#12279=CARTESIAN_POINT('Ctrl Pts',(13.8232082057675,5.98655623099678,13.3));
#12280=CARTESIAN_POINT('Ctrl Pts',(13.8145453622344,5.97688484004602,13.3));
#12281=CARTESIAN_POINT('Ctrl Pts',(13.8651510949237,6.05771365310994,13.2577136531099));
#12282=CARTESIAN_POINT('Ctrl Pts',(13.8605063990185,6.05294458484082,13.2648530202636));
#12283=CARTESIAN_POINT('Ctrl Pts',(13.8495347985544,6.04229998618742,13.2779698199894));
#12284=CARTESIAN_POINT('Ctrl Pts',(13.8219074645919,6.01601636529223,13.2961859371769));
#12285=CARTESIAN_POINT('Ctrl Pts',(13.8072550643239,5.99727247124321,13.3));
#12286=CARTESIAN_POINT('Ctrl Pts',(13.8005819974649,5.98759927476724,13.3));
#12287=CARTESIAN_POINT('Ctrl Pts',(13.8112897317219,6.06837587689253,13.2683758768925));
#12288=CARTESIAN_POINT('Ctrl Pts',(13.8072328276444,6.06305334125401,13.2744826856404));
#12289=CARTESIAN_POINT('Ctrl Pts',(13.7977290866525,6.05058516451144,13.2857973260602));
#12290=CARTESIAN_POINT('Ctrl Pts',(13.7847813728567,6.02582410730487,13.2975282567073));
#12291=CARTESIAN_POINT('Ctrl Pts',(13.779411022672,6.00754584065317,13.3));
#12292=CARTESIAN_POINT('Ctrl Pts',(13.7761902689417,5.99770265953127,13.3));
#12293=CARTESIAN_POINT('Ctrl Pts',(13.769426062908,6.07071067811866,13.2707106781187));
#12294=CARTESIAN_POINT('Ctrl Pts',(13.7683476761431,6.06488282241274,13.2765385338246));
#12295=CARTESIAN_POINT('Ctrl Pts',(13.7659984006991,6.05154716240023,13.2869862409297));
#12296=CARTESIAN_POINT('Ctrl Pts',(13.7622133503588,6.02729902954741,13.2974467161931));
#12297=CARTESIAN_POINT('Ctrl Pts',(13.7598732692557,6.00921145994108,13.3));
#12298=CARTESIAN_POINT('Ctrl Pts',(13.7587404295771,6.,13.3));
#12299=CARTESIAN_POINT('Ctrl Pts',(13.7500151011402,6.07071067811866,13.2707106781187));
#12300=CARTESIAN_POINT('Ctrl Pts',(13.7500151011402,6.06454000737122,13.2768813488661));
#12301=CARTESIAN_POINT('Ctrl Pts',(13.7500151011402,6.05057453365596,13.2875974018335));
#12302=CARTESIAN_POINT('Ctrl Pts',(13.7500151011402,6.02617912114731,13.2977023125543));
#12303=CARTESIAN_POINT('Ctrl Pts',(13.7500151011402,6.00872664625997,13.3));
#12304=CARTESIAN_POINT('Ctrl Pts',(13.7500151011402,6.,13.3));
#12305=CARTESIAN_POINT('',(13.7500151011402,6.07071067811866,13.2707106781187));
#12306=CARTESIAN_POINT('Ctrl Pts',(13.8951158648394,6.04511586483945,13.2451158648394));
#12307=CARTESIAN_POINT('Ctrl Pts',(13.8856423077117,6.04985264340331,13.2498526434033));
#12308=CARTESIAN_POINT('Ctrl Pts',(13.8651510949237,6.05771365310994,13.2577136531099));
#12309=CARTESIAN_POINT('Ctrl Pts',(13.8112897317219,6.06837587689253,13.2683758768925));
#12310=CARTESIAN_POINT('Ctrl Pts',(13.769426062908,6.07071067811866,13.2707106781187));
#12311=CARTESIAN_POINT('Ctrl Pts',(13.7500151011402,6.07071067811866,13.2707106781187));
#12312=CARTESIAN_POINT('',(13.7500151011402,6.,13.3));
#12313=CARTESIAN_POINT('Origin',(13.7500151011402,6.,13.2));
#12314=CARTESIAN_POINT('Origin',(13.7500151011402,5.90001510114022,13.3));
#12315=CARTESIAN_POINT('Ctrl Pts',(13.8951158648394,6.04511586483945,13.2451158648394));
#12316=CARTESIAN_POINT('Ctrl Pts',(13.8856423077117,6.04985264340331,13.2498526434033));
#12317=CARTESIAN_POINT('Ctrl Pts',(13.8651510949237,6.05771365310994,13.2577136531099));
#12318=CARTESIAN_POINT('Ctrl Pts',(13.8112897317219,6.06837587689253,13.2683758768925));
#12319=CARTESIAN_POINT('Ctrl Pts',(13.769426062908,6.07071067811866,13.2707106781187));
#12320=CARTESIAN_POINT('Ctrl Pts',(13.7500151011402,6.07071067811866,13.2707106781187));
#12321=CARTESIAN_POINT('Ctrl Pts',(13.8903790862756,6.05458942196717,13.2403790862756));
#12322=CARTESIAN_POINT('Ctrl Pts',(13.880988002247,6.05835605617153,13.2450572257515));
#12323=CARTESIAN_POINT('Ctrl Pts',(13.8605063990185,6.06485302026361,13.2529445848408));
#12324=CARTESIAN_POINT('Ctrl Pts',(13.8072328276444,6.07448268564038,13.263053341254));
#12325=CARTESIAN_POINT('Ctrl Pts',(13.7683476761431,6.07653853382457,13.2648828224127));
#12326=CARTESIAN_POINT('Ctrl Pts',(13.7500151011402,6.0768813488661,13.2645400073712));
#12327=CARTESIAN_POINT('Ctrl Pts',(13.8799220757625,6.07073429727959,13.2299220757625));
#12328=CARTESIAN_POINT('Ctrl Pts',(13.8705332449879,6.07321568402585,13.2345550597826));
#12329=CARTESIAN_POINT('Ctrl Pts',(13.8495347985544,6.0779698199894,13.2422999861874));
#12330=CARTESIAN_POINT('Ctrl Pts',(13.7977290866525,6.08579732606018,13.2505851645114));
#12331=CARTESIAN_POINT('Ctrl Pts',(13.7659984006991,6.08698624092974,13.2515471624002));
#12332=CARTESIAN_POINT('Ctrl Pts',(13.7500151011402,6.0875974018335,13.250574533656));
#12333=CARTESIAN_POINT('Ctrl Pts',(13.8524449036062,6.09315018080231,13.2024449036062));
#12334=CARTESIAN_POINT('Ctrl Pts',(13.8431261956745,6.09408945482473,13.2075514681999));
#12335=CARTESIAN_POINT('Ctrl Pts',(13.8219074645919,6.0961859371769,13.2160163652922));
#12336=CARTESIAN_POINT('Ctrl Pts',(13.7847813728567,6.09752825670733,13.2258241073049));
#12337=CARTESIAN_POINT('Ctrl Pts',(13.7622133503588,6.09744671619307,13.2272990295474));
#12338=CARTESIAN_POINT('Ctrl Pts',(13.7500151011402,6.09770231255427,13.2261791211473));
#12339=CARTESIAN_POINT('Ctrl Pts',(13.8304214605728,6.1,13.1804214605728));
#12340=CARTESIAN_POINT('Ctrl Pts',(13.8232082057675,6.1,13.1865562309968));
#12341=CARTESIAN_POINT('Ctrl Pts',(13.8072550643239,6.1,13.1972724712432));
#12342=CARTESIAN_POINT('Ctrl Pts',(13.779411022672,6.1,13.2075458406532));
#12343=CARTESIAN_POINT('Ctrl Pts',(13.7598732692557,6.1,13.2092114599411));
#12344=CARTESIAN_POINT('Ctrl Pts',(13.7500151011402,6.1,13.20872664626));
#12345=CARTESIAN_POINT('Ctrl Pts',(13.8207151011402,6.1,13.1707151011402));
#12346=CARTESIAN_POINT('Ctrl Pts',(13.8145453622344,6.1,13.176884840046));
#12347=CARTESIAN_POINT('Ctrl Pts',(13.8005819974649,6.1,13.1875992747672));
#12348=CARTESIAN_POINT('Ctrl Pts',(13.7761902689417,6.1,13.1977026595313));
#12349=CARTESIAN_POINT('Ctrl Pts',(13.7587404295771,6.1,13.2));
#12350=CARTESIAN_POINT('Ctrl Pts',(13.7500151011402,6.1,13.2));
#12351=CARTESIAN_POINT('Origin',(13.7500151011402,6.,13.2));
#12352=CARTESIAN_POINT('Ctrl Pts',(12.7548841351606,5.29511586483944,13.2451158648394));
#12353=CARTESIAN_POINT('Ctrl Pts',(12.7643576922883,5.29985264340331,13.2498526434033));
#12354=CARTESIAN_POINT('Ctrl Pts',(12.7848489050763,5.30771365310994,13.2577136531099));
#12355=CARTESIAN_POINT('Ctrl Pts',(12.8387102682781,5.31837587689253,13.2683758768925));
#12356=CARTESIAN_POINT('Ctrl Pts',(12.880573937092,5.32071067811865,13.2707106781187));
#12357=CARTESIAN_POINT('Ctrl Pts',(12.8999848988598,5.32071067811865,13.2707106781187));
#12358=CARTESIAN_POINT('Ctrl Pts',(12.7596209137244,5.29037908627558,13.2545894219672));
#12359=CARTESIAN_POINT('Ctrl Pts',(12.769011997753,5.29505722575148,13.2583560561715));
#12360=CARTESIAN_POINT('Ctrl Pts',(12.7894936009815,5.30294458484082,13.2648530202636));
#12361=CARTESIAN_POINT('Ctrl Pts',(12.8427671723556,5.31305334125401,13.2744826856404));
#12362=CARTESIAN_POINT('Ctrl Pts',(12.8816523238569,5.31488282241274,13.2765385338246));
#12363=CARTESIAN_POINT('Ctrl Pts',(12.8999848988598,5.31454000737121,13.2768813488661));
#12364=CARTESIAN_POINT('Ctrl Pts',(12.7700779242375,5.27992207576249,13.2707342972796));
#12365=CARTESIAN_POINT('Ctrl Pts',(12.7794667550121,5.28455505978261,13.2732156840258));
#12366=CARTESIAN_POINT('Ctrl Pts',(12.8004652014457,5.29229998618742,13.2779698199894));
#12367=CARTESIAN_POINT('Ctrl Pts',(12.8522709133475,5.30058516451144,13.2857973260602));
#12368=CARTESIAN_POINT('Ctrl Pts',(12.8840015993009,5.30154716240023,13.2869862409297));
#12369=CARTESIAN_POINT('Ctrl Pts',(12.8999848988598,5.30057453365596,13.2875974018335));
#12370=CARTESIAN_POINT('Ctrl Pts',(12.7975550963938,5.2524449036062,13.2931501808023));
#12371=CARTESIAN_POINT('Ctrl Pts',(12.8068738043255,5.25755146819986,13.2940894548247));
#12372=CARTESIAN_POINT('Ctrl Pts',(12.8280925354081,5.26601636529223,13.2961859371769));
#12373=CARTESIAN_POINT('Ctrl Pts',(12.8652186271433,5.27582410730487,13.2975282567073));
#12374=CARTESIAN_POINT('Ctrl Pts',(12.8877866496412,5.27729902954741,13.2974467161931));
#12375=CARTESIAN_POINT('Ctrl Pts',(12.8999848988598,5.27617912114731,13.2977023125543));
#12376=CARTESIAN_POINT('Ctrl Pts',(12.8195785394272,5.23042146057284,13.3));
#12377=CARTESIAN_POINT('Ctrl Pts',(12.8267917942325,5.23655623099677,13.3));
#12378=CARTESIAN_POINT('Ctrl Pts',(12.8427449356761,5.24727247124321,13.3));
#12379=CARTESIAN_POINT('Ctrl Pts',(12.870588977328,5.25754584065317,13.3));
#12380=CARTESIAN_POINT('Ctrl Pts',(12.8901267307443,5.25921145994108,13.3));
#12381=CARTESIAN_POINT('Ctrl Pts',(12.8999848988598,5.25872664625997,13.3));
#12382=CARTESIAN_POINT('Ctrl Pts',(12.8292848988598,5.22071510114022,13.3));
#12383=CARTESIAN_POINT('Ctrl Pts',(12.8354546377656,5.22688484004602,13.3));
#12384=CARTESIAN_POINT('Ctrl Pts',(12.8494180025351,5.23759927476724,13.3));
#12385=CARTESIAN_POINT('Ctrl Pts',(12.8738097310583,5.24770265953127,13.3));
#12386=CARTESIAN_POINT('Ctrl Pts',(12.8912595704229,5.25,13.3));
#12387=CARTESIAN_POINT('Ctrl Pts',(12.8999848988598,5.25,13.3));
#12388=CARTESIAN_POINT('',(12.7106729814354,5.25404322291418,13.1422493365783));
#12389=CARTESIAN_POINT('',(12.8999848988598,5.32071067811865,13.2707106781187));
#12390=CARTESIAN_POINT('Ctrl Pts',(12.7548841351606,5.29511586483944,13.2451158648394));
#12391=CARTESIAN_POINT('Ctrl Pts',(12.7643576922883,5.29985264340331,13.2498526434033));
#12392=CARTESIAN_POINT('Ctrl Pts',(12.7848489050763,5.30771365310994,13.2577136531099));
#12393=CARTESIAN_POINT('Ctrl Pts',(12.8387102682781,5.31837587689253,13.2683758768925));
#12394=CARTESIAN_POINT('Ctrl Pts',(12.880573937092,5.32071067811865,13.2707106781187));
#12395=CARTESIAN_POINT('Ctrl Pts',(12.8999848988598,5.32071067811865,13.2707106781187));
#12396=CARTESIAN_POINT('',(12.8292848988598,5.22071510114022,13.3));
#12397=CARTESIAN_POINT('Ctrl Pts',(12.7548841351606,5.29511586483944,13.2451158648394));
#12398=CARTESIAN_POINT('Ctrl Pts',(12.7596209137244,5.29037908627558,13.2545894219672));
#12399=CARTESIAN_POINT('Ctrl Pts',(12.7700779242375,5.27992207576249,13.2707342972796));
#12400=CARTESIAN_POINT('Ctrl Pts',(12.7975550963938,5.2524449036062,13.2931501808023));
#12401=CARTESIAN_POINT('Ctrl Pts',(12.8195785394272,5.23042146057284,13.3));
#12402=CARTESIAN_POINT('Ctrl Pts',(12.8292848988598,5.22071510114022,13.3));
#12403=CARTESIAN_POINT('',(12.8999848988598,5.25,13.3));
#12404=CARTESIAN_POINT('Origin',(12.8999848988598,5.15001510114022,13.3));
#12405=CARTESIAN_POINT('Origin',(12.8999848988598,5.25,13.2));
#12406=CARTESIAN_POINT('Ctrl Pts',(12.7548841351606,5.29511586483944,13.2451158648394));
#12407=CARTESIAN_POINT('Ctrl Pts',(12.7596209137244,5.29037908627558,13.2545894219672));
#12408=CARTESIAN_POINT('Ctrl Pts',(12.7700779242375,5.27992207576249,13.2707342972796));
#12409=CARTESIAN_POINT('Ctrl Pts',(12.7975550963938,5.2524449036062,13.2931501808023));
#12410=CARTESIAN_POINT('Ctrl Pts',(12.8195785394272,5.23042146057284,13.3));
#12411=CARTESIAN_POINT('Ctrl Pts',(12.8292848988598,5.22071510114022,13.3));
#12412=CARTESIAN_POINT('Ctrl Pts',(12.7501473565967,5.28564230771171,13.2498526434033));
#12413=CARTESIAN_POINT('Ctrl Pts',(12.7549427742485,5.28098800224698,13.2583560561715));
#12414=CARTESIAN_POINT('Ctrl Pts',(12.7654449402174,5.2705332449879,13.2732156840258));
#12415=CARTESIAN_POINT('Ctrl Pts',(12.7924485318001,5.24312619567447,13.2940894548247));
#12416=CARTESIAN_POINT('Ctrl Pts',(12.8134437690032,5.2232082057675,13.3));
#12417=CARTESIAN_POINT('Ctrl Pts',(12.823115159954,5.21454536223442,13.3));
#12418=CARTESIAN_POINT('Ctrl Pts',(12.7422863468901,5.26515109492372,13.2577136531099));
#12419=CARTESIAN_POINT('Ctrl Pts',(12.7470554151592,5.26050639901847,13.2648530202636));
#12420=CARTESIAN_POINT('Ctrl Pts',(12.7577000138126,5.24953479855435,13.2779698199894));
#12421=CARTESIAN_POINT('Ctrl Pts',(12.7839836347078,5.22190746459192,13.2961859371769));
#12422=CARTESIAN_POINT('Ctrl Pts',(12.8027275287568,5.20725506432394,13.3));
#12423=CARTESIAN_POINT('Ctrl Pts',(12.8124007252328,5.20058199746494,13.3));
#12424=CARTESIAN_POINT('Ctrl Pts',(12.7316241231075,5.21128973172189,13.2683758768925));
#12425=CARTESIAN_POINT('Ctrl Pts',(12.736946658746,5.2072328276444,13.2744826856404));
#12426=CARTESIAN_POINT('Ctrl Pts',(12.7494148354886,5.19772908665248,13.2857973260602));
#12427=CARTESIAN_POINT('Ctrl Pts',(12.7741758926951,5.18478137285667,13.2975282567073));
#12428=CARTESIAN_POINT('Ctrl Pts',(12.7924541593468,5.17941102267202,13.3));
#12429=CARTESIAN_POINT('Ctrl Pts',(12.8022973404687,5.17619026894174,13.3));
#12430=CARTESIAN_POINT('Ctrl Pts',(12.7292893218813,5.169426062908,13.2707106781187));
#12431=CARTESIAN_POINT('Ctrl Pts',(12.7351171775873,5.16834767614313,13.2765385338246));
#12432=CARTESIAN_POINT('Ctrl Pts',(12.7484528375998,5.1659984006991,13.2869862409297));
#12433=CARTESIAN_POINT('Ctrl Pts',(12.7727009704526,5.1622133503588,13.2974467161931));
#12434=CARTESIAN_POINT('Ctrl Pts',(12.7907885400589,5.1598732692557,13.3));
#12435=CARTESIAN_POINT('Ctrl Pts',(12.8,5.1587404295771,13.3));
#12436=CARTESIAN_POINT('Ctrl Pts',(12.7292893218813,5.15001510114022,13.2707106781187));
#12437=CARTESIAN_POINT('Ctrl Pts',(12.7354599926288,5.15001510114022,13.2768813488661));
#12438=CARTESIAN_POINT('Ctrl Pts',(12.749425466344,5.15001510114022,13.2875974018335));
#12439=CARTESIAN_POINT('Ctrl Pts',(12.7738208788527,5.15001510114022,13.2977023125543));
#12440=CARTESIAN_POINT('Ctrl Pts',(12.79127335374,5.15001510114022,13.3));
#12441=CARTESIAN_POINT('Ctrl Pts',(12.8,5.15001510114022,13.3));
#12442=CARTESIAN_POINT('',(12.7292893218813,5.15001510114022,13.2707106781187));
#12443=CARTESIAN_POINT('Ctrl Pts',(12.7548841351606,5.29511586483944,13.2451158648394));
#12444=CARTESIAN_POINT('Ctrl Pts',(12.7501473565967,5.28564230771171,13.2498526434033));
#12445=CARTESIAN_POINT('Ctrl Pts',(12.7422863468901,5.26515109492372,13.2577136531099));
#12446=CARTESIAN_POINT('Ctrl Pts',(12.7316241231075,5.2112897317219,13.2683758768925));
#12447=CARTESIAN_POINT('Ctrl Pts',(12.7292893218813,5.169426062908,13.2707106781187));
#12448=CARTESIAN_POINT('Ctrl Pts',(12.7292893218813,5.15001510114022,13.2707106781187));
#12449=CARTESIAN_POINT('',(12.8,5.15001510114022,13.3));
#12450=CARTESIAN_POINT('Origin',(12.8,5.15001510114022,13.2));
#12451=CARTESIAN_POINT('Origin',(12.8999848988598,5.15001510114022,13.3));
#12452=CARTESIAN_POINT('Ctrl Pts',(12.7548841351606,5.29511586483944,13.2451158648394));
#12453=CARTESIAN_POINT('Ctrl Pts',(12.7501473565967,5.28564230771171,13.2498526434033));
#12454=CARTESIAN_POINT('Ctrl Pts',(12.7422863468901,5.26515109492372,13.2577136531099));
#12455=CARTESIAN_POINT('Ctrl Pts',(12.7316241231075,5.2112897317219,13.2683758768925));
#12456=CARTESIAN_POINT('Ctrl Pts',(12.7292893218813,5.169426062908,13.2707106781187));
#12457=CARTESIAN_POINT('Ctrl Pts',(12.7292893218813,5.15001510114022,13.2707106781187));
#12458=CARTESIAN_POINT('Ctrl Pts',(12.7454105780328,5.29037908627558,13.2403790862756));
#12459=CARTESIAN_POINT('Ctrl Pts',(12.7416439438285,5.28098800224698,13.2450572257515));
#12460=CARTESIAN_POINT('Ctrl Pts',(12.7351469797364,5.26050639901847,13.2529445848408));
#12461=CARTESIAN_POINT('Ctrl Pts',(12.7255173143596,5.2072328276444,13.263053341254));
#12462=CARTESIAN_POINT('Ctrl Pts',(12.7234614661754,5.16834767614313,13.2648828224127));
#12463=CARTESIAN_POINT('Ctrl Pts',(12.7231186511339,5.15001510114022,13.2645400073712));
#12464=CARTESIAN_POINT('Ctrl Pts',(12.7292657027204,5.27992207576249,13.2299220757625));
#12465=CARTESIAN_POINT('Ctrl Pts',(12.7267843159742,5.2705332449879,13.2345550597826));
#12466=CARTESIAN_POINT('Ctrl Pts',(12.7220301800106,5.24953479855435,13.2422999861874));
#12467=CARTESIAN_POINT('Ctrl Pts',(12.7142026739398,5.19772908665248,13.2505851645114));
#12468=CARTESIAN_POINT('Ctrl Pts',(12.7130137590703,5.1659984006991,13.2515471624002));
#12469=CARTESIAN_POINT('Ctrl Pts',(12.7124025981665,5.15001510114022,13.250574533656));
#12470=CARTESIAN_POINT('Ctrl Pts',(12.7068498191977,5.25244490360621,13.2024449036062));
#12471=CARTESIAN_POINT('Ctrl Pts',(12.7059105451753,5.24312619567447,13.2075514681999));
#12472=CARTESIAN_POINT('Ctrl Pts',(12.7038140628231,5.22190746459192,13.2160163652922));
#12473=CARTESIAN_POINT('Ctrl Pts',(12.7024717432927,5.18478137285667,13.2258241073049));
#12474=CARTESIAN_POINT('Ctrl Pts',(12.7025532838069,5.1622133503588,13.2272990295474));
#12475=CARTESIAN_POINT('Ctrl Pts',(12.7022976874457,5.15001510114022,13.2261791211473));
#12476=CARTESIAN_POINT('Ctrl Pts',(12.7,5.23042146057284,13.1804214605728));
#12477=CARTESIAN_POINT('Ctrl Pts',(12.7,5.2232082057675,13.1865562309968));
#12478=CARTESIAN_POINT('Ctrl Pts',(12.7,5.20725506432394,13.1972724712432));
#12479=CARTESIAN_POINT('Ctrl Pts',(12.7,5.17941102267202,13.2075458406532));
#12480=CARTESIAN_POINT('Ctrl Pts',(12.7,5.1598732692557,13.2092114599411));
#12481=CARTESIAN_POINT('Ctrl Pts',(12.7,5.15001510114022,13.20872664626));
#12482=CARTESIAN_POINT('Ctrl Pts',(12.7,5.22071510114022,13.1707151011402));
#12483=CARTESIAN_POINT('Ctrl Pts',(12.7,5.21454536223442,13.176884840046));
#12484=CARTESIAN_POINT('Ctrl Pts',(12.7,5.20058199746494,13.1875992747672));
#12485=CARTESIAN_POINT('Ctrl Pts',(12.7,5.17619026894174,13.1977026595313));
#12486=CARTESIAN_POINT('Ctrl Pts',(12.7,5.15874042957711,13.2));
#12487=CARTESIAN_POINT('Ctrl Pts',(12.7,5.15001510114022,13.2));
#12488=CARTESIAN_POINT('Origin',(12.8,5.15001510114022,13.2));
#12489=CARTESIAN_POINT('Ctrl Pts',(12.7548841351606,5.29511586483944,13.2451158648394));
#12490=CARTESIAN_POINT('Ctrl Pts',(12.7501473565967,5.29985264340331,13.2356423077117));
#12491=CARTESIAN_POINT('Ctrl Pts',(12.7422863468901,5.30771365310994,13.2151510949237));
#12492=CARTESIAN_POINT('Ctrl Pts',(12.7316241231075,5.31837587689253,13.1612897317219));
#12493=CARTESIAN_POINT('Ctrl Pts',(12.7292893218813,5.32071067811866,13.119426062908));
#12494=CARTESIAN_POINT('Ctrl Pts',(12.7292893218813,5.32071067811866,13.1000151011402));
#12495=CARTESIAN_POINT('Ctrl Pts',(12.7596209137244,5.30458942196717,13.2403790862756));
#12496=CARTESIAN_POINT('Ctrl Pts',(12.7549427742485,5.30835605617152,13.230988002247));
#12497=CARTESIAN_POINT('Ctrl Pts',(12.7470554151592,5.31485302026361,13.2105063990185));
#12498=CARTESIAN_POINT('Ctrl Pts',(12.736946658746,5.32448268564038,13.1572328276444));
#12499=CARTESIAN_POINT('Ctrl Pts',(12.7351171775873,5.32653853382457,13.1183476761431));
#12500=CARTESIAN_POINT('Ctrl Pts',(12.7354599926288,5.3268813488661,13.1000151011402));
#12501=CARTESIAN_POINT('Ctrl Pts',(12.7700779242375,5.32073429727959,13.2299220757625));
#12502=CARTESIAN_POINT('Ctrl Pts',(12.7654449402174,5.32321568402585,13.2205332449879));
#12503=CARTESIAN_POINT('Ctrl Pts',(12.7577000138126,5.32796981998939,13.1995347985543));
#12504=CARTESIAN_POINT('Ctrl Pts',(12.7494148354885,5.33579732606019,13.1477290866525));
#12505=CARTESIAN_POINT('Ctrl Pts',(12.7484528375998,5.33698624092974,13.1159984006991));
#12506=CARTESIAN_POINT('Ctrl Pts',(12.749425466344,5.3375974018335,13.1000151011402));
#12507=CARTESIAN_POINT('Ctrl Pts',(12.7975550963938,5.34315018080231,13.2024449036062));
#12508=CARTESIAN_POINT('Ctrl Pts',(12.7924485318001,5.34408945482473,13.1931261956745));
#12509=CARTESIAN_POINT('Ctrl Pts',(12.7839836347078,5.3461859371769,13.1719074645919));
#12510=CARTESIAN_POINT('Ctrl Pts',(12.7741758926951,5.34752825670733,13.1347813728567));
#12511=CARTESIAN_POINT('Ctrl Pts',(12.7727009704526,5.34744671619307,13.1122133503588));
#12512=CARTESIAN_POINT('Ctrl Pts',(12.7738208788527,5.34770231255427,13.1000151011402));
#12513=CARTESIAN_POINT('Ctrl Pts',(12.8195785394272,5.35,13.1804214605728));
#12514=CARTESIAN_POINT('Ctrl Pts',(12.8134437690032,5.35,13.1732082057675));
#12515=CARTESIAN_POINT('Ctrl Pts',(12.8027275287568,5.35,13.1572550643239));
#12516=CARTESIAN_POINT('Ctrl Pts',(12.7924541593468,5.35,13.129411022672));
#12517=CARTESIAN_POINT('Ctrl Pts',(12.7907885400589,5.35,13.1098732692557));
#12518=CARTESIAN_POINT('Ctrl Pts',(12.79127335374,5.35,13.1000151011402));
#12519=CARTESIAN_POINT('Ctrl Pts',(12.8292848988598,5.35,13.1707151011402));
#12520=CARTESIAN_POINT('Ctrl Pts',(12.823115159954,5.35,13.1645453622344));
#12521=CARTESIAN_POINT('Ctrl Pts',(12.8124007252328,5.35,13.1505819974649));
#12522=CARTESIAN_POINT('Ctrl Pts',(12.8022973404687,5.35,13.1261902689417));
#12523=CARTESIAN_POINT('Ctrl Pts',(12.8,5.35,13.1087404295771));
#12524=CARTESIAN_POINT('Ctrl Pts',(12.8,5.35,13.1000151011402));
#12525=CARTESIAN_POINT('',(12.8000004576921,5.35,13.1000011052025));
#12526=CARTESIAN_POINT('Ctrl Pts',(12.7548841351606,5.29511586483944,13.2451158648394));
#12527=CARTESIAN_POINT('Ctrl Pts',(12.7596209137244,5.30458942196717,13.2403790862756));
#12528=CARTESIAN_POINT('Ctrl Pts',(12.7700779242375,5.32073429727959,13.2299220757625));
#12529=CARTESIAN_POINT('Ctrl Pts',(12.7975550963938,5.34315018080231,13.2024449036062));
#12530=CARTESIAN_POINT('Ctrl Pts',(12.8195785394272,5.35,13.1804214605728));
#12531=CARTESIAN_POINT('Ctrl Pts',(12.8292848988598,5.35,13.1707151011402));
#12532=CARTESIAN_POINT('Origin',(12.8,5.25,13.1));
#12533=CARTESIAN_POINT('Ctrl Pts',(12.7548841351606,4.90488413516056,13.2451158648394));
#12534=CARTESIAN_POINT('Ctrl Pts',(12.7454105780328,4.90962091372442,13.2403790862756));
#12535=CARTESIAN_POINT('Ctrl Pts',(12.7292657027204,4.92007792423751,13.2299220757625));
#12536=CARTESIAN_POINT('Ctrl Pts',(12.7068498191977,4.94755509639379,13.2024449036062));
#12537=CARTESIAN_POINT('Ctrl Pts',(12.7,4.96957853942716,13.1804214605728));
#12538=CARTESIAN_POINT('Ctrl Pts',(12.7,4.97928489885978,13.1707151011402));
#12539=CARTESIAN_POINT('Ctrl Pts',(12.7501473565967,4.91435769228828,13.2498526434033));
#12540=CARTESIAN_POINT('Ctrl Pts',(12.7416439438285,4.91901199775302,13.2450572257515));
#12541=CARTESIAN_POINT('Ctrl Pts',(12.7267843159742,4.92946675501211,13.2345550597826));
#12542=CARTESIAN_POINT('Ctrl Pts',(12.7059105451753,4.95687380432553,13.2075514681999));
#12543=CARTESIAN_POINT('Ctrl Pts',(12.7,4.9767917942325,13.1865562309968));
#12544=CARTESIAN_POINT('Ctrl Pts',(12.7,4.98545463776558,13.176884840046));
#12545=CARTESIAN_POINT('Ctrl Pts',(12.7422863468901,4.93484890507628,13.2577136531099));
#12546=CARTESIAN_POINT('Ctrl Pts',(12.7351469797364,4.93949360098153,13.2529445848408));
#12547=CARTESIAN_POINT('Ctrl Pts',(12.7220301800106,4.95046520144565,13.2422999861874));
#12548=CARTESIAN_POINT('Ctrl Pts',(12.7038140628231,4.97809253540808,13.2160163652922));
#12549=CARTESIAN_POINT('Ctrl Pts',(12.7,4.99274493567606,13.1972724712432));
#12550=CARTESIAN_POINT('Ctrl Pts',(12.7,4.99941800253506,13.1875992747672));
#12551=CARTESIAN_POINT('Ctrl Pts',(12.7316241231075,4.9887102682781,13.2683758768925));
#12552=CARTESIAN_POINT('Ctrl Pts',(12.7255173143596,4.9927671723556,13.263053341254));
#12553=CARTESIAN_POINT('Ctrl Pts',(12.7142026739398,5.00227091334752,13.2505851645115));
#12554=CARTESIAN_POINT('Ctrl Pts',(12.7024717432927,5.01521862714332,13.2258241073049));
#12555=CARTESIAN_POINT('Ctrl Pts',(12.7,5.02058897732798,13.2075458406532));
#12556=CARTESIAN_POINT('Ctrl Pts',(12.7,5.02380973105826,13.1977026595313));
#12557=CARTESIAN_POINT('Ctrl Pts',(12.7292893218813,5.030573937092,13.2707106781187));
#12558=CARTESIAN_POINT('Ctrl Pts',(12.7234614661754,5.03165232385687,13.2648828224127));
#12559=CARTESIAN_POINT('Ctrl Pts',(12.7130137590703,5.03400159930091,13.2515471624002));
#12560=CARTESIAN_POINT('Ctrl Pts',(12.7025532838069,5.0377866496412,13.2272990295474));
#12561=CARTESIAN_POINT('Ctrl Pts',(12.7,5.0401267307443,13.2092114599411));
#12562=CARTESIAN_POINT('Ctrl Pts',(12.7,5.0412595704229,13.2));
#12563=CARTESIAN_POINT('Ctrl Pts',(12.7292893218813,5.04998489885978,13.2707106781187));
#12564=CARTESIAN_POINT('Ctrl Pts',(12.7231186511339,5.04998489885978,13.2645400073712));
#12565=CARTESIAN_POINT('Ctrl Pts',(12.7124025981665,5.04998489885978,13.250574533656));
#12566=CARTESIAN_POINT('Ctrl Pts',(12.7022976874457,5.04998489885978,13.2261791211473));
#12567=CARTESIAN_POINT('Ctrl Pts',(12.7,5.04998489885978,13.20872664626));
#12568=CARTESIAN_POINT('Ctrl Pts',(12.7,5.04998489885978,13.2));
#12569=CARTESIAN_POINT('',(12.7959567770858,4.86067298143542,13.1422493365783));
#12570=CARTESIAN_POINT('',(12.7,4.95000045769212,13.1000011052025));
#12571=CARTESIAN_POINT('Ctrl Pts',(12.7548841351606,4.90488413516056,13.2451158648394));
#12572=CARTESIAN_POINT('Ctrl Pts',(12.7454105780328,4.90962091372442,13.2403790862756));
#12573=CARTESIAN_POINT('Ctrl Pts',(12.7292657027204,4.92007792423751,13.2299220757625));
#12574=CARTESIAN_POINT('Ctrl Pts',(12.7068498191977,4.94755509639379,13.2024449036062));
#12575=CARTESIAN_POINT('Ctrl Pts',(12.7,4.96957853942716,13.1804214605728));
#12576=CARTESIAN_POINT('Ctrl Pts',(12.7,4.97928489885978,13.1707151011402));
#12577=CARTESIAN_POINT('',(12.7292893218813,5.04998489885978,13.2707106781187));
#12578=CARTESIAN_POINT('Ctrl Pts',(12.7548841351606,4.90488413516056,13.2451158648394));
#12579=CARTESIAN_POINT('Ctrl Pts',(12.7501473565967,4.91435769228828,13.2498526434033));
#12580=CARTESIAN_POINT('Ctrl Pts',(12.7422863468901,4.93484890507628,13.2577136531099));
#12581=CARTESIAN_POINT('Ctrl Pts',(12.7316241231075,4.9887102682781,13.2683758768925));
#12582=CARTESIAN_POINT('Ctrl Pts',(12.7292893218813,5.030573937092,13.2707106781187));
#12583=CARTESIAN_POINT('Ctrl Pts',(12.7292893218813,5.04998489885978,13.2707106781187));
#12584=CARTESIAN_POINT('',(12.7,5.04998489885978,13.2));
#12585=CARTESIAN_POINT('Origin',(12.8,5.04998489885978,13.2));
#12586=CARTESIAN_POINT('Origin',(12.7,5.04998489885978,13.1000151011402));
#12587=CARTESIAN_POINT('Ctrl Pts',(12.7548841351606,4.90488413516056,13.2451158648394));
#12588=CARTESIAN_POINT('Ctrl Pts',(12.7501473565967,4.91435769228828,13.2498526434033));
#12589=CARTESIAN_POINT('Ctrl Pts',(12.7422863468901,4.93484890507628,13.2577136531099));
#12590=CARTESIAN_POINT('Ctrl Pts',(12.7316241231075,4.9887102682781,13.2683758768925));
#12591=CARTESIAN_POINT('Ctrl Pts',(12.7292893218813,5.030573937092,13.2707106781187));
#12592=CARTESIAN_POINT('Ctrl Pts',(12.7292893218813,5.04998489885978,13.2707106781187));
#12593=CARTESIAN_POINT('Ctrl Pts',(12.7596209137244,4.90962091372442,13.2545894219672));
#12594=CARTESIAN_POINT('Ctrl Pts',(12.7549427742485,4.91901199775302,13.2583560561715));
#12595=CARTESIAN_POINT('Ctrl Pts',(12.7470554151592,4.93949360098153,13.2648530202636));
#12596=CARTESIAN_POINT('Ctrl Pts',(12.736946658746,4.9927671723556,13.2744826856404));
#12597=CARTESIAN_POINT('Ctrl Pts',(12.7351171775873,5.03165232385687,13.2765385338246));
#12598=CARTESIAN_POINT('Ctrl Pts',(12.7354599926288,5.04998489885978,13.2768813488661));
#12599=CARTESIAN_POINT('Ctrl Pts',(12.7700779242375,4.92007792423751,13.2707342972796));
#12600=CARTESIAN_POINT('Ctrl Pts',(12.7654449402174,4.9294667550121,13.2732156840258));
#12601=CARTESIAN_POINT('Ctrl Pts',(12.7577000138126,4.95046520144565,13.2779698199894));
#12602=CARTESIAN_POINT('Ctrl Pts',(12.7494148354885,5.00227091334752,13.2857973260602));
#12603=CARTESIAN_POINT('Ctrl Pts',(12.7484528375998,5.0340015993009,13.2869862409297));
#12604=CARTESIAN_POINT('Ctrl Pts',(12.749425466344,5.04998489885978,13.2875974018335));
#12605=CARTESIAN_POINT('Ctrl Pts',(12.7975550963938,4.94755509639379,13.2931501808023));
#12606=CARTESIAN_POINT('Ctrl Pts',(12.7924485318001,4.95687380432553,13.2940894548247));
#12607=CARTESIAN_POINT('Ctrl Pts',(12.7839836347078,4.97809253540808,13.2961859371769));
#12608=CARTESIAN_POINT('Ctrl Pts',(12.7741758926951,5.01521862714333,13.2975282567073));
#12609=CARTESIAN_POINT('Ctrl Pts',(12.7727009704526,5.0377866496412,13.2974467161931));
#12610=CARTESIAN_POINT('Ctrl Pts',(12.7738208788527,5.04998489885978,13.2977023125543));
#12611=CARTESIAN_POINT('Ctrl Pts',(12.8195785394272,4.96957853942716,13.3));
#12612=CARTESIAN_POINT('Ctrl Pts',(12.8134437690032,4.9767917942325,13.3));
#12613=CARTESIAN_POINT('Ctrl Pts',(12.8027275287568,4.99274493567606,13.3));
#12614=CARTESIAN_POINT('Ctrl Pts',(12.7924541593468,5.02058897732798,13.3));
#12615=CARTESIAN_POINT('Ctrl Pts',(12.7907885400589,5.0401267307443,13.3));
#12616=CARTESIAN_POINT('Ctrl Pts',(12.79127335374,5.04998489885978,13.3));
#12617=CARTESIAN_POINT('Ctrl Pts',(12.8292848988598,4.97928489885978,13.3));
#12618=CARTESIAN_POINT('Ctrl Pts',(12.823115159954,4.98545463776558,13.3));
#12619=CARTESIAN_POINT('Ctrl Pts',(12.8124007252328,4.99941800253506,13.3));
#12620=CARTESIAN_POINT('Ctrl Pts',(12.8022973404687,5.02380973105826,13.3));
#12621=CARTESIAN_POINT('Ctrl Pts',(12.8,5.04125957042289,13.3));
#12622=CARTESIAN_POINT('Ctrl Pts',(12.8,5.04998489885978,13.3));
#12623=CARTESIAN_POINT('',(12.8292848988598,4.97928489885978,13.3));
#12624=CARTESIAN_POINT('Ctrl Pts',(12.7548841351606,4.90488413516056,13.2451158648394));
#12625=CARTESIAN_POINT('Ctrl Pts',(12.7596209137244,4.90962091372442,13.2545894219672));
#12626=CARTESIAN_POINT('Ctrl Pts',(12.7700779242375,4.92007792423751,13.2707342972796));
#12627=CARTESIAN_POINT('Ctrl Pts',(12.7975550963938,4.94755509639379,13.2931501808023));
#12628=CARTESIAN_POINT('Ctrl Pts',(12.8195785394272,4.96957853942716,13.3));
#12629=CARTESIAN_POINT('Ctrl Pts',(12.8292848988598,4.97928489885978,13.3));
#12630=CARTESIAN_POINT('',(12.8,5.04998489885978,13.3));
#12631=CARTESIAN_POINT('Origin',(12.8999848988598,5.04998489885978,13.3));
#12632=CARTESIAN_POINT('Origin',(12.8,5.04998489885978,13.2));
#12633=CARTESIAN_POINT('Ctrl Pts',(12.7548841351606,4.90488413516056,13.2451158648394));
#12634=CARTESIAN_POINT('Ctrl Pts',(12.7596209137244,4.90962091372442,13.2545894219672));
#12635=CARTESIAN_POINT('Ctrl Pts',(12.7700779242375,4.92007792423751,13.2707342972796));
#12636=CARTESIAN_POINT('Ctrl Pts',(12.7975550963938,4.94755509639379,13.2931501808023));
#12637=CARTESIAN_POINT('Ctrl Pts',(12.8195785394272,4.96957853942716,13.3));
#12638=CARTESIAN_POINT('Ctrl Pts',(12.8292848988598,4.97928489885978,13.3));
#12639=CARTESIAN_POINT('Ctrl Pts',(12.7643576922883,4.90014735659669,13.2498526434033));
#12640=CARTESIAN_POINT('Ctrl Pts',(12.769011997753,4.90494277424852,13.2583560561715));
#12641=CARTESIAN_POINT('Ctrl Pts',(12.7794667550121,4.91544494021739,13.2732156840258));
#12642=CARTESIAN_POINT('Ctrl Pts',(12.8068738043255,4.94244853180013,13.2940894548247));
#12643=CARTESIAN_POINT('Ctrl Pts',(12.8267917942325,4.96344376900323,13.3));
#12644=CARTESIAN_POINT('Ctrl Pts',(12.8354546377656,4.97311515995398,13.3));
#12645=CARTESIAN_POINT('Ctrl Pts',(12.7848489050763,4.89228634689006,13.2577136531099));
#12646=CARTESIAN_POINT('Ctrl Pts',(12.7894936009815,4.89705541515918,13.2648530202636));
#12647=CARTESIAN_POINT('Ctrl Pts',(12.8004652014457,4.90770001381258,13.2779698199894));
#12648=CARTESIAN_POINT('Ctrl Pts',(12.8280925354081,4.93398363470777,13.2961859371769));
#12649=CARTESIAN_POINT('Ctrl Pts',(12.8427449356761,4.95272752875679,13.3));
#12650=CARTESIAN_POINT('Ctrl Pts',(12.8494180025351,4.96240072523276,13.3));
#12651=CARTESIAN_POINT('Ctrl Pts',(12.8387102682781,4.88162412310747,13.2683758768925));
#12652=CARTESIAN_POINT('Ctrl Pts',(12.8427671723556,4.88694665874599,13.2744826856404));
#12653=CARTESIAN_POINT('Ctrl Pts',(12.8522709133475,4.89941483548855,13.2857973260602));
#12654=CARTESIAN_POINT('Ctrl Pts',(12.8652186271433,4.92417589269513,13.2975282567073));
#12655=CARTESIAN_POINT('Ctrl Pts',(12.870588977328,4.94245415934683,13.3));
#12656=CARTESIAN_POINT('Ctrl Pts',(12.8738097310583,4.95229734046873,13.3));
#12657=CARTESIAN_POINT('Ctrl Pts',(12.880573937092,4.87928932188135,13.2707106781187));
#12658=CARTESIAN_POINT('Ctrl Pts',(12.8816523238569,4.88511717758726,13.2765385338246));
#12659=CARTESIAN_POINT('Ctrl Pts',(12.8840015993009,4.89845283759977,13.2869862409297));
#12660=CARTESIAN_POINT('Ctrl Pts',(12.8877866496412,4.92270097045259,13.2974467161931));
#12661=CARTESIAN_POINT('Ctrl Pts',(12.8901267307443,4.94078854005892,13.3));
#12662=CARTESIAN_POINT('Ctrl Pts',(12.8912595704229,4.95,13.3));
#12663=CARTESIAN_POINT('Ctrl Pts',(12.8999848988598,4.87928932188135,13.2707106781187));
#12664=CARTESIAN_POINT('Ctrl Pts',(12.8999848988598,4.88545999262879,13.2768813488661));
#12665=CARTESIAN_POINT('Ctrl Pts',(12.8999848988598,4.89942546634404,13.2875974018335));
#12666=CARTESIAN_POINT('Ctrl Pts',(12.8999848988598,4.92382087885269,13.2977023125543));
#12667=CARTESIAN_POINT('Ctrl Pts',(12.8999848988598,4.94127335374003,13.3));
#12668=CARTESIAN_POINT('Ctrl Pts',(12.8999848988598,4.95,13.3));
#12669=CARTESIAN_POINT('',(12.8999848988598,4.87928932188135,13.2707106781187));
#12670=CARTESIAN_POINT('Ctrl Pts',(12.7548841351606,4.90488413516056,13.2451158648394));
#12671=CARTESIAN_POINT('Ctrl Pts',(12.7643576922883,4.90014735659669,13.2498526434033));
#12672=CARTESIAN_POINT('Ctrl Pts',(12.7848489050763,4.89228634689006,13.2577136531099));
#12673=CARTESIAN_POINT('Ctrl Pts',(12.8387102682781,4.88162412310747,13.2683758768925));
#12674=CARTESIAN_POINT('Ctrl Pts',(12.880573937092,4.87928932188135,13.2707106781187));
#12675=CARTESIAN_POINT('Ctrl Pts',(12.8999848988598,4.87928932188135,13.2707106781187));
#12676=CARTESIAN_POINT('',(12.8999848988598,4.95,13.3));
#12677=CARTESIAN_POINT('Origin',(12.8999848988598,4.95,13.2));
#12678=CARTESIAN_POINT('Origin',(12.8999848988598,5.04998489885978,13.3));
#12679=CARTESIAN_POINT('Ctrl Pts',(12.7548841351606,4.90488413516056,13.2451158648394));
#12680=CARTESIAN_POINT('Ctrl Pts',(12.7643576922883,4.90014735659669,13.2498526434033));
#12681=CARTESIAN_POINT('Ctrl Pts',(12.7848489050763,4.89228634689006,13.2577136531099));
#12682=CARTESIAN_POINT('Ctrl Pts',(12.8387102682781,4.88162412310747,13.2683758768925));
#12683=CARTESIAN_POINT('Ctrl Pts',(12.880573937092,4.87928932188135,13.2707106781187));
#12684=CARTESIAN_POINT('Ctrl Pts',(12.8999848988598,4.87928932188135,13.2707106781187));
#12685=CARTESIAN_POINT('Ctrl Pts',(12.7596209137244,4.89541057803283,13.2403790862756));
#12686=CARTESIAN_POINT('Ctrl Pts',(12.769011997753,4.89164394382848,13.2450572257515));
#12687=CARTESIAN_POINT('Ctrl Pts',(12.7894936009815,4.88514697973639,13.2529445848408));
#12688=CARTESIAN_POINT('Ctrl Pts',(12.8427671723556,4.87551731435962,13.263053341254));
#12689=CARTESIAN_POINT('Ctrl Pts',(12.8816523238569,4.87346146617543,13.2648828224127));
#12690=CARTESIAN_POINT('Ctrl Pts',(12.8999848988598,4.8731186511339,13.2645400073712));
#12691=CARTESIAN_POINT('Ctrl Pts',(12.7700779242375,4.87926570272041,13.2299220757625));
#12692=CARTESIAN_POINT('Ctrl Pts',(12.7794667550121,4.87678431597416,13.2345550597826));
#12693=CARTESIAN_POINT('Ctrl Pts',(12.8004652014457,4.87203018001061,13.2422999861874));
#12694=CARTESIAN_POINT('Ctrl Pts',(12.8522709133475,4.86420267393981,13.2505851645114));
#12695=CARTESIAN_POINT('Ctrl Pts',(12.8840015993009,4.86301375907026,13.2515471624002));
#12696=CARTESIAN_POINT('Ctrl Pts',(12.8999848988598,4.8624025981665,13.250574533656));
#12697=CARTESIAN_POINT('Ctrl Pts',(12.7975550963938,4.85684981919769,13.2024449036062));
#12698=CARTESIAN_POINT('Ctrl Pts',(12.8068738043255,4.85591054517527,13.2075514681999));
#12699=CARTESIAN_POINT('Ctrl Pts',(12.8280925354081,4.8538140628231,13.2160163652922));
#12700=CARTESIAN_POINT('Ctrl Pts',(12.8652186271433,4.85247174329267,13.2258241073049));
#12701=CARTESIAN_POINT('Ctrl Pts',(12.8877866496412,4.85255328380693,13.2272990295474));
#12702=CARTESIAN_POINT('Ctrl Pts',(12.8999848988598,4.85229768744573,13.2261791211473));
#12703=CARTESIAN_POINT('Ctrl Pts',(12.8195785394272,4.85,13.1804214605728));
#12704=CARTESIAN_POINT('Ctrl Pts',(12.8267917942325,4.85,13.1865562309968));
#12705=CARTESIAN_POINT('Ctrl Pts',(12.8427449356761,4.85,13.1972724712432));
#12706=CARTESIAN_POINT('Ctrl Pts',(12.870588977328,4.85,13.2075458406532));
#12707=CARTESIAN_POINT('Ctrl Pts',(12.8901267307443,4.85,13.2092114599411));
#12708=CARTESIAN_POINT('Ctrl Pts',(12.8999848988598,4.85,13.20872664626));
#12709=CARTESIAN_POINT('Ctrl Pts',(12.8292848988598,4.85,13.1707151011402));
#12710=CARTESIAN_POINT('Ctrl Pts',(12.8354546377656,4.85,13.176884840046));
#12711=CARTESIAN_POINT('Ctrl Pts',(12.8494180025351,4.85,13.1875992747672));
#12712=CARTESIAN_POINT('Ctrl Pts',(12.8738097310583,4.85,13.1977026595313));
#12713=CARTESIAN_POINT('Ctrl Pts',(12.8912595704229,4.85,13.2));
#12714=CARTESIAN_POINT('Ctrl Pts',(12.8999848988598,4.85,13.2));
#12715=CARTESIAN_POINT('Origin',(12.8999848988598,4.95,13.2));
#12716=CARTESIAN_POINT('Ctrl Pts',(13.5048841351606,4.15488413516056,13.2451158648394));
#12717=CARTESIAN_POINT('Ctrl Pts',(13.5143576922883,4.15014735659669,13.2498526434033));
#12718=CARTESIAN_POINT('Ctrl Pts',(13.5348489050763,4.14228634689006,13.2577136531099));
#12719=CARTESIAN_POINT('Ctrl Pts',(13.5887102682781,4.13162412310747,13.2683758768925));
#12720=CARTESIAN_POINT('Ctrl Pts',(13.630573937092,4.12928932188135,13.2707106781187));
#12721=CARTESIAN_POINT('Ctrl Pts',(13.6499848988598,4.12928932188135,13.2707106781187));
#12722=CARTESIAN_POINT('Ctrl Pts',(13.5096209137244,4.14541057803283,13.2403790862756));
#12723=CARTESIAN_POINT('Ctrl Pts',(13.519011997753,4.14164394382848,13.2450572257515));
#12724=CARTESIAN_POINT('Ctrl Pts',(13.5394936009815,4.13514697973639,13.2529445848408));
#12725=CARTESIAN_POINT('Ctrl Pts',(13.5927671723556,4.12551731435962,13.263053341254));
#12726=CARTESIAN_POINT('Ctrl Pts',(13.6316523238569,4.12346146617543,13.2648828224127));
#12727=CARTESIAN_POINT('Ctrl Pts',(13.6499848988598,4.1231186511339,13.2645400073712));
#12728=CARTESIAN_POINT('Ctrl Pts',(13.5200779242375,4.12926570272041,13.2299220757625));
#12729=CARTESIAN_POINT('Ctrl Pts',(13.5294667550121,4.12678431597416,13.2345550597826));
#12730=CARTESIAN_POINT('Ctrl Pts',(13.5504652014457,4.12203018001061,13.2422999861874));
#12731=CARTESIAN_POINT('Ctrl Pts',(13.6022709133475,4.11420267393981,13.2505851645114));
#12732=CARTESIAN_POINT('Ctrl Pts',(13.6340015993009,4.11301375907026,13.2515471624002));
#12733=CARTESIAN_POINT('Ctrl Pts',(13.6499848988598,4.1124025981665,13.250574533656));
#12734=CARTESIAN_POINT('Ctrl Pts',(13.5475550963938,4.10684981919768,13.2024449036062));
#12735=CARTESIAN_POINT('Ctrl Pts',(13.5568738043255,4.10591054517527,13.2075514681999));
#12736=CARTESIAN_POINT('Ctrl Pts',(13.5780925354081,4.1038140628231,13.2160163652922));
#12737=CARTESIAN_POINT('Ctrl Pts',(13.6152186271433,4.10247174329268,13.2258241073049));
#12738=CARTESIAN_POINT('Ctrl Pts',(13.6377866496412,4.10255328380693,13.2272990295474));
#12739=CARTESIAN_POINT('Ctrl Pts',(13.6499848988598,4.10229768744573,13.2261791211473));
#12740=CARTESIAN_POINT('Ctrl Pts',(13.5695785394272,4.1,13.1804214605728));
#12741=CARTESIAN_POINT('Ctrl Pts',(13.5767917942325,4.1,13.1865562309968));
#12742=CARTESIAN_POINT('Ctrl Pts',(13.5927449356761,4.1,13.1972724712432));
#12743=CARTESIAN_POINT('Ctrl Pts',(13.620588977328,4.1,13.2075458406532));
#12744=CARTESIAN_POINT('Ctrl Pts',(13.6401267307443,4.1,13.2092114599411));
#12745=CARTESIAN_POINT('Ctrl Pts',(13.6499848988598,4.1,13.20872664626));
#12746=CARTESIAN_POINT('Ctrl Pts',(13.5792848988598,4.1,13.1707151011402));
#12747=CARTESIAN_POINT('Ctrl Pts',(13.5854546377656,4.1,13.176884840046));
#12748=CARTESIAN_POINT('Ctrl Pts',(13.5994180025351,4.1,13.1875992747672));
#12749=CARTESIAN_POINT('Ctrl Pts',(13.6238097310583,4.1,13.1977026595313));
#12750=CARTESIAN_POINT('Ctrl Pts',(13.6412595704229,4.1,13.2));
#12751=CARTESIAN_POINT('Ctrl Pts',(13.6499848988598,4.1,13.2));
#12752=CARTESIAN_POINT('',(13.5048841351606,4.15488413516056,13.2451158648394));
#12753=CARTESIAN_POINT('',(13.6499848988598,4.12928932188135,13.2707106781187));
#12754=CARTESIAN_POINT('Ctrl Pts',(13.5048841351606,4.15488413516056,13.2451158648394));
#12755=CARTESIAN_POINT('Ctrl Pts',(13.5143576922883,4.15014735659669,13.2498526434033));
#12756=CARTESIAN_POINT('Ctrl Pts',(13.5348489050763,4.14228634689006,13.2577136531099));
#12757=CARTESIAN_POINT('Ctrl Pts',(13.5887102682781,4.13162412310747,13.2683758768925));
#12758=CARTESIAN_POINT('Ctrl Pts',(13.630573937092,4.12928932188135,13.2707106781187));
#12759=CARTESIAN_POINT('Ctrl Pts',(13.6499848988598,4.12928932188135,13.2707106781187));
#12760=CARTESIAN_POINT('',(13.5792848988598,4.1,13.1707151011402));
#12761=CARTESIAN_POINT('Ctrl Pts',(13.5048841351606,4.15488413516056,13.2451158648394));
#12762=CARTESIAN_POINT('Ctrl Pts',(13.5096209137244,4.14541057803283,13.2403790862756));
#12763=CARTESIAN_POINT('Ctrl Pts',(13.5200779242375,4.12926570272041,13.2299220757625));
#12764=CARTESIAN_POINT('Ctrl Pts',(13.5475550963938,4.10684981919768,13.2024449036062));
#12765=CARTESIAN_POINT('Ctrl Pts',(13.5695785394272,4.1,13.1804214605728));
#12766=CARTESIAN_POINT('Ctrl Pts',(13.5792848988598,4.1,13.1707151011402));
#12767=CARTESIAN_POINT('',(13.6499848988598,4.1,13.2));
#12768=CARTESIAN_POINT('Origin',(13.6499848988598,4.1,13.1000151011402));
#12769=CARTESIAN_POINT('Origin',(13.6499848988598,4.2,13.2));
#12770=CARTESIAN_POINT('Ctrl Pts',(13.5048841351606,4.15488413516056,13.2451158648394));
#12771=CARTESIAN_POINT('Ctrl Pts',(13.5096209137244,4.14541057803283,13.2403790862756));
#12772=CARTESIAN_POINT('Ctrl Pts',(13.5200779242375,4.12926570272041,13.2299220757625));
#12773=CARTESIAN_POINT('Ctrl Pts',(13.5475550963938,4.10684981919768,13.2024449036062));
#12774=CARTESIAN_POINT('Ctrl Pts',(13.5695785394272,4.1,13.1804214605728));
#12775=CARTESIAN_POINT('Ctrl Pts',(13.5792848988598,4.1,13.1707151011402));
#12776=CARTESIAN_POINT('Ctrl Pts',(13.5001473565967,4.15014735659669,13.2356423077117));
#12777=CARTESIAN_POINT('Ctrl Pts',(13.5049427742485,4.14164394382848,13.230988002247));
#12778=CARTESIAN_POINT('Ctrl Pts',(13.5154449402174,4.12678431597416,13.2205332449879));
#12779=CARTESIAN_POINT('Ctrl Pts',(13.5424485318001,4.10591054517527,13.1931261956745));
#12780=CARTESIAN_POINT('Ctrl Pts',(13.5634437690032,4.1,13.1732082057675));
#12781=CARTESIAN_POINT('Ctrl Pts',(13.573115159954,4.1,13.1645453622344));
#12782=CARTESIAN_POINT('Ctrl Pts',(13.4922863468901,4.14228634689006,13.2151510949237));
#12783=CARTESIAN_POINT('Ctrl Pts',(13.4970554151592,4.13514697973639,13.2105063990185));
#12784=CARTESIAN_POINT('Ctrl Pts',(13.5077000138126,4.12203018001061,13.1995347985544));
#12785=CARTESIAN_POINT('Ctrl Pts',(13.5339836347078,4.1038140628231,13.1719074645919));
#12786=CARTESIAN_POINT('Ctrl Pts',(13.5527275287568,4.1,13.1572550643239));
#12787=CARTESIAN_POINT('Ctrl Pts',(13.5624007252328,4.1,13.1505819974649));
#12788=CARTESIAN_POINT('Ctrl Pts',(13.4816241231075,4.13162412310747,13.1612897317219));
#12789=CARTESIAN_POINT('Ctrl Pts',(13.486946658746,4.12551731435962,13.1572328276444));
#12790=CARTESIAN_POINT('Ctrl Pts',(13.4994148354886,4.11420267393981,13.1477290866525));
#12791=CARTESIAN_POINT('Ctrl Pts',(13.5241758926951,4.10247174329267,13.1347813728567));
#12792=CARTESIAN_POINT('Ctrl Pts',(13.5424541593468,4.1,13.129411022672));
#12793=CARTESIAN_POINT('Ctrl Pts',(13.5522973404687,4.1,13.1261902689417));
#12794=CARTESIAN_POINT('Ctrl Pts',(13.4792893218813,4.12928932188135,13.119426062908));
#12795=CARTESIAN_POINT('Ctrl Pts',(13.4851171775873,4.12346146617543,13.1183476761431));
#12796=CARTESIAN_POINT('Ctrl Pts',(13.4984528375998,4.11301375907026,13.1159984006991));
#12797=CARTESIAN_POINT('Ctrl Pts',(13.5227009704526,4.10255328380693,13.1122133503588));
#12798=CARTESIAN_POINT('Ctrl Pts',(13.5407885400589,4.1,13.1098732692557));
#12799=CARTESIAN_POINT('Ctrl Pts',(13.55,4.1,13.1087404295771));
#12800=CARTESIAN_POINT('Ctrl Pts',(13.4792893218813,4.12928932188135,13.1000151011402));
#12801=CARTESIAN_POINT('Ctrl Pts',(13.4854599926288,4.1231186511339,13.1000151011402));
#12802=CARTESIAN_POINT('Ctrl Pts',(13.499425466344,4.1124025981665,13.1000151011402));
#12803=CARTESIAN_POINT('Ctrl Pts',(13.5238208788527,4.10229768744573,13.1000151011402));
#12804=CARTESIAN_POINT('Ctrl Pts',(13.54127335374,4.1,13.1000151011402));
#12805=CARTESIAN_POINT('Ctrl Pts',(13.55,4.1,13.1000151011402));
#12806=CARTESIAN_POINT('',(13.4792893218813,4.12928932188135,13.1));
#12807=CARTESIAN_POINT('Ctrl Pts',(13.5048841351606,4.15488413516056,13.2451158648394));
#12808=CARTESIAN_POINT('Ctrl Pts',(13.5001473565967,4.15014735659669,13.2356423077117));
#12809=CARTESIAN_POINT('Ctrl Pts',(13.4922863468901,4.14228634689006,13.2151510949237));
#12810=CARTESIAN_POINT('Ctrl Pts',(13.4816241231075,4.13162412310747,13.1612897317219));
#12811=CARTESIAN_POINT('Ctrl Pts',(13.4792893218813,4.12928932188135,13.119426062908));
#12812=CARTESIAN_POINT('Ctrl Pts',(13.4792893218813,4.12928932188135,13.1000151011402));
#12813=CARTESIAN_POINT('',(13.55,4.1,13.1));
#12814=CARTESIAN_POINT('Origin',(13.55,4.2,13.1));
#12815=CARTESIAN_POINT('Origin',(13.6499848988598,4.1,13.1000151011402));
#12816=CARTESIAN_POINT('Ctrl Pts',(13.5048841351606,4.15488413516056,13.2451158648394));
#12817=CARTESIAN_POINT('Ctrl Pts',(13.5001473565967,4.15014735659669,13.2356423077117));
#12818=CARTESIAN_POINT('Ctrl Pts',(13.4922863468901,4.14228634689006,13.2151510949237));
#12819=CARTESIAN_POINT('Ctrl Pts',(13.4816241231075,4.13162412310747,13.1612897317219));
#12820=CARTESIAN_POINT('Ctrl Pts',(13.4792893218813,4.12928932188135,13.119426062908));
#12821=CARTESIAN_POINT('Ctrl Pts',(13.4792893218813,4.12928932188135,13.1000151011402));
#12822=CARTESIAN_POINT('Ctrl Pts',(13.4954105780328,4.15962091372442,13.2403790862756));
#12823=CARTESIAN_POINT('Ctrl Pts',(13.4916439438285,4.15494277424852,13.230988002247));
#12824=CARTESIAN_POINT('Ctrl Pts',(13.4851469797364,4.14705541515918,13.2105063990185));
#12825=CARTESIAN_POINT('Ctrl Pts',(13.4755173143596,4.13694665874599,13.1572328276444));
#12826=CARTESIAN_POINT('Ctrl Pts',(13.4734614661754,4.13511717758726,13.1183476761431));
#12827=CARTESIAN_POINT('Ctrl Pts',(13.4731186511339,4.13545999262879,13.1000151011402));
#12828=CARTESIAN_POINT('Ctrl Pts',(13.4792657027204,4.17007792423751,13.2299220757625));
#12829=CARTESIAN_POINT('Ctrl Pts',(13.4767843159742,4.16544494021739,13.2205332449879));
#12830=CARTESIAN_POINT('Ctrl Pts',(13.4720301800106,4.15770001381259,13.1995347985544));
#12831=CARTESIAN_POINT('Ctrl Pts',(13.4642026739398,4.14941483548855,13.1477290866525));
#12832=CARTESIAN_POINT('Ctrl Pts',(13.4630137590703,4.14845283759977,13.1159984006991));
#12833=CARTESIAN_POINT('Ctrl Pts',(13.4624025981665,4.14942546634404,13.1000151011402));
#12834=CARTESIAN_POINT('Ctrl Pts',(13.4568498191977,4.19755509639379,13.2024449036062));
#12835=CARTESIAN_POINT('Ctrl Pts',(13.4559105451753,4.19244853180013,13.1931261956745));
#12836=CARTESIAN_POINT('Ctrl Pts',(13.4538140628231,4.18398363470776,13.1719074645919));
#12837=CARTESIAN_POINT('Ctrl Pts',(13.4524717432927,4.17417589269513,13.1347813728567));
#12838=CARTESIAN_POINT('Ctrl Pts',(13.4525532838069,4.17270097045259,13.1122133503588));
#12839=CARTESIAN_POINT('Ctrl Pts',(13.4522976874457,4.17382087885269,13.1000151011402));
#12840=CARTESIAN_POINT('Ctrl Pts',(13.45,4.21957853942716,13.1804214605728));
#12841=CARTESIAN_POINT('Ctrl Pts',(13.45,4.21344376900323,13.1732082057675));
#12842=CARTESIAN_POINT('Ctrl Pts',(13.45,4.20272752875679,13.1572550643239));
#12843=CARTESIAN_POINT('Ctrl Pts',(13.45,4.19245415934683,13.129411022672));
#12844=CARTESIAN_POINT('Ctrl Pts',(13.45,4.19078854005892,13.1098732692557));
#12845=CARTESIAN_POINT('Ctrl Pts',(13.45,4.19127335374003,13.1000151011402));
#12846=CARTESIAN_POINT('Ctrl Pts',(13.45,4.22928489885978,13.1707151011402));
#12847=CARTESIAN_POINT('Ctrl Pts',(13.45,4.22311515995398,13.1645453622344));
#12848=CARTESIAN_POINT('Ctrl Pts',(13.45,4.21240072523276,13.1505819974649));
#12849=CARTESIAN_POINT('Ctrl Pts',(13.45,4.20229734046873,13.1261902689417));
#12850=CARTESIAN_POINT('Ctrl Pts',(13.45,4.2,13.1087404295771));
#12851=CARTESIAN_POINT('Ctrl Pts',(13.45,4.2,13.1000151011402));
#12852=CARTESIAN_POINT('',(13.45,4.22928489885978,13.1707151011402));
#12853=CARTESIAN_POINT('Ctrl Pts',(13.5048841351606,4.15488413516056,13.2451158648394));
#12854=CARTESIAN_POINT('Ctrl Pts',(13.4954105780328,4.15962091372442,13.2403790862756));
#12855=CARTESIAN_POINT('Ctrl Pts',(13.4792657027204,4.17007792423751,13.2299220757625));
#12856=CARTESIAN_POINT('Ctrl Pts',(13.4568498191977,4.19755509639379,13.2024449036062));
#12857=CARTESIAN_POINT('Ctrl Pts',(13.45,4.21957853942716,13.1804214605728));
#12858=CARTESIAN_POINT('Ctrl Pts',(13.45,4.22928489885978,13.1707151011402));
#12859=CARTESIAN_POINT('',(13.45,4.2,13.1));
#12860=CARTESIAN_POINT('Origin',(13.45,4.29998489885978,13.1000151011402));
#12861=CARTESIAN_POINT('Origin',(13.55,4.2,13.1));
#12862=CARTESIAN_POINT('Ctrl Pts',(13.5048841351606,4.15488413516056,13.2451158648394));
#12863=CARTESIAN_POINT('Ctrl Pts',(13.4954105780328,4.15962091372442,13.2403790862756));
#12864=CARTESIAN_POINT('Ctrl Pts',(13.4792657027204,4.17007792423751,13.2299220757625));
#12865=CARTESIAN_POINT('Ctrl Pts',(13.4568498191977,4.19755509639379,13.2024449036062));
#12866=CARTESIAN_POINT('Ctrl Pts',(13.45,4.21957853942716,13.1804214605728));
#12867=CARTESIAN_POINT('Ctrl Pts',(13.45,4.22928489885978,13.1707151011402));
#12868=CARTESIAN_POINT('Ctrl Pts',(13.5001473565967,4.16435769228828,13.2498526434033));
#12869=CARTESIAN_POINT('Ctrl Pts',(13.4916439438285,4.16901199775302,13.2450572257515));
#12870=CARTESIAN_POINT('Ctrl Pts',(13.4767843159742,4.1794667550121,13.2345550597826));
#12871=CARTESIAN_POINT('Ctrl Pts',(13.4559105451753,4.20687380432553,13.2075514681999));
#12872=CARTESIAN_POINT('Ctrl Pts',(13.45,4.2267917942325,13.1865562309968));
#12873=CARTESIAN_POINT('Ctrl Pts',(13.45,4.23545463776558,13.176884840046));
#12874=CARTESIAN_POINT('Ctrl Pts',(13.4922863468901,4.18484890507628,13.2577136531099));
#12875=CARTESIAN_POINT('Ctrl Pts',(13.4851469797364,4.18949360098153,13.2529445848408));
#12876=CARTESIAN_POINT('Ctrl Pts',(13.4720301800106,4.20046520144565,13.2422999861874));
#12877=CARTESIAN_POINT('Ctrl Pts',(13.4538140628231,4.22809253540808,13.2160163652922));
#12878=CARTESIAN_POINT('Ctrl Pts',(13.45,4.24274493567606,13.1972724712432));
#12879=CARTESIAN_POINT('Ctrl Pts',(13.45,4.24941800253506,13.1875992747672));
#12880=CARTESIAN_POINT('Ctrl Pts',(13.4816241231075,4.2387102682781,13.2683758768925));
#12881=CARTESIAN_POINT('Ctrl Pts',(13.4755173143596,4.2427671723556,13.263053341254));
#12882=CARTESIAN_POINT('Ctrl Pts',(13.4642026739398,4.25227091334751,13.2505851645114));
#12883=CARTESIAN_POINT('Ctrl Pts',(13.4524717432927,4.26521862714333,13.2258241073049));
#12884=CARTESIAN_POINT('Ctrl Pts',(13.45,4.27058897732798,13.2075458406532));
#12885=CARTESIAN_POINT('Ctrl Pts',(13.45,4.27380973105826,13.1977026595313));
#12886=CARTESIAN_POINT('Ctrl Pts',(13.4792893218813,4.280573937092,13.2707106781187));
#12887=CARTESIAN_POINT('Ctrl Pts',(13.4734614661754,4.28165232385687,13.2648828224127));
#12888=CARTESIAN_POINT('Ctrl Pts',(13.4630137590703,4.2840015993009,13.2515471624002));
#12889=CARTESIAN_POINT('Ctrl Pts',(13.4525532838069,4.2877866496412,13.2272990295474));
#12890=CARTESIAN_POINT('Ctrl Pts',(13.45,4.2901267307443,13.2092114599411));
#12891=CARTESIAN_POINT('Ctrl Pts',(13.45,4.29125957042289,13.2));
#12892=CARTESIAN_POINT('Ctrl Pts',(13.4792893218813,4.29998489885978,13.2707106781187));
#12893=CARTESIAN_POINT('Ctrl Pts',(13.4731186511339,4.29998489885978,13.2645400073712));
#12894=CARTESIAN_POINT('Ctrl Pts',(13.4624025981665,4.29998489885978,13.250574533656));
#12895=CARTESIAN_POINT('Ctrl Pts',(13.4522976874457,4.29998489885978,13.2261791211473));
#12896=CARTESIAN_POINT('Ctrl Pts',(13.45,4.29998489885978,13.20872664626));
#12897=CARTESIAN_POINT('Ctrl Pts',(13.45,4.29998489885978,13.2));
#12898=CARTESIAN_POINT('',(13.4792893218813,4.29998489885978,13.2707106781187));
#12899=CARTESIAN_POINT('Ctrl Pts',(13.5048841351606,4.15488413516056,13.2451158648394));
#12900=CARTESIAN_POINT('Ctrl Pts',(13.5001473565967,4.16435769228828,13.2498526434033));
#12901=CARTESIAN_POINT('Ctrl Pts',(13.4922863468901,4.18484890507628,13.2577136531099));
#12902=CARTESIAN_POINT('Ctrl Pts',(13.4816241231075,4.2387102682781,13.2683758768925));
#12903=CARTESIAN_POINT('Ctrl Pts',(13.4792893218813,4.280573937092,13.2707106781187));
#12904=CARTESIAN_POINT('Ctrl Pts',(13.4792893218813,4.29998489885978,13.2707106781187));
#12905=CARTESIAN_POINT('',(13.45,4.29998489885978,13.2));
#12906=CARTESIAN_POINT('Origin',(13.55,4.29998489885978,13.2));
#12907=CARTESIAN_POINT('Origin',(13.45,4.29998489885978,13.1000151011402));
#12908=CARTESIAN_POINT('Ctrl Pts',(13.5048841351606,4.15488413516056,13.2451158648394));
#12909=CARTESIAN_POINT('Ctrl Pts',(13.5001473565967,4.16435769228828,13.2498526434033));
#12910=CARTESIAN_POINT('Ctrl Pts',(13.4922863468901,4.18484890507628,13.2577136531099));
#12911=CARTESIAN_POINT('Ctrl Pts',(13.4816241231075,4.2387102682781,13.2683758768925));
#12912=CARTESIAN_POINT('Ctrl Pts',(13.4792893218813,4.280573937092,13.2707106781187));
#12913=CARTESIAN_POINT('Ctrl Pts',(13.4792893218813,4.29998489885978,13.2707106781187));
#12914=CARTESIAN_POINT('Ctrl Pts',(13.5096209137244,4.15962091372442,13.2545894219672));
#12915=CARTESIAN_POINT('Ctrl Pts',(13.5049427742485,4.16901199775302,13.2583560561715));
#12916=CARTESIAN_POINT('Ctrl Pts',(13.4970554151592,4.18949360098153,13.2648530202636));
#12917=CARTESIAN_POINT('Ctrl Pts',(13.486946658746,4.2427671723556,13.2744826856404));
#12918=CARTESIAN_POINT('Ctrl Pts',(13.4851171775873,4.28165232385687,13.2765385338246));
#12919=CARTESIAN_POINT('Ctrl Pts',(13.4854599926288,4.29998489885978,13.2768813488661));
#12920=CARTESIAN_POINT('Ctrl Pts',(13.5200779242375,4.17007792423751,13.2707342972796));
#12921=CARTESIAN_POINT('Ctrl Pts',(13.5154449402174,4.17946675501211,13.2732156840258));
#12922=CARTESIAN_POINT('Ctrl Pts',(13.5077000138126,4.20046520144565,13.2779698199894));
#12923=CARTESIAN_POINT('Ctrl Pts',(13.4994148354886,4.25227091334752,13.2857973260602));
#12924=CARTESIAN_POINT('Ctrl Pts',(13.4984528375998,4.2840015993009,13.2869862409297));
#12925=CARTESIAN_POINT('Ctrl Pts',(13.499425466344,4.29998489885978,13.2875974018335));
#12926=CARTESIAN_POINT('Ctrl Pts',(13.5475550963938,4.19755509639379,13.2931501808023));
#12927=CARTESIAN_POINT('Ctrl Pts',(13.5424485318001,4.20687380432553,13.2940894548247));
#12928=CARTESIAN_POINT('Ctrl Pts',(13.5339836347078,4.22809253540808,13.2961859371769));
#12929=CARTESIAN_POINT('Ctrl Pts',(13.5241758926951,4.26521862714332,13.2975282567073));
#12930=CARTESIAN_POINT('Ctrl Pts',(13.5227009704526,4.2877866496412,13.2974467161931));
#12931=CARTESIAN_POINT('Ctrl Pts',(13.5238208788527,4.29998489885978,13.2977023125543));
#12932=CARTESIAN_POINT('Ctrl Pts',(13.5695785394272,4.21957853942716,13.3));
#12933=CARTESIAN_POINT('Ctrl Pts',(13.5634437690032,4.2267917942325,13.3));
#12934=CARTESIAN_POINT('Ctrl Pts',(13.5527275287568,4.24274493567606,13.3));
#12935=CARTESIAN_POINT('Ctrl Pts',(13.5424541593468,4.27058897732798,13.3));
#12936=CARTESIAN_POINT('Ctrl Pts',(13.5407885400589,4.2901267307443,13.3));
#12937=CARTESIAN_POINT('Ctrl Pts',(13.54127335374,4.29998489885978,13.3));
#12938=CARTESIAN_POINT('Ctrl Pts',(13.5792848988598,4.22928489885978,13.3));
#12939=CARTESIAN_POINT('Ctrl Pts',(13.573115159954,4.23545463776558,13.3));
#12940=CARTESIAN_POINT('Ctrl Pts',(13.5624007252328,4.24941800253506,13.3));
#12941=CARTESIAN_POINT('Ctrl Pts',(13.5522973404687,4.27380973105826,13.3));
#12942=CARTESIAN_POINT('Ctrl Pts',(13.55,4.29125957042289,13.3));
#12943=CARTESIAN_POINT('Ctrl Pts',(13.55,4.29998489885978,13.3));
#12944=CARTESIAN_POINT('',(13.5792848988598,4.22928489885978,13.3));
#12945=CARTESIAN_POINT('Ctrl Pts',(13.5048841351606,4.15488413516056,13.2451158648394));
#12946=CARTESIAN_POINT('Ctrl Pts',(13.5096209137244,4.15962091372442,13.2545894219672));
#12947=CARTESIAN_POINT('Ctrl Pts',(13.5200779242375,4.17007792423751,13.2707342972796));
#12948=CARTESIAN_POINT('Ctrl Pts',(13.5475550963938,4.19755509639379,13.2931501808023));
#12949=CARTESIAN_POINT('Ctrl Pts',(13.5695785394272,4.21957853942716,13.3));
#12950=CARTESIAN_POINT('Ctrl Pts',(13.5792848988598,4.22928489885978,13.3));
#12951=CARTESIAN_POINT('',(13.55,4.29998489885978,13.3));
#12952=CARTESIAN_POINT('Origin',(13.6499848988598,4.29998489885978,13.3));
#12953=CARTESIAN_POINT('Origin',(13.55,4.29998489885978,13.2));
#12954=CARTESIAN_POINT('Ctrl Pts',(13.8951158648394,4.15488413516055,13.2451158648394));
#12955=CARTESIAN_POINT('Ctrl Pts',(13.8856423077117,4.15014735659669,13.2498526434033));
#12956=CARTESIAN_POINT('Ctrl Pts',(13.8651510949237,4.14228634689006,13.2577136531099));
#12957=CARTESIAN_POINT('Ctrl Pts',(13.8112897317219,4.13162412310747,13.2683758768925));
#12958=CARTESIAN_POINT('Ctrl Pts',(13.769426062908,4.12928932188135,13.2707106781187));
#12959=CARTESIAN_POINT('Ctrl Pts',(13.7500151011402,4.12928932188135,13.2707106781187));
#12960=CARTESIAN_POINT('Ctrl Pts',(13.8903790862756,4.15962091372442,13.2545894219672));
#12961=CARTESIAN_POINT('Ctrl Pts',(13.880988002247,4.15494277424852,13.2583560561715));
#12962=CARTESIAN_POINT('Ctrl Pts',(13.8605063990185,4.14705541515918,13.2648530202636));
#12963=CARTESIAN_POINT('Ctrl Pts',(13.8072328276444,4.13694665874599,13.2744826856404));
#12964=CARTESIAN_POINT('Ctrl Pts',(13.7683476761431,4.13511717758726,13.2765385338246));
#12965=CARTESIAN_POINT('Ctrl Pts',(13.7500151011402,4.13545999262879,13.2768813488661));
#12966=CARTESIAN_POINT('Ctrl Pts',(13.8799220757625,4.17007792423751,13.2707342972796));
#12967=CARTESIAN_POINT('Ctrl Pts',(13.8705332449879,4.16544494021739,13.2732156840258));
#12968=CARTESIAN_POINT('Ctrl Pts',(13.8495347985544,4.15770001381258,13.2779698199894));
#12969=CARTESIAN_POINT('Ctrl Pts',(13.7977290866525,4.14941483548855,13.2857973260602));
#12970=CARTESIAN_POINT('Ctrl Pts',(13.7659984006991,4.14845283759977,13.2869862409297));
#12971=CARTESIAN_POINT('Ctrl Pts',(13.7500151011402,4.14942546634404,13.2875974018335));
#12972=CARTESIAN_POINT('Ctrl Pts',(13.8524449036062,4.19755509639379,13.2931501808023));
#12973=CARTESIAN_POINT('Ctrl Pts',(13.8431261956745,4.19244853180013,13.2940894548247));
#12974=CARTESIAN_POINT('Ctrl Pts',(13.8219074645919,4.18398363470777,13.2961859371769));
#12975=CARTESIAN_POINT('Ctrl Pts',(13.7847813728567,4.17417589269513,13.2975282567073));
#12976=CARTESIAN_POINT('Ctrl Pts',(13.7622133503588,4.17270097045259,13.2974467161931));
#12977=CARTESIAN_POINT('Ctrl Pts',(13.7500151011402,4.17382087885269,13.2977023125543));
#12978=CARTESIAN_POINT('Ctrl Pts',(13.8304214605728,4.21957853942716,13.3));
#12979=CARTESIAN_POINT('Ctrl Pts',(13.8232082057675,4.21344376900323,13.3));
#12980=CARTESIAN_POINT('Ctrl Pts',(13.8072550643239,4.20272752875679,13.3));
#12981=CARTESIAN_POINT('Ctrl Pts',(13.779411022672,4.19245415934683,13.3));
#12982=CARTESIAN_POINT('Ctrl Pts',(13.7598732692557,4.19078854005892,13.3));
#12983=CARTESIAN_POINT('Ctrl Pts',(13.7500151011402,4.19127335374003,13.3));
#12984=CARTESIAN_POINT('Ctrl Pts',(13.8207151011402,4.22928489885978,13.3));
#12985=CARTESIAN_POINT('Ctrl Pts',(13.8145453622344,4.22311515995398,13.3));
#12986=CARTESIAN_POINT('Ctrl Pts',(13.8005819974649,4.21240072523276,13.3));
#12987=CARTESIAN_POINT('Ctrl Pts',(13.7761902689417,4.20229734046873,13.3));
#12988=CARTESIAN_POINT('Ctrl Pts',(13.7587404295771,4.2,13.3));
#12989=CARTESIAN_POINT('Ctrl Pts',(13.7500151011402,4.2,13.3));
#12990=CARTESIAN_POINT('',(13.9393270185646,4.19595677708582,13.1422493365783));
#12991=CARTESIAN_POINT('',(13.7500151011402,4.12928932188135,13.2707106781187));
#12992=CARTESIAN_POINT('Ctrl Pts',(13.8951158648394,4.15488413516055,13.2451158648394));
#12993=CARTESIAN_POINT('Ctrl Pts',(13.8856423077117,4.15014735659669,13.2498526434033));
#12994=CARTESIAN_POINT('Ctrl Pts',(13.8651510949237,4.14228634689006,13.2577136531099));
#12995=CARTESIAN_POINT('Ctrl Pts',(13.8112897317219,4.13162412310747,13.2683758768925));
#12996=CARTESIAN_POINT('Ctrl Pts',(13.769426062908,4.12928932188135,13.2707106781187));
#12997=CARTESIAN_POINT('Ctrl Pts',(13.7500151011402,4.12928932188135,13.2707106781187));
#12998=CARTESIAN_POINT('',(13.8207151011402,4.22928489885978,13.3));
#12999=CARTESIAN_POINT('Ctrl Pts',(13.8951158648394,4.15488413516055,13.2451158648394));
#13000=CARTESIAN_POINT('Ctrl Pts',(13.8903790862756,4.15962091372442,13.2545894219672));
#13001=CARTESIAN_POINT('Ctrl Pts',(13.8799220757625,4.17007792423751,13.2707342972796));
#13002=CARTESIAN_POINT('Ctrl Pts',(13.8524449036062,4.19755509639379,13.2931501808023));
#13003=CARTESIAN_POINT('Ctrl Pts',(13.8304214605728,4.21957853942716,13.3));
#13004=CARTESIAN_POINT('Ctrl Pts',(13.8207151011402,4.22928489885978,13.3));
#13005=CARTESIAN_POINT('',(13.7500151011402,4.2,13.3));
#13006=CARTESIAN_POINT('Origin',(13.7500151011402,4.29998489885978,13.3));
#13007=CARTESIAN_POINT('Origin',(13.7500151011402,4.2,13.2));
#13008=CARTESIAN_POINT('Ctrl Pts',(13.8951158648394,4.15488413516055,13.2451158648394));
#13009=CARTESIAN_POINT('Ctrl Pts',(13.8903790862756,4.15962091372442,13.2545894219672));
#13010=CARTESIAN_POINT('Ctrl Pts',(13.8799220757625,4.17007792423751,13.2707342972796));
#13011=CARTESIAN_POINT('Ctrl Pts',(13.8524449036062,4.19755509639379,13.2931501808023));
#13012=CARTESIAN_POINT('Ctrl Pts',(13.8304214605728,4.21957853942716,13.3));
#13013=CARTESIAN_POINT('Ctrl Pts',(13.8207151011402,4.22928489885978,13.3));
#13014=CARTESIAN_POINT('Ctrl Pts',(13.8998526434033,4.16435769228828,13.2498526434033));
#13015=CARTESIAN_POINT('Ctrl Pts',(13.8950572257515,4.16901199775302,13.2583560561715));
#13016=CARTESIAN_POINT('Ctrl Pts',(13.8845550597826,4.17946675501211,13.2732156840258));
#13017=CARTESIAN_POINT('Ctrl Pts',(13.8575514681999,4.20687380432553,13.2940894548247));
#13018=CARTESIAN_POINT('Ctrl Pts',(13.8365562309968,4.2267917942325,13.3));
#13019=CARTESIAN_POINT('Ctrl Pts',(13.826884840046,4.23545463776558,13.3));
#13020=CARTESIAN_POINT('Ctrl Pts',(13.9077136531099,4.18484890507628,13.2577136531099));
#13021=CARTESIAN_POINT('Ctrl Pts',(13.9029445848408,4.18949360098153,13.2648530202636));
#13022=CARTESIAN_POINT('Ctrl Pts',(13.8922999861874,4.20046520144565,13.2779698199894));
#13023=CARTESIAN_POINT('Ctrl Pts',(13.8660163652922,4.22809253540808,13.2961859371769));
#13024=CARTESIAN_POINT('Ctrl Pts',(13.8472724712432,4.24274493567606,13.3));
#13025=CARTESIAN_POINT('Ctrl Pts',(13.8375992747672,4.24941800253506,13.3));
#13026=CARTESIAN_POINT('Ctrl Pts',(13.9183758768925,4.2387102682781,13.2683758768925));
#13027=CARTESIAN_POINT('Ctrl Pts',(13.913053341254,4.2427671723556,13.2744826856404));
#13028=CARTESIAN_POINT('Ctrl Pts',(13.9005851645115,4.25227091334752,13.2857973260602));
#13029=CARTESIAN_POINT('Ctrl Pts',(13.8758241073049,4.26521862714332,13.2975282567073));
#13030=CARTESIAN_POINT('Ctrl Pts',(13.8575458406532,4.27058897732798,13.3));
#13031=CARTESIAN_POINT('Ctrl Pts',(13.8477026595313,4.27380973105826,13.3));
#13032=CARTESIAN_POINT('Ctrl Pts',(13.9207106781187,4.280573937092,13.2707106781187));
#13033=CARTESIAN_POINT('Ctrl Pts',(13.9148828224127,4.28165232385687,13.2765385338246));
#13034=CARTESIAN_POINT('Ctrl Pts',(13.9015471624002,4.2840015993009,13.2869862409297));
#13035=CARTESIAN_POINT('Ctrl Pts',(13.8772990295474,4.2877866496412,13.2974467161931));
#13036=CARTESIAN_POINT('Ctrl Pts',(13.8592114599411,4.2901267307443,13.3));
#13037=CARTESIAN_POINT('Ctrl Pts',(13.85,4.29125957042289,13.3));
#13038=CARTESIAN_POINT('Ctrl Pts',(13.9207106781187,4.29998489885978,13.2707106781187));
#13039=CARTESIAN_POINT('Ctrl Pts',(13.9145400073712,4.29998489885978,13.2768813488661));
#13040=CARTESIAN_POINT('Ctrl Pts',(13.900574533656,4.29998489885978,13.2875974018335));
#13041=CARTESIAN_POINT('Ctrl Pts',(13.8761791211473,4.29998489885978,13.2977023125543));
#13042=CARTESIAN_POINT('Ctrl Pts',(13.85872664626,4.29998489885978,13.3));
#13043=CARTESIAN_POINT('Ctrl Pts',(13.85,4.29998489885978,13.3));
#13044=CARTESIAN_POINT('',(13.9207106781187,4.29998489885978,13.2707106781187));
#13045=CARTESIAN_POINT('Ctrl Pts',(13.8951158648394,4.15488413516055,13.2451158648394));
#13046=CARTESIAN_POINT('Ctrl Pts',(13.8998526434033,4.16435769228828,13.2498526434033));
#13047=CARTESIAN_POINT('Ctrl Pts',(13.9077136531099,4.18484890507628,13.2577136531099));
#13048=CARTESIAN_POINT('Ctrl Pts',(13.9183758768925,4.2387102682781,13.2683758768925));
#13049=CARTESIAN_POINT('Ctrl Pts',(13.9207106781187,4.280573937092,13.2707106781187));
#13050=CARTESIAN_POINT('Ctrl Pts',(13.9207106781187,4.29998489885978,13.2707106781187));
#13051=CARTESIAN_POINT('',(13.85,4.29998489885978,13.3));
#13052=CARTESIAN_POINT('Origin',(13.85,4.29998489885978,13.2));
#13053=CARTESIAN_POINT('Origin',(13.7500151011402,4.29998489885978,13.3));
#13054=CARTESIAN_POINT('Ctrl Pts',(13.8951158648394,4.15488413516055,13.2451158648394));
#13055=CARTESIAN_POINT('Ctrl Pts',(13.8998526434033,4.16435769228828,13.2498526434033));
#13056=CARTESIAN_POINT('Ctrl Pts',(13.9077136531099,4.18484890507628,13.2577136531099));
#13057=CARTESIAN_POINT('Ctrl Pts',(13.9183758768925,4.2387102682781,13.2683758768925));
#13058=CARTESIAN_POINT('Ctrl Pts',(13.9207106781187,4.280573937092,13.2707106781187));
#13059=CARTESIAN_POINT('Ctrl Pts',(13.9207106781187,4.29998489885978,13.2707106781187));
#13060=CARTESIAN_POINT('Ctrl Pts',(13.9045894219672,4.15962091372442,13.2403790862756));
#13061=CARTESIAN_POINT('Ctrl Pts',(13.9083560561715,4.16901199775302,13.2450572257515));
#13062=CARTESIAN_POINT('Ctrl Pts',(13.9148530202636,4.18949360098153,13.2529445848408));
#13063=CARTESIAN_POINT('Ctrl Pts',(13.9244826856404,4.2427671723556,13.263053341254));
#13064=CARTESIAN_POINT('Ctrl Pts',(13.9265385338246,4.28165232385687,13.2648828224127));
#13065=CARTESIAN_POINT('Ctrl Pts',(13.9268813488661,4.29998489885978,13.2645400073712));
#13066=CARTESIAN_POINT('Ctrl Pts',(13.9207342972796,4.17007792423751,13.2299220757625));
#13067=CARTESIAN_POINT('Ctrl Pts',(13.9232156840258,4.1794667550121,13.2345550597826));
#13068=CARTESIAN_POINT('Ctrl Pts',(13.9279698199894,4.20046520144565,13.2422999861874));
#13069=CARTESIAN_POINT('Ctrl Pts',(13.9357973260602,4.25227091334752,13.2505851645114));
#13070=CARTESIAN_POINT('Ctrl Pts',(13.9369862409297,4.2840015993009,13.2515471624002));
#13071=CARTESIAN_POINT('Ctrl Pts',(13.9375974018335,4.29998489885978,13.250574533656));
#13072=CARTESIAN_POINT('Ctrl Pts',(13.9431501808023,4.19755509639379,13.2024449036062));
#13073=CARTESIAN_POINT('Ctrl Pts',(13.9440894548247,4.20687380432553,13.2075514681999));
#13074=CARTESIAN_POINT('Ctrl Pts',(13.9461859371769,4.22809253540808,13.2160163652922));
#13075=CARTESIAN_POINT('Ctrl Pts',(13.9475282567073,4.26521862714333,13.2258241073049));
#13076=CARTESIAN_POINT('Ctrl Pts',(13.9474467161931,4.2877866496412,13.2272990295474));
#13077=CARTESIAN_POINT('Ctrl Pts',(13.9477023125543,4.29998489885978,13.2261791211473));
#13078=CARTESIAN_POINT('Ctrl Pts',(13.95,4.21957853942716,13.1804214605728));
#13079=CARTESIAN_POINT('Ctrl Pts',(13.95,4.2267917942325,13.1865562309968));
#13080=CARTESIAN_POINT('Ctrl Pts',(13.95,4.24274493567606,13.1972724712432));
#13081=CARTESIAN_POINT('Ctrl Pts',(13.95,4.27058897732798,13.2075458406532));
#13082=CARTESIAN_POINT('Ctrl Pts',(13.95,4.2901267307443,13.2092114599411));
#13083=CARTESIAN_POINT('Ctrl Pts',(13.95,4.29998489885978,13.20872664626));
#13084=CARTESIAN_POINT('Ctrl Pts',(13.95,4.22928489885978,13.1707151011402));
#13085=CARTESIAN_POINT('Ctrl Pts',(13.95,4.23545463776558,13.176884840046));
#13086=CARTESIAN_POINT('Ctrl Pts',(13.95,4.24941800253506,13.1875992747672));
#13087=CARTESIAN_POINT('Ctrl Pts',(13.95,4.27380973105826,13.1977026595313));
#13088=CARTESIAN_POINT('Ctrl Pts',(13.95,4.29125957042289,13.2));
#13089=CARTESIAN_POINT('Ctrl Pts',(13.95,4.29998489885978,13.2));
#13090=CARTESIAN_POINT('Origin',(13.85,4.29998489885978,13.2));
#13091=CARTESIAN_POINT('Ctrl Pts',(13.8951158648394,4.15488413516055,13.2451158648394));
#13092=CARTESIAN_POINT('Ctrl Pts',(13.8998526434033,4.15014735659669,13.2356423077117));
#13093=CARTESIAN_POINT('Ctrl Pts',(13.9077136531099,4.14228634689006,13.2151510949237));
#13094=CARTESIAN_POINT('Ctrl Pts',(13.9183758768925,4.13162412310747,13.1612897317219));
#13095=CARTESIAN_POINT('Ctrl Pts',(13.9207106781187,4.12928932188135,13.119426062908));
#13096=CARTESIAN_POINT('Ctrl Pts',(13.9207106781187,4.12928932188135,13.1000151011402));
#13097=CARTESIAN_POINT('Ctrl Pts',(13.8903790862756,4.14541057803283,13.2403790862756));
#13098=CARTESIAN_POINT('Ctrl Pts',(13.8950572257515,4.14164394382848,13.230988002247));
#13099=CARTESIAN_POINT('Ctrl Pts',(13.9029445848408,4.13514697973639,13.2105063990185));
#13100=CARTESIAN_POINT('Ctrl Pts',(13.913053341254,4.12551731435962,13.1572328276444));
#13101=CARTESIAN_POINT('Ctrl Pts',(13.9148828224127,4.12346146617543,13.1183476761431));
#13102=CARTESIAN_POINT('Ctrl Pts',(13.9145400073712,4.1231186511339,13.1000151011402));
#13103=CARTESIAN_POINT('Ctrl Pts',(13.8799220757625,4.12926570272041,13.2299220757625));
#13104=CARTESIAN_POINT('Ctrl Pts',(13.8845550597826,4.12678431597416,13.2205332449879));
#13105=CARTESIAN_POINT('Ctrl Pts',(13.8922999861874,4.12203018001061,13.1995347985543));
#13106=CARTESIAN_POINT('Ctrl Pts',(13.9005851645114,4.11420267393981,13.1477290866525));
#13107=CARTESIAN_POINT('Ctrl Pts',(13.9015471624002,4.11301375907026,13.1159984006991));
#13108=CARTESIAN_POINT('Ctrl Pts',(13.900574533656,4.1124025981665,13.1000151011402));
#13109=CARTESIAN_POINT('Ctrl Pts',(13.8524449036062,4.10684981919768,13.2024449036062));
#13110=CARTESIAN_POINT('Ctrl Pts',(13.8575514681999,4.10591054517527,13.1931261956745));
#13111=CARTESIAN_POINT('Ctrl Pts',(13.8660163652922,4.1038140628231,13.1719074645919));
#13112=CARTESIAN_POINT('Ctrl Pts',(13.8758241073049,4.10247174329267,13.1347813728567));
#13113=CARTESIAN_POINT('Ctrl Pts',(13.8772990295474,4.10255328380693,13.1122133503588));
#13114=CARTESIAN_POINT('Ctrl Pts',(13.8761791211473,4.10229768744573,13.1000151011402));
#13115=CARTESIAN_POINT('Ctrl Pts',(13.8304214605728,4.1,13.1804214605728));
#13116=CARTESIAN_POINT('Ctrl Pts',(13.8365562309968,4.1,13.1732082057675));
#13117=CARTESIAN_POINT('Ctrl Pts',(13.8472724712432,4.1,13.1572550643239));
#13118=CARTESIAN_POINT('Ctrl Pts',(13.8575458406532,4.1,13.129411022672));
#13119=CARTESIAN_POINT('Ctrl Pts',(13.8592114599411,4.1,13.1098732692557));
#13120=CARTESIAN_POINT('Ctrl Pts',(13.85872664626,4.1,13.1000151011402));
#13121=CARTESIAN_POINT('Ctrl Pts',(13.8207151011402,4.1,13.1707151011402));
#13122=CARTESIAN_POINT('Ctrl Pts',(13.826884840046,4.1,13.1645453622344));
#13123=CARTESIAN_POINT('Ctrl Pts',(13.8375992747672,4.1,13.1505819974649));
#13124=CARTESIAN_POINT('Ctrl Pts',(13.8477026595313,4.1,13.1261902689417));
#13125=CARTESIAN_POINT('Ctrl Pts',(13.85,4.1,13.1087404295771));
#13126=CARTESIAN_POINT('Ctrl Pts',(13.85,4.1,13.1000151011402));
#13127=CARTESIAN_POINT('',(13.8499995423079,4.1,13.1000011052025));
#13128=CARTESIAN_POINT('Ctrl Pts',(13.8951158648394,4.15488413516055,13.2451158648394));
#13129=CARTESIAN_POINT('Ctrl Pts',(13.8903790862756,4.14541057803283,13.2403790862756));
#13130=CARTESIAN_POINT('Ctrl Pts',(13.8799220757625,4.12926570272041,13.2299220757625));
#13131=CARTESIAN_POINT('Ctrl Pts',(13.8524449036062,4.10684981919768,13.2024449036062));
#13132=CARTESIAN_POINT('Ctrl Pts',(13.8304214605728,4.1,13.1804214605728));
#13133=CARTESIAN_POINT('Ctrl Pts',(13.8207151011402,4.1,13.1707151011402));
#13134=CARTESIAN_POINT('Origin',(13.85,4.2,13.1));
#13135=CARTESIAN_POINT('Origin',(14.6,4.95,13.1));
#13136=CARTESIAN_POINT('',(14.6,4.85,13.2));
#13137=CARTESIAN_POINT('',(14.6,4.85,13.1));
#13138=CARTESIAN_POINT('',(14.6,4.85,13.1));
#13139=CARTESIAN_POINT('',(14.7,4.95,13.1));
#13140=CARTESIAN_POINT('Origin',(14.6,4.95,13.1));
#13141=CARTESIAN_POINT('',(14.7,4.95,13.3));
#13142=CARTESIAN_POINT('',(14.7,4.95,13.1));
#13143=CARTESIAN_POINT('Origin',(14.6,4.95,13.2));
#13144=CARTESIAN_POINT('Origin',(13.825,4.95,13.2));
#13145=CARTESIAN_POINT('',(13.85,4.95,13.3));
#13146=CARTESIAN_POINT('',(13.825,4.95,13.3));
#13147=CARTESIAN_POINT('',(13.95,4.85,13.2));
#13148=CARTESIAN_POINT('Origin',(13.85,4.95,13.2));
#13149=CARTESIAN_POINT('',(13.825,4.85,13.2));
#13150=CARTESIAN_POINT('Ctrl Pts',(13.8951158648394,4.15488413516055,13.2451158648394));
#13151=CARTESIAN_POINT('Ctrl Pts',(13.8903790862756,4.14541057803283,13.2403790862756));
#13152=CARTESIAN_POINT('Ctrl Pts',(13.8799220757625,4.12926570272041,13.2299220757625));
#13153=CARTESIAN_POINT('Ctrl Pts',(13.8524449036062,4.10684981919769,13.2024449036062));
#13154=CARTESIAN_POINT('Ctrl Pts',(13.8304214605728,4.1,13.1804214605728));
#13155=CARTESIAN_POINT('Ctrl Pts',(13.8207151011402,4.1,13.1707151011402));
#13156=CARTESIAN_POINT('Ctrl Pts',(13.8856423077117,4.15014735659669,13.2498526434033));
#13157=CARTESIAN_POINT('Ctrl Pts',(13.880988002247,4.14164394382848,13.2450572257515));
#13158=CARTESIAN_POINT('Ctrl Pts',(13.8705332449879,4.12678431597416,13.2345550597826));
#13159=CARTESIAN_POINT('Ctrl Pts',(13.8431261956745,4.10591054517527,13.2075514681999));
#13160=CARTESIAN_POINT('Ctrl Pts',(13.8232082057675,4.1,13.1865562309968));
#13161=CARTESIAN_POINT('Ctrl Pts',(13.8145453622344,4.1,13.176884840046));
#13162=CARTESIAN_POINT('Ctrl Pts',(13.8651510949237,4.14228634689006,13.2577136531099));
#13163=CARTESIAN_POINT('Ctrl Pts',(13.8605063990185,4.13514697973639,13.2529445848408));
#13164=CARTESIAN_POINT('Ctrl Pts',(13.8495347985544,4.12203018001061,13.2422999861874));
#13165=CARTESIAN_POINT('Ctrl Pts',(13.8219074645919,4.1038140628231,13.2160163652922));
#13166=CARTESIAN_POINT('Ctrl Pts',(13.8072550643239,4.1,13.1972724712432));
#13167=CARTESIAN_POINT('Ctrl Pts',(13.8005819974649,4.1,13.1875992747672));
#13168=CARTESIAN_POINT('Ctrl Pts',(13.8112897317219,4.13162412310747,13.2683758768925));
#13169=CARTESIAN_POINT('Ctrl Pts',(13.8072328276444,4.12551731435962,13.263053341254));
#13170=CARTESIAN_POINT('Ctrl Pts',(13.7977290866525,4.11420267393981,13.2505851645114));
#13171=CARTESIAN_POINT('Ctrl Pts',(13.7847813728567,4.10247174329267,13.2258241073049));
#13172=CARTESIAN_POINT('Ctrl Pts',(13.779411022672,4.1,13.2075458406532));
#13173=CARTESIAN_POINT('Ctrl Pts',(13.7761902689417,4.1,13.1977026595313));
#13174=CARTESIAN_POINT('Ctrl Pts',(13.769426062908,4.12928932188135,13.2707106781187));
#13175=CARTESIAN_POINT('Ctrl Pts',(13.7683476761431,4.12346146617543,13.2648828224127));
#13176=CARTESIAN_POINT('Ctrl Pts',(13.7659984006991,4.11301375907026,13.2515471624002));
#13177=CARTESIAN_POINT('Ctrl Pts',(13.7622133503588,4.10255328380693,13.2272990295474));
#13178=CARTESIAN_POINT('Ctrl Pts',(13.7598732692557,4.1,13.2092114599411));
#13179=CARTESIAN_POINT('Ctrl Pts',(13.7587404295771,4.1,13.2));
#13180=CARTESIAN_POINT('Ctrl Pts',(13.7500151011402,4.12928932188135,13.2707106781187));
#13181=CARTESIAN_POINT('Ctrl Pts',(13.7500151011402,4.1231186511339,13.2645400073712));
#13182=CARTESIAN_POINT('Ctrl Pts',(13.7500151011402,4.1124025981665,13.250574533656));
#13183=CARTESIAN_POINT('Ctrl Pts',(13.7500151011402,4.10229768744573,13.2261791211473));
#13184=CARTESIAN_POINT('Ctrl Pts',(13.7500151011402,4.1,13.20872664626));
#13185=CARTESIAN_POINT('Ctrl Pts',(13.7500151011402,4.1,13.2));
#13186=CARTESIAN_POINT('',(13.7500151011402,4.1,13.2));
#13187=CARTESIAN_POINT('Origin',(13.7500151011402,4.2,13.2));
#13188=CARTESIAN_POINT('Origin',(13.7500151011402,4.1,13.1000151011402));
#13189=CARTESIAN_POINT('Origin',(13.85,4.6,13.2));
#13190=CARTESIAN_POINT('',(13.85,4.6,13.3));
#13191=CARTESIAN_POINT('',(13.95,4.6,13.2));
#13192=CARTESIAN_POINT('Ctrl Pts',(13.5048841351606,4.15488413516056,13.2451158648394));
#13193=CARTESIAN_POINT('Ctrl Pts',(13.5096209137244,4.15962091372442,13.2545894219672));
#13194=CARTESIAN_POINT('Ctrl Pts',(13.5200779242375,4.17007792423751,13.2707342972796));
#13195=CARTESIAN_POINT('Ctrl Pts',(13.5475550963938,4.19755509639379,13.2931501808023));
#13196=CARTESIAN_POINT('Ctrl Pts',(13.5695785394272,4.21957853942716,13.3));
#13197=CARTESIAN_POINT('Ctrl Pts',(13.5792848988598,4.22928489885978,13.3));
#13198=CARTESIAN_POINT('Ctrl Pts',(13.5143576922883,4.15014735659669,13.2498526434033));
#13199=CARTESIAN_POINT('Ctrl Pts',(13.519011997753,4.15494277424852,13.2583560561715));
#13200=CARTESIAN_POINT('Ctrl Pts',(13.5294667550121,4.16544494021739,13.2732156840258));
#13201=CARTESIAN_POINT('Ctrl Pts',(13.5568738043255,4.19244853180014,13.2940894548247));
#13202=CARTESIAN_POINT('Ctrl Pts',(13.5767917942325,4.21344376900322,13.3));
#13203=CARTESIAN_POINT('Ctrl Pts',(13.5854546377656,4.22311515995398,13.3));
#13204=CARTESIAN_POINT('Ctrl Pts',(13.5348489050763,4.14228634689006,13.2577136531099));
#13205=CARTESIAN_POINT('Ctrl Pts',(13.5394936009815,4.14705541515918,13.2648530202636));
#13206=CARTESIAN_POINT('Ctrl Pts',(13.5504652014457,4.15770001381259,13.2779698199894));
#13207=CARTESIAN_POINT('Ctrl Pts',(13.5780925354081,4.18398363470777,13.2961859371769));
#13208=CARTESIAN_POINT('Ctrl Pts',(13.5927449356761,4.20272752875679,13.3));
#13209=CARTESIAN_POINT('Ctrl Pts',(13.5994180025351,4.21240072523276,13.3));
#13210=CARTESIAN_POINT('Ctrl Pts',(13.5887102682781,4.13162412310747,13.2683758768925));
#13211=CARTESIAN_POINT('Ctrl Pts',(13.5927671723556,4.13694665874599,13.2744826856404));
#13212=CARTESIAN_POINT('Ctrl Pts',(13.6022709133475,4.14941483548855,13.2857973260602));
#13213=CARTESIAN_POINT('Ctrl Pts',(13.6152186271433,4.17417589269513,13.2975282567073));
#13214=CARTESIAN_POINT('Ctrl Pts',(13.620588977328,4.19245415934683,13.3));
#13215=CARTESIAN_POINT('Ctrl Pts',(13.6238097310583,4.20229734046873,13.3));
#13216=CARTESIAN_POINT('Ctrl Pts',(13.630573937092,4.12928932188135,13.2707106781187));
#13217=CARTESIAN_POINT('Ctrl Pts',(13.6316523238569,4.13511717758726,13.2765385338246));
#13218=CARTESIAN_POINT('Ctrl Pts',(13.6340015993009,4.14845283759977,13.2869862409297));
#13219=CARTESIAN_POINT('Ctrl Pts',(13.6377866496412,4.17270097045259,13.2974467161931));
#13220=CARTESIAN_POINT('Ctrl Pts',(13.6401267307443,4.19078854005892,13.3));
#13221=CARTESIAN_POINT('Ctrl Pts',(13.6412595704229,4.2,13.3));
#13222=CARTESIAN_POINT('Ctrl Pts',(13.6499848988598,4.12928932188135,13.2707106781187));
#13223=CARTESIAN_POINT('Ctrl Pts',(13.6499848988598,4.13545999262879,13.2768813488661));
#13224=CARTESIAN_POINT('Ctrl Pts',(13.6499848988598,4.14942546634404,13.2875974018335));
#13225=CARTESIAN_POINT('Ctrl Pts',(13.6499848988598,4.17382087885269,13.2977023125543));
#13226=CARTESIAN_POINT('Ctrl Pts',(13.6499848988598,4.19127335374003,13.3));
#13227=CARTESIAN_POINT('Ctrl Pts',(13.6499848988598,4.2,13.3));
#13228=CARTESIAN_POINT('',(13.6499848988598,4.2,13.3));
#13229=CARTESIAN_POINT('Origin',(13.6499848988598,4.2,13.2));
#13230=CARTESIAN_POINT('Origin',(13.6499848988598,4.29998489885978,13.3));
#13231=CARTESIAN_POINT('Origin',(13.575,4.2,13.2));
#13232=CARTESIAN_POINT('',(13.575,4.2,13.3));
#13233=CARTESIAN_POINT('',(13.575,4.1,13.2));
#13234=CARTESIAN_POINT('Origin',(13.55,4.975,13.2));
#13235=CARTESIAN_POINT('',(13.45,4.85,13.2));
#13236=CARTESIAN_POINT('',(13.45,4.975,13.2));
#13237=CARTESIAN_POINT('',(13.55,4.95,13.3));
#13238=CARTESIAN_POINT('',(13.55,4.975,13.3));
#13239=CARTESIAN_POINT('Origin',(13.55,4.95,13.2));
#13240=CARTESIAN_POINT('Origin',(14.6,5.25,13.1));
#13241=CARTESIAN_POINT('',(14.7,5.25,13.3));
#13242=CARTESIAN_POINT('',(14.7,5.25,13.1));
#13243=CARTESIAN_POINT('',(14.7,5.25,13.1));
#13244=CARTESIAN_POINT('',(14.6,5.35,13.1));
#13245=CARTESIAN_POINT('Origin',(14.6,5.25,13.1));
#13246=CARTESIAN_POINT('',(14.6,5.35,13.2));
#13247=CARTESIAN_POINT('',(14.6,5.35,13.1));
#13248=CARTESIAN_POINT('Origin',(14.6,5.25,13.2));
#13249=CARTESIAN_POINT('Ctrl Pts',(12.7548841351606,4.90488413516056,13.2451158648394));
#13250=CARTESIAN_POINT('Ctrl Pts',(12.7501473565967,4.90014735659669,13.2356423077117));
#13251=CARTESIAN_POINT('Ctrl Pts',(12.7422863468901,4.89228634689006,13.2151510949237));
#13252=CARTESIAN_POINT('Ctrl Pts',(12.7316241231075,4.88162412310747,13.1612897317219));
#13253=CARTESIAN_POINT('Ctrl Pts',(12.7292893218813,4.87928932188134,13.119426062908));
#13254=CARTESIAN_POINT('Ctrl Pts',(12.7292893218813,4.87928932188134,13.1000151011402));
#13255=CARTESIAN_POINT('Ctrl Pts',(12.7454105780328,4.90962091372442,13.2403790862756));
#13256=CARTESIAN_POINT('Ctrl Pts',(12.7416439438285,4.90494277424852,13.230988002247));
#13257=CARTESIAN_POINT('Ctrl Pts',(12.7351469797364,4.89705541515918,13.2105063990185));
#13258=CARTESIAN_POINT('Ctrl Pts',(12.7255173143596,4.88694665874599,13.1572328276444));
#13259=CARTESIAN_POINT('Ctrl Pts',(12.7234614661754,4.88511717758726,13.1183476761431));
#13260=CARTESIAN_POINT('Ctrl Pts',(12.7231186511339,4.88545999262879,13.1000151011402));
#13261=CARTESIAN_POINT('Ctrl Pts',(12.7292657027204,4.92007792423751,13.2299220757625));
#13262=CARTESIAN_POINT('Ctrl Pts',(12.7267843159742,4.91544494021739,13.2205332449879));
#13263=CARTESIAN_POINT('Ctrl Pts',(12.7220301800106,4.90770001381259,13.1995347985544));
#13264=CARTESIAN_POINT('Ctrl Pts',(12.7142026739398,4.89941483548855,13.1477290866525));
#13265=CARTESIAN_POINT('Ctrl Pts',(12.7130137590703,4.89845283759977,13.1159984006991));
#13266=CARTESIAN_POINT('Ctrl Pts',(12.7124025981665,4.89942546634404,13.1000151011402));
#13267=CARTESIAN_POINT('Ctrl Pts',(12.7068498191977,4.94755509639379,13.2024449036062));
#13268=CARTESIAN_POINT('Ctrl Pts',(12.7059105451753,4.94244853180013,13.1931261956745));
#13269=CARTESIAN_POINT('Ctrl Pts',(12.7038140628231,4.93398363470777,13.1719074645919));
#13270=CARTESIAN_POINT('Ctrl Pts',(12.7024717432927,4.92417589269513,13.1347813728567));
#13271=CARTESIAN_POINT('Ctrl Pts',(12.7025532838069,4.92270097045259,13.1122133503588));
#13272=CARTESIAN_POINT('Ctrl Pts',(12.7022976874457,4.92382087885269,13.1000151011402));
#13273=CARTESIAN_POINT('Ctrl Pts',(12.7,4.96957853942716,13.1804214605728));
#13274=CARTESIAN_POINT('Ctrl Pts',(12.7,4.96344376900323,13.1732082057675));
#13275=CARTESIAN_POINT('Ctrl Pts',(12.7,4.95272752875679,13.1572550643239));
#13276=CARTESIAN_POINT('Ctrl Pts',(12.7,4.94245415934683,13.129411022672));
#13277=CARTESIAN_POINT('Ctrl Pts',(12.7,4.94078854005892,13.1098732692557));
#13278=CARTESIAN_POINT('Ctrl Pts',(12.7,4.94127335374003,13.1000151011402));
#13279=CARTESIAN_POINT('Ctrl Pts',(12.7,4.97928489885978,13.1707151011402));
#13280=CARTESIAN_POINT('Ctrl Pts',(12.7,4.97311515995398,13.1645453622344));
#13281=CARTESIAN_POINT('Ctrl Pts',(12.7,4.96240072523276,13.1505819974649));
#13282=CARTESIAN_POINT('Ctrl Pts',(12.7,4.95229734046873,13.1261902689417));
#13283=CARTESIAN_POINT('Ctrl Pts',(12.7,4.95,13.1087404295771));
#13284=CARTESIAN_POINT('Ctrl Pts',(12.7,4.95,13.1000151011402));
#13285=CARTESIAN_POINT('Origin',(12.8,4.95,13.1));
#13286=CARTESIAN_POINT('Origin',(13.2,4.95,13.2));
#13287=CARTESIAN_POINT('',(13.2,4.95,13.3));
#13288=CARTESIAN_POINT('',(13.2,4.85,13.2));
#13289=CARTESIAN_POINT('Ctrl Pts',(12.7548841351606,5.29511586483944,13.2451158648394));
#13290=CARTESIAN_POINT('Ctrl Pts',(12.7596209137244,5.30458942196717,13.2403790862756));
#13291=CARTESIAN_POINT('Ctrl Pts',(12.7700779242375,5.32073429727959,13.2299220757625));
#13292=CARTESIAN_POINT('Ctrl Pts',(12.7975550963938,5.34315018080232,13.2024449036062));
#13293=CARTESIAN_POINT('Ctrl Pts',(12.8195785394272,5.35,13.1804214605728));
#13294=CARTESIAN_POINT('Ctrl Pts',(12.8292848988598,5.35,13.1707151011402));
#13295=CARTESIAN_POINT('Ctrl Pts',(12.7643576922883,5.29985264340331,13.2498526434033));
#13296=CARTESIAN_POINT('Ctrl Pts',(12.769011997753,5.30835605617152,13.2450572257515));
#13297=CARTESIAN_POINT('Ctrl Pts',(12.7794667550121,5.32321568402584,13.2345550597826));
#13298=CARTESIAN_POINT('Ctrl Pts',(12.8068738043255,5.34408945482473,13.2075514681999));
#13299=CARTESIAN_POINT('Ctrl Pts',(12.8267917942325,5.35,13.1865562309968));
#13300=CARTESIAN_POINT('Ctrl Pts',(12.8354546377656,5.35,13.176884840046));
#13301=CARTESIAN_POINT('Ctrl Pts',(12.7848489050763,5.30771365310994,13.2577136531099));
#13302=CARTESIAN_POINT('Ctrl Pts',(12.7894936009815,5.31485302026361,13.2529445848408));
#13303=CARTESIAN_POINT('Ctrl Pts',(12.8004652014457,5.3279698199894,13.2422999861874));
#13304=CARTESIAN_POINT('Ctrl Pts',(12.8280925354081,5.3461859371769,13.2160163652922));
#13305=CARTESIAN_POINT('Ctrl Pts',(12.8427449356761,5.35,13.1972724712432));
#13306=CARTESIAN_POINT('Ctrl Pts',(12.8494180025351,5.35,13.1875992747672));
#13307=CARTESIAN_POINT('Ctrl Pts',(12.8387102682781,5.31837587689253,13.2683758768925));
#13308=CARTESIAN_POINT('Ctrl Pts',(12.8427671723556,5.32448268564038,13.263053341254));
#13309=CARTESIAN_POINT('Ctrl Pts',(12.8522709133475,5.33579732606019,13.2505851645114));
#13310=CARTESIAN_POINT('Ctrl Pts',(12.8652186271433,5.34752825670732,13.2258241073049));
#13311=CARTESIAN_POINT('Ctrl Pts',(12.870588977328,5.35,13.2075458406532));
#13312=CARTESIAN_POINT('Ctrl Pts',(12.8738097310583,5.35,13.1977026595313));
#13313=CARTESIAN_POINT('Ctrl Pts',(12.880573937092,5.32071067811865,13.2707106781187));
#13314=CARTESIAN_POINT('Ctrl Pts',(12.8816523238569,5.32653853382457,13.2648828224127));
#13315=CARTESIAN_POINT('Ctrl Pts',(12.8840015993009,5.33698624092974,13.2515471624002));
#13316=CARTESIAN_POINT('Ctrl Pts',(12.8877866496412,5.34744671619307,13.2272990295474));
#13317=CARTESIAN_POINT('Ctrl Pts',(12.8901267307443,5.35,13.2092114599411));
#13318=CARTESIAN_POINT('Ctrl Pts',(12.8912595704229,5.35,13.2));
#13319=CARTESIAN_POINT('Ctrl Pts',(12.8999848988598,5.32071067811865,13.2707106781187));
#13320=CARTESIAN_POINT('Ctrl Pts',(12.8999848988598,5.3268813488661,13.2645400073712));
#13321=CARTESIAN_POINT('Ctrl Pts',(12.8999848988598,5.3375974018335,13.250574533656));
#13322=CARTESIAN_POINT('Ctrl Pts',(12.8999848988598,5.34770231255427,13.2261791211473));
#13323=CARTESIAN_POINT('Ctrl Pts',(12.8999848988598,5.35,13.20872664626));
#13324=CARTESIAN_POINT('Ctrl Pts',(12.8999848988598,5.35,13.2));
#13325=CARTESIAN_POINT('',(12.8999848988598,5.35,13.2));
#13326=CARTESIAN_POINT('Origin',(12.8999848988598,5.25,13.2));
#13327=CARTESIAN_POINT('Origin',(12.8999848988598,5.35,13.1000151011402));
#13328=CARTESIAN_POINT('Origin',(12.8,5.225,13.2));
#13329=CARTESIAN_POINT('',(12.8,5.225,13.3));
#13330=CARTESIAN_POINT('',(12.7,5.225,13.2));
#13331=CARTESIAN_POINT('Ctrl Pts',(13.8951158648394,6.04511586483945,13.2451158648394));
#13332=CARTESIAN_POINT('Ctrl Pts',(13.8998526434033,6.04985264340331,13.2356423077117));
#13333=CARTESIAN_POINT('Ctrl Pts',(13.9077136531099,6.05771365310994,13.2151510949237));
#13334=CARTESIAN_POINT('Ctrl Pts',(13.9183758768925,6.06837587689253,13.1612897317219));
#13335=CARTESIAN_POINT('Ctrl Pts',(13.9207106781187,6.07071067811866,13.119426062908));
#13336=CARTESIAN_POINT('Ctrl Pts',(13.9207106781187,6.07071067811866,13.1000151011402));
#13337=CARTESIAN_POINT('Ctrl Pts',(13.9045894219672,6.04037908627558,13.2403790862756));
#13338=CARTESIAN_POINT('Ctrl Pts',(13.9083560561715,6.04505722575148,13.230988002247));
#13339=CARTESIAN_POINT('Ctrl Pts',(13.9148530202636,6.05294458484082,13.2105063990185));
#13340=CARTESIAN_POINT('Ctrl Pts',(13.9244826856404,6.06305334125401,13.1572328276444));
#13341=CARTESIAN_POINT('Ctrl Pts',(13.9265385338246,6.06488282241274,13.1183476761431));
#13342=CARTESIAN_POINT('Ctrl Pts',(13.9268813488661,6.06454000737121,13.1000151011402));
#13343=CARTESIAN_POINT('Ctrl Pts',(13.9207342972796,6.02992207576249,13.2299220757625));
#13344=CARTESIAN_POINT('Ctrl Pts',(13.9232156840259,6.03455505978261,13.2205332449879));
#13345=CARTESIAN_POINT('Ctrl Pts',(13.9279698199894,6.04229998618742,13.1995347985544));
#13346=CARTESIAN_POINT('Ctrl Pts',(13.9357973260602,6.05058516451144,13.1477290866525));
#13347=CARTESIAN_POINT('Ctrl Pts',(13.9369862409297,6.05154716240023,13.1159984006991));
#13348=CARTESIAN_POINT('Ctrl Pts',(13.9375974018335,6.05057453365597,13.1000151011402));
#13349=CARTESIAN_POINT('Ctrl Pts',(13.9431501808023,6.00244490360621,13.2024449036062));
#13350=CARTESIAN_POINT('Ctrl Pts',(13.9440894548247,6.00755146819987,13.1931261956745));
#13351=CARTESIAN_POINT('Ctrl Pts',(13.9461859371769,6.01601636529223,13.1719074645919));
#13352=CARTESIAN_POINT('Ctrl Pts',(13.9475282567073,6.02582410730487,13.1347813728567));
#13353=CARTESIAN_POINT('Ctrl Pts',(13.9474467161931,6.02729902954741,13.1122133503588));
#13354=CARTESIAN_POINT('Ctrl Pts',(13.9477023125543,6.02617912114731,13.1000151011402));
#13355=CARTESIAN_POINT('Ctrl Pts',(13.95,5.98042146057284,13.1804214605728));
#13356=CARTESIAN_POINT('Ctrl Pts',(13.95,5.98655623099678,13.1732082057675));
#13357=CARTESIAN_POINT('Ctrl Pts',(13.95,5.99727247124321,13.1572550643239));
#13358=CARTESIAN_POINT('Ctrl Pts',(13.95,6.00754584065317,13.129411022672));
#13359=CARTESIAN_POINT('Ctrl Pts',(13.95,6.00921145994108,13.1098732692557));
#13360=CARTESIAN_POINT('Ctrl Pts',(13.95,6.00872664625997,13.1000151011402));
#13361=CARTESIAN_POINT('Ctrl Pts',(13.95,5.97071510114022,13.1707151011402));
#13362=CARTESIAN_POINT('Ctrl Pts',(13.95,5.97688484004602,13.1645453622344));
#13363=CARTESIAN_POINT('Ctrl Pts',(13.95,5.98759927476724,13.1505819974649));
#13364=CARTESIAN_POINT('Ctrl Pts',(13.95,5.99770265953127,13.1261902689417));
#13365=CARTESIAN_POINT('Ctrl Pts',(13.95,6.,13.1087404295771));
#13366=CARTESIAN_POINT('Ctrl Pts',(13.95,6.,13.1000151011402));
#13367=CARTESIAN_POINT('Origin',(13.85,6.,13.1));
#13368=CARTESIAN_POINT('Origin',(13.575,5.25,13.2));
#13369=CARTESIAN_POINT('',(13.45,5.35,13.2));
#13370=CARTESIAN_POINT('',(13.575,5.35,13.2));
#13371=CARTESIAN_POINT('',(13.55,5.25,13.3));
#13372=CARTESIAN_POINT('',(13.575,5.25,13.3));
#13373=CARTESIAN_POINT('Origin',(13.55,5.25,13.2));
#13374=CARTESIAN_POINT('Ctrl Pts',(13.5048841351606,6.04511586483945,13.2451158648394));
#13375=CARTESIAN_POINT('Ctrl Pts',(13.5001473565967,6.04985264340331,13.2356423077117));
#13376=CARTESIAN_POINT('Ctrl Pts',(13.4922863468901,6.05771365310994,13.2151510949237));
#13377=CARTESIAN_POINT('Ctrl Pts',(13.4816241231075,6.06837587689253,13.1612897317219));
#13378=CARTESIAN_POINT('Ctrl Pts',(13.4792893218813,6.07071067811866,13.119426062908));
#13379=CARTESIAN_POINT('Ctrl Pts',(13.4792893218813,6.07071067811866,13.1000151011402));
#13380=CARTESIAN_POINT('Ctrl Pts',(13.5096209137244,6.05458942196717,13.2403790862756));
#13381=CARTESIAN_POINT('Ctrl Pts',(13.5049427742485,6.05835605617153,13.230988002247));
#13382=CARTESIAN_POINT('Ctrl Pts',(13.4970554151592,6.06485302026361,13.2105063990185));
#13383=CARTESIAN_POINT('Ctrl Pts',(13.486946658746,6.07448268564039,13.1572328276444));
#13384=CARTESIAN_POINT('Ctrl Pts',(13.4851171775873,6.07653853382457,13.1183476761431));
#13385=CARTESIAN_POINT('Ctrl Pts',(13.4854599926288,6.0768813488661,13.1000151011402));
#13386=CARTESIAN_POINT('Ctrl Pts',(13.5200779242375,6.07073429727959,13.2299220757625));
#13387=CARTESIAN_POINT('Ctrl Pts',(13.5154449402174,6.07321568402585,13.2205332449879));
#13388=CARTESIAN_POINT('Ctrl Pts',(13.5077000138126,6.07796981998939,13.1995347985544));
#13389=CARTESIAN_POINT('Ctrl Pts',(13.4994148354885,6.08579732606018,13.1477290866525));
#13390=CARTESIAN_POINT('Ctrl Pts',(13.4984528375998,6.08698624092974,13.1159984006991));
#13391=CARTESIAN_POINT('Ctrl Pts',(13.499425466344,6.0875974018335,13.1000151011402));
#13392=CARTESIAN_POINT('Ctrl Pts',(13.5475550963938,6.09315018080232,13.2024449036062));
#13393=CARTESIAN_POINT('Ctrl Pts',(13.5424485318001,6.09408945482473,13.1931261956745));
#13394=CARTESIAN_POINT('Ctrl Pts',(13.5339836347078,6.0961859371769,13.1719074645919));
#13395=CARTESIAN_POINT('Ctrl Pts',(13.5241758926951,6.09752825670733,13.1347813728567));
#13396=CARTESIAN_POINT('Ctrl Pts',(13.5227009704526,6.09744671619307,13.1122133503588));
#13397=CARTESIAN_POINT('Ctrl Pts',(13.5238208788527,6.09770231255427,13.1000151011402));
#13398=CARTESIAN_POINT('Ctrl Pts',(13.5695785394272,6.1,13.1804214605728));
#13399=CARTESIAN_POINT('Ctrl Pts',(13.5634437690032,6.1,13.1732082057675));
#13400=CARTESIAN_POINT('Ctrl Pts',(13.5527275287568,6.1,13.1572550643239));
#13401=CARTESIAN_POINT('Ctrl Pts',(13.5424541593468,6.1,13.129411022672));
#13402=CARTESIAN_POINT('Ctrl Pts',(13.5407885400589,6.1,13.1098732692557));
#13403=CARTESIAN_POINT('Ctrl Pts',(13.54127335374,6.1,13.1000151011402));
#13404=CARTESIAN_POINT('Ctrl Pts',(13.5792848988598,6.1,13.1707151011402));
#13405=CARTESIAN_POINT('Ctrl Pts',(13.573115159954,6.1,13.1645453622344));
#13406=CARTESIAN_POINT('Ctrl Pts',(13.5624007252328,6.1,13.1505819974649));
#13407=CARTESIAN_POINT('Ctrl Pts',(13.5522973404687,6.1,13.1261902689417));
#13408=CARTESIAN_POINT('Ctrl Pts',(13.55,6.1,13.1087404295771));
#13409=CARTESIAN_POINT('Ctrl Pts',(13.55,6.1,13.1000151011402));
#13410=CARTESIAN_POINT('Origin',(13.55,6.,13.1));
#13411=CARTESIAN_POINT('Origin',(13.55,5.6,13.2));
#13412=CARTESIAN_POINT('',(13.55,5.6,13.3));
#13413=CARTESIAN_POINT('',(13.45,5.6,13.2));
#13414=CARTESIAN_POINT('Origin',(13.825,6.,13.2));
#13415=CARTESIAN_POINT('',(13.825,6.,13.3));
#13416=CARTESIAN_POINT('',(13.825,6.1,13.2));
#13417=CARTESIAN_POINT('Origin',(13.85,5.225,13.2));
#13418=CARTESIAN_POINT('',(13.95,5.35,13.2));
#13419=CARTESIAN_POINT('',(13.95,5.225,13.2));
#13420=CARTESIAN_POINT('',(13.85,5.25,13.3));
#13421=CARTESIAN_POINT('',(13.85,5.225,13.3));
#13422=CARTESIAN_POINT('Origin',(13.85,5.25,13.2));
#13423=CARTESIAN_POINT('Origin',(14.2,5.25,13.2));
#13424=CARTESIAN_POINT('',(14.2,5.35,13.2));
#13425=CARTESIAN_POINT('',(14.2,5.25,13.3));
#13426=CARTESIAN_POINT('Origin',(13.95,4.85,13.1));
#13427=CARTESIAN_POINT('',(13.95,4.85,13.1));
#13428=CARTESIAN_POINT('',(13.95,4.85,13.1));
#13429=CARTESIAN_POINT('',(11.,4.85,13.1));
#13430=CARTESIAN_POINT('Origin',(13.95,4.1,13.1));
#13431=CARTESIAN_POINT('',(13.95,2.3,13.1));
#13432=CARTESIAN_POINT('Origin',(13.45,4.1,13.1));
#13433=CARTESIAN_POINT('',(10.75,4.1,13.1));
#13434=CARTESIAN_POINT('Origin',(13.45,4.85,13.1));
#13435=CARTESIAN_POINT('',(13.45,4.85,13.1));
#13436=CARTESIAN_POINT('',(13.45,4.85,13.1));
#13437=CARTESIAN_POINT('',(13.45,2.675,13.1));
#13438=CARTESIAN_POINT('Origin',(12.7,4.85,13.1));
#13439=CARTESIAN_POINT('',(10.375,4.85,13.1));
#13440=CARTESIAN_POINT('Origin',(12.7,5.35,13.1));
#13441=CARTESIAN_POINT('',(12.7,2.925,13.1));
#13442=CARTESIAN_POINT('Origin',(13.45,5.35,13.1));
#13443=CARTESIAN_POINT('',(13.45,5.35,13.1));
#13444=CARTESIAN_POINT('',(13.45,5.35,13.1));
#13445=CARTESIAN_POINT('',(10.75,5.35,13.1));
#13446=CARTESIAN_POINT('Origin',(13.45,6.1,13.1));
#13447=CARTESIAN_POINT('',(13.45,3.3,13.1));
#13448=CARTESIAN_POINT('Ctrl Pts',(1.95488413516056,4.90488413516056,13.2451158648394));
#13449=CARTESIAN_POINT('Ctrl Pts',(1.95014735659669,4.90014735659669,13.2356423077117));
#13450=CARTESIAN_POINT('Ctrl Pts',(1.94228634689007,4.89228634689006,13.2151510949237));
#13451=CARTESIAN_POINT('Ctrl Pts',(1.93162412310747,4.88162412310747,13.1612897317219));
#13452=CARTESIAN_POINT('Ctrl Pts',(1.92928932188135,4.87928932188134,13.119426062908));
#13453=CARTESIAN_POINT('Ctrl Pts',(1.92928932188135,4.87928932188134,13.1000151011402));
#13454=CARTESIAN_POINT('Ctrl Pts',(1.94541057803283,4.90962091372442,13.2403790862756));
#13455=CARTESIAN_POINT('Ctrl Pts',(1.94164394382848,4.90494277424852,13.230988002247));
#13456=CARTESIAN_POINT('Ctrl Pts',(1.93514697973639,4.89705541515918,13.2105063990185));
#13457=CARTESIAN_POINT('Ctrl Pts',(1.92551731435962,4.88694665874599,13.1572328276444));
#13458=CARTESIAN_POINT('Ctrl Pts',(1.92346146617543,4.88511717758726,13.1183476761431));
#13459=CARTESIAN_POINT('Ctrl Pts',(1.9231186511339,4.88545999262879,13.1000151011402));
#13460=CARTESIAN_POINT('Ctrl Pts',(1.92926570272041,4.92007792423751,13.2299220757625));
#13461=CARTESIAN_POINT('Ctrl Pts',(1.92678431597416,4.91544494021739,13.2205332449879));
#13462=CARTESIAN_POINT('Ctrl Pts',(1.92203018001061,4.90770001381259,13.1995347985544));
#13463=CARTESIAN_POINT('Ctrl Pts',(1.91420267393982,4.89941483548855,13.1477290866525));
#13464=CARTESIAN_POINT('Ctrl Pts',(1.91301375907026,4.89845283759977,13.1159984006991));
#13465=CARTESIAN_POINT('Ctrl Pts',(1.9124025981665,4.89942546634404,13.1000151011402));
#13466=CARTESIAN_POINT('Ctrl Pts',(1.90684981919769,4.94755509639379,13.2024449036062));
#13467=CARTESIAN_POINT('Ctrl Pts',(1.90591054517527,4.94244853180013,13.1931261956745));
#13468=CARTESIAN_POINT('Ctrl Pts',(1.9038140628231,4.93398363470777,13.1719074645919));
#13469=CARTESIAN_POINT('Ctrl Pts',(1.90247174329267,4.92417589269513,13.1347813728567));
#13470=CARTESIAN_POINT('Ctrl Pts',(1.90255328380693,4.92270097045259,13.1122133503588));
#13471=CARTESIAN_POINT('Ctrl Pts',(1.90229768744573,4.92382087885269,13.1000151011402));
#13472=CARTESIAN_POINT('Ctrl Pts',(1.9,4.96957853942716,13.1804214605728));
#13473=CARTESIAN_POINT('Ctrl Pts',(1.9,4.96344376900323,13.1732082057675));
#13474=CARTESIAN_POINT('Ctrl Pts',(1.9,4.95272752875679,13.1572550643239));
#13475=CARTESIAN_POINT('Ctrl Pts',(1.9,4.94245415934683,13.129411022672));
#13476=CARTESIAN_POINT('Ctrl Pts',(1.9,4.94078854005892,13.1098732692557));
#13477=CARTESIAN_POINT('Ctrl Pts',(1.9,4.94127335374003,13.1000151011402));
#13478=CARTESIAN_POINT('Ctrl Pts',(1.9,4.97928489885978,13.1707151011402));
#13479=CARTESIAN_POINT('Ctrl Pts',(1.9,4.97311515995398,13.1645453622344));
#13480=CARTESIAN_POINT('Ctrl Pts',(1.9,4.96240072523276,13.1505819974649));
#13481=CARTESIAN_POINT('Ctrl Pts',(1.9,4.95229734046873,13.1261902689417));
#13482=CARTESIAN_POINT('Ctrl Pts',(1.9,4.95,13.1087404295771));
#13483=CARTESIAN_POINT('Ctrl Pts',(1.9,4.95,13.1000151011402));
#13484=CARTESIAN_POINT('Origin',(2.,4.95,13.1));
#13485=CARTESIAN_POINT('Ctrl Pts',(3.84511586483945,4.90488413516056,13.2451158648394));
#13486=CARTESIAN_POINT('Ctrl Pts',(3.84037908627558,4.89541057803283,13.2403790862756));
#13487=CARTESIAN_POINT('Ctrl Pts',(3.82992207576249,4.87926570272041,13.2299220757625));
#13488=CARTESIAN_POINT('Ctrl Pts',(3.80244490360621,4.85684981919769,13.2024449036062));
#13489=CARTESIAN_POINT('Ctrl Pts',(3.78042146057284,4.85,13.1804214605728));
#13490=CARTESIAN_POINT('Ctrl Pts',(3.77071510114022,4.85,13.1707151011402));
#13491=CARTESIAN_POINT('Ctrl Pts',(3.83564230771172,4.90014735659669,13.2498526434033));
#13492=CARTESIAN_POINT('Ctrl Pts',(3.83098800224698,4.89164394382848,13.2450572257515));
#13493=CARTESIAN_POINT('Ctrl Pts',(3.8205332449879,4.87678431597415,13.2345550597826));
#13494=CARTESIAN_POINT('Ctrl Pts',(3.79312619567447,4.85591054517527,13.2075514681999));
#13495=CARTESIAN_POINT('Ctrl Pts',(3.7732082057675,4.85,13.1865562309968));
#13496=CARTESIAN_POINT('Ctrl Pts',(3.76454536223442,4.85,13.176884840046));
#13497=CARTESIAN_POINT('Ctrl Pts',(3.81515109492372,4.89228634689006,13.2577136531099));
#13498=CARTESIAN_POINT('Ctrl Pts',(3.81050639901847,4.88514697973639,13.2529445848408));
#13499=CARTESIAN_POINT('Ctrl Pts',(3.79953479855435,4.87203018001061,13.2422999861874));
#13500=CARTESIAN_POINT('Ctrl Pts',(3.77190746459192,4.8538140628231,13.2160163652922));
#13501=CARTESIAN_POINT('Ctrl Pts',(3.75725506432394,4.85,13.1972724712432));
#13502=CARTESIAN_POINT('Ctrl Pts',(3.75058199746494,4.85,13.1875992747672));
#13503=CARTESIAN_POINT('Ctrl Pts',(3.7612897317219,4.88162412310747,13.2683758768925));
#13504=CARTESIAN_POINT('Ctrl Pts',(3.75723282764441,4.87551731435962,13.263053341254));
#13505=CARTESIAN_POINT('Ctrl Pts',(3.74772908665249,4.86420267393981,13.2505851645114));
#13506=CARTESIAN_POINT('Ctrl Pts',(3.73478137285667,4.85247174329267,13.2258241073049));
#13507=CARTESIAN_POINT('Ctrl Pts',(3.72941102267203,4.85,13.2075458406532));
#13508=CARTESIAN_POINT('Ctrl Pts',(3.72619026894174,4.85,13.1977026595313));
#13509=CARTESIAN_POINT('Ctrl Pts',(3.71942606290801,4.87928932188134,13.2707106781187));
#13510=CARTESIAN_POINT('Ctrl Pts',(3.71834767614313,4.87346146617543,13.2648828224127));
#13511=CARTESIAN_POINT('Ctrl Pts',(3.7159984006991,4.86301375907026,13.2515471624002));
#13512=CARTESIAN_POINT('Ctrl Pts',(3.7122133503588,4.85255328380693,13.2272990295474));
#13513=CARTESIAN_POINT('Ctrl Pts',(3.70987326925571,4.85,13.2092114599411));
#13514=CARTESIAN_POINT('Ctrl Pts',(3.70874042957711,4.85,13.2));
#13515=CARTESIAN_POINT('Ctrl Pts',(3.70001510114022,4.87928932188134,13.2707106781187));
#13516=CARTESIAN_POINT('Ctrl Pts',(3.70001510114022,4.8731186511339,13.2645400073712));
#13517=CARTESIAN_POINT('Ctrl Pts',(3.70001510114022,4.8624025981665,13.250574533656));
#13518=CARTESIAN_POINT('Ctrl Pts',(3.70001510114022,4.85229768744573,13.2261791211473));
#13519=CARTESIAN_POINT('Ctrl Pts',(3.70001510114022,4.85,13.20872664626));
#13520=CARTESIAN_POINT('Ctrl Pts',(3.70001510114022,4.85,13.2));
#13521=CARTESIAN_POINT('',(3.70001510114022,4.85,13.2));
#13522=CARTESIAN_POINT('Origin',(3.70001510114022,4.95,13.2));
#13523=CARTESIAN_POINT('Origin',(3.70001510114022,4.85,13.1000151011402));
#13524=CARTESIAN_POINT('Ctrl Pts',(1.95488413516056,5.29511586483944,13.2451158648394));
#13525=CARTESIAN_POINT('Ctrl Pts',(1.95962091372442,5.30458942196717,13.2403790862756));
#13526=CARTESIAN_POINT('Ctrl Pts',(1.97007792423751,5.32073429727959,13.2299220757625));
#13527=CARTESIAN_POINT('Ctrl Pts',(1.99755509639379,5.34315018080232,13.2024449036062));
#13528=CARTESIAN_POINT('Ctrl Pts',(2.01957853942716,5.35,13.1804214605728));
#13529=CARTESIAN_POINT('Ctrl Pts',(2.02928489885978,5.35,13.1707151011402));
#13530=CARTESIAN_POINT('Ctrl Pts',(1.96435769228829,5.29985264340331,13.2498526434033));
#13531=CARTESIAN_POINT('Ctrl Pts',(1.96901199775303,5.30835605617152,13.2450572257515));
#13532=CARTESIAN_POINT('Ctrl Pts',(1.97946675501211,5.32321568402584,13.2345550597826));
#13533=CARTESIAN_POINT('Ctrl Pts',(2.00687380432553,5.34408945482473,13.2075514681999));
#13534=CARTESIAN_POINT('Ctrl Pts',(2.0267917942325,5.35,13.1865562309968));
#13535=CARTESIAN_POINT('Ctrl Pts',(2.03545463776558,5.35,13.176884840046));
#13536=CARTESIAN_POINT('Ctrl Pts',(1.98484890507628,5.30771365310994,13.2577136531099));
#13537=CARTESIAN_POINT('Ctrl Pts',(1.98949360098153,5.31485302026361,13.2529445848408));
#13538=CARTESIAN_POINT('Ctrl Pts',(2.00046520144565,5.3279698199894,13.2422999861874));
#13539=CARTESIAN_POINT('Ctrl Pts',(2.02809253540808,5.3461859371769,13.2160163652922));
#13540=CARTESIAN_POINT('Ctrl Pts',(2.04274493567606,5.35,13.1972724712432));
#13541=CARTESIAN_POINT('Ctrl Pts',(2.04941800253506,5.35,13.1875992747672));
#13542=CARTESIAN_POINT('Ctrl Pts',(2.03871026827811,5.31837587689253,13.2683758768925));
#13543=CARTESIAN_POINT('Ctrl Pts',(2.0427671723556,5.32448268564038,13.263053341254));
#13544=CARTESIAN_POINT('Ctrl Pts',(2.05227091334752,5.33579732606019,13.2505851645114));
#13545=CARTESIAN_POINT('Ctrl Pts',(2.06521862714333,5.34752825670732,13.2258241073049));
#13546=CARTESIAN_POINT('Ctrl Pts',(2.07058897732798,5.35,13.2075458406532));
#13547=CARTESIAN_POINT('Ctrl Pts',(2.07380973105826,5.35,13.1977026595313));
#13548=CARTESIAN_POINT('Ctrl Pts',(2.080573937092,5.32071067811865,13.2707106781187));
#13549=CARTESIAN_POINT('Ctrl Pts',(2.08165232385687,5.32653853382457,13.2648828224127));
#13550=CARTESIAN_POINT('Ctrl Pts',(2.0840015993009,5.33698624092974,13.2515471624002));
#13551=CARTESIAN_POINT('Ctrl Pts',(2.0877866496412,5.34744671619307,13.2272990295474));
#13552=CARTESIAN_POINT('Ctrl Pts',(2.0901267307443,5.35,13.2092114599411));
#13553=CARTESIAN_POINT('Ctrl Pts',(2.0912595704229,5.35,13.2));
#13554=CARTESIAN_POINT('Ctrl Pts',(2.09998489885978,5.32071067811865,13.2707106781187));
#13555=CARTESIAN_POINT('Ctrl Pts',(2.09998489885978,5.3268813488661,13.2645400073712));
#13556=CARTESIAN_POINT('Ctrl Pts',(2.09998489885978,5.3375974018335,13.250574533656));
#13557=CARTESIAN_POINT('Ctrl Pts',(2.09998489885978,5.34770231255427,13.2261791211473));
#13558=CARTESIAN_POINT('Ctrl Pts',(2.09998489885978,5.35,13.20872664626));
#13559=CARTESIAN_POINT('Ctrl Pts',(2.09998489885978,5.35,13.2));
#13560=CARTESIAN_POINT('',(2.09998489885978,5.35,13.2));
#13561=CARTESIAN_POINT('Origin',(2.09998489885978,5.25,13.2));
#13562=CARTESIAN_POINT('Origin',(2.09998489885978,5.35,13.1000151011402));
#13563=CARTESIAN_POINT('Origin',(2.,5.225,13.2));
#13564=CARTESIAN_POINT('',(2.,5.225,13.3));
#13565=CARTESIAN_POINT('',(1.9,5.225,13.2));
#13566=CARTESIAN_POINT('Ctrl Pts',(3.84511586483945,5.29511586483944,13.2451158648394));
#13567=CARTESIAN_POINT('Ctrl Pts',(3.84985264340331,5.29985264340331,13.2356423077117));
#13568=CARTESIAN_POINT('Ctrl Pts',(3.85771365310994,5.30771365310994,13.2151510949237));
#13569=CARTESIAN_POINT('Ctrl Pts',(3.86837587689253,5.31837587689253,13.1612897317219));
#13570=CARTESIAN_POINT('Ctrl Pts',(3.87071067811866,5.32071067811865,13.119426062908));
#13571=CARTESIAN_POINT('Ctrl Pts',(3.87071067811866,5.32071067811865,13.1000151011402));
#13572=CARTESIAN_POINT('Ctrl Pts',(3.85458942196717,5.29037908627558,13.2403790862756));
#13573=CARTESIAN_POINT('Ctrl Pts',(3.85835605617153,5.29505722575148,13.230988002247));
#13574=CARTESIAN_POINT('Ctrl Pts',(3.86485302026361,5.30294458484082,13.2105063990185));
#13575=CARTESIAN_POINT('Ctrl Pts',(3.87448268564038,5.31305334125401,13.1572328276444));
#13576=CARTESIAN_POINT('Ctrl Pts',(3.87653853382457,5.31488282241274,13.1183476761431));
#13577=CARTESIAN_POINT('Ctrl Pts',(3.8768813488661,5.31454000737121,13.1000151011402));
#13578=CARTESIAN_POINT('Ctrl Pts',(3.87073429727959,5.27992207576249,13.2299220757625));
#13579=CARTESIAN_POINT('Ctrl Pts',(3.87321568402585,5.28455505978261,13.2205332449879));
#13580=CARTESIAN_POINT('Ctrl Pts',(3.8779698199894,5.29229998618742,13.1995347985544));
#13581=CARTESIAN_POINT('Ctrl Pts',(3.88579732606018,5.30058516451144,13.1477290866525));
#13582=CARTESIAN_POINT('Ctrl Pts',(3.88698624092974,5.30154716240023,13.1159984006991));
#13583=CARTESIAN_POINT('Ctrl Pts',(3.8875974018335,5.30057453365596,13.1000151011402));
#13584=CARTESIAN_POINT('Ctrl Pts',(3.89315018080232,5.2524449036062,13.2024449036062));
#13585=CARTESIAN_POINT('Ctrl Pts',(3.89408945482473,5.25755146819986,13.1931261956745));
#13586=CARTESIAN_POINT('Ctrl Pts',(3.8961859371769,5.26601636529223,13.1719074645919));
#13587=CARTESIAN_POINT('Ctrl Pts',(3.89752825670733,5.27582410730487,13.1347813728567));
#13588=CARTESIAN_POINT('Ctrl Pts',(3.89744671619307,5.27729902954741,13.1122133503588));
#13589=CARTESIAN_POINT('Ctrl Pts',(3.89770231255427,5.27617912114731,13.1000151011402));
#13590=CARTESIAN_POINT('Ctrl Pts',(3.9,5.23042146057284,13.1804214605728));
#13591=CARTESIAN_POINT('Ctrl Pts',(3.9,5.23655623099677,13.1732082057675));
#13592=CARTESIAN_POINT('Ctrl Pts',(3.9,5.24727247124321,13.1572550643239));
#13593=CARTESIAN_POINT('Ctrl Pts',(3.9,5.25754584065317,13.129411022672));
#13594=CARTESIAN_POINT('Ctrl Pts',(3.9,5.25921145994108,13.1098732692557));
#13595=CARTESIAN_POINT('Ctrl Pts',(3.9,5.25872664625997,13.1000151011402));
#13596=CARTESIAN_POINT('Ctrl Pts',(3.9,5.22071510114022,13.1707151011402));
#13597=CARTESIAN_POINT('Ctrl Pts',(3.9,5.22688484004602,13.1645453622344));
#13598=CARTESIAN_POINT('Ctrl Pts',(3.9,5.23759927476724,13.1505819974649));
#13599=CARTESIAN_POINT('Ctrl Pts',(3.9,5.24770265953127,13.1261902689417));
#13600=CARTESIAN_POINT('Ctrl Pts',(3.9,5.25,13.1087404295771));
#13601=CARTESIAN_POINT('Ctrl Pts',(3.9,5.25,13.1000151011402));
#13602=CARTESIAN_POINT('Origin',(3.8,5.25,13.1));
#13603=CARTESIAN_POINT('Origin',(3.4,5.25,13.2));
#13604=CARTESIAN_POINT('',(3.4,5.25,13.3));
#13605=CARTESIAN_POINT('',(3.4,5.35,13.2));
#13606=CARTESIAN_POINT('Origin',(3.8,4.975,13.2));
#13607=CARTESIAN_POINT('',(3.8,4.975,13.3));
#13608=CARTESIAN_POINT('',(3.9,4.975,13.2));
#13609=CARTESIAN_POINT('Origin',(2.4,4.95,13.2));
#13610=CARTESIAN_POINT('',(2.4,4.95,13.3));
#13611=CARTESIAN_POINT('',(2.4,4.85,13.2));
#13612=CARTESIAN_POINT('Origin',(1.9,5.35,13.1));
#13613=CARTESIAN_POINT('',(1.9,2.925,13.1));
#13614=CARTESIAN_POINT('Origin',(3.9,5.35,13.1));
#13615=CARTESIAN_POINT('',(5.975,5.35,13.1));
#13616=CARTESIAN_POINT('Origin',(2.9,5.1,13.3));
#13617=CARTESIAN_POINT('Origin',(3.9,4.85,13.1));
#13618=CARTESIAN_POINT('',(3.9,2.675,13.1));
#13619=CARTESIAN_POINT('Origin',(1.9,4.85,13.1));
#13620=CARTESIAN_POINT('',(4.975,4.85,13.1));
#13621=CARTESIAN_POINT('Origin',(13.95,6.1,13.1));
#13622=CARTESIAN_POINT('',(11.,6.1,13.1));
#13623=CARTESIAN_POINT('Origin',(13.95,5.35,13.1));
#13624=CARTESIAN_POINT('',(13.95,5.35,13.1));
#13625=CARTESIAN_POINT('',(13.95,5.35,13.1));
#13626=CARTESIAN_POINT('',(13.95,2.925,13.1));
#13627=CARTESIAN_POINT('Origin',(14.7,5.35,13.1));
#13628=CARTESIAN_POINT('',(11.375,5.35,13.1));
#13629=CARTESIAN_POINT('Origin',(14.7,4.85,13.1));
#13630=CARTESIAN_POINT('',(14.7,2.675,13.1));
#13631=CARTESIAN_POINT('',(14.7,4.85,13.3));
#13632=CARTESIAN_POINT('Origin',(13.7,5.1,13.3));
#13633=CARTESIAN_POINT('Origin',(5.8,1.5,4.4));
#13634=CARTESIAN_POINT('',(5.8,1.5,4.4));
#13635=CARTESIAN_POINT('',(6.4,1.5,4.4));
#13636=CARTESIAN_POINT('',(6.925,1.5,4.4));
#13637=CARTESIAN_POINT('',(5.8,1.5,11.4));
#13638=CARTESIAN_POINT('',(5.8,1.5,4.4));
#13639=CARTESIAN_POINT('',(6.4,1.5,11.4));
#13640=CARTESIAN_POINT('',(5.8,1.5,11.4));
#13641=CARTESIAN_POINT('',(6.4,1.5,4.4));
#13642=CARTESIAN_POINT('Origin',(6.1,1.65,11.4));
#13643=CARTESIAN_POINT('',(5.8,1.8,11.4));
#13644=CARTESIAN_POINT('',(5.8,1.8,11.4));
#13645=CARTESIAN_POINT('',(6.4,1.8,11.4));
#13646=CARTESIAN_POINT('',(6.25,1.8,11.4));
#13647=CARTESIAN_POINT('',(6.4,1.5,11.4));
#13648=CARTESIAN_POINT('Origin',(1.59999996423721,3.79999991506338,4.4));
#13649=CARTESIAN_POINT('',(1.59999996423721,3.79999991506338,4.4));
#13650=CARTESIAN_POINT('',(1.59999996423721,3.2,4.4));
#13651=CARTESIAN_POINT('',(1.59999996423721,2.14999995753169,4.4));
#13652=CARTESIAN_POINT('',(1.59999996423721,3.79999991506338,11.4));
#13653=CARTESIAN_POINT('',(1.59999996423721,3.79999991506338,4.4));
#13654=CARTESIAN_POINT('',(1.59999996423721,3.2,11.4));
#13655=CARTESIAN_POINT('',(1.59999996423721,3.2,11.4));
#13656=CARTESIAN_POINT('',(1.59999996423721,3.2,4.4));
#13657=CARTESIAN_POINT('Origin',(1.74999998211861,3.49999995753169,11.4));
#13658=CARTESIAN_POINT('',(1.9,3.2,11.4));
#13659=CARTESIAN_POINT('',(1.9,3.79999991506338,11.4));
#13660=CARTESIAN_POINT('',(1.9,3.34999997876585,11.4));
#13661=CARTESIAN_POINT('',(1.9,3.2,11.4));
#13662=CARTESIAN_POINT('',(1.59999996423721,3.79999991506338,11.4));
#13663=CARTESIAN_POINT('Origin',(12.9,3.79999991506338,4.4));
#13664=CARTESIAN_POINT('',(12.9,3.79999991506338,4.4));
#13665=CARTESIAN_POINT('',(12.9,3.20021991610514,4.4));
#13666=CARTESIAN_POINT('',(12.9,2.14999995753169,4.4));
#13667=CARTESIAN_POINT('',(12.9,3.79999991506338,11.4));
#13668=CARTESIAN_POINT('',(12.9,3.79999991506338,4.4));
#13669=CARTESIAN_POINT('',(12.9,3.20021991610514,11.4));
#13670=CARTESIAN_POINT('',(12.9,3.20021991610514,11.4));
#13671=CARTESIAN_POINT('',(12.9,3.20021991610514,4.4));
#13672=CARTESIAN_POINT('Origin',(13.05,3.50010991558426,11.4));
#13673=CARTESIAN_POINT('',(13.2,3.20021991610514,11.4));
#13674=CARTESIAN_POINT('',(13.2,3.79999991506338,11.4));
#13675=CARTESIAN_POINT('',(13.2,3.3501649158447,11.4));
#13676=CARTESIAN_POINT('',(13.2,3.20021991610514,11.4));
#13677=CARTESIAN_POINT('',(12.9,3.79999991506338,11.4));
#13678=CARTESIAN_POINT('Origin',(5.7999998703599,3.9,4.4));
#13679=CARTESIAN_POINT('',(5.7999998703599,3.9,4.4));
#13680=CARTESIAN_POINT('',(6.4,3.9,4.4));
#13681=CARTESIAN_POINT('',(6.92499993517995,3.9,4.4));
#13682=CARTESIAN_POINT('',(5.7999998703599,3.9,11.4));
#13683=CARTESIAN_POINT('',(5.7999998703599,3.9,4.4));
#13684=CARTESIAN_POINT('',(6.4,3.9,11.4));
#13685=CARTESIAN_POINT('',(5.7999998703599,3.9,11.4));
#13686=CARTESIAN_POINT('',(6.4,3.9,4.4));
#13687=CARTESIAN_POINT('Origin',(6.09999993517995,4.05,11.4));
#13688=CARTESIAN_POINT('',(5.7999998703599,4.2,11.4));
#13689=CARTESIAN_POINT('',(5.7999998703599,4.2,11.4));
#13690=CARTESIAN_POINT('',(6.4,4.2,11.4));
#13691=CARTESIAN_POINT('',(6.24999996758998,4.2,11.4));
#13692=CARTESIAN_POINT('',(6.4,3.9,11.4));
#13693=CARTESIAN_POINT('Origin',(3.19999992847443,3.2,4.4));
#13694=CARTESIAN_POINT('',(3.19999992847443,3.2,4.4));
#13695=CARTESIAN_POINT('',(3.19999992847443,3.79999991506338,4.4));
#13696=CARTESIAN_POINT('',(3.19999992847443,1.85,4.4));
#13697=CARTESIAN_POINT('',(3.19999992847443,3.2,11.4));
#13698=CARTESIAN_POINT('',(3.19999992847443,3.2,4.4));
#13699=CARTESIAN_POINT('',(3.19999992847443,3.79999991506338,11.4));
#13700=CARTESIAN_POINT('',(3.19999992847443,3.2,11.4));
#13701=CARTESIAN_POINT('',(3.19999992847443,3.79999991506338,4.4));
#13702=CARTESIAN_POINT('Origin',(3.04999996423721,3.49999995753169,11.4));
#13703=CARTESIAN_POINT('',(2.9,3.79999991506338,11.4));
#13704=CARTESIAN_POINT('',(3.19999992847443,3.79999991506338,11.4));
#13705=CARTESIAN_POINT('',(2.9,3.2,11.4));
#13706=CARTESIAN_POINT('',(2.9,3.2,11.4));
#13707=CARTESIAN_POINT('',(2.9,3.64999997876585,11.4));
#13708=CARTESIAN_POINT('Origin',(14.5,3.20021991610514,4.4));
#13709=CARTESIAN_POINT('',(14.5,3.20021991610514,4.4));
#13710=CARTESIAN_POINT('',(14.5,3.8,4.4));
#13711=CARTESIAN_POINT('',(14.5,1.85010995805257,4.4));
#13712=CARTESIAN_POINT('',(14.5,3.20021991610514,11.4));
#13713=CARTESIAN_POINT('',(14.5,3.20021991610514,4.4));
#13714=CARTESIAN_POINT('',(14.5,3.8,11.4));
#13715=CARTESIAN_POINT('',(14.5,3.8,11.4));
#13716=CARTESIAN_POINT('',(14.5,3.8,4.4));
#13717=CARTESIAN_POINT('Origin',(14.35,3.50010995805257,11.4));
#13718=CARTESIAN_POINT('',(14.2,3.8,11.4));
#13719=CARTESIAN_POINT('',(14.2,3.20021991610514,11.4));
#13720=CARTESIAN_POINT('',(14.2,3.65005497902629,11.4));
#13721=CARTESIAN_POINT('',(14.2,3.8,11.4));
#13722=CARTESIAN_POINT('',(14.5,3.20021991610514,11.4));
#13723=CARTESIAN_POINT('Origin',(6.4,1.8,4.4));
#13724=CARTESIAN_POINT('',(5.8,1.8,13.1));
#13725=CARTESIAN_POINT('',(5.8,1.8,4.4));
#13726=CARTESIAN_POINT('',(6.4,1.8,13.1));
#13727=CARTESIAN_POINT('',(7.225,1.8,13.1));
#13728=CARTESIAN_POINT('',(6.4,1.8,4.4));
#13729=CARTESIAN_POINT('Origin',(1.9,3.2,4.4));
#13730=CARTESIAN_POINT('',(1.9,3.8,13.1));
#13731=CARTESIAN_POINT('',(1.9,3.8,4.4));
#13732=CARTESIAN_POINT('',(1.9,3.2,13.1));
#13733=CARTESIAN_POINT('',(1.9,1.85,13.1));
#13734=CARTESIAN_POINT('',(1.9,3.2,4.4));
#13735=CARTESIAN_POINT('Origin',(13.2,3.20021991610514,4.4));
#13736=CARTESIAN_POINT('',(13.2,3.8,13.1));
#13737=CARTESIAN_POINT('',(13.2,3.8,4.4));
#13738=CARTESIAN_POINT('',(13.2,3.20021991610514,13.1));
#13739=CARTESIAN_POINT('',(13.2,1.85010995805257,13.1));
#13740=CARTESIAN_POINT('',(13.2,3.20021991610514,4.4));
#13741=CARTESIAN_POINT('Origin',(6.4,4.2,4.4));
#13742=CARTESIAN_POINT('',(5.8,4.2,13.1));
#13743=CARTESIAN_POINT('',(5.8,4.2,4.4));
#13744=CARTESIAN_POINT('',(6.4,4.2,13.1));
#13745=CARTESIAN_POINT('',(7.225,4.2,13.1));
#13746=CARTESIAN_POINT('',(6.4,4.2,4.4));
#13747=CARTESIAN_POINT('Origin',(14.2,3.8,4.4));
#13748=CARTESIAN_POINT('',(14.2,3.20021991610514,13.1));
#13749=CARTESIAN_POINT('',(14.2,3.20021991610514,4.4));
#13750=CARTESIAN_POINT('',(14.2,3.8,13.1));
#13751=CARTESIAN_POINT('',(14.2,2.15,13.1));
#13752=CARTESIAN_POINT('',(14.2,3.8,4.4));
#13753=CARTESIAN_POINT('Origin',(1.9,3.8,4.4));
#13754=CARTESIAN_POINT('',(2.,3.8,4.4));
#13755=CARTESIAN_POINT('',(4.975,3.79999991506338,4.4));
#13756=CARTESIAN_POINT('',(2.,3.8,11.4));
#13757=CARTESIAN_POINT('',(2.,3.8,4.4));
#13758=CARTESIAN_POINT('',(2.8,3.8,11.4));
#13759=CARTESIAN_POINT('',(2.15,3.8,11.4));
#13760=CARTESIAN_POINT('',(2.8,3.8,4.4));
#13761=CARTESIAN_POINT('',(2.8,3.8,4.4));
#13762=CARTESIAN_POINT('',(5.475,3.8,4.4));
#13763=CARTESIAN_POINT('',(2.9,3.8,13.1));
#13764=CARTESIAN_POINT('',(2.9,3.8,4.4));
#13765=CARTESIAN_POINT('',(4.975,3.8,13.1));
#13766=CARTESIAN_POINT('Origin',(2.9,3.8,4.4));
#13767=CARTESIAN_POINT('',(2.9,3.2,13.1));
#13768=CARTESIAN_POINT('',(2.9,3.2,4.4));
#13769=CARTESIAN_POINT('',(2.9,2.15,13.1));
#13770=CARTESIAN_POINT('Origin',(2.9,3.2,4.4));
#13771=CARTESIAN_POINT('',(5.475,3.2,13.1));
#13772=CARTESIAN_POINT('',(2.8,3.2,4.4));
#13773=CARTESIAN_POINT('',(5.475,3.2,4.4));
#13774=CARTESIAN_POINT('',(2.8,3.2,11.4));
#13775=CARTESIAN_POINT('',(2.8,3.2,4.4));
#13776=CARTESIAN_POINT('',(2.,3.2,11.4));
#13777=CARTESIAN_POINT('',(2.65,3.2,11.4));
#13778=CARTESIAN_POINT('',(2.,3.2,4.4));
#13779=CARTESIAN_POINT('',(2.,3.2,4.4));
#13780=CARTESIAN_POINT('',(5.475,3.2,4.4));
#13781=CARTESIAN_POINT('Origin',(14.2,3.20021991610514,4.4));
#13782=CARTESIAN_POINT('',(14.1,3.20021991610514,4.4));
#13783=CARTESIAN_POINT('',(11.125,3.20021991610514,4.4));
#13784=CARTESIAN_POINT('',(14.1,3.20021991610514,11.4));
#13785=CARTESIAN_POINT('',(14.1,3.20021991610514,4.4));
#13786=CARTESIAN_POINT('',(13.3,3.20021991610514,11.4));
#13787=CARTESIAN_POINT('',(13.95,3.20021991610514,11.4));
#13788=CARTESIAN_POINT('',(13.3,3.20021991610514,4.4));
#13789=CARTESIAN_POINT('',(13.3,3.20021991610514,4.4));
#13790=CARTESIAN_POINT('',(11.125,3.20021991610514,4.4));
#13791=CARTESIAN_POINT('',(11.125,3.20021991610514,13.1));
#13792=CARTESIAN_POINT('Origin',(13.2,3.8,4.4));
#13793=CARTESIAN_POINT('',(10.625,3.8,13.1));
#13794=CARTESIAN_POINT('',(13.3,3.8,4.4));
#13795=CARTESIAN_POINT('',(10.625,3.79999991506338,4.4));
#13796=CARTESIAN_POINT('',(13.3,3.8,11.4));
#13797=CARTESIAN_POINT('',(13.3,3.8,4.4));
#13798=CARTESIAN_POINT('',(14.1,3.8,11.4));
#13799=CARTESIAN_POINT('',(13.45,3.8,11.4));
#13800=CARTESIAN_POINT('',(14.1,3.8,4.4));
#13801=CARTESIAN_POINT('',(14.1,3.8,4.4));
#13802=CARTESIAN_POINT('',(11.125,3.8,4.4));
#13803=CARTESIAN_POINT('Origin',(5.8,4.2,4.4));
#13804=CARTESIAN_POINT('',(5.8,4.3,4.4));
#13805=CARTESIAN_POINT('',(5.7999998703599,2.35,4.4));
#13806=CARTESIAN_POINT('',(5.8,4.3,11.4));
#13807=CARTESIAN_POINT('',(5.8,4.3,4.4));
#13808=CARTESIAN_POINT('',(5.8,5.1,11.4));
#13809=CARTESIAN_POINT('',(5.8,4.45,11.4));
#13810=CARTESIAN_POINT('',(5.8,5.1,4.4));
#13811=CARTESIAN_POINT('',(5.8,5.1,4.4));
#13812=CARTESIAN_POINT('',(5.8,5.5,4.4));
#13813=CARTESIAN_POINT('',(5.8,2.35,4.4));
#13814=CARTESIAN_POINT('',(5.8,5.5,11.4));
#13815=CARTESIAN_POINT('',(5.8,5.5,11.4));
#13816=CARTESIAN_POINT('',(5.8,5.2,11.4));
#13817=CARTESIAN_POINT('',(5.8,5.2,11.4));
#13818=CARTESIAN_POINT('',(5.8,5.2,13.1));
#13819=CARTESIAN_POINT('',(5.8,5.2,4.4));
#13820=CARTESIAN_POINT('',(5.8,2.35,13.1));
#13821=CARTESIAN_POINT('Origin',(10.3,4.2,4.4));
#13822=CARTESIAN_POINT('',(10.3,4.2,4.4));
#13823=CARTESIAN_POINT('',(9.7,4.2,4.4));
#13824=CARTESIAN_POINT('',(9.175,4.2,4.4));
#13825=CARTESIAN_POINT('',(9.7,4.2,13.1));
#13826=CARTESIAN_POINT('',(9.7,4.2,4.4));
#13827=CARTESIAN_POINT('',(10.3,4.2,13.1));
#13828=CARTESIAN_POINT('',(9.175,4.2,13.1));
#13829=CARTESIAN_POINT('',(10.3,4.2,4.4));
#13830=CARTESIAN_POINT('Origin',(9.7,4.2,4.4));
#13831=CARTESIAN_POINT('',(9.7,4.3,4.4));
#13832=CARTESIAN_POINT('',(9.7,2.35,4.4));
#13833=CARTESIAN_POINT('',(9.7,4.3,11.4));
#13834=CARTESIAN_POINT('',(9.7,4.3,4.4));
#13835=CARTESIAN_POINT('',(9.7,5.1,11.4));
#13836=CARTESIAN_POINT('',(9.7,4.45,11.4));
#13837=CARTESIAN_POINT('',(9.7,5.1,4.4));
#13838=CARTESIAN_POINT('',(9.7,5.1,4.4));
#13839=CARTESIAN_POINT('',(9.7,5.5,4.4));
#13840=CARTESIAN_POINT('',(9.7,2.35,4.4));
#13841=CARTESIAN_POINT('',(9.7,5.5,11.4));
#13842=CARTESIAN_POINT('',(9.7,5.5,11.4));
#13843=CARTESIAN_POINT('',(9.7,5.2,11.4));
#13844=CARTESIAN_POINT('',(9.7,5.2,11.4));
#13845=CARTESIAN_POINT('',(9.7,5.2,13.1));
#13846=CARTESIAN_POINT('',(9.7,5.2,4.4));
#13847=CARTESIAN_POINT('',(9.7,2.35,13.1));
#13848=CARTESIAN_POINT('Origin',(10.3,1.8,11.4));
#13849=CARTESIAN_POINT('',(10.3,1.8,11.4));
#13850=CARTESIAN_POINT('',(9.7,1.8,11.4));
#13851=CARTESIAN_POINT('',(10.3,1.8,11.4));
#13852=CARTESIAN_POINT('',(10.3,1.5,11.4));
#13853=CARTESIAN_POINT('',(10.3,1.8,11.4));
#13854=CARTESIAN_POINT('',(9.7,1.5,11.4));
#13855=CARTESIAN_POINT('',(10.3,1.5,11.4));
#13856=CARTESIAN_POINT('',(9.7,1.8,11.4));
#13857=CARTESIAN_POINT('Origin',(10.,1.5,7.90000000000001));
#13858=CARTESIAN_POINT('',(10.3,1.5,4.4));
#13859=CARTESIAN_POINT('',(10.3,1.5,4.4));
#13860=CARTESIAN_POINT('',(9.7,1.5,4.4));
#13861=CARTESIAN_POINT('',(9.025,1.5,4.4));
#13862=CARTESIAN_POINT('',(9.7,1.5,11.4));
#13863=CARTESIAN_POINT('Origin',(8.05,0.5,4.4));
#13864=CARTESIAN_POINT('',(14.9,1.,4.4));
#13865=CARTESIAN_POINT('',(15.1,1.2,4.4));
#13866=CARTESIAN_POINT('Origin',(14.9,1.2,4.4));
#13867=CARTESIAN_POINT('',(12.05,1.,4.4));
#13868=CARTESIAN_POINT('',(11.575,1.,4.4));
#13869=CARTESIAN_POINT('',(12.05,0.,4.4));
#13870=CARTESIAN_POINT('',(12.05,0.,4.4));
#13871=CARTESIAN_POINT('',(4.05,0.,4.4));
#13872=CARTESIAN_POINT('',(4.025,0.,4.4));
#13873=CARTESIAN_POINT('',(4.05,1.,4.4));
#13874=CARTESIAN_POINT('',(4.05,1.,4.4));
#13875=CARTESIAN_POINT('',(1.2,1.,4.4));
#13876=CARTESIAN_POINT('',(11.575,1.,4.4));
#13877=CARTESIAN_POINT('',(1.,1.2,4.4));
#13878=CARTESIAN_POINT('Origin',(1.2,1.2,4.4));
#13879=CARTESIAN_POINT('',(1.,5.8,4.4));
#13880=CARTESIAN_POINT('',(1.,2.25,4.4));
#13881=CARTESIAN_POINT('',(1.2,6.,4.4));
#13882=CARTESIAN_POINT('Origin',(1.2,5.8,4.4));
#13883=CARTESIAN_POINT('',(14.9,6.,4.4));
#13884=CARTESIAN_POINT('',(4.525,6.,4.4));
#13885=CARTESIAN_POINT('',(15.1,5.8,4.4));
#13886=CARTESIAN_POINT('Origin',(14.9,5.8,4.4));
#13887=CARTESIAN_POINT('',(15.1,4.75,4.4));
#13888=CARTESIAN_POINT('',(6.4,1.9,4.4));
#13889=CARTESIAN_POINT('',(6.4,1.15,4.4));
#13890=CARTESIAN_POINT('',(7.8,1.9,4.4));
#13891=CARTESIAN_POINT('',(7.225,1.9,4.4));
#13892=CARTESIAN_POINT('',(7.8,2.7,4.4));
#13893=CARTESIAN_POINT('',(7.8,1.2,4.4));
#13894=CARTESIAN_POINT('',(6.4,2.7,4.4));
#13895=CARTESIAN_POINT('',(7.925,2.7,4.4));
#13896=CARTESIAN_POINT('',(6.4,3.1,4.4));
#13897=CARTESIAN_POINT('',(6.4,1.15,4.4));
#13898=CARTESIAN_POINT('',(5.8,3.1,4.4));
#13899=CARTESIAN_POINT('',(7.075,3.1,4.4));
#13900=CARTESIAN_POINT('',(5.8,2.7,4.4));
#13901=CARTESIAN_POINT('',(5.8,1.15,4.4));
#13902=CARTESIAN_POINT('',(4.4,2.7,4.4));
#13903=CARTESIAN_POINT('',(6.925,2.7,4.4));
#13904=CARTESIAN_POINT('',(4.4,1.9,4.4));
#13905=CARTESIAN_POINT('',(4.4,1.6,4.4));
#13906=CARTESIAN_POINT('',(5.8,1.9,4.4));
#13907=CARTESIAN_POINT('',(6.225,1.9,4.4));
#13908=CARTESIAN_POINT('',(5.8,1.15,4.4));
#13909=CARTESIAN_POINT('',(2.,1.8,4.4));
#13910=CARTESIAN_POINT('',(2.,1.85,4.4));
#13911=CARTESIAN_POINT('',(2.8,1.8,4.4));
#13912=CARTESIAN_POINT('',(5.025,1.8,4.4));
#13913=CARTESIAN_POINT('',(2.8,1.15,4.4));
#13914=CARTESIAN_POINT('',(2.8,5.2,4.4));
#13915=CARTESIAN_POINT('',(2.8,2.15,4.4));
#13916=CARTESIAN_POINT('',(2.,5.2,4.4));
#13917=CARTESIAN_POINT('',(5.425,5.2,4.4));
#13918=CARTESIAN_POINT('',(2.,2.85,4.4));
#13919=CARTESIAN_POINT('',(13.3,1.80021991610514,4.4));
#13920=CARTESIAN_POINT('',(13.3,1.85010995805257,4.4));
#13921=CARTESIAN_POINT('',(14.1,1.80021991610514,4.4));
#13922=CARTESIAN_POINT('',(10.675,1.80021991610514,4.4));
#13923=CARTESIAN_POINT('',(14.1,1.15010995805257,4.4));
#13924=CARTESIAN_POINT('',(14.1,5.20021991610515,4.4));
#13925=CARTESIAN_POINT('',(14.1,2.15,4.4));
#13926=CARTESIAN_POINT('',(13.3,5.20021991610515,4.4));
#13927=CARTESIAN_POINT('',(11.075,5.20021991610515,4.4));
#13928=CARTESIAN_POINT('',(13.3,2.85010995805257,4.4));
#13929=CARTESIAN_POINT('',(6.4,4.3,4.4));
#13930=CARTESIAN_POINT('',(6.4,2.35,4.4));
#13931=CARTESIAN_POINT('',(7.8,4.3,4.4));
#13932=CARTESIAN_POINT('',(7.225,4.3,4.4));
#13933=CARTESIAN_POINT('',(7.8,5.1,4.4));
#13934=CARTESIAN_POINT('',(7.8,2.4,4.4));
#13935=CARTESIAN_POINT('',(6.4,5.1,4.4));
#13936=CARTESIAN_POINT('',(7.925,5.1,4.4));
#13937=CARTESIAN_POINT('',(6.4,5.5,4.4));
#13938=CARTESIAN_POINT('',(6.4,2.35,4.4));
#13939=CARTESIAN_POINT('',(7.075,5.5,4.4));
#13940=CARTESIAN_POINT('',(4.4,5.1,4.4));
#13941=CARTESIAN_POINT('',(6.925,5.1,4.4));
#13942=CARTESIAN_POINT('',(4.4,4.3,4.4));
#13943=CARTESIAN_POINT('',(4.4,2.8,4.4));
#13944=CARTESIAN_POINT('',(6.225,4.3,4.4));
#13945=CARTESIAN_POINT('',(9.7,1.9,4.4));
#13946=CARTESIAN_POINT('',(9.7,1.15,4.4));
#13947=CARTESIAN_POINT('',(10.3,1.9,4.4));
#13948=CARTESIAN_POINT('',(10.3,1.15,4.4));
#13949=CARTESIAN_POINT('',(11.7,1.9,4.4));
#13950=CARTESIAN_POINT('',(9.175,1.9,4.4));
#13951=CARTESIAN_POINT('',(11.7,2.7,4.4));
#13952=CARTESIAN_POINT('',(11.7,1.2,4.4));
#13953=CARTESIAN_POINT('',(10.3,2.7,4.4));
#13954=CARTESIAN_POINT('',(9.875,2.7,4.4));
#13955=CARTESIAN_POINT('',(10.3,3.1,4.4));
#13956=CARTESIAN_POINT('',(10.3,1.15,4.4));
#13957=CARTESIAN_POINT('',(9.7,3.1,4.4));
#13958=CARTESIAN_POINT('',(9.025,3.1,4.4));
#13959=CARTESIAN_POINT('',(9.7,2.7,4.4));
#13960=CARTESIAN_POINT('',(9.7,1.15,4.4));
#13961=CARTESIAN_POINT('',(8.3,2.7,4.4));
#13962=CARTESIAN_POINT('',(8.875,2.7,4.4));
#13963=CARTESIAN_POINT('',(8.3,1.9,4.4));
#13964=CARTESIAN_POINT('',(8.3,1.6,4.4));
#13965=CARTESIAN_POINT('',(8.175,1.9,4.4));
#13966=CARTESIAN_POINT('',(8.3,5.1,4.4));
#13967=CARTESIAN_POINT('',(8.875,5.1,4.4));
#13968=CARTESIAN_POINT('',(8.3,4.3,4.4));
#13969=CARTESIAN_POINT('',(8.3,2.8,4.4));
#13970=CARTESIAN_POINT('',(8.175,4.3,4.4));
#13971=CARTESIAN_POINT('',(10.3,4.3,4.4));
#13972=CARTESIAN_POINT('',(10.3,2.35,4.4));
#13973=CARTESIAN_POINT('',(11.7,4.3,4.4));
#13974=CARTESIAN_POINT('',(9.175,4.3,4.4));
#13975=CARTESIAN_POINT('',(11.7,5.1,4.4));
#13976=CARTESIAN_POINT('',(11.7,2.4,4.4));
#13977=CARTESIAN_POINT('',(10.3,5.1,4.4));
#13978=CARTESIAN_POINT('',(9.875,5.1,4.4));
#13979=CARTESIAN_POINT('',(10.3,5.5,4.4));
#13980=CARTESIAN_POINT('',(10.3,2.35,4.4));
#13981=CARTESIAN_POINT('',(9.025,5.5,4.4));
#13982=CARTESIAN_POINT('Origin',(5.8,1.8,4.4));
#13983=CARTESIAN_POINT('',(5.8,1.9,11.4));
#13984=CARTESIAN_POINT('',(5.8,1.9,4.4));
#13985=CARTESIAN_POINT('',(5.8,2.7,11.4));
#13986=CARTESIAN_POINT('',(5.8,2.05,11.4));
#13987=CARTESIAN_POINT('',(5.8,2.7,4.4));
#13988=CARTESIAN_POINT('',(5.8,3.1,11.4));
#13989=CARTESIAN_POINT('',(5.8,3.1,4.4));
#13990=CARTESIAN_POINT('',(5.8,2.8,11.4));
#13991=CARTESIAN_POINT('',(5.8,2.8,11.4));
#13992=CARTESIAN_POINT('',(5.8,2.8,13.1));
#13993=CARTESIAN_POINT('',(5.8,2.8,4.4));
#13994=CARTESIAN_POINT('',(5.8,1.15,13.1));
#13995=CARTESIAN_POINT('Origin',(10.3,1.8,4.4));
#13996=CARTESIAN_POINT('',(9.7,1.8,13.1));
#13997=CARTESIAN_POINT('',(9.7,1.8,4.4));
#13998=CARTESIAN_POINT('',(10.3,1.8,13.1));
#13999=CARTESIAN_POINT('',(9.175,1.8,13.1));
#14000=CARTESIAN_POINT('',(10.3,1.8,4.4));
#14001=CARTESIAN_POINT('Origin',(9.7,1.8,4.4));
#14002=CARTESIAN_POINT('',(9.7,1.9,11.4));
#14003=CARTESIAN_POINT('',(9.7,1.9,4.4));
#14004=CARTESIAN_POINT('',(9.7,2.7,11.4));
#14005=CARTESIAN_POINT('',(9.7,2.05,11.4));
#14006=CARTESIAN_POINT('',(9.7,2.7,4.4));
#14007=CARTESIAN_POINT('',(9.7,3.1,11.4));
#14008=CARTESIAN_POINT('',(9.7,3.1,4.4));
#14009=CARTESIAN_POINT('',(9.7,2.8,11.4));
#14010=CARTESIAN_POINT('',(9.7,2.8,11.4));
#14011=CARTESIAN_POINT('',(9.7,2.8,13.1));
#14012=CARTESIAN_POINT('',(9.7,2.8,4.4));
#14013=CARTESIAN_POINT('',(9.7,1.15,13.1));
#14014=CARTESIAN_POINT('Origin',(9.7,5.2,11.4));
#14015=CARTESIAN_POINT('',(10.3,5.2,11.4));
#14016=CARTESIAN_POINT('',(9.7,5.2,11.4));
#14017=CARTESIAN_POINT('',(10.3,5.5,11.4));
#14018=CARTESIAN_POINT('',(10.3,5.5,11.4));
#14019=CARTESIAN_POINT('',(10.3,5.2,11.4));
#14020=CARTESIAN_POINT('Origin',(10.,5.5,7.90000000000001));
#14021=CARTESIAN_POINT('',(10.3,5.5,4.4));
#14022=CARTESIAN_POINT('Origin',(5.8,5.2,11.4));
#14023=CARTESIAN_POINT('',(6.4,5.2,11.4));
#14024=CARTESIAN_POINT('',(5.8,5.2,11.4));
#14025=CARTESIAN_POINT('',(6.4,5.5,11.4));
#14026=CARTESIAN_POINT('',(6.4,5.5,11.4));
#14027=CARTESIAN_POINT('',(6.4,5.2,11.4));
#14028=CARTESIAN_POINT('Origin',(6.1,5.5,7.90000000000001));
#14029=CARTESIAN_POINT('',(6.4,5.5,4.4));
#14030=CARTESIAN_POINT('Origin',(9.7,2.8,11.4));
#14031=CARTESIAN_POINT('',(10.3,2.8,11.4));
#14032=CARTESIAN_POINT('',(9.7,2.8,11.4));
#14033=CARTESIAN_POINT('',(10.3,3.1,11.4));
#14034=CARTESIAN_POINT('',(9.7,3.1,11.4));
#14035=CARTESIAN_POINT('',(10.3,2.8,11.4));
#14036=CARTESIAN_POINT('Origin',(10.,3.1,7.90000000000001));
#14037=CARTESIAN_POINT('',(10.3,3.1,11.4));
#14038=CARTESIAN_POINT('Origin',(5.8,2.8,11.4));
#14039=CARTESIAN_POINT('',(6.4,2.8,11.4));
#14040=CARTESIAN_POINT('',(5.8,2.8,11.4));
#14041=CARTESIAN_POINT('',(6.4,3.1,11.4));
#14042=CARTESIAN_POINT('',(5.8,3.1,11.4));
#14043=CARTESIAN_POINT('',(6.4,2.8,11.4));
#14044=CARTESIAN_POINT('Origin',(6.1,3.1,7.90000000000001));
#14045=CARTESIAN_POINT('',(6.4,3.1,11.4));
#14046=CARTESIAN_POINT('Origin',(9.7,5.2,4.4));
#14047=CARTESIAN_POINT('',(10.3,5.2,13.1));
#14048=CARTESIAN_POINT('',(10.3,5.2,4.4));
#14049=CARTESIAN_POINT('',(8.875,5.2,13.1));
#14050=CARTESIAN_POINT('Origin',(10.3,5.2,4.4));
#14051=CARTESIAN_POINT('',(10.3,2.85,13.1));
#14052=CARTESIAN_POINT('',(10.3,5.1,11.4));
#14053=CARTESIAN_POINT('',(10.3,5.1,4.4));
#14054=CARTESIAN_POINT('',(10.3,4.3,11.4));
#14055=CARTESIAN_POINT('',(10.3,4.95,11.4));
#14056=CARTESIAN_POINT('',(10.3,4.3,4.4));
#14057=CARTESIAN_POINT('Origin',(5.8,5.2,4.4));
#14058=CARTESIAN_POINT('',(6.4,5.2,13.1));
#14059=CARTESIAN_POINT('',(6.4,5.2,4.4));
#14060=CARTESIAN_POINT('',(6.925,5.2,13.1));
#14061=CARTESIAN_POINT('Origin',(6.4,5.2,4.4));
#14062=CARTESIAN_POINT('',(6.4,2.85,13.1));
#14063=CARTESIAN_POINT('',(6.4,5.1,11.4));
#14064=CARTESIAN_POINT('',(6.4,5.1,4.4));
#14065=CARTESIAN_POINT('',(6.4,4.3,11.4));
#14066=CARTESIAN_POINT('',(6.4,4.95,11.4));
#14067=CARTESIAN_POINT('',(6.4,4.3,4.4));
#14068=CARTESIAN_POINT('Origin',(5.8,2.8,4.4));
#14069=CARTESIAN_POINT('',(6.4,2.8,13.1));
#14070=CARTESIAN_POINT('',(6.4,2.8,4.4));
#14071=CARTESIAN_POINT('',(6.925,2.8,13.1));
#14072=CARTESIAN_POINT('Origin',(6.4,2.8,4.4));
#14073=CARTESIAN_POINT('',(6.4,1.65,13.1));
#14074=CARTESIAN_POINT('',(6.4,2.7,11.4));
#14075=CARTESIAN_POINT('',(6.4,2.7,4.4));
#14076=CARTESIAN_POINT('',(6.4,1.9,11.4));
#14077=CARTESIAN_POINT('',(6.4,2.55,11.4));
#14078=CARTESIAN_POINT('',(6.4,1.9,4.4));
#14079=CARTESIAN_POINT('Origin',(9.7,2.8,4.4));
#14080=CARTESIAN_POINT('',(10.3,2.8,13.1));
#14081=CARTESIAN_POINT('',(10.3,2.8,4.4));
#14082=CARTESIAN_POINT('',(8.875,2.8,13.1));
#14083=CARTESIAN_POINT('Origin',(10.3,2.8,4.4));
#14084=CARTESIAN_POINT('',(10.3,1.65,13.1));
#14085=CARTESIAN_POINT('',(10.3,2.7,11.4));
#14086=CARTESIAN_POINT('',(10.3,2.7,4.4));
#14087=CARTESIAN_POINT('',(10.3,1.9,11.4));
#14088=CARTESIAN_POINT('',(10.3,2.55,11.4));
#14089=CARTESIAN_POINT('',(10.3,1.9,4.4));
#14090=CARTESIAN_POINT('Origin',(8.3,4.3,4.4));
#14091=CARTESIAN_POINT('',(8.3,4.3,11.4));
#14092=CARTESIAN_POINT('',(8.3,4.3,4.4));
#14093=CARTESIAN_POINT('',(8.3,4.3,11.4));
#14094=CARTESIAN_POINT('Origin',(8.3,5.1,4.4));
#14095=CARTESIAN_POINT('',(8.3,5.1,11.4));
#14096=CARTESIAN_POINT('',(8.3,5.1,4.4));
#14097=CARTESIAN_POINT('',(8.3,5.1,11.4));
#14098=CARTESIAN_POINT('Origin',(9.7,5.1,4.4));
#14099=CARTESIAN_POINT('',(11.7,5.1,11.4));
#14100=CARTESIAN_POINT('Origin',(9.,4.7,11.4));
#14101=CARTESIAN_POINT('Origin',(7.8,5.1,4.4));
#14102=CARTESIAN_POINT('',(7.8,5.1,11.4));
#14103=CARTESIAN_POINT('',(7.8,5.1,4.4));
#14104=CARTESIAN_POINT('',(7.8,5.1,11.4));
#14105=CARTESIAN_POINT('Origin',(7.8,4.3,4.4));
#14106=CARTESIAN_POINT('',(7.8,4.3,11.4));
#14107=CARTESIAN_POINT('',(7.8,4.3,4.4));
#14108=CARTESIAN_POINT('',(7.8,4.3,11.4));
#14109=CARTESIAN_POINT('Origin',(6.4,4.3,4.4));
#14110=CARTESIAN_POINT('',(4.4,4.3,11.4));
#14111=CARTESIAN_POINT('Origin',(7.1,4.7,11.4));
#14112=CARTESIAN_POINT('Origin',(4.4,4.3,4.4));
#14113=CARTESIAN_POINT('',(4.4,4.3,11.4));
#14114=CARTESIAN_POINT('',(4.4,4.3,4.4));
#14115=CARTESIAN_POINT('',(4.4,4.3,11.4));
#14116=CARTESIAN_POINT('Origin',(4.4,5.1,4.4));
#14117=CARTESIAN_POINT('',(4.4,5.1,11.4));
#14118=CARTESIAN_POINT('',(4.4,5.1,4.4));
#14119=CARTESIAN_POINT('',(4.4,5.1,11.4));
#14120=CARTESIAN_POINT('Origin',(5.8,5.1,4.4));
#14121=CARTESIAN_POINT('',(7.8,5.1,11.4));
#14122=CARTESIAN_POINT('Origin',(5.1,4.7,11.4));
#14123=CARTESIAN_POINT('Origin',(4.4,1.9,4.4));
#14124=CARTESIAN_POINT('',(4.4,1.9,11.4));
#14125=CARTESIAN_POINT('',(4.4,1.9,4.4));
#14126=CARTESIAN_POINT('',(4.4,1.9,11.4));
#14127=CARTESIAN_POINT('Origin',(4.4,2.7,4.4));
#14128=CARTESIAN_POINT('',(4.4,2.7,11.4));
#14129=CARTESIAN_POINT('',(4.4,2.7,4.4));
#14130=CARTESIAN_POINT('',(4.4,2.7,11.4));
#14131=CARTESIAN_POINT('Origin',(5.8,2.7,4.4));
#14132=CARTESIAN_POINT('',(7.8,2.7,11.4));
#14133=CARTESIAN_POINT('Origin',(5.1,2.3,11.4));
#14134=CARTESIAN_POINT('Origin',(8.3,1.9,4.4));
#14135=CARTESIAN_POINT('',(8.3,1.9,11.4));
#14136=CARTESIAN_POINT('',(8.3,1.9,4.4));
#14137=CARTESIAN_POINT('',(8.3,1.9,11.4));
#14138=CARTESIAN_POINT('Origin',(8.3,2.7,4.4));
#14139=CARTESIAN_POINT('',(8.3,2.7,11.4));
#14140=CARTESIAN_POINT('',(8.3,2.7,4.4));
#14141=CARTESIAN_POINT('',(8.3,2.7,11.4));
#14142=CARTESIAN_POINT('Origin',(9.7,2.7,4.4));
#14143=CARTESIAN_POINT('',(11.7,2.7,11.4));
#14144=CARTESIAN_POINT('Origin',(9.,2.3,11.4));
#14145=CARTESIAN_POINT('Origin',(13.3,5.20021991610515,4.4));
#14146=CARTESIAN_POINT('',(13.3,5.20021991610515,11.4));
#14147=CARTESIAN_POINT('',(13.3,5.20021991610515,4.4));
#14148=CARTESIAN_POINT('',(13.3,1.80021991610514,11.4));
#14149=CARTESIAN_POINT('Origin',(14.1,5.20021991610515,4.4));
#14150=CARTESIAN_POINT('',(14.1,5.20021991610515,11.4));
#14151=CARTESIAN_POINT('',(14.1,5.20021991610515,4.4));
#14152=CARTESIAN_POINT('',(13.3,5.20021991610515,11.4));
#14153=CARTESIAN_POINT('Origin',(14.1,3.8,4.4));
#14154=CARTESIAN_POINT('',(14.1,5.20021991610515,11.4));
#14155=CARTESIAN_POINT('Origin',(13.7,4.50010995805257,11.4));
#14156=CARTESIAN_POINT('Origin',(11.7,5.1,4.4));
#14157=CARTESIAN_POINT('',(11.7,5.1,11.4));
#14158=CARTESIAN_POINT('',(11.7,5.1,4.4));
#14159=CARTESIAN_POINT('',(11.7,5.1,11.4));
#14160=CARTESIAN_POINT('Origin',(11.7,4.3,4.4));
#14161=CARTESIAN_POINT('',(11.7,4.3,11.4));
#14162=CARTESIAN_POINT('',(11.7,4.3,4.4));
#14163=CARTESIAN_POINT('',(11.7,4.3,11.4));
#14164=CARTESIAN_POINT('Origin',(10.3,4.3,4.4));
#14165=CARTESIAN_POINT('',(8.3,4.3,11.4));
#14166=CARTESIAN_POINT('Origin',(11.,4.7,11.4));
#14167=CARTESIAN_POINT('Origin',(7.8,2.7,4.4));
#14168=CARTESIAN_POINT('',(7.8,2.7,11.4));
#14169=CARTESIAN_POINT('',(7.8,2.7,4.4));
#14170=CARTESIAN_POINT('',(7.8,2.7,11.4));
#14171=CARTESIAN_POINT('Origin',(7.8,1.9,4.4));
#14172=CARTESIAN_POINT('',(7.8,1.9,11.4));
#14173=CARTESIAN_POINT('',(7.8,1.9,4.4));
#14174=CARTESIAN_POINT('',(7.8,1.9,11.4));
#14175=CARTESIAN_POINT('Origin',(6.4,1.9,4.4));
#14176=CARTESIAN_POINT('',(4.4,1.9,11.4));
#14177=CARTESIAN_POINT('Origin',(7.1,2.3,11.4));
#14178=CARTESIAN_POINT('Origin',(2.,5.2,4.4));
#14179=CARTESIAN_POINT('',(2.,5.2,11.4));
#14180=CARTESIAN_POINT('',(2.,5.2,4.4));
#14181=CARTESIAN_POINT('',(2.,5.2,11.4));
#14182=CARTESIAN_POINT('Origin',(2.8,5.2,4.4));
#14183=CARTESIAN_POINT('',(2.8,5.2,11.4));
#14184=CARTESIAN_POINT('',(2.8,5.2,4.4));
#14185=CARTESIAN_POINT('',(2.8,5.2,11.4));
#14186=CARTESIAN_POINT('Origin',(2.8,3.8,4.4));
#14187=CARTESIAN_POINT('',(2.8,1.8,11.4));
#14188=CARTESIAN_POINT('Origin',(2.4,4.5,11.4));
#14189=CARTESIAN_POINT('Origin',(2.8,1.8,4.4));
#14190=CARTESIAN_POINT('',(2.8,1.8,11.4));
#14191=CARTESIAN_POINT('',(2.8,1.8,4.4));
#14192=CARTESIAN_POINT('',(2.8,1.8,11.4));
#14193=CARTESIAN_POINT('Origin',(2.,1.8,4.4));
#14194=CARTESIAN_POINT('',(2.,1.8,11.4));
#14195=CARTESIAN_POINT('',(2.,1.8,4.4));
#14196=CARTESIAN_POINT('',(2.,1.8,11.4));
#14197=CARTESIAN_POINT('Origin',(2.,3.2,4.4));
#14198=CARTESIAN_POINT('',(2.,5.2,11.4));
#14199=CARTESIAN_POINT('Origin',(2.4,2.5,11.4));
#14200=CARTESIAN_POINT('Origin',(11.7,2.7,4.4));
#14201=CARTESIAN_POINT('',(11.7,2.7,11.4));
#14202=CARTESIAN_POINT('',(11.7,2.7,4.4));
#14203=CARTESIAN_POINT('',(11.7,2.7,11.4));
#14204=CARTESIAN_POINT('Origin',(11.7,1.9,4.4));
#14205=CARTESIAN_POINT('',(11.7,1.9,11.4));
#14206=CARTESIAN_POINT('',(11.7,1.9,4.4));
#14207=CARTESIAN_POINT('',(11.7,1.9,11.4));
#14208=CARTESIAN_POINT('Origin',(10.3,1.9,4.4));
#14209=CARTESIAN_POINT('',(8.3,1.9,11.4));
#14210=CARTESIAN_POINT('Origin',(11.,2.3,11.4));
#14211=CARTESIAN_POINT('Origin',(14.1,1.80021991610514,4.4));
#14212=CARTESIAN_POINT('',(14.1,1.80021991610514,11.4));
#14213=CARTESIAN_POINT('',(14.1,1.80021991610514,4.4));
#14214=CARTESIAN_POINT('',(14.1,5.20021991610515,11.4));
#14215=CARTESIAN_POINT('Origin',(13.3,1.80021991610514,4.4));
#14216=CARTESIAN_POINT('',(13.3,1.80021991610514,11.4));
#14217=CARTESIAN_POINT('',(13.3,1.80021991610514,4.4));
#14218=CARTESIAN_POINT('',(14.1,1.80021991610514,11.4));
#14219=CARTESIAN_POINT('Origin',(13.3,3.20021991610514,4.4));
#14220=CARTESIAN_POINT('',(13.3,1.80021991610514,11.4));
#14221=CARTESIAN_POINT('Origin',(13.7,2.50021991610514,11.4));
#14222=CARTESIAN_POINT('Origin',(14.9,1.2,4.4));
#14223=CARTESIAN_POINT('',(15.1,1.2,11.1));
#14224=CARTESIAN_POINT('',(15.1,1.2,4.4));
#14225=CARTESIAN_POINT('',(14.9,1.,11.1));
#14226=CARTESIAN_POINT('Origin',(14.9,1.2,11.1));
#14227=CARTESIAN_POINT('',(14.9,1.,4.4));
#14228=CARTESIAN_POINT('Origin',(15.1,1.,4.4));
#14229=CARTESIAN_POINT('',(15.1,5.8,11.1));
#14230=CARTESIAN_POINT('',(15.1,5.8,4.4));
#14231=CARTESIAN_POINT('',(15.1,2.25,11.1));
#14232=CARTESIAN_POINT('Origin',(14.9,5.8,4.4));
#14233=CARTESIAN_POINT('',(14.9,6.,11.1));
#14234=CARTESIAN_POINT('',(14.9,6.,4.4));
#14235=CARTESIAN_POINT('Origin',(14.9,5.8,11.1));
#14236=CARTESIAN_POINT('Origin',(15.1,6.,4.4));
#14237=CARTESIAN_POINT('',(1.2,6.,11.1));
#14238=CARTESIAN_POINT('',(1.2,6.,4.4));
#14239=CARTESIAN_POINT('',(11.575,6.,11.1));
#14240=CARTESIAN_POINT('Origin',(1.2,1.2,4.4));
#14241=CARTESIAN_POINT('',(1.2,1.,11.1));
#14242=CARTESIAN_POINT('',(1.2,1.,4.4));
#14243=CARTESIAN_POINT('',(1.,1.2,11.1));
#14244=CARTESIAN_POINT('Origin',(1.2,1.2,11.1));
#14245=CARTESIAN_POINT('',(1.,1.2,4.4));
#14246=CARTESIAN_POINT('Origin',(1.,1.,4.4));
#14247=CARTESIAN_POINT('',(4.05,1.,11.1));
#14248=CARTESIAN_POINT('',(4.05,1.,4.4));
#14249=CARTESIAN_POINT('',(4.525,1.,11.1));
#14250=CARTESIAN_POINT('Origin',(1.2,5.8,4.4));
#14251=CARTESIAN_POINT('',(1.,5.8,11.1));
#14252=CARTESIAN_POINT('',(1.,5.8,4.4));
#14253=CARTESIAN_POINT('Origin',(1.2,5.8,11.1));
#14254=CARTESIAN_POINT('Origin',(0.6,3.,12.5));
#14255=CARTESIAN_POINT('',(0.6,5.5,13.1));
#14256=CARTESIAN_POINT('',(0.,5.5,12.5));
#14257=CARTESIAN_POINT('Origin',(0.6,5.5,12.5));
#14258=CARTESIAN_POINT('',(0.,1.5,12.5));
#14259=CARTESIAN_POINT('',(0.,3.,12.5));
#14260=CARTESIAN_POINT('',(0.6,1.5,13.1));
#14261=CARTESIAN_POINT('Origin',(0.6,1.5,12.5));
#14262=CARTESIAN_POINT('',(0.6,3.,13.1));
#14263=CARTESIAN_POINT('Origin',(1.5,1.5,12.5));
#14264=CARTESIAN_POINT('',(1.5,0.,12.5));
#14265=CARTESIAN_POINT('',(1.5,0.6,13.1));
#14266=CARTESIAN_POINT('Origin',(1.5,0.6,12.5));
#14267=CARTESIAN_POINT('Origin',(1.5,1.5,13.1));
#14268=CARTESIAN_POINT('Origin',(1.5,1.5,12.5));
#14269=CARTESIAN_POINT('Origin',(6.05,0.6,12.5));
#14270=CARTESIAN_POINT('',(14.6,0.,12.5));
#14271=CARTESIAN_POINT('',(14.6,0.6,13.1));
#14272=CARTESIAN_POINT('Origin',(14.6,0.6,12.5));
#14273=CARTESIAN_POINT('',(6.05,0.6,13.1));
#14274=CARTESIAN_POINT('',(6.05,0.,12.5));
#14275=CARTESIAN_POINT('Origin',(14.6,1.5,12.5));
#14276=CARTESIAN_POINT('',(16.1,1.5,12.5));
#14277=CARTESIAN_POINT('',(15.5,1.5,13.1));
#14278=CARTESIAN_POINT('Origin',(15.5,1.5,12.5));
#14279=CARTESIAN_POINT('Origin',(14.6,1.5,13.1));
#14280=CARTESIAN_POINT('Origin',(14.6,1.5,12.5));
#14281=CARTESIAN_POINT('Origin',(15.5,1.,12.5));
#14282=CARTESIAN_POINT('',(16.1,5.5,12.5));
#14283=CARTESIAN_POINT('',(15.5,5.5,13.1));
#14284=CARTESIAN_POINT('Origin',(15.5,5.5,12.5));
#14285=CARTESIAN_POINT('',(15.5,1.,13.1));
#14286=CARTESIAN_POINT('',(16.1,1.,12.5));
#14287=CARTESIAN_POINT('Origin',(14.6,5.5,12.5));
#14288=CARTESIAN_POINT('',(14.6,7.,12.5));
#14289=CARTESIAN_POINT('',(14.6,6.4,13.1));
#14290=CARTESIAN_POINT('Origin',(14.6,6.4,12.5));
#14291=CARTESIAN_POINT('Origin',(14.6,5.5,13.1));
#14292=CARTESIAN_POINT('Origin',(14.6,5.5,12.5));
#14293=CARTESIAN_POINT('Origin',(6.725,6.4,12.5));
#14294=CARTESIAN_POINT('',(1.5,7.,12.5));
#14295=CARTESIAN_POINT('',(1.5,6.4,13.1));
#14296=CARTESIAN_POINT('Origin',(1.5,6.4,12.5));
#14297=CARTESIAN_POINT('',(6.725,6.4,13.1));
#14298=CARTESIAN_POINT('',(6.725,7.,12.5));
#14299=CARTESIAN_POINT('Origin',(1.5,5.5,12.5));
#14300=CARTESIAN_POINT('Origin',(1.5,5.5,13.1));
#14301=CARTESIAN_POINT('Origin',(1.5,5.5,12.5));
#14302=CARTESIAN_POINT('Origin',(14.6,1.5,-3.9));
#14303=CARTESIAN_POINT('',(14.6,0.,11.1));
#14304=CARTESIAN_POINT('',(14.6,0.,-3.9));
#14305=CARTESIAN_POINT('',(16.1,1.5,11.1));
#14306=CARTESIAN_POINT('Origin',(14.6,1.5,11.1));
#14307=CARTESIAN_POINT('',(16.1,1.5,-3.9));
#14308=CARTESIAN_POINT('Origin',(4.05,0.,4.4));
#14309=CARTESIAN_POINT('',(1.5,0.,11.1));
#14310=CARTESIAN_POINT('',(1.5,0.,-3.9));
#14311=CARTESIAN_POINT('',(4.05,0.,11.1));
#14312=CARTESIAN_POINT('',(4.775,0.,11.1));
#14313=CARTESIAN_POINT('',(4.05,0.,4.4));
#14314=CARTESIAN_POINT('',(12.05,0.,11.1));
#14315=CARTESIAN_POINT('',(12.05,0.,4.4));
#14316=CARTESIAN_POINT('',(10.05,0.,11.1));
#14317=CARTESIAN_POINT('Origin',(1.5,1.5,-3.9));
#14318=CARTESIAN_POINT('',(0.,1.5,11.1));
#14319=CARTESIAN_POINT('',(0.,1.5,-3.9));
#14320=CARTESIAN_POINT('Origin',(1.5,1.5,11.1));
#14321=CARTESIAN_POINT('Origin',(0.,5.5,-3.9));
#14322=CARTESIAN_POINT('',(0.,5.5,11.1));
#14323=CARTESIAN_POINT('',(0.,5.5,-3.9));
#14324=CARTESIAN_POINT('',(0.,4.5,11.1));
#14325=CARTESIAN_POINT('Origin',(8.05,0.5,13.1));
#14326=CARTESIAN_POINT('Origin',(8.05,3.5,11.1));
#14327=CARTESIAN_POINT('',(1.5,7.,11.1));
#14328=CARTESIAN_POINT('Origin',(1.5,5.5,11.1));
#14329=CARTESIAN_POINT('',(14.6,7.,11.1));
#14330=CARTESIAN_POINT('',(6.725,7.,11.1));
#14331=CARTESIAN_POINT('',(16.1,5.5,11.1));
#14332=CARTESIAN_POINT('Origin',(14.6,5.5,11.1));
#14333=CARTESIAN_POINT('',(16.1,2.5,11.1));
#14334=CARTESIAN_POINT('',(12.05,1.,11.1));
#14335=CARTESIAN_POINT('',(12.05,1.75,11.1));
#14336=CARTESIAN_POINT('',(10.05,1.,11.1));
#14337=CARTESIAN_POINT('',(1.,4.75,11.1));
#14338=CARTESIAN_POINT('',(4.05,2.25,11.1));
#14339=CARTESIAN_POINT('Origin',(5.4,7.,-3.9));
#14340=CARTESIAN_POINT('',(14.6,7.,-3.9));
#14341=CARTESIAN_POINT('',(1.5,7.,-3.9));
#14342=CARTESIAN_POINT('Origin',(1.5,5.5,-3.9));
#14343=CARTESIAN_POINT('Origin',(16.1,1.5,-3.9));
#14344=CARTESIAN_POINT('',(16.1,5.5,-3.9));
#14345=CARTESIAN_POINT('Origin',(14.6,5.5,-3.9));
#14346=CARTESIAN_POINT('Origin',(12.05,1.,4.4));
#14347=CARTESIAN_POINT('',(12.05,1.,4.4));
#14348=CARTESIAN_POINT('Origin',(4.05,1.,4.4));
#14349=CARTESIAN_POINT('Origin',(1.,6.,4.4));
#14350=CARTESIAN_POINT('Origin',(12.05,0.,4.4));
#14351=CARTESIAN_POINT('',(-4.88070461926905E-30,7.00021991610515,13.1));
#14352=UNCERTAINTY_MEASURE_WITH_UNIT(LENGTH_MEASURE(0.01),#14358,
'DISTANCE_ACCURACY_VALUE',
'Maximum model space distance between geometric entities at asserted c
onnectivities');
#14353=UNCERTAINTY_MEASURE_WITH_UNIT(LENGTH_MEASURE(0.01),#14358,
'DISTANCE_ACCURACY_VALUE',
'Maximum model space distance between geometric entities at asserted c
onnectivities');
#14354=UNCERTAINTY_MEASURE_WITH_UNIT(LENGTH_MEASURE(0.01),#14358,
'DISTANCE_ACCURACY_VALUE',
'Maximum model space distance between geometric entities at asserted c
onnectivities');
#14355=(
GEOMETRIC_REPRESENTATION_CONTEXT(3)
GLOBAL_UNCERTAINTY_ASSIGNED_CONTEXT((#14352))
GLOBAL_UNIT_ASSIGNED_CONTEXT((#14358,#14360,#14361))
REPRESENTATION_CONTEXT('','3D')
);
#14356=(
GEOMETRIC_REPRESENTATION_CONTEXT(3)
GLOBAL_UNCERTAINTY_ASSIGNED_CONTEXT((#14353))
GLOBAL_UNIT_ASSIGNED_CONTEXT((#14358,#14360,#14361))
REPRESENTATION_CONTEXT('','3D')
);
#14357=(
GEOMETRIC_REPRESENTATION_CONTEXT(3)
GLOBAL_UNCERTAINTY_ASSIGNED_CONTEXT((#14354))
GLOBAL_UNIT_ASSIGNED_CONTEXT((#14358,#14360,#14361))
REPRESENTATION_CONTEXT('','3D')
);
#14358=(
LENGTH_UNIT()
NAMED_UNIT(*)
SI_UNIT(.MILLI.,.METRE.)
);
#14359=(
LENGTH_UNIT()
NAMED_UNIT(*)
SI_UNIT($,.METRE.)
);
#14360=(
NAMED_UNIT(*)
PLANE_ANGLE_UNIT()
SI_UNIT($,.RADIAN.)
);
#14361=(
NAMED_UNIT(*)
SI_UNIT($,.STERADIAN.)
SOLID_ANGLE_UNIT()
);
#14362=SHAPE_DEFINITION_REPRESENTATION(#14364,#14367);
#14363=SHAPE_DEFINITION_REPRESENTATION(#14365,#14368);
#14364=PRODUCT_DEFINITION_SHAPE('',$,#14370);
#14365=PRODUCT_DEFINITION_SHAPE('',$,#14371);
#14366=PRODUCT_DEFINITION_SHAPE($,$,#14);
#14367=SHAPE_REPRESENTATION('',(#7561,#8157),#14355);
#14368=SHAPE_REPRESENTATION('',(#7562),#14356);
#14369=PRODUCT_DEFINITION_CONTEXT('part definition',#14377,'design');
#14370=PRODUCT_DEFINITION('Connector Female','Connector Female',#14372,
#14369);
#14371=PRODUCT_DEFINITION('Pins (1)','Pins (1)',#14373,#14369);
#14372=PRODUCT_DEFINITION_FORMATION('',$,#14379);
#14373=PRODUCT_DEFINITION_FORMATION('',$,#14380);
#14374=PRODUCT_RELATED_PRODUCT_CATEGORY('Connector Female',
'Connector Female',(#14379));
#14375=PRODUCT_RELATED_PRODUCT_CATEGORY('Pins (1)','Pins (1)',(#14380));
#14376=APPLICATION_PROTOCOL_DEFINITION('international standard',
'automotive_design',2009,#14377);
#14377=APPLICATION_CONTEXT(
'Core Data for Automotive Mechanical Design Process');
#14378=PRODUCT_CONTEXT('part definition',#14377,'mechanical');
#14379=PRODUCT('Connector Female','Connector Female',$,(#14378));
#14380=PRODUCT('Pins (1)','Pins (1)',$,(#14378));
#14381=PRESENTATION_STYLE_ASSIGNMENT((#14384));
#14382=PRESENTATION_STYLE_ASSIGNMENT((#14385));
#14383=PRESENTATION_STYLE_ASSIGNMENT((#14386));
#14384=SURFACE_STYLE_USAGE(.BOTH.,#14387);
#14385=SURFACE_STYLE_USAGE(.BOTH.,#14388);
#14386=SURFACE_STYLE_USAGE(.BOTH.,#14389);
#14387=SURFACE_SIDE_STYLE('',(#14390));
#14388=SURFACE_SIDE_STYLE('',(#14391));
#14389=SURFACE_SIDE_STYLE('',(#14392));
#14390=SURFACE_STYLE_FILL_AREA(#14393);
#14391=SURFACE_STYLE_FILL_AREA(#14394);
#14392=SURFACE_STYLE_FILL_AREA(#14395);
#14393=FILL_AREA_STYLE('ABS (White)',(#14396));
#14394=FILL_AREA_STYLE('Plastic - Matte (Gray)',(#14397));
#14395=FILL_AREA_STYLE('Brass - Matte',(#14398));
#14396=FILL_AREA_STYLE_COLOUR('ABS (White)',#14399);
#14397=FILL_AREA_STYLE_COLOUR('Plastic - Matte (Gray)',#14400);
#14398=FILL_AREA_STYLE_COLOUR('Brass - Matte',#14401);
#14399=COLOUR_RGB('ABS (White)',0.964705882352941,0.964705882352941,0.952941176470588);
#14400=COLOUR_RGB('Plastic - Matte (Gray)',0.701960784313725,0.701960784313725,
0.701960784313725);
#14401=COLOUR_RGB('Brass - Matte',0.952941176470588,0.796078431372549,0.486274509803922);
ENDSEC;
END-ISO-10303-21;
