ISO-10303-21;
HEADER;
/* Generated by software containing ST-Developer
 * from STEP Tools, Inc. (www.steptools.com) 
 */

FILE_DESCRIPTION(
/* description */ (''),
/* implementation_level */ '2;1');

FILE_NAME(
/* name */ 
'D:/SynologyDrive/3D Printer/Grabcad/Connectors/MPX 6-pin Connector Ma
le.step',
/* time_stamp */ '2019-01-10T12:49:57+01:00',
/* author */ (''),
/* organization */ (''),
/* preprocessor_version */ 'ST-DEVELOPER v17.2',
/* originating_system */ 'Autodesk Translation Framework v7.6.0.251',
/* authorisation */ '');

FILE_SCHEMA (('AUTOMOTIVE_DESIGN { 1 0 10303 214 3 1 1 }'));
ENDSEC;

DATA;
#10=MECHANICAL_DESIGN_GEOMETRIC_PRESENTATION_REPRESENTATION('',(#167,#168,
#169,#170,#171,#172,#173),#8217);
#11=ITEM_DEFINED_TRANSFORMATION($,$,#3439,#3732);
#12=(
REPRESENTATION_RELATIONSHIP($,$,#8228,#8227)
REPRESENTATION_RELATIONSHIP_WITH_TRANSFORMATION(#11)
SHAPE_REPRESENTATION_RELATIONSHIP()
);
#13=CONTEXT_DEPENDENT_SHAPE_REPRESENTATION(#12,#8226);
#14=NEXT_ASSEMBLY_USAGE_OCCURRENCE('Pins:1','Pins:1','Pins:1',#8230,#8231,
'Pins:1');
#15=FACE_BOUND('',#598,.T.);
#16=FACE_BOUND('',#599,.T.);
#17=FACE_BOUND('',#600,.T.);
#18=FACE_BOUND('',#601,.T.);
#19=FACE_BOUND('',#602,.T.);
#20=FACE_BOUND('',#603,.T.);
#21=FACE_BOUND('',#604,.T.);
#22=FACE_BOUND('',#605,.T.);
#23=FACE_BOUND('',#613,.T.);
#24=FACE_BOUND('',#614,.T.);
#25=FACE_BOUND('',#615,.T.);
#26=FACE_BOUND('',#616,.T.);
#27=FACE_BOUND('',#617,.T.);
#28=FACE_BOUND('',#618,.T.);
#29=TOROIDAL_SURFACE('',#3685,0.9,0.6);
#30=TOROIDAL_SURFACE('',#3691,0.9,0.6);
#31=TOROIDAL_SURFACE('',#3697,0.9,0.6);
#32=TOROIDAL_SURFACE('',#3703,0.9,0.6);
#33=ELLIPSE('',#3601,0.14142135623731,0.1);
#34=ELLIPSE('',#3611,0.14142135623731,0.1);
#35=ELLIPSE('',#3623,0.14142135623731,0.1);
#36=ELLIPSE('',#3627,0.14142135623731,0.1);
#37=B_SPLINE_CURVE_WITH_KNOTS('',3,(#4867,#4868,#4869,#4870,#4871,#4872),
 .UNSPECIFIED.,.F.,.F.,(4,1,1,4),(0.,0.333333333333333,0.666666666666667,
1.),.UNSPECIFIED.);
#38=B_SPLINE_CURVE_WITH_KNOTS('',3,(#4874,#4875,#4876,#4877,#4878,#4879),
 .UNSPECIFIED.,.F.,.F.,(4,1,1,4),(0.,0.333333333333333,0.666666666666667,
1.),.UNSPECIFIED.);
#39=B_SPLINE_CURVE_WITH_KNOTS('',3,(#4920,#4921,#4922,#4923,#4924,#4925),
 .UNSPECIFIED.,.F.,.F.,(4,1,1,4),(0.,0.333333333333333,0.666666666666667,
1.),.UNSPECIFIED.);
#40=B_SPLINE_CURVE_WITH_KNOTS('',3,(#5003,#5004,#5005,#5006,#5007,#5008),
 .UNSPECIFIED.,.F.,.F.,(4,1,1,4),(0.,0.333333333333333,0.666666666666667,
1.),.UNSPECIFIED.);
#41=B_SPLINE_CURVE_WITH_KNOTS('',3,(#5048,#5049,#5050,#5051,#5052,#5053),
 .UNSPECIFIED.,.F.,.F.,(4,1,1,4),(0.,0.333333333333333,0.666666666666667,
1.),.UNSPECIFIED.);
#42=B_SPLINE_CURVE_WITH_KNOTS('',3,(#5055,#5056,#5057,#5058,#5059,#5060),
 .UNSPECIFIED.,.F.,.F.,(4,1,1,4),(0.,0.333333333333333,0.666666666666667,
1.),.UNSPECIFIED.);
#43=B_SPLINE_CURVE_WITH_KNOTS('',3,(#5101,#5102,#5103,#5104,#5105,#5106),
 .UNSPECIFIED.,.F.,.F.,(4,1,1,4),(0.,0.333333333333333,0.666666666666667,
1.),.UNSPECIFIED.);
#44=B_SPLINE_CURVE_WITH_KNOTS('',3,(#5147,#5148,#5149,#5150,#5151,#5152),
 .UNSPECIFIED.,.F.,.F.,(4,1,1,4),(0.,0.333333333333333,0.666666666666667,
1.),.UNSPECIFIED.);
#45=B_SPLINE_CURVE_WITH_KNOTS('',3,(#5231,#5232,#5233,#5234,#5235,#5236),
 .UNSPECIFIED.,.F.,.F.,(4,1,1,4),(0.,0.333333333333333,0.666666666666667,
1.),.UNSPECIFIED.);
#46=B_SPLINE_CURVE_WITH_KNOTS('',3,(#5238,#5239,#5240,#5241,#5242,#5243),
 .UNSPECIFIED.,.F.,.F.,(4,1,1,4),(0.,0.333333333333333,0.666666666666667,
1.),.UNSPECIFIED.);
#47=B_SPLINE_CURVE_WITH_KNOTS('',3,(#5284,#5285,#5286,#5287,#5288,#5289),
 .UNSPECIFIED.,.F.,.F.,(4,1,1,4),(0.,0.333333333333333,0.666666666666667,
1.),.UNSPECIFIED.);
#48=B_SPLINE_CURVE_WITH_KNOTS('',3,(#5330,#5331,#5332,#5333,#5334,#5335),
 .UNSPECIFIED.,.F.,.F.,(4,1,1,4),(0.,0.333333333333333,0.666666666666667,
1.),.UNSPECIFIED.);
#49=B_SPLINE_CURVE_WITH_KNOTS('',3,(#5414,#5415,#5416,#5417,#5418,#5419),
 .UNSPECIFIED.,.F.,.F.,(4,1,1,4),(0.,0.333333333333333,0.666666666666667,
1.),.UNSPECIFIED.);
#50=B_SPLINE_CURVE_WITH_KNOTS('',3,(#5421,#5422,#5423,#5424,#5425,#5426),
 .UNSPECIFIED.,.F.,.F.,(4,1,1,4),(0.,0.333333333333333,0.666666666666667,
1.),.UNSPECIFIED.);
#51=B_SPLINE_CURVE_WITH_KNOTS('',3,(#5467,#5468,#5469,#5470,#5471,#5472),
 .UNSPECIFIED.,.F.,.F.,(4,1,1,4),(0.,0.333333333333333,0.666666666666667,
1.),.UNSPECIFIED.);
#52=B_SPLINE_CURVE_WITH_KNOTS('',3,(#5550,#5551,#5552,#5553,#5554,#5555),
 .UNSPECIFIED.,.F.,.F.,(4,1,1,4),(0.,0.333333333333333,0.666666666666667,
1.),.UNSPECIFIED.);
#53=B_SPLINE_CURVE_WITH_KNOTS('',3,(#5595,#5596,#5597,#5598,#5599,#5600),
 .UNSPECIFIED.,.F.,.F.,(4,1,1,4),(0.,0.333333333333333,0.666666666666667,
1.),.UNSPECIFIED.);
#54=B_SPLINE_CURVE_WITH_KNOTS('',3,(#5602,#5603,#5604,#5605,#5606,#5607),
 .UNSPECIFIED.,.F.,.F.,(4,1,1,4),(0.,0.333333333333333,0.666666666666667,
1.),.UNSPECIFIED.);
#55=B_SPLINE_CURVE_WITH_KNOTS('',3,(#5648,#5649,#5650,#5651,#5652,#5653),
 .UNSPECIFIED.,.F.,.F.,(4,1,1,4),(0.,0.333333333333333,0.666666666666667,
1.),.UNSPECIFIED.);
#56=B_SPLINE_CURVE_WITH_KNOTS('',3,(#5694,#5695,#5696,#5697,#5698,#5699),
 .UNSPECIFIED.,.F.,.F.,(4,1,1,4),(0.,0.333333333333333,0.666666666666667,
1.),.UNSPECIFIED.);
#57=B_SPLINE_CURVE_WITH_KNOTS('',3,(#5740,#5741,#5742,#5743,#5744,#5745),
 .UNSPECIFIED.,.F.,.F.,(4,1,1,4),(0.,0.333333333333333,0.666666666666667,
1.),.UNSPECIFIED.);
#58=B_SPLINE_CURVE_WITH_KNOTS('',3,(#5786,#5787,#5788,#5789,#5790,#5791),
 .UNSPECIFIED.,.F.,.F.,(4,1,1,4),(0.,0.333333333333333,0.666666666666667,
1.),.UNSPECIFIED.);
#59=B_SPLINE_CURVE_WITH_KNOTS('',3,(#5833,#5834,#5835,#5836,#5837,#5838),
 .UNSPECIFIED.,.F.,.F.,(4,1,1,4),(0.,0.333333333333333,0.666666666666667,
1.),.UNSPECIFIED.);
#60=B_SPLINE_CURVE_WITH_KNOTS('',3,(#5840,#5841,#5842,#5843,#5844,#5845),
 .UNSPECIFIED.,.F.,.F.,(4,1,1,4),(0.,0.333333333333333,0.666666666666667,
1.),.UNSPECIFIED.);
#61=B_SPLINE_CURVE_WITH_KNOTS('',3,(#5886,#5887,#5888,#5889,#5890,#5891),
 .UNSPECIFIED.,.F.,.F.,(4,1,1,4),(0.,0.333333333333333,0.666666666666667,
1.),.UNSPECIFIED.);
#62=B_SPLINE_CURVE_WITH_KNOTS('',3,(#5932,#5933,#5934,#5935,#5936,#5937),
 .UNSPECIFIED.,.F.,.F.,(4,1,1,4),(0.,0.333333333333333,0.666666666666667,
1.),.UNSPECIFIED.);
#63=B_SPLINE_CURVE_WITH_KNOTS('',3,(#5978,#5979,#5980,#5981,#5982,#5983),
 .UNSPECIFIED.,.F.,.F.,(4,1,1,4),(0.,0.333333333333333,0.666666666666667,
1.),.UNSPECIFIED.);
#64=B_SPLINE_CURVE_WITH_KNOTS('',3,(#6024,#6025,#6026,#6027,#6028,#6029),
 .UNSPECIFIED.,.F.,.F.,(4,1,1,4),(0.,0.333333333333333,0.666666666666667,
1.),.UNSPECIFIED.);
#65=B_SPLINE_CURVE_WITH_KNOTS('',3,(#6071,#6072,#6073,#6074,#6075,#6076),
 .UNSPECIFIED.,.F.,.F.,(4,1,1,4),(0.,0.333333333333333,0.666666666666667,
1.),.UNSPECIFIED.);
#66=B_SPLINE_CURVE_WITH_KNOTS('',3,(#6078,#6079,#6080,#6081,#6082,#6083),
 .UNSPECIFIED.,.F.,.F.,(4,1,1,4),(0.,0.333333333333333,0.666666666666667,
1.),.UNSPECIFIED.);
#67=B_SPLINE_CURVE_WITH_KNOTS('',3,(#6124,#6125,#6126,#6127,#6128,#6129),
 .UNSPECIFIED.,.F.,.F.,(4,1,1,4),(0.,0.333333333333333,0.666666666666667,
1.),.UNSPECIFIED.);
#68=B_SPLINE_CURVE_WITH_KNOTS('',3,(#6170,#6171,#6172,#6173,#6174,#6175),
 .UNSPECIFIED.,.F.,.F.,(4,1,1,4),(0.,0.333333333333333,0.666666666666667,
1.),.UNSPECIFIED.);
#69=B_SPLINE_CURVE_WITH_KNOTS('',3,(#6216,#6217,#6218,#6219,#6220,#6221),
 .UNSPECIFIED.,.F.,.F.,(4,1,1,4),(0.,0.333333333333333,0.666666666666667,
1.),.UNSPECIFIED.);
#70=B_SPLINE_CURVE_WITH_KNOTS('',3,(#6262,#6263,#6264,#6265,#6266,#6267),
 .UNSPECIFIED.,.F.,.F.,(4,1,1,4),(0.,0.333333333333333,0.666666666666667,
1.),.UNSPECIFIED.);
#71=B_SPLINE_CURVE_WITH_KNOTS('',3,(#6309,#6310,#6311,#6312,#6313,#6314),
 .UNSPECIFIED.,.F.,.F.,(4,1,1,4),(0.,0.333333333333333,0.666666666666667,
1.),.UNSPECIFIED.);
#72=B_SPLINE_CURVE_WITH_KNOTS('',3,(#6316,#6317,#6318,#6319,#6320,#6321),
 .UNSPECIFIED.,.F.,.F.,(4,1,1,4),(0.,0.333333333333333,0.666666666666667,
1.),.UNSPECIFIED.);
#73=B_SPLINE_CURVE_WITH_KNOTS('',3,(#6362,#6363,#6364,#6365,#6366,#6367),
 .UNSPECIFIED.,.F.,.F.,(4,1,1,4),(0.,0.333333333333333,0.666666666666667,
1.),.UNSPECIFIED.);
#74=B_SPLINE_CURVE_WITH_KNOTS('',3,(#6408,#6409,#6410,#6411,#6412,#6413),
 .UNSPECIFIED.,.F.,.F.,(4,1,1,4),(0.,0.333333333333333,0.666666666666667,
1.),.UNSPECIFIED.);
#75=B_SPLINE_CURVE_WITH_KNOTS('',3,(#6454,#6455,#6456,#6457,#6458,#6459),
 .UNSPECIFIED.,.F.,.F.,(4,1,1,4),(0.,0.333333333333333,0.666666666666667,
1.),.UNSPECIFIED.);
#76=B_SPLINE_CURVE_WITH_KNOTS('',3,(#6500,#6501,#6502,#6503,#6504,#6505),
 .UNSPECIFIED.,.F.,.F.,(4,1,1,4),(0.,0.333333333333333,0.666666666666667,
1.),.UNSPECIFIED.);
#77=B_SPLINE_CURVE_WITH_KNOTS('',3,(#6547,#6548,#6549,#6550,#6551,#6552),
 .UNSPECIFIED.,.F.,.F.,(4,1,1,4),(0.,0.333333333333333,0.666666666666667,
1.),.UNSPECIFIED.);
#78=B_SPLINE_CURVE_WITH_KNOTS('',3,(#6554,#6555,#6556,#6557,#6558,#6559),
 .UNSPECIFIED.,.F.,.F.,(4,1,1,4),(0.,0.333333333333333,0.666666666666667,
1.),.UNSPECIFIED.);
#79=B_SPLINE_CURVE_WITH_KNOTS('',3,(#6600,#6601,#6602,#6603,#6604,#6605),
 .UNSPECIFIED.,.F.,.F.,(4,1,1,4),(0.,0.333333333333333,0.666666666666667,
1.),.UNSPECIFIED.);
#80=B_SPLINE_CURVE_WITH_KNOTS('',3,(#6646,#6647,#6648,#6649,#6650,#6651),
 .UNSPECIFIED.,.F.,.F.,(4,1,1,4),(0.,0.333333333333333,0.666666666666667,
1.),.UNSPECIFIED.);
#81=B_SPLINE_CURVE_WITH_KNOTS('',3,(#6692,#6693,#6694,#6695,#6696,#6697),
 .UNSPECIFIED.,.F.,.F.,(4,1,1,4),(0.,0.333333333333333,0.666666666666667,
1.),.UNSPECIFIED.);
#82=B_SPLINE_CURVE_WITH_KNOTS('',3,(#6738,#6739,#6740,#6741,#6742,#6743),
 .UNSPECIFIED.,.F.,.F.,(4,1,1,4),(0.,0.333333333333333,0.666666666666667,
1.),.UNSPECIFIED.);
#83=B_SPLINE_CURVE_WITH_KNOTS('',3,(#6785,#6786,#6787,#6788,#6789,#6790),
 .UNSPECIFIED.,.F.,.F.,(4,1,1,4),(0.,0.333333333333333,0.666666666666667,
1.),.UNSPECIFIED.);
#84=B_SPLINE_CURVE_WITH_KNOTS('',3,(#6792,#6793,#6794,#6795,#6796,#6797),
 .UNSPECIFIED.,.F.,.F.,(4,1,1,4),(0.,0.333333333333333,0.666666666666667,
1.),.UNSPECIFIED.);
#85=B_SPLINE_CURVE_WITH_KNOTS('',3,(#6838,#6839,#6840,#6841,#6842,#6843),
 .UNSPECIFIED.,.F.,.F.,(4,1,1,4),(0.,0.333333333333333,0.666666666666667,
1.),.UNSPECIFIED.);
#86=B_SPLINE_CURVE_WITH_KNOTS('',3,(#6921,#6922,#6923,#6924,#6925,#6926),
 .UNSPECIFIED.,.F.,.F.,(4,1,1,4),(0.,0.333333333333333,0.666666666666667,
1.),.UNSPECIFIED.);
#87=B_SPLINE_CURVE_WITH_KNOTS('',3,(#6966,#6967,#6968,#6969,#6970,#6971),
 .UNSPECIFIED.,.F.,.F.,(4,1,1,4),(0.,0.333333333333333,0.666666666666667,
1.),.UNSPECIFIED.);
#88=B_SPLINE_CURVE_WITH_KNOTS('',3,(#6973,#6974,#6975,#6976,#6977,#6978),
 .UNSPECIFIED.,.F.,.F.,(4,1,1,4),(0.,0.333333333333333,0.666666666666667,
1.),.UNSPECIFIED.);
#89=B_SPLINE_CURVE_WITH_KNOTS('',3,(#7019,#7020,#7021,#7022,#7023,#7024),
 .UNSPECIFIED.,.F.,.F.,(4,1,1,4),(0.,0.333333333333333,0.666666666666667,
1.),.UNSPECIFIED.);
#90=B_SPLINE_CURVE_WITH_KNOTS('',3,(#7065,#7066,#7067,#7068,#7069,#7070),
 .UNSPECIFIED.,.F.,.F.,(4,1,1,4),(0.,0.333333333333333,0.666666666666667,
1.),.UNSPECIFIED.);
#91=B_SPLINE_CURVE_WITH_KNOTS('',3,(#7111,#7112,#7113,#7114,#7115,#7116),
 .UNSPECIFIED.,.F.,.F.,(4,1,1,4),(0.,0.333333333333333,0.666666666666667,
1.),.UNSPECIFIED.);
#92=B_SPLINE_CURVE_WITH_KNOTS('',3,(#7157,#7158,#7159,#7160,#7161,#7162),
 .UNSPECIFIED.,.F.,.F.,(4,1,1,4),(0.,0.333333333333333,0.666666666666667,
1.),.UNSPECIFIED.);
#93=B_SPLINE_CURVE_WITH_KNOTS('',3,(#7204,#7205,#7206,#7207,#7208,#7209),
 .UNSPECIFIED.,.F.,.F.,(4,1,1,4),(0.,0.333333333333333,0.666666666666667,
1.),.UNSPECIFIED.);
#94=B_SPLINE_CURVE_WITH_KNOTS('',3,(#7211,#7212,#7213,#7214,#7215,#7216),
 .UNSPECIFIED.,.F.,.F.,(4,1,1,4),(0.,0.333333333333333,0.666666666666667,
1.),.UNSPECIFIED.);
#95=B_SPLINE_CURVE_WITH_KNOTS('',3,(#7257,#7258,#7259,#7260,#7261,#7262),
 .UNSPECIFIED.,.F.,.F.,(4,1,1,4),(0.,0.333333333333333,0.666666666666667,
1.),.UNSPECIFIED.);
#96=B_SPLINE_CURVE_WITH_KNOTS('',3,(#7303,#7304,#7305,#7306,#7307,#7308),
 .UNSPECIFIED.,.F.,.F.,(4,1,1,4),(0.,0.333333333333333,0.666666666666667,
1.),.UNSPECIFIED.);
#97=B_SPLINE_SURFACE_WITH_KNOTS('',3,3,((#4829,#4830,#4831,#4832,#4833,
#4834),(#4835,#4836,#4837,#4838,#4839,#4840),(#4841,#4842,#4843,#4844,#4845,
#4846),(#4847,#4848,#4849,#4850,#4851,#4852),(#4853,#4854,#4855,#4856,#4857,
#4858),(#4859,#4860,#4861,#4862,#4863,#4864)),.UNSPECIFIED.,.F.,.F.,.F.,
(4,1,1,4),(4,1,1,4),(0.,0.333333333333333,0.666666666666667,1.),(0.,0.333333333333333,
0.666666666666667,1.),.UNSPECIFIED.);
#98=B_SPLINE_SURFACE_WITH_KNOTS('',3,3,((#4883,#4884,#4885,#4886,#4887,
#4888),(#4889,#4890,#4891,#4892,#4893,#4894),(#4895,#4896,#4897,#4898,#4899,
#4900),(#4901,#4902,#4903,#4904,#4905,#4906),(#4907,#4908,#4909,#4910,#4911,
#4912),(#4913,#4914,#4915,#4916,#4917,#4918)),.UNSPECIFIED.,.F.,.F.,.F.,
(4,1,1,4),(4,1,1,4),(0.,0.333333333333333,0.666666666666667,1.),(0.,0.333333333333333,
0.666666666666667,1.),.UNSPECIFIED.);
#99=B_SPLINE_SURFACE_WITH_KNOTS('',3,3,((#4929,#4930,#4931,#4932,#4933,
#4934),(#4935,#4936,#4937,#4938,#4939,#4940),(#4941,#4942,#4943,#4944,#4945,
#4946),(#4947,#4948,#4949,#4950,#4951,#4952),(#4953,#4954,#4955,#4956,#4957,
#4958),(#4959,#4960,#4961,#4962,#4963,#4964)),.UNSPECIFIED.,.F.,.F.,.F.,
(4,1,1,4),(4,1,1,4),(0.,0.333333333333333,0.666666666666667,1.),(0.,0.333333333333333,
0.666666666666667,1.),.UNSPECIFIED.);
#100=B_SPLINE_SURFACE_WITH_KNOTS('',3,3,((#4966,#4967,#4968,#4969,#4970,
#4971),(#4972,#4973,#4974,#4975,#4976,#4977),(#4978,#4979,#4980,#4981,#4982,
#4983),(#4984,#4985,#4986,#4987,#4988,#4989),(#4990,#4991,#4992,#4993,#4994,
#4995),(#4996,#4997,#4998,#4999,#5000,#5001)),.UNSPECIFIED.,.F.,.F.,.F.,
(4,1,1,4),(4,1,1,4),(0.,0.333333333333333,0.666666666666667,1.),(0.,0.333333333333333,
0.666666666666667,1.),.UNSPECIFIED.);
#101=B_SPLINE_SURFACE_WITH_KNOTS('',3,3,((#5010,#5011,#5012,#5013,#5014,
#5015),(#5016,#5017,#5018,#5019,#5020,#5021),(#5022,#5023,#5024,#5025,#5026,
#5027),(#5028,#5029,#5030,#5031,#5032,#5033),(#5034,#5035,#5036,#5037,#5038,
#5039),(#5040,#5041,#5042,#5043,#5044,#5045)),.UNSPECIFIED.,.F.,.F.,.F.,
(4,1,1,4),(4,1,1,4),(0.,0.333333333333333,0.666666666666667,1.),(0.,0.333333333333333,
0.666666666666667,1.),.UNSPECIFIED.);
#102=B_SPLINE_SURFACE_WITH_KNOTS('',3,3,((#5064,#5065,#5066,#5067,#5068,
#5069),(#5070,#5071,#5072,#5073,#5074,#5075),(#5076,#5077,#5078,#5079,#5080,
#5081),(#5082,#5083,#5084,#5085,#5086,#5087),(#5088,#5089,#5090,#5091,#5092,
#5093),(#5094,#5095,#5096,#5097,#5098,#5099)),.UNSPECIFIED.,.F.,.F.,.F.,
(4,1,1,4),(4,1,1,4),(0.,0.333333333333333,0.666666666666667,1.),(0.,0.333333333333333,
0.666666666666667,1.),.UNSPECIFIED.);
#103=B_SPLINE_SURFACE_WITH_KNOTS('',3,3,((#5110,#5111,#5112,#5113,#5114,
#5115),(#5116,#5117,#5118,#5119,#5120,#5121),(#5122,#5123,#5124,#5125,#5126,
#5127),(#5128,#5129,#5130,#5131,#5132,#5133),(#5134,#5135,#5136,#5137,#5138,
#5139),(#5140,#5141,#5142,#5143,#5144,#5145)),.UNSPECIFIED.,.F.,.F.,.F.,
(4,1,1,4),(4,1,1,4),(0.,0.333333333333333,0.666666666666667,1.),(0.,0.333333333333333,
0.666666666666667,1.),.UNSPECIFIED.);
#104=B_SPLINE_SURFACE_WITH_KNOTS('',3,3,((#5156,#5157,#5158,#5159,#5160,
#5161),(#5162,#5163,#5164,#5165,#5166,#5167),(#5168,#5169,#5170,#5171,#5172,
#5173),(#5174,#5175,#5176,#5177,#5178,#5179),(#5180,#5181,#5182,#5183,#5184,
#5185),(#5186,#5187,#5188,#5189,#5190,#5191)),.UNSPECIFIED.,.F.,.F.,.F.,
(4,1,1,4),(4,1,1,4),(0.,0.333333333333333,0.666666666666667,1.),(0.,0.333333333333333,
0.666666666666667,1.),.UNSPECIFIED.);
#105=B_SPLINE_SURFACE_WITH_KNOTS('',3,3,((#5193,#5194,#5195,#5196,#5197,
#5198),(#5199,#5200,#5201,#5202,#5203,#5204),(#5205,#5206,#5207,#5208,#5209,
#5210),(#5211,#5212,#5213,#5214,#5215,#5216),(#5217,#5218,#5219,#5220,#5221,
#5222),(#5223,#5224,#5225,#5226,#5227,#5228)),.UNSPECIFIED.,.F.,.F.,.F.,
(4,1,1,4),(4,1,1,4),(0.,0.333333333333333,0.666666666666667,1.),(0.,0.333333333333333,
0.666666666666667,1.),.UNSPECIFIED.);
#106=B_SPLINE_SURFACE_WITH_KNOTS('',3,3,((#5247,#5248,#5249,#5250,#5251,
#5252),(#5253,#5254,#5255,#5256,#5257,#5258),(#5259,#5260,#5261,#5262,#5263,
#5264),(#5265,#5266,#5267,#5268,#5269,#5270),(#5271,#5272,#5273,#5274,#5275,
#5276),(#5277,#5278,#5279,#5280,#5281,#5282)),.UNSPECIFIED.,.F.,.F.,.F.,
(4,1,1,4),(4,1,1,4),(0.,0.333333333333333,0.666666666666667,1.),(0.,0.333333333333333,
0.666666666666667,1.),.UNSPECIFIED.);
#107=B_SPLINE_SURFACE_WITH_KNOTS('',3,3,((#5293,#5294,#5295,#5296,#5297,
#5298),(#5299,#5300,#5301,#5302,#5303,#5304),(#5305,#5306,#5307,#5308,#5309,
#5310),(#5311,#5312,#5313,#5314,#5315,#5316),(#5317,#5318,#5319,#5320,#5321,
#5322),(#5323,#5324,#5325,#5326,#5327,#5328)),.UNSPECIFIED.,.F.,.F.,.F.,
(4,1,1,4),(4,1,1,4),(0.,0.333333333333333,0.666666666666667,1.),(0.,0.333333333333333,
0.666666666666667,1.),.UNSPECIFIED.);
#108=B_SPLINE_SURFACE_WITH_KNOTS('',3,3,((#5339,#5340,#5341,#5342,#5343,
#5344),(#5345,#5346,#5347,#5348,#5349,#5350),(#5351,#5352,#5353,#5354,#5355,
#5356),(#5357,#5358,#5359,#5360,#5361,#5362),(#5363,#5364,#5365,#5366,#5367,
#5368),(#5369,#5370,#5371,#5372,#5373,#5374)),.UNSPECIFIED.,.F.,.F.,.F.,
(4,1,1,4),(4,1,1,4),(0.,0.333333333333333,0.666666666666667,1.),(0.,0.333333333333333,
0.666666666666667,1.),.UNSPECIFIED.);
#109=B_SPLINE_SURFACE_WITH_KNOTS('',3,3,((#5376,#5377,#5378,#5379,#5380,
#5381),(#5382,#5383,#5384,#5385,#5386,#5387),(#5388,#5389,#5390,#5391,#5392,
#5393),(#5394,#5395,#5396,#5397,#5398,#5399),(#5400,#5401,#5402,#5403,#5404,
#5405),(#5406,#5407,#5408,#5409,#5410,#5411)),.UNSPECIFIED.,.F.,.F.,.F.,
(4,1,1,4),(4,1,1,4),(0.,0.333333333333333,0.666666666666667,1.),(0.,0.333333333333333,
0.666666666666667,1.),.UNSPECIFIED.);
#110=B_SPLINE_SURFACE_WITH_KNOTS('',3,3,((#5430,#5431,#5432,#5433,#5434,
#5435),(#5436,#5437,#5438,#5439,#5440,#5441),(#5442,#5443,#5444,#5445,#5446,
#5447),(#5448,#5449,#5450,#5451,#5452,#5453),(#5454,#5455,#5456,#5457,#5458,
#5459),(#5460,#5461,#5462,#5463,#5464,#5465)),.UNSPECIFIED.,.F.,.F.,.F.,
(4,1,1,4),(4,1,1,4),(0.,0.333333333333333,0.666666666666667,1.),(0.,0.333333333333333,
0.666666666666667,1.),.UNSPECIFIED.);
#111=B_SPLINE_SURFACE_WITH_KNOTS('',3,3,((#5476,#5477,#5478,#5479,#5480,
#5481),(#5482,#5483,#5484,#5485,#5486,#5487),(#5488,#5489,#5490,#5491,#5492,
#5493),(#5494,#5495,#5496,#5497,#5498,#5499),(#5500,#5501,#5502,#5503,#5504,
#5505),(#5506,#5507,#5508,#5509,#5510,#5511)),.UNSPECIFIED.,.F.,.F.,.F.,
(4,1,1,4),(4,1,1,4),(0.,0.333333333333333,0.666666666666667,1.),(0.,0.333333333333333,
0.666666666666667,1.),.UNSPECIFIED.);
#112=B_SPLINE_SURFACE_WITH_KNOTS('',3,3,((#5513,#5514,#5515,#5516,#5517,
#5518),(#5519,#5520,#5521,#5522,#5523,#5524),(#5525,#5526,#5527,#5528,#5529,
#5530),(#5531,#5532,#5533,#5534,#5535,#5536),(#5537,#5538,#5539,#5540,#5541,
#5542),(#5543,#5544,#5545,#5546,#5547,#5548)),.UNSPECIFIED.,.F.,.F.,.F.,
(4,1,1,4),(4,1,1,4),(0.,0.333333333333333,0.666666666666667,1.),(0.,0.333333333333333,
0.666666666666667,1.),.UNSPECIFIED.);
#113=B_SPLINE_SURFACE_WITH_KNOTS('',3,3,((#5557,#5558,#5559,#5560,#5561,
#5562),(#5563,#5564,#5565,#5566,#5567,#5568),(#5569,#5570,#5571,#5572,#5573,
#5574),(#5575,#5576,#5577,#5578,#5579,#5580),(#5581,#5582,#5583,#5584,#5585,
#5586),(#5587,#5588,#5589,#5590,#5591,#5592)),.UNSPECIFIED.,.F.,.F.,.F.,
(4,1,1,4),(4,1,1,4),(0.,0.333333333333333,0.666666666666667,1.),(0.,0.333333333333333,
0.666666666666667,1.),.UNSPECIFIED.);
#114=B_SPLINE_SURFACE_WITH_KNOTS('',3,3,((#5611,#5612,#5613,#5614,#5615,
#5616),(#5617,#5618,#5619,#5620,#5621,#5622),(#5623,#5624,#5625,#5626,#5627,
#5628),(#5629,#5630,#5631,#5632,#5633,#5634),(#5635,#5636,#5637,#5638,#5639,
#5640),(#5641,#5642,#5643,#5644,#5645,#5646)),.UNSPECIFIED.,.F.,.F.,.F.,
(4,1,1,4),(4,1,1,4),(0.,0.333333333333333,0.666666666666667,1.),(0.,0.333333333333333,
0.666666666666667,1.),.UNSPECIFIED.);
#115=B_SPLINE_SURFACE_WITH_KNOTS('',3,3,((#5657,#5658,#5659,#5660,#5661,
#5662),(#5663,#5664,#5665,#5666,#5667,#5668),(#5669,#5670,#5671,#5672,#5673,
#5674),(#5675,#5676,#5677,#5678,#5679,#5680),(#5681,#5682,#5683,#5684,#5685,
#5686),(#5687,#5688,#5689,#5690,#5691,#5692)),.UNSPECIFIED.,.F.,.F.,.F.,
(4,1,1,4),(4,1,1,4),(0.,0.333333333333333,0.666666666666667,1.),(0.,0.333333333333333,
0.666666666666667,1.),.UNSPECIFIED.);
#116=B_SPLINE_SURFACE_WITH_KNOTS('',3,3,((#5703,#5704,#5705,#5706,#5707,
#5708),(#5709,#5710,#5711,#5712,#5713,#5714),(#5715,#5716,#5717,#5718,#5719,
#5720),(#5721,#5722,#5723,#5724,#5725,#5726),(#5727,#5728,#5729,#5730,#5731,
#5732),(#5733,#5734,#5735,#5736,#5737,#5738)),.UNSPECIFIED.,.F.,.F.,.F.,
(4,1,1,4),(4,1,1,4),(0.,0.333333333333333,0.666666666666667,1.),(0.,0.333333333333333,
0.666666666666667,1.),.UNSPECIFIED.);
#117=B_SPLINE_SURFACE_WITH_KNOTS('',3,3,((#5749,#5750,#5751,#5752,#5753,
#5754),(#5755,#5756,#5757,#5758,#5759,#5760),(#5761,#5762,#5763,#5764,#5765,
#5766),(#5767,#5768,#5769,#5770,#5771,#5772),(#5773,#5774,#5775,#5776,#5777,
#5778),(#5779,#5780,#5781,#5782,#5783,#5784)),.UNSPECIFIED.,.F.,.F.,.F.,
(4,1,1,4),(4,1,1,4),(0.,0.333333333333333,0.666666666666667,1.),(0.,0.333333333333333,
0.666666666666667,1.),.UNSPECIFIED.);
#118=B_SPLINE_SURFACE_WITH_KNOTS('',3,3,((#5795,#5796,#5797,#5798,#5799,
#5800),(#5801,#5802,#5803,#5804,#5805,#5806),(#5807,#5808,#5809,#5810,#5811,
#5812),(#5813,#5814,#5815,#5816,#5817,#5818),(#5819,#5820,#5821,#5822,#5823,
#5824),(#5825,#5826,#5827,#5828,#5829,#5830)),.UNSPECIFIED.,.F.,.F.,.F.,
(4,1,1,4),(4,1,1,4),(0.,0.333333333333333,0.666666666666667,1.),(0.,0.333333333333333,
0.666666666666667,1.),.UNSPECIFIED.);
#119=B_SPLINE_SURFACE_WITH_KNOTS('',3,3,((#5849,#5850,#5851,#5852,#5853,
#5854),(#5855,#5856,#5857,#5858,#5859,#5860),(#5861,#5862,#5863,#5864,#5865,
#5866),(#5867,#5868,#5869,#5870,#5871,#5872),(#5873,#5874,#5875,#5876,#5877,
#5878),(#5879,#5880,#5881,#5882,#5883,#5884)),.UNSPECIFIED.,.F.,.F.,.F.,
(4,1,1,4),(4,1,1,4),(0.,0.333333333333333,0.666666666666667,1.),(0.,0.333333333333333,
0.666666666666667,1.),.UNSPECIFIED.);
#120=B_SPLINE_SURFACE_WITH_KNOTS('',3,3,((#5895,#5896,#5897,#5898,#5899,
#5900),(#5901,#5902,#5903,#5904,#5905,#5906),(#5907,#5908,#5909,#5910,#5911,
#5912),(#5913,#5914,#5915,#5916,#5917,#5918),(#5919,#5920,#5921,#5922,#5923,
#5924),(#5925,#5926,#5927,#5928,#5929,#5930)),.UNSPECIFIED.,.F.,.F.,.F.,
(4,1,1,4),(4,1,1,4),(0.,0.333333333333333,0.666666666666667,1.),(0.,0.333333333333333,
0.666666666666667,1.),.UNSPECIFIED.);
#121=B_SPLINE_SURFACE_WITH_KNOTS('',3,3,((#5941,#5942,#5943,#5944,#5945,
#5946),(#5947,#5948,#5949,#5950,#5951,#5952),(#5953,#5954,#5955,#5956,#5957,
#5958),(#5959,#5960,#5961,#5962,#5963,#5964),(#5965,#5966,#5967,#5968,#5969,
#5970),(#5971,#5972,#5973,#5974,#5975,#5976)),.UNSPECIFIED.,.F.,.F.,.F.,
(4,1,1,4),(4,1,1,4),(0.,0.333333333333333,0.666666666666667,1.),(0.,0.333333333333333,
0.666666666666667,1.),.UNSPECIFIED.);
#122=B_SPLINE_SURFACE_WITH_KNOTS('',3,3,((#5987,#5988,#5989,#5990,#5991,
#5992),(#5993,#5994,#5995,#5996,#5997,#5998),(#5999,#6000,#6001,#6002,#6003,
#6004),(#6005,#6006,#6007,#6008,#6009,#6010),(#6011,#6012,#6013,#6014,#6015,
#6016),(#6017,#6018,#6019,#6020,#6021,#6022)),.UNSPECIFIED.,.F.,.F.,.F.,
(4,1,1,4),(4,1,1,4),(0.,0.333333333333333,0.666666666666667,1.),(0.,0.333333333333333,
0.666666666666667,1.),.UNSPECIFIED.);
#123=B_SPLINE_SURFACE_WITH_KNOTS('',3,3,((#6033,#6034,#6035,#6036,#6037,
#6038),(#6039,#6040,#6041,#6042,#6043,#6044),(#6045,#6046,#6047,#6048,#6049,
#6050),(#6051,#6052,#6053,#6054,#6055,#6056),(#6057,#6058,#6059,#6060,#6061,
#6062),(#6063,#6064,#6065,#6066,#6067,#6068)),.UNSPECIFIED.,.F.,.F.,.F.,
(4,1,1,4),(4,1,1,4),(0.,0.333333333333333,0.666666666666667,1.),(0.,0.333333333333333,
0.666666666666667,1.),.UNSPECIFIED.);
#124=B_SPLINE_SURFACE_WITH_KNOTS('',3,3,((#6087,#6088,#6089,#6090,#6091,
#6092),(#6093,#6094,#6095,#6096,#6097,#6098),(#6099,#6100,#6101,#6102,#6103,
#6104),(#6105,#6106,#6107,#6108,#6109,#6110),(#6111,#6112,#6113,#6114,#6115,
#6116),(#6117,#6118,#6119,#6120,#6121,#6122)),.UNSPECIFIED.,.F.,.F.,.F.,
(4,1,1,4),(4,1,1,4),(0.,0.333333333333333,0.666666666666667,1.),(0.,0.333333333333333,
0.666666666666667,1.),.UNSPECIFIED.);
#125=B_SPLINE_SURFACE_WITH_KNOTS('',3,3,((#6133,#6134,#6135,#6136,#6137,
#6138),(#6139,#6140,#6141,#6142,#6143,#6144),(#6145,#6146,#6147,#6148,#6149,
#6150),(#6151,#6152,#6153,#6154,#6155,#6156),(#6157,#6158,#6159,#6160,#6161,
#6162),(#6163,#6164,#6165,#6166,#6167,#6168)),.UNSPECIFIED.,.F.,.F.,.F.,
(4,1,1,4),(4,1,1,4),(0.,0.333333333333333,0.666666666666667,1.),(0.,0.333333333333333,
0.666666666666667,1.),.UNSPECIFIED.);
#126=B_SPLINE_SURFACE_WITH_KNOTS('',3,3,((#6179,#6180,#6181,#6182,#6183,
#6184),(#6185,#6186,#6187,#6188,#6189,#6190),(#6191,#6192,#6193,#6194,#6195,
#6196),(#6197,#6198,#6199,#6200,#6201,#6202),(#6203,#6204,#6205,#6206,#6207,
#6208),(#6209,#6210,#6211,#6212,#6213,#6214)),.UNSPECIFIED.,.F.,.F.,.F.,
(4,1,1,4),(4,1,1,4),(0.,0.333333333333333,0.666666666666667,1.),(0.,0.333333333333333,
0.666666666666667,1.),.UNSPECIFIED.);
#127=B_SPLINE_SURFACE_WITH_KNOTS('',3,3,((#6225,#6226,#6227,#6228,#6229,
#6230),(#6231,#6232,#6233,#6234,#6235,#6236),(#6237,#6238,#6239,#6240,#6241,
#6242),(#6243,#6244,#6245,#6246,#6247,#6248),(#6249,#6250,#6251,#6252,#6253,
#6254),(#6255,#6256,#6257,#6258,#6259,#6260)),.UNSPECIFIED.,.F.,.F.,.F.,
(4,1,1,4),(4,1,1,4),(0.,0.333333333333333,0.666666666666667,1.),(0.,0.333333333333333,
0.666666666666667,1.),.UNSPECIFIED.);
#128=B_SPLINE_SURFACE_WITH_KNOTS('',3,3,((#6271,#6272,#6273,#6274,#6275,
#6276),(#6277,#6278,#6279,#6280,#6281,#6282),(#6283,#6284,#6285,#6286,#6287,
#6288),(#6289,#6290,#6291,#6292,#6293,#6294),(#6295,#6296,#6297,#6298,#6299,
#6300),(#6301,#6302,#6303,#6304,#6305,#6306)),.UNSPECIFIED.,.F.,.F.,.F.,
(4,1,1,4),(4,1,1,4),(0.,0.333333333333333,0.666666666666667,1.),(0.,0.333333333333333,
0.666666666666667,1.),.UNSPECIFIED.);
#129=B_SPLINE_SURFACE_WITH_KNOTS('',3,3,((#6325,#6326,#6327,#6328,#6329,
#6330),(#6331,#6332,#6333,#6334,#6335,#6336),(#6337,#6338,#6339,#6340,#6341,
#6342),(#6343,#6344,#6345,#6346,#6347,#6348),(#6349,#6350,#6351,#6352,#6353,
#6354),(#6355,#6356,#6357,#6358,#6359,#6360)),.UNSPECIFIED.,.F.,.F.,.F.,
(4,1,1,4),(4,1,1,4),(0.,0.333333333333333,0.666666666666667,1.),(0.,0.333333333333333,
0.666666666666667,1.),.UNSPECIFIED.);
#130=B_SPLINE_SURFACE_WITH_KNOTS('',3,3,((#6371,#6372,#6373,#6374,#6375,
#6376),(#6377,#6378,#6379,#6380,#6381,#6382),(#6383,#6384,#6385,#6386,#6387,
#6388),(#6389,#6390,#6391,#6392,#6393,#6394),(#6395,#6396,#6397,#6398,#6399,
#6400),(#6401,#6402,#6403,#6404,#6405,#6406)),.UNSPECIFIED.,.F.,.F.,.F.,
(4,1,1,4),(4,1,1,4),(0.,0.333333333333333,0.666666666666667,1.),(0.,0.333333333333333,
0.666666666666667,1.),.UNSPECIFIED.);
#131=B_SPLINE_SURFACE_WITH_KNOTS('',3,3,((#6417,#6418,#6419,#6420,#6421,
#6422),(#6423,#6424,#6425,#6426,#6427,#6428),(#6429,#6430,#6431,#6432,#6433,
#6434),(#6435,#6436,#6437,#6438,#6439,#6440),(#6441,#6442,#6443,#6444,#6445,
#6446),(#6447,#6448,#6449,#6450,#6451,#6452)),.UNSPECIFIED.,.F.,.F.,.F.,
(4,1,1,4),(4,1,1,4),(0.,0.333333333333333,0.666666666666667,1.),(0.,0.333333333333333,
0.666666666666667,1.),.UNSPECIFIED.);
#132=B_SPLINE_SURFACE_WITH_KNOTS('',3,3,((#6463,#6464,#6465,#6466,#6467,
#6468),(#6469,#6470,#6471,#6472,#6473,#6474),(#6475,#6476,#6477,#6478,#6479,
#6480),(#6481,#6482,#6483,#6484,#6485,#6486),(#6487,#6488,#6489,#6490,#6491,
#6492),(#6493,#6494,#6495,#6496,#6497,#6498)),.UNSPECIFIED.,.F.,.F.,.F.,
(4,1,1,4),(4,1,1,4),(0.,0.333333333333333,0.666666666666667,1.),(0.,0.333333333333333,
0.666666666666667,1.),.UNSPECIFIED.);
#133=B_SPLINE_SURFACE_WITH_KNOTS('',3,3,((#6509,#6510,#6511,#6512,#6513,
#6514),(#6515,#6516,#6517,#6518,#6519,#6520),(#6521,#6522,#6523,#6524,#6525,
#6526),(#6527,#6528,#6529,#6530,#6531,#6532),(#6533,#6534,#6535,#6536,#6537,
#6538),(#6539,#6540,#6541,#6542,#6543,#6544)),.UNSPECIFIED.,.F.,.F.,.F.,
(4,1,1,4),(4,1,1,4),(0.,0.333333333333333,0.666666666666667,1.),(0.,0.333333333333333,
0.666666666666667,1.),.UNSPECIFIED.);
#134=B_SPLINE_SURFACE_WITH_KNOTS('',3,3,((#6563,#6564,#6565,#6566,#6567,
#6568),(#6569,#6570,#6571,#6572,#6573,#6574),(#6575,#6576,#6577,#6578,#6579,
#6580),(#6581,#6582,#6583,#6584,#6585,#6586),(#6587,#6588,#6589,#6590,#6591,
#6592),(#6593,#6594,#6595,#6596,#6597,#6598)),.UNSPECIFIED.,.F.,.F.,.F.,
(4,1,1,4),(4,1,1,4),(0.,0.333333333333333,0.666666666666667,1.),(0.,0.333333333333333,
0.666666666666667,1.),.UNSPECIFIED.);
#135=B_SPLINE_SURFACE_WITH_KNOTS('',3,3,((#6609,#6610,#6611,#6612,#6613,
#6614),(#6615,#6616,#6617,#6618,#6619,#6620),(#6621,#6622,#6623,#6624,#6625,
#6626),(#6627,#6628,#6629,#6630,#6631,#6632),(#6633,#6634,#6635,#6636,#6637,
#6638),(#6639,#6640,#6641,#6642,#6643,#6644)),.UNSPECIFIED.,.F.,.F.,.F.,
(4,1,1,4),(4,1,1,4),(0.,0.333333333333333,0.666666666666667,1.),(0.,0.333333333333333,
0.666666666666667,1.),.UNSPECIFIED.);
#136=B_SPLINE_SURFACE_WITH_KNOTS('',3,3,((#6655,#6656,#6657,#6658,#6659,
#6660),(#6661,#6662,#6663,#6664,#6665,#6666),(#6667,#6668,#6669,#6670,#6671,
#6672),(#6673,#6674,#6675,#6676,#6677,#6678),(#6679,#6680,#6681,#6682,#6683,
#6684),(#6685,#6686,#6687,#6688,#6689,#6690)),.UNSPECIFIED.,.F.,.F.,.F.,
(4,1,1,4),(4,1,1,4),(0.,0.333333333333333,0.666666666666667,1.),(0.,0.333333333333333,
0.666666666666667,1.),.UNSPECIFIED.);
#137=B_SPLINE_SURFACE_WITH_KNOTS('',3,3,((#6701,#6702,#6703,#6704,#6705,
#6706),(#6707,#6708,#6709,#6710,#6711,#6712),(#6713,#6714,#6715,#6716,#6717,
#6718),(#6719,#6720,#6721,#6722,#6723,#6724),(#6725,#6726,#6727,#6728,#6729,
#6730),(#6731,#6732,#6733,#6734,#6735,#6736)),.UNSPECIFIED.,.F.,.F.,.F.,
(4,1,1,4),(4,1,1,4),(0.,0.333333333333333,0.666666666666667,1.),(0.,0.333333333333333,
0.666666666666667,1.),.UNSPECIFIED.);
#138=B_SPLINE_SURFACE_WITH_KNOTS('',3,3,((#6747,#6748,#6749,#6750,#6751,
#6752),(#6753,#6754,#6755,#6756,#6757,#6758),(#6759,#6760,#6761,#6762,#6763,
#6764),(#6765,#6766,#6767,#6768,#6769,#6770),(#6771,#6772,#6773,#6774,#6775,
#6776),(#6777,#6778,#6779,#6780,#6781,#6782)),.UNSPECIFIED.,.F.,.F.,.F.,
(4,1,1,4),(4,1,1,4),(0.,0.333333333333333,0.666666666666667,1.),(0.,0.333333333333333,
0.666666666666667,1.),.UNSPECIFIED.);
#139=B_SPLINE_SURFACE_WITH_KNOTS('',3,3,((#6801,#6802,#6803,#6804,#6805,
#6806),(#6807,#6808,#6809,#6810,#6811,#6812),(#6813,#6814,#6815,#6816,#6817,
#6818),(#6819,#6820,#6821,#6822,#6823,#6824),(#6825,#6826,#6827,#6828,#6829,
#6830),(#6831,#6832,#6833,#6834,#6835,#6836)),.UNSPECIFIED.,.F.,.F.,.F.,
(4,1,1,4),(4,1,1,4),(0.,0.333333333333333,0.666666666666667,1.),(0.,0.333333333333333,
0.666666666666667,1.),.UNSPECIFIED.);
#140=B_SPLINE_SURFACE_WITH_KNOTS('',3,3,((#6847,#6848,#6849,#6850,#6851,
#6852),(#6853,#6854,#6855,#6856,#6857,#6858),(#6859,#6860,#6861,#6862,#6863,
#6864),(#6865,#6866,#6867,#6868,#6869,#6870),(#6871,#6872,#6873,#6874,#6875,
#6876),(#6877,#6878,#6879,#6880,#6881,#6882)),.UNSPECIFIED.,.F.,.F.,.F.,
(4,1,1,4),(4,1,1,4),(0.,0.333333333333333,0.666666666666667,1.),(0.,0.333333333333333,
0.666666666666667,1.),.UNSPECIFIED.);
#141=B_SPLINE_SURFACE_WITH_KNOTS('',3,3,((#6884,#6885,#6886,#6887,#6888,
#6889),(#6890,#6891,#6892,#6893,#6894,#6895),(#6896,#6897,#6898,#6899,#6900,
#6901),(#6902,#6903,#6904,#6905,#6906,#6907),(#6908,#6909,#6910,#6911,#6912,
#6913),(#6914,#6915,#6916,#6917,#6918,#6919)),.UNSPECIFIED.,.F.,.F.,.F.,
(4,1,1,4),(4,1,1,4),(0.,0.333333333333333,0.666666666666667,1.),(0.,0.333333333333333,
0.666666666666667,1.),.UNSPECIFIED.);
#142=B_SPLINE_SURFACE_WITH_KNOTS('',3,3,((#6928,#6929,#6930,#6931,#6932,
#6933),(#6934,#6935,#6936,#6937,#6938,#6939),(#6940,#6941,#6942,#6943,#6944,
#6945),(#6946,#6947,#6948,#6949,#6950,#6951),(#6952,#6953,#6954,#6955,#6956,
#6957),(#6958,#6959,#6960,#6961,#6962,#6963)),.UNSPECIFIED.,.F.,.F.,.F.,
(4,1,1,4),(4,1,1,4),(0.,0.333333333333333,0.666666666666667,1.),(0.,0.333333333333333,
0.666666666666667,1.),.UNSPECIFIED.);
#143=B_SPLINE_SURFACE_WITH_KNOTS('',3,3,((#6982,#6983,#6984,#6985,#6986,
#6987),(#6988,#6989,#6990,#6991,#6992,#6993),(#6994,#6995,#6996,#6997,#6998,
#6999),(#7000,#7001,#7002,#7003,#7004,#7005),(#7006,#7007,#7008,#7009,#7010,
#7011),(#7012,#7013,#7014,#7015,#7016,#7017)),.UNSPECIFIED.,.F.,.F.,.F.,
(4,1,1,4),(4,1,1,4),(0.,0.333333333333333,0.666666666666667,1.),(0.,0.333333333333333,
0.666666666666667,1.),.UNSPECIFIED.);
#144=B_SPLINE_SURFACE_WITH_KNOTS('',3,3,((#7028,#7029,#7030,#7031,#7032,
#7033),(#7034,#7035,#7036,#7037,#7038,#7039),(#7040,#7041,#7042,#7043,#7044,
#7045),(#7046,#7047,#7048,#7049,#7050,#7051),(#7052,#7053,#7054,#7055,#7056,
#7057),(#7058,#7059,#7060,#7061,#7062,#7063)),.UNSPECIFIED.,.F.,.F.,.F.,
(4,1,1,4),(4,1,1,4),(0.,0.333333333333333,0.666666666666667,1.),(0.,0.333333333333333,
0.666666666666667,1.),.UNSPECIFIED.);
#145=B_SPLINE_SURFACE_WITH_KNOTS('',3,3,((#7074,#7075,#7076,#7077,#7078,
#7079),(#7080,#7081,#7082,#7083,#7084,#7085),(#7086,#7087,#7088,#7089,#7090,
#7091),(#7092,#7093,#7094,#7095,#7096,#7097),(#7098,#7099,#7100,#7101,#7102,
#7103),(#7104,#7105,#7106,#7107,#7108,#7109)),.UNSPECIFIED.,.F.,.F.,.F.,
(4,1,1,4),(4,1,1,4),(0.,0.333333333333333,0.666666666666667,1.),(0.,0.333333333333333,
0.666666666666667,1.),.UNSPECIFIED.);
#146=B_SPLINE_SURFACE_WITH_KNOTS('',3,3,((#7120,#7121,#7122,#7123,#7124,
#7125),(#7126,#7127,#7128,#7129,#7130,#7131),(#7132,#7133,#7134,#7135,#7136,
#7137),(#7138,#7139,#7140,#7141,#7142,#7143),(#7144,#7145,#7146,#7147,#7148,
#7149),(#7150,#7151,#7152,#7153,#7154,#7155)),.UNSPECIFIED.,.F.,.F.,.F.,
(4,1,1,4),(4,1,1,4),(0.,0.333333333333333,0.666666666666667,1.),(0.,0.333333333333333,
0.666666666666667,1.),.UNSPECIFIED.);
#147=B_SPLINE_SURFACE_WITH_KNOTS('',3,3,((#7166,#7167,#7168,#7169,#7170,
#7171),(#7172,#7173,#7174,#7175,#7176,#7177),(#7178,#7179,#7180,#7181,#7182,
#7183),(#7184,#7185,#7186,#7187,#7188,#7189),(#7190,#7191,#7192,#7193,#7194,
#7195),(#7196,#7197,#7198,#7199,#7200,#7201)),.UNSPECIFIED.,.F.,.F.,.F.,
(4,1,1,4),(4,1,1,4),(0.,0.333333333333333,0.666666666666667,1.),(0.,0.333333333333333,
0.666666666666667,1.),.UNSPECIFIED.);
#148=B_SPLINE_SURFACE_WITH_KNOTS('',3,3,((#7220,#7221,#7222,#7223,#7224,
#7225),(#7226,#7227,#7228,#7229,#7230,#7231),(#7232,#7233,#7234,#7235,#7236,
#7237),(#7238,#7239,#7240,#7241,#7242,#7243),(#7244,#7245,#7246,#7247,#7248,
#7249),(#7250,#7251,#7252,#7253,#7254,#7255)),.UNSPECIFIED.,.F.,.F.,.F.,
(4,1,1,4),(4,1,1,4),(0.,0.333333333333333,0.666666666666667,1.),(0.,0.333333333333333,
0.666666666666667,1.),.UNSPECIFIED.);
#149=B_SPLINE_SURFACE_WITH_KNOTS('',3,3,((#7266,#7267,#7268,#7269,#7270,
#7271),(#7272,#7273,#7274,#7275,#7276,#7277),(#7278,#7279,#7280,#7281,#7282,
#7283),(#7284,#7285,#7286,#7287,#7288,#7289),(#7290,#7291,#7292,#7293,#7294,
#7295),(#7296,#7297,#7298,#7299,#7300,#7301)),.UNSPECIFIED.,.F.,.F.,.F.,
(4,1,1,4),(4,1,1,4),(0.,0.333333333333333,0.666666666666667,1.),(0.,0.333333333333333,
0.666666666666667,1.),.UNSPECIFIED.);
#150=B_SPLINE_SURFACE_WITH_KNOTS('',3,3,((#7312,#7313,#7314,#7315,#7316,
#7317),(#7318,#7319,#7320,#7321,#7322,#7323),(#7324,#7325,#7326,#7327,#7328,
#7329),(#7330,#7331,#7332,#7333,#7334,#7335),(#7336,#7337,#7338,#7339,#7340,
#7341),(#7342,#7343,#7344,#7345,#7346,#7347)),.UNSPECIFIED.,.F.,.F.,.F.,
(4,1,1,4),(4,1,1,4),(0.,0.333333333333333,0.666666666666667,1.),(0.,0.333333333333333,
0.666666666666667,1.),.UNSPECIFIED.);
#151=B_SPLINE_SURFACE_WITH_KNOTS('',3,3,((#7349,#7350,#7351,#7352,#7353,
#7354),(#7355,#7356,#7357,#7358,#7359,#7360),(#7361,#7362,#7363,#7364,#7365,
#7366),(#7367,#7368,#7369,#7370,#7371,#7372),(#7373,#7374,#7375,#7376,#7377,
#7378),(#7379,#7380,#7381,#7382,#7383,#7384)),.UNSPECIFIED.,.F.,.F.,.F.,
(4,1,1,4),(4,1,1,4),(0.,0.333333333333333,0.666666666666667,1.),(0.,0.333333333333333,
0.666666666666667,1.),.UNSPECIFIED.);
#152=B_SPLINE_SURFACE_WITH_KNOTS('',3,3,((#7392,#7393,#7394,#7395,#7396,
#7397),(#7398,#7399,#7400,#7401,#7402,#7403),(#7404,#7405,#7406,#7407,#7408,
#7409),(#7410,#7411,#7412,#7413,#7414,#7415),(#7416,#7417,#7418,#7419,#7420,
#7421),(#7422,#7423,#7424,#7425,#7426,#7427)),.UNSPECIFIED.,.F.,.F.,.F.,
(4,1,1,4),(4,1,1,4),(0.,0.333333333333333,0.666666666666667,1.),(0.,0.333333333333333,
0.666666666666667,1.),.UNSPECIFIED.);
#153=B_SPLINE_SURFACE_WITH_KNOTS('',3,3,((#7434,#7435,#7436,#7437,#7438,
#7439),(#7440,#7441,#7442,#7443,#7444,#7445),(#7446,#7447,#7448,#7449,#7450,
#7451),(#7452,#7453,#7454,#7455,#7456,#7457),(#7458,#7459,#7460,#7461,#7462,
#7463),(#7464,#7465,#7466,#7467,#7468,#7469)),.UNSPECIFIED.,.F.,.F.,.F.,
(4,1,1,4),(4,1,1,4),(0.,0.333333333333333,0.666666666666667,1.),(0.,0.333333333333333,
0.666666666666667,1.),.UNSPECIFIED.);
#154=B_SPLINE_SURFACE_WITH_KNOTS('',3,3,((#7473,#7474,#7475,#7476,#7477,
#7478),(#7479,#7480,#7481,#7482,#7483,#7484),(#7485,#7486,#7487,#7488,#7489,
#7490),(#7491,#7492,#7493,#7494,#7495,#7496),(#7497,#7498,#7499,#7500,#7501,
#7502),(#7503,#7504,#7505,#7506,#7507,#7508)),.UNSPECIFIED.,.F.,.F.,.F.,
(4,1,1,4),(4,1,1,4),(0.,0.333333333333333,0.666666666666667,1.),(0.,0.333333333333333,
0.666666666666667,1.),.UNSPECIFIED.);
#155=B_SPLINE_SURFACE_WITH_KNOTS('',3,3,((#7521,#7522,#7523,#7524,#7525,
#7526),(#7527,#7528,#7529,#7530,#7531,#7532),(#7533,#7534,#7535,#7536,#7537,
#7538),(#7539,#7540,#7541,#7542,#7543,#7544),(#7545,#7546,#7547,#7548,#7549,
#7550),(#7551,#7552,#7553,#7554,#7555,#7556)),.UNSPECIFIED.,.F.,.F.,.F.,
(4,1,1,4),(4,1,1,4),(0.,0.333333333333333,0.666666666666667,1.),(0.,0.333333333333333,
0.666666666666667,1.),.UNSPECIFIED.);
#156=B_SPLINE_SURFACE_WITH_KNOTS('',3,3,((#7560,#7561,#7562,#7563,#7564,
#7565),(#7566,#7567,#7568,#7569,#7570,#7571),(#7572,#7573,#7574,#7575,#7576,
#7577),(#7578,#7579,#7580,#7581,#7582,#7583),(#7584,#7585,#7586,#7587,#7588,
#7589),(#7590,#7591,#7592,#7593,#7594,#7595)),.UNSPECIFIED.,.F.,.F.,.F.,
(4,1,1,4),(4,1,1,4),(0.,0.333333333333333,0.666666666666667,1.),(0.,0.333333333333333,
0.666666666666667,1.),.UNSPECIFIED.);
#157=B_SPLINE_SURFACE_WITH_KNOTS('',3,3,((#7602,#7603,#7604,#7605,#7606,
#7607),(#7608,#7609,#7610,#7611,#7612,#7613),(#7614,#7615,#7616,#7617,#7618,
#7619),(#7620,#7621,#7622,#7623,#7624,#7625),(#7626,#7627,#7628,#7629,#7630,
#7631),(#7632,#7633,#7634,#7635,#7636,#7637)),.UNSPECIFIED.,.F.,.F.,.F.,
(4,1,1,4),(4,1,1,4),(0.,0.333333333333333,0.666666666666667,1.),(0.,0.333333333333333,
0.666666666666667,1.),.UNSPECIFIED.);
#158=B_SPLINE_SURFACE_WITH_KNOTS('',3,3,((#7641,#7642,#7643,#7644,#7645,
#7646),(#7647,#7648,#7649,#7650,#7651,#7652),(#7653,#7654,#7655,#7656,#7657,
#7658),(#7659,#7660,#7661,#7662,#7663,#7664),(#7665,#7666,#7667,#7668,#7669,
#7670),(#7671,#7672,#7673,#7674,#7675,#7676)),.UNSPECIFIED.,.F.,.F.,.F.,
(4,1,1,4),(4,1,1,4),(0.,0.333333333333333,0.666666666666667,1.),(0.,0.333333333333333,
0.666666666666667,1.),.UNSPECIFIED.);
#159=B_SPLINE_SURFACE_WITH_KNOTS('',3,3,((#7724,#7725,#7726,#7727,#7728,
#7729),(#7730,#7731,#7732,#7733,#7734,#7735),(#7736,#7737,#7738,#7739,#7740,
#7741),(#7742,#7743,#7744,#7745,#7746,#7747),(#7748,#7749,#7750,#7751,#7752,
#7753),(#7754,#7755,#7756,#7757,#7758,#7759)),.UNSPECIFIED.,.F.,.F.,.F.,
(4,1,1,4),(4,1,1,4),(0.,0.333333333333333,0.666666666666667,1.),(0.,0.333333333333333,
0.666666666666667,1.),.UNSPECIFIED.);
#160=B_SPLINE_SURFACE_WITH_KNOTS('',3,3,((#7763,#7764,#7765,#7766,#7767,
#7768),(#7769,#7770,#7771,#7772,#7773,#7774),(#7775,#7776,#7777,#7778,#7779,
#7780),(#7781,#7782,#7783,#7784,#7785,#7786),(#7787,#7788,#7789,#7790,#7791,
#7792),(#7793,#7794,#7795,#7796,#7797,#7798)),.UNSPECIFIED.,.F.,.F.,.F.,
(4,1,1,4),(4,1,1,4),(0.,0.333333333333333,0.666666666666667,1.),(0.,0.333333333333333,
0.666666666666667,1.),.UNSPECIFIED.);
#161=B_SPLINE_SURFACE_WITH_KNOTS('',3,3,((#7800,#7801,#7802,#7803,#7804,
#7805),(#7806,#7807,#7808,#7809,#7810,#7811),(#7812,#7813,#7814,#7815,#7816,
#7817),(#7818,#7819,#7820,#7821,#7822,#7823),(#7824,#7825,#7826,#7827,#7828,
#7829),(#7830,#7831,#7832,#7833,#7834,#7835)),.UNSPECIFIED.,.F.,.F.,.F.,
(4,1,1,4),(4,1,1,4),(0.,0.333333333333333,0.666666666666667,1.),(0.,0.333333333333333,
0.666666666666667,1.),.UNSPECIFIED.);
#162=B_SPLINE_SURFACE_WITH_KNOTS('',3,3,((#7840,#7841,#7842,#7843,#7844,
#7845),(#7846,#7847,#7848,#7849,#7850,#7851),(#7852,#7853,#7854,#7855,#7856,
#7857),(#7858,#7859,#7860,#7861,#7862,#7863),(#7864,#7865,#7866,#7867,#7868,
#7869),(#7870,#7871,#7872,#7873,#7874,#7875)),.UNSPECIFIED.,.F.,.F.,.F.,
(4,1,1,4),(4,1,1,4),(0.,0.333333333333333,0.666666666666667,1.),(0.,0.333333333333333,
0.666666666666667,1.),.UNSPECIFIED.);
#163=SHAPE_REPRESENTATION_RELATIONSHIP('SRR','None',#8228,#165);
#164=SHAPE_REPRESENTATION_RELATIONSHIP('SRR','None',#8227,#166);
#165=ADVANCED_BREP_SHAPE_REPRESENTATION('',(#174,#175,#176,#177,#178,#179),
#8216);
#166=ADVANCED_BREP_SHAPE_REPRESENTATION('',(#180),#8215);
#167=STYLED_ITEM('',(#8243),#174);
#168=STYLED_ITEM('',(#8243),#175);
#169=STYLED_ITEM('',(#8243),#176);
#170=STYLED_ITEM('',(#8243),#177);
#171=STYLED_ITEM('',(#8243),#178);
#172=STYLED_ITEM('',(#8243),#179);
#173=STYLED_ITEM('',(#8242),#180);
#174=MANIFOLD_SOLID_BREP('Body1',#3419);
#175=MANIFOLD_SOLID_BREP('Body2',#3420);
#176=MANIFOLD_SOLID_BREP('Body3',#3421);
#177=MANIFOLD_SOLID_BREP('Body4',#3422);
#178=MANIFOLD_SOLID_BREP('Body5',#3423);
#179=MANIFOLD_SOLID_BREP('Body6',#3424);
#180=MANIFOLD_SOLID_BREP('Male Housing',#3425);
#181=CYLINDRICAL_SURFACE('',#3442,0.5);
#182=CYLINDRICAL_SURFACE('',#3452,0.5);
#183=CYLINDRICAL_SURFACE('',#3462,0.5);
#184=CYLINDRICAL_SURFACE('',#3472,0.5);
#185=CYLINDRICAL_SURFACE('',#3482,0.5);
#186=CYLINDRICAL_SURFACE('',#3492,0.5);
#187=CYLINDRICAL_SURFACE('',#3600,0.1);
#188=CYLINDRICAL_SURFACE('',#3604,0.1);
#189=CYLINDRICAL_SURFACE('',#3609,0.1);
#190=CYLINDRICAL_SURFACE('',#3610,0.1);
#191=CYLINDRICAL_SURFACE('',#3616,0.1);
#192=CYLINDRICAL_SURFACE('',#3621,0.1);
#193=CYLINDRICAL_SURFACE('',#3622,0.1);
#194=CYLINDRICAL_SURFACE('',#3624,0.1);
#195=CYLINDRICAL_SURFACE('',#3625,0.1);
#196=CYLINDRICAL_SURFACE('',#3626,0.1);
#197=CYLINDRICAL_SURFACE('',#3628,0.1);
#198=CYLINDRICAL_SURFACE('',#3629,0.1);
#199=CYLINDRICAL_SURFACE('',#3641,0.1);
#200=CYLINDRICAL_SURFACE('',#3644,0.1);
#201=CYLINDRICAL_SURFACE('',#3645,0.1);
#202=CYLINDRICAL_SURFACE('',#3646,0.1);
#203=CYLINDRICAL_SURFACE('',#3682,0.6);
#204=CYLINDRICAL_SURFACE('',#3689,0.6);
#205=CYLINDRICAL_SURFACE('',#3695,0.6);
#206=CYLINDRICAL_SURFACE('',#3701,0.6);
#207=CYLINDRICAL_SURFACE('',#3706,1.5);
#208=CYLINDRICAL_SURFACE('',#3709,1.5);
#209=CYLINDRICAL_SURFACE('',#3718,1.5);
#210=CYLINDRICAL_SURFACE('',#3720,1.5);
#211=FACE_OUTER_BOUND('',#413,.T.);
#212=FACE_OUTER_BOUND('',#414,.T.);
#213=FACE_OUTER_BOUND('',#415,.T.);
#214=FACE_OUTER_BOUND('',#416,.T.);
#215=FACE_OUTER_BOUND('',#417,.T.);
#216=FACE_OUTER_BOUND('',#418,.T.);
#217=FACE_OUTER_BOUND('',#419,.T.);
#218=FACE_OUTER_BOUND('',#420,.T.);
#219=FACE_OUTER_BOUND('',#421,.T.);
#220=FACE_OUTER_BOUND('',#422,.T.);
#221=FACE_OUTER_BOUND('',#423,.T.);
#222=FACE_OUTER_BOUND('',#424,.T.);
#223=FACE_OUTER_BOUND('',#425,.T.);
#224=FACE_OUTER_BOUND('',#426,.T.);
#225=FACE_OUTER_BOUND('',#427,.T.);
#226=FACE_OUTER_BOUND('',#428,.T.);
#227=FACE_OUTER_BOUND('',#429,.T.);
#228=FACE_OUTER_BOUND('',#430,.T.);
#229=FACE_OUTER_BOUND('',#431,.T.);
#230=FACE_OUTER_BOUND('',#432,.T.);
#231=FACE_OUTER_BOUND('',#433,.T.);
#232=FACE_OUTER_BOUND('',#434,.T.);
#233=FACE_OUTER_BOUND('',#435,.T.);
#234=FACE_OUTER_BOUND('',#436,.T.);
#235=FACE_OUTER_BOUND('',#437,.T.);
#236=FACE_OUTER_BOUND('',#438,.T.);
#237=FACE_OUTER_BOUND('',#439,.T.);
#238=FACE_OUTER_BOUND('',#440,.T.);
#239=FACE_OUTER_BOUND('',#441,.T.);
#240=FACE_OUTER_BOUND('',#442,.T.);
#241=FACE_OUTER_BOUND('',#443,.T.);
#242=FACE_OUTER_BOUND('',#444,.T.);
#243=FACE_OUTER_BOUND('',#445,.T.);
#244=FACE_OUTER_BOUND('',#446,.T.);
#245=FACE_OUTER_BOUND('',#447,.T.);
#246=FACE_OUTER_BOUND('',#448,.T.);
#247=FACE_OUTER_BOUND('',#449,.T.);
#248=FACE_OUTER_BOUND('',#450,.T.);
#249=FACE_OUTER_BOUND('',#451,.T.);
#250=FACE_OUTER_BOUND('',#452,.T.);
#251=FACE_OUTER_BOUND('',#453,.T.);
#252=FACE_OUTER_BOUND('',#454,.T.);
#253=FACE_OUTER_BOUND('',#455,.T.);
#254=FACE_OUTER_BOUND('',#456,.T.);
#255=FACE_OUTER_BOUND('',#457,.T.);
#256=FACE_OUTER_BOUND('',#458,.T.);
#257=FACE_OUTER_BOUND('',#459,.T.);
#258=FACE_OUTER_BOUND('',#460,.T.);
#259=FACE_OUTER_BOUND('',#461,.T.);
#260=FACE_OUTER_BOUND('',#462,.T.);
#261=FACE_OUTER_BOUND('',#463,.T.);
#262=FACE_OUTER_BOUND('',#464,.T.);
#263=FACE_OUTER_BOUND('',#465,.T.);
#264=FACE_OUTER_BOUND('',#466,.T.);
#265=FACE_OUTER_BOUND('',#467,.T.);
#266=FACE_OUTER_BOUND('',#468,.T.);
#267=FACE_OUTER_BOUND('',#469,.T.);
#268=FACE_OUTER_BOUND('',#470,.T.);
#269=FACE_OUTER_BOUND('',#471,.T.);
#270=FACE_OUTER_BOUND('',#472,.T.);
#271=FACE_OUTER_BOUND('',#473,.T.);
#272=FACE_OUTER_BOUND('',#474,.T.);
#273=FACE_OUTER_BOUND('',#475,.T.);
#274=FACE_OUTER_BOUND('',#476,.T.);
#275=FACE_OUTER_BOUND('',#477,.T.);
#276=FACE_OUTER_BOUND('',#478,.T.);
#277=FACE_OUTER_BOUND('',#479,.T.);
#278=FACE_OUTER_BOUND('',#480,.T.);
#279=FACE_OUTER_BOUND('',#481,.T.);
#280=FACE_OUTER_BOUND('',#482,.T.);
#281=FACE_OUTER_BOUND('',#483,.T.);
#282=FACE_OUTER_BOUND('',#484,.T.);
#283=FACE_OUTER_BOUND('',#485,.T.);
#284=FACE_OUTER_BOUND('',#486,.T.);
#285=FACE_OUTER_BOUND('',#487,.T.);
#286=FACE_OUTER_BOUND('',#488,.T.);
#287=FACE_OUTER_BOUND('',#489,.T.);
#288=FACE_OUTER_BOUND('',#490,.T.);
#289=FACE_OUTER_BOUND('',#491,.T.);
#290=FACE_OUTER_BOUND('',#492,.T.);
#291=FACE_OUTER_BOUND('',#493,.T.);
#292=FACE_OUTER_BOUND('',#494,.T.);
#293=FACE_OUTER_BOUND('',#495,.T.);
#294=FACE_OUTER_BOUND('',#496,.T.);
#295=FACE_OUTER_BOUND('',#497,.T.);
#296=FACE_OUTER_BOUND('',#498,.T.);
#297=FACE_OUTER_BOUND('',#499,.T.);
#298=FACE_OUTER_BOUND('',#500,.T.);
#299=FACE_OUTER_BOUND('',#501,.T.);
#300=FACE_OUTER_BOUND('',#502,.T.);
#301=FACE_OUTER_BOUND('',#503,.T.);
#302=FACE_OUTER_BOUND('',#504,.T.);
#303=FACE_OUTER_BOUND('',#505,.T.);
#304=FACE_OUTER_BOUND('',#506,.T.);
#305=FACE_OUTER_BOUND('',#507,.T.);
#306=FACE_OUTER_BOUND('',#508,.T.);
#307=FACE_OUTER_BOUND('',#509,.T.);
#308=FACE_OUTER_BOUND('',#510,.T.);
#309=FACE_OUTER_BOUND('',#511,.T.);
#310=FACE_OUTER_BOUND('',#512,.T.);
#311=FACE_OUTER_BOUND('',#513,.T.);
#312=FACE_OUTER_BOUND('',#514,.T.);
#313=FACE_OUTER_BOUND('',#515,.T.);
#314=FACE_OUTER_BOUND('',#516,.T.);
#315=FACE_OUTER_BOUND('',#517,.T.);
#316=FACE_OUTER_BOUND('',#518,.T.);
#317=FACE_OUTER_BOUND('',#519,.T.);
#318=FACE_OUTER_BOUND('',#520,.T.);
#319=FACE_OUTER_BOUND('',#521,.T.);
#320=FACE_OUTER_BOUND('',#522,.T.);
#321=FACE_OUTER_BOUND('',#523,.T.);
#322=FACE_OUTER_BOUND('',#524,.T.);
#323=FACE_OUTER_BOUND('',#525,.T.);
#324=FACE_OUTER_BOUND('',#526,.T.);
#325=FACE_OUTER_BOUND('',#527,.T.);
#326=FACE_OUTER_BOUND('',#528,.T.);
#327=FACE_OUTER_BOUND('',#529,.T.);
#328=FACE_OUTER_BOUND('',#530,.T.);
#329=FACE_OUTER_BOUND('',#531,.T.);
#330=FACE_OUTER_BOUND('',#532,.T.);
#331=FACE_OUTER_BOUND('',#533,.T.);
#332=FACE_OUTER_BOUND('',#534,.T.);
#333=FACE_OUTER_BOUND('',#535,.T.);
#334=FACE_OUTER_BOUND('',#536,.T.);
#335=FACE_OUTER_BOUND('',#537,.T.);
#336=FACE_OUTER_BOUND('',#538,.T.);
#337=FACE_OUTER_BOUND('',#539,.T.);
#338=FACE_OUTER_BOUND('',#540,.T.);
#339=FACE_OUTER_BOUND('',#541,.T.);
#340=FACE_OUTER_BOUND('',#542,.T.);
#341=FACE_OUTER_BOUND('',#543,.T.);
#342=FACE_OUTER_BOUND('',#544,.T.);
#343=FACE_OUTER_BOUND('',#545,.T.);
#344=FACE_OUTER_BOUND('',#546,.T.);
#345=FACE_OUTER_BOUND('',#547,.T.);
#346=FACE_OUTER_BOUND('',#548,.T.);
#347=FACE_OUTER_BOUND('',#549,.T.);
#348=FACE_OUTER_BOUND('',#550,.T.);
#349=FACE_OUTER_BOUND('',#551,.T.);
#350=FACE_OUTER_BOUND('',#552,.T.);
#351=FACE_OUTER_BOUND('',#553,.T.);
#352=FACE_OUTER_BOUND('',#554,.T.);
#353=FACE_OUTER_BOUND('',#555,.T.);
#354=FACE_OUTER_BOUND('',#556,.T.);
#355=FACE_OUTER_BOUND('',#557,.T.);
#356=FACE_OUTER_BOUND('',#558,.T.);
#357=FACE_OUTER_BOUND('',#559,.T.);
#358=FACE_OUTER_BOUND('',#560,.T.);
#359=FACE_OUTER_BOUND('',#561,.T.);
#360=FACE_OUTER_BOUND('',#562,.T.);
#361=FACE_OUTER_BOUND('',#563,.T.);
#362=FACE_OUTER_BOUND('',#564,.T.);
#363=FACE_OUTER_BOUND('',#565,.T.);
#364=FACE_OUTER_BOUND('',#566,.T.);
#365=FACE_OUTER_BOUND('',#567,.T.);
#366=FACE_OUTER_BOUND('',#568,.T.);
#367=FACE_OUTER_BOUND('',#569,.T.);
#368=FACE_OUTER_BOUND('',#570,.T.);
#369=FACE_OUTER_BOUND('',#571,.T.);
#370=FACE_OUTER_BOUND('',#572,.T.);
#371=FACE_OUTER_BOUND('',#573,.T.);
#372=FACE_OUTER_BOUND('',#574,.T.);
#373=FACE_OUTER_BOUND('',#575,.T.);
#374=FACE_OUTER_BOUND('',#576,.T.);
#375=FACE_OUTER_BOUND('',#577,.T.);
#376=FACE_OUTER_BOUND('',#578,.T.);
#377=FACE_OUTER_BOUND('',#579,.T.);
#378=FACE_OUTER_BOUND('',#580,.T.);
#379=FACE_OUTER_BOUND('',#581,.T.);
#380=FACE_OUTER_BOUND('',#582,.T.);
#381=FACE_OUTER_BOUND('',#583,.T.);
#382=FACE_OUTER_BOUND('',#584,.T.);
#383=FACE_OUTER_BOUND('',#585,.T.);
#384=FACE_OUTER_BOUND('',#586,.T.);
#385=FACE_OUTER_BOUND('',#587,.T.);
#386=FACE_OUTER_BOUND('',#588,.T.);
#387=FACE_OUTER_BOUND('',#589,.T.);
#388=FACE_OUTER_BOUND('',#590,.T.);
#389=FACE_OUTER_BOUND('',#591,.T.);
#390=FACE_OUTER_BOUND('',#592,.T.);
#391=FACE_OUTER_BOUND('',#593,.T.);
#392=FACE_OUTER_BOUND('',#594,.T.);
#393=FACE_OUTER_BOUND('',#595,.T.);
#394=FACE_OUTER_BOUND('',#596,.T.);
#395=FACE_OUTER_BOUND('',#597,.T.);
#396=FACE_OUTER_BOUND('',#606,.T.);
#397=FACE_OUTER_BOUND('',#607,.T.);
#398=FACE_OUTER_BOUND('',#608,.T.);
#399=FACE_OUTER_BOUND('',#609,.T.);
#400=FACE_OUTER_BOUND('',#610,.T.);
#401=FACE_OUTER_BOUND('',#611,.T.);
#402=FACE_OUTER_BOUND('',#612,.T.);
#403=FACE_OUTER_BOUND('',#619,.T.);
#404=FACE_OUTER_BOUND('',#620,.T.);
#405=FACE_OUTER_BOUND('',#621,.T.);
#406=FACE_OUTER_BOUND('',#622,.T.);
#407=FACE_OUTER_BOUND('',#623,.T.);
#408=FACE_OUTER_BOUND('',#624,.T.);
#409=FACE_OUTER_BOUND('',#625,.T.);
#410=FACE_OUTER_BOUND('',#626,.T.);
#411=FACE_OUTER_BOUND('',#627,.T.);
#412=FACE_OUTER_BOUND('',#628,.T.);
#413=EDGE_LOOP('',(#2131,#2132,#2133,#2134));
#414=EDGE_LOOP('',(#2135,#2136,#2137,#2138));
#415=EDGE_LOOP('',(#2139,#2140,#2141,#2142));
#416=EDGE_LOOP('',(#2143,#2144,#2145,#2146,#2147,#2148));
#417=EDGE_LOOP('',(#2149,#2150,#2151,#2152));
#418=EDGE_LOOP('',(#2153,#2154,#2155,#2156));
#419=EDGE_LOOP('',(#2157,#2158,#2159,#2160));
#420=EDGE_LOOP('',(#2161,#2162,#2163,#2164,#2165,#2166));
#421=EDGE_LOOP('',(#2167,#2168,#2169,#2170));
#422=EDGE_LOOP('',(#2171,#2172,#2173,#2174));
#423=EDGE_LOOP('',(#2175,#2176,#2177,#2178,#2179,#2180));
#424=EDGE_LOOP('',(#2181,#2182,#2183,#2184));
#425=EDGE_LOOP('',(#2185,#2186,#2187,#2188));
#426=EDGE_LOOP('',(#2189,#2190,#2191,#2192));
#427=EDGE_LOOP('',(#2193,#2194,#2195,#2196,#2197,#2198));
#428=EDGE_LOOP('',(#2199,#2200,#2201,#2202));
#429=EDGE_LOOP('',(#2203,#2204,#2205,#2206));
#430=EDGE_LOOP('',(#2207,#2208,#2209,#2210));
#431=EDGE_LOOP('',(#2211,#2212,#2213,#2214,#2215,#2216));
#432=EDGE_LOOP('',(#2217,#2218,#2219,#2220));
#433=EDGE_LOOP('',(#2221,#2222,#2223,#2224));
#434=EDGE_LOOP('',(#2225,#2226,#2227,#2228));
#435=EDGE_LOOP('',(#2229,#2230,#2231,#2232));
#436=EDGE_LOOP('',(#2233,#2234,#2235,#2236,#2237,#2238));
#437=EDGE_LOOP('',(#2239,#2240,#2241,#2242));
#438=EDGE_LOOP('',(#2243,#2244,#2245,#2246));
#439=EDGE_LOOP('',(#2247,#2248,#2249,#2250,#2251,#2252));
#440=EDGE_LOOP('',(#2253,#2254,#2255,#2256));
#441=EDGE_LOOP('',(#2257,#2258,#2259,#2260));
#442=EDGE_LOOP('',(#2261,#2262,#2263,#2264));
#443=EDGE_LOOP('',(#2265,#2266,#2267,#2268));
#444=EDGE_LOOP('',(#2269,#2270,#2271,#2272,#2273,#2274));
#445=EDGE_LOOP('',(#2275,#2276,#2277,#2278));
#446=EDGE_LOOP('',(#2279,#2280,#2281,#2282));
#447=EDGE_LOOP('',(#2283,#2284,#2285,#2286,#2287,#2288));
#448=EDGE_LOOP('',(#2289,#2290,#2291,#2292));
#449=EDGE_LOOP('',(#2293,#2294,#2295,#2296));
#450=EDGE_LOOP('',(#2297,#2298,#2299,#2300));
#451=EDGE_LOOP('',(#2301,#2302,#2303,#2304));
#452=EDGE_LOOP('',(#2305,#2306,#2307,#2308,#2309,#2310));
#453=EDGE_LOOP('',(#2311,#2312,#2313,#2314));
#454=EDGE_LOOP('',(#2315,#2316,#2317,#2318));
#455=EDGE_LOOP('',(#2319,#2320,#2321,#2322,#2323,#2324));
#456=EDGE_LOOP('',(#2325,#2326,#2327,#2328));
#457=EDGE_LOOP('',(#2329,#2330,#2331,#2332));
#458=EDGE_LOOP('',(#2333,#2334,#2335,#2336,#2337,#2338));
#459=EDGE_LOOP('',(#2339,#2340,#2341,#2342));
#460=EDGE_LOOP('',(#2343,#2344,#2345,#2346));
#461=EDGE_LOOP('',(#2347,#2348,#2349,#2350));
#462=EDGE_LOOP('',(#2351,#2352,#2353,#2354));
#463=EDGE_LOOP('',(#2355,#2356));
#464=EDGE_LOOP('',(#2357,#2358));
#465=EDGE_LOOP('',(#2359,#2360,#2361,#2362));
#466=EDGE_LOOP('',(#2363,#2364,#2365,#2366));
#467=EDGE_LOOP('',(#2367,#2368,#2369,#2370));
#468=EDGE_LOOP('',(#2371,#2372));
#469=EDGE_LOOP('',(#2373,#2374,#2375,#2376));
#470=EDGE_LOOP('',(#2377,#2378,#2379,#2380));
#471=EDGE_LOOP('',(#2381,#2382,#2383,#2384));
#472=EDGE_LOOP('',(#2385,#2386));
#473=EDGE_LOOP('',(#2387,#2388,#2389,#2390));
#474=EDGE_LOOP('',(#2391,#2392,#2393,#2394));
#475=EDGE_LOOP('',(#2395,#2396));
#476=EDGE_LOOP('',(#2397,#2398));
#477=EDGE_LOOP('',(#2399,#2400,#2401,#2402));
#478=EDGE_LOOP('',(#2403,#2404,#2405,#2406));
#479=EDGE_LOOP('',(#2407,#2408,#2409,#2410));
#480=EDGE_LOOP('',(#2411,#2412,#2413,#2414));
#481=EDGE_LOOP('',(#2415,#2416,#2417,#2418));
#482=EDGE_LOOP('',(#2419,#2420,#2421,#2422));
#483=EDGE_LOOP('',(#2423,#2424,#2425,#2426));
#484=EDGE_LOOP('',(#2427,#2428,#2429,#2430));
#485=EDGE_LOOP('',(#2431,#2432,#2433,#2434));
#486=EDGE_LOOP('',(#2435,#2436,#2437,#2438));
#487=EDGE_LOOP('',(#2439,#2440,#2441,#2442));
#488=EDGE_LOOP('',(#2443,#2444,#2445,#2446));
#489=EDGE_LOOP('',(#2447,#2448,#2449,#2450));
#490=EDGE_LOOP('',(#2451,#2452,#2453,#2454));
#491=EDGE_LOOP('',(#2455,#2456,#2457,#2458));
#492=EDGE_LOOP('',(#2459,#2460,#2461,#2462));
#493=EDGE_LOOP('',(#2463,#2464,#2465,#2466));
#494=EDGE_LOOP('',(#2467,#2468,#2469,#2470));
#495=EDGE_LOOP('',(#2471,#2472,#2473,#2474));
#496=EDGE_LOOP('',(#2475,#2476,#2477,#2478));
#497=EDGE_LOOP('',(#2479,#2480,#2481,#2482));
#498=EDGE_LOOP('',(#2483,#2484,#2485,#2486));
#499=EDGE_LOOP('',(#2487,#2488,#2489,#2490));
#500=EDGE_LOOP('',(#2491,#2492,#2493,#2494));
#501=EDGE_LOOP('',(#2495,#2496,#2497,#2498));
#502=EDGE_LOOP('',(#2499,#2500,#2501,#2502));
#503=EDGE_LOOP('',(#2503,#2504,#2505,#2506));
#504=EDGE_LOOP('',(#2507,#2508));
#505=EDGE_LOOP('',(#2509,#2510));
#506=EDGE_LOOP('',(#2511,#2512,#2513,#2514));
#507=EDGE_LOOP('',(#2515,#2516,#2517,#2518));
#508=EDGE_LOOP('',(#2519,#2520,#2521,#2522));
#509=EDGE_LOOP('',(#2523,#2524,#2525,#2526));
#510=EDGE_LOOP('',(#2527,#2528,#2529,#2530));
#511=EDGE_LOOP('',(#2531,#2532,#2533,#2534));
#512=EDGE_LOOP('',(#2535,#2536,#2537,#2538));
#513=EDGE_LOOP('',(#2539,#2540,#2541,#2542));
#514=EDGE_LOOP('',(#2543,#2544));
#515=EDGE_LOOP('',(#2545,#2546));
#516=EDGE_LOOP('',(#2547,#2548,#2549,#2550,#2551));
#517=EDGE_LOOP('',(#2552,#2553,#2554,#2555));
#518=EDGE_LOOP('',(#2556,#2557,#2558,#2559,#2560));
#519=EDGE_LOOP('',(#2561,#2562,#2563,#2564));
#520=EDGE_LOOP('',(#2565,#2566,#2567,#2568));
#521=EDGE_LOOP('',(#2569,#2570,#2571,#2572,#2573,#2574));
#522=EDGE_LOOP('',(#2575,#2576,#2577,#2578,#2579));
#523=EDGE_LOOP('',(#2580,#2581,#2582,#2583));
#524=EDGE_LOOP('',(#2584,#2585,#2586,#2587));
#525=EDGE_LOOP('',(#2588,#2589,#2590,#2591,#2592));
#526=EDGE_LOOP('',(#2593,#2594,#2595,#2596));
#527=EDGE_LOOP('',(#2597,#2598,#2599,#2600));
#528=EDGE_LOOP('',(#2601,#2602,#2603,#2604,#2605,#2606));
#529=EDGE_LOOP('',(#2607,#2608,#2609,#2610,#2611));
#530=EDGE_LOOP('',(#2612,#2613,#2614,#2615,#2616));
#531=EDGE_LOOP('',(#2617,#2618,#2619,#2620,#2621,#2622));
#532=EDGE_LOOP('',(#2623,#2624,#2625,#2626,#2627));
#533=EDGE_LOOP('',(#2628,#2629,#2630,#2631,#2632));
#534=EDGE_LOOP('',(#2633,#2634,#2635,#2636,#2637,#2638));
#535=EDGE_LOOP('',(#2639,#2640,#2641,#2642));
#536=EDGE_LOOP('',(#2643,#2644,#2645,#2646,#2647));
#537=EDGE_LOOP('',(#2648,#2649,#2650,#2651,#2652,#2653));
#538=EDGE_LOOP('',(#2654,#2655,#2656,#2657,#2658));
#539=EDGE_LOOP('',(#2659,#2660,#2661,#2662,#2663));
#540=EDGE_LOOP('',(#2664,#2665,#2666,#2667,#2668,#2669));
#541=EDGE_LOOP('',(#2670,#2671,#2672,#2673,#2674,#2675,#2676,#2677,#2678,
#2679,#2680,#2681,#2682,#2683,#2684,#2685,#2686,#2687,#2688,#2689,#2690,
#2691,#2692,#2693,#2694,#2695,#2696,#2697));
#542=EDGE_LOOP('',(#2698,#2699,#2700,#2701));
#543=EDGE_LOOP('',(#2702,#2703));
#544=EDGE_LOOP('',(#2704,#2705));
#545=EDGE_LOOP('',(#2706,#2707,#2708,#2709,#2710,#2711));
#546=EDGE_LOOP('',(#2712,#2713,#2714,#2715));
#547=EDGE_LOOP('',(#2716,#2717,#2718,#2719,#2720,#2721));
#548=EDGE_LOOP('',(#2722,#2723,#2724,#2725,#2726,#2727));
#549=EDGE_LOOP('',(#2728,#2729,#2730,#2731,#2732,#2733));
#550=EDGE_LOOP('',(#2734,#2735,#2736));
#551=EDGE_LOOP('',(#2737,#2738,#2739));
#552=EDGE_LOOP('',(#2740,#2741,#2742,#2743,#2744,#2745,#2746,#2747,#2748,
#2749,#2750,#2751));
#553=EDGE_LOOP('',(#2752,#2753,#2754));
#554=EDGE_LOOP('',(#2755,#2756,#2757));
#555=EDGE_LOOP('',(#2758,#2759,#2760,#2761,#2762));
#556=EDGE_LOOP('',(#2763,#2764,#2765,#2766,#2767,#2768));
#557=EDGE_LOOP('',(#2769,#2770,#2771,#2772,#2773));
#558=EDGE_LOOP('',(#2774,#2775,#2776));
#559=EDGE_LOOP('',(#2777,#2778,#2779));
#560=EDGE_LOOP('',(#2780,#2781,#2782,#2783,#2784));
#561=EDGE_LOOP('',(#2785,#2786,#2787,#2788));
#562=EDGE_LOOP('',(#2789,#2790,#2791,#2792));
#563=EDGE_LOOP('',(#2793,#2794,#2795,#2796));
#564=EDGE_LOOP('',(#2797,#2798,#2799,#2800));
#565=EDGE_LOOP('',(#2801,#2802,#2803,#2804));
#566=EDGE_LOOP('',(#2805,#2806,#2807,#2808));
#567=EDGE_LOOP('',(#2809,#2810,#2811,#2812));
#568=EDGE_LOOP('',(#2813,#2814,#2815,#2816));
#569=EDGE_LOOP('',(#2817,#2818,#2819,#2820));
#570=EDGE_LOOP('',(#2821,#2822,#2823,#2824));
#571=EDGE_LOOP('',(#2825,#2826,#2827,#2828));
#572=EDGE_LOOP('',(#2829,#2830,#2831,#2832));
#573=EDGE_LOOP('',(#2833,#2834,#2835,#2836));
#574=EDGE_LOOP('',(#2837,#2838,#2839,#2840));
#575=EDGE_LOOP('',(#2841,#2842,#2843,#2844));
#576=EDGE_LOOP('',(#2845,#2846,#2847,#2848));
#577=EDGE_LOOP('',(#2849,#2850,#2851,#2852));
#578=EDGE_LOOP('',(#2853,#2854,#2855,#2856));
#579=EDGE_LOOP('',(#2857,#2858,#2859,#2860));
#580=EDGE_LOOP('',(#2861,#2862,#2863,#2864));
#581=EDGE_LOOP('',(#2865,#2866,#2867,#2868));
#582=EDGE_LOOP('',(#2869,#2870,#2871,#2872));
#583=EDGE_LOOP('',(#2873,#2874,#2875,#2876));
#584=EDGE_LOOP('',(#2877,#2878,#2879,#2880));
#585=EDGE_LOOP('',(#2881,#2882,#2883,#2884));
#586=EDGE_LOOP('',(#2885,#2886,#2887,#2888));
#587=EDGE_LOOP('',(#2889,#2890,#2891,#2892));
#588=EDGE_LOOP('',(#2893,#2894,#2895,#2896));
#589=EDGE_LOOP('',(#2897,#2898,#2899,#2900));
#590=EDGE_LOOP('',(#2901,#2902,#2903,#2904));
#591=EDGE_LOOP('',(#2905,#2906,#2907,#2908));
#592=EDGE_LOOP('',(#2909,#2910,#2911,#2912));
#593=EDGE_LOOP('',(#2913,#2914,#2915,#2916));
#594=EDGE_LOOP('',(#2917,#2918,#2919,#2920,#2921,#2922,#2923,#2924));
#595=EDGE_LOOP('',(#2925,#2926,#2927,#2928));
#596=EDGE_LOOP('',(#2929,#2930,#2931,#2932));
#597=EDGE_LOOP('',(#2933,#2934,#2935,#2936,#2937,#2938,#2939,#2940));
#598=EDGE_LOOP('',(#2941,#2942,#2943,#2944,#2945,#2946,#2947,#2948));
#599=EDGE_LOOP('',(#2949,#2950,#2951,#2952,#2953,#2954,#2955,#2956,#2957,
#2958,#2959,#2960,#2961,#2962,#2963,#2964,#2965,#2966,#2967,#2968,#2969,
#2970,#2971,#2972,#2973,#2974));
#600=EDGE_LOOP('',(#2975,#2976,#2977,#2978));
#601=EDGE_LOOP('',(#2979,#2980,#2981,#2982));
#602=EDGE_LOOP('',(#2983,#2984,#2985,#2986));
#603=EDGE_LOOP('',(#2987,#2988,#2989,#2990));
#604=EDGE_LOOP('',(#2991,#2992,#2993,#2994));
#605=EDGE_LOOP('',(#2995,#2996,#2997,#2998));
#606=EDGE_LOOP('',(#2999,#3000,#3001,#3002,#3003,#3004,#3005,#3006,#3007,
#3008));
#607=EDGE_LOOP('',(#3009,#3010,#3011,#3012));
#608=EDGE_LOOP('',(#3013,#3014,#3015,#3016,#3017,#3018,#3019,#3020,#3021,
#3022));
#609=EDGE_LOOP('',(#3023,#3024,#3025,#3026));
#610=EDGE_LOOP('',(#3027,#3028,#3029,#3030,#3031,#3032,#3033,#3034));
#611=EDGE_LOOP('',(#3035,#3036,#3037,#3038));
#612=EDGE_LOOP('',(#3039,#3040,#3041,#3042,#3043,#3044,#3045,#3046));
#613=EDGE_LOOP('',(#3047,#3048,#3049,#3050));
#614=EDGE_LOOP('',(#3051,#3052,#3053,#3054));
#615=EDGE_LOOP('',(#3055,#3056,#3057,#3058));
#616=EDGE_LOOP('',(#3059,#3060,#3061,#3062));
#617=EDGE_LOOP('',(#3063,#3064,#3065,#3066));
#618=EDGE_LOOP('',(#3067,#3068,#3069,#3070));
#619=EDGE_LOOP('',(#3071,#3072,#3073,#3074));
#620=EDGE_LOOP('',(#3075,#3076,#3077,#3078));
#621=EDGE_LOOP('',(#3079,#3080,#3081,#3082));
#622=EDGE_LOOP('',(#3083,#3084,#3085,#3086));
#623=EDGE_LOOP('',(#3087,#3088,#3089,#3090));
#624=EDGE_LOOP('',(#3091,#3092,#3093,#3094));
#625=EDGE_LOOP('',(#3095,#3096,#3097,#3098));
#626=EDGE_LOOP('',(#3099,#3100,#3101,#3102,#3103,#3104,#3105,#3106));
#627=EDGE_LOOP('',(#3107,#3108,#3109,#3110));
#628=EDGE_LOOP('',(#3111,#3112,#3113,#3114));
#629=LINE('',#4606,#905);
#630=LINE('',#4608,#906);
#631=LINE('',#4609,#907);
#632=LINE('',#4612,#908);
#633=LINE('',#4615,#909);
#634=LINE('',#4618,#910);
#635=LINE('',#4620,#911);
#636=LINE('',#4621,#912);
#637=LINE('',#4624,#913);
#638=LINE('',#4626,#914);
#639=LINE('',#4627,#915);
#640=LINE('',#4630,#916);
#641=LINE('',#4631,#917);
#642=LINE('',#4634,#918);
#643=LINE('',#4635,#919);
#644=LINE('',#4637,#920);
#645=LINE('',#4644,#921);
#646=LINE('',#4646,#922);
#647=LINE('',#4647,#923);
#648=LINE('',#4650,#924);
#649=LINE('',#4653,#925);
#650=LINE('',#4656,#926);
#651=LINE('',#4658,#927);
#652=LINE('',#4660,#928);
#653=LINE('',#4661,#929);
#654=LINE('',#4664,#930);
#655=LINE('',#4665,#931);
#656=LINE('',#4668,#932);
#657=LINE('',#4669,#933);
#658=LINE('',#4672,#934);
#659=LINE('',#4673,#935);
#660=LINE('',#4675,#936);
#661=LINE('',#4682,#937);
#662=LINE('',#4684,#938);
#663=LINE('',#4685,#939);
#664=LINE('',#4688,#940);
#665=LINE('',#4691,#941);
#666=LINE('',#4694,#942);
#667=LINE('',#4696,#943);
#668=LINE('',#4698,#944);
#669=LINE('',#4699,#945);
#670=LINE('',#4703,#946);
#671=LINE('',#4704,#947);
#672=LINE('',#4705,#948);
#673=LINE('',#4708,#949);
#674=LINE('',#4709,#950);
#675=LINE('',#4711,#951);
#676=LINE('',#4713,#952);
#677=LINE('',#4720,#953);
#678=LINE('',#4722,#954);
#679=LINE('',#4723,#955);
#680=LINE('',#4726,#956);
#681=LINE('',#4729,#957);
#682=LINE('',#4732,#958);
#683=LINE('',#4734,#959);
#684=LINE('',#4736,#960);
#685=LINE('',#4737,#961);
#686=LINE('',#4741,#962);
#687=LINE('',#4742,#963);
#688=LINE('',#4743,#964);
#689=LINE('',#4746,#965);
#690=LINE('',#4747,#966);
#691=LINE('',#4749,#967);
#692=LINE('',#4751,#968);
#693=LINE('',#4758,#969);
#694=LINE('',#4760,#970);
#695=LINE('',#4761,#971);
#696=LINE('',#4764,#972);
#697=LINE('',#4767,#973);
#698=LINE('',#4770,#974);
#699=LINE('',#4772,#975);
#700=LINE('',#4774,#976);
#701=LINE('',#4775,#977);
#702=LINE('',#4779,#978);
#703=LINE('',#4780,#979);
#704=LINE('',#4781,#980);
#705=LINE('',#4784,#981);
#706=LINE('',#4785,#982);
#707=LINE('',#4787,#983);
#708=LINE('',#4789,#984);
#709=LINE('',#4796,#985);
#710=LINE('',#4798,#986);
#711=LINE('',#4799,#987);
#712=LINE('',#4802,#988);
#713=LINE('',#4805,#989);
#714=LINE('',#4808,#990);
#715=LINE('',#4810,#991);
#716=LINE('',#4812,#992);
#717=LINE('',#4813,#993);
#718=LINE('',#4817,#994);
#719=LINE('',#4818,#995);
#720=LINE('',#4819,#996);
#721=LINE('',#4822,#997);
#722=LINE('',#4823,#998);
#723=LINE('',#4825,#999);
#724=LINE('',#4826,#1000);
#725=LINE('',#7388,#1001);
#726=LINE('',#7390,#1002);
#727=LINE('',#7432,#1003);
#728=LINE('',#7433,#1004);
#729=LINE('',#7513,#1005);
#730=LINE('',#7514,#1006);
#731=LINE('',#7517,#1007);
#732=LINE('',#7519,#1008);
#733=LINE('',#7600,#1009);
#734=LINE('',#7601,#1010);
#735=LINE('',#7681,#1011);
#736=LINE('',#7682,#1012);
#737=LINE('',#7685,#1013);
#738=LINE('',#7687,#1014);
#739=LINE('',#7690,#1015);
#740=LINE('',#7691,#1016);
#741=LINE('',#7693,#1017);
#742=LINE('',#7694,#1018);
#743=LINE('',#7697,#1019);
#744=LINE('',#7699,#1020);
#745=LINE('',#7702,#1021);
#746=LINE('',#7703,#1022);
#747=LINE('',#7705,#1023);
#748=LINE('',#7706,#1024);
#749=LINE('',#7709,#1025);
#750=LINE('',#7710,#1026);
#751=LINE('',#7712,#1027);
#752=LINE('',#7714,#1028);
#753=LINE('',#7717,#1029);
#754=LINE('',#7718,#1030);
#755=LINE('',#7720,#1031);
#756=LINE('',#7722,#1032);
#757=LINE('',#7838,#1033);
#758=LINE('',#7839,#1034);
#759=LINE('',#7880,#1035);
#760=LINE('',#7881,#1036);
#761=LINE('',#7883,#1037);
#762=LINE('',#7884,#1038);
#763=LINE('',#7886,#1039);
#764=LINE('',#7887,#1040);
#765=LINE('',#7889,#1041);
#766=LINE('',#7891,#1042);
#767=LINE('',#7894,#1043);
#768=LINE('',#7896,#1044);
#769=LINE('',#7899,#1045);
#770=LINE('',#7900,#1046);
#771=LINE('',#7902,#1047);
#772=LINE('',#7905,#1048);
#773=LINE('',#7906,#1049);
#774=LINE('',#7908,#1050);
#775=LINE('',#7910,#1051);
#776=LINE('',#7912,#1052);
#777=LINE('',#7916,#1053);
#778=LINE('',#7918,#1054);
#779=LINE('',#7920,#1055);
#780=LINE('',#7921,#1056);
#781=LINE('',#7924,#1057);
#782=LINE('',#7926,#1058);
#783=LINE('',#7927,#1059);
#784=LINE('',#7930,#1060);
#785=LINE('',#7932,#1061);
#786=LINE('',#7933,#1062);
#787=LINE('',#7935,#1063);
#788=LINE('',#7936,#1064);
#789=LINE('',#7940,#1065);
#790=LINE('',#7942,#1066);
#791=LINE('',#7944,#1067);
#792=LINE('',#7945,#1068);
#793=LINE('',#7948,#1069);
#794=LINE('',#7950,#1070);
#795=LINE('',#7951,#1071);
#796=LINE('',#7954,#1072);
#797=LINE('',#7956,#1073);
#798=LINE('',#7957,#1074);
#799=LINE('',#7959,#1075);
#800=LINE('',#7960,#1076);
#801=LINE('',#7964,#1077);
#802=LINE('',#7966,#1078);
#803=LINE('',#7968,#1079);
#804=LINE('',#7969,#1080);
#805=LINE('',#7972,#1081);
#806=LINE('',#7974,#1082);
#807=LINE('',#7975,#1083);
#808=LINE('',#7978,#1084);
#809=LINE('',#7980,#1085);
#810=LINE('',#7981,#1086);
#811=LINE('',#7983,#1087);
#812=LINE('',#7984,#1088);
#813=LINE('',#7988,#1089);
#814=LINE('',#7990,#1090);
#815=LINE('',#7992,#1091);
#816=LINE('',#7993,#1092);
#817=LINE('',#7996,#1093);
#818=LINE('',#7998,#1094);
#819=LINE('',#7999,#1095);
#820=LINE('',#8002,#1096);
#821=LINE('',#8004,#1097);
#822=LINE('',#8005,#1098);
#823=LINE('',#8007,#1099);
#824=LINE('',#8008,#1100);
#825=LINE('',#8012,#1101);
#826=LINE('',#8014,#1102);
#827=LINE('',#8016,#1103);
#828=LINE('',#8017,#1104);
#829=LINE('',#8020,#1105);
#830=LINE('',#8022,#1106);
#831=LINE('',#8023,#1107);
#832=LINE('',#8026,#1108);
#833=LINE('',#8028,#1109);
#834=LINE('',#8029,#1110);
#835=LINE('',#8031,#1111);
#836=LINE('',#8032,#1112);
#837=LINE('',#8036,#1113);
#838=LINE('',#8038,#1114);
#839=LINE('',#8040,#1115);
#840=LINE('',#8041,#1116);
#841=LINE('',#8044,#1117);
#842=LINE('',#8046,#1118);
#843=LINE('',#8047,#1119);
#844=LINE('',#8050,#1120);
#845=LINE('',#8052,#1121);
#846=LINE('',#8053,#1122);
#847=LINE('',#8055,#1123);
#848=LINE('',#8056,#1124);
#849=LINE('',#8062,#1125);
#850=LINE('',#8065,#1126);
#851=LINE('',#8076,#1127);
#852=LINE('',#8077,#1128);
#853=LINE('',#8088,#1129);
#854=LINE('',#8089,#1130);
#855=LINE('',#8100,#1131);
#856=LINE('',#8101,#1132);
#857=LINE('',#8107,#1133);
#858=LINE('',#8110,#1134);
#859=LINE('',#8113,#1135);
#860=LINE('',#8115,#1136);
#861=LINE('',#8117,#1137);
#862=LINE('',#8119,#1138);
#863=LINE('',#8121,#1139);
#864=LINE('',#8122,#1140);
#865=LINE('',#8125,#1141);
#866=LINE('',#8129,#1142);
#867=LINE('',#8130,#1143);
#868=LINE('',#8136,#1144);
#869=LINE('',#8138,#1145);
#870=LINE('',#8140,#1146);
#871=LINE('',#8142,#1147);
#872=LINE('',#8144,#1148);
#873=LINE('',#8145,#1149);
#874=LINE('',#8148,#1150);
#875=LINE('',#8149,#1151);
#876=LINE('',#8152,#1152);
#877=LINE('',#8154,#1153);
#878=LINE('',#8156,#1154);
#879=LINE('',#8158,#1155);
#880=LINE('',#8160,#1156);
#881=LINE('',#8162,#1157);
#882=LINE('',#8165,#1158);
#883=LINE('',#8168,#1159);
#884=LINE('',#8170,#1160);
#885=LINE('',#8171,#1161);
#886=LINE('',#8172,#1162);
#887=LINE('',#8176,#1163);
#888=LINE('',#8178,#1164);
#889=LINE('',#8180,#1165);
#890=LINE('',#8182,#1166);
#891=LINE('',#8184,#1167);
#892=LINE('',#8186,#1168);
#893=LINE('',#8187,#1169);
#894=LINE('',#8189,#1170);
#895=LINE('',#8190,#1171);
#896=LINE('',#8192,#1172);
#897=LINE('',#8195,#1173);
#898=LINE('',#8198,#1174);
#899=LINE('',#8199,#1175);
#900=LINE('',#8202,#1176);
#901=LINE('',#8203,#1177);
#902=LINE('',#8205,#1178);
#903=LINE('',#8207,#1179);
#904=LINE('',#8209,#1180);
#905=VECTOR('',#3741,10.);
#906=VECTOR('',#3742,10.);
#907=VECTOR('',#3743,10.);
#908=VECTOR('',#3746,10.);
#909=VECTOR('',#3749,10.);
#910=VECTOR('',#3752,10.);
#911=VECTOR('',#3753,10.);
#912=VECTOR('',#3754,10.);
#913=VECTOR('',#3757,10.);
#914=VECTOR('',#3758,10.);
#915=VECTOR('',#3759,10.);
#916=VECTOR('',#3762,10.);
#917=VECTOR('',#3763,10.);
#918=VECTOR('',#3766,10.);
#919=VECTOR('',#3767,10.);
#920=VECTOR('',#3770,10.);
#921=VECTOR('',#3777,10.);
#922=VECTOR('',#3778,10.);
#923=VECTOR('',#3779,10.);
#924=VECTOR('',#3782,10.);
#925=VECTOR('',#3785,10.);
#926=VECTOR('',#3788,10.);
#927=VECTOR('',#3789,10.);
#928=VECTOR('',#3790,10.);
#929=VECTOR('',#3791,10.);
#930=VECTOR('',#3794,10.);
#931=VECTOR('',#3795,10.);
#932=VECTOR('',#3798,10.);
#933=VECTOR('',#3799,10.);
#934=VECTOR('',#3802,10.);
#935=VECTOR('',#3803,10.);
#936=VECTOR('',#3806,10.);
#937=VECTOR('',#3813,10.);
#938=VECTOR('',#3814,10.);
#939=VECTOR('',#3815,10.);
#940=VECTOR('',#3818,10.);
#941=VECTOR('',#3821,10.);
#942=VECTOR('',#3824,10.);
#943=VECTOR('',#3825,10.);
#944=VECTOR('',#3826,10.);
#945=VECTOR('',#3827,10.);
#946=VECTOR('',#3830,10.);
#947=VECTOR('',#3831,10.);
#948=VECTOR('',#3832,10.);
#949=VECTOR('',#3835,10.);
#950=VECTOR('',#3836,10.);
#951=VECTOR('',#3839,10.);
#952=VECTOR('',#3842,10.);
#953=VECTOR('',#3849,10.);
#954=VECTOR('',#3850,10.);
#955=VECTOR('',#3851,10.);
#956=VECTOR('',#3854,10.);
#957=VECTOR('',#3857,10.);
#958=VECTOR('',#3860,10.);
#959=VECTOR('',#3861,10.);
#960=VECTOR('',#3862,10.);
#961=VECTOR('',#3863,10.);
#962=VECTOR('',#3866,10.);
#963=VECTOR('',#3867,10.);
#964=VECTOR('',#3868,10.);
#965=VECTOR('',#3871,10.);
#966=VECTOR('',#3872,10.);
#967=VECTOR('',#3875,10.);
#968=VECTOR('',#3878,10.);
#969=VECTOR('',#3885,10.);
#970=VECTOR('',#3886,10.);
#971=VECTOR('',#3887,10.);
#972=VECTOR('',#3890,10.);
#973=VECTOR('',#3893,10.);
#974=VECTOR('',#3896,10.);
#975=VECTOR('',#3897,10.);
#976=VECTOR('',#3898,10.);
#977=VECTOR('',#3899,10.);
#978=VECTOR('',#3902,10.);
#979=VECTOR('',#3903,10.);
#980=VECTOR('',#3904,10.);
#981=VECTOR('',#3907,10.);
#982=VECTOR('',#3908,10.);
#983=VECTOR('',#3911,10.);
#984=VECTOR('',#3914,10.);
#985=VECTOR('',#3921,10.);
#986=VECTOR('',#3922,10.);
#987=VECTOR('',#3923,10.);
#988=VECTOR('',#3926,10.);
#989=VECTOR('',#3929,10.);
#990=VECTOR('',#3932,10.);
#991=VECTOR('',#3933,10.);
#992=VECTOR('',#3934,10.);
#993=VECTOR('',#3935,10.);
#994=VECTOR('',#3938,10.);
#995=VECTOR('',#3939,10.);
#996=VECTOR('',#3940,10.);
#997=VECTOR('',#3943,10.);
#998=VECTOR('',#3944,10.);
#999=VECTOR('',#3947,10.);
#1000=VECTOR('',#3948,10.);
#1001=VECTOR('',#4155,10.);
#1002=VECTOR('',#4156,10.);
#1003=VECTOR('',#4165,10.);
#1004=VECTOR('',#4166,10.);
#1005=VECTOR('',#4177,10.);
#1006=VECTOR('',#4178,10.);
#1007=VECTOR('',#4181,10.);
#1008=VECTOR('',#4182,10.);
#1009=VECTOR('',#4195,10.);
#1010=VECTOR('',#4196,10.);
#1011=VECTOR('',#4207,10.);
#1012=VECTOR('',#4208,10.);
#1013=VECTOR('',#4211,10.);
#1014=VECTOR('',#4212,10.);
#1015=VECTOR('',#4217,10.);
#1016=VECTOR('',#4218,10.);
#1017=VECTOR('',#4221,10.);
#1018=VECTOR('',#4222,10.);
#1019=VECTOR('',#4225,10.);
#1020=VECTOR('',#4226,10.);
#1021=VECTOR('',#4231,10.);
#1022=VECTOR('',#4232,10.);
#1023=VECTOR('',#4235,10.);
#1024=VECTOR('',#4236,10.);
#1025=VECTOR('',#4239,10.);
#1026=VECTOR('',#4240,10.);
#1027=VECTOR('',#4243,10.);
#1028=VECTOR('',#4246,10.);
#1029=VECTOR('',#4249,10.);
#1030=VECTOR('',#4250,10.);
#1031=VECTOR('',#4253,10.);
#1032=VECTOR('',#4256,10.);
#1033=VECTOR('',#4269,10.);
#1034=VECTOR('',#4270,10.);
#1035=VECTOR('',#4277,10.);
#1036=VECTOR('',#4278,10.);
#1037=VECTOR('',#4281,10.);
#1038=VECTOR('',#4282,10.);
#1039=VECTOR('',#4285,10.);
#1040=VECTOR('',#4286,10.);
#1041=VECTOR('',#4289,10.);
#1042=VECTOR('',#4292,10.);
#1043=VECTOR('',#4297,10.);
#1044=VECTOR('',#4300,10.);
#1045=VECTOR('',#4303,10.);
#1046=VECTOR('',#4304,10.);
#1047=VECTOR('',#4307,10.);
#1048=VECTOR('',#4310,10.);
#1049=VECTOR('',#4311,10.);
#1050=VECTOR('',#4314,10.);
#1051=VECTOR('',#4317,10.);
#1052=VECTOR('',#4320,10.);
#1053=VECTOR('',#4323,10.);
#1054=VECTOR('',#4324,10.);
#1055=VECTOR('',#4325,10.);
#1056=VECTOR('',#4326,10.);
#1057=VECTOR('',#4329,10.);
#1058=VECTOR('',#4330,10.);
#1059=VECTOR('',#4331,10.);
#1060=VECTOR('',#4334,10.);
#1061=VECTOR('',#4335,10.);
#1062=VECTOR('',#4336,10.);
#1063=VECTOR('',#4339,10.);
#1064=VECTOR('',#4340,10.);
#1065=VECTOR('',#4343,10.);
#1066=VECTOR('',#4344,10.);
#1067=VECTOR('',#4345,10.);
#1068=VECTOR('',#4346,10.);
#1069=VECTOR('',#4349,10.);
#1070=VECTOR('',#4350,10.);
#1071=VECTOR('',#4351,10.);
#1072=VECTOR('',#4354,10.);
#1073=VECTOR('',#4355,10.);
#1074=VECTOR('',#4356,10.);
#1075=VECTOR('',#4359,10.);
#1076=VECTOR('',#4360,10.);
#1077=VECTOR('',#4363,10.);
#1078=VECTOR('',#4364,10.);
#1079=VECTOR('',#4365,10.);
#1080=VECTOR('',#4366,10.);
#1081=VECTOR('',#4369,10.);
#1082=VECTOR('',#4370,10.);
#1083=VECTOR('',#4371,10.);
#1084=VECTOR('',#4374,10.);
#1085=VECTOR('',#4375,10.);
#1086=VECTOR('',#4376,10.);
#1087=VECTOR('',#4379,10.);
#1088=VECTOR('',#4380,10.);
#1089=VECTOR('',#4383,10.);
#1090=VECTOR('',#4384,10.);
#1091=VECTOR('',#4385,10.);
#1092=VECTOR('',#4386,10.);
#1093=VECTOR('',#4389,10.);
#1094=VECTOR('',#4390,10.);
#1095=VECTOR('',#4391,10.);
#1096=VECTOR('',#4394,10.);
#1097=VECTOR('',#4395,10.);
#1098=VECTOR('',#4396,10.);
#1099=VECTOR('',#4399,10.);
#1100=VECTOR('',#4400,10.);
#1101=VECTOR('',#4403,10.);
#1102=VECTOR('',#4404,10.);
#1103=VECTOR('',#4405,10.);
#1104=VECTOR('',#4406,10.);
#1105=VECTOR('',#4409,10.);
#1106=VECTOR('',#4410,10.);
#1107=VECTOR('',#4411,10.);
#1108=VECTOR('',#4414,10.);
#1109=VECTOR('',#4415,10.);
#1110=VECTOR('',#4416,10.);
#1111=VECTOR('',#4419,10.);
#1112=VECTOR('',#4420,10.);
#1113=VECTOR('',#4423,10.);
#1114=VECTOR('',#4424,10.);
#1115=VECTOR('',#4425,10.);
#1116=VECTOR('',#4426,10.);
#1117=VECTOR('',#4429,10.);
#1118=VECTOR('',#4430,10.);
#1119=VECTOR('',#4431,10.);
#1120=VECTOR('',#4434,10.);
#1121=VECTOR('',#4435,10.);
#1122=VECTOR('',#4436,10.);
#1123=VECTOR('',#4439,10.);
#1124=VECTOR('',#4440,10.);
#1125=VECTOR('',#4445,10.);
#1126=VECTOR('',#4448,10.);
#1127=VECTOR('',#4461,10.);
#1128=VECTOR('',#4462,10.);
#1129=VECTOR('',#4475,10.);
#1130=VECTOR('',#4476,10.);
#1131=VECTOR('',#4489,10.);
#1132=VECTOR('',#4490,10.);
#1133=VECTOR('',#4499,10.);
#1134=VECTOR('',#4502,10.);
#1135=VECTOR('',#4505,10.);
#1136=VECTOR('',#4506,10.);
#1137=VECTOR('',#4507,10.);
#1138=VECTOR('',#4508,10.);
#1139=VECTOR('',#4509,10.);
#1140=VECTOR('',#4510,10.);
#1141=VECTOR('',#4513,10.);
#1142=VECTOR('',#4518,10.);
#1143=VECTOR('',#4519,10.);
#1144=VECTOR('',#4526,10.);
#1145=VECTOR('',#4527,10.);
#1146=VECTOR('',#4528,10.);
#1147=VECTOR('',#4529,10.);
#1148=VECTOR('',#4530,10.);
#1149=VECTOR('',#4531,10.);
#1150=VECTOR('',#4534,10.);
#1151=VECTOR('',#4535,10.);
#1152=VECTOR('',#4538,10.);
#1153=VECTOR('',#4539,10.);
#1154=VECTOR('',#4540,10.);
#1155=VECTOR('',#4541,10.);
#1156=VECTOR('',#4542,10.);
#1157=VECTOR('',#4543,10.);
#1158=VECTOR('',#4548,10.);
#1159=VECTOR('',#4551,10.);
#1160=VECTOR('',#4552,10.);
#1161=VECTOR('',#4553,10.);
#1162=VECTOR('',#4554,10.);
#1163=VECTOR('',#4559,10.);
#1164=VECTOR('',#4560,10.);
#1165=VECTOR('',#4561,10.);
#1166=VECTOR('',#4562,10.);
#1167=VECTOR('',#4563,10.);
#1168=VECTOR('',#4564,10.);
#1169=VECTOR('',#4565,10.);
#1170=VECTOR('',#4568,10.);
#1171=VECTOR('',#4569,10.);
#1172=VECTOR('',#4572,10.);
#1173=VECTOR('',#4577,10.);
#1174=VECTOR('',#4580,10.);
#1175=VECTOR('',#4581,10.);
#1176=VECTOR('',#4584,10.);
#1177=VECTOR('',#4585,10.);
#1178=VECTOR('',#4588,10.);
#1179=VECTOR('',#4591,10.);
#1180=VECTOR('',#4594,10.);
#1181=CIRCLE('',#3441,0.5);
#1182=CIRCLE('',#3443,0.5);
#1183=CIRCLE('',#3451,0.5);
#1184=CIRCLE('',#3453,0.5);
#1185=CIRCLE('',#3461,0.5);
#1186=CIRCLE('',#3463,0.5);
#1187=CIRCLE('',#3471,0.5);
#1188=CIRCLE('',#3473,0.5);
#1189=CIRCLE('',#3481,0.5);
#1190=CIRCLE('',#3483,0.5);
#1191=CIRCLE('',#3491,0.5);
#1192=CIRCLE('',#3493,0.5);
#1193=CIRCLE('',#3500,0.0999848988597773);
#1194=CIRCLE('',#3501,0.1);
#1195=CIRCLE('',#3502,0.1);
#1196=CIRCLE('',#3503,0.0999848988597773);
#1197=CIRCLE('',#3504,0.1);
#1198=CIRCLE('',#3505,0.1);
#1199=CIRCLE('',#3506,0.1);
#1200=CIRCLE('',#3507,0.0999848988597779);
#1201=CIRCLE('',#3508,0.0999848988597779);
#1202=CIRCLE('',#3509,0.1);
#1203=CIRCLE('',#3510,0.1);
#1204=CIRCLE('',#3511,0.0999848988597779);
#1205=CIRCLE('',#3512,0.1);
#1206=CIRCLE('',#3513,0.1);
#1207=CIRCLE('',#3514,0.0999848988597779);
#1208=CIRCLE('',#3515,0.0999848988597779);
#1209=CIRCLE('',#3516,0.1);
#1210=CIRCLE('',#3517,0.1);
#1211=CIRCLE('',#3518,0.0999848988597779);
#1212=CIRCLE('',#3519,0.1);
#1213=CIRCLE('',#3520,0.0999848988597773);
#1214=CIRCLE('',#3521,0.1);
#1215=CIRCLE('',#3522,0.1);
#1216=CIRCLE('',#3523,0.0999848988597773);
#1217=CIRCLE('',#3524,0.1);
#1218=CIRCLE('',#3525,0.1);
#1219=CIRCLE('',#3526,0.0999848988597796);
#1220=CIRCLE('',#3527,0.1);
#1221=CIRCLE('',#3528,0.1);
#1222=CIRCLE('',#3529,0.0999848988597796);
#1223=CIRCLE('',#3530,0.0999848988597775);
#1224=CIRCLE('',#3531,0.1);
#1225=CIRCLE('',#3532,0.1);
#1226=CIRCLE('',#3533,0.0999848988597775);
#1227=CIRCLE('',#3534,0.0999848988597773);
#1228=CIRCLE('',#3535,0.1);
#1229=CIRCLE('',#3536,0.0999848988597773);
#1230=CIRCLE('',#3537,0.1);
#1231=CIRCLE('',#3538,0.1);
#1232=CIRCLE('',#3539,0.0999848988597773);
#1233=CIRCLE('',#3540,0.0999848988597779);
#1234=CIRCLE('',#3541,0.1);
#1235=CIRCLE('',#3542,0.1);
#1236=CIRCLE('',#3543,0.0999848988597779);
#1237=CIRCLE('',#3544,0.0999848988597773);
#1238=CIRCLE('',#3545,0.1);
#1239=CIRCLE('',#3546,0.0999848988597773);
#1240=CIRCLE('',#3547,0.1);
#1241=CIRCLE('',#3548,0.1);
#1242=CIRCLE('',#3549,0.0999848988597773);
#1243=CIRCLE('',#3550,0.0999848988597779);
#1244=CIRCLE('',#3551,0.1);
#1245=CIRCLE('',#3552,0.1);
#1246=CIRCLE('',#3553,0.0999848988597779);
#1247=CIRCLE('',#3554,0.0999848988597773);
#1248=CIRCLE('',#3555,0.1);
#1249=CIRCLE('',#3556,0.0999848988597773);
#1250=CIRCLE('',#3557,0.1);
#1251=CIRCLE('',#3558,0.1);
#1252=CIRCLE('',#3559,0.0999848988597773);
#1253=CIRCLE('',#3560,0.0999848988597779);
#1254=CIRCLE('',#3561,0.1);
#1255=CIRCLE('',#3562,0.1);
#1256=CIRCLE('',#3563,0.0999848988597779);
#1257=CIRCLE('',#3564,0.0999848988597773);
#1258=CIRCLE('',#3565,0.1);
#1259=CIRCLE('',#3566,0.0999848988597773);
#1260=CIRCLE('',#3567,0.1);
#1261=CIRCLE('',#3568,0.1);
#1262=CIRCLE('',#3569,0.0999848988597773);
#1263=CIRCLE('',#3570,0.0999848988597779);
#1264=CIRCLE('',#3571,0.1);
#1265=CIRCLE('',#3572,0.1);
#1266=CIRCLE('',#3573,0.0999848988597779);
#1267=CIRCLE('',#3574,0.0999848988597773);
#1268=CIRCLE('',#3575,0.1);
#1269=CIRCLE('',#3576,0.0999848988597773);
#1270=CIRCLE('',#3577,0.1);
#1271=CIRCLE('',#3578,0.1);
#1272=CIRCLE('',#3579,0.0999848988597773);
#1273=CIRCLE('',#3580,0.1);
#1274=CIRCLE('',#3581,0.1);
#1275=CIRCLE('',#3582,0.0999848988597796);
#1276=CIRCLE('',#3583,0.1);
#1277=CIRCLE('',#3584,0.1);
#1278=CIRCLE('',#3585,0.0999848988597796);
#1279=CIRCLE('',#3586,0.0999848988597775);
#1280=CIRCLE('',#3587,0.1);
#1281=CIRCLE('',#3588,0.1);
#1282=CIRCLE('',#3589,0.0999848988597775);
#1283=CIRCLE('',#3590,0.0999848988597773);
#1284=CIRCLE('',#3591,0.1);
#1285=CIRCLE('',#3592,0.1);
#1286=CIRCLE('',#3593,0.0999848988597779);
#1287=CIRCLE('',#3594,0.0999848988597779);
#1288=CIRCLE('',#3595,0.1);
#1289=CIRCLE('',#3596,0.1);
#1290=CIRCLE('',#3597,0.0999848988597779);
#1291=CIRCLE('',#3598,0.1);
#1292=CIRCLE('',#3599,0.1);
#1293=CIRCLE('',#3602,0.1);
#1294=CIRCLE('',#3603,0.0999848988597773);
#1295=CIRCLE('',#3605,0.1);
#1296=CIRCLE('',#3606,0.0999848988597779);
#1297=CIRCLE('',#3607,0.1);
#1298=CIRCLE('',#3608,0.0999848988597773);
#1299=CIRCLE('',#3612,0.1);
#1300=CIRCLE('',#3613,0.0999848988597773);
#1301=CIRCLE('',#3614,0.1);
#1302=CIRCLE('',#3615,0.0999848988597773);
#1303=CIRCLE('',#3617,0.1);
#1304=CIRCLE('',#3618,0.0999848988597773);
#1305=CIRCLE('',#3619,0.1);
#1306=CIRCLE('',#3620,0.0999848988597773);
#1307=CIRCLE('',#3637,0.1);
#1308=CIRCLE('',#3638,0.0999848988597779);
#1309=CIRCLE('',#3639,0.1);
#1310=CIRCLE('',#3640,0.1);
#1311=CIRCLE('',#3642,0.1);
#1312=CIRCLE('',#3643,0.0999848988597779);
#1313=CIRCLE('',#3683,0.600000000000001);
#1314=CIRCLE('',#3684,0.6);
#1315=CIRCLE('',#3686,0.6);
#1316=CIRCLE('',#3687,1.5);
#1317=CIRCLE('',#3688,0.9);
#1318=CIRCLE('',#3690,0.6);
#1319=CIRCLE('',#3692,0.6);
#1320=CIRCLE('',#3693,1.5);
#1321=CIRCLE('',#3694,0.9);
#1322=CIRCLE('',#3696,0.6);
#1323=CIRCLE('',#3698,0.6);
#1324=CIRCLE('',#3699,1.5);
#1325=CIRCLE('',#3700,0.9);
#1326=CIRCLE('',#3702,0.6);
#1327=CIRCLE('',#3704,1.5);
#1328=CIRCLE('',#3705,0.9);
#1329=CIRCLE('',#3707,1.5);
#1330=CIRCLE('',#3710,1.5);
#1331=CIRCLE('',#3714,1.5);
#1332=CIRCLE('',#3717,1.5);
#1333=VERTEX_POINT('',#4602);
#1334=VERTEX_POINT('',#4603);
#1335=VERTEX_POINT('',#4605);
#1336=VERTEX_POINT('',#4607);
#1337=VERTEX_POINT('',#4611);
#1338=VERTEX_POINT('',#4613);
#1339=VERTEX_POINT('',#4617);
#1340=VERTEX_POINT('',#4619);
#1341=VERTEX_POINT('',#4623);
#1342=VERTEX_POINT('',#4625);
#1343=VERTEX_POINT('',#4629);
#1344=VERTEX_POINT('',#4633);
#1345=VERTEX_POINT('',#4640);
#1346=VERTEX_POINT('',#4641);
#1347=VERTEX_POINT('',#4643);
#1348=VERTEX_POINT('',#4645);
#1349=VERTEX_POINT('',#4649);
#1350=VERTEX_POINT('',#4651);
#1351=VERTEX_POINT('',#4655);
#1352=VERTEX_POINT('',#4657);
#1353=VERTEX_POINT('',#4659);
#1354=VERTEX_POINT('',#4663);
#1355=VERTEX_POINT('',#4667);
#1356=VERTEX_POINT('',#4671);
#1357=VERTEX_POINT('',#4678);
#1358=VERTEX_POINT('',#4679);
#1359=VERTEX_POINT('',#4681);
#1360=VERTEX_POINT('',#4683);
#1361=VERTEX_POINT('',#4687);
#1362=VERTEX_POINT('',#4689);
#1363=VERTEX_POINT('',#4693);
#1364=VERTEX_POINT('',#4695);
#1365=VERTEX_POINT('',#4697);
#1366=VERTEX_POINT('',#4701);
#1367=VERTEX_POINT('',#4702);
#1368=VERTEX_POINT('',#4707);
#1369=VERTEX_POINT('',#4716);
#1370=VERTEX_POINT('',#4717);
#1371=VERTEX_POINT('',#4719);
#1372=VERTEX_POINT('',#4721);
#1373=VERTEX_POINT('',#4725);
#1374=VERTEX_POINT('',#4727);
#1375=VERTEX_POINT('',#4731);
#1376=VERTEX_POINT('',#4733);
#1377=VERTEX_POINT('',#4735);
#1378=VERTEX_POINT('',#4739);
#1379=VERTEX_POINT('',#4740);
#1380=VERTEX_POINT('',#4745);
#1381=VERTEX_POINT('',#4754);
#1382=VERTEX_POINT('',#4755);
#1383=VERTEX_POINT('',#4757);
#1384=VERTEX_POINT('',#4759);
#1385=VERTEX_POINT('',#4763);
#1386=VERTEX_POINT('',#4765);
#1387=VERTEX_POINT('',#4769);
#1388=VERTEX_POINT('',#4771);
#1389=VERTEX_POINT('',#4773);
#1390=VERTEX_POINT('',#4777);
#1391=VERTEX_POINT('',#4778);
#1392=VERTEX_POINT('',#4783);
#1393=VERTEX_POINT('',#4792);
#1394=VERTEX_POINT('',#4793);
#1395=VERTEX_POINT('',#4795);
#1396=VERTEX_POINT('',#4797);
#1397=VERTEX_POINT('',#4801);
#1398=VERTEX_POINT('',#4803);
#1399=VERTEX_POINT('',#4807);
#1400=VERTEX_POINT('',#4809);
#1401=VERTEX_POINT('',#4811);
#1402=VERTEX_POINT('',#4815);
#1403=VERTEX_POINT('',#4816);
#1404=VERTEX_POINT('',#4821);
#1405=VERTEX_POINT('',#4865);
#1406=VERTEX_POINT('',#4866);
#1407=VERTEX_POINT('',#4873);
#1408=VERTEX_POINT('',#4880);
#1409=VERTEX_POINT('',#4919);
#1410=VERTEX_POINT('',#4926);
#1411=VERTEX_POINT('',#5002);
#1412=VERTEX_POINT('',#5046);
#1413=VERTEX_POINT('',#5047);
#1414=VERTEX_POINT('',#5054);
#1415=VERTEX_POINT('',#5061);
#1416=VERTEX_POINT('',#5100);
#1417=VERTEX_POINT('',#5107);
#1418=VERTEX_POINT('',#5146);
#1419=VERTEX_POINT('',#5153);
#1420=VERTEX_POINT('',#5229);
#1421=VERTEX_POINT('',#5230);
#1422=VERTEX_POINT('',#5237);
#1423=VERTEX_POINT('',#5244);
#1424=VERTEX_POINT('',#5283);
#1425=VERTEX_POINT('',#5290);
#1426=VERTEX_POINT('',#5329);
#1427=VERTEX_POINT('',#5336);
#1428=VERTEX_POINT('',#5412);
#1429=VERTEX_POINT('',#5413);
#1430=VERTEX_POINT('',#5420);
#1431=VERTEX_POINT('',#5427);
#1432=VERTEX_POINT('',#5466);
#1433=VERTEX_POINT('',#5473);
#1434=VERTEX_POINT('',#5549);
#1435=VERTEX_POINT('',#5593);
#1436=VERTEX_POINT('',#5594);
#1437=VERTEX_POINT('',#5601);
#1438=VERTEX_POINT('',#5608);
#1439=VERTEX_POINT('',#5647);
#1440=VERTEX_POINT('',#5654);
#1441=VERTEX_POINT('',#5693);
#1442=VERTEX_POINT('',#5700);
#1443=VERTEX_POINT('',#5739);
#1444=VERTEX_POINT('',#5746);
#1445=VERTEX_POINT('',#5785);
#1446=VERTEX_POINT('',#5792);
#1447=VERTEX_POINT('',#5831);
#1448=VERTEX_POINT('',#5832);
#1449=VERTEX_POINT('',#5839);
#1450=VERTEX_POINT('',#5846);
#1451=VERTEX_POINT('',#5885);
#1452=VERTEX_POINT('',#5892);
#1453=VERTEX_POINT('',#5931);
#1454=VERTEX_POINT('',#5938);
#1455=VERTEX_POINT('',#5977);
#1456=VERTEX_POINT('',#5984);
#1457=VERTEX_POINT('',#6023);
#1458=VERTEX_POINT('',#6030);
#1459=VERTEX_POINT('',#6069);
#1460=VERTEX_POINT('',#6070);
#1461=VERTEX_POINT('',#6077);
#1462=VERTEX_POINT('',#6084);
#1463=VERTEX_POINT('',#6123);
#1464=VERTEX_POINT('',#6130);
#1465=VERTEX_POINT('',#6169);
#1466=VERTEX_POINT('',#6176);
#1467=VERTEX_POINT('',#6215);
#1468=VERTEX_POINT('',#6222);
#1469=VERTEX_POINT('',#6261);
#1470=VERTEX_POINT('',#6268);
#1471=VERTEX_POINT('',#6307);
#1472=VERTEX_POINT('',#6308);
#1473=VERTEX_POINT('',#6315);
#1474=VERTEX_POINT('',#6322);
#1475=VERTEX_POINT('',#6361);
#1476=VERTEX_POINT('',#6368);
#1477=VERTEX_POINT('',#6407);
#1478=VERTEX_POINT('',#6414);
#1479=VERTEX_POINT('',#6453);
#1480=VERTEX_POINT('',#6460);
#1481=VERTEX_POINT('',#6499);
#1482=VERTEX_POINT('',#6506);
#1483=VERTEX_POINT('',#6545);
#1484=VERTEX_POINT('',#6546);
#1485=VERTEX_POINT('',#6553);
#1486=VERTEX_POINT('',#6560);
#1487=VERTEX_POINT('',#6599);
#1488=VERTEX_POINT('',#6606);
#1489=VERTEX_POINT('',#6645);
#1490=VERTEX_POINT('',#6652);
#1491=VERTEX_POINT('',#6691);
#1492=VERTEX_POINT('',#6698);
#1493=VERTEX_POINT('',#6737);
#1494=VERTEX_POINT('',#6744);
#1495=VERTEX_POINT('',#6783);
#1496=VERTEX_POINT('',#6784);
#1497=VERTEX_POINT('',#6791);
#1498=VERTEX_POINT('',#6798);
#1499=VERTEX_POINT('',#6837);
#1500=VERTEX_POINT('',#6844);
#1501=VERTEX_POINT('',#6920);
#1502=VERTEX_POINT('',#6964);
#1503=VERTEX_POINT('',#6965);
#1504=VERTEX_POINT('',#6972);
#1505=VERTEX_POINT('',#6979);
#1506=VERTEX_POINT('',#7018);
#1507=VERTEX_POINT('',#7025);
#1508=VERTEX_POINT('',#7064);
#1509=VERTEX_POINT('',#7071);
#1510=VERTEX_POINT('',#7110);
#1511=VERTEX_POINT('',#7117);
#1512=VERTEX_POINT('',#7156);
#1513=VERTEX_POINT('',#7163);
#1514=VERTEX_POINT('',#7202);
#1515=VERTEX_POINT('',#7203);
#1516=VERTEX_POINT('',#7210);
#1517=VERTEX_POINT('',#7217);
#1518=VERTEX_POINT('',#7256);
#1519=VERTEX_POINT('',#7263);
#1520=VERTEX_POINT('',#7302);
#1521=VERTEX_POINT('',#7309);
#1522=VERTEX_POINT('',#7387);
#1523=VERTEX_POINT('',#7389);
#1524=VERTEX_POINT('',#7428);
#1525=VERTEX_POINT('',#7470);
#1526=VERTEX_POINT('',#7509);
#1527=VERTEX_POINT('',#7516);
#1528=VERTEX_POINT('',#7518);
#1529=VERTEX_POINT('',#7557);
#1530=VERTEX_POINT('',#7596);
#1531=VERTEX_POINT('',#7638);
#1532=VERTEX_POINT('',#7677);
#1533=VERTEX_POINT('',#7684);
#1534=VERTEX_POINT('',#7686);
#1535=VERTEX_POINT('',#7696);
#1536=VERTEX_POINT('',#7698);
#1537=VERTEX_POINT('',#7708);
#1538=VERTEX_POINT('',#7716);
#1539=VERTEX_POINT('',#7760);
#1540=VERTEX_POINT('',#7876);
#1541=VERTEX_POINT('',#7898);
#1542=VERTEX_POINT('',#7904);
#1543=VERTEX_POINT('',#7914);
#1544=VERTEX_POINT('',#7915);
#1545=VERTEX_POINT('',#7917);
#1546=VERTEX_POINT('',#7919);
#1547=VERTEX_POINT('',#7923);
#1548=VERTEX_POINT('',#7925);
#1549=VERTEX_POINT('',#7929);
#1550=VERTEX_POINT('',#7931);
#1551=VERTEX_POINT('',#7938);
#1552=VERTEX_POINT('',#7939);
#1553=VERTEX_POINT('',#7941);
#1554=VERTEX_POINT('',#7943);
#1555=VERTEX_POINT('',#7947);
#1556=VERTEX_POINT('',#7949);
#1557=VERTEX_POINT('',#7953);
#1558=VERTEX_POINT('',#7955);
#1559=VERTEX_POINT('',#7962);
#1560=VERTEX_POINT('',#7963);
#1561=VERTEX_POINT('',#7965);
#1562=VERTEX_POINT('',#7967);
#1563=VERTEX_POINT('',#7971);
#1564=VERTEX_POINT('',#7973);
#1565=VERTEX_POINT('',#7977);
#1566=VERTEX_POINT('',#7979);
#1567=VERTEX_POINT('',#7986);
#1568=VERTEX_POINT('',#7987);
#1569=VERTEX_POINT('',#7989);
#1570=VERTEX_POINT('',#7991);
#1571=VERTEX_POINT('',#7995);
#1572=VERTEX_POINT('',#7997);
#1573=VERTEX_POINT('',#8001);
#1574=VERTEX_POINT('',#8003);
#1575=VERTEX_POINT('',#8010);
#1576=VERTEX_POINT('',#8011);
#1577=VERTEX_POINT('',#8013);
#1578=VERTEX_POINT('',#8015);
#1579=VERTEX_POINT('',#8019);
#1580=VERTEX_POINT('',#8021);
#1581=VERTEX_POINT('',#8025);
#1582=VERTEX_POINT('',#8027);
#1583=VERTEX_POINT('',#8034);
#1584=VERTEX_POINT('',#8035);
#1585=VERTEX_POINT('',#8037);
#1586=VERTEX_POINT('',#8039);
#1587=VERTEX_POINT('',#8043);
#1588=VERTEX_POINT('',#8045);
#1589=VERTEX_POINT('',#8049);
#1590=VERTEX_POINT('',#8051);
#1591=VERTEX_POINT('',#8058);
#1592=VERTEX_POINT('',#8059);
#1593=VERTEX_POINT('',#8061);
#1594=VERTEX_POINT('',#8063);
#1595=VERTEX_POINT('',#8067);
#1596=VERTEX_POINT('',#8068);
#1597=VERTEX_POINT('',#8073);
#1598=VERTEX_POINT('',#8074);
#1599=VERTEX_POINT('',#8079);
#1600=VERTEX_POINT('',#8080);
#1601=VERTEX_POINT('',#8085);
#1602=VERTEX_POINT('',#8086);
#1603=VERTEX_POINT('',#8091);
#1604=VERTEX_POINT('',#8092);
#1605=VERTEX_POINT('',#8097);
#1606=VERTEX_POINT('',#8098);
#1607=VERTEX_POINT('',#8106);
#1608=VERTEX_POINT('',#8108);
#1609=VERTEX_POINT('',#8112);
#1610=VERTEX_POINT('',#8114);
#1611=VERTEX_POINT('',#8116);
#1612=VERTEX_POINT('',#8118);
#1613=VERTEX_POINT('',#8120);
#1614=VERTEX_POINT('',#8124);
#1615=VERTEX_POINT('',#8128);
#1616=VERTEX_POINT('',#8133);
#1617=VERTEX_POINT('',#8135);
#1618=VERTEX_POINT('',#8137);
#1619=VERTEX_POINT('',#8139);
#1620=VERTEX_POINT('',#8141);
#1621=VERTEX_POINT('',#8143);
#1622=VERTEX_POINT('',#8147);
#1623=VERTEX_POINT('',#8151);
#1624=VERTEX_POINT('',#8153);
#1625=VERTEX_POINT('',#8155);
#1626=VERTEX_POINT('',#8157);
#1627=VERTEX_POINT('',#8159);
#1628=VERTEX_POINT('',#8161);
#1629=VERTEX_POINT('',#8167);
#1630=VERTEX_POINT('',#8169);
#1631=VERTEX_POINT('',#8175);
#1632=VERTEX_POINT('',#8177);
#1633=VERTEX_POINT('',#8179);
#1634=VERTEX_POINT('',#8181);
#1635=VERTEX_POINT('',#8183);
#1636=VERTEX_POINT('',#8185);
#1637=VERTEX_POINT('',#8197);
#1638=VERTEX_POINT('',#8201);
#1639=EDGE_CURVE('',#1333,#1334,#1181,.T.);
#1640=EDGE_CURVE('',#1335,#1333,#629,.T.);
#1641=EDGE_CURVE('',#1336,#1335,#630,.T.);
#1642=EDGE_CURVE('',#1334,#1336,#631,.T.);
#1643=EDGE_CURVE('',#1334,#1337,#632,.T.);
#1644=EDGE_CURVE('',#1337,#1338,#1182,.T.);
#1645=EDGE_CURVE('',#1338,#1333,#633,.T.);
#1646=EDGE_CURVE('',#1335,#1339,#634,.T.);
#1647=EDGE_CURVE('',#1339,#1340,#635,.T.);
#1648=EDGE_CURVE('',#1340,#1336,#636,.T.);
#1649=EDGE_CURVE('',#1341,#1340,#637,.T.);
#1650=EDGE_CURVE('',#1342,#1341,#638,.T.);
#1651=EDGE_CURVE('',#1342,#1337,#639,.T.);
#1652=EDGE_CURVE('',#1339,#1343,#640,.T.);
#1653=EDGE_CURVE('',#1341,#1343,#641,.T.);
#1654=EDGE_CURVE('',#1343,#1344,#642,.T.);
#1655=EDGE_CURVE('',#1344,#1342,#643,.T.);
#1656=EDGE_CURVE('',#1338,#1344,#644,.T.);
#1657=EDGE_CURVE('',#1345,#1346,#1183,.T.);
#1658=EDGE_CURVE('',#1347,#1345,#645,.T.);
#1659=EDGE_CURVE('',#1348,#1347,#646,.T.);
#1660=EDGE_CURVE('',#1346,#1348,#647,.T.);
#1661=EDGE_CURVE('',#1346,#1349,#648,.T.);
#1662=EDGE_CURVE('',#1349,#1350,#1184,.T.);
#1663=EDGE_CURVE('',#1350,#1345,#649,.T.);
#1664=EDGE_CURVE('',#1351,#1350,#650,.T.);
#1665=EDGE_CURVE('',#1352,#1351,#651,.T.);
#1666=EDGE_CURVE('',#1353,#1352,#652,.T.);
#1667=EDGE_CURVE('',#1347,#1353,#653,.T.);
#1668=EDGE_CURVE('',#1349,#1354,#654,.T.);
#1669=EDGE_CURVE('',#1351,#1354,#655,.T.);
#1670=EDGE_CURVE('',#1354,#1355,#656,.T.);
#1671=EDGE_CURVE('',#1355,#1352,#657,.T.);
#1672=EDGE_CURVE('',#1353,#1356,#658,.T.);
#1673=EDGE_CURVE('',#1356,#1348,#659,.T.);
#1674=EDGE_CURVE('',#1355,#1356,#660,.T.);
#1675=EDGE_CURVE('',#1357,#1358,#1185,.T.);
#1676=EDGE_CURVE('',#1359,#1357,#661,.T.);
#1677=EDGE_CURVE('',#1360,#1359,#662,.T.);
#1678=EDGE_CURVE('',#1358,#1360,#663,.T.);
#1679=EDGE_CURVE('',#1358,#1361,#664,.T.);
#1680=EDGE_CURVE('',#1361,#1362,#1186,.T.);
#1681=EDGE_CURVE('',#1362,#1357,#665,.T.);
#1682=EDGE_CURVE('',#1362,#1363,#666,.T.);
#1683=EDGE_CURVE('',#1364,#1363,#667,.T.);
#1684=EDGE_CURVE('',#1365,#1364,#668,.T.);
#1685=EDGE_CURVE('',#1359,#1365,#669,.T.);
#1686=EDGE_CURVE('',#1366,#1367,#670,.T.);
#1687=EDGE_CURVE('',#1367,#1364,#671,.T.);
#1688=EDGE_CURVE('',#1363,#1366,#672,.T.);
#1689=EDGE_CURVE('',#1367,#1368,#673,.T.);
#1690=EDGE_CURVE('',#1365,#1368,#674,.T.);
#1691=EDGE_CURVE('',#1368,#1360,#675,.T.);
#1692=EDGE_CURVE('',#1366,#1361,#676,.T.);
#1693=EDGE_CURVE('',#1369,#1370,#1187,.T.);
#1694=EDGE_CURVE('',#1371,#1369,#677,.T.);
#1695=EDGE_CURVE('',#1372,#1371,#678,.T.);
#1696=EDGE_CURVE('',#1370,#1372,#679,.T.);
#1697=EDGE_CURVE('',#1370,#1373,#680,.T.);
#1698=EDGE_CURVE('',#1373,#1374,#1188,.T.);
#1699=EDGE_CURVE('',#1374,#1369,#681,.T.);
#1700=EDGE_CURVE('',#1374,#1375,#682,.T.);
#1701=EDGE_CURVE('',#1376,#1375,#683,.T.);
#1702=EDGE_CURVE('',#1377,#1376,#684,.T.);
#1703=EDGE_CURVE('',#1371,#1377,#685,.T.);
#1704=EDGE_CURVE('',#1378,#1379,#686,.T.);
#1705=EDGE_CURVE('',#1379,#1376,#687,.T.);
#1706=EDGE_CURVE('',#1375,#1378,#688,.T.);
#1707=EDGE_CURVE('',#1379,#1380,#689,.T.);
#1708=EDGE_CURVE('',#1377,#1380,#690,.T.);
#1709=EDGE_CURVE('',#1380,#1372,#691,.T.);
#1710=EDGE_CURVE('',#1378,#1373,#692,.T.);
#1711=EDGE_CURVE('',#1381,#1382,#1189,.T.);
#1712=EDGE_CURVE('',#1383,#1381,#693,.T.);
#1713=EDGE_CURVE('',#1384,#1383,#694,.T.);
#1714=EDGE_CURVE('',#1382,#1384,#695,.T.);
#1715=EDGE_CURVE('',#1382,#1385,#696,.T.);
#1716=EDGE_CURVE('',#1385,#1386,#1190,.T.);
#1717=EDGE_CURVE('',#1386,#1381,#697,.T.);
#1718=EDGE_CURVE('',#1386,#1387,#698,.T.);
#1719=EDGE_CURVE('',#1388,#1387,#699,.T.);
#1720=EDGE_CURVE('',#1389,#1388,#700,.T.);
#1721=EDGE_CURVE('',#1383,#1389,#701,.T.);
#1722=EDGE_CURVE('',#1390,#1391,#702,.T.);
#1723=EDGE_CURVE('',#1391,#1388,#703,.T.);
#1724=EDGE_CURVE('',#1387,#1390,#704,.T.);
#1725=EDGE_CURVE('',#1391,#1392,#705,.T.);
#1726=EDGE_CURVE('',#1389,#1392,#706,.T.);
#1727=EDGE_CURVE('',#1392,#1384,#707,.T.);
#1728=EDGE_CURVE('',#1390,#1385,#708,.T.);
#1729=EDGE_CURVE('',#1393,#1394,#1191,.T.);
#1730=EDGE_CURVE('',#1395,#1393,#709,.T.);
#1731=EDGE_CURVE('',#1396,#1395,#710,.T.);
#1732=EDGE_CURVE('',#1394,#1396,#711,.T.);
#1733=EDGE_CURVE('',#1394,#1397,#712,.T.);
#1734=EDGE_CURVE('',#1397,#1398,#1192,.T.);
#1735=EDGE_CURVE('',#1398,#1393,#713,.T.);
#1736=EDGE_CURVE('',#1398,#1399,#714,.T.);
#1737=EDGE_CURVE('',#1400,#1399,#715,.T.);
#1738=EDGE_CURVE('',#1401,#1400,#716,.T.);
#1739=EDGE_CURVE('',#1395,#1401,#717,.T.);
#1740=EDGE_CURVE('',#1402,#1403,#718,.T.);
#1741=EDGE_CURVE('',#1403,#1400,#719,.T.);
#1742=EDGE_CURVE('',#1399,#1402,#720,.T.);
#1743=EDGE_CURVE('',#1403,#1404,#721,.T.);
#1744=EDGE_CURVE('',#1401,#1404,#722,.T.);
#1745=EDGE_CURVE('',#1404,#1396,#723,.T.);
#1746=EDGE_CURVE('',#1402,#1397,#724,.T.);
#1747=EDGE_CURVE('',#1405,#1406,#37,.T.);
#1748=EDGE_CURVE('',#1405,#1407,#38,.T.);
#1749=EDGE_CURVE('',#1407,#1408,#1193,.T.);
#1750=EDGE_CURVE('',#1406,#1408,#1194,.T.);
#1751=EDGE_CURVE('',#1405,#1409,#39,.T.);
#1752=EDGE_CURVE('',#1410,#1409,#1195,.T.);
#1753=EDGE_CURVE('',#1410,#1407,#1196,.T.);
#1754=EDGE_CURVE('',#1409,#1405,#1197,.T.);
#1755=EDGE_CURVE('',#1405,#1411,#40,.T.);
#1756=EDGE_CURVE('',#1411,#1405,#1198,.F.);
#1757=EDGE_CURVE('',#1412,#1413,#41,.T.);
#1758=EDGE_CURVE('',#1412,#1414,#42,.T.);
#1759=EDGE_CURVE('',#1415,#1414,#1199,.T.);
#1760=EDGE_CURVE('',#1415,#1413,#1200,.T.);
#1761=EDGE_CURVE('',#1412,#1416,#43,.T.);
#1762=EDGE_CURVE('',#1416,#1417,#1201,.T.);
#1763=EDGE_CURVE('',#1414,#1417,#1202,.T.);
#1764=EDGE_CURVE('',#1412,#1418,#44,.T.);
#1765=EDGE_CURVE('',#1419,#1418,#1203,.T.);
#1766=EDGE_CURVE('',#1419,#1416,#1204,.T.);
#1767=EDGE_CURVE('',#1418,#1412,#1205,.T.);
#1768=EDGE_CURVE('',#1420,#1421,#45,.T.);
#1769=EDGE_CURVE('',#1420,#1422,#46,.T.);
#1770=EDGE_CURVE('',#1423,#1422,#1206,.T.);
#1771=EDGE_CURVE('',#1423,#1421,#1207,.T.);
#1772=EDGE_CURVE('',#1420,#1424,#47,.T.);
#1773=EDGE_CURVE('',#1424,#1425,#1208,.T.);
#1774=EDGE_CURVE('',#1422,#1425,#1209,.T.);
#1775=EDGE_CURVE('',#1420,#1426,#48,.T.);
#1776=EDGE_CURVE('',#1427,#1426,#1210,.T.);
#1777=EDGE_CURVE('',#1427,#1424,#1211,.T.);
#1778=EDGE_CURVE('',#1426,#1420,#1212,.T.);
#1779=EDGE_CURVE('',#1428,#1429,#49,.T.);
#1780=EDGE_CURVE('',#1428,#1430,#50,.T.);
#1781=EDGE_CURVE('',#1430,#1431,#1213,.T.);
#1782=EDGE_CURVE('',#1429,#1431,#1214,.T.);
#1783=EDGE_CURVE('',#1428,#1432,#51,.T.);
#1784=EDGE_CURVE('',#1433,#1432,#1215,.T.);
#1785=EDGE_CURVE('',#1433,#1430,#1216,.T.);
#1786=EDGE_CURVE('',#1432,#1428,#1217,.T.);
#1787=EDGE_CURVE('',#1428,#1434,#52,.T.);
#1788=EDGE_CURVE('',#1434,#1428,#1218,.F.);
#1789=EDGE_CURVE('',#1435,#1436,#53,.T.);
#1790=EDGE_CURVE('',#1435,#1437,#54,.T.);
#1791=EDGE_CURVE('',#1437,#1438,#1219,.T.);
#1792=EDGE_CURVE('',#1436,#1438,#1220,.T.);
#1793=EDGE_CURVE('',#1435,#1439,#55,.T.);
#1794=EDGE_CURVE('',#1439,#1440,#1221,.F.);
#1795=EDGE_CURVE('',#1440,#1437,#1222,.T.);
#1796=EDGE_CURVE('',#1435,#1441,#56,.T.);
#1797=EDGE_CURVE('',#1441,#1442,#1223,.T.);
#1798=EDGE_CURVE('',#1442,#1439,#1224,.F.);
#1799=EDGE_CURVE('',#1435,#1443,#57,.T.);
#1800=EDGE_CURVE('',#1444,#1443,#1225,.T.);
#1801=EDGE_CURVE('',#1444,#1441,#1226,.T.);
#1802=EDGE_CURVE('',#1435,#1445,#58,.T.);
#1803=EDGE_CURVE('',#1445,#1446,#1227,.T.);
#1804=EDGE_CURVE('',#1443,#1446,#1228,.T.);
#1805=EDGE_CURVE('',#1447,#1448,#59,.T.);
#1806=EDGE_CURVE('',#1447,#1449,#60,.T.);
#1807=EDGE_CURVE('',#1449,#1450,#1229,.T.);
#1808=EDGE_CURVE('',#1448,#1450,#1230,.T.);
#1809=EDGE_CURVE('',#1447,#1451,#61,.T.);
#1810=EDGE_CURVE('',#1451,#1452,#1231,.F.);
#1811=EDGE_CURVE('',#1452,#1449,#1232,.T.);
#1812=EDGE_CURVE('',#1447,#1453,#62,.T.);
#1813=EDGE_CURVE('',#1453,#1454,#1233,.T.);
#1814=EDGE_CURVE('',#1454,#1451,#1234,.F.);
#1815=EDGE_CURVE('',#1447,#1455,#63,.T.);
#1816=EDGE_CURVE('',#1456,#1455,#1235,.T.);
#1817=EDGE_CURVE('',#1456,#1453,#1236,.T.);
#1818=EDGE_CURVE('',#1447,#1457,#64,.T.);
#1819=EDGE_CURVE('',#1457,#1458,#1237,.T.);
#1820=EDGE_CURVE('',#1455,#1458,#1238,.T.);
#1821=EDGE_CURVE('',#1459,#1460,#65,.T.);
#1822=EDGE_CURVE('',#1459,#1461,#66,.T.);
#1823=EDGE_CURVE('',#1461,#1462,#1239,.T.);
#1824=EDGE_CURVE('',#1460,#1462,#1240,.T.);
#1825=EDGE_CURVE('',#1459,#1463,#67,.T.);
#1826=EDGE_CURVE('',#1463,#1464,#1241,.F.);
#1827=EDGE_CURVE('',#1464,#1461,#1242,.T.);
#1828=EDGE_CURVE('',#1459,#1465,#68,.T.);
#1829=EDGE_CURVE('',#1465,#1466,#1243,.T.);
#1830=EDGE_CURVE('',#1466,#1463,#1244,.F.);
#1831=EDGE_CURVE('',#1459,#1467,#69,.T.);
#1832=EDGE_CURVE('',#1468,#1467,#1245,.T.);
#1833=EDGE_CURVE('',#1468,#1465,#1246,.T.);
#1834=EDGE_CURVE('',#1459,#1469,#70,.T.);
#1835=EDGE_CURVE('',#1469,#1470,#1247,.T.);
#1836=EDGE_CURVE('',#1467,#1470,#1248,.T.);
#1837=EDGE_CURVE('',#1471,#1472,#71,.T.);
#1838=EDGE_CURVE('',#1471,#1473,#72,.T.);
#1839=EDGE_CURVE('',#1473,#1474,#1249,.T.);
#1840=EDGE_CURVE('',#1472,#1474,#1250,.T.);
#1841=EDGE_CURVE('',#1471,#1475,#73,.T.);
#1842=EDGE_CURVE('',#1475,#1476,#1251,.F.);
#1843=EDGE_CURVE('',#1476,#1473,#1252,.T.);
#1844=EDGE_CURVE('',#1471,#1477,#74,.T.);
#1845=EDGE_CURVE('',#1477,#1478,#1253,.T.);
#1846=EDGE_CURVE('',#1478,#1475,#1254,.F.);
#1847=EDGE_CURVE('',#1471,#1479,#75,.T.);
#1848=EDGE_CURVE('',#1480,#1479,#1255,.T.);
#1849=EDGE_CURVE('',#1480,#1477,#1256,.T.);
#1850=EDGE_CURVE('',#1471,#1481,#76,.T.);
#1851=EDGE_CURVE('',#1481,#1482,#1257,.T.);
#1852=EDGE_CURVE('',#1479,#1482,#1258,.T.);
#1853=EDGE_CURVE('',#1483,#1484,#77,.T.);
#1854=EDGE_CURVE('',#1483,#1485,#78,.T.);
#1855=EDGE_CURVE('',#1485,#1486,#1259,.T.);
#1856=EDGE_CURVE('',#1484,#1486,#1260,.T.);
#1857=EDGE_CURVE('',#1483,#1487,#79,.T.);
#1858=EDGE_CURVE('',#1487,#1488,#1261,.F.);
#1859=EDGE_CURVE('',#1488,#1485,#1262,.T.);
#1860=EDGE_CURVE('',#1483,#1489,#80,.T.);
#1861=EDGE_CURVE('',#1489,#1490,#1263,.T.);
#1862=EDGE_CURVE('',#1490,#1487,#1264,.F.);
#1863=EDGE_CURVE('',#1483,#1491,#81,.T.);
#1864=EDGE_CURVE('',#1492,#1491,#1265,.T.);
#1865=EDGE_CURVE('',#1492,#1489,#1266,.T.);
#1866=EDGE_CURVE('',#1483,#1493,#82,.T.);
#1867=EDGE_CURVE('',#1493,#1494,#1267,.T.);
#1868=EDGE_CURVE('',#1491,#1494,#1268,.T.);
#1869=EDGE_CURVE('',#1495,#1496,#83,.T.);
#1870=EDGE_CURVE('',#1495,#1497,#84,.T.);
#1871=EDGE_CURVE('',#1497,#1498,#1269,.T.);
#1872=EDGE_CURVE('',#1496,#1498,#1270,.T.);
#1873=EDGE_CURVE('',#1495,#1499,#85,.T.);
#1874=EDGE_CURVE('',#1500,#1499,#1271,.T.);
#1875=EDGE_CURVE('',#1500,#1497,#1272,.T.);
#1876=EDGE_CURVE('',#1499,#1495,#1273,.T.);
#1877=EDGE_CURVE('',#1495,#1501,#86,.T.);
#1878=EDGE_CURVE('',#1501,#1495,#1274,.F.);
#1879=EDGE_CURVE('',#1502,#1503,#87,.T.);
#1880=EDGE_CURVE('',#1502,#1504,#88,.T.);
#1881=EDGE_CURVE('',#1504,#1505,#1275,.T.);
#1882=EDGE_CURVE('',#1503,#1505,#1276,.T.);
#1883=EDGE_CURVE('',#1502,#1506,#89,.T.);
#1884=EDGE_CURVE('',#1506,#1507,#1277,.F.);
#1885=EDGE_CURVE('',#1507,#1504,#1278,.T.);
#1886=EDGE_CURVE('',#1502,#1508,#90,.T.);
#1887=EDGE_CURVE('',#1508,#1509,#1279,.T.);
#1888=EDGE_CURVE('',#1509,#1506,#1280,.F.);
#1889=EDGE_CURVE('',#1502,#1510,#91,.T.);
#1890=EDGE_CURVE('',#1511,#1510,#1281,.T.);
#1891=EDGE_CURVE('',#1511,#1508,#1282,.T.);
#1892=EDGE_CURVE('',#1502,#1512,#92,.T.);
#1893=EDGE_CURVE('',#1512,#1513,#1283,.T.);
#1894=EDGE_CURVE('',#1510,#1513,#1284,.T.);
#1895=EDGE_CURVE('',#1514,#1515,#93,.T.);
#1896=EDGE_CURVE('',#1514,#1516,#94,.T.);
#1897=EDGE_CURVE('',#1517,#1516,#1285,.T.);
#1898=EDGE_CURVE('',#1517,#1515,#1286,.T.);
#1899=EDGE_CURVE('',#1514,#1518,#95,.T.);
#1900=EDGE_CURVE('',#1518,#1519,#1287,.T.);
#1901=EDGE_CURVE('',#1516,#1519,#1288,.T.);
#1902=EDGE_CURVE('',#1514,#1520,#96,.T.);
#1903=EDGE_CURVE('',#1521,#1520,#1289,.T.);
#1904=EDGE_CURVE('',#1521,#1518,#1290,.T.);
#1905=EDGE_CURVE('',#1520,#1514,#1291,.T.);
#1906=EDGE_CURVE('',#1515,#1514,#1292,.F.);
#1907=EDGE_CURVE('',#1522,#1517,#725,.T.);
#1908=EDGE_CURVE('',#1519,#1523,#726,.T.);
#1909=EDGE_CURVE('',#1523,#1522,#33,.T.);
#1910=EDGE_CURVE('',#1524,#1503,#1293,.T.);
#1911=EDGE_CURVE('',#1524,#1512,#1294,.T.);
#1912=EDGE_CURVE('',#1523,#1524,#727,.T.);
#1913=EDGE_CURVE('',#1505,#1522,#728,.T.);
#1914=EDGE_CURVE('',#1525,#1496,#1295,.T.);
#1915=EDGE_CURVE('',#1525,#1501,#1296,.T.);
#1916=EDGE_CURVE('',#1526,#1484,#1297,.T.);
#1917=EDGE_CURVE('',#1526,#1493,#1298,.T.);
#1918=EDGE_CURVE('',#1513,#1526,#729,.T.);
#1919=EDGE_CURVE('',#1486,#1511,#730,.T.);
#1920=EDGE_CURVE('',#1527,#1492,#731,.T.);
#1921=EDGE_CURVE('',#1494,#1528,#732,.T.);
#1922=EDGE_CURVE('',#1528,#1527,#34,.T.);
#1923=EDGE_CURVE('',#1529,#1472,#1299,.T.);
#1924=EDGE_CURVE('',#1529,#1481,#1300,.T.);
#1925=EDGE_CURVE('',#1530,#1460,#1301,.T.);
#1926=EDGE_CURVE('',#1530,#1469,#1302,.T.);
#1927=EDGE_CURVE('',#1528,#1530,#733,.T.);
#1928=EDGE_CURVE('',#1462,#1527,#734,.T.);
#1929=EDGE_CURVE('',#1531,#1448,#1303,.T.);
#1930=EDGE_CURVE('',#1531,#1457,#1304,.T.);
#1931=EDGE_CURVE('',#1532,#1436,#1305,.T.);
#1932=EDGE_CURVE('',#1532,#1445,#1306,.T.);
#1933=EDGE_CURVE('',#1470,#1532,#735,.T.);
#1934=EDGE_CURVE('',#1438,#1468,#736,.T.);
#1935=EDGE_CURVE('',#1533,#1444,#737,.T.);
#1936=EDGE_CURVE('',#1446,#1534,#738,.T.);
#1937=EDGE_CURVE('',#1534,#1533,#35,.T.);
#1938=EDGE_CURVE('',#1534,#1531,#739,.T.);
#1939=EDGE_CURVE('',#1450,#1533,#740,.T.);
#1940=EDGE_CURVE('',#1458,#1529,#741,.T.);
#1941=EDGE_CURVE('',#1474,#1456,#742,.T.);
#1942=EDGE_CURVE('',#1535,#1480,#743,.T.);
#1943=EDGE_CURVE('',#1482,#1536,#744,.T.);
#1944=EDGE_CURVE('',#1536,#1535,#36,.T.);
#1945=EDGE_CURVE('',#1536,#1500,#745,.T.);
#1946=EDGE_CURVE('',#1495,#1535,#746,.T.);
#1947=EDGE_CURVE('',#1498,#1521,#747,.T.);
#1948=EDGE_CURVE('',#1514,#1525,#748,.T.);
#1949=EDGE_CURVE('',#1537,#1522,#749,.T.);
#1950=EDGE_CURVE('',#1515,#1537,#750,.T.);
#1951=EDGE_CURVE('',#1537,#1507,#751,.T.);
#1952=EDGE_CURVE('',#1509,#1488,#752,.T.);
#1953=EDGE_CURVE('',#1538,#1527,#753,.T.);
#1954=EDGE_CURVE('',#1490,#1538,#754,.T.);
#1955=EDGE_CURVE('',#1538,#1464,#755,.T.);
#1956=EDGE_CURVE('',#1466,#1440,#756,.T.);
#1957=EDGE_CURVE('',#1539,#1429,#1307,.T.);
#1958=EDGE_CURVE('',#1539,#1434,#1308,.T.);
#1959=EDGE_CURVE('',#1421,#1420,#1309,.F.);
#1960=EDGE_CURVE('',#1413,#1412,#1310,.F.);
#1961=EDGE_CURVE('',#1431,#1419,#757,.T.);
#1962=EDGE_CURVE('',#1412,#1539,#758,.T.);
#1963=EDGE_CURVE('',#1540,#1406,#1311,.T.);
#1964=EDGE_CURVE('',#1540,#1411,#1312,.T.);
#1965=EDGE_CURVE('',#1417,#1410,#759,.T.);
#1966=EDGE_CURVE('',#1405,#1415,#760,.T.);
#1967=EDGE_CURVE('',#1408,#1427,#761,.T.);
#1968=EDGE_CURVE('',#1420,#1540,#762,.T.);
#1969=EDGE_CURVE('',#1425,#1433,#763,.T.);
#1970=EDGE_CURVE('',#1428,#1423,#764,.T.);
#1971=EDGE_CURVE('',#1434,#1412,#765,.T.);
#1972=EDGE_CURVE('',#1413,#1405,#766,.T.);
#1973=EDGE_CURVE('',#1411,#1420,#767,.T.);
#1974=EDGE_CURVE('',#1421,#1428,#768,.T.);
#1975=EDGE_CURVE('',#1541,#1452,#769,.T.);
#1976=EDGE_CURVE('',#1541,#1533,#770,.T.);
#1977=EDGE_CURVE('',#1454,#1476,#771,.T.);
#1978=EDGE_CURVE('',#1542,#1535,#772,.T.);
#1979=EDGE_CURVE('',#1478,#1542,#773,.T.);
#1980=EDGE_CURVE('',#1542,#1495,#774,.T.);
#1981=EDGE_CURVE('',#1501,#1514,#775,.T.);
#1982=EDGE_CURVE('',#1442,#1541,#776,.T.);
#1983=EDGE_CURVE('',#1543,#1544,#777,.T.);
#1984=EDGE_CURVE('',#1545,#1543,#778,.T.);
#1985=EDGE_CURVE('',#1546,#1545,#779,.T.);
#1986=EDGE_CURVE('',#1546,#1544,#780,.T.);
#1987=EDGE_CURVE('',#1544,#1547,#781,.T.);
#1988=EDGE_CURVE('',#1548,#1546,#782,.T.);
#1989=EDGE_CURVE('',#1548,#1547,#783,.T.);
#1990=EDGE_CURVE('',#1547,#1549,#784,.T.);
#1991=EDGE_CURVE('',#1550,#1548,#785,.T.);
#1992=EDGE_CURVE('',#1550,#1549,#786,.T.);
#1993=EDGE_CURVE('',#1549,#1543,#787,.T.);
#1994=EDGE_CURVE('',#1545,#1550,#788,.T.);
#1995=EDGE_CURVE('',#1551,#1552,#789,.T.);
#1996=EDGE_CURVE('',#1553,#1551,#790,.T.);
#1997=EDGE_CURVE('',#1554,#1553,#791,.T.);
#1998=EDGE_CURVE('',#1554,#1552,#792,.T.);
#1999=EDGE_CURVE('',#1552,#1555,#793,.T.);
#2000=EDGE_CURVE('',#1556,#1554,#794,.T.);
#2001=EDGE_CURVE('',#1556,#1555,#795,.T.);
#2002=EDGE_CURVE('',#1555,#1557,#796,.T.);
#2003=EDGE_CURVE('',#1558,#1556,#797,.T.);
#2004=EDGE_CURVE('',#1558,#1557,#798,.T.);
#2005=EDGE_CURVE('',#1557,#1551,#799,.T.);
#2006=EDGE_CURVE('',#1553,#1558,#800,.T.);
#2007=EDGE_CURVE('',#1559,#1560,#801,.T.);
#2008=EDGE_CURVE('',#1561,#1559,#802,.T.);
#2009=EDGE_CURVE('',#1562,#1561,#803,.T.);
#2010=EDGE_CURVE('',#1562,#1560,#804,.T.);
#2011=EDGE_CURVE('',#1560,#1563,#805,.T.);
#2012=EDGE_CURVE('',#1564,#1562,#806,.T.);
#2013=EDGE_CURVE('',#1564,#1563,#807,.T.);
#2014=EDGE_CURVE('',#1563,#1565,#808,.T.);
#2015=EDGE_CURVE('',#1566,#1564,#809,.T.);
#2016=EDGE_CURVE('',#1566,#1565,#810,.T.);
#2017=EDGE_CURVE('',#1565,#1559,#811,.T.);
#2018=EDGE_CURVE('',#1561,#1566,#812,.T.);
#2019=EDGE_CURVE('',#1567,#1568,#813,.T.);
#2020=EDGE_CURVE('',#1569,#1567,#814,.T.);
#2021=EDGE_CURVE('',#1570,#1569,#815,.T.);
#2022=EDGE_CURVE('',#1570,#1568,#816,.T.);
#2023=EDGE_CURVE('',#1568,#1571,#817,.T.);
#2024=EDGE_CURVE('',#1572,#1570,#818,.T.);
#2025=EDGE_CURVE('',#1572,#1571,#819,.T.);
#2026=EDGE_CURVE('',#1571,#1573,#820,.T.);
#2027=EDGE_CURVE('',#1574,#1572,#821,.T.);
#2028=EDGE_CURVE('',#1574,#1573,#822,.T.);
#2029=EDGE_CURVE('',#1573,#1567,#823,.T.);
#2030=EDGE_CURVE('',#1569,#1574,#824,.T.);
#2031=EDGE_CURVE('',#1575,#1576,#825,.T.);
#2032=EDGE_CURVE('',#1577,#1575,#826,.T.);
#2033=EDGE_CURVE('',#1578,#1577,#827,.T.);
#2034=EDGE_CURVE('',#1578,#1576,#828,.T.);
#2035=EDGE_CURVE('',#1576,#1579,#829,.T.);
#2036=EDGE_CURVE('',#1580,#1578,#830,.T.);
#2037=EDGE_CURVE('',#1580,#1579,#831,.T.);
#2038=EDGE_CURVE('',#1579,#1581,#832,.T.);
#2039=EDGE_CURVE('',#1582,#1580,#833,.T.);
#2040=EDGE_CURVE('',#1582,#1581,#834,.T.);
#2041=EDGE_CURVE('',#1581,#1575,#835,.T.);
#2042=EDGE_CURVE('',#1577,#1582,#836,.T.);
#2043=EDGE_CURVE('',#1583,#1584,#837,.T.);
#2044=EDGE_CURVE('',#1585,#1583,#838,.T.);
#2045=EDGE_CURVE('',#1586,#1585,#839,.T.);
#2046=EDGE_CURVE('',#1586,#1584,#840,.T.);
#2047=EDGE_CURVE('',#1584,#1587,#841,.T.);
#2048=EDGE_CURVE('',#1588,#1586,#842,.T.);
#2049=EDGE_CURVE('',#1588,#1587,#843,.T.);
#2050=EDGE_CURVE('',#1587,#1589,#844,.T.);
#2051=EDGE_CURVE('',#1590,#1588,#845,.T.);
#2052=EDGE_CURVE('',#1590,#1589,#846,.T.);
#2053=EDGE_CURVE('',#1589,#1583,#847,.T.);
#2054=EDGE_CURVE('',#1585,#1590,#848,.T.);
#2055=EDGE_CURVE('',#1591,#1592,#1313,.T.);
#2056=EDGE_CURVE('',#1592,#1593,#849,.T.);
#2057=EDGE_CURVE('',#1593,#1594,#1314,.T.);
#2058=EDGE_CURVE('',#1594,#1591,#850,.T.);
#2059=EDGE_CURVE('',#1595,#1596,#1315,.T.);
#2060=EDGE_CURVE('',#1596,#1594,#1316,.T.);
#2061=EDGE_CURVE('',#1593,#1595,#1317,.T.);
#2062=EDGE_CURVE('',#1597,#1598,#1318,.T.);
#2063=EDGE_CURVE('',#1598,#1596,#851,.T.);
#2064=EDGE_CURVE('',#1595,#1597,#852,.T.);
#2065=EDGE_CURVE('',#1599,#1600,#1319,.T.);
#2066=EDGE_CURVE('',#1600,#1598,#1320,.T.);
#2067=EDGE_CURVE('',#1597,#1599,#1321,.T.);
#2068=EDGE_CURVE('',#1601,#1602,#1322,.T.);
#2069=EDGE_CURVE('',#1602,#1600,#853,.T.);
#2070=EDGE_CURVE('',#1599,#1601,#854,.T.);
#2071=EDGE_CURVE('',#1603,#1604,#1323,.T.);
#2072=EDGE_CURVE('',#1604,#1602,#1324,.T.);
#2073=EDGE_CURVE('',#1601,#1603,#1325,.T.);
#2074=EDGE_CURVE('',#1605,#1606,#1326,.T.);
#2075=EDGE_CURVE('',#1606,#1604,#855,.T.);
#2076=EDGE_CURVE('',#1603,#1605,#856,.T.);
#2077=EDGE_CURVE('',#1591,#1606,#1327,.T.);
#2078=EDGE_CURVE('',#1605,#1592,#1328,.T.);
#2079=EDGE_CURVE('',#1604,#1607,#857,.T.);
#2080=EDGE_CURVE('',#1607,#1608,#1329,.T.);
#2081=EDGE_CURVE('',#1608,#1602,#858,.T.);
#2082=EDGE_CURVE('',#1609,#1606,#859,.T.);
#2083=EDGE_CURVE('',#1610,#1609,#860,.T.);
#2084=EDGE_CURVE('',#1610,#1611,#861,.T.);
#2085=EDGE_CURVE('',#1611,#1612,#862,.T.);
#2086=EDGE_CURVE('',#1612,#1613,#863,.T.);
#2087=EDGE_CURVE('',#1607,#1613,#864,.T.);
#2088=EDGE_CURVE('',#1591,#1614,#865,.T.);
#2089=EDGE_CURVE('',#1614,#1609,#1330,.T.);
#2090=EDGE_CURVE('',#1615,#1594,#866,.T.);
#2091=EDGE_CURVE('',#1614,#1615,#867,.T.);
#2092=EDGE_CURVE('',#1616,#1615,#1331,.T.);
#2093=EDGE_CURVE('',#1616,#1617,#868,.T.);
#2094=EDGE_CURVE('',#1617,#1618,#869,.T.);
#2095=EDGE_CURVE('',#1618,#1619,#870,.T.);
#2096=EDGE_CURVE('',#1619,#1620,#871,.T.);
#2097=EDGE_CURVE('',#1620,#1621,#872,.T.);
#2098=EDGE_CURVE('',#1621,#1610,#873,.T.);
#2099=EDGE_CURVE('',#1622,#1608,#874,.T.);
#2100=EDGE_CURVE('',#1600,#1622,#875,.T.);
#2101=EDGE_CURVE('',#1613,#1623,#876,.T.);
#2102=EDGE_CURVE('',#1623,#1624,#877,.T.);
#2103=EDGE_CURVE('',#1624,#1625,#878,.T.);
#2104=EDGE_CURVE('',#1625,#1626,#879,.T.);
#2105=EDGE_CURVE('',#1626,#1627,#880,.T.);
#2106=EDGE_CURVE('',#1627,#1628,#881,.T.);
#2107=EDGE_CURVE('',#1622,#1628,#1332,.T.);
#2108=EDGE_CURVE('',#1628,#1598,#882,.T.);
#2109=EDGE_CURVE('',#1627,#1629,#883,.T.);
#2110=EDGE_CURVE('',#1629,#1630,#884,.T.);
#2111=EDGE_CURVE('',#1630,#1617,#885,.T.);
#2112=EDGE_CURVE('',#1596,#1616,#886,.T.);
#2113=EDGE_CURVE('',#1631,#1629,#887,.T.);
#2114=EDGE_CURVE('',#1632,#1631,#888,.T.);
#2115=EDGE_CURVE('',#1633,#1632,#889,.T.);
#2116=EDGE_CURVE('',#1634,#1633,#890,.T.);
#2117=EDGE_CURVE('',#1635,#1634,#891,.T.);
#2118=EDGE_CURVE('',#1636,#1635,#892,.T.);
#2119=EDGE_CURVE('',#1630,#1636,#893,.T.);
#2120=EDGE_CURVE('',#1635,#1619,#894,.T.);
#2121=EDGE_CURVE('',#1618,#1636,#895,.T.);
#2122=EDGE_CURVE('',#1634,#1620,#896,.T.);
#2123=EDGE_CURVE('',#1631,#1626,#897,.T.);
#2124=EDGE_CURVE('',#1637,#1621,#898,.T.);
#2125=EDGE_CURVE('',#1637,#1611,#899,.T.);
#2126=EDGE_CURVE('',#1612,#1638,#900,.T.);
#2127=EDGE_CURVE('',#1623,#1638,#901,.T.);
#2128=EDGE_CURVE('',#1638,#1637,#902,.T.);
#2129=EDGE_CURVE('',#1633,#1624,#903,.T.);
#2130=EDGE_CURVE('',#1632,#1625,#904,.T.);
#2131=ORIENTED_EDGE('',*,*,#1639,.F.);
#2132=ORIENTED_EDGE('',*,*,#1640,.F.);
#2133=ORIENTED_EDGE('',*,*,#1641,.F.);
#2134=ORIENTED_EDGE('',*,*,#1642,.F.);
#2135=ORIENTED_EDGE('',*,*,#1639,.T.);
#2136=ORIENTED_EDGE('',*,*,#1643,.T.);
#2137=ORIENTED_EDGE('',*,*,#1644,.T.);
#2138=ORIENTED_EDGE('',*,*,#1645,.T.);
#2139=ORIENTED_EDGE('',*,*,#1646,.T.);
#2140=ORIENTED_EDGE('',*,*,#1647,.T.);
#2141=ORIENTED_EDGE('',*,*,#1648,.T.);
#2142=ORIENTED_EDGE('',*,*,#1641,.T.);
#2143=ORIENTED_EDGE('',*,*,#1643,.F.);
#2144=ORIENTED_EDGE('',*,*,#1642,.T.);
#2145=ORIENTED_EDGE('',*,*,#1648,.F.);
#2146=ORIENTED_EDGE('',*,*,#1649,.F.);
#2147=ORIENTED_EDGE('',*,*,#1650,.F.);
#2148=ORIENTED_EDGE('',*,*,#1651,.T.);
#2149=ORIENTED_EDGE('',*,*,#1647,.F.);
#2150=ORIENTED_EDGE('',*,*,#1652,.T.);
#2151=ORIENTED_EDGE('',*,*,#1653,.F.);
#2152=ORIENTED_EDGE('',*,*,#1649,.T.);
#2153=ORIENTED_EDGE('',*,*,#1650,.T.);
#2154=ORIENTED_EDGE('',*,*,#1653,.T.);
#2155=ORIENTED_EDGE('',*,*,#1654,.T.);
#2156=ORIENTED_EDGE('',*,*,#1655,.T.);
#2157=ORIENTED_EDGE('',*,*,#1644,.F.);
#2158=ORIENTED_EDGE('',*,*,#1651,.F.);
#2159=ORIENTED_EDGE('',*,*,#1655,.F.);
#2160=ORIENTED_EDGE('',*,*,#1656,.F.);
#2161=ORIENTED_EDGE('',*,*,#1645,.F.);
#2162=ORIENTED_EDGE('',*,*,#1656,.T.);
#2163=ORIENTED_EDGE('',*,*,#1654,.F.);
#2164=ORIENTED_EDGE('',*,*,#1652,.F.);
#2165=ORIENTED_EDGE('',*,*,#1646,.F.);
#2166=ORIENTED_EDGE('',*,*,#1640,.T.);
#2167=ORIENTED_EDGE('',*,*,#1657,.F.);
#2168=ORIENTED_EDGE('',*,*,#1658,.F.);
#2169=ORIENTED_EDGE('',*,*,#1659,.F.);
#2170=ORIENTED_EDGE('',*,*,#1660,.F.);
#2171=ORIENTED_EDGE('',*,*,#1657,.T.);
#2172=ORIENTED_EDGE('',*,*,#1661,.T.);
#2173=ORIENTED_EDGE('',*,*,#1662,.T.);
#2174=ORIENTED_EDGE('',*,*,#1663,.T.);
#2175=ORIENTED_EDGE('',*,*,#1663,.F.);
#2176=ORIENTED_EDGE('',*,*,#1664,.F.);
#2177=ORIENTED_EDGE('',*,*,#1665,.F.);
#2178=ORIENTED_EDGE('',*,*,#1666,.F.);
#2179=ORIENTED_EDGE('',*,*,#1667,.F.);
#2180=ORIENTED_EDGE('',*,*,#1658,.T.);
#2181=ORIENTED_EDGE('',*,*,#1662,.F.);
#2182=ORIENTED_EDGE('',*,*,#1668,.T.);
#2183=ORIENTED_EDGE('',*,*,#1669,.F.);
#2184=ORIENTED_EDGE('',*,*,#1664,.T.);
#2185=ORIENTED_EDGE('',*,*,#1665,.T.);
#2186=ORIENTED_EDGE('',*,*,#1669,.T.);
#2187=ORIENTED_EDGE('',*,*,#1670,.T.);
#2188=ORIENTED_EDGE('',*,*,#1671,.T.);
#2189=ORIENTED_EDGE('',*,*,#1667,.T.);
#2190=ORIENTED_EDGE('',*,*,#1672,.T.);
#2191=ORIENTED_EDGE('',*,*,#1673,.T.);
#2192=ORIENTED_EDGE('',*,*,#1659,.T.);
#2193=ORIENTED_EDGE('',*,*,#1661,.F.);
#2194=ORIENTED_EDGE('',*,*,#1660,.T.);
#2195=ORIENTED_EDGE('',*,*,#1673,.F.);
#2196=ORIENTED_EDGE('',*,*,#1674,.F.);
#2197=ORIENTED_EDGE('',*,*,#1670,.F.);
#2198=ORIENTED_EDGE('',*,*,#1668,.F.);
#2199=ORIENTED_EDGE('',*,*,#1671,.F.);
#2200=ORIENTED_EDGE('',*,*,#1674,.T.);
#2201=ORIENTED_EDGE('',*,*,#1672,.F.);
#2202=ORIENTED_EDGE('',*,*,#1666,.T.);
#2203=ORIENTED_EDGE('',*,*,#1675,.F.);
#2204=ORIENTED_EDGE('',*,*,#1676,.F.);
#2205=ORIENTED_EDGE('',*,*,#1677,.F.);
#2206=ORIENTED_EDGE('',*,*,#1678,.F.);
#2207=ORIENTED_EDGE('',*,*,#1675,.T.);
#2208=ORIENTED_EDGE('',*,*,#1679,.T.);
#2209=ORIENTED_EDGE('',*,*,#1680,.T.);
#2210=ORIENTED_EDGE('',*,*,#1681,.T.);
#2211=ORIENTED_EDGE('',*,*,#1681,.F.);
#2212=ORIENTED_EDGE('',*,*,#1682,.T.);
#2213=ORIENTED_EDGE('',*,*,#1683,.F.);
#2214=ORIENTED_EDGE('',*,*,#1684,.F.);
#2215=ORIENTED_EDGE('',*,*,#1685,.F.);
#2216=ORIENTED_EDGE('',*,*,#1676,.T.);
#2217=ORIENTED_EDGE('',*,*,#1686,.T.);
#2218=ORIENTED_EDGE('',*,*,#1687,.T.);
#2219=ORIENTED_EDGE('',*,*,#1683,.T.);
#2220=ORIENTED_EDGE('',*,*,#1688,.T.);
#2221=ORIENTED_EDGE('',*,*,#1687,.F.);
#2222=ORIENTED_EDGE('',*,*,#1689,.T.);
#2223=ORIENTED_EDGE('',*,*,#1690,.F.);
#2224=ORIENTED_EDGE('',*,*,#1684,.T.);
#2225=ORIENTED_EDGE('',*,*,#1685,.T.);
#2226=ORIENTED_EDGE('',*,*,#1690,.T.);
#2227=ORIENTED_EDGE('',*,*,#1691,.T.);
#2228=ORIENTED_EDGE('',*,*,#1677,.T.);
#2229=ORIENTED_EDGE('',*,*,#1680,.F.);
#2230=ORIENTED_EDGE('',*,*,#1692,.F.);
#2231=ORIENTED_EDGE('',*,*,#1688,.F.);
#2232=ORIENTED_EDGE('',*,*,#1682,.F.);
#2233=ORIENTED_EDGE('',*,*,#1679,.F.);
#2234=ORIENTED_EDGE('',*,*,#1678,.T.);
#2235=ORIENTED_EDGE('',*,*,#1691,.F.);
#2236=ORIENTED_EDGE('',*,*,#1689,.F.);
#2237=ORIENTED_EDGE('',*,*,#1686,.F.);
#2238=ORIENTED_EDGE('',*,*,#1692,.T.);
#2239=ORIENTED_EDGE('',*,*,#1693,.F.);
#2240=ORIENTED_EDGE('',*,*,#1694,.F.);
#2241=ORIENTED_EDGE('',*,*,#1695,.F.);
#2242=ORIENTED_EDGE('',*,*,#1696,.F.);
#2243=ORIENTED_EDGE('',*,*,#1693,.T.);
#2244=ORIENTED_EDGE('',*,*,#1697,.T.);
#2245=ORIENTED_EDGE('',*,*,#1698,.T.);
#2246=ORIENTED_EDGE('',*,*,#1699,.T.);
#2247=ORIENTED_EDGE('',*,*,#1699,.F.);
#2248=ORIENTED_EDGE('',*,*,#1700,.T.);
#2249=ORIENTED_EDGE('',*,*,#1701,.F.);
#2250=ORIENTED_EDGE('',*,*,#1702,.F.);
#2251=ORIENTED_EDGE('',*,*,#1703,.F.);
#2252=ORIENTED_EDGE('',*,*,#1694,.T.);
#2253=ORIENTED_EDGE('',*,*,#1704,.T.);
#2254=ORIENTED_EDGE('',*,*,#1705,.T.);
#2255=ORIENTED_EDGE('',*,*,#1701,.T.);
#2256=ORIENTED_EDGE('',*,*,#1706,.T.);
#2257=ORIENTED_EDGE('',*,*,#1705,.F.);
#2258=ORIENTED_EDGE('',*,*,#1707,.T.);
#2259=ORIENTED_EDGE('',*,*,#1708,.F.);
#2260=ORIENTED_EDGE('',*,*,#1702,.T.);
#2261=ORIENTED_EDGE('',*,*,#1703,.T.);
#2262=ORIENTED_EDGE('',*,*,#1708,.T.);
#2263=ORIENTED_EDGE('',*,*,#1709,.T.);
#2264=ORIENTED_EDGE('',*,*,#1695,.T.);
#2265=ORIENTED_EDGE('',*,*,#1698,.F.);
#2266=ORIENTED_EDGE('',*,*,#1710,.F.);
#2267=ORIENTED_EDGE('',*,*,#1706,.F.);
#2268=ORIENTED_EDGE('',*,*,#1700,.F.);
#2269=ORIENTED_EDGE('',*,*,#1697,.F.);
#2270=ORIENTED_EDGE('',*,*,#1696,.T.);
#2271=ORIENTED_EDGE('',*,*,#1709,.F.);
#2272=ORIENTED_EDGE('',*,*,#1707,.F.);
#2273=ORIENTED_EDGE('',*,*,#1704,.F.);
#2274=ORIENTED_EDGE('',*,*,#1710,.T.);
#2275=ORIENTED_EDGE('',*,*,#1711,.F.);
#2276=ORIENTED_EDGE('',*,*,#1712,.F.);
#2277=ORIENTED_EDGE('',*,*,#1713,.F.);
#2278=ORIENTED_EDGE('',*,*,#1714,.F.);
#2279=ORIENTED_EDGE('',*,*,#1711,.T.);
#2280=ORIENTED_EDGE('',*,*,#1715,.T.);
#2281=ORIENTED_EDGE('',*,*,#1716,.T.);
#2282=ORIENTED_EDGE('',*,*,#1717,.T.);
#2283=ORIENTED_EDGE('',*,*,#1717,.F.);
#2284=ORIENTED_EDGE('',*,*,#1718,.T.);
#2285=ORIENTED_EDGE('',*,*,#1719,.F.);
#2286=ORIENTED_EDGE('',*,*,#1720,.F.);
#2287=ORIENTED_EDGE('',*,*,#1721,.F.);
#2288=ORIENTED_EDGE('',*,*,#1712,.T.);
#2289=ORIENTED_EDGE('',*,*,#1722,.T.);
#2290=ORIENTED_EDGE('',*,*,#1723,.T.);
#2291=ORIENTED_EDGE('',*,*,#1719,.T.);
#2292=ORIENTED_EDGE('',*,*,#1724,.T.);
#2293=ORIENTED_EDGE('',*,*,#1723,.F.);
#2294=ORIENTED_EDGE('',*,*,#1725,.T.);
#2295=ORIENTED_EDGE('',*,*,#1726,.F.);
#2296=ORIENTED_EDGE('',*,*,#1720,.T.);
#2297=ORIENTED_EDGE('',*,*,#1721,.T.);
#2298=ORIENTED_EDGE('',*,*,#1726,.T.);
#2299=ORIENTED_EDGE('',*,*,#1727,.T.);
#2300=ORIENTED_EDGE('',*,*,#1713,.T.);
#2301=ORIENTED_EDGE('',*,*,#1716,.F.);
#2302=ORIENTED_EDGE('',*,*,#1728,.F.);
#2303=ORIENTED_EDGE('',*,*,#1724,.F.);
#2304=ORIENTED_EDGE('',*,*,#1718,.F.);
#2305=ORIENTED_EDGE('',*,*,#1715,.F.);
#2306=ORIENTED_EDGE('',*,*,#1714,.T.);
#2307=ORIENTED_EDGE('',*,*,#1727,.F.);
#2308=ORIENTED_EDGE('',*,*,#1725,.F.);
#2309=ORIENTED_EDGE('',*,*,#1722,.F.);
#2310=ORIENTED_EDGE('',*,*,#1728,.T.);
#2311=ORIENTED_EDGE('',*,*,#1729,.F.);
#2312=ORIENTED_EDGE('',*,*,#1730,.F.);
#2313=ORIENTED_EDGE('',*,*,#1731,.F.);
#2314=ORIENTED_EDGE('',*,*,#1732,.F.);
#2315=ORIENTED_EDGE('',*,*,#1729,.T.);
#2316=ORIENTED_EDGE('',*,*,#1733,.T.);
#2317=ORIENTED_EDGE('',*,*,#1734,.T.);
#2318=ORIENTED_EDGE('',*,*,#1735,.T.);
#2319=ORIENTED_EDGE('',*,*,#1735,.F.);
#2320=ORIENTED_EDGE('',*,*,#1736,.T.);
#2321=ORIENTED_EDGE('',*,*,#1737,.F.);
#2322=ORIENTED_EDGE('',*,*,#1738,.F.);
#2323=ORIENTED_EDGE('',*,*,#1739,.F.);
#2324=ORIENTED_EDGE('',*,*,#1730,.T.);
#2325=ORIENTED_EDGE('',*,*,#1740,.T.);
#2326=ORIENTED_EDGE('',*,*,#1741,.T.);
#2327=ORIENTED_EDGE('',*,*,#1737,.T.);
#2328=ORIENTED_EDGE('',*,*,#1742,.T.);
#2329=ORIENTED_EDGE('',*,*,#1741,.F.);
#2330=ORIENTED_EDGE('',*,*,#1743,.T.);
#2331=ORIENTED_EDGE('',*,*,#1744,.F.);
#2332=ORIENTED_EDGE('',*,*,#1738,.T.);
#2333=ORIENTED_EDGE('',*,*,#1733,.F.);
#2334=ORIENTED_EDGE('',*,*,#1732,.T.);
#2335=ORIENTED_EDGE('',*,*,#1745,.F.);
#2336=ORIENTED_EDGE('',*,*,#1743,.F.);
#2337=ORIENTED_EDGE('',*,*,#1740,.F.);
#2338=ORIENTED_EDGE('',*,*,#1746,.T.);
#2339=ORIENTED_EDGE('',*,*,#1739,.T.);
#2340=ORIENTED_EDGE('',*,*,#1744,.T.);
#2341=ORIENTED_EDGE('',*,*,#1745,.T.);
#2342=ORIENTED_EDGE('',*,*,#1731,.T.);
#2343=ORIENTED_EDGE('',*,*,#1734,.F.);
#2344=ORIENTED_EDGE('',*,*,#1746,.F.);
#2345=ORIENTED_EDGE('',*,*,#1742,.F.);
#2346=ORIENTED_EDGE('',*,*,#1736,.F.);
#2347=ORIENTED_EDGE('',*,*,#1747,.F.);
#2348=ORIENTED_EDGE('',*,*,#1748,.T.);
#2349=ORIENTED_EDGE('',*,*,#1749,.T.);
#2350=ORIENTED_EDGE('',*,*,#1750,.F.);
#2351=ORIENTED_EDGE('',*,*,#1748,.F.);
#2352=ORIENTED_EDGE('',*,*,#1751,.T.);
#2353=ORIENTED_EDGE('',*,*,#1752,.F.);
#2354=ORIENTED_EDGE('',*,*,#1753,.T.);
#2355=ORIENTED_EDGE('',*,*,#1754,.F.);
#2356=ORIENTED_EDGE('',*,*,#1751,.F.);
#2357=ORIENTED_EDGE('',*,*,#1755,.T.);
#2358=ORIENTED_EDGE('',*,*,#1756,.T.);
#2359=ORIENTED_EDGE('',*,*,#1757,.F.);
#2360=ORIENTED_EDGE('',*,*,#1758,.T.);
#2361=ORIENTED_EDGE('',*,*,#1759,.F.);
#2362=ORIENTED_EDGE('',*,*,#1760,.T.);
#2363=ORIENTED_EDGE('',*,*,#1758,.F.);
#2364=ORIENTED_EDGE('',*,*,#1761,.T.);
#2365=ORIENTED_EDGE('',*,*,#1762,.T.);
#2366=ORIENTED_EDGE('',*,*,#1763,.F.);
#2367=ORIENTED_EDGE('',*,*,#1761,.F.);
#2368=ORIENTED_EDGE('',*,*,#1764,.T.);
#2369=ORIENTED_EDGE('',*,*,#1765,.F.);
#2370=ORIENTED_EDGE('',*,*,#1766,.T.);
#2371=ORIENTED_EDGE('',*,*,#1767,.F.);
#2372=ORIENTED_EDGE('',*,*,#1764,.F.);
#2373=ORIENTED_EDGE('',*,*,#1768,.F.);
#2374=ORIENTED_EDGE('',*,*,#1769,.T.);
#2375=ORIENTED_EDGE('',*,*,#1770,.F.);
#2376=ORIENTED_EDGE('',*,*,#1771,.T.);
#2377=ORIENTED_EDGE('',*,*,#1769,.F.);
#2378=ORIENTED_EDGE('',*,*,#1772,.T.);
#2379=ORIENTED_EDGE('',*,*,#1773,.T.);
#2380=ORIENTED_EDGE('',*,*,#1774,.F.);
#2381=ORIENTED_EDGE('',*,*,#1772,.F.);
#2382=ORIENTED_EDGE('',*,*,#1775,.T.);
#2383=ORIENTED_EDGE('',*,*,#1776,.F.);
#2384=ORIENTED_EDGE('',*,*,#1777,.T.);
#2385=ORIENTED_EDGE('',*,*,#1778,.F.);
#2386=ORIENTED_EDGE('',*,*,#1775,.F.);
#2387=ORIENTED_EDGE('',*,*,#1779,.F.);
#2388=ORIENTED_EDGE('',*,*,#1780,.T.);
#2389=ORIENTED_EDGE('',*,*,#1781,.T.);
#2390=ORIENTED_EDGE('',*,*,#1782,.F.);
#2391=ORIENTED_EDGE('',*,*,#1780,.F.);
#2392=ORIENTED_EDGE('',*,*,#1783,.T.);
#2393=ORIENTED_EDGE('',*,*,#1784,.F.);
#2394=ORIENTED_EDGE('',*,*,#1785,.T.);
#2395=ORIENTED_EDGE('',*,*,#1786,.F.);
#2396=ORIENTED_EDGE('',*,*,#1783,.F.);
#2397=ORIENTED_EDGE('',*,*,#1787,.T.);
#2398=ORIENTED_EDGE('',*,*,#1788,.T.);
#2399=ORIENTED_EDGE('',*,*,#1789,.F.);
#2400=ORIENTED_EDGE('',*,*,#1790,.T.);
#2401=ORIENTED_EDGE('',*,*,#1791,.T.);
#2402=ORIENTED_EDGE('',*,*,#1792,.F.);
#2403=ORIENTED_EDGE('',*,*,#1790,.F.);
#2404=ORIENTED_EDGE('',*,*,#1793,.T.);
#2405=ORIENTED_EDGE('',*,*,#1794,.T.);
#2406=ORIENTED_EDGE('',*,*,#1795,.T.);
#2407=ORIENTED_EDGE('',*,*,#1793,.F.);
#2408=ORIENTED_EDGE('',*,*,#1796,.T.);
#2409=ORIENTED_EDGE('',*,*,#1797,.T.);
#2410=ORIENTED_EDGE('',*,*,#1798,.T.);
#2411=ORIENTED_EDGE('',*,*,#1796,.F.);
#2412=ORIENTED_EDGE('',*,*,#1799,.T.);
#2413=ORIENTED_EDGE('',*,*,#1800,.F.);
#2414=ORIENTED_EDGE('',*,*,#1801,.T.);
#2415=ORIENTED_EDGE('',*,*,#1799,.F.);
#2416=ORIENTED_EDGE('',*,*,#1802,.T.);
#2417=ORIENTED_EDGE('',*,*,#1803,.T.);
#2418=ORIENTED_EDGE('',*,*,#1804,.F.);
#2419=ORIENTED_EDGE('',*,*,#1805,.F.);
#2420=ORIENTED_EDGE('',*,*,#1806,.T.);
#2421=ORIENTED_EDGE('',*,*,#1807,.T.);
#2422=ORIENTED_EDGE('',*,*,#1808,.F.);
#2423=ORIENTED_EDGE('',*,*,#1806,.F.);
#2424=ORIENTED_EDGE('',*,*,#1809,.T.);
#2425=ORIENTED_EDGE('',*,*,#1810,.T.);
#2426=ORIENTED_EDGE('',*,*,#1811,.T.);
#2427=ORIENTED_EDGE('',*,*,#1809,.F.);
#2428=ORIENTED_EDGE('',*,*,#1812,.T.);
#2429=ORIENTED_EDGE('',*,*,#1813,.T.);
#2430=ORIENTED_EDGE('',*,*,#1814,.T.);
#2431=ORIENTED_EDGE('',*,*,#1812,.F.);
#2432=ORIENTED_EDGE('',*,*,#1815,.T.);
#2433=ORIENTED_EDGE('',*,*,#1816,.F.);
#2434=ORIENTED_EDGE('',*,*,#1817,.T.);
#2435=ORIENTED_EDGE('',*,*,#1815,.F.);
#2436=ORIENTED_EDGE('',*,*,#1818,.T.);
#2437=ORIENTED_EDGE('',*,*,#1819,.T.);
#2438=ORIENTED_EDGE('',*,*,#1820,.F.);
#2439=ORIENTED_EDGE('',*,*,#1821,.F.);
#2440=ORIENTED_EDGE('',*,*,#1822,.T.);
#2441=ORIENTED_EDGE('',*,*,#1823,.T.);
#2442=ORIENTED_EDGE('',*,*,#1824,.F.);
#2443=ORIENTED_EDGE('',*,*,#1822,.F.);
#2444=ORIENTED_EDGE('',*,*,#1825,.T.);
#2445=ORIENTED_EDGE('',*,*,#1826,.T.);
#2446=ORIENTED_EDGE('',*,*,#1827,.T.);
#2447=ORIENTED_EDGE('',*,*,#1825,.F.);
#2448=ORIENTED_EDGE('',*,*,#1828,.T.);
#2449=ORIENTED_EDGE('',*,*,#1829,.T.);
#2450=ORIENTED_EDGE('',*,*,#1830,.T.);
#2451=ORIENTED_EDGE('',*,*,#1828,.F.);
#2452=ORIENTED_EDGE('',*,*,#1831,.T.);
#2453=ORIENTED_EDGE('',*,*,#1832,.F.);
#2454=ORIENTED_EDGE('',*,*,#1833,.T.);
#2455=ORIENTED_EDGE('',*,*,#1831,.F.);
#2456=ORIENTED_EDGE('',*,*,#1834,.T.);
#2457=ORIENTED_EDGE('',*,*,#1835,.T.);
#2458=ORIENTED_EDGE('',*,*,#1836,.F.);
#2459=ORIENTED_EDGE('',*,*,#1837,.F.);
#2460=ORIENTED_EDGE('',*,*,#1838,.T.);
#2461=ORIENTED_EDGE('',*,*,#1839,.T.);
#2462=ORIENTED_EDGE('',*,*,#1840,.F.);
#2463=ORIENTED_EDGE('',*,*,#1838,.F.);
#2464=ORIENTED_EDGE('',*,*,#1841,.T.);
#2465=ORIENTED_EDGE('',*,*,#1842,.T.);
#2466=ORIENTED_EDGE('',*,*,#1843,.T.);
#2467=ORIENTED_EDGE('',*,*,#1841,.F.);
#2468=ORIENTED_EDGE('',*,*,#1844,.T.);
#2469=ORIENTED_EDGE('',*,*,#1845,.T.);
#2470=ORIENTED_EDGE('',*,*,#1846,.T.);
#2471=ORIENTED_EDGE('',*,*,#1844,.F.);
#2472=ORIENTED_EDGE('',*,*,#1847,.T.);
#2473=ORIENTED_EDGE('',*,*,#1848,.F.);
#2474=ORIENTED_EDGE('',*,*,#1849,.T.);
#2475=ORIENTED_EDGE('',*,*,#1847,.F.);
#2476=ORIENTED_EDGE('',*,*,#1850,.T.);
#2477=ORIENTED_EDGE('',*,*,#1851,.T.);
#2478=ORIENTED_EDGE('',*,*,#1852,.F.);
#2479=ORIENTED_EDGE('',*,*,#1853,.F.);
#2480=ORIENTED_EDGE('',*,*,#1854,.T.);
#2481=ORIENTED_EDGE('',*,*,#1855,.T.);
#2482=ORIENTED_EDGE('',*,*,#1856,.F.);
#2483=ORIENTED_EDGE('',*,*,#1854,.F.);
#2484=ORIENTED_EDGE('',*,*,#1857,.T.);
#2485=ORIENTED_EDGE('',*,*,#1858,.T.);
#2486=ORIENTED_EDGE('',*,*,#1859,.T.);
#2487=ORIENTED_EDGE('',*,*,#1857,.F.);
#2488=ORIENTED_EDGE('',*,*,#1860,.T.);
#2489=ORIENTED_EDGE('',*,*,#1861,.T.);
#2490=ORIENTED_EDGE('',*,*,#1862,.T.);
#2491=ORIENTED_EDGE('',*,*,#1860,.F.);
#2492=ORIENTED_EDGE('',*,*,#1863,.T.);
#2493=ORIENTED_EDGE('',*,*,#1864,.F.);
#2494=ORIENTED_EDGE('',*,*,#1865,.T.);
#2495=ORIENTED_EDGE('',*,*,#1863,.F.);
#2496=ORIENTED_EDGE('',*,*,#1866,.T.);
#2497=ORIENTED_EDGE('',*,*,#1867,.T.);
#2498=ORIENTED_EDGE('',*,*,#1868,.F.);
#2499=ORIENTED_EDGE('',*,*,#1869,.F.);
#2500=ORIENTED_EDGE('',*,*,#1870,.T.);
#2501=ORIENTED_EDGE('',*,*,#1871,.T.);
#2502=ORIENTED_EDGE('',*,*,#1872,.F.);
#2503=ORIENTED_EDGE('',*,*,#1870,.F.);
#2504=ORIENTED_EDGE('',*,*,#1873,.T.);
#2505=ORIENTED_EDGE('',*,*,#1874,.F.);
#2506=ORIENTED_EDGE('',*,*,#1875,.T.);
#2507=ORIENTED_EDGE('',*,*,#1876,.F.);
#2508=ORIENTED_EDGE('',*,*,#1873,.F.);
#2509=ORIENTED_EDGE('',*,*,#1877,.T.);
#2510=ORIENTED_EDGE('',*,*,#1878,.T.);
#2511=ORIENTED_EDGE('',*,*,#1879,.F.);
#2512=ORIENTED_EDGE('',*,*,#1880,.T.);
#2513=ORIENTED_EDGE('',*,*,#1881,.T.);
#2514=ORIENTED_EDGE('',*,*,#1882,.F.);
#2515=ORIENTED_EDGE('',*,*,#1880,.F.);
#2516=ORIENTED_EDGE('',*,*,#1883,.T.);
#2517=ORIENTED_EDGE('',*,*,#1884,.T.);
#2518=ORIENTED_EDGE('',*,*,#1885,.T.);
#2519=ORIENTED_EDGE('',*,*,#1883,.F.);
#2520=ORIENTED_EDGE('',*,*,#1886,.T.);
#2521=ORIENTED_EDGE('',*,*,#1887,.T.);
#2522=ORIENTED_EDGE('',*,*,#1888,.T.);
#2523=ORIENTED_EDGE('',*,*,#1886,.F.);
#2524=ORIENTED_EDGE('',*,*,#1889,.T.);
#2525=ORIENTED_EDGE('',*,*,#1890,.F.);
#2526=ORIENTED_EDGE('',*,*,#1891,.T.);
#2527=ORIENTED_EDGE('',*,*,#1889,.F.);
#2528=ORIENTED_EDGE('',*,*,#1892,.T.);
#2529=ORIENTED_EDGE('',*,*,#1893,.T.);
#2530=ORIENTED_EDGE('',*,*,#1894,.F.);
#2531=ORIENTED_EDGE('',*,*,#1895,.F.);
#2532=ORIENTED_EDGE('',*,*,#1896,.T.);
#2533=ORIENTED_EDGE('',*,*,#1897,.F.);
#2534=ORIENTED_EDGE('',*,*,#1898,.T.);
#2535=ORIENTED_EDGE('',*,*,#1896,.F.);
#2536=ORIENTED_EDGE('',*,*,#1899,.T.);
#2537=ORIENTED_EDGE('',*,*,#1900,.T.);
#2538=ORIENTED_EDGE('',*,*,#1901,.F.);
#2539=ORIENTED_EDGE('',*,*,#1899,.F.);
#2540=ORIENTED_EDGE('',*,*,#1902,.T.);
#2541=ORIENTED_EDGE('',*,*,#1903,.F.);
#2542=ORIENTED_EDGE('',*,*,#1904,.T.);
#2543=ORIENTED_EDGE('',*,*,#1905,.F.);
#2544=ORIENTED_EDGE('',*,*,#1902,.F.);
#2545=ORIENTED_EDGE('',*,*,#1895,.T.);
#2546=ORIENTED_EDGE('',*,*,#1906,.T.);
#2547=ORIENTED_EDGE('',*,*,#1907,.T.);
#2548=ORIENTED_EDGE('',*,*,#1897,.T.);
#2549=ORIENTED_EDGE('',*,*,#1901,.T.);
#2550=ORIENTED_EDGE('',*,*,#1908,.T.);
#2551=ORIENTED_EDGE('',*,*,#1909,.T.);
#2552=ORIENTED_EDGE('',*,*,#1879,.T.);
#2553=ORIENTED_EDGE('',*,*,#1910,.F.);
#2554=ORIENTED_EDGE('',*,*,#1911,.T.);
#2555=ORIENTED_EDGE('',*,*,#1892,.F.);
#2556=ORIENTED_EDGE('',*,*,#1912,.T.);
#2557=ORIENTED_EDGE('',*,*,#1910,.T.);
#2558=ORIENTED_EDGE('',*,*,#1882,.T.);
#2559=ORIENTED_EDGE('',*,*,#1913,.T.);
#2560=ORIENTED_EDGE('',*,*,#1909,.F.);
#2561=ORIENTED_EDGE('',*,*,#1869,.T.);
#2562=ORIENTED_EDGE('',*,*,#1914,.F.);
#2563=ORIENTED_EDGE('',*,*,#1915,.T.);
#2564=ORIENTED_EDGE('',*,*,#1877,.F.);
#2565=ORIENTED_EDGE('',*,*,#1853,.T.);
#2566=ORIENTED_EDGE('',*,*,#1916,.F.);
#2567=ORIENTED_EDGE('',*,*,#1917,.T.);
#2568=ORIENTED_EDGE('',*,*,#1866,.F.);
#2569=ORIENTED_EDGE('',*,*,#1890,.T.);
#2570=ORIENTED_EDGE('',*,*,#1894,.T.);
#2571=ORIENTED_EDGE('',*,*,#1918,.T.);
#2572=ORIENTED_EDGE('',*,*,#1916,.T.);
#2573=ORIENTED_EDGE('',*,*,#1856,.T.);
#2574=ORIENTED_EDGE('',*,*,#1919,.T.);
#2575=ORIENTED_EDGE('',*,*,#1920,.T.);
#2576=ORIENTED_EDGE('',*,*,#1864,.T.);
#2577=ORIENTED_EDGE('',*,*,#1868,.T.);
#2578=ORIENTED_EDGE('',*,*,#1921,.T.);
#2579=ORIENTED_EDGE('',*,*,#1922,.T.);
#2580=ORIENTED_EDGE('',*,*,#1837,.T.);
#2581=ORIENTED_EDGE('',*,*,#1923,.F.);
#2582=ORIENTED_EDGE('',*,*,#1924,.T.);
#2583=ORIENTED_EDGE('',*,*,#1850,.F.);
#2584=ORIENTED_EDGE('',*,*,#1821,.T.);
#2585=ORIENTED_EDGE('',*,*,#1925,.F.);
#2586=ORIENTED_EDGE('',*,*,#1926,.T.);
#2587=ORIENTED_EDGE('',*,*,#1834,.F.);
#2588=ORIENTED_EDGE('',*,*,#1927,.T.);
#2589=ORIENTED_EDGE('',*,*,#1925,.T.);
#2590=ORIENTED_EDGE('',*,*,#1824,.T.);
#2591=ORIENTED_EDGE('',*,*,#1928,.T.);
#2592=ORIENTED_EDGE('',*,*,#1922,.F.);
#2593=ORIENTED_EDGE('',*,*,#1805,.T.);
#2594=ORIENTED_EDGE('',*,*,#1929,.F.);
#2595=ORIENTED_EDGE('',*,*,#1930,.T.);
#2596=ORIENTED_EDGE('',*,*,#1818,.F.);
#2597=ORIENTED_EDGE('',*,*,#1789,.T.);
#2598=ORIENTED_EDGE('',*,*,#1931,.F.);
#2599=ORIENTED_EDGE('',*,*,#1932,.T.);
#2600=ORIENTED_EDGE('',*,*,#1802,.F.);
#2601=ORIENTED_EDGE('',*,*,#1832,.T.);
#2602=ORIENTED_EDGE('',*,*,#1836,.T.);
#2603=ORIENTED_EDGE('',*,*,#1933,.T.);
#2604=ORIENTED_EDGE('',*,*,#1931,.T.);
#2605=ORIENTED_EDGE('',*,*,#1792,.T.);
#2606=ORIENTED_EDGE('',*,*,#1934,.T.);
#2607=ORIENTED_EDGE('',*,*,#1935,.T.);
#2608=ORIENTED_EDGE('',*,*,#1800,.T.);
#2609=ORIENTED_EDGE('',*,*,#1804,.T.);
#2610=ORIENTED_EDGE('',*,*,#1936,.T.);
#2611=ORIENTED_EDGE('',*,*,#1937,.T.);
#2612=ORIENTED_EDGE('',*,*,#1938,.T.);
#2613=ORIENTED_EDGE('',*,*,#1929,.T.);
#2614=ORIENTED_EDGE('',*,*,#1808,.T.);
#2615=ORIENTED_EDGE('',*,*,#1939,.T.);
#2616=ORIENTED_EDGE('',*,*,#1937,.F.);
#2617=ORIENTED_EDGE('',*,*,#1816,.T.);
#2618=ORIENTED_EDGE('',*,*,#1820,.T.);
#2619=ORIENTED_EDGE('',*,*,#1940,.T.);
#2620=ORIENTED_EDGE('',*,*,#1923,.T.);
#2621=ORIENTED_EDGE('',*,*,#1840,.T.);
#2622=ORIENTED_EDGE('',*,*,#1941,.T.);
#2623=ORIENTED_EDGE('',*,*,#1942,.T.);
#2624=ORIENTED_EDGE('',*,*,#1848,.T.);
#2625=ORIENTED_EDGE('',*,*,#1852,.T.);
#2626=ORIENTED_EDGE('',*,*,#1943,.T.);
#2627=ORIENTED_EDGE('',*,*,#1944,.T.);
#2628=ORIENTED_EDGE('',*,*,#1945,.T.);
#2629=ORIENTED_EDGE('',*,*,#1874,.T.);
#2630=ORIENTED_EDGE('',*,*,#1876,.T.);
#2631=ORIENTED_EDGE('',*,*,#1946,.T.);
#2632=ORIENTED_EDGE('',*,*,#1944,.F.);
#2633=ORIENTED_EDGE('',*,*,#1914,.T.);
#2634=ORIENTED_EDGE('',*,*,#1872,.T.);
#2635=ORIENTED_EDGE('',*,*,#1947,.T.);
#2636=ORIENTED_EDGE('',*,*,#1903,.T.);
#2637=ORIENTED_EDGE('',*,*,#1905,.T.);
#2638=ORIENTED_EDGE('',*,*,#1948,.T.);
#2639=ORIENTED_EDGE('',*,*,#1898,.F.);
#2640=ORIENTED_EDGE('',*,*,#1907,.F.);
#2641=ORIENTED_EDGE('',*,*,#1949,.F.);
#2642=ORIENTED_EDGE('',*,*,#1950,.F.);
#2643=ORIENTED_EDGE('',*,*,#1951,.F.);
#2644=ORIENTED_EDGE('',*,*,#1949,.T.);
#2645=ORIENTED_EDGE('',*,*,#1913,.F.);
#2646=ORIENTED_EDGE('',*,*,#1881,.F.);
#2647=ORIENTED_EDGE('',*,*,#1885,.F.);
#2648=ORIENTED_EDGE('',*,*,#1952,.F.);
#2649=ORIENTED_EDGE('',*,*,#1887,.F.);
#2650=ORIENTED_EDGE('',*,*,#1891,.F.);
#2651=ORIENTED_EDGE('',*,*,#1919,.F.);
#2652=ORIENTED_EDGE('',*,*,#1855,.F.);
#2653=ORIENTED_EDGE('',*,*,#1859,.F.);
#2654=ORIENTED_EDGE('',*,*,#1865,.F.);
#2655=ORIENTED_EDGE('',*,*,#1920,.F.);
#2656=ORIENTED_EDGE('',*,*,#1953,.F.);
#2657=ORIENTED_EDGE('',*,*,#1954,.F.);
#2658=ORIENTED_EDGE('',*,*,#1861,.F.);
#2659=ORIENTED_EDGE('',*,*,#1955,.F.);
#2660=ORIENTED_EDGE('',*,*,#1953,.T.);
#2661=ORIENTED_EDGE('',*,*,#1928,.F.);
#2662=ORIENTED_EDGE('',*,*,#1823,.F.);
#2663=ORIENTED_EDGE('',*,*,#1827,.F.);
#2664=ORIENTED_EDGE('',*,*,#1956,.F.);
#2665=ORIENTED_EDGE('',*,*,#1829,.F.);
#2666=ORIENTED_EDGE('',*,*,#1833,.F.);
#2667=ORIENTED_EDGE('',*,*,#1934,.F.);
#2668=ORIENTED_EDGE('',*,*,#1791,.F.);
#2669=ORIENTED_EDGE('',*,*,#1795,.F.);
#2670=ORIENTED_EDGE('',*,*,#1932,.F.);
#2671=ORIENTED_EDGE('',*,*,#1933,.F.);
#2672=ORIENTED_EDGE('',*,*,#1835,.F.);
#2673=ORIENTED_EDGE('',*,*,#1926,.F.);
#2674=ORIENTED_EDGE('',*,*,#1927,.F.);
#2675=ORIENTED_EDGE('',*,*,#1921,.F.);
#2676=ORIENTED_EDGE('',*,*,#1867,.F.);
#2677=ORIENTED_EDGE('',*,*,#1917,.F.);
#2678=ORIENTED_EDGE('',*,*,#1918,.F.);
#2679=ORIENTED_EDGE('',*,*,#1893,.F.);
#2680=ORIENTED_EDGE('',*,*,#1911,.F.);
#2681=ORIENTED_EDGE('',*,*,#1912,.F.);
#2682=ORIENTED_EDGE('',*,*,#1908,.F.);
#2683=ORIENTED_EDGE('',*,*,#1900,.F.);
#2684=ORIENTED_EDGE('',*,*,#1904,.F.);
#2685=ORIENTED_EDGE('',*,*,#1947,.F.);
#2686=ORIENTED_EDGE('',*,*,#1871,.F.);
#2687=ORIENTED_EDGE('',*,*,#1875,.F.);
#2688=ORIENTED_EDGE('',*,*,#1945,.F.);
#2689=ORIENTED_EDGE('',*,*,#1943,.F.);
#2690=ORIENTED_EDGE('',*,*,#1851,.F.);
#2691=ORIENTED_EDGE('',*,*,#1924,.F.);
#2692=ORIENTED_EDGE('',*,*,#1940,.F.);
#2693=ORIENTED_EDGE('',*,*,#1819,.F.);
#2694=ORIENTED_EDGE('',*,*,#1930,.F.);
#2695=ORIENTED_EDGE('',*,*,#1938,.F.);
#2696=ORIENTED_EDGE('',*,*,#1936,.F.);
#2697=ORIENTED_EDGE('',*,*,#1803,.F.);
#2698=ORIENTED_EDGE('',*,*,#1779,.T.);
#2699=ORIENTED_EDGE('',*,*,#1957,.F.);
#2700=ORIENTED_EDGE('',*,*,#1958,.T.);
#2701=ORIENTED_EDGE('',*,*,#1787,.F.);
#2702=ORIENTED_EDGE('',*,*,#1768,.T.);
#2703=ORIENTED_EDGE('',*,*,#1959,.T.);
#2704=ORIENTED_EDGE('',*,*,#1757,.T.);
#2705=ORIENTED_EDGE('',*,*,#1960,.T.);
#2706=ORIENTED_EDGE('',*,*,#1957,.T.);
#2707=ORIENTED_EDGE('',*,*,#1782,.T.);
#2708=ORIENTED_EDGE('',*,*,#1961,.T.);
#2709=ORIENTED_EDGE('',*,*,#1765,.T.);
#2710=ORIENTED_EDGE('',*,*,#1767,.T.);
#2711=ORIENTED_EDGE('',*,*,#1962,.T.);
#2712=ORIENTED_EDGE('',*,*,#1747,.T.);
#2713=ORIENTED_EDGE('',*,*,#1963,.F.);
#2714=ORIENTED_EDGE('',*,*,#1964,.T.);
#2715=ORIENTED_EDGE('',*,*,#1755,.F.);
#2716=ORIENTED_EDGE('',*,*,#1759,.T.);
#2717=ORIENTED_EDGE('',*,*,#1763,.T.);
#2718=ORIENTED_EDGE('',*,*,#1965,.T.);
#2719=ORIENTED_EDGE('',*,*,#1752,.T.);
#2720=ORIENTED_EDGE('',*,*,#1754,.T.);
#2721=ORIENTED_EDGE('',*,*,#1966,.T.);
#2722=ORIENTED_EDGE('',*,*,#1963,.T.);
#2723=ORIENTED_EDGE('',*,*,#1750,.T.);
#2724=ORIENTED_EDGE('',*,*,#1967,.T.);
#2725=ORIENTED_EDGE('',*,*,#1776,.T.);
#2726=ORIENTED_EDGE('',*,*,#1778,.T.);
#2727=ORIENTED_EDGE('',*,*,#1968,.T.);
#2728=ORIENTED_EDGE('',*,*,#1770,.T.);
#2729=ORIENTED_EDGE('',*,*,#1774,.T.);
#2730=ORIENTED_EDGE('',*,*,#1969,.T.);
#2731=ORIENTED_EDGE('',*,*,#1784,.T.);
#2732=ORIENTED_EDGE('',*,*,#1786,.T.);
#2733=ORIENTED_EDGE('',*,*,#1970,.T.);
#2734=ORIENTED_EDGE('',*,*,#1971,.F.);
#2735=ORIENTED_EDGE('',*,*,#1958,.F.);
#2736=ORIENTED_EDGE('',*,*,#1962,.F.);
#2737=ORIENTED_EDGE('',*,*,#1972,.F.);
#2738=ORIENTED_EDGE('',*,*,#1760,.F.);
#2739=ORIENTED_EDGE('',*,*,#1966,.F.);
#2740=ORIENTED_EDGE('',*,*,#1753,.F.);
#2741=ORIENTED_EDGE('',*,*,#1965,.F.);
#2742=ORIENTED_EDGE('',*,*,#1762,.F.);
#2743=ORIENTED_EDGE('',*,*,#1766,.F.);
#2744=ORIENTED_EDGE('',*,*,#1961,.F.);
#2745=ORIENTED_EDGE('',*,*,#1781,.F.);
#2746=ORIENTED_EDGE('',*,*,#1785,.F.);
#2747=ORIENTED_EDGE('',*,*,#1969,.F.);
#2748=ORIENTED_EDGE('',*,*,#1773,.F.);
#2749=ORIENTED_EDGE('',*,*,#1777,.F.);
#2750=ORIENTED_EDGE('',*,*,#1967,.F.);
#2751=ORIENTED_EDGE('',*,*,#1749,.F.);
#2752=ORIENTED_EDGE('',*,*,#1964,.F.);
#2753=ORIENTED_EDGE('',*,*,#1968,.F.);
#2754=ORIENTED_EDGE('',*,*,#1973,.F.);
#2755=ORIENTED_EDGE('',*,*,#1771,.F.);
#2756=ORIENTED_EDGE('',*,*,#1970,.F.);
#2757=ORIENTED_EDGE('',*,*,#1974,.F.);
#2758=ORIENTED_EDGE('',*,*,#1975,.F.);
#2759=ORIENTED_EDGE('',*,*,#1976,.T.);
#2760=ORIENTED_EDGE('',*,*,#1939,.F.);
#2761=ORIENTED_EDGE('',*,*,#1807,.F.);
#2762=ORIENTED_EDGE('',*,*,#1811,.F.);
#2763=ORIENTED_EDGE('',*,*,#1817,.F.);
#2764=ORIENTED_EDGE('',*,*,#1941,.F.);
#2765=ORIENTED_EDGE('',*,*,#1839,.F.);
#2766=ORIENTED_EDGE('',*,*,#1843,.F.);
#2767=ORIENTED_EDGE('',*,*,#1977,.F.);
#2768=ORIENTED_EDGE('',*,*,#1813,.F.);
#2769=ORIENTED_EDGE('',*,*,#1849,.F.);
#2770=ORIENTED_EDGE('',*,*,#1942,.F.);
#2771=ORIENTED_EDGE('',*,*,#1978,.F.);
#2772=ORIENTED_EDGE('',*,*,#1979,.F.);
#2773=ORIENTED_EDGE('',*,*,#1845,.F.);
#2774=ORIENTED_EDGE('',*,*,#1980,.F.);
#2775=ORIENTED_EDGE('',*,*,#1978,.T.);
#2776=ORIENTED_EDGE('',*,*,#1946,.F.);
#2777=ORIENTED_EDGE('',*,*,#1915,.F.);
#2778=ORIENTED_EDGE('',*,*,#1948,.F.);
#2779=ORIENTED_EDGE('',*,*,#1981,.F.);
#2780=ORIENTED_EDGE('',*,*,#1801,.F.);
#2781=ORIENTED_EDGE('',*,*,#1935,.F.);
#2782=ORIENTED_EDGE('',*,*,#1976,.F.);
#2783=ORIENTED_EDGE('',*,*,#1982,.F.);
#2784=ORIENTED_EDGE('',*,*,#1797,.F.);
#2785=ORIENTED_EDGE('',*,*,#1983,.F.);
#2786=ORIENTED_EDGE('',*,*,#1984,.F.);
#2787=ORIENTED_EDGE('',*,*,#1985,.F.);
#2788=ORIENTED_EDGE('',*,*,#1986,.T.);
#2789=ORIENTED_EDGE('',*,*,#1987,.F.);
#2790=ORIENTED_EDGE('',*,*,#1986,.F.);
#2791=ORIENTED_EDGE('',*,*,#1988,.F.);
#2792=ORIENTED_EDGE('',*,*,#1989,.T.);
#2793=ORIENTED_EDGE('',*,*,#1990,.F.);
#2794=ORIENTED_EDGE('',*,*,#1989,.F.);
#2795=ORIENTED_EDGE('',*,*,#1991,.F.);
#2796=ORIENTED_EDGE('',*,*,#1992,.T.);
#2797=ORIENTED_EDGE('',*,*,#1993,.F.);
#2798=ORIENTED_EDGE('',*,*,#1992,.F.);
#2799=ORIENTED_EDGE('',*,*,#1994,.F.);
#2800=ORIENTED_EDGE('',*,*,#1984,.T.);
#2801=ORIENTED_EDGE('',*,*,#1995,.F.);
#2802=ORIENTED_EDGE('',*,*,#1996,.F.);
#2803=ORIENTED_EDGE('',*,*,#1997,.F.);
#2804=ORIENTED_EDGE('',*,*,#1998,.T.);
#2805=ORIENTED_EDGE('',*,*,#1999,.F.);
#2806=ORIENTED_EDGE('',*,*,#1998,.F.);
#2807=ORIENTED_EDGE('',*,*,#2000,.F.);
#2808=ORIENTED_EDGE('',*,*,#2001,.T.);
#2809=ORIENTED_EDGE('',*,*,#2002,.F.);
#2810=ORIENTED_EDGE('',*,*,#2001,.F.);
#2811=ORIENTED_EDGE('',*,*,#2003,.F.);
#2812=ORIENTED_EDGE('',*,*,#2004,.T.);
#2813=ORIENTED_EDGE('',*,*,#2005,.F.);
#2814=ORIENTED_EDGE('',*,*,#2004,.F.);
#2815=ORIENTED_EDGE('',*,*,#2006,.F.);
#2816=ORIENTED_EDGE('',*,*,#1996,.T.);
#2817=ORIENTED_EDGE('',*,*,#2007,.F.);
#2818=ORIENTED_EDGE('',*,*,#2008,.F.);
#2819=ORIENTED_EDGE('',*,*,#2009,.F.);
#2820=ORIENTED_EDGE('',*,*,#2010,.T.);
#2821=ORIENTED_EDGE('',*,*,#2011,.F.);
#2822=ORIENTED_EDGE('',*,*,#2010,.F.);
#2823=ORIENTED_EDGE('',*,*,#2012,.F.);
#2824=ORIENTED_EDGE('',*,*,#2013,.T.);
#2825=ORIENTED_EDGE('',*,*,#2014,.F.);
#2826=ORIENTED_EDGE('',*,*,#2013,.F.);
#2827=ORIENTED_EDGE('',*,*,#2015,.F.);
#2828=ORIENTED_EDGE('',*,*,#2016,.T.);
#2829=ORIENTED_EDGE('',*,*,#2017,.F.);
#2830=ORIENTED_EDGE('',*,*,#2016,.F.);
#2831=ORIENTED_EDGE('',*,*,#2018,.F.);
#2832=ORIENTED_EDGE('',*,*,#2008,.T.);
#2833=ORIENTED_EDGE('',*,*,#2019,.F.);
#2834=ORIENTED_EDGE('',*,*,#2020,.F.);
#2835=ORIENTED_EDGE('',*,*,#2021,.F.);
#2836=ORIENTED_EDGE('',*,*,#2022,.T.);
#2837=ORIENTED_EDGE('',*,*,#2023,.F.);
#2838=ORIENTED_EDGE('',*,*,#2022,.F.);
#2839=ORIENTED_EDGE('',*,*,#2024,.F.);
#2840=ORIENTED_EDGE('',*,*,#2025,.T.);
#2841=ORIENTED_EDGE('',*,*,#2026,.F.);
#2842=ORIENTED_EDGE('',*,*,#2025,.F.);
#2843=ORIENTED_EDGE('',*,*,#2027,.F.);
#2844=ORIENTED_EDGE('',*,*,#2028,.T.);
#2845=ORIENTED_EDGE('',*,*,#2029,.F.);
#2846=ORIENTED_EDGE('',*,*,#2028,.F.);
#2847=ORIENTED_EDGE('',*,*,#2030,.F.);
#2848=ORIENTED_EDGE('',*,*,#2020,.T.);
#2849=ORIENTED_EDGE('',*,*,#2031,.F.);
#2850=ORIENTED_EDGE('',*,*,#2032,.F.);
#2851=ORIENTED_EDGE('',*,*,#2033,.F.);
#2852=ORIENTED_EDGE('',*,*,#2034,.T.);
#2853=ORIENTED_EDGE('',*,*,#2035,.F.);
#2854=ORIENTED_EDGE('',*,*,#2034,.F.);
#2855=ORIENTED_EDGE('',*,*,#2036,.F.);
#2856=ORIENTED_EDGE('',*,*,#2037,.T.);
#2857=ORIENTED_EDGE('',*,*,#2038,.F.);
#2858=ORIENTED_EDGE('',*,*,#2037,.F.);
#2859=ORIENTED_EDGE('',*,*,#2039,.F.);
#2860=ORIENTED_EDGE('',*,*,#2040,.T.);
#2861=ORIENTED_EDGE('',*,*,#2041,.F.);
#2862=ORIENTED_EDGE('',*,*,#2040,.F.);
#2863=ORIENTED_EDGE('',*,*,#2042,.F.);
#2864=ORIENTED_EDGE('',*,*,#2032,.T.);
#2865=ORIENTED_EDGE('',*,*,#2043,.F.);
#2866=ORIENTED_EDGE('',*,*,#2044,.F.);
#2867=ORIENTED_EDGE('',*,*,#2045,.F.);
#2868=ORIENTED_EDGE('',*,*,#2046,.T.);
#2869=ORIENTED_EDGE('',*,*,#2047,.F.);
#2870=ORIENTED_EDGE('',*,*,#2046,.F.);
#2871=ORIENTED_EDGE('',*,*,#2048,.F.);
#2872=ORIENTED_EDGE('',*,*,#2049,.T.);
#2873=ORIENTED_EDGE('',*,*,#2050,.F.);
#2874=ORIENTED_EDGE('',*,*,#2049,.F.);
#2875=ORIENTED_EDGE('',*,*,#2051,.F.);
#2876=ORIENTED_EDGE('',*,*,#2052,.T.);
#2877=ORIENTED_EDGE('',*,*,#2053,.F.);
#2878=ORIENTED_EDGE('',*,*,#2052,.F.);
#2879=ORIENTED_EDGE('',*,*,#2054,.F.);
#2880=ORIENTED_EDGE('',*,*,#2044,.T.);
#2881=ORIENTED_EDGE('',*,*,#2055,.T.);
#2882=ORIENTED_EDGE('',*,*,#2056,.T.);
#2883=ORIENTED_EDGE('',*,*,#2057,.T.);
#2884=ORIENTED_EDGE('',*,*,#2058,.T.);
#2885=ORIENTED_EDGE('',*,*,#2059,.T.);
#2886=ORIENTED_EDGE('',*,*,#2060,.T.);
#2887=ORIENTED_EDGE('',*,*,#2057,.F.);
#2888=ORIENTED_EDGE('',*,*,#2061,.T.);
#2889=ORIENTED_EDGE('',*,*,#2062,.T.);
#2890=ORIENTED_EDGE('',*,*,#2063,.T.);
#2891=ORIENTED_EDGE('',*,*,#2059,.F.);
#2892=ORIENTED_EDGE('',*,*,#2064,.T.);
#2893=ORIENTED_EDGE('',*,*,#2065,.T.);
#2894=ORIENTED_EDGE('',*,*,#2066,.T.);
#2895=ORIENTED_EDGE('',*,*,#2062,.F.);
#2896=ORIENTED_EDGE('',*,*,#2067,.T.);
#2897=ORIENTED_EDGE('',*,*,#2068,.T.);
#2898=ORIENTED_EDGE('',*,*,#2069,.T.);
#2899=ORIENTED_EDGE('',*,*,#2065,.F.);
#2900=ORIENTED_EDGE('',*,*,#2070,.T.);
#2901=ORIENTED_EDGE('',*,*,#2071,.T.);
#2902=ORIENTED_EDGE('',*,*,#2072,.T.);
#2903=ORIENTED_EDGE('',*,*,#2068,.F.);
#2904=ORIENTED_EDGE('',*,*,#2073,.T.);
#2905=ORIENTED_EDGE('',*,*,#2074,.T.);
#2906=ORIENTED_EDGE('',*,*,#2075,.T.);
#2907=ORIENTED_EDGE('',*,*,#2071,.F.);
#2908=ORIENTED_EDGE('',*,*,#2076,.T.);
#2909=ORIENTED_EDGE('',*,*,#2055,.F.);
#2910=ORIENTED_EDGE('',*,*,#2077,.T.);
#2911=ORIENTED_EDGE('',*,*,#2074,.F.);
#2912=ORIENTED_EDGE('',*,*,#2078,.T.);
#2913=ORIENTED_EDGE('',*,*,#2072,.F.);
#2914=ORIENTED_EDGE('',*,*,#2079,.T.);
#2915=ORIENTED_EDGE('',*,*,#2080,.T.);
#2916=ORIENTED_EDGE('',*,*,#2081,.T.);
#2917=ORIENTED_EDGE('',*,*,#2075,.F.);
#2918=ORIENTED_EDGE('',*,*,#2082,.F.);
#2919=ORIENTED_EDGE('',*,*,#2083,.F.);
#2920=ORIENTED_EDGE('',*,*,#2084,.T.);
#2921=ORIENTED_EDGE('',*,*,#2085,.T.);
#2922=ORIENTED_EDGE('',*,*,#2086,.T.);
#2923=ORIENTED_EDGE('',*,*,#2087,.F.);
#2924=ORIENTED_EDGE('',*,*,#2079,.F.);
#2925=ORIENTED_EDGE('',*,*,#2077,.F.);
#2926=ORIENTED_EDGE('',*,*,#2088,.T.);
#2927=ORIENTED_EDGE('',*,*,#2089,.T.);
#2928=ORIENTED_EDGE('',*,*,#2082,.T.);
#2929=ORIENTED_EDGE('',*,*,#2058,.F.);
#2930=ORIENTED_EDGE('',*,*,#2090,.F.);
#2931=ORIENTED_EDGE('',*,*,#2091,.F.);
#2932=ORIENTED_EDGE('',*,*,#2088,.F.);
#2933=ORIENTED_EDGE('',*,*,#2056,.F.);
#2934=ORIENTED_EDGE('',*,*,#2078,.F.);
#2935=ORIENTED_EDGE('',*,*,#2076,.F.);
#2936=ORIENTED_EDGE('',*,*,#2073,.F.);
#2937=ORIENTED_EDGE('',*,*,#2070,.F.);
#2938=ORIENTED_EDGE('',*,*,#2067,.F.);
#2939=ORIENTED_EDGE('',*,*,#2064,.F.);
#2940=ORIENTED_EDGE('',*,*,#2061,.F.);
#2941=ORIENTED_EDGE('',*,*,#1973,.T.);
#2942=ORIENTED_EDGE('',*,*,#1959,.F.);
#2943=ORIENTED_EDGE('',*,*,#1974,.T.);
#2944=ORIENTED_EDGE('',*,*,#1788,.F.);
#2945=ORIENTED_EDGE('',*,*,#1971,.T.);
#2946=ORIENTED_EDGE('',*,*,#1960,.F.);
#2947=ORIENTED_EDGE('',*,*,#1972,.T.);
#2948=ORIENTED_EDGE('',*,*,#1756,.F.);
#2949=ORIENTED_EDGE('',*,*,#1975,.T.);
#2950=ORIENTED_EDGE('',*,*,#1810,.F.);
#2951=ORIENTED_EDGE('',*,*,#1814,.F.);
#2952=ORIENTED_EDGE('',*,*,#1977,.T.);
#2953=ORIENTED_EDGE('',*,*,#1842,.F.);
#2954=ORIENTED_EDGE('',*,*,#1846,.F.);
#2955=ORIENTED_EDGE('',*,*,#1979,.T.);
#2956=ORIENTED_EDGE('',*,*,#1980,.T.);
#2957=ORIENTED_EDGE('',*,*,#1878,.F.);
#2958=ORIENTED_EDGE('',*,*,#1981,.T.);
#2959=ORIENTED_EDGE('',*,*,#1906,.F.);
#2960=ORIENTED_EDGE('',*,*,#1950,.T.);
#2961=ORIENTED_EDGE('',*,*,#1951,.T.);
#2962=ORIENTED_EDGE('',*,*,#1884,.F.);
#2963=ORIENTED_EDGE('',*,*,#1888,.F.);
#2964=ORIENTED_EDGE('',*,*,#1952,.T.);
#2965=ORIENTED_EDGE('',*,*,#1858,.F.);
#2966=ORIENTED_EDGE('',*,*,#1862,.F.);
#2967=ORIENTED_EDGE('',*,*,#1954,.T.);
#2968=ORIENTED_EDGE('',*,*,#1955,.T.);
#2969=ORIENTED_EDGE('',*,*,#1826,.F.);
#2970=ORIENTED_EDGE('',*,*,#1830,.F.);
#2971=ORIENTED_EDGE('',*,*,#1956,.T.);
#2972=ORIENTED_EDGE('',*,*,#1794,.F.);
#2973=ORIENTED_EDGE('',*,*,#1798,.F.);
#2974=ORIENTED_EDGE('',*,*,#1982,.T.);
#2975=ORIENTED_EDGE('',*,*,#1991,.T.);
#2976=ORIENTED_EDGE('',*,*,#1988,.T.);
#2977=ORIENTED_EDGE('',*,*,#1985,.T.);
#2978=ORIENTED_EDGE('',*,*,#1994,.T.);
#2979=ORIENTED_EDGE('',*,*,#2003,.T.);
#2980=ORIENTED_EDGE('',*,*,#2000,.T.);
#2981=ORIENTED_EDGE('',*,*,#1997,.T.);
#2982=ORIENTED_EDGE('',*,*,#2006,.T.);
#2983=ORIENTED_EDGE('',*,*,#2015,.T.);
#2984=ORIENTED_EDGE('',*,*,#2012,.T.);
#2985=ORIENTED_EDGE('',*,*,#2009,.T.);
#2986=ORIENTED_EDGE('',*,*,#2018,.T.);
#2987=ORIENTED_EDGE('',*,*,#2027,.T.);
#2988=ORIENTED_EDGE('',*,*,#2024,.T.);
#2989=ORIENTED_EDGE('',*,*,#2021,.T.);
#2990=ORIENTED_EDGE('',*,*,#2030,.T.);
#2991=ORIENTED_EDGE('',*,*,#2039,.T.);
#2992=ORIENTED_EDGE('',*,*,#2036,.T.);
#2993=ORIENTED_EDGE('',*,*,#2033,.T.);
#2994=ORIENTED_EDGE('',*,*,#2042,.T.);
#2995=ORIENTED_EDGE('',*,*,#2051,.T.);
#2996=ORIENTED_EDGE('',*,*,#2048,.T.);
#2997=ORIENTED_EDGE('',*,*,#2045,.T.);
#2998=ORIENTED_EDGE('',*,*,#2054,.T.);
#2999=ORIENTED_EDGE('',*,*,#2089,.F.);
#3000=ORIENTED_EDGE('',*,*,#2091,.T.);
#3001=ORIENTED_EDGE('',*,*,#2092,.F.);
#3002=ORIENTED_EDGE('',*,*,#2093,.T.);
#3003=ORIENTED_EDGE('',*,*,#2094,.T.);
#3004=ORIENTED_EDGE('',*,*,#2095,.T.);
#3005=ORIENTED_EDGE('',*,*,#2096,.T.);
#3006=ORIENTED_EDGE('',*,*,#2097,.T.);
#3007=ORIENTED_EDGE('',*,*,#2098,.T.);
#3008=ORIENTED_EDGE('',*,*,#2083,.T.);
#3009=ORIENTED_EDGE('',*,*,#2069,.F.);
#3010=ORIENTED_EDGE('',*,*,#2081,.F.);
#3011=ORIENTED_EDGE('',*,*,#2099,.F.);
#3012=ORIENTED_EDGE('',*,*,#2100,.F.);
#3013=ORIENTED_EDGE('',*,*,#2080,.F.);
#3014=ORIENTED_EDGE('',*,*,#2087,.T.);
#3015=ORIENTED_EDGE('',*,*,#2101,.T.);
#3016=ORIENTED_EDGE('',*,*,#2102,.T.);
#3017=ORIENTED_EDGE('',*,*,#2103,.T.);
#3018=ORIENTED_EDGE('',*,*,#2104,.T.);
#3019=ORIENTED_EDGE('',*,*,#2105,.T.);
#3020=ORIENTED_EDGE('',*,*,#2106,.T.);
#3021=ORIENTED_EDGE('',*,*,#2107,.F.);
#3022=ORIENTED_EDGE('',*,*,#2099,.T.);
#3023=ORIENTED_EDGE('',*,*,#2066,.F.);
#3024=ORIENTED_EDGE('',*,*,#2100,.T.);
#3025=ORIENTED_EDGE('',*,*,#2107,.T.);
#3026=ORIENTED_EDGE('',*,*,#2108,.T.);
#3027=ORIENTED_EDGE('',*,*,#2063,.F.);
#3028=ORIENTED_EDGE('',*,*,#2108,.F.);
#3029=ORIENTED_EDGE('',*,*,#2106,.F.);
#3030=ORIENTED_EDGE('',*,*,#2109,.T.);
#3031=ORIENTED_EDGE('',*,*,#2110,.T.);
#3032=ORIENTED_EDGE('',*,*,#2111,.T.);
#3033=ORIENTED_EDGE('',*,*,#2093,.F.);
#3034=ORIENTED_EDGE('',*,*,#2112,.F.);
#3035=ORIENTED_EDGE('',*,*,#2060,.F.);
#3036=ORIENTED_EDGE('',*,*,#2112,.T.);
#3037=ORIENTED_EDGE('',*,*,#2092,.T.);
#3038=ORIENTED_EDGE('',*,*,#2090,.T.);
#3039=ORIENTED_EDGE('',*,*,#2113,.F.);
#3040=ORIENTED_EDGE('',*,*,#2114,.F.);
#3041=ORIENTED_EDGE('',*,*,#2115,.F.);
#3042=ORIENTED_EDGE('',*,*,#2116,.F.);
#3043=ORIENTED_EDGE('',*,*,#2117,.F.);
#3044=ORIENTED_EDGE('',*,*,#2118,.F.);
#3045=ORIENTED_EDGE('',*,*,#2119,.F.);
#3046=ORIENTED_EDGE('',*,*,#2110,.F.);
#3047=ORIENTED_EDGE('',*,*,#1990,.T.);
#3048=ORIENTED_EDGE('',*,*,#1993,.T.);
#3049=ORIENTED_EDGE('',*,*,#1983,.T.);
#3050=ORIENTED_EDGE('',*,*,#1987,.T.);
#3051=ORIENTED_EDGE('',*,*,#2002,.T.);
#3052=ORIENTED_EDGE('',*,*,#2005,.T.);
#3053=ORIENTED_EDGE('',*,*,#1995,.T.);
#3054=ORIENTED_EDGE('',*,*,#1999,.T.);
#3055=ORIENTED_EDGE('',*,*,#2014,.T.);
#3056=ORIENTED_EDGE('',*,*,#2017,.T.);
#3057=ORIENTED_EDGE('',*,*,#2007,.T.);
#3058=ORIENTED_EDGE('',*,*,#2011,.T.);
#3059=ORIENTED_EDGE('',*,*,#2026,.T.);
#3060=ORIENTED_EDGE('',*,*,#2029,.T.);
#3061=ORIENTED_EDGE('',*,*,#2019,.T.);
#3062=ORIENTED_EDGE('',*,*,#2023,.T.);
#3063=ORIENTED_EDGE('',*,*,#2038,.T.);
#3064=ORIENTED_EDGE('',*,*,#2041,.T.);
#3065=ORIENTED_EDGE('',*,*,#2031,.T.);
#3066=ORIENTED_EDGE('',*,*,#2035,.T.);
#3067=ORIENTED_EDGE('',*,*,#2050,.T.);
#3068=ORIENTED_EDGE('',*,*,#2053,.T.);
#3069=ORIENTED_EDGE('',*,*,#2043,.T.);
#3070=ORIENTED_EDGE('',*,*,#2047,.T.);
#3071=ORIENTED_EDGE('',*,*,#2120,.T.);
#3072=ORIENTED_EDGE('',*,*,#2095,.F.);
#3073=ORIENTED_EDGE('',*,*,#2121,.T.);
#3074=ORIENTED_EDGE('',*,*,#2118,.T.);
#3075=ORIENTED_EDGE('',*,*,#2122,.T.);
#3076=ORIENTED_EDGE('',*,*,#2096,.F.);
#3077=ORIENTED_EDGE('',*,*,#2120,.F.);
#3078=ORIENTED_EDGE('',*,*,#2117,.T.);
#3079=ORIENTED_EDGE('',*,*,#2094,.F.);
#3080=ORIENTED_EDGE('',*,*,#2111,.F.);
#3081=ORIENTED_EDGE('',*,*,#2119,.T.);
#3082=ORIENTED_EDGE('',*,*,#2121,.F.);
#3083=ORIENTED_EDGE('',*,*,#2105,.F.);
#3084=ORIENTED_EDGE('',*,*,#2123,.F.);
#3085=ORIENTED_EDGE('',*,*,#2113,.T.);
#3086=ORIENTED_EDGE('',*,*,#2109,.F.);
#3087=ORIENTED_EDGE('',*,*,#2098,.F.);
#3088=ORIENTED_EDGE('',*,*,#2124,.F.);
#3089=ORIENTED_EDGE('',*,*,#2125,.T.);
#3090=ORIENTED_EDGE('',*,*,#2084,.F.);
#3091=ORIENTED_EDGE('',*,*,#2101,.F.);
#3092=ORIENTED_EDGE('',*,*,#2086,.F.);
#3093=ORIENTED_EDGE('',*,*,#2126,.T.);
#3094=ORIENTED_EDGE('',*,*,#2127,.F.);
#3095=ORIENTED_EDGE('',*,*,#2126,.F.);
#3096=ORIENTED_EDGE('',*,*,#2085,.F.);
#3097=ORIENTED_EDGE('',*,*,#2125,.F.);
#3098=ORIENTED_EDGE('',*,*,#2128,.F.);
#3099=ORIENTED_EDGE('',*,*,#2129,.T.);
#3100=ORIENTED_EDGE('',*,*,#2102,.F.);
#3101=ORIENTED_EDGE('',*,*,#2127,.T.);
#3102=ORIENTED_EDGE('',*,*,#2128,.T.);
#3103=ORIENTED_EDGE('',*,*,#2124,.T.);
#3104=ORIENTED_EDGE('',*,*,#2097,.F.);
#3105=ORIENTED_EDGE('',*,*,#2122,.F.);
#3106=ORIENTED_EDGE('',*,*,#2116,.T.);
#3107=ORIENTED_EDGE('',*,*,#2123,.T.);
#3108=ORIENTED_EDGE('',*,*,#2104,.F.);
#3109=ORIENTED_EDGE('',*,*,#2130,.F.);
#3110=ORIENTED_EDGE('',*,*,#2114,.T.);
#3111=ORIENTED_EDGE('',*,*,#2130,.T.);
#3112=ORIENTED_EDGE('',*,*,#2103,.F.);
#3113=ORIENTED_EDGE('',*,*,#2129,.F.);
#3114=ORIENTED_EDGE('',*,*,#2115,.T.);
#3115=PLANE('',#3440);
#3116=PLANE('',#3444);
#3117=PLANE('',#3445);
#3118=PLANE('',#3446);
#3119=PLANE('',#3447);
#3120=PLANE('',#3448);
#3121=PLANE('',#3449);
#3122=PLANE('',#3450);
#3123=PLANE('',#3454);
#3124=PLANE('',#3455);
#3125=PLANE('',#3456);
#3126=PLANE('',#3457);
#3127=PLANE('',#3458);
#3128=PLANE('',#3459);
#3129=PLANE('',#3460);
#3130=PLANE('',#3464);
#3131=PLANE('',#3465);
#3132=PLANE('',#3466);
#3133=PLANE('',#3467);
#3134=PLANE('',#3468);
#3135=PLANE('',#3469);
#3136=PLANE('',#3470);
#3137=PLANE('',#3474);
#3138=PLANE('',#3475);
#3139=PLANE('',#3476);
#3140=PLANE('',#3477);
#3141=PLANE('',#3478);
#3142=PLANE('',#3479);
#3143=PLANE('',#3480);
#3144=PLANE('',#3484);
#3145=PLANE('',#3485);
#3146=PLANE('',#3486);
#3147=PLANE('',#3487);
#3148=PLANE('',#3488);
#3149=PLANE('',#3489);
#3150=PLANE('',#3490);
#3151=PLANE('',#3494);
#3152=PLANE('',#3495);
#3153=PLANE('',#3496);
#3154=PLANE('',#3497);
#3155=PLANE('',#3498);
#3156=PLANE('',#3499);
#3157=PLANE('',#3630);
#3158=PLANE('',#3631);
#3159=PLANE('',#3632);
#3160=PLANE('',#3633);
#3161=PLANE('',#3634);
#3162=PLANE('',#3635);
#3163=PLANE('',#3636);
#3164=PLANE('',#3647);
#3165=PLANE('',#3648);
#3166=PLANE('',#3649);
#3167=PLANE('',#3650);
#3168=PLANE('',#3651);
#3169=PLANE('',#3652);
#3170=PLANE('',#3653);
#3171=PLANE('',#3654);
#3172=PLANE('',#3655);
#3173=PLANE('',#3656);
#3174=PLANE('',#3657);
#3175=PLANE('',#3658);
#3176=PLANE('',#3659);
#3177=PLANE('',#3660);
#3178=PLANE('',#3661);
#3179=PLANE('',#3662);
#3180=PLANE('',#3663);
#3181=PLANE('',#3664);
#3182=PLANE('',#3665);
#3183=PLANE('',#3666);
#3184=PLANE('',#3667);
#3185=PLANE('',#3668);
#3186=PLANE('',#3669);
#3187=PLANE('',#3670);
#3188=PLANE('',#3671);
#3189=PLANE('',#3672);
#3190=PLANE('',#3673);
#3191=PLANE('',#3674);
#3192=PLANE('',#3675);
#3193=PLANE('',#3676);
#3194=PLANE('',#3677);
#3195=PLANE('',#3678);
#3196=PLANE('',#3679);
#3197=PLANE('',#3680);
#3198=PLANE('',#3681);
#3199=PLANE('',#3708);
#3200=PLANE('',#3711);
#3201=PLANE('',#3712);
#3202=PLANE('',#3713);
#3203=PLANE('',#3715);
#3204=PLANE('',#3716);
#3205=PLANE('',#3719);
#3206=PLANE('',#3721);
#3207=PLANE('',#3722);
#3208=PLANE('',#3723);
#3209=PLANE('',#3724);
#3210=PLANE('',#3725);
#3211=PLANE('',#3726);
#3212=PLANE('',#3727);
#3213=PLANE('',#3728);
#3214=PLANE('',#3729);
#3215=PLANE('',#3730);
#3216=PLANE('',#3731);
#3217=ADVANCED_FACE('',(#211),#3115,.F.);
#3218=ADVANCED_FACE('',(#212),#181,.T.);
#3219=ADVANCED_FACE('',(#213),#3116,.T.);
#3220=ADVANCED_FACE('',(#214),#3117,.T.);
#3221=ADVANCED_FACE('',(#215),#3118,.T.);
#3222=ADVANCED_FACE('',(#216),#3119,.T.);
#3223=ADVANCED_FACE('',(#217),#3120,.F.);
#3224=ADVANCED_FACE('',(#218),#3121,.T.);
#3225=ADVANCED_FACE('',(#219),#3122,.F.);
#3226=ADVANCED_FACE('',(#220),#182,.T.);
#3227=ADVANCED_FACE('',(#221),#3123,.T.);
#3228=ADVANCED_FACE('',(#222),#3124,.T.);
#3229=ADVANCED_FACE('',(#223),#3125,.T.);
#3230=ADVANCED_FACE('',(#224),#3126,.T.);
#3231=ADVANCED_FACE('',(#225),#3127,.T.);
#3232=ADVANCED_FACE('',(#226),#3128,.T.);
#3233=ADVANCED_FACE('',(#227),#3129,.F.);
#3234=ADVANCED_FACE('',(#228),#183,.T.);
#3235=ADVANCED_FACE('',(#229),#3130,.T.);
#3236=ADVANCED_FACE('',(#230),#3131,.T.);
#3237=ADVANCED_FACE('',(#231),#3132,.T.);
#3238=ADVANCED_FACE('',(#232),#3133,.T.);
#3239=ADVANCED_FACE('',(#233),#3134,.F.);
#3240=ADVANCED_FACE('',(#234),#3135,.T.);
#3241=ADVANCED_FACE('',(#235),#3136,.F.);
#3242=ADVANCED_FACE('',(#236),#184,.T.);
#3243=ADVANCED_FACE('',(#237),#3137,.T.);
#3244=ADVANCED_FACE('',(#238),#3138,.T.);
#3245=ADVANCED_FACE('',(#239),#3139,.T.);
#3246=ADVANCED_FACE('',(#240),#3140,.T.);
#3247=ADVANCED_FACE('',(#241),#3141,.F.);
#3248=ADVANCED_FACE('',(#242),#3142,.T.);
#3249=ADVANCED_FACE('',(#243),#3143,.F.);
#3250=ADVANCED_FACE('',(#244),#185,.T.);
#3251=ADVANCED_FACE('',(#245),#3144,.T.);
#3252=ADVANCED_FACE('',(#246),#3145,.T.);
#3253=ADVANCED_FACE('',(#247),#3146,.T.);
#3254=ADVANCED_FACE('',(#248),#3147,.T.);
#3255=ADVANCED_FACE('',(#249),#3148,.F.);
#3256=ADVANCED_FACE('',(#250),#3149,.T.);
#3257=ADVANCED_FACE('',(#251),#3150,.F.);
#3258=ADVANCED_FACE('',(#252),#186,.T.);
#3259=ADVANCED_FACE('',(#253),#3151,.T.);
#3260=ADVANCED_FACE('',(#254),#3152,.T.);
#3261=ADVANCED_FACE('',(#255),#3153,.T.);
#3262=ADVANCED_FACE('',(#256),#3154,.T.);
#3263=ADVANCED_FACE('',(#257),#3155,.T.);
#3264=ADVANCED_FACE('',(#258),#3156,.F.);
#3265=ADVANCED_FACE('',(#259),#97,.T.);
#3266=ADVANCED_FACE('',(#260),#98,.T.);
#3267=ADVANCED_FACE('',(#261),#99,.T.);
#3268=ADVANCED_FACE('',(#262),#100,.T.);
#3269=ADVANCED_FACE('',(#263),#101,.T.);
#3270=ADVANCED_FACE('',(#264),#102,.T.);
#3271=ADVANCED_FACE('',(#265),#103,.T.);
#3272=ADVANCED_FACE('',(#266),#104,.T.);
#3273=ADVANCED_FACE('',(#267),#105,.T.);
#3274=ADVANCED_FACE('',(#268),#106,.T.);
#3275=ADVANCED_FACE('',(#269),#107,.T.);
#3276=ADVANCED_FACE('',(#270),#108,.T.);
#3277=ADVANCED_FACE('',(#271),#109,.T.);
#3278=ADVANCED_FACE('',(#272),#110,.T.);
#3279=ADVANCED_FACE('',(#273),#111,.T.);
#3280=ADVANCED_FACE('',(#274),#112,.T.);
#3281=ADVANCED_FACE('',(#275),#113,.T.);
#3282=ADVANCED_FACE('',(#276),#114,.T.);
#3283=ADVANCED_FACE('',(#277),#115,.T.);
#3284=ADVANCED_FACE('',(#278),#116,.T.);
#3285=ADVANCED_FACE('',(#279),#117,.T.);
#3286=ADVANCED_FACE('',(#280),#118,.T.);
#3287=ADVANCED_FACE('',(#281),#119,.T.);
#3288=ADVANCED_FACE('',(#282),#120,.T.);
#3289=ADVANCED_FACE('',(#283),#121,.T.);
#3290=ADVANCED_FACE('',(#284),#122,.T.);
#3291=ADVANCED_FACE('',(#285),#123,.T.);
#3292=ADVANCED_FACE('',(#286),#124,.T.);
#3293=ADVANCED_FACE('',(#287),#125,.T.);
#3294=ADVANCED_FACE('',(#288),#126,.T.);
#3295=ADVANCED_FACE('',(#289),#127,.T.);
#3296=ADVANCED_FACE('',(#290),#128,.T.);
#3297=ADVANCED_FACE('',(#291),#129,.T.);
#3298=ADVANCED_FACE('',(#292),#130,.T.);
#3299=ADVANCED_FACE('',(#293),#131,.T.);
#3300=ADVANCED_FACE('',(#294),#132,.T.);
#3301=ADVANCED_FACE('',(#295),#133,.T.);
#3302=ADVANCED_FACE('',(#296),#134,.T.);
#3303=ADVANCED_FACE('',(#297),#135,.T.);
#3304=ADVANCED_FACE('',(#298),#136,.T.);
#3305=ADVANCED_FACE('',(#299),#137,.T.);
#3306=ADVANCED_FACE('',(#300),#138,.T.);
#3307=ADVANCED_FACE('',(#301),#139,.T.);
#3308=ADVANCED_FACE('',(#302),#140,.T.);
#3309=ADVANCED_FACE('',(#303),#141,.T.);
#3310=ADVANCED_FACE('',(#304),#142,.T.);
#3311=ADVANCED_FACE('',(#305),#143,.T.);
#3312=ADVANCED_FACE('',(#306),#144,.T.);
#3313=ADVANCED_FACE('',(#307),#145,.T.);
#3314=ADVANCED_FACE('',(#308),#146,.T.);
#3315=ADVANCED_FACE('',(#309),#147,.T.);
#3316=ADVANCED_FACE('',(#310),#148,.T.);
#3317=ADVANCED_FACE('',(#311),#149,.T.);
#3318=ADVANCED_FACE('',(#312),#150,.T.);
#3319=ADVANCED_FACE('',(#313),#151,.T.);
#3320=ADVANCED_FACE('',(#314),#187,.T.);
#3321=ADVANCED_FACE('',(#315),#152,.T.);
#3322=ADVANCED_FACE('',(#316),#188,.T.);
#3323=ADVANCED_FACE('',(#317),#153,.T.);
#3324=ADVANCED_FACE('',(#318),#154,.T.);
#3325=ADVANCED_FACE('',(#319),#189,.T.);
#3326=ADVANCED_FACE('',(#320),#190,.T.);
#3327=ADVANCED_FACE('',(#321),#155,.T.);
#3328=ADVANCED_FACE('',(#322),#156,.T.);
#3329=ADVANCED_FACE('',(#323),#191,.T.);
#3330=ADVANCED_FACE('',(#324),#157,.T.);
#3331=ADVANCED_FACE('',(#325),#158,.T.);
#3332=ADVANCED_FACE('',(#326),#192,.T.);
#3333=ADVANCED_FACE('',(#327),#193,.T.);
#3334=ADVANCED_FACE('',(#328),#194,.T.);
#3335=ADVANCED_FACE('',(#329),#195,.T.);
#3336=ADVANCED_FACE('',(#330),#196,.T.);
#3337=ADVANCED_FACE('',(#331),#197,.T.);
#3338=ADVANCED_FACE('',(#332),#198,.T.);
#3339=ADVANCED_FACE('',(#333),#3157,.T.);
#3340=ADVANCED_FACE('',(#334),#3158,.T.);
#3341=ADVANCED_FACE('',(#335),#3159,.T.);
#3342=ADVANCED_FACE('',(#336),#3160,.T.);
#3343=ADVANCED_FACE('',(#337),#3161,.T.);
#3344=ADVANCED_FACE('',(#338),#3162,.T.);
#3345=ADVANCED_FACE('',(#339),#3163,.T.);
#3346=ADVANCED_FACE('',(#340),#159,.T.);
#3347=ADVANCED_FACE('',(#341),#160,.T.);
#3348=ADVANCED_FACE('',(#342),#161,.T.);
#3349=ADVANCED_FACE('',(#343),#199,.T.);
#3350=ADVANCED_FACE('',(#344),#162,.T.);
#3351=ADVANCED_FACE('',(#345),#200,.T.);
#3352=ADVANCED_FACE('',(#346),#201,.T.);
#3353=ADVANCED_FACE('',(#347),#202,.T.);
#3354=ADVANCED_FACE('',(#348),#3164,.T.);
#3355=ADVANCED_FACE('',(#349),#3165,.T.);
#3356=ADVANCED_FACE('',(#350),#3166,.T.);
#3357=ADVANCED_FACE('',(#351),#3167,.T.);
#3358=ADVANCED_FACE('',(#352),#3168,.T.);
#3359=ADVANCED_FACE('',(#353),#3169,.T.);
#3360=ADVANCED_FACE('',(#354),#3170,.T.);
#3361=ADVANCED_FACE('',(#355),#3171,.T.);
#3362=ADVANCED_FACE('',(#356),#3172,.T.);
#3363=ADVANCED_FACE('',(#357),#3173,.T.);
#3364=ADVANCED_FACE('',(#358),#3174,.T.);
#3365=ADVANCED_FACE('',(#359),#3175,.F.);
#3366=ADVANCED_FACE('',(#360),#3176,.F.);
#3367=ADVANCED_FACE('',(#361),#3177,.F.);
#3368=ADVANCED_FACE('',(#362),#3178,.F.);
#3369=ADVANCED_FACE('',(#363),#3179,.F.);
#3370=ADVANCED_FACE('',(#364),#3180,.F.);
#3371=ADVANCED_FACE('',(#365),#3181,.F.);
#3372=ADVANCED_FACE('',(#366),#3182,.F.);
#3373=ADVANCED_FACE('',(#367),#3183,.F.);
#3374=ADVANCED_FACE('',(#368),#3184,.F.);
#3375=ADVANCED_FACE('',(#369),#3185,.F.);
#3376=ADVANCED_FACE('',(#370),#3186,.F.);
#3377=ADVANCED_FACE('',(#371),#3187,.F.);
#3378=ADVANCED_FACE('',(#372),#3188,.F.);
#3379=ADVANCED_FACE('',(#373),#3189,.F.);
#3380=ADVANCED_FACE('',(#374),#3190,.F.);
#3381=ADVANCED_FACE('',(#375),#3191,.F.);
#3382=ADVANCED_FACE('',(#376),#3192,.F.);
#3383=ADVANCED_FACE('',(#377),#3193,.F.);
#3384=ADVANCED_FACE('',(#378),#3194,.F.);
#3385=ADVANCED_FACE('',(#379),#3195,.F.);
#3386=ADVANCED_FACE('',(#380),#3196,.F.);
#3387=ADVANCED_FACE('',(#381),#3197,.F.);
#3388=ADVANCED_FACE('',(#382),#3198,.F.);
#3389=ADVANCED_FACE('',(#383),#203,.T.);
#3390=ADVANCED_FACE('',(#384),#29,.T.);
#3391=ADVANCED_FACE('',(#385),#204,.T.);
#3392=ADVANCED_FACE('',(#386),#30,.T.);
#3393=ADVANCED_FACE('',(#387),#205,.T.);
#3394=ADVANCED_FACE('',(#388),#31,.T.);
#3395=ADVANCED_FACE('',(#389),#206,.T.);
#3396=ADVANCED_FACE('',(#390),#32,.T.);
#3397=ADVANCED_FACE('',(#391),#207,.T.);
#3398=ADVANCED_FACE('',(#392),#3199,.T.);
#3399=ADVANCED_FACE('',(#393),#208,.T.);
#3400=ADVANCED_FACE('',(#394),#3200,.T.);
#3401=ADVANCED_FACE('',(#395,#15,#16,#17,#18,#19,#20,#21,#22),#3201,.F.);
#3402=ADVANCED_FACE('',(#396),#3202,.T.);
#3403=ADVANCED_FACE('',(#397),#3203,.T.);
#3404=ADVANCED_FACE('',(#398),#3204,.T.);
#3405=ADVANCED_FACE('',(#399),#209,.T.);
#3406=ADVANCED_FACE('',(#400),#3205,.T.);
#3407=ADVANCED_FACE('',(#401),#210,.T.);
#3408=ADVANCED_FACE('',(#402,#23,#24,#25,#26,#27,#28),#3206,.F.);
#3409=ADVANCED_FACE('',(#403),#3207,.T.);
#3410=ADVANCED_FACE('',(#404),#3208,.T.);
#3411=ADVANCED_FACE('',(#405),#3209,.F.);
#3412=ADVANCED_FACE('',(#406),#3210,.F.);
#3413=ADVANCED_FACE('',(#407),#3211,.F.);
#3414=ADVANCED_FACE('',(#408),#3212,.F.);
#3415=ADVANCED_FACE('',(#409),#3213,.F.);
#3416=ADVANCED_FACE('',(#410),#3214,.T.);
#3417=ADVANCED_FACE('',(#411),#3215,.T.);
#3418=ADVANCED_FACE('',(#412),#3216,.T.);
#3419=CLOSED_SHELL('',(#3217,#3218,#3219,#3220,#3221,#3222,#3223,#3224));
#3420=CLOSED_SHELL('',(#3225,#3226,#3227,#3228,#3229,#3230,#3231,#3232));
#3421=CLOSED_SHELL('',(#3233,#3234,#3235,#3236,#3237,#3238,#3239,#3240));
#3422=CLOSED_SHELL('',(#3241,#3242,#3243,#3244,#3245,#3246,#3247,#3248));
#3423=CLOSED_SHELL('',(#3249,#3250,#3251,#3252,#3253,#3254,#3255,#3256));
#3424=CLOSED_SHELL('',(#3257,#3258,#3259,#3260,#3261,#3262,#3263,#3264));
#3425=CLOSED_SHELL('',(#3265,#3266,#3267,#3268,#3269,#3270,#3271,#3272,
#3273,#3274,#3275,#3276,#3277,#3278,#3279,#3280,#3281,#3282,#3283,#3284,
#3285,#3286,#3287,#3288,#3289,#3290,#3291,#3292,#3293,#3294,#3295,#3296,
#3297,#3298,#3299,#3300,#3301,#3302,#3303,#3304,#3305,#3306,#3307,#3308,
#3309,#3310,#3311,#3312,#3313,#3314,#3315,#3316,#3317,#3318,#3319,#3320,
#3321,#3322,#3323,#3324,#3325,#3326,#3327,#3328,#3329,#3330,#3331,#3332,
#3333,#3334,#3335,#3336,#3337,#3338,#3339,#3340,#3341,#3342,#3343,#3344,
#3345,#3346,#3347,#3348,#3349,#3350,#3351,#3352,#3353,#3354,#3355,#3356,
#3357,#3358,#3359,#3360,#3361,#3362,#3363,#3364,#3365,#3366,#3367,#3368,
#3369,#3370,#3371,#3372,#3373,#3374,#3375,#3376,#3377,#3378,#3379,#3380,
#3381,#3382,#3383,#3384,#3385,#3386,#3387,#3388,#3389,#3390,#3391,#3392,
#3393,#3394,#3395,#3396,#3397,#3398,#3399,#3400,#3401,#3402,#3403,#3404,
#3405,#3406,#3407,#3408,#3409,#3410,#3411,#3412,#3413,#3414,#3415,#3416,
#3417,#3418));
#3426=DERIVED_UNIT_ELEMENT(#3428,1.);
#3427=DERIVED_UNIT_ELEMENT(#8219,3.);
#3428=(
MASS_UNIT()
NAMED_UNIT(*)
SI_UNIT(.KILO.,.GRAM.)
);
#3429=DERIVED_UNIT((#3426,#3427));
#3430=MEASURE_REPRESENTATION_ITEM('density measure',
POSITIVE_RATIO_MEASURE(8470.),#3429);
#3431=PROPERTY_DEFINITION_REPRESENTATION(#3436,#3433);
#3432=PROPERTY_DEFINITION_REPRESENTATION(#3437,#3434);
#3433=REPRESENTATION('material name',(#3435),#8216);
#3434=REPRESENTATION('density',(#3430),#8216);
#3435=DESCRIPTIVE_REPRESENTATION_ITEM('Brass, Soft Yellow',
'Brass, Soft Yellow');
#3436=PROPERTY_DEFINITION('material property','material name',#8231);
#3437=PROPERTY_DEFINITION('material property','density of part',#8231);
#3438=AXIS2_PLACEMENT_3D('placement',#4599,#3733,#3734);
#3439=AXIS2_PLACEMENT_3D('placement',#4600,#3735,#3736);
#3440=AXIS2_PLACEMENT_3D('',#4601,#3737,#3738);
#3441=AXIS2_PLACEMENT_3D('',#4604,#3739,#3740);
#3442=AXIS2_PLACEMENT_3D('',#4610,#3744,#3745);
#3443=AXIS2_PLACEMENT_3D('',#4614,#3747,#3748);
#3444=AXIS2_PLACEMENT_3D('',#4616,#3750,#3751);
#3445=AXIS2_PLACEMENT_3D('',#4622,#3755,#3756);
#3446=AXIS2_PLACEMENT_3D('',#4628,#3760,#3761);
#3447=AXIS2_PLACEMENT_3D('',#4632,#3764,#3765);
#3448=AXIS2_PLACEMENT_3D('',#4636,#3768,#3769);
#3449=AXIS2_PLACEMENT_3D('',#4638,#3771,#3772);
#3450=AXIS2_PLACEMENT_3D('',#4639,#3773,#3774);
#3451=AXIS2_PLACEMENT_3D('',#4642,#3775,#3776);
#3452=AXIS2_PLACEMENT_3D('',#4648,#3780,#3781);
#3453=AXIS2_PLACEMENT_3D('',#4652,#3783,#3784);
#3454=AXIS2_PLACEMENT_3D('',#4654,#3786,#3787);
#3455=AXIS2_PLACEMENT_3D('',#4662,#3792,#3793);
#3456=AXIS2_PLACEMENT_3D('',#4666,#3796,#3797);
#3457=AXIS2_PLACEMENT_3D('',#4670,#3800,#3801);
#3458=AXIS2_PLACEMENT_3D('',#4674,#3804,#3805);
#3459=AXIS2_PLACEMENT_3D('',#4676,#3807,#3808);
#3460=AXIS2_PLACEMENT_3D('',#4677,#3809,#3810);
#3461=AXIS2_PLACEMENT_3D('',#4680,#3811,#3812);
#3462=AXIS2_PLACEMENT_3D('',#4686,#3816,#3817);
#3463=AXIS2_PLACEMENT_3D('',#4690,#3819,#3820);
#3464=AXIS2_PLACEMENT_3D('',#4692,#3822,#3823);
#3465=AXIS2_PLACEMENT_3D('',#4700,#3828,#3829);
#3466=AXIS2_PLACEMENT_3D('',#4706,#3833,#3834);
#3467=AXIS2_PLACEMENT_3D('',#4710,#3837,#3838);
#3468=AXIS2_PLACEMENT_3D('',#4712,#3840,#3841);
#3469=AXIS2_PLACEMENT_3D('',#4714,#3843,#3844);
#3470=AXIS2_PLACEMENT_3D('',#4715,#3845,#3846);
#3471=AXIS2_PLACEMENT_3D('',#4718,#3847,#3848);
#3472=AXIS2_PLACEMENT_3D('',#4724,#3852,#3853);
#3473=AXIS2_PLACEMENT_3D('',#4728,#3855,#3856);
#3474=AXIS2_PLACEMENT_3D('',#4730,#3858,#3859);
#3475=AXIS2_PLACEMENT_3D('',#4738,#3864,#3865);
#3476=AXIS2_PLACEMENT_3D('',#4744,#3869,#3870);
#3477=AXIS2_PLACEMENT_3D('',#4748,#3873,#3874);
#3478=AXIS2_PLACEMENT_3D('',#4750,#3876,#3877);
#3479=AXIS2_PLACEMENT_3D('',#4752,#3879,#3880);
#3480=AXIS2_PLACEMENT_3D('',#4753,#3881,#3882);
#3481=AXIS2_PLACEMENT_3D('',#4756,#3883,#3884);
#3482=AXIS2_PLACEMENT_3D('',#4762,#3888,#3889);
#3483=AXIS2_PLACEMENT_3D('',#4766,#3891,#3892);
#3484=AXIS2_PLACEMENT_3D('',#4768,#3894,#3895);
#3485=AXIS2_PLACEMENT_3D('',#4776,#3900,#3901);
#3486=AXIS2_PLACEMENT_3D('',#4782,#3905,#3906);
#3487=AXIS2_PLACEMENT_3D('',#4786,#3909,#3910);
#3488=AXIS2_PLACEMENT_3D('',#4788,#3912,#3913);
#3489=AXIS2_PLACEMENT_3D('',#4790,#3915,#3916);
#3490=AXIS2_PLACEMENT_3D('',#4791,#3917,#3918);
#3491=AXIS2_PLACEMENT_3D('',#4794,#3919,#3920);
#3492=AXIS2_PLACEMENT_3D('',#4800,#3924,#3925);
#3493=AXIS2_PLACEMENT_3D('',#4804,#3927,#3928);
#3494=AXIS2_PLACEMENT_3D('',#4806,#3930,#3931);
#3495=AXIS2_PLACEMENT_3D('',#4814,#3936,#3937);
#3496=AXIS2_PLACEMENT_3D('',#4820,#3941,#3942);
#3497=AXIS2_PLACEMENT_3D('',#4824,#3945,#3946);
#3498=AXIS2_PLACEMENT_3D('',#4827,#3949,#3950);
#3499=AXIS2_PLACEMENT_3D('',#4828,#3951,#3952);
#3500=AXIS2_PLACEMENT_3D('',#4881,#3953,#3954);
#3501=AXIS2_PLACEMENT_3D('',#4882,#3955,#3956);
#3502=AXIS2_PLACEMENT_3D('',#4927,#3957,#3958);
#3503=AXIS2_PLACEMENT_3D('',#4928,#3959,#3960);
#3504=AXIS2_PLACEMENT_3D('',#4965,#3961,#3962);
#3505=AXIS2_PLACEMENT_3D('',#5009,#3963,#3964);
#3506=AXIS2_PLACEMENT_3D('',#5062,#3965,#3966);
#3507=AXIS2_PLACEMENT_3D('',#5063,#3967,#3968);
#3508=AXIS2_PLACEMENT_3D('',#5108,#3969,#3970);
#3509=AXIS2_PLACEMENT_3D('',#5109,#3971,#3972);
#3510=AXIS2_PLACEMENT_3D('',#5154,#3973,#3974);
#3511=AXIS2_PLACEMENT_3D('',#5155,#3975,#3976);
#3512=AXIS2_PLACEMENT_3D('',#5192,#3977,#3978);
#3513=AXIS2_PLACEMENT_3D('',#5245,#3979,#3980);
#3514=AXIS2_PLACEMENT_3D('',#5246,#3981,#3982);
#3515=AXIS2_PLACEMENT_3D('',#5291,#3983,#3984);
#3516=AXIS2_PLACEMENT_3D('',#5292,#3985,#3986);
#3517=AXIS2_PLACEMENT_3D('',#5337,#3987,#3988);
#3518=AXIS2_PLACEMENT_3D('',#5338,#3989,#3990);
#3519=AXIS2_PLACEMENT_3D('',#5375,#3991,#3992);
#3520=AXIS2_PLACEMENT_3D('',#5428,#3993,#3994);
#3521=AXIS2_PLACEMENT_3D('',#5429,#3995,#3996);
#3522=AXIS2_PLACEMENT_3D('',#5474,#3997,#3998);
#3523=AXIS2_PLACEMENT_3D('',#5475,#3999,#4000);
#3524=AXIS2_PLACEMENT_3D('',#5512,#4001,#4002);
#3525=AXIS2_PLACEMENT_3D('',#5556,#4003,#4004);
#3526=AXIS2_PLACEMENT_3D('',#5609,#4005,#4006);
#3527=AXIS2_PLACEMENT_3D('',#5610,#4007,#4008);
#3528=AXIS2_PLACEMENT_3D('',#5655,#4009,#4010);
#3529=AXIS2_PLACEMENT_3D('',#5656,#4011,#4012);
#3530=AXIS2_PLACEMENT_3D('',#5701,#4013,#4014);
#3531=AXIS2_PLACEMENT_3D('',#5702,#4015,#4016);
#3532=AXIS2_PLACEMENT_3D('',#5747,#4017,#4018);
#3533=AXIS2_PLACEMENT_3D('',#5748,#4019,#4020);
#3534=AXIS2_PLACEMENT_3D('',#5793,#4021,#4022);
#3535=AXIS2_PLACEMENT_3D('',#5794,#4023,#4024);
#3536=AXIS2_PLACEMENT_3D('',#5847,#4025,#4026);
#3537=AXIS2_PLACEMENT_3D('',#5848,#4027,#4028);
#3538=AXIS2_PLACEMENT_3D('',#5893,#4029,#4030);
#3539=AXIS2_PLACEMENT_3D('',#5894,#4031,#4032);
#3540=AXIS2_PLACEMENT_3D('',#5939,#4033,#4034);
#3541=AXIS2_PLACEMENT_3D('',#5940,#4035,#4036);
#3542=AXIS2_PLACEMENT_3D('',#5985,#4037,#4038);
#3543=AXIS2_PLACEMENT_3D('',#5986,#4039,#4040);
#3544=AXIS2_PLACEMENT_3D('',#6031,#4041,#4042);
#3545=AXIS2_PLACEMENT_3D('',#6032,#4043,#4044);
#3546=AXIS2_PLACEMENT_3D('',#6085,#4045,#4046);
#3547=AXIS2_PLACEMENT_3D('',#6086,#4047,#4048);
#3548=AXIS2_PLACEMENT_3D('',#6131,#4049,#4050);
#3549=AXIS2_PLACEMENT_3D('',#6132,#4051,#4052);
#3550=AXIS2_PLACEMENT_3D('',#6177,#4053,#4054);
#3551=AXIS2_PLACEMENT_3D('',#6178,#4055,#4056);
#3552=AXIS2_PLACEMENT_3D('',#6223,#4057,#4058);
#3553=AXIS2_PLACEMENT_3D('',#6224,#4059,#4060);
#3554=AXIS2_PLACEMENT_3D('',#6269,#4061,#4062);
#3555=AXIS2_PLACEMENT_3D('',#6270,#4063,#4064);
#3556=AXIS2_PLACEMENT_3D('',#6323,#4065,#4066);
#3557=AXIS2_PLACEMENT_3D('',#6324,#4067,#4068);
#3558=AXIS2_PLACEMENT_3D('',#6369,#4069,#4070);
#3559=AXIS2_PLACEMENT_3D('',#6370,#4071,#4072);
#3560=AXIS2_PLACEMENT_3D('',#6415,#4073,#4074);
#3561=AXIS2_PLACEMENT_3D('',#6416,#4075,#4076);
#3562=AXIS2_PLACEMENT_3D('',#6461,#4077,#4078);
#3563=AXIS2_PLACEMENT_3D('',#6462,#4079,#4080);
#3564=AXIS2_PLACEMENT_3D('',#6507,#4081,#4082);
#3565=AXIS2_PLACEMENT_3D('',#6508,#4083,#4084);
#3566=AXIS2_PLACEMENT_3D('',#6561,#4085,#4086);
#3567=AXIS2_PLACEMENT_3D('',#6562,#4087,#4088);
#3568=AXIS2_PLACEMENT_3D('',#6607,#4089,#4090);
#3569=AXIS2_PLACEMENT_3D('',#6608,#4091,#4092);
#3570=AXIS2_PLACEMENT_3D('',#6653,#4093,#4094);
#3571=AXIS2_PLACEMENT_3D('',#6654,#4095,#4096);
#3572=AXIS2_PLACEMENT_3D('',#6699,#4097,#4098);
#3573=AXIS2_PLACEMENT_3D('',#6700,#4099,#4100);
#3574=AXIS2_PLACEMENT_3D('',#6745,#4101,#4102);
#3575=AXIS2_PLACEMENT_3D('',#6746,#4103,#4104);
#3576=AXIS2_PLACEMENT_3D('',#6799,#4105,#4106);
#3577=AXIS2_PLACEMENT_3D('',#6800,#4107,#4108);
#3578=AXIS2_PLACEMENT_3D('',#6845,#4109,#4110);
#3579=AXIS2_PLACEMENT_3D('',#6846,#4111,#4112);
#3580=AXIS2_PLACEMENT_3D('',#6883,#4113,#4114);
#3581=AXIS2_PLACEMENT_3D('',#6927,#4115,#4116);
#3582=AXIS2_PLACEMENT_3D('',#6980,#4117,#4118);
#3583=AXIS2_PLACEMENT_3D('',#6981,#4119,#4120);
#3584=AXIS2_PLACEMENT_3D('',#7026,#4121,#4122);
#3585=AXIS2_PLACEMENT_3D('',#7027,#4123,#4124);
#3586=AXIS2_PLACEMENT_3D('',#7072,#4125,#4126);
#3587=AXIS2_PLACEMENT_3D('',#7073,#4127,#4128);
#3588=AXIS2_PLACEMENT_3D('',#7118,#4129,#4130);
#3589=AXIS2_PLACEMENT_3D('',#7119,#4131,#4132);
#3590=AXIS2_PLACEMENT_3D('',#7164,#4133,#4134);
#3591=AXIS2_PLACEMENT_3D('',#7165,#4135,#4136);
#3592=AXIS2_PLACEMENT_3D('',#7218,#4137,#4138);
#3593=AXIS2_PLACEMENT_3D('',#7219,#4139,#4140);
#3594=AXIS2_PLACEMENT_3D('',#7264,#4141,#4142);
#3595=AXIS2_PLACEMENT_3D('',#7265,#4143,#4144);
#3596=AXIS2_PLACEMENT_3D('',#7310,#4145,#4146);
#3597=AXIS2_PLACEMENT_3D('',#7311,#4147,#4148);
#3598=AXIS2_PLACEMENT_3D('',#7348,#4149,#4150);
#3599=AXIS2_PLACEMENT_3D('',#7385,#4151,#4152);
#3600=AXIS2_PLACEMENT_3D('',#7386,#4153,#4154);
#3601=AXIS2_PLACEMENT_3D('',#7391,#4157,#4158);
#3602=AXIS2_PLACEMENT_3D('',#7429,#4159,#4160);
#3603=AXIS2_PLACEMENT_3D('',#7430,#4161,#4162);
#3604=AXIS2_PLACEMENT_3D('',#7431,#4163,#4164);
#3605=AXIS2_PLACEMENT_3D('',#7471,#4167,#4168);
#3606=AXIS2_PLACEMENT_3D('',#7472,#4169,#4170);
#3607=AXIS2_PLACEMENT_3D('',#7510,#4171,#4172);
#3608=AXIS2_PLACEMENT_3D('',#7511,#4173,#4174);
#3609=AXIS2_PLACEMENT_3D('',#7512,#4175,#4176);
#3610=AXIS2_PLACEMENT_3D('',#7515,#4179,#4180);
#3611=AXIS2_PLACEMENT_3D('',#7520,#4183,#4184);
#3612=AXIS2_PLACEMENT_3D('',#7558,#4185,#4186);
#3613=AXIS2_PLACEMENT_3D('',#7559,#4187,#4188);
#3614=AXIS2_PLACEMENT_3D('',#7597,#4189,#4190);
#3615=AXIS2_PLACEMENT_3D('',#7598,#4191,#4192);
#3616=AXIS2_PLACEMENT_3D('',#7599,#4193,#4194);
#3617=AXIS2_PLACEMENT_3D('',#7639,#4197,#4198);
#3618=AXIS2_PLACEMENT_3D('',#7640,#4199,#4200);
#3619=AXIS2_PLACEMENT_3D('',#7678,#4201,#4202);
#3620=AXIS2_PLACEMENT_3D('',#7679,#4203,#4204);
#3621=AXIS2_PLACEMENT_3D('',#7680,#4205,#4206);
#3622=AXIS2_PLACEMENT_3D('',#7683,#4209,#4210);
#3623=AXIS2_PLACEMENT_3D('',#7688,#4213,#4214);
#3624=AXIS2_PLACEMENT_3D('',#7689,#4215,#4216);
#3625=AXIS2_PLACEMENT_3D('',#7692,#4219,#4220);
#3626=AXIS2_PLACEMENT_3D('',#7695,#4223,#4224);
#3627=AXIS2_PLACEMENT_3D('',#7700,#4227,#4228);
#3628=AXIS2_PLACEMENT_3D('',#7701,#4229,#4230);
#3629=AXIS2_PLACEMENT_3D('',#7704,#4233,#4234);
#3630=AXIS2_PLACEMENT_3D('',#7707,#4237,#4238);
#3631=AXIS2_PLACEMENT_3D('',#7711,#4241,#4242);
#3632=AXIS2_PLACEMENT_3D('',#7713,#4244,#4245);
#3633=AXIS2_PLACEMENT_3D('',#7715,#4247,#4248);
#3634=AXIS2_PLACEMENT_3D('',#7719,#4251,#4252);
#3635=AXIS2_PLACEMENT_3D('',#7721,#4254,#4255);
#3636=AXIS2_PLACEMENT_3D('',#7723,#4257,#4258);
#3637=AXIS2_PLACEMENT_3D('',#7761,#4259,#4260);
#3638=AXIS2_PLACEMENT_3D('',#7762,#4261,#4262);
#3639=AXIS2_PLACEMENT_3D('',#7799,#4263,#4264);
#3640=AXIS2_PLACEMENT_3D('',#7836,#4265,#4266);
#3641=AXIS2_PLACEMENT_3D('',#7837,#4267,#4268);
#3642=AXIS2_PLACEMENT_3D('',#7877,#4271,#4272);
#3643=AXIS2_PLACEMENT_3D('',#7878,#4273,#4274);
#3644=AXIS2_PLACEMENT_3D('',#7879,#4275,#4276);
#3645=AXIS2_PLACEMENT_3D('',#7882,#4279,#4280);
#3646=AXIS2_PLACEMENT_3D('',#7885,#4283,#4284);
#3647=AXIS2_PLACEMENT_3D('',#7888,#4287,#4288);
#3648=AXIS2_PLACEMENT_3D('',#7890,#4290,#4291);
#3649=AXIS2_PLACEMENT_3D('',#7892,#4293,#4294);
#3650=AXIS2_PLACEMENT_3D('',#7893,#4295,#4296);
#3651=AXIS2_PLACEMENT_3D('',#7895,#4298,#4299);
#3652=AXIS2_PLACEMENT_3D('',#7897,#4301,#4302);
#3653=AXIS2_PLACEMENT_3D('',#7901,#4305,#4306);
#3654=AXIS2_PLACEMENT_3D('',#7903,#4308,#4309);
#3655=AXIS2_PLACEMENT_3D('',#7907,#4312,#4313);
#3656=AXIS2_PLACEMENT_3D('',#7909,#4315,#4316);
#3657=AXIS2_PLACEMENT_3D('',#7911,#4318,#4319);
#3658=AXIS2_PLACEMENT_3D('',#7913,#4321,#4322);
#3659=AXIS2_PLACEMENT_3D('',#7922,#4327,#4328);
#3660=AXIS2_PLACEMENT_3D('',#7928,#4332,#4333);
#3661=AXIS2_PLACEMENT_3D('',#7934,#4337,#4338);
#3662=AXIS2_PLACEMENT_3D('',#7937,#4341,#4342);
#3663=AXIS2_PLACEMENT_3D('',#7946,#4347,#4348);
#3664=AXIS2_PLACEMENT_3D('',#7952,#4352,#4353);
#3665=AXIS2_PLACEMENT_3D('',#7958,#4357,#4358);
#3666=AXIS2_PLACEMENT_3D('',#7961,#4361,#4362);
#3667=AXIS2_PLACEMENT_3D('',#7970,#4367,#4368);
#3668=AXIS2_PLACEMENT_3D('',#7976,#4372,#4373);
#3669=AXIS2_PLACEMENT_3D('',#7982,#4377,#4378);
#3670=AXIS2_PLACEMENT_3D('',#7985,#4381,#4382);
#3671=AXIS2_PLACEMENT_3D('',#7994,#4387,#4388);
#3672=AXIS2_PLACEMENT_3D('',#8000,#4392,#4393);
#3673=AXIS2_PLACEMENT_3D('',#8006,#4397,#4398);
#3674=AXIS2_PLACEMENT_3D('',#8009,#4401,#4402);
#3675=AXIS2_PLACEMENT_3D('',#8018,#4407,#4408);
#3676=AXIS2_PLACEMENT_3D('',#8024,#4412,#4413);
#3677=AXIS2_PLACEMENT_3D('',#8030,#4417,#4418);
#3678=AXIS2_PLACEMENT_3D('',#8033,#4421,#4422);
#3679=AXIS2_PLACEMENT_3D('',#8042,#4427,#4428);
#3680=AXIS2_PLACEMENT_3D('',#8048,#4432,#4433);
#3681=AXIS2_PLACEMENT_3D('',#8054,#4437,#4438);
#3682=AXIS2_PLACEMENT_3D('',#8057,#4441,#4442);
#3683=AXIS2_PLACEMENT_3D('',#8060,#4443,#4444);
#3684=AXIS2_PLACEMENT_3D('',#8064,#4446,#4447);
#3685=AXIS2_PLACEMENT_3D('',#8066,#4449,#4450);
#3686=AXIS2_PLACEMENT_3D('',#8069,#4451,#4452);
#3687=AXIS2_PLACEMENT_3D('',#8070,#4453,#4454);
#3688=AXIS2_PLACEMENT_3D('',#8071,#4455,#4456);
#3689=AXIS2_PLACEMENT_3D('',#8072,#4457,#4458);
#3690=AXIS2_PLACEMENT_3D('',#8075,#4459,#4460);
#3691=AXIS2_PLACEMENT_3D('',#8078,#4463,#4464);
#3692=AXIS2_PLACEMENT_3D('',#8081,#4465,#4466);
#3693=AXIS2_PLACEMENT_3D('',#8082,#4467,#4468);
#3694=AXIS2_PLACEMENT_3D('',#8083,#4469,#4470);
#3695=AXIS2_PLACEMENT_3D('',#8084,#4471,#4472);
#3696=AXIS2_PLACEMENT_3D('',#8087,#4473,#4474);
#3697=AXIS2_PLACEMENT_3D('',#8090,#4477,#4478);
#3698=AXIS2_PLACEMENT_3D('',#8093,#4479,#4480);
#3699=AXIS2_PLACEMENT_3D('',#8094,#4481,#4482);
#3700=AXIS2_PLACEMENT_3D('',#8095,#4483,#4484);
#3701=AXIS2_PLACEMENT_3D('',#8096,#4485,#4486);
#3702=AXIS2_PLACEMENT_3D('',#8099,#4487,#4488);
#3703=AXIS2_PLACEMENT_3D('',#8102,#4491,#4492);
#3704=AXIS2_PLACEMENT_3D('',#8103,#4493,#4494);
#3705=AXIS2_PLACEMENT_3D('',#8104,#4495,#4496);
#3706=AXIS2_PLACEMENT_3D('',#8105,#4497,#4498);
#3707=AXIS2_PLACEMENT_3D('',#8109,#4500,#4501);
#3708=AXIS2_PLACEMENT_3D('',#8111,#4503,#4504);
#3709=AXIS2_PLACEMENT_3D('',#8123,#4511,#4512);
#3710=AXIS2_PLACEMENT_3D('',#8126,#4514,#4515);
#3711=AXIS2_PLACEMENT_3D('',#8127,#4516,#4517);
#3712=AXIS2_PLACEMENT_3D('',#8131,#4520,#4521);
#3713=AXIS2_PLACEMENT_3D('',#8132,#4522,#4523);
#3714=AXIS2_PLACEMENT_3D('',#8134,#4524,#4525);
#3715=AXIS2_PLACEMENT_3D('',#8146,#4532,#4533);
#3716=AXIS2_PLACEMENT_3D('',#8150,#4536,#4537);
#3717=AXIS2_PLACEMENT_3D('',#8163,#4544,#4545);
#3718=AXIS2_PLACEMENT_3D('',#8164,#4546,#4547);
#3719=AXIS2_PLACEMENT_3D('',#8166,#4549,#4550);
#3720=AXIS2_PLACEMENT_3D('',#8173,#4555,#4556);
#3721=AXIS2_PLACEMENT_3D('',#8174,#4557,#4558);
#3722=AXIS2_PLACEMENT_3D('',#8188,#4566,#4567);
#3723=AXIS2_PLACEMENT_3D('',#8191,#4570,#4571);
#3724=AXIS2_PLACEMENT_3D('',#8193,#4573,#4574);
#3725=AXIS2_PLACEMENT_3D('',#8194,#4575,#4576);
#3726=AXIS2_PLACEMENT_3D('',#8196,#4578,#4579);
#3727=AXIS2_PLACEMENT_3D('',#8200,#4582,#4583);
#3728=AXIS2_PLACEMENT_3D('',#8204,#4586,#4587);
#3729=AXIS2_PLACEMENT_3D('',#8206,#4589,#4590);
#3730=AXIS2_PLACEMENT_3D('',#8208,#4592,#4593);
#3731=AXIS2_PLACEMENT_3D('',#8210,#4595,#4596);
#3732=AXIS2_PLACEMENT_3D('',#8211,#4597,#4598);
#3733=DIRECTION('axis',(0.,0.,1.));
#3734=DIRECTION('refdir',(1.,0.,0.));
#3735=DIRECTION('axis',(0.,0.,1.));
#3736=DIRECTION('refdir',(1.,0.,0.));
#3737=DIRECTION('center_axis',(-1.,0.,0.));
#3738=DIRECTION('ref_axis',(0.,0.,1.));
#3739=DIRECTION('center_axis',(-1.,0.,0.));
#3740=DIRECTION('ref_axis',(0.,-0.707106781186548,-0.707106781186548));
#3741=DIRECTION('',(0.,0.,-1.));
#3742=DIRECTION('',(0.,1.,0.));
#3743=DIRECTION('',(0.,0.,1.));
#3744=DIRECTION('center_axis',(1.,0.,0.));
#3745=DIRECTION('ref_axis',(0.,0.707106781186547,-0.707106781186548));
#3746=DIRECTION('',(-1.,0.,0.));
#3747=DIRECTION('center_axis',(1.,0.,0.));
#3748=DIRECTION('ref_axis',(0.,0.707106781186547,-0.707106781186548));
#3749=DIRECTION('',(1.,0.,0.));
#3750=DIRECTION('center_axis',(0.98058067569092,0.,0.196116135138185));
#3751=DIRECTION('ref_axis',(0.196116135138185,0.,-0.98058067569092));
#3752=DIRECTION('',(-0.196116135138185,0.,0.98058067569092));
#3753=DIRECTION('',(0.,-1.,0.));
#3754=DIRECTION('',(0.196116135138185,0.,-0.98058067569092));
#3755=DIRECTION('center_axis',(0.,-1.,0.));
#3756=DIRECTION('ref_axis',(-1.,0.,0.));
#3757=DIRECTION('',(1.,0.,0.));
#3758=DIRECTION('',(0.196116135138184,0.,0.98058067569092));
#3759=DIRECTION('',(0.,0.,-1.));
#3760=DIRECTION('center_axis',(0.,0.,1.));
#3761=DIRECTION('ref_axis',(1.,0.,0.));
#3762=DIRECTION('',(-1.,0.,0.));
#3763=DIRECTION('',(0.,1.,0.));
#3764=DIRECTION('center_axis',(-0.98058067569092,0.,0.196116135138184));
#3765=DIRECTION('ref_axis',(0.196116135138184,0.,0.98058067569092));
#3766=DIRECTION('',(-0.196116135138184,0.,-0.98058067569092));
#3767=DIRECTION('',(0.,-1.,0.));
#3768=DIRECTION('center_axis',(1.,0.,0.));
#3769=DIRECTION('ref_axis',(0.,0.,-1.));
#3770=DIRECTION('',(0.,0.,1.));
#3771=DIRECTION('center_axis',(0.,1.,0.));
#3772=DIRECTION('ref_axis',(1.,0.,0.));
#3773=DIRECTION('center_axis',(0.,-1.,0.));
#3774=DIRECTION('ref_axis',(0.,0.,-1.));
#3775=DIRECTION('center_axis',(0.,-1.,0.));
#3776=DIRECTION('ref_axis',(0.707106781186549,0.,-0.707106781186546));
#3777=DIRECTION('',(0.,0.,-1.));
#3778=DIRECTION('',(-1.,0.,0.));
#3779=DIRECTION('',(0.,0.,1.));
#3780=DIRECTION('center_axis',(0.,1.,0.));
#3781=DIRECTION('ref_axis',(-0.707106781186549,0.,-0.707106781186546));
#3782=DIRECTION('',(0.,-1.,0.));
#3783=DIRECTION('center_axis',(0.,1.,0.));
#3784=DIRECTION('ref_axis',(0.707106781186549,0.,-0.707106781186546));
#3785=DIRECTION('',(0.,1.,0.));
#3786=DIRECTION('center_axis',(-1.,0.,0.));
#3787=DIRECTION('ref_axis',(0.,1.,0.));
#3788=DIRECTION('',(0.,0.,-1.));
#3789=DIRECTION('',(0.,-0.196116135138184,-0.98058067569092));
#3790=DIRECTION('',(0.,-1.,0.));
#3791=DIRECTION('',(0.,-0.196116135138184,0.98058067569092));
#3792=DIRECTION('center_axis',(0.,-1.,0.));
#3793=DIRECTION('ref_axis',(0.,0.,-1.));
#3794=DIRECTION('',(0.,0.,1.));
#3795=DIRECTION('',(1.,0.,0.));
#3796=DIRECTION('center_axis',(0.,-0.98058067569092,0.196116135138184));
#3797=DIRECTION('ref_axis',(0.,-0.196116135138184,-0.98058067569092));
#3798=DIRECTION('',(0.,0.196116135138184,0.98058067569092));
#3799=DIRECTION('',(-1.,0.,0.));
#3800=DIRECTION('center_axis',(0.,0.98058067569092,0.196116135138184));
#3801=DIRECTION('ref_axis',(0.,-0.196116135138184,0.98058067569092));
#3802=DIRECTION('',(1.,0.,0.));
#3803=DIRECTION('',(0.,0.196116135138184,-0.98058067569092));
#3804=DIRECTION('center_axis',(1.,0.,0.));
#3805=DIRECTION('ref_axis',(0.,-1.,0.));
#3806=DIRECTION('',(0.,1.,0.));
#3807=DIRECTION('center_axis',(0.,0.,1.));
#3808=DIRECTION('ref_axis',(1.,0.,0.));
#3809=DIRECTION('center_axis',(1.,0.,0.));
#3810=DIRECTION('ref_axis',(0.,0.,-1.));
#3811=DIRECTION('center_axis',(1.,0.,0.));
#3812=DIRECTION('ref_axis',(0.,0.707106781186547,-0.707106781186548));
#3813=DIRECTION('',(0.,0.,-1.));
#3814=DIRECTION('',(0.,-1.,0.));
#3815=DIRECTION('',(0.,0.,1.));
#3816=DIRECTION('center_axis',(-1.,0.,0.));
#3817=DIRECTION('ref_axis',(0.,-0.707106781186547,-0.707106781186548));
#3818=DIRECTION('',(1.,0.,0.));
#3819=DIRECTION('center_axis',(-1.,0.,0.));
#3820=DIRECTION('ref_axis',(0.,-0.707106781186547,-0.707106781186548));
#3821=DIRECTION('',(-1.,0.,0.));
#3822=DIRECTION('center_axis',(0.,-1.,0.));
#3823=DIRECTION('ref_axis',(-1.,0.,0.));
#3824=DIRECTION('',(0.,0.,1.));
#3825=DIRECTION('',(0.196116135138185,0.,-0.98058067569092));
#3826=DIRECTION('',(1.,0.,0.));
#3827=DIRECTION('',(0.196116135138184,0.,0.98058067569092));
#3828=DIRECTION('center_axis',(0.98058067569092,0.,0.196116135138185));
#3829=DIRECTION('ref_axis',(0.196116135138185,0.,-0.98058067569092));
#3830=DIRECTION('',(-0.196116135138185,0.,0.98058067569092));
#3831=DIRECTION('',(0.,-1.,0.));
#3832=DIRECTION('',(0.,1.,0.));
#3833=DIRECTION('center_axis',(0.,0.,1.));
#3834=DIRECTION('ref_axis',(1.,0.,0.));
#3835=DIRECTION('',(-1.,0.,0.));
#3836=DIRECTION('',(0.,1.,0.));
#3837=DIRECTION('center_axis',(-0.98058067569092,0.,0.196116135138184));
#3838=DIRECTION('ref_axis',(0.196116135138184,0.,0.98058067569092));
#3839=DIRECTION('',(-0.196116135138184,0.,-0.98058067569092));
#3840=DIRECTION('center_axis',(-1.,0.,0.));
#3841=DIRECTION('ref_axis',(0.,0.,1.));
#3842=DIRECTION('',(0.,0.,-1.));
#3843=DIRECTION('center_axis',(0.,1.,0.));
#3844=DIRECTION('ref_axis',(1.,0.,0.));
#3845=DIRECTION('center_axis',(1.,0.,0.));
#3846=DIRECTION('ref_axis',(0.,0.,-1.));
#3847=DIRECTION('center_axis',(1.,0.,0.));
#3848=DIRECTION('ref_axis',(0.,0.707106781186547,-0.707106781186548));
#3849=DIRECTION('',(0.,0.,-1.));
#3850=DIRECTION('',(0.,-1.,0.));
#3851=DIRECTION('',(0.,0.,1.));
#3852=DIRECTION('center_axis',(-1.,0.,0.));
#3853=DIRECTION('ref_axis',(0.,-0.707106781186548,-0.707106781186548));
#3854=DIRECTION('',(1.,0.,0.));
#3855=DIRECTION('center_axis',(-1.,0.,0.));
#3856=DIRECTION('ref_axis',(0.,-0.707106781186548,-0.707106781186548));
#3857=DIRECTION('',(-1.,0.,0.));
#3858=DIRECTION('center_axis',(0.,-1.,0.));
#3859=DIRECTION('ref_axis',(-1.,0.,0.));
#3860=DIRECTION('',(0.,0.,1.));
#3861=DIRECTION('',(0.196116135138184,0.,-0.98058067569092));
#3862=DIRECTION('',(1.,0.,0.));
#3863=DIRECTION('',(0.196116135138185,0.,0.98058067569092));
#3864=DIRECTION('center_axis',(0.98058067569092,0.,0.196116135138184));
#3865=DIRECTION('ref_axis',(0.196116135138184,0.,-0.98058067569092));
#3866=DIRECTION('',(-0.196116135138184,0.,0.98058067569092));
#3867=DIRECTION('',(0.,-1.,0.));
#3868=DIRECTION('',(0.,1.,0.));
#3869=DIRECTION('center_axis',(0.,0.,1.));
#3870=DIRECTION('ref_axis',(1.,0.,0.));
#3871=DIRECTION('',(-1.,0.,0.));
#3872=DIRECTION('',(0.,1.,0.));
#3873=DIRECTION('center_axis',(-0.98058067569092,0.,0.196116135138185));
#3874=DIRECTION('ref_axis',(0.196116135138185,0.,0.98058067569092));
#3875=DIRECTION('',(-0.196116135138185,0.,-0.98058067569092));
#3876=DIRECTION('center_axis',(-1.,0.,0.));
#3877=DIRECTION('ref_axis',(0.,0.,1.));
#3878=DIRECTION('',(0.,0.,-1.));
#3879=DIRECTION('center_axis',(0.,1.,0.));
#3880=DIRECTION('ref_axis',(1.,0.,0.));
#3881=DIRECTION('center_axis',(1.,0.,0.));
#3882=DIRECTION('ref_axis',(0.,0.,-1.));
#3883=DIRECTION('center_axis',(1.,0.,0.));
#3884=DIRECTION('ref_axis',(0.,0.707106781186547,-0.707106781186548));
#3885=DIRECTION('',(0.,0.,-1.));
#3886=DIRECTION('',(0.,-1.,0.));
#3887=DIRECTION('',(0.,0.,1.));
#3888=DIRECTION('center_axis',(-1.,0.,0.));
#3889=DIRECTION('ref_axis',(0.,-0.707106781186547,-0.707106781186548));
#3890=DIRECTION('',(1.,0.,0.));
#3891=DIRECTION('center_axis',(-1.,0.,0.));
#3892=DIRECTION('ref_axis',(0.,-0.707106781186547,-0.707106781186548));
#3893=DIRECTION('',(-1.,0.,0.));
#3894=DIRECTION('center_axis',(0.,-1.,0.));
#3895=DIRECTION('ref_axis',(-1.,0.,0.));
#3896=DIRECTION('',(0.,0.,1.));
#3897=DIRECTION('',(0.196116135138184,0.,-0.98058067569092));
#3898=DIRECTION('',(1.,0.,0.));
#3899=DIRECTION('',(0.196116135138185,0.,0.98058067569092));
#3900=DIRECTION('center_axis',(0.98058067569092,0.,0.196116135138184));
#3901=DIRECTION('ref_axis',(0.196116135138184,0.,-0.98058067569092));
#3902=DIRECTION('',(-0.196116135138184,0.,0.98058067569092));
#3903=DIRECTION('',(0.,-1.,0.));
#3904=DIRECTION('',(0.,1.,0.));
#3905=DIRECTION('center_axis',(0.,0.,1.));
#3906=DIRECTION('ref_axis',(1.,0.,0.));
#3907=DIRECTION('',(-1.,0.,0.));
#3908=DIRECTION('',(0.,1.,0.));
#3909=DIRECTION('center_axis',(-0.98058067569092,0.,0.196116135138185));
#3910=DIRECTION('ref_axis',(0.196116135138185,0.,0.98058067569092));
#3911=DIRECTION('',(-0.196116135138185,0.,-0.98058067569092));
#3912=DIRECTION('center_axis',(-1.,0.,0.));
#3913=DIRECTION('ref_axis',(0.,0.,1.));
#3914=DIRECTION('',(0.,0.,-1.));
#3915=DIRECTION('center_axis',(0.,1.,0.));
#3916=DIRECTION('ref_axis',(1.,0.,0.));
#3917=DIRECTION('center_axis',(0.,-1.,0.));
#3918=DIRECTION('ref_axis',(0.,0.,-1.));
#3919=DIRECTION('center_axis',(0.,-1.,0.));
#3920=DIRECTION('ref_axis',(0.707106781186547,0.,-0.707106781186548));
#3921=DIRECTION('',(0.,0.,-1.));
#3922=DIRECTION('',(-1.,0.,0.));
#3923=DIRECTION('',(0.,0.,1.));
#3924=DIRECTION('center_axis',(0.,1.,0.));
#3925=DIRECTION('ref_axis',(-0.707106781186547,0.,-0.707106781186548));
#3926=DIRECTION('',(0.,-1.,0.));
#3927=DIRECTION('center_axis',(0.,1.,0.));
#3928=DIRECTION('ref_axis',(-0.707106781186547,0.,-0.707106781186548));
#3929=DIRECTION('',(0.,1.,0.));
#3930=DIRECTION('center_axis',(-1.,0.,0.));
#3931=DIRECTION('ref_axis',(0.,1.,0.));
#3932=DIRECTION('',(0.,0.,1.));
#3933=DIRECTION('',(0.,-0.196116135138184,-0.98058067569092));
#3934=DIRECTION('',(0.,-1.,0.));
#3935=DIRECTION('',(0.,-0.196116135138184,0.98058067569092));
#3936=DIRECTION('center_axis',(0.,-0.98058067569092,0.196116135138184));
#3937=DIRECTION('ref_axis',(0.,-0.196116135138184,-0.98058067569092));
#3938=DIRECTION('',(0.,0.196116135138184,0.98058067569092));
#3939=DIRECTION('',(-1.,0.,0.));
#3940=DIRECTION('',(1.,0.,0.));
#3941=DIRECTION('center_axis',(0.,0.,1.));
#3942=DIRECTION('ref_axis',(1.,0.,0.));
#3943=DIRECTION('',(0.,1.,0.));
#3944=DIRECTION('',(1.,0.,0.));
#3945=DIRECTION('center_axis',(1.,0.,0.));
#3946=DIRECTION('ref_axis',(0.,-1.,0.));
#3947=DIRECTION('',(0.,0.196116135138184,-0.98058067569092));
#3948=DIRECTION('',(0.,0.,-1.));
#3949=DIRECTION('center_axis',(0.,0.98058067569092,0.196116135138184));
#3950=DIRECTION('ref_axis',(0.,-0.196116135138184,0.98058067569092));
#3951=DIRECTION('center_axis',(0.,1.,0.));
#3952=DIRECTION('ref_axis',(0.,0.,1.));
#3953=DIRECTION('center_axis',(0.,0.,1.));
#3954=DIRECTION('ref_axis',(-0.70710678118655,0.707106781186546,0.));
#3955=DIRECTION('center_axis',(0.,-1.,0.));
#3956=DIRECTION('ref_axis',(-1.,0.,0.));
#3957=DIRECTION('center_axis',(1.,0.,0.));
#3958=DIRECTION('ref_axis',(0.,0.,-1.));
#3959=DIRECTION('center_axis',(0.,0.,1.));
#3960=DIRECTION('ref_axis',(-0.70710678118655,0.707106781186546,0.));
#3961=DIRECTION('center_axis',(1.,0.,0.));
#3962=DIRECTION('ref_axis',(0.,0.,-1.));
#3963=DIRECTION('center_axis',(0.,0.,1.));
#3964=DIRECTION('ref_axis',(-0.707106781186548,0.707106781186548,0.));
#3965=DIRECTION('center_axis',(-1.,0.,0.));
#3966=DIRECTION('ref_axis',(0.,1.,0.));
#3967=DIRECTION('center_axis',(0.,-1.,0.));
#3968=DIRECTION('ref_axis',(0.707106781186546,0.,-0.707106781186549));
#3969=DIRECTION('center_axis',(0.,0.,1.));
#3970=DIRECTION('ref_axis',(0.707106781186548,0.707106781186548,0.));
#3971=DIRECTION('center_axis',(-1.,0.,0.));
#3972=DIRECTION('ref_axis',(0.,1.,0.));
#3973=DIRECTION('center_axis',(0.,-1.,0.));
#3974=DIRECTION('ref_axis',(0.,0.,-1.));
#3975=DIRECTION('center_axis',(0.,0.,1.));
#3976=DIRECTION('ref_axis',(0.707106781186548,0.707106781186548,0.));
#3977=DIRECTION('center_axis',(0.,-1.,0.));
#3978=DIRECTION('ref_axis',(0.,0.,-1.));
#3979=DIRECTION('center_axis',(1.,0.,0.));
#3980=DIRECTION('ref_axis',(0.,-1.,0.));
#3981=DIRECTION('center_axis',(0.,1.,0.));
#3982=DIRECTION('ref_axis',(-0.707106781186548,0.,-0.707106781186547));
#3983=DIRECTION('center_axis',(0.,0.,1.));
#3984=DIRECTION('ref_axis',(-0.707106781186549,-0.707106781186546,0.));
#3985=DIRECTION('center_axis',(1.,0.,0.));
#3986=DIRECTION('ref_axis',(0.,-1.,0.));
#3987=DIRECTION('center_axis',(0.,1.,0.));
#3988=DIRECTION('ref_axis',(0.,0.,-1.));
#3989=DIRECTION('center_axis',(0.,0.,1.));
#3990=DIRECTION('ref_axis',(-0.707106781186549,-0.707106781186546,0.));
#3991=DIRECTION('center_axis',(0.,1.,0.));
#3992=DIRECTION('ref_axis',(0.,0.,-1.));
#3993=DIRECTION('center_axis',(0.,0.,1.));
#3994=DIRECTION('ref_axis',(0.707106781186547,-0.707106781186547,0.));
#3995=DIRECTION('center_axis',(0.,1.,0.));
#3996=DIRECTION('ref_axis',(1.,0.,0.));
#3997=DIRECTION('center_axis',(-1.,0.,0.));
#3998=DIRECTION('ref_axis',(0.,0.,-1.));
#3999=DIRECTION('center_axis',(0.,0.,1.));
#4000=DIRECTION('ref_axis',(0.707106781186547,-0.707106781186547,0.));
#4001=DIRECTION('center_axis',(-1.,0.,0.));
#4002=DIRECTION('ref_axis',(0.,0.,-1.));
#4003=DIRECTION('center_axis',(0.,0.,1.));
#4004=DIRECTION('ref_axis',(0.707106781186548,-0.707106781186548,0.));
#4005=DIRECTION('center_axis',(0.,-1.,0.));
#4006=DIRECTION('ref_axis',(-0.707106781186555,0.,-0.70710678118654));
#4007=DIRECTION('center_axis',(1.,0.,0.));
#4008=DIRECTION('ref_axis',(0.,0.,-1.));
#4009=DIRECTION('center_axis',(0.,0.,1.));
#4010=DIRECTION('ref_axis',(-0.70710678118654,0.707106781186555,0.));
#4011=DIRECTION('center_axis',(0.,-1.,0.));
#4012=DIRECTION('ref_axis',(-0.707106781186555,0.,-0.70710678118654));
#4013=DIRECTION('center_axis',(1.,0.,0.));
#4014=DIRECTION('ref_axis',(0.,0.707106781186547,-0.707106781186548));
#4015=DIRECTION('center_axis',(0.,0.,1.));
#4016=DIRECTION('ref_axis',(-0.70710678118654,0.707106781186555,0.));
#4017=DIRECTION('center_axis',(0.,-1.,0.));
#4018=DIRECTION('ref_axis',(-1.,0.,0.));
#4019=DIRECTION('center_axis',(1.,0.,0.));
#4020=DIRECTION('ref_axis',(0.,0.707106781186547,-0.707106781186548));
#4021=DIRECTION('center_axis',(0.,0.,1.));
#4022=DIRECTION('ref_axis',(-0.70710678118654,0.707106781186555,0.));
#4023=DIRECTION('center_axis',(0.,-1.,0.));
#4024=DIRECTION('ref_axis',(-1.,0.,0.));
#4025=DIRECTION('center_axis',(0.,-1.,0.));
#4026=DIRECTION('ref_axis',(-0.707106781186553,0.,-0.707106781186542));
#4027=DIRECTION('center_axis',(1.,0.,0.));
#4028=DIRECTION('ref_axis',(0.,0.,-1.));
#4029=DIRECTION('center_axis',(0.,0.,1.));
#4030=DIRECTION('ref_axis',(-0.70710678118654,0.707106781186555,0.));
#4031=DIRECTION('center_axis',(0.,-1.,0.));
#4032=DIRECTION('ref_axis',(-0.707106781186553,0.,-0.707106781186542));
#4033=DIRECTION('center_axis',(1.,0.,0.));
#4034=DIRECTION('ref_axis',(0.,0.707106781186546,-0.707106781186549));
#4035=DIRECTION('center_axis',(0.,0.,1.));
#4036=DIRECTION('ref_axis',(-0.70710678118654,0.707106781186555,0.));
#4037=DIRECTION('center_axis',(0.,-1.,0.));
#4038=DIRECTION('ref_axis',(-1.,0.,0.));
#4039=DIRECTION('center_axis',(1.,0.,0.));
#4040=DIRECTION('ref_axis',(0.,0.707106781186546,-0.707106781186549));
#4041=DIRECTION('center_axis',(0.,0.,1.));
#4042=DIRECTION('ref_axis',(-0.707106781186555,0.70710678118654,0.));
#4043=DIRECTION('center_axis',(0.,-1.,0.));
#4044=DIRECTION('ref_axis',(-1.,0.,0.));
#4045=DIRECTION('center_axis',(-1.,0.,0.));
#4046=DIRECTION('ref_axis',(0.,0.707106781186546,-0.707106781186549));
#4047=DIRECTION('center_axis',(0.,-1.,0.));
#4048=DIRECTION('ref_axis',(0.,0.,-1.));
#4049=DIRECTION('center_axis',(0.,0.,1.));
#4050=DIRECTION('ref_axis',(0.70710678118654,0.707106781186555,0.));
#4051=DIRECTION('center_axis',(-1.,0.,0.));
#4052=DIRECTION('ref_axis',(0.,0.707106781186546,-0.707106781186549));
#4053=DIRECTION('center_axis',(0.,-1.,0.));
#4054=DIRECTION('ref_axis',(0.707106781186554,0.,-0.707106781186541));
#4055=DIRECTION('center_axis',(0.,0.,1.));
#4056=DIRECTION('ref_axis',(0.70710678118654,0.707106781186555,0.));
#4057=DIRECTION('center_axis',(-1.,0.,0.));
#4058=DIRECTION('ref_axis',(0.,1.,0.));
#4059=DIRECTION('center_axis',(0.,-1.,0.));
#4060=DIRECTION('ref_axis',(0.707106781186554,0.,-0.707106781186541));
#4061=DIRECTION('center_axis',(0.,0.,1.));
#4062=DIRECTION('ref_axis',(0.707106781186555,0.70710678118654,0.));
#4063=DIRECTION('center_axis',(-1.,0.,0.));
#4064=DIRECTION('ref_axis',(0.,1.,0.));
#4065=DIRECTION('center_axis',(1.,0.,0.));
#4066=DIRECTION('ref_axis',(0.,-0.707106781186546,-0.707106781186549));
#4067=DIRECTION('center_axis',(0.,1.,0.));
#4068=DIRECTION('ref_axis',(0.,0.,-1.));
#4069=DIRECTION('center_axis',(0.,0.,1.));
#4070=DIRECTION('ref_axis',(-0.70710678118654,-0.707106781186555,0.));
#4071=DIRECTION('center_axis',(1.,0.,0.));
#4072=DIRECTION('ref_axis',(0.,-0.707106781186546,-0.707106781186549));
#4073=DIRECTION('center_axis',(0.,1.,0.));
#4074=DIRECTION('ref_axis',(-0.707106781186554,0.,-0.707106781186541));
#4075=DIRECTION('center_axis',(0.,0.,1.));
#4076=DIRECTION('ref_axis',(-0.70710678118654,-0.707106781186555,0.));
#4077=DIRECTION('center_axis',(1.,0.,0.));
#4078=DIRECTION('ref_axis',(0.,-1.,0.));
#4079=DIRECTION('center_axis',(0.,1.,0.));
#4080=DIRECTION('ref_axis',(-0.707106781186554,0.,-0.707106781186541));
#4081=DIRECTION('center_axis',(0.,0.,1.));
#4082=DIRECTION('ref_axis',(-0.707106781186555,-0.70710678118654,0.));
#4083=DIRECTION('center_axis',(1.,0.,0.));
#4084=DIRECTION('ref_axis',(0.,-1.,0.));
#4085=DIRECTION('center_axis',(-1.,0.,0.));
#4086=DIRECTION('ref_axis',(0.,0.707106781186546,-0.707106781186549));
#4087=DIRECTION('center_axis',(0.,-1.,0.));
#4088=DIRECTION('ref_axis',(0.,0.,-1.));
#4089=DIRECTION('center_axis',(0.,0.,1.));
#4090=DIRECTION('ref_axis',(0.707106781186555,0.70710678118654,0.));
#4091=DIRECTION('center_axis',(-1.,0.,0.));
#4092=DIRECTION('ref_axis',(0.,0.707106781186546,-0.707106781186549));
#4093=DIRECTION('center_axis',(0.,-1.,0.));
#4094=DIRECTION('ref_axis',(0.707106781186538,0.,-0.707106781186557));
#4095=DIRECTION('center_axis',(0.,0.,1.));
#4096=DIRECTION('ref_axis',(0.707106781186555,0.70710678118654,0.));
#4097=DIRECTION('center_axis',(-1.,0.,0.));
#4098=DIRECTION('ref_axis',(0.,1.,0.));
#4099=DIRECTION('center_axis',(0.,-1.,0.));
#4100=DIRECTION('ref_axis',(0.707106781186538,0.,-0.707106781186557));
#4101=DIRECTION('center_axis',(0.,0.,1.));
#4102=DIRECTION('ref_axis',(0.70710678118654,0.707106781186555,0.));
#4103=DIRECTION('center_axis',(-1.,0.,0.));
#4104=DIRECTION('ref_axis',(0.,1.,0.));
#4105=DIRECTION('center_axis',(0.,0.,1.));
#4106=DIRECTION('ref_axis',(-0.707106781186536,-0.707106781186559,0.));
#4107=DIRECTION('center_axis',(1.,0.,0.));
#4108=DIRECTION('ref_axis',(0.,-1.,0.));
#4109=DIRECTION('center_axis',(0.,1.,0.));
#4110=DIRECTION('ref_axis',(0.,0.,-1.));
#4111=DIRECTION('center_axis',(0.,0.,1.));
#4112=DIRECTION('ref_axis',(-0.707106781186536,-0.707106781186559,0.));
#4113=DIRECTION('center_axis',(0.,1.,0.));
#4114=DIRECTION('ref_axis',(0.,0.,-1.));
#4115=DIRECTION('center_axis',(0.,0.,1.));
#4116=DIRECTION('ref_axis',(-0.707106781186555,-0.70710678118654,0.));
#4117=DIRECTION('center_axis',(0.,1.,0.));
#4118=DIRECTION('ref_axis',(0.707106781186555,0.,-0.70710678118654));
#4119=DIRECTION('center_axis',(-1.,0.,0.));
#4120=DIRECTION('ref_axis',(0.,0.,-1.));
#4121=DIRECTION('center_axis',(0.,0.,1.));
#4122=DIRECTION('ref_axis',(0.70710678118654,-0.707106781186555,0.));
#4123=DIRECTION('center_axis',(0.,1.,0.));
#4124=DIRECTION('ref_axis',(0.707106781186555,0.,-0.70710678118654));
#4125=DIRECTION('center_axis',(-1.,0.,0.));
#4126=DIRECTION('ref_axis',(0.,-0.707106781186547,-0.707106781186548));
#4127=DIRECTION('center_axis',(0.,0.,1.));
#4128=DIRECTION('ref_axis',(0.70710678118654,-0.707106781186555,0.));
#4129=DIRECTION('center_axis',(0.,1.,0.));
#4130=DIRECTION('ref_axis',(1.,0.,0.));
#4131=DIRECTION('center_axis',(-1.,0.,0.));
#4132=DIRECTION('ref_axis',(0.,-0.707106781186547,-0.707106781186548));
#4133=DIRECTION('center_axis',(0.,0.,1.));
#4134=DIRECTION('ref_axis',(0.70710678118654,-0.707106781186555,0.));
#4135=DIRECTION('center_axis',(0.,1.,0.));
#4136=DIRECTION('ref_axis',(1.,0.,0.));
#4137=DIRECTION('center_axis',(0.,1.,0.));
#4138=DIRECTION('ref_axis',(1.,0.,0.));
#4139=DIRECTION('center_axis',(-1.,0.,0.));
#4140=DIRECTION('ref_axis',(0.,-0.70710678118655,-0.707106781186545));
#4141=DIRECTION('center_axis',(0.,0.,1.));
#4142=DIRECTION('ref_axis',(0.707106781186551,-0.707106781186544,0.));
#4143=DIRECTION('center_axis',(0.,1.,0.));
#4144=DIRECTION('ref_axis',(1.,0.,0.));
#4145=DIRECTION('center_axis',(-1.,0.,0.));
#4146=DIRECTION('ref_axis',(0.,0.,-1.));
#4147=DIRECTION('center_axis',(0.,0.,1.));
#4148=DIRECTION('ref_axis',(0.707106781186551,-0.707106781186544,0.));
#4149=DIRECTION('center_axis',(-1.,0.,0.));
#4150=DIRECTION('ref_axis',(0.,0.,-1.));
#4151=DIRECTION('center_axis',(0.,0.,1.));
#4152=DIRECTION('ref_axis',(0.70710678118654,-0.707106781186555,0.));
#4153=DIRECTION('center_axis',(0.,-1.,0.));
#4154=DIRECTION('ref_axis',(0.70710678118654,0.,-0.707106781186555));
#4155=DIRECTION('',(0.,-1.,0.));
#4156=DIRECTION('',(0.,1.,0.));
#4157=DIRECTION('center_axis',(-0.707106781186548,-0.707106781186548,0.));
#4158=DIRECTION('ref_axis',(-0.707106781186547,0.707106781186547,0.));
#4159=DIRECTION('center_axis',(-1.,0.,0.));
#4160=DIRECTION('ref_axis',(0.,0.,-1.));
#4161=DIRECTION('center_axis',(0.,0.,1.));
#4162=DIRECTION('ref_axis',(0.70710678118654,-0.707106781186555,0.));
#4163=DIRECTION('center_axis',(-1.,0.,0.));
#4164=DIRECTION('ref_axis',(0.,-0.707106781186548,-0.707106781186547));
#4165=DIRECTION('',(1.,0.,0.));
#4166=DIRECTION('',(-1.,0.,0.));
#4167=DIRECTION('center_axis',(1.,0.,0.));
#4168=DIRECTION('ref_axis',(0.,-1.,0.));
#4169=DIRECTION('center_axis',(0.,1.,0.));
#4170=DIRECTION('ref_axis',(-0.707106781186538,0.,-0.707106781186557));
#4171=DIRECTION('center_axis',(0.,-1.,0.));
#4172=DIRECTION('ref_axis',(0.,0.,-1.));
#4173=DIRECTION('center_axis',(0.,0.,1.));
#4174=DIRECTION('ref_axis',(0.70710678118654,0.707106781186555,0.));
#4175=DIRECTION('center_axis',(0.,-1.,0.));
#4176=DIRECTION('ref_axis',(0.707106781186556,0.,-0.707106781186539));
#4177=DIRECTION('',(0.,1.,0.));
#4178=DIRECTION('',(0.,-1.,0.));
#4179=DIRECTION('center_axis',(1.,0.,0.));
#4180=DIRECTION('ref_axis',(0.,0.707106781186548,-0.707106781186547));
#4181=DIRECTION('',(1.,0.,0.));
#4182=DIRECTION('',(-1.,0.,0.));
#4183=DIRECTION('center_axis',(0.707106781186548,-0.707106781186548,0.));
#4184=DIRECTION('ref_axis',(-0.707106781186547,-0.707106781186547,0.));
#4185=DIRECTION('center_axis',(0.,1.,0.));
#4186=DIRECTION('ref_axis',(0.,0.,-1.));
#4187=DIRECTION('center_axis',(0.,0.,1.));
#4188=DIRECTION('ref_axis',(-0.707106781186555,-0.70710678118654,0.));
#4189=DIRECTION('center_axis',(0.,-1.,0.));
#4190=DIRECTION('ref_axis',(0.,0.,-1.));
#4191=DIRECTION('center_axis',(0.,0.,1.));
#4192=DIRECTION('ref_axis',(0.707106781186555,0.70710678118654,0.));
#4193=DIRECTION('center_axis',(0.,-1.,0.));
#4194=DIRECTION('ref_axis',(0.70710678118654,0.,-0.707106781186555));
#4195=DIRECTION('',(0.,1.,0.));
#4196=DIRECTION('',(0.,-1.,0.));
#4197=DIRECTION('center_axis',(1.,0.,0.));
#4198=DIRECTION('ref_axis',(0.,0.,-1.));
#4199=DIRECTION('center_axis',(0.,0.,1.));
#4200=DIRECTION('ref_axis',(-0.707106781186555,0.70710678118654,0.));
#4201=DIRECTION('center_axis',(1.,0.,0.));
#4202=DIRECTION('ref_axis',(0.,0.,-1.));
#4203=DIRECTION('center_axis',(0.,0.,1.));
#4204=DIRECTION('ref_axis',(-0.70710678118654,0.707106781186555,0.));
#4205=DIRECTION('center_axis',(1.,0.,0.));
#4206=DIRECTION('ref_axis',(0.,0.707106781186548,-0.707106781186547));
#4207=DIRECTION('',(-1.,0.,0.));
#4208=DIRECTION('',(1.,0.,0.));
#4209=DIRECTION('center_axis',(0.,1.,0.));
#4210=DIRECTION('ref_axis',(-0.707106781186556,0.,-0.707106781186539));
#4211=DIRECTION('',(0.,1.,0.));
#4212=DIRECTION('',(0.,-1.,0.));
#4213=DIRECTION('center_axis',(0.707106781186548,0.707106781186548,0.));
#4214=DIRECTION('ref_axis',(0.707106781186548,-0.707106781186548,0.));
#4215=DIRECTION('center_axis',(1.,0.,0.));
#4216=DIRECTION('ref_axis',(0.,0.707106781186548,-0.707106781186547));
#4217=DIRECTION('',(-1.,0.,0.));
#4218=DIRECTION('',(1.,0.,0.));
#4219=DIRECTION('center_axis',(0.,1.,0.));
#4220=DIRECTION('ref_axis',(-0.70710678118654,0.,-0.707106781186555));
#4221=DIRECTION('',(0.,-1.,0.));
#4222=DIRECTION('',(0.,1.,0.));
#4223=DIRECTION('center_axis',(-1.,0.,0.));
#4224=DIRECTION('ref_axis',(0.,-0.707106781186548,-0.707106781186547));
#4225=DIRECTION('',(-1.,0.,0.));
#4226=DIRECTION('',(1.,0.,0.));
#4227=DIRECTION('center_axis',(-0.707106781186548,0.707106781186548,0.));
#4228=DIRECTION('ref_axis',(0.707106781186547,0.707106781186547,0.));
#4229=DIRECTION('center_axis',(0.,1.,0.));
#4230=DIRECTION('ref_axis',(-0.707106781186556,0.,-0.707106781186539));
#4231=DIRECTION('',(0.,-1.,0.));
#4232=DIRECTION('',(0.,1.,0.));
#4233=DIRECTION('center_axis',(-1.,0.,0.));
#4234=DIRECTION('ref_axis',(0.,-0.707106781186548,-0.707106781186547));
#4235=DIRECTION('',(1.,0.,0.));
#4236=DIRECTION('',(-1.,0.,0.));
#4237=DIRECTION('center_axis',(1.,0.,0.));
#4238=DIRECTION('ref_axis',(0.,-1.,0.));
#4239=DIRECTION('',(0.,0.,-1.));
#4240=DIRECTION('',(0.,1.,0.));
#4241=DIRECTION('center_axis',(0.,-1.,0.));
#4242=DIRECTION('ref_axis',(-1.,0.,0.));
#4243=DIRECTION('',(1.,0.,0.));
#4244=DIRECTION('center_axis',(1.,0.,0.));
#4245=DIRECTION('ref_axis',(0.,-1.,0.));
#4246=DIRECTION('',(0.,1.,0.));
#4247=DIRECTION('center_axis',(0.,1.,0.));
#4248=DIRECTION('ref_axis',(1.,0.,0.));
#4249=DIRECTION('',(0.,0.,-1.));
#4250=DIRECTION('',(-1.,0.,0.));
#4251=DIRECTION('center_axis',(1.,0.,0.));
#4252=DIRECTION('ref_axis',(0.,-1.,0.));
#4253=DIRECTION('',(0.,1.,0.));
#4254=DIRECTION('center_axis',(0.,1.,0.));
#4255=DIRECTION('ref_axis',(1.,0.,0.));
#4256=DIRECTION('',(-1.,0.,0.));
#4257=DIRECTION('center_axis',(0.,0.,-1.));
#4258=DIRECTION('ref_axis',(-1.,0.,0.));
#4259=DIRECTION('center_axis',(0.,1.,0.));
#4260=DIRECTION('ref_axis',(1.,0.,0.));
#4261=DIRECTION('center_axis',(-1.,0.,0.));
#4262=DIRECTION('ref_axis',(0.,-0.707106781186546,-0.707106781186549));
#4263=DIRECTION('center_axis',(0.,0.,1.));
#4264=DIRECTION('ref_axis',(-0.707106781186548,-0.707106781186548,0.));
#4265=DIRECTION('center_axis',(0.,0.,1.));
#4266=DIRECTION('ref_axis',(0.707106781186548,0.707106781186548,0.));
#4267=DIRECTION('center_axis',(0.,-1.,0.));
#4268=DIRECTION('ref_axis',(0.707106781186548,0.,-0.707106781186547));
#4269=DIRECTION('',(0.,1.,0.));
#4270=DIRECTION('',(0.,-1.,0.));
#4271=DIRECTION('center_axis',(0.,-1.,0.));
#4272=DIRECTION('ref_axis',(-1.,0.,0.));
#4273=DIRECTION('center_axis',(1.,0.,0.));
#4274=DIRECTION('ref_axis',(0.,0.707106781186546,-0.707106781186549));
#4275=DIRECTION('center_axis',(1.,0.,0.));
#4276=DIRECTION('ref_axis',(0.,0.707106781186548,-0.707106781186547));
#4277=DIRECTION('',(-1.,0.,0.));
#4278=DIRECTION('',(1.,0.,0.));
#4279=DIRECTION('center_axis',(0.,1.,0.));
#4280=DIRECTION('ref_axis',(-0.707106781186548,0.,-0.707106781186547));
#4281=DIRECTION('',(0.,-1.,0.));
#4282=DIRECTION('',(0.,1.,0.));
#4283=DIRECTION('center_axis',(-1.,0.,0.));
#4284=DIRECTION('ref_axis',(0.,-0.707106781186548,-0.707106781186547));
#4285=DIRECTION('',(1.,0.,0.));
#4286=DIRECTION('',(-1.,0.,0.));
#4287=DIRECTION('center_axis',(1.,0.,0.));
#4288=DIRECTION('ref_axis',(0.,-1.,0.));
#4289=DIRECTION('',(0.,1.,0.));
#4290=DIRECTION('center_axis',(0.,1.,0.));
#4291=DIRECTION('ref_axis',(1.,0.,0.));
#4292=DIRECTION('',(-1.,0.,0.));
#4293=DIRECTION('center_axis',(0.,0.,-1.));
#4294=DIRECTION('ref_axis',(-1.,0.,0.));
#4295=DIRECTION('center_axis',(-1.,0.,0.));
#4296=DIRECTION('ref_axis',(0.,1.,0.));
#4297=DIRECTION('',(0.,-1.,0.));
#4298=DIRECTION('center_axis',(0.,-1.,0.));
#4299=DIRECTION('ref_axis',(-1.,0.,0.));
#4300=DIRECTION('',(1.,0.,0.));
#4301=DIRECTION('center_axis',(0.,1.,0.));
#4302=DIRECTION('ref_axis',(1.,0.,0.));
#4303=DIRECTION('',(-1.,0.,0.));
#4304=DIRECTION('',(0.,0.,-1.));
#4305=DIRECTION('center_axis',(-1.,0.,0.));
#4306=DIRECTION('ref_axis',(0.,1.,0.));
#4307=DIRECTION('',(0.,-1.,0.));
#4308=DIRECTION('center_axis',(0.,-1.,0.));
#4309=DIRECTION('ref_axis',(-1.,0.,0.));
#4310=DIRECTION('',(0.,0.,-1.));
#4311=DIRECTION('',(1.,0.,0.));
#4312=DIRECTION('center_axis',(-1.,0.,0.));
#4313=DIRECTION('ref_axis',(0.,1.,0.));
#4314=DIRECTION('',(0.,-1.,0.));
#4315=DIRECTION('center_axis',(0.,-1.,0.));
#4316=DIRECTION('ref_axis',(-1.,0.,0.));
#4317=DIRECTION('',(1.,0.,0.));
#4318=DIRECTION('center_axis',(-1.,0.,0.));
#4319=DIRECTION('ref_axis',(0.,1.,0.));
#4320=DIRECTION('',(0.,-1.,0.));
#4321=DIRECTION('center_axis',(-1.,0.,0.));
#4322=DIRECTION('ref_axis',(0.,-1.,0.));
#4323=DIRECTION('',(0.,1.,0.));
#4324=DIRECTION('',(0.,0.,1.));
#4325=DIRECTION('',(0.,-1.,0.));
#4326=DIRECTION('',(0.,0.,1.));
#4327=DIRECTION('center_axis',(0.,1.,0.));
#4328=DIRECTION('ref_axis',(-1.,0.,0.));
#4329=DIRECTION('',(1.,0.,0.));
#4330=DIRECTION('',(-1.,0.,0.));
#4331=DIRECTION('',(0.,0.,1.));
#4332=DIRECTION('center_axis',(1.,0.,0.));
#4333=DIRECTION('ref_axis',(0.,1.,0.));
#4334=DIRECTION('',(0.,-1.,0.));
#4335=DIRECTION('',(0.,1.,0.));
#4336=DIRECTION('',(0.,0.,1.));
#4337=DIRECTION('center_axis',(0.,-1.,0.));
#4338=DIRECTION('ref_axis',(1.,0.,0.));
#4339=DIRECTION('',(-1.,0.,0.));
#4340=DIRECTION('',(1.,0.,0.));
#4341=DIRECTION('center_axis',(-1.,0.,0.));
#4342=DIRECTION('ref_axis',(0.,-1.,0.));
#4343=DIRECTION('',(0.,1.,0.));
#4344=DIRECTION('',(0.,0.,1.));
#4345=DIRECTION('',(0.,-1.,0.));
#4346=DIRECTION('',(0.,0.,1.));
#4347=DIRECTION('center_axis',(0.,1.,0.));
#4348=DIRECTION('ref_axis',(-1.,0.,0.));
#4349=DIRECTION('',(1.,0.,0.));
#4350=DIRECTION('',(-1.,0.,0.));
#4351=DIRECTION('',(0.,0.,1.));
#4352=DIRECTION('center_axis',(1.,0.,0.));
#4353=DIRECTION('ref_axis',(0.,1.,0.));
#4354=DIRECTION('',(0.,-1.,0.));
#4355=DIRECTION('',(0.,1.,0.));
#4356=DIRECTION('',(0.,0.,1.));
#4357=DIRECTION('center_axis',(0.,-1.,0.));
#4358=DIRECTION('ref_axis',(1.,0.,0.));
#4359=DIRECTION('',(-1.,0.,0.));
#4360=DIRECTION('',(1.,0.,0.));
#4361=DIRECTION('center_axis',(-1.,0.,0.));
#4362=DIRECTION('ref_axis',(0.,-1.,0.));
#4363=DIRECTION('',(0.,1.,0.));
#4364=DIRECTION('',(0.,0.,1.));
#4365=DIRECTION('',(0.,-1.,0.));
#4366=DIRECTION('',(0.,0.,1.));
#4367=DIRECTION('center_axis',(0.,1.,0.));
#4368=DIRECTION('ref_axis',(-1.,0.,0.));
#4369=DIRECTION('',(1.,0.,0.));
#4370=DIRECTION('',(-1.,0.,0.));
#4371=DIRECTION('',(0.,0.,1.));
#4372=DIRECTION('center_axis',(1.,0.,0.));
#4373=DIRECTION('ref_axis',(0.,1.,0.));
#4374=DIRECTION('',(0.,-1.,0.));
#4375=DIRECTION('',(0.,1.,0.));
#4376=DIRECTION('',(0.,0.,1.));
#4377=DIRECTION('center_axis',(0.,-1.,0.));
#4378=DIRECTION('ref_axis',(1.,0.,0.));
#4379=DIRECTION('',(-1.,0.,0.));
#4380=DIRECTION('',(1.,0.,0.));
#4381=DIRECTION('center_axis',(-1.,0.,0.));
#4382=DIRECTION('ref_axis',(0.,-1.,0.));
#4383=DIRECTION('',(0.,1.,0.));
#4384=DIRECTION('',(0.,0.,1.));
#4385=DIRECTION('',(0.,-1.,0.));
#4386=DIRECTION('',(0.,0.,1.));
#4387=DIRECTION('center_axis',(0.,1.,0.));
#4388=DIRECTION('ref_axis',(-1.,0.,0.));
#4389=DIRECTION('',(1.,0.,0.));
#4390=DIRECTION('',(-1.,0.,0.));
#4391=DIRECTION('',(0.,0.,1.));
#4392=DIRECTION('center_axis',(1.,0.,0.));
#4393=DIRECTION('ref_axis',(0.,1.,0.));
#4394=DIRECTION('',(0.,-1.,0.));
#4395=DIRECTION('',(0.,1.,0.));
#4396=DIRECTION('',(0.,0.,1.));
#4397=DIRECTION('center_axis',(0.,-1.,0.));
#4398=DIRECTION('ref_axis',(1.,0.,0.));
#4399=DIRECTION('',(-1.,0.,0.));
#4400=DIRECTION('',(1.,0.,0.));
#4401=DIRECTION('center_axis',(-1.,0.,0.));
#4402=DIRECTION('ref_axis',(0.,-1.,0.));
#4403=DIRECTION('',(0.,1.,0.));
#4404=DIRECTION('',(0.,0.,1.));
#4405=DIRECTION('',(0.,-1.,0.));
#4406=DIRECTION('',(0.,0.,1.));
#4407=DIRECTION('center_axis',(0.,1.,0.));
#4408=DIRECTION('ref_axis',(-1.,0.,0.));
#4409=DIRECTION('',(1.,0.,0.));
#4410=DIRECTION('',(-1.,0.,0.));
#4411=DIRECTION('',(0.,0.,1.));
#4412=DIRECTION('center_axis',(1.,0.,0.));
#4413=DIRECTION('ref_axis',(0.,1.,0.));
#4414=DIRECTION('',(0.,-1.,0.));
#4415=DIRECTION('',(0.,1.,0.));
#4416=DIRECTION('',(0.,0.,1.));
#4417=DIRECTION('center_axis',(0.,-1.,0.));
#4418=DIRECTION('ref_axis',(1.,0.,0.));
#4419=DIRECTION('',(-1.,0.,0.));
#4420=DIRECTION('',(1.,0.,0.));
#4421=DIRECTION('center_axis',(-1.,0.,0.));
#4422=DIRECTION('ref_axis',(0.,-1.,0.));
#4423=DIRECTION('',(0.,1.,0.));
#4424=DIRECTION('',(0.,0.,1.));
#4425=DIRECTION('',(0.,-1.,0.));
#4426=DIRECTION('',(0.,0.,1.));
#4427=DIRECTION('center_axis',(0.,1.,0.));
#4428=DIRECTION('ref_axis',(-1.,0.,0.));
#4429=DIRECTION('',(1.,0.,0.));
#4430=DIRECTION('',(-1.,0.,0.));
#4431=DIRECTION('',(0.,0.,1.));
#4432=DIRECTION('center_axis',(1.,0.,0.));
#4433=DIRECTION('ref_axis',(0.,1.,0.));
#4434=DIRECTION('',(0.,-1.,0.));
#4435=DIRECTION('',(0.,1.,0.));
#4436=DIRECTION('',(0.,0.,1.));
#4437=DIRECTION('center_axis',(0.,-1.,0.));
#4438=DIRECTION('ref_axis',(1.,0.,0.));
#4439=DIRECTION('',(-1.,0.,0.));
#4440=DIRECTION('',(1.,0.,0.));
#4441=DIRECTION('center_axis',(0.,-1.,0.));
#4442=DIRECTION('ref_axis',(-0.707106781186548,0.,-0.707106781186547));
#4443=DIRECTION('center_axis',(0.,-1.,0.));
#4444=DIRECTION('ref_axis',(-1.,0.,0.));
#4445=DIRECTION('',(0.,-1.,0.));
#4446=DIRECTION('center_axis',(0.,1.,0.));
#4447=DIRECTION('ref_axis',(0.,0.,-1.));
#4448=DIRECTION('',(0.,1.,0.));
#4449=DIRECTION('center_axis',(0.,0.,1.));
#4450=DIRECTION('ref_axis',(1.,0.,0.));
#4451=DIRECTION('center_axis',(-1.,0.,0.));
#4452=DIRECTION('ref_axis',(0.,0.,-1.));
#4453=DIRECTION('center_axis',(0.,0.,-1.));
#4454=DIRECTION('ref_axis',(-0.707106781186548,-0.707106781186548,0.));
#4455=DIRECTION('center_axis',(0.,0.,1.));
#4456=DIRECTION('ref_axis',(-0.707106781186548,-0.707106781186548,0.));
#4457=DIRECTION('center_axis',(1.,0.,0.));
#4458=DIRECTION('ref_axis',(0.,-0.707106781186548,-0.707106781186548));
#4459=DIRECTION('center_axis',(-1.,0.,0.));
#4460=DIRECTION('ref_axis',(0.,0.,-1.));
#4461=DIRECTION('',(-1.,0.,0.));
#4462=DIRECTION('',(1.,0.,0.));
#4463=DIRECTION('center_axis',(0.,0.,1.));
#4464=DIRECTION('ref_axis',(1.,0.,0.));
#4465=DIRECTION('center_axis',(0.,-1.,0.));
#4466=DIRECTION('ref_axis',(0.,0.,-1.));
#4467=DIRECTION('center_axis',(0.,0.,-1.));
#4468=DIRECTION('ref_axis',(0.707106781186548,-0.707106781186548,0.));
#4469=DIRECTION('center_axis',(0.,0.,1.));
#4470=DIRECTION('ref_axis',(0.707106781186547,-0.707106781186547,0.));
#4471=DIRECTION('center_axis',(0.,-1.,0.));
#4472=DIRECTION('ref_axis',(0.707106781186548,0.,-0.707106781186547));
#4473=DIRECTION('center_axis',(0.,-1.,0.));
#4474=DIRECTION('ref_axis',(0.,0.,-1.));
#4475=DIRECTION('',(0.,-1.,0.));
#4476=DIRECTION('',(0.,1.,0.));
#4477=DIRECTION('center_axis',(0.,0.,1.));
#4478=DIRECTION('ref_axis',(1.,0.,0.));
#4479=DIRECTION('center_axis',(1.,0.,0.));
#4480=DIRECTION('ref_axis',(0.,0.,-1.));
#4481=DIRECTION('center_axis',(0.,0.,-1.));
#4482=DIRECTION('ref_axis',(0.707106781186547,0.707106781186547,0.));
#4483=DIRECTION('center_axis',(0.,0.,1.));
#4484=DIRECTION('ref_axis',(0.707106781186547,0.707106781186547,0.));
#4485=DIRECTION('center_axis',(-1.,0.,0.));
#4486=DIRECTION('ref_axis',(0.,0.707106781186548,-0.707106781186547));
#4487=DIRECTION('center_axis',(1.,1.8503717077086E-15,0.));
#4488=DIRECTION('ref_axis',(0.,0.,-1.));
#4489=DIRECTION('',(1.,0.,0.));
#4490=DIRECTION('',(-1.,0.,0.));
#4491=DIRECTION('center_axis',(0.,0.,1.));
#4492=DIRECTION('ref_axis',(1.,0.,0.));
#4493=DIRECTION('center_axis',(0.,0.,-1.));
#4494=DIRECTION('ref_axis',(-0.707106781186548,0.707106781186547,0.));
#4495=DIRECTION('center_axis',(0.,0.,1.));
#4496=DIRECTION('ref_axis',(-0.707106781186548,0.707106781186547,0.));
#4497=DIRECTION('center_axis',(0.,0.,1.));
#4498=DIRECTION('ref_axis',(0.707106781186547,0.707106781186547,0.));
#4499=DIRECTION('',(0.,0.,1.));
#4500=DIRECTION('center_axis',(0.,0.,-1.));
#4501=DIRECTION('ref_axis',(0.707106781186547,0.707106781186547,0.));
#4502=DIRECTION('',(0.,0.,-1.));
#4503=DIRECTION('center_axis',(0.,1.,0.));
#4504=DIRECTION('ref_axis',(-1.,0.,0.));
#4505=DIRECTION('',(0.,0.,-1.));
#4506=DIRECTION('',(-1.,0.,0.));
#4507=DIRECTION('',(0.,0.,-1.));
#4508=DIRECTION('',(1.,0.,0.));
#4509=DIRECTION('',(0.,0.,1.));
#4510=DIRECTION('',(-1.,0.,0.));
#4511=DIRECTION('center_axis',(0.,0.,1.));
#4512=DIRECTION('ref_axis',(-0.707106781186548,0.707106781186547,0.));
#4513=DIRECTION('',(0.,0.,1.));
#4514=DIRECTION('center_axis',(0.,0.,-1.));
#4515=DIRECTION('ref_axis',(-0.707106781186548,0.707106781186547,0.));
#4516=DIRECTION('center_axis',(-1.,0.,0.));
#4517=DIRECTION('ref_axis',(0.,-1.,0.));
#4518=DIRECTION('',(0.,0.,-1.));
#4519=DIRECTION('',(0.,-1.,0.));
#4520=DIRECTION('center_axis',(0.,0.,1.));
#4521=DIRECTION('ref_axis',(1.,0.,0.));
#4522=DIRECTION('center_axis',(0.,0.,1.));
#4523=DIRECTION('ref_axis',(1.,0.,0.));
#4524=DIRECTION('center_axis',(0.,0.,-1.));
#4525=DIRECTION('ref_axis',(-0.707106781186548,-0.707106781186548,0.));
#4526=DIRECTION('',(1.,0.,0.));
#4527=DIRECTION('',(0.,1.,0.));
#4528=DIRECTION('',(-1.,0.,0.));
#4529=DIRECTION('',(-1.66533453693773E-16,1.,0.));
#4530=DIRECTION('',(1.,0.,0.));
#4531=DIRECTION('',(0.,1.,0.));
#4532=DIRECTION('center_axis',(1.,0.,0.));
#4533=DIRECTION('ref_axis',(0.,1.,0.));
#4534=DIRECTION('',(0.,1.,0.));
#4535=DIRECTION('',(0.,0.,1.));
#4536=DIRECTION('center_axis',(0.,0.,1.));
#4537=DIRECTION('ref_axis',(1.,0.,0.));
#4538=DIRECTION('',(0.,-1.,0.));
#4539=DIRECTION('',(1.,0.,0.));
#4540=DIRECTION('',(0.,-1.,0.));
#4541=DIRECTION('',(-1.,0.,0.));
#4542=DIRECTION('',(0.,-1.,0.));
#4543=DIRECTION('',(1.,0.,0.));
#4544=DIRECTION('center_axis',(0.,0.,-1.));
#4545=DIRECTION('ref_axis',(0.707106781186547,-0.707106781186548,0.));
#4546=DIRECTION('center_axis',(0.,0.,1.));
#4547=DIRECTION('ref_axis',(0.707106781186547,-0.707106781186548,0.));
#4548=DIRECTION('',(0.,0.,-1.));
#4549=DIRECTION('center_axis',(0.,-1.,0.));
#4550=DIRECTION('ref_axis',(1.,0.,0.));
#4551=DIRECTION('',(0.,0.,-1.));
#4552=DIRECTION('',(-1.,0.,0.));
#4553=DIRECTION('',(0.,0.,1.));
#4554=DIRECTION('',(0.,0.,1.));
#4555=DIRECTION('center_axis',(0.,0.,1.));
#4556=DIRECTION('ref_axis',(-0.707106781186548,-0.707106781186548,0.));
#4557=DIRECTION('center_axis',(0.,0.,-1.));
#4558=DIRECTION('ref_axis',(-1.,0.,0.));
#4559=DIRECTION('',(0.,-1.,0.));
#4560=DIRECTION('',(-1.,0.,0.));
#4561=DIRECTION('',(0.,-1.,0.));
#4562=DIRECTION('',(1.,0.,0.));
#4563=DIRECTION('',(-1.66533453693773E-16,1.,0.));
#4564=DIRECTION('',(-1.,0.,0.));
#4565=DIRECTION('',(0.,1.,0.));
#4566=DIRECTION('center_axis',(0.,1.,0.));
#4567=DIRECTION('ref_axis',(-1.,0.,0.));
#4568=DIRECTION('',(0.,0.,1.));
#4569=DIRECTION('',(0.,0.,-1.));
#4570=DIRECTION('center_axis',(1.,1.66533453693773E-16,0.));
#4571=DIRECTION('ref_axis',(-1.66533453693773E-16,1.,0.));
#4572=DIRECTION('',(0.,0.,1.));
#4573=DIRECTION('center_axis',(-1.,0.,0.));
#4574=DIRECTION('ref_axis',(0.,1.,0.));
#4575=DIRECTION('center_axis',(1.,0.,0.));
#4576=DIRECTION('ref_axis',(0.,-1.,0.));
#4577=DIRECTION('',(0.,0.,1.));
#4578=DIRECTION('center_axis',(-1.,0.,0.));
#4579=DIRECTION('ref_axis',(0.,1.,0.));
#4580=DIRECTION('',(0.,0.,1.));
#4581=DIRECTION('',(0.,1.,0.));
#4582=DIRECTION('center_axis',(1.,0.,0.));
#4583=DIRECTION('ref_axis',(0.,-1.,0.));
#4584=DIRECTION('',(0.,-1.,0.));
#4585=DIRECTION('',(0.,0.,-1.));
#4586=DIRECTION('center_axis',(0.,0.,-1.));
#4587=DIRECTION('ref_axis',(-1.,0.,0.));
#4588=DIRECTION('',(-1.,0.,0.));
#4589=DIRECTION('center_axis',(0.,-1.,0.));
#4590=DIRECTION('ref_axis',(1.,0.,0.));
#4591=DIRECTION('',(0.,0.,1.));
#4592=DIRECTION('center_axis',(0.,1.,0.));
#4593=DIRECTION('ref_axis',(-1.,0.,0.));
#4594=DIRECTION('',(0.,0.,1.));
#4595=DIRECTION('center_axis',(-1.,0.,0.));
#4596=DIRECTION('ref_axis',(0.,-1.,0.));
#4597=DIRECTION('',(0.,0.,1.));
#4598=DIRECTION('',(1.,0.,0.));
#4599=CARTESIAN_POINT('',(0.,0.,0.));
#4600=CARTESIAN_POINT('',(0.,0.,0.));
#4601=CARTESIAN_POINT('Origin',(6.4,2.8,0.));
#4602=CARTESIAN_POINT('',(6.4,2.8,-4.));
#4603=CARTESIAN_POINT('',(6.4,1.8,-4.));
#4604=CARTESIAN_POINT('Origin',(6.4,2.3,-4.));
#4605=CARTESIAN_POINT('',(6.4,2.8,8.6));
#4606=CARTESIAN_POINT('',(6.4,2.8,0.));
#4607=CARTESIAN_POINT('',(6.4,1.8,8.6));
#4608=CARTESIAN_POINT('',(6.4,2.55,8.6));
#4609=CARTESIAN_POINT('',(6.4,1.8,0.));
#4610=CARTESIAN_POINT('Origin',(5.85,2.3,-4.));
#4611=CARTESIAN_POINT('',(5.8,1.8,-4.));
#4612=CARTESIAN_POINT('',(6.35,1.8,-4.));
#4613=CARTESIAN_POINT('',(5.8,2.8,-4.));
#4614=CARTESIAN_POINT('Origin',(5.8,2.3,-4.));
#4615=CARTESIAN_POINT('',(5.85,2.8,-4.));
#4616=CARTESIAN_POINT('Origin',(6.3,2.55,9.1));
#4617=CARTESIAN_POINT('',(6.2,2.8,9.6));
#4618=CARTESIAN_POINT('',(7.16153846153847,2.8,4.7923076923077));
#4619=CARTESIAN_POINT('',(6.2,1.8,9.6));
#4620=CARTESIAN_POINT('',(6.2,2.55,9.6));
#4621=CARTESIAN_POINT('',(7.18076923076924,1.8,4.69615384615385));
#4622=CARTESIAN_POINT('Origin',(6.6,1.8,0.));
#4623=CARTESIAN_POINT('',(6.,1.8,9.6));
#4624=CARTESIAN_POINT('',(6.6,1.8,9.6));
#4625=CARTESIAN_POINT('',(5.8,1.8,8.6));
#4626=CARTESIAN_POINT('',(5.03846153846154,1.8,4.79230769230769));
#4627=CARTESIAN_POINT('',(5.8,1.8,0.));
#4628=CARTESIAN_POINT('Origin',(6.1,2.3,9.6));
#4629=CARTESIAN_POINT('',(6.,2.8,9.6));
#4630=CARTESIAN_POINT('',(5.6,2.8,9.6));
#4631=CARTESIAN_POINT('',(6.,2.05,9.6));
#4632=CARTESIAN_POINT('Origin',(5.9,2.05,9.1));
#4633=CARTESIAN_POINT('',(5.8,2.8,8.6));
#4634=CARTESIAN_POINT('',(5.01923076923077,2.8,4.69615384615385));
#4635=CARTESIAN_POINT('',(5.8,2.05,8.6));
#4636=CARTESIAN_POINT('Origin',(5.8,1.8,0.));
#4637=CARTESIAN_POINT('',(5.8,2.8,0.));
#4638=CARTESIAN_POINT('Origin',(5.6,2.8,0.));
#4639=CARTESIAN_POINT('Origin',(13.2,3.8,0.));
#4640=CARTESIAN_POINT('',(13.2,3.8,-4.));
#4641=CARTESIAN_POINT('',(14.2,3.8,-4.));
#4642=CARTESIAN_POINT('Origin',(13.7,3.8,-4.));
#4643=CARTESIAN_POINT('',(13.2,3.8,8.6));
#4644=CARTESIAN_POINT('',(13.2,3.8,0.));
#4645=CARTESIAN_POINT('',(14.2,3.8,8.6));
#4646=CARTESIAN_POINT('',(13.45,3.8,8.6));
#4647=CARTESIAN_POINT('',(14.2,3.8,0.));
#4648=CARTESIAN_POINT('Origin',(13.7,3.25316493707886,-4.));
#4649=CARTESIAN_POINT('',(14.2,3.20021991610515,-4.));
#4650=CARTESIAN_POINT('',(14.2,3.75105497902629,-4.));
#4651=CARTESIAN_POINT('',(13.2,3.20021991610514,-4.));
#4652=CARTESIAN_POINT('Origin',(13.7,3.20021991610514,-4.));
#4653=CARTESIAN_POINT('',(13.2,3.25316493707886,-4.));
#4654=CARTESIAN_POINT('Origin',(13.2,3.00421991610514,0.));
#4655=CARTESIAN_POINT('',(13.2,3.20021991610514,8.6));
#4656=CARTESIAN_POINT('',(13.2,3.20021991610514,0.));
#4657=CARTESIAN_POINT('',(13.2,3.40021991610514,9.6));
#4658=CARTESIAN_POINT('',(13.2,2.41952760841284,4.69653846153846));
#4659=CARTESIAN_POINT('',(13.2,3.6,9.6));
#4660=CARTESIAN_POINT('',(13.2,3.00421991610514,9.6));
#4661=CARTESIAN_POINT('',(13.2,4.56161961377125,4.79190193114374));
#4662=CARTESIAN_POINT('Origin',(14.2,3.20021991610514,0.));
#4663=CARTESIAN_POINT('',(14.2,3.20021991610515,8.6));
#4664=CARTESIAN_POINT('',(14.2,3.20021991610515,0.));
#4665=CARTESIAN_POINT('',(13.95,3.20021991610514,8.6));
#4666=CARTESIAN_POINT('Origin',(13.95,3.30021991610514,9.1));
#4667=CARTESIAN_POINT('',(14.2,3.40021991610514,9.6));
#4668=CARTESIAN_POINT('',(14.2,2.43867722541081,4.79228654652835));
#4669=CARTESIAN_POINT('',(13.95,3.40021991610514,9.6));
#4670=CARTESIAN_POINT('Origin',(13.45,3.7,9.1));
#4671=CARTESIAN_POINT('',(14.2,3.6,9.6));
#4672=CARTESIAN_POINT('',(13.45,3.6,9.6));
#4673=CARTESIAN_POINT('',(14.2,4.58076923076923,4.69615384615385));
#4674=CARTESIAN_POINT('Origin',(14.2,4.,0.));
#4675=CARTESIAN_POINT('',(14.2,4.00421991610514,9.6));
#4676=CARTESIAN_POINT('Origin',(13.7,3.50210995805257,9.6));
#4677=CARTESIAN_POINT('Origin',(5.8,4.2,0.));
#4678=CARTESIAN_POINT('',(5.8,4.2,-4.));
#4679=CARTESIAN_POINT('',(5.8,5.2,-4.));
#4680=CARTESIAN_POINT('Origin',(5.8,4.7,-4.));
#4681=CARTESIAN_POINT('',(5.8,4.2,8.6));
#4682=CARTESIAN_POINT('',(5.8,4.2,0.));
#4683=CARTESIAN_POINT('',(5.8,5.2,8.6));
#4684=CARTESIAN_POINT('',(5.8,4.45,8.6));
#4685=CARTESIAN_POINT('',(5.8,5.2,0.));
#4686=CARTESIAN_POINT('Origin',(6.35,4.7,-4.));
#4687=CARTESIAN_POINT('',(6.4,5.2,-4.));
#4688=CARTESIAN_POINT('',(5.85,5.2,-4.));
#4689=CARTESIAN_POINT('',(6.4,4.2,-4.));
#4690=CARTESIAN_POINT('Origin',(6.4,4.7,-4.));
#4691=CARTESIAN_POINT('',(6.35,4.2,-4.));
#4692=CARTESIAN_POINT('Origin',(6.6,4.2,0.));
#4693=CARTESIAN_POINT('',(6.4,4.2,8.6));
#4694=CARTESIAN_POINT('',(6.4,4.2,0.));
#4695=CARTESIAN_POINT('',(6.2,4.2,9.6));
#4696=CARTESIAN_POINT('',(7.18076923076924,4.2,4.69615384615385));
#4697=CARTESIAN_POINT('',(6.,4.2,9.6));
#4698=CARTESIAN_POINT('',(5.6,4.2,9.6));
#4699=CARTESIAN_POINT('',(5.03846153846154,4.2,4.79230769230769));
#4700=CARTESIAN_POINT('Origin',(6.3,4.95,9.1));
#4701=CARTESIAN_POINT('',(6.4,5.2,8.6));
#4702=CARTESIAN_POINT('',(6.2,5.2,9.6));
#4703=CARTESIAN_POINT('',(7.16153846153847,5.2,4.7923076923077));
#4704=CARTESIAN_POINT('',(6.2,4.95,9.6));
#4705=CARTESIAN_POINT('',(6.4,4.95,8.6));
#4706=CARTESIAN_POINT('Origin',(6.1,4.7,9.6));
#4707=CARTESIAN_POINT('',(6.,5.2,9.6));
#4708=CARTESIAN_POINT('',(6.6,5.2,9.6));
#4709=CARTESIAN_POINT('',(6.,4.45,9.6));
#4710=CARTESIAN_POINT('Origin',(5.9,4.45,9.1));
#4711=CARTESIAN_POINT('',(5.01923076923077,5.2,4.69615384615385));
#4712=CARTESIAN_POINT('Origin',(6.4,5.2,0.));
#4713=CARTESIAN_POINT('',(6.4,5.2,0.));
#4714=CARTESIAN_POINT('Origin',(5.6,5.2,0.));
#4715=CARTESIAN_POINT('Origin',(9.7,1.8,0.));
#4716=CARTESIAN_POINT('',(9.7,1.8,-4.));
#4717=CARTESIAN_POINT('',(9.7,2.8,-4.));
#4718=CARTESIAN_POINT('Origin',(9.7,2.3,-4.));
#4719=CARTESIAN_POINT('',(9.7,1.8,8.6));
#4720=CARTESIAN_POINT('',(9.7,1.8,0.));
#4721=CARTESIAN_POINT('',(9.7,2.8,8.6));
#4722=CARTESIAN_POINT('',(9.7,2.05,8.6));
#4723=CARTESIAN_POINT('',(9.7,2.8,0.));
#4724=CARTESIAN_POINT('Origin',(10.25,2.3,-4.));
#4725=CARTESIAN_POINT('',(10.3,2.8,-4.));
#4726=CARTESIAN_POINT('',(9.75,2.8,-4.));
#4727=CARTESIAN_POINT('',(10.3,1.8,-4.));
#4728=CARTESIAN_POINT('Origin',(10.3,2.3,-4.));
#4729=CARTESIAN_POINT('',(10.25,1.8,-4.));
#4730=CARTESIAN_POINT('Origin',(10.5,1.8,0.));
#4731=CARTESIAN_POINT('',(10.3,1.8,8.6));
#4732=CARTESIAN_POINT('',(10.3,1.8,0.));
#4733=CARTESIAN_POINT('',(10.1,1.8,9.6));
#4734=CARTESIAN_POINT('',(11.0807692307692,1.8,4.69615384615385));
#4735=CARTESIAN_POINT('',(9.9,1.8,9.6));
#4736=CARTESIAN_POINT('',(9.5,1.8,9.6));
#4737=CARTESIAN_POINT('',(8.93846153846154,1.8,4.7923076923077));
#4738=CARTESIAN_POINT('Origin',(10.2,2.55,9.1));
#4739=CARTESIAN_POINT('',(10.3,2.8,8.6));
#4740=CARTESIAN_POINT('',(10.1,2.8,9.6));
#4741=CARTESIAN_POINT('',(11.0615384615385,2.8,4.79230769230769));
#4742=CARTESIAN_POINT('',(10.1,2.55,9.6));
#4743=CARTESIAN_POINT('',(10.3,2.55,8.6));
#4744=CARTESIAN_POINT('Origin',(10.,2.3,9.6));
#4745=CARTESIAN_POINT('',(9.9,2.8,9.6));
#4746=CARTESIAN_POINT('',(10.5,2.8,9.6));
#4747=CARTESIAN_POINT('',(9.9,2.05,9.6));
#4748=CARTESIAN_POINT('Origin',(9.8,2.05,9.1));
#4749=CARTESIAN_POINT('',(8.91923076923077,2.8,4.69615384615385));
#4750=CARTESIAN_POINT('Origin',(10.3,2.8,0.));
#4751=CARTESIAN_POINT('',(10.3,2.8,0.));
#4752=CARTESIAN_POINT('Origin',(9.5,2.8,0.));
#4753=CARTESIAN_POINT('Origin',(9.7,4.2,0.));
#4754=CARTESIAN_POINT('',(9.7,4.2,-4.));
#4755=CARTESIAN_POINT('',(9.7,5.2,-4.));
#4756=CARTESIAN_POINT('Origin',(9.7,4.7,-4.));
#4757=CARTESIAN_POINT('',(9.7,4.2,8.6));
#4758=CARTESIAN_POINT('',(9.7,4.2,0.));
#4759=CARTESIAN_POINT('',(9.7,5.2,8.6));
#4760=CARTESIAN_POINT('',(9.7,4.45,8.6));
#4761=CARTESIAN_POINT('',(9.7,5.2,0.));
#4762=CARTESIAN_POINT('Origin',(10.25,4.7,-4.));
#4763=CARTESIAN_POINT('',(10.3,5.2,-4.));
#4764=CARTESIAN_POINT('',(9.75,5.2,-4.));
#4765=CARTESIAN_POINT('',(10.3,4.2,-4.));
#4766=CARTESIAN_POINT('Origin',(10.3,4.7,-4.));
#4767=CARTESIAN_POINT('',(10.25,4.2,-4.));
#4768=CARTESIAN_POINT('Origin',(10.5,4.2,0.));
#4769=CARTESIAN_POINT('',(10.3,4.2,8.6));
#4770=CARTESIAN_POINT('',(10.3,4.2,0.));
#4771=CARTESIAN_POINT('',(10.1,4.2,9.6));
#4772=CARTESIAN_POINT('',(11.0807692307692,4.2,4.69615384615385));
#4773=CARTESIAN_POINT('',(9.9,4.2,9.6));
#4774=CARTESIAN_POINT('',(10.5,4.2,9.6));
#4775=CARTESIAN_POINT('',(8.93846153846154,4.2,4.7923076923077));
#4776=CARTESIAN_POINT('Origin',(10.2,4.95,9.1));
#4777=CARTESIAN_POINT('',(10.3,5.2,8.6));
#4778=CARTESIAN_POINT('',(10.1,5.2,9.6));
#4779=CARTESIAN_POINT('',(11.0615384615385,5.2,4.79230769230769));
#4780=CARTESIAN_POINT('',(10.1,4.95,9.6));
#4781=CARTESIAN_POINT('',(10.3,4.95,8.6));
#4782=CARTESIAN_POINT('Origin',(10.,4.7,9.6));
#4783=CARTESIAN_POINT('',(9.9,5.2,9.6));
#4784=CARTESIAN_POINT('',(9.5,5.2,9.6));
#4785=CARTESIAN_POINT('',(9.9,4.45,9.6));
#4786=CARTESIAN_POINT('Origin',(9.8,4.45,9.1));
#4787=CARTESIAN_POINT('',(8.91923076923077,5.2,4.69615384615385));
#4788=CARTESIAN_POINT('Origin',(10.3,5.2,0.));
#4789=CARTESIAN_POINT('',(10.3,5.2,0.));
#4790=CARTESIAN_POINT('Origin',(9.5,5.2,0.));
#4791=CARTESIAN_POINT('Origin',(1.9,3.8,0.));
#4792=CARTESIAN_POINT('',(1.9,3.8,-4.));
#4793=CARTESIAN_POINT('',(2.9,3.8,-4.));
#4794=CARTESIAN_POINT('Origin',(2.4,3.8,-4.));
#4795=CARTESIAN_POINT('',(1.9,3.8,8.6));
#4796=CARTESIAN_POINT('',(1.9,3.8,0.));
#4797=CARTESIAN_POINT('',(2.9,3.8,8.6));
#4798=CARTESIAN_POINT('',(2.15,3.8,8.6));
#4799=CARTESIAN_POINT('',(2.9,3.8,0.));
#4800=CARTESIAN_POINT('Origin',(2.4,3.25,-4.));
#4801=CARTESIAN_POINT('',(2.9,3.2,-4.));
#4802=CARTESIAN_POINT('',(2.9,3.75,-4.));
#4803=CARTESIAN_POINT('',(1.9,3.2,-4.));
#4804=CARTESIAN_POINT('Origin',(2.4,3.2,-4.));
#4805=CARTESIAN_POINT('',(1.9,3.25,-4.));
#4806=CARTESIAN_POINT('Origin',(1.9,3.,0.));
#4807=CARTESIAN_POINT('',(1.9,3.2,8.6));
#4808=CARTESIAN_POINT('',(1.9,3.2,0.));
#4809=CARTESIAN_POINT('',(1.9,3.4,9.6));
#4810=CARTESIAN_POINT('',(1.9,2.41923076923077,4.69615384615385));
#4811=CARTESIAN_POINT('',(1.9,3.6,9.6));
#4812=CARTESIAN_POINT('',(1.9,4.,9.6));
#4813=CARTESIAN_POINT('',(1.9,4.56153846153846,4.79230769230769));
#4814=CARTESIAN_POINT('Origin',(2.65,3.3,9.1));
#4815=CARTESIAN_POINT('',(2.9,3.2,8.6));
#4816=CARTESIAN_POINT('',(2.9,3.4,9.6));
#4817=CARTESIAN_POINT('',(2.9,2.43846153846154,4.79230769230769));
#4818=CARTESIAN_POINT('',(2.65,3.4,9.6));
#4819=CARTESIAN_POINT('',(2.65,3.2,8.6));
#4820=CARTESIAN_POINT('Origin',(2.4,3.5,9.6));
#4821=CARTESIAN_POINT('',(2.9,3.6,9.6));
#4822=CARTESIAN_POINT('',(2.9,3.,9.6));
#4823=CARTESIAN_POINT('',(2.15,3.6,9.6));
#4824=CARTESIAN_POINT('Origin',(2.9,4.,0.));
#4825=CARTESIAN_POINT('',(2.9,4.58076923076923,4.69615384615385));
#4826=CARTESIAN_POINT('',(2.9,3.2,0.));
#4827=CARTESIAN_POINT('Origin',(2.15,3.7,9.1));
#4828=CARTESIAN_POINT('Origin',(2.9,3.2,0.));
#4829=CARTESIAN_POINT('Ctrl Pts',(1.95488413516056,5.29511586483944,-0.145115864839445));
#4830=CARTESIAN_POINT('Ctrl Pts',(1.95014735659669,5.28564230771172,-0.149852643403309));
#4831=CARTESIAN_POINT('Ctrl Pts',(1.94228634689007,5.26515109492372,-0.157713653109937));
#4832=CARTESIAN_POINT('Ctrl Pts',(1.93162412310747,5.2112897317219,-0.168375876892529));
#4833=CARTESIAN_POINT('Ctrl Pts',(1.92928932188135,5.169426062908,-0.170710678118655));
#4834=CARTESIAN_POINT('Ctrl Pts',(1.92928932188135,5.15001510114022,-0.170710678118655));
#4835=CARTESIAN_POINT('Ctrl Pts',(1.95962091372442,5.29037908627558,-0.154589421967173));
#4836=CARTESIAN_POINT('Ctrl Pts',(1.95494277424852,5.28098800224698,-0.158356056171524));
#4837=CARTESIAN_POINT('Ctrl Pts',(1.94705541515918,5.26050639901847,-0.164853020263608));
#4838=CARTESIAN_POINT('Ctrl Pts',(1.93694665874599,5.2072328276444,-0.174482685640381));
#4839=CARTESIAN_POINT('Ctrl Pts',(1.93511717758727,5.16834767614313,-0.176538533824572));
#4840=CARTESIAN_POINT('Ctrl Pts',(1.93545999262879,5.15001510114022,-0.176881348866097));
#4841=CARTESIAN_POINT('Ctrl Pts',(1.97007792423751,5.27992207576249,-0.170734297279589));
#4842=CARTESIAN_POINT('Ctrl Pts',(1.96544494021739,5.2705332449879,-0.173215684025845));
#4843=CARTESIAN_POINT('Ctrl Pts',(1.95770001381258,5.24953479855435,-0.177969819989393));
#4844=CARTESIAN_POINT('Ctrl Pts',(1.94941483548855,5.19772908665248,-0.185797326060185));
#4845=CARTESIAN_POINT('Ctrl Pts',(1.94845283759977,5.1659984006991,-0.186986240929737));
#4846=CARTESIAN_POINT('Ctrl Pts',(1.94942546634404,5.15001510114022,-0.1875974018335));
#4847=CARTESIAN_POINT('Ctrl Pts',(1.99755509639379,5.25244490360621,-0.193150180802315));
#4848=CARTESIAN_POINT('Ctrl Pts',(1.99244853180014,5.24312619567447,-0.194089454824728));
#4849=CARTESIAN_POINT('Ctrl Pts',(1.98398363470777,5.22190746459192,-0.196185937176898));
#4850=CARTESIAN_POINT('Ctrl Pts',(1.97417589269513,5.18478137285668,-0.197528256707329));
#4851=CARTESIAN_POINT('Ctrl Pts',(1.9727009704526,5.1622133503588,-0.197446716193067));
#4852=CARTESIAN_POINT('Ctrl Pts',(1.97382087885269,5.15001510114022,-0.197702312554269));
#4853=CARTESIAN_POINT('Ctrl Pts',(2.01957853942716,5.23042146057284,-0.2));
#4854=CARTESIAN_POINT('Ctrl Pts',(2.01344376900323,5.2232082057675,-0.2));
#4855=CARTESIAN_POINT('Ctrl Pts',(2.0027275287568,5.20725506432394,-0.2));
#4856=CARTESIAN_POINT('Ctrl Pts',(1.99245415934683,5.17941102267202,-0.2));
#4857=CARTESIAN_POINT('Ctrl Pts',(1.99078854005892,5.15987326925571,-0.2));
#4858=CARTESIAN_POINT('Ctrl Pts',(1.99127335374003,5.15001510114022,-0.2));
#4859=CARTESIAN_POINT('Ctrl Pts',(2.02928489885978,5.22071510114022,-0.2));
#4860=CARTESIAN_POINT('Ctrl Pts',(2.02311515995398,5.21454536223442,-0.2));
#4861=CARTESIAN_POINT('Ctrl Pts',(2.01240072523276,5.20058199746494,-0.2));
#4862=CARTESIAN_POINT('Ctrl Pts',(2.00229734046873,5.17619026894174,-0.2));
#4863=CARTESIAN_POINT('Ctrl Pts',(2.,5.15874042957711,-0.2));
#4864=CARTESIAN_POINT('Ctrl Pts',(2.,5.15001510114022,-0.2));
#4865=CARTESIAN_POINT('',(1.99595677708582,5.33932701856458,-0.0422493365782643));
#4866=CARTESIAN_POINT('',(1.92928932188135,5.15001510114022,-0.170710678118655));
#4867=CARTESIAN_POINT('Ctrl Pts',(1.95488413516056,5.29511586483944,-0.145115864839445));
#4868=CARTESIAN_POINT('Ctrl Pts',(1.95014735659669,5.28564230771172,-0.149852643403309));
#4869=CARTESIAN_POINT('Ctrl Pts',(1.94228634689007,5.26515109492372,-0.157713653109937));
#4870=CARTESIAN_POINT('Ctrl Pts',(1.93162412310747,5.2112897317219,-0.168375876892529));
#4871=CARTESIAN_POINT('Ctrl Pts',(1.92928932188135,5.169426062908,-0.170710678118655));
#4872=CARTESIAN_POINT('Ctrl Pts',(1.92928932188135,5.15001510114022,-0.170710678118655));
#4873=CARTESIAN_POINT('',(2.02928489885978,5.22071510114022,-0.2));
#4874=CARTESIAN_POINT('Ctrl Pts',(1.95488413516056,5.29511586483944,-0.145115864839445));
#4875=CARTESIAN_POINT('Ctrl Pts',(1.95962091372442,5.29037908627558,-0.154589421967173));
#4876=CARTESIAN_POINT('Ctrl Pts',(1.97007792423751,5.27992207576249,-0.170734297279589));
#4877=CARTESIAN_POINT('Ctrl Pts',(1.99755509639379,5.25244490360621,-0.193150180802315));
#4878=CARTESIAN_POINT('Ctrl Pts',(2.01957853942716,5.23042146057284,-0.2));
#4879=CARTESIAN_POINT('Ctrl Pts',(2.02928489885978,5.22071510114022,-0.2));
#4880=CARTESIAN_POINT('',(2.,5.15001510114022,-0.2));
#4881=CARTESIAN_POINT('Origin',(2.09998489885978,5.15001510114022,-0.2));
#4882=CARTESIAN_POINT('Origin',(2.,5.15001510114022,-0.1));
#4883=CARTESIAN_POINT('Ctrl Pts',(1.95488413516056,5.29511586483944,-0.145115864839445));
#4884=CARTESIAN_POINT('Ctrl Pts',(1.95962091372442,5.29037908627558,-0.154589421967173));
#4885=CARTESIAN_POINT('Ctrl Pts',(1.97007792423751,5.27992207576249,-0.170734297279589));
#4886=CARTESIAN_POINT('Ctrl Pts',(1.99755509639379,5.25244490360621,-0.193150180802315));
#4887=CARTESIAN_POINT('Ctrl Pts',(2.01957853942716,5.23042146057284,-0.2));
#4888=CARTESIAN_POINT('Ctrl Pts',(2.02928489885978,5.22071510114022,-0.2));
#4889=CARTESIAN_POINT('Ctrl Pts',(1.96435769228829,5.29985264340331,-0.149852643403309));
#4890=CARTESIAN_POINT('Ctrl Pts',(1.96901199775303,5.29505722575148,-0.158356056171524));
#4891=CARTESIAN_POINT('Ctrl Pts',(1.97946675501211,5.28455505978261,-0.173215684025845));
#4892=CARTESIAN_POINT('Ctrl Pts',(2.00687380432553,5.25755146819987,-0.194089454824728));
#4893=CARTESIAN_POINT('Ctrl Pts',(2.0267917942325,5.23655623099678,-0.2));
#4894=CARTESIAN_POINT('Ctrl Pts',(2.03545463776558,5.22688484004602,-0.2));
#4895=CARTESIAN_POINT('Ctrl Pts',(1.98484890507628,5.30771365310994,-0.157713653109937));
#4896=CARTESIAN_POINT('Ctrl Pts',(1.98949360098153,5.30294458484082,-0.164853020263608));
#4897=CARTESIAN_POINT('Ctrl Pts',(2.00046520144565,5.29229998618742,-0.177969819989393));
#4898=CARTESIAN_POINT('Ctrl Pts',(2.02809253540808,5.26601636529223,-0.196185937176898));
#4899=CARTESIAN_POINT('Ctrl Pts',(2.04274493567606,5.24727247124321,-0.2));
#4900=CARTESIAN_POINT('Ctrl Pts',(2.04941800253506,5.23759927476724,-0.2));
#4901=CARTESIAN_POINT('Ctrl Pts',(2.03871026827811,5.31837587689253,-0.168375876892529));
#4902=CARTESIAN_POINT('Ctrl Pts',(2.0427671723556,5.31305334125401,-0.174482685640381));
#4903=CARTESIAN_POINT('Ctrl Pts',(2.05227091334752,5.30058516451145,-0.185797326060185));
#4904=CARTESIAN_POINT('Ctrl Pts',(2.06521862714333,5.27582410730487,-0.197528256707329));
#4905=CARTESIAN_POINT('Ctrl Pts',(2.07058897732798,5.25754584065317,-0.2));
#4906=CARTESIAN_POINT('Ctrl Pts',(2.07380973105826,5.24770265953127,-0.2));
#4907=CARTESIAN_POINT('Ctrl Pts',(2.080573937092,5.32071067811865,-0.170710678118655));
#4908=CARTESIAN_POINT('Ctrl Pts',(2.08165232385687,5.31488282241274,-0.176538533824572));
#4909=CARTESIAN_POINT('Ctrl Pts',(2.0840015993009,5.30154716240023,-0.186986240929737));
#4910=CARTESIAN_POINT('Ctrl Pts',(2.0877866496412,5.27729902954741,-0.197446716193067));
#4911=CARTESIAN_POINT('Ctrl Pts',(2.0901267307443,5.25921145994108,-0.2));
#4912=CARTESIAN_POINT('Ctrl Pts',(2.0912595704229,5.25,-0.2));
#4913=CARTESIAN_POINT('Ctrl Pts',(2.09998489885978,5.32071067811865,-0.170710678118655));
#4914=CARTESIAN_POINT('Ctrl Pts',(2.09998489885978,5.31454000737121,-0.176881348866097));
#4915=CARTESIAN_POINT('Ctrl Pts',(2.09998489885978,5.30057453365596,-0.1875974018335));
#4916=CARTESIAN_POINT('Ctrl Pts',(2.09998489885978,5.27617912114731,-0.197702312554269));
#4917=CARTESIAN_POINT('Ctrl Pts',(2.09998489885978,5.25872664625997,-0.2));
#4918=CARTESIAN_POINT('Ctrl Pts',(2.09998489885978,5.25,-0.2));
#4919=CARTESIAN_POINT('',(2.09998489885978,5.32071067811865,-0.170710678118655));
#4920=CARTESIAN_POINT('Ctrl Pts',(1.95488413516056,5.29511586483944,-0.145115864839445));
#4921=CARTESIAN_POINT('Ctrl Pts',(1.96435769228829,5.29985264340331,-0.149852643403309));
#4922=CARTESIAN_POINT('Ctrl Pts',(1.98484890507628,5.30771365310994,-0.157713653109937));
#4923=CARTESIAN_POINT('Ctrl Pts',(2.03871026827811,5.31837587689253,-0.168375876892529));
#4924=CARTESIAN_POINT('Ctrl Pts',(2.080573937092,5.32071067811865,-0.170710678118655));
#4925=CARTESIAN_POINT('Ctrl Pts',(2.09998489885978,5.32071067811865,-0.170710678118655));
#4926=CARTESIAN_POINT('',(2.09998489885978,5.25,-0.2));
#4927=CARTESIAN_POINT('Origin',(2.09998489885978,5.25,-0.1));
#4928=CARTESIAN_POINT('Origin',(2.09998489885978,5.15001510114022,-0.2));
#4929=CARTESIAN_POINT('Ctrl Pts',(1.95488413516056,5.29511586483944,-0.145115864839445));
#4930=CARTESIAN_POINT('Ctrl Pts',(1.96435769228829,5.29985264340331,-0.149852643403309));
#4931=CARTESIAN_POINT('Ctrl Pts',(1.98484890507628,5.30771365310994,-0.157713653109937));
#4932=CARTESIAN_POINT('Ctrl Pts',(2.03871026827811,5.31837587689253,-0.168375876892529));
#4933=CARTESIAN_POINT('Ctrl Pts',(2.080573937092,5.32071067811865,-0.170710678118655));
#4934=CARTESIAN_POINT('Ctrl Pts',(2.09998489885978,5.32071067811865,-0.170710678118655));
#4935=CARTESIAN_POINT('Ctrl Pts',(1.95962091372442,5.30458942196717,-0.140379086275581));
#4936=CARTESIAN_POINT('Ctrl Pts',(1.96901199775303,5.30835605617153,-0.14505722575148));
#4937=CARTESIAN_POINT('Ctrl Pts',(1.98949360098153,5.31485302026361,-0.152944584840822));
#4938=CARTESIAN_POINT('Ctrl Pts',(2.0427671723556,5.32448268564038,-0.163053341254009));
#4939=CARTESIAN_POINT('Ctrl Pts',(2.08165232385687,5.32653853382457,-0.164882822412737));
#4940=CARTESIAN_POINT('Ctrl Pts',(2.09998489885978,5.3268813488661,-0.164540007371213));
#4941=CARTESIAN_POINT('Ctrl Pts',(1.97007792423751,5.32073429727959,-0.129922075762491));
#4942=CARTESIAN_POINT('Ctrl Pts',(1.97946675501211,5.32321568402585,-0.134555059782608));
#4943=CARTESIAN_POINT('Ctrl Pts',(2.00046520144565,5.3279698199894,-0.142299986187419));
#4944=CARTESIAN_POINT('Ctrl Pts',(2.05227091334752,5.33579732606018,-0.150585164511447));
#4945=CARTESIAN_POINT('Ctrl Pts',(2.0840015993009,5.33698624092974,-0.15154716240023));
#4946=CARTESIAN_POINT('Ctrl Pts',(2.09998489885978,5.3375974018335,-0.150574533655963));
#4947=CARTESIAN_POINT('Ctrl Pts',(1.99755509639379,5.34315018080231,-0.102444903606208));
#4948=CARTESIAN_POINT('Ctrl Pts',(2.00687380432553,5.34408945482473,-0.107551468199866));
#4949=CARTESIAN_POINT('Ctrl Pts',(2.02809253540808,5.34618593717689,-0.116016365292233));
#4950=CARTESIAN_POINT('Ctrl Pts',(2.06521862714333,5.34752825670733,-0.125824107304869));
#4951=CARTESIAN_POINT('Ctrl Pts',(2.0877866496412,5.34744671619307,-0.127299029547407));
#4952=CARTESIAN_POINT('Ctrl Pts',(2.09998489885978,5.34770231255427,-0.126179121147312));
#4953=CARTESIAN_POINT('Ctrl Pts',(2.01957853942716,5.35,-0.0804214605728389));
#4954=CARTESIAN_POINT('Ctrl Pts',(2.0267917942325,5.35,-0.086556230996775));
#4955=CARTESIAN_POINT('Ctrl Pts',(2.04274493567606,5.35,-0.0972724712432062));
#4956=CARTESIAN_POINT('Ctrl Pts',(2.07058897732798,5.35,-0.10754584065317));
#4957=CARTESIAN_POINT('Ctrl Pts',(2.0901267307443,5.35,-0.109211459941081));
#4958=CARTESIAN_POINT('Ctrl Pts',(2.09998489885978,5.35,-0.108726646259972));
#4959=CARTESIAN_POINT('Ctrl Pts',(2.02928489885978,5.35,-0.0707151011402222));
#4960=CARTESIAN_POINT('Ctrl Pts',(2.03545463776558,5.35,-0.0768848400460222));
#4961=CARTESIAN_POINT('Ctrl Pts',(2.04941800253506,5.35,-0.0875992747672401));
#4962=CARTESIAN_POINT('Ctrl Pts',(2.07380973105826,5.35,-0.0977026595312721));
#4963=CARTESIAN_POINT('Ctrl Pts',(2.0912595704229,5.35,-0.1));
#4964=CARTESIAN_POINT('Ctrl Pts',(2.09998489885978,5.35,-0.1));
#4965=CARTESIAN_POINT('Origin',(2.09998489885978,5.25,-0.1));
#4966=CARTESIAN_POINT('Ctrl Pts',(1.95488413516056,5.29511586483944,-0.145115864839445));
#4967=CARTESIAN_POINT('Ctrl Pts',(1.95014735659669,5.29985264340331,-0.135642307711717));
#4968=CARTESIAN_POINT('Ctrl Pts',(1.94228634689007,5.30771365310994,-0.115151094923719));
#4969=CARTESIAN_POINT('Ctrl Pts',(1.93162412310747,5.31837587689253,-0.0612897317218955));
#4970=CARTESIAN_POINT('Ctrl Pts',(1.92928932188135,5.32071067811866,-0.0194260629080042));
#4971=CARTESIAN_POINT('Ctrl Pts',(1.92928932188135,5.32071067811866,-1.51011402220631E-5));
#4972=CARTESIAN_POINT('Ctrl Pts',(1.94541057803283,5.29037908627558,-0.140379086275581));
#4973=CARTESIAN_POINT('Ctrl Pts',(1.94164394382848,5.29505722575148,-0.130988002246977));
#4974=CARTESIAN_POINT('Ctrl Pts',(1.93514697973639,5.30294458484082,-0.110506399018468));
#4975=CARTESIAN_POINT('Ctrl Pts',(1.92551731435962,5.31305334125401,-0.0572328276444024));
#4976=CARTESIAN_POINT('Ctrl Pts',(1.92346146617543,5.31488282241274,-0.0183476761431274));
#4977=CARTESIAN_POINT('Ctrl Pts',(1.92311865113391,5.31454000737121,-1.51011402220458E-5));
#4978=CARTESIAN_POINT('Ctrl Pts',(1.92926570272041,5.27992207576249,-0.129922075762491));
#4979=CARTESIAN_POINT('Ctrl Pts',(1.92678431597416,5.28455505978261,-0.120533244987896));
#4980=CARTESIAN_POINT('Ctrl Pts',(1.92203018001061,5.29229998618742,-0.0995347985543496));
#4981=CARTESIAN_POINT('Ctrl Pts',(1.91420267393982,5.30058516451145,-0.0477290866524828));
#4982=CARTESIAN_POINT('Ctrl Pts',(1.91301375907026,5.30154716240023,-0.015998400699098));
#4983=CARTESIAN_POINT('Ctrl Pts',(1.9124025981665,5.30057453365596,-1.51011402220284E-5));
#4984=CARTESIAN_POINT('Ctrl Pts',(1.90684981919769,5.25244490360621,-0.102444903606208));
#4985=CARTESIAN_POINT('Ctrl Pts',(1.90591054517527,5.25755146819987,-0.0931261956744737));
#4986=CARTESIAN_POINT('Ctrl Pts',(1.9038140628231,5.26601636529223,-0.07190746459192));
#4987=CARTESIAN_POINT('Ctrl Pts',(1.90247174329267,5.27582410730488,-0.0347813728566733));
#4988=CARTESIAN_POINT('Ctrl Pts',(1.90255328380693,5.27729902954741,-0.0122133503588004));
#4989=CARTESIAN_POINT('Ctrl Pts',(1.90229768744573,5.27617912114731,-1.51011402220284E-5));
#4990=CARTESIAN_POINT('Ctrl Pts',(1.9,5.23042146057284,-0.0804214605728388));
#4991=CARTESIAN_POINT('Ctrl Pts',(1.9,5.23655623099678,-0.0732082057675008));
#4992=CARTESIAN_POINT('Ctrl Pts',(1.9,5.24727247124321,-0.0572550643239388));
#4993=CARTESIAN_POINT('Ctrl Pts',(1.9,5.25754584065317,-0.0294110226720235));
#4994=CARTESIAN_POINT('Ctrl Pts',(1.9,5.25921145994108,-0.0098732692557047));
#4995=CARTESIAN_POINT('Ctrl Pts',(1.9,5.25872664625997,-1.51011402220111E-5));
#4996=CARTESIAN_POINT('Ctrl Pts',(1.9,5.22071510114022,-0.0707151011402221));
#4997=CARTESIAN_POINT('Ctrl Pts',(1.9,5.22688484004602,-0.0645453622344221));
#4998=CARTESIAN_POINT('Ctrl Pts',(1.9,5.23759927476724,-0.0505819974649406));
#4999=CARTESIAN_POINT('Ctrl Pts',(1.9,5.24770265953127,-0.0261902689417407));
#5000=CARTESIAN_POINT('Ctrl Pts',(1.9,5.25,-0.00874042957710526));
#5001=CARTESIAN_POINT('Ctrl Pts',(1.9,5.25,-1.51011402220111E-5));
#5002=CARTESIAN_POINT('',(1.9,5.24999954230788,-1.10520254649905E-6));
#5003=CARTESIAN_POINT('Ctrl Pts',(1.95488413516056,5.29511586483944,-0.145115864839445));
#5004=CARTESIAN_POINT('Ctrl Pts',(1.94541057803283,5.29037908627558,-0.140379086275581));
#5005=CARTESIAN_POINT('Ctrl Pts',(1.92926570272041,5.27992207576249,-0.129922075762491));
#5006=CARTESIAN_POINT('Ctrl Pts',(1.90684981919769,5.25244490360621,-0.102444903606208));
#5007=CARTESIAN_POINT('Ctrl Pts',(1.9,5.23042146057284,-0.0804214605728388));
#5008=CARTESIAN_POINT('Ctrl Pts',(1.9,5.22071510114022,-0.0707151011402221));
#5009=CARTESIAN_POINT('Origin',(2.,5.25,0.));
#5010=CARTESIAN_POINT('Ctrl Pts',(3.84511586483945,5.29511586483945,-0.145115864839445));
#5011=CARTESIAN_POINT('Ctrl Pts',(3.84037908627558,5.30458942196717,-0.140379086275581));
#5012=CARTESIAN_POINT('Ctrl Pts',(3.82992207576249,5.32073429727959,-0.129922075762491));
#5013=CARTESIAN_POINT('Ctrl Pts',(3.80244490360621,5.34315018080231,-0.102444903606208));
#5014=CARTESIAN_POINT('Ctrl Pts',(3.78042146057284,5.35,-0.0804214605728389));
#5015=CARTESIAN_POINT('Ctrl Pts',(3.77071510114022,5.35,-0.0707151011402222));
#5016=CARTESIAN_POINT('Ctrl Pts',(3.83564230771172,5.29985264340331,-0.149852643403309));
#5017=CARTESIAN_POINT('Ctrl Pts',(3.83098800224698,5.30835605617153,-0.145057225751479));
#5018=CARTESIAN_POINT('Ctrl Pts',(3.8205332449879,5.32321568402585,-0.134555059782608));
#5019=CARTESIAN_POINT('Ctrl Pts',(3.79312619567447,5.34408945482473,-0.107551468199867));
#5020=CARTESIAN_POINT('Ctrl Pts',(3.7732082057675,5.35,-0.086556230996775));
#5021=CARTESIAN_POINT('Ctrl Pts',(3.76454536223442,5.35,-0.0768848400460221));
#5022=CARTESIAN_POINT('Ctrl Pts',(3.81515109492372,5.30771365310994,-0.157713653109937));
#5023=CARTESIAN_POINT('Ctrl Pts',(3.81050639901847,5.31485302026361,-0.152944584840822));
#5024=CARTESIAN_POINT('Ctrl Pts',(3.79953479855435,5.32796981998939,-0.142299986187419));
#5025=CARTESIAN_POINT('Ctrl Pts',(3.77190746459192,5.3461859371769,-0.116016365292233));
#5026=CARTESIAN_POINT('Ctrl Pts',(3.75725506432394,5.35,-0.0972724712432062));
#5027=CARTESIAN_POINT('Ctrl Pts',(3.75058199746494,5.35,-0.08759927476724));
#5028=CARTESIAN_POINT('Ctrl Pts',(3.7612897317219,5.31837587689253,-0.168375876892529));
#5029=CARTESIAN_POINT('Ctrl Pts',(3.7572328276444,5.32448268564038,-0.163053341254009));
#5030=CARTESIAN_POINT('Ctrl Pts',(3.74772908665249,5.33579732606019,-0.150585164511447));
#5031=CARTESIAN_POINT('Ctrl Pts',(3.73478137285667,5.34752825670732,-0.125824107304869));
#5032=CARTESIAN_POINT('Ctrl Pts',(3.72941102267203,5.35,-0.10754584065317));
#5033=CARTESIAN_POINT('Ctrl Pts',(3.72619026894174,5.35,-0.097702659531272));
#5034=CARTESIAN_POINT('Ctrl Pts',(3.71942606290801,5.32071067811866,-0.170710678118655));
#5035=CARTESIAN_POINT('Ctrl Pts',(3.71834767614313,5.32653853382457,-0.164882822412737));
#5036=CARTESIAN_POINT('Ctrl Pts',(3.7159984006991,5.33698624092974,-0.15154716240023));
#5037=CARTESIAN_POINT('Ctrl Pts',(3.7122133503588,5.34744671619307,-0.127299029547407));
#5038=CARTESIAN_POINT('Ctrl Pts',(3.70987326925571,5.35,-0.109211459941081));
#5039=CARTESIAN_POINT('Ctrl Pts',(3.70874042957711,5.35,-0.1));
#5040=CARTESIAN_POINT('Ctrl Pts',(3.70001510114022,5.32071067811866,-0.170710678118655));
#5041=CARTESIAN_POINT('Ctrl Pts',(3.70001510114022,5.3268813488661,-0.164540007371213));
#5042=CARTESIAN_POINT('Ctrl Pts',(3.70001510114022,5.3375974018335,-0.150574533655963));
#5043=CARTESIAN_POINT('Ctrl Pts',(3.70001510114022,5.34770231255427,-0.126179121147312));
#5044=CARTESIAN_POINT('Ctrl Pts',(3.70001510114022,5.35,-0.108726646259972));
#5045=CARTESIAN_POINT('Ctrl Pts',(3.70001510114022,5.35,-0.1));
#5046=CARTESIAN_POINT('',(3.88932701856459,5.25404322291418,-0.0422493365782642));
#5047=CARTESIAN_POINT('',(3.79999954230788,5.35,-1.10520254711487E-6));
#5048=CARTESIAN_POINT('Ctrl Pts',(3.84511586483945,5.29511586483945,-0.145115864839445));
#5049=CARTESIAN_POINT('Ctrl Pts',(3.84037908627558,5.30458942196717,-0.140379086275581));
#5050=CARTESIAN_POINT('Ctrl Pts',(3.82992207576249,5.32073429727959,-0.129922075762491));
#5051=CARTESIAN_POINT('Ctrl Pts',(3.80244490360621,5.34315018080231,-0.102444903606208));
#5052=CARTESIAN_POINT('Ctrl Pts',(3.78042146057284,5.35,-0.0804214605728389));
#5053=CARTESIAN_POINT('Ctrl Pts',(3.77071510114022,5.35,-0.0707151011402222));
#5054=CARTESIAN_POINT('',(3.70001510114022,5.32071067811866,-0.170710678118655));
#5055=CARTESIAN_POINT('Ctrl Pts',(3.84511586483945,5.29511586483945,-0.145115864839445));
#5056=CARTESIAN_POINT('Ctrl Pts',(3.83564230771172,5.29985264340331,-0.149852643403309));
#5057=CARTESIAN_POINT('Ctrl Pts',(3.81515109492372,5.30771365310994,-0.157713653109937));
#5058=CARTESIAN_POINT('Ctrl Pts',(3.7612897317219,5.31837587689253,-0.168375876892529));
#5059=CARTESIAN_POINT('Ctrl Pts',(3.71942606290801,5.32071067811866,-0.170710678118655));
#5060=CARTESIAN_POINT('Ctrl Pts',(3.70001510114022,5.32071067811866,-0.170710678118655));
#5061=CARTESIAN_POINT('',(3.70001510114022,5.35,-0.1));
#5062=CARTESIAN_POINT('Origin',(3.70001510114022,5.25,-0.1));
#5063=CARTESIAN_POINT('Origin',(3.70001510114022,5.35,-1.51011402221499E-5));
#5064=CARTESIAN_POINT('Ctrl Pts',(3.84511586483945,5.29511586483945,-0.145115864839445));
#5065=CARTESIAN_POINT('Ctrl Pts',(3.83564230771172,5.29985264340331,-0.149852643403309));
#5066=CARTESIAN_POINT('Ctrl Pts',(3.81515109492372,5.30771365310994,-0.157713653109937));
#5067=CARTESIAN_POINT('Ctrl Pts',(3.7612897317219,5.31837587689253,-0.168375876892529));
#5068=CARTESIAN_POINT('Ctrl Pts',(3.71942606290801,5.32071067811866,-0.170710678118655));
#5069=CARTESIAN_POINT('Ctrl Pts',(3.70001510114022,5.32071067811866,-0.170710678118655));
#5070=CARTESIAN_POINT('Ctrl Pts',(3.84037908627558,5.29037908627558,-0.154589421967173));
#5071=CARTESIAN_POINT('Ctrl Pts',(3.83098800224698,5.29505722575148,-0.158356056171524));
#5072=CARTESIAN_POINT('Ctrl Pts',(3.81050639901847,5.30294458484082,-0.164853020263608));
#5073=CARTESIAN_POINT('Ctrl Pts',(3.75723282764441,5.31305334125401,-0.174482685640382));
#5074=CARTESIAN_POINT('Ctrl Pts',(3.71834767614313,5.31488282241274,-0.176538533824572));
#5075=CARTESIAN_POINT('Ctrl Pts',(3.70001510114022,5.31454000737121,-0.176881348866097));
#5076=CARTESIAN_POINT('Ctrl Pts',(3.82992207576249,5.27992207576249,-0.170734297279589));
#5077=CARTESIAN_POINT('Ctrl Pts',(3.8205332449879,5.28455505978261,-0.173215684025845));
#5078=CARTESIAN_POINT('Ctrl Pts',(3.79953479855435,5.29229998618742,-0.177969819989393));
#5079=CARTESIAN_POINT('Ctrl Pts',(3.74772908665248,5.30058516451144,-0.185797326060185));
#5080=CARTESIAN_POINT('Ctrl Pts',(3.7159984006991,5.30154716240023,-0.186986240929737));
#5081=CARTESIAN_POINT('Ctrl Pts',(3.70001510114022,5.30057453365596,-0.1875974018335));
#5082=CARTESIAN_POINT('Ctrl Pts',(3.80244490360621,5.25244490360621,-0.193150180802315));
#5083=CARTESIAN_POINT('Ctrl Pts',(3.79312619567447,5.25755146819987,-0.194089454824728));
#5084=CARTESIAN_POINT('Ctrl Pts',(3.77190746459192,5.26601636529223,-0.196185937176898));
#5085=CARTESIAN_POINT('Ctrl Pts',(3.73478137285668,5.27582410730488,-0.197528256707329));
#5086=CARTESIAN_POINT('Ctrl Pts',(3.7122133503588,5.27729902954741,-0.197446716193067));
#5087=CARTESIAN_POINT('Ctrl Pts',(3.70001510114022,5.27617912114731,-0.197702312554269));
#5088=CARTESIAN_POINT('Ctrl Pts',(3.78042146057284,5.23042146057284,-0.2));
#5089=CARTESIAN_POINT('Ctrl Pts',(3.7732082057675,5.23655623099677,-0.2));
#5090=CARTESIAN_POINT('Ctrl Pts',(3.75725506432394,5.24727247124321,-0.2));
#5091=CARTESIAN_POINT('Ctrl Pts',(3.72941102267203,5.25754584065317,-0.2));
#5092=CARTESIAN_POINT('Ctrl Pts',(3.70987326925571,5.25921145994108,-0.2));
#5093=CARTESIAN_POINT('Ctrl Pts',(3.70001510114022,5.25872664625997,-0.2));
#5094=CARTESIAN_POINT('Ctrl Pts',(3.77071510114022,5.22071510114022,-0.2));
#5095=CARTESIAN_POINT('Ctrl Pts',(3.76454536223442,5.22688484004602,-0.2));
#5096=CARTESIAN_POINT('Ctrl Pts',(3.75058199746494,5.23759927476724,-0.2));
#5097=CARTESIAN_POINT('Ctrl Pts',(3.72619026894174,5.24770265953127,-0.2));
#5098=CARTESIAN_POINT('Ctrl Pts',(3.70874042957711,5.25,-0.2));
#5099=CARTESIAN_POINT('Ctrl Pts',(3.70001510114022,5.25,-0.2));
#5100=CARTESIAN_POINT('',(3.77071510114022,5.22071510114022,-0.2));
#5101=CARTESIAN_POINT('Ctrl Pts',(3.84511586483945,5.29511586483945,-0.145115864839445));
#5102=CARTESIAN_POINT('Ctrl Pts',(3.84037908627558,5.29037908627558,-0.154589421967173));
#5103=CARTESIAN_POINT('Ctrl Pts',(3.82992207576249,5.27992207576249,-0.170734297279589));
#5104=CARTESIAN_POINT('Ctrl Pts',(3.80244490360621,5.25244490360621,-0.193150180802315));
#5105=CARTESIAN_POINT('Ctrl Pts',(3.78042146057284,5.23042146057284,-0.2));
#5106=CARTESIAN_POINT('Ctrl Pts',(3.77071510114022,5.22071510114022,-0.2));
#5107=CARTESIAN_POINT('',(3.70001510114022,5.25,-0.2));
#5108=CARTESIAN_POINT('Origin',(3.70001510114022,5.15001510114022,-0.2));
#5109=CARTESIAN_POINT('Origin',(3.70001510114022,5.25,-0.1));
#5110=CARTESIAN_POINT('Ctrl Pts',(3.84511586483945,5.29511586483945,-0.145115864839445));
#5111=CARTESIAN_POINT('Ctrl Pts',(3.84037908627558,5.29037908627558,-0.154589421967173));
#5112=CARTESIAN_POINT('Ctrl Pts',(3.82992207576249,5.27992207576249,-0.170734297279589));
#5113=CARTESIAN_POINT('Ctrl Pts',(3.80244490360621,5.25244490360621,-0.193150180802315));
#5114=CARTESIAN_POINT('Ctrl Pts',(3.78042146057284,5.23042146057284,-0.2));
#5115=CARTESIAN_POINT('Ctrl Pts',(3.77071510114022,5.22071510114022,-0.2));
#5116=CARTESIAN_POINT('Ctrl Pts',(3.84985264340331,5.28564230771172,-0.149852643403309));
#5117=CARTESIAN_POINT('Ctrl Pts',(3.84505722575148,5.28098800224698,-0.158356056171524));
#5118=CARTESIAN_POINT('Ctrl Pts',(3.83455505978261,5.2705332449879,-0.173215684025845));
#5119=CARTESIAN_POINT('Ctrl Pts',(3.80755146819987,5.24312619567448,-0.194089454824728));
#5120=CARTESIAN_POINT('Ctrl Pts',(3.78655623099678,5.2232082057675,-0.2));
#5121=CARTESIAN_POINT('Ctrl Pts',(3.77688484004602,5.21454536223442,-0.2));
#5122=CARTESIAN_POINT('Ctrl Pts',(3.85771365310994,5.26515109492372,-0.157713653109936));
#5123=CARTESIAN_POINT('Ctrl Pts',(3.85294458484082,5.26050639901847,-0.164853020263608));
#5124=CARTESIAN_POINT('Ctrl Pts',(3.84229998618742,5.24953479855435,-0.177969819989393));
#5125=CARTESIAN_POINT('Ctrl Pts',(3.81601636529223,5.22190746459192,-0.196185937176898));
#5126=CARTESIAN_POINT('Ctrl Pts',(3.79727247124321,5.20725506432394,-0.2));
#5127=CARTESIAN_POINT('Ctrl Pts',(3.78759927476724,5.20058199746494,-0.2));
#5128=CARTESIAN_POINT('Ctrl Pts',(3.86837587689253,5.2112897317219,-0.168375876892529));
#5129=CARTESIAN_POINT('Ctrl Pts',(3.86305334125401,5.2072328276444,-0.174482685640381));
#5130=CARTESIAN_POINT('Ctrl Pts',(3.85058516451145,5.19772908665248,-0.185797326060185));
#5131=CARTESIAN_POINT('Ctrl Pts',(3.82582410730487,5.18478137285667,-0.197528256707329));
#5132=CARTESIAN_POINT('Ctrl Pts',(3.80754584065317,5.17941102267202,-0.2));
#5133=CARTESIAN_POINT('Ctrl Pts',(3.79770265953127,5.17619026894174,-0.2));
#5134=CARTESIAN_POINT('Ctrl Pts',(3.87071067811866,5.16942606290801,-0.170710678118655));
#5135=CARTESIAN_POINT('Ctrl Pts',(3.86488282241274,5.16834767614313,-0.176538533824572));
#5136=CARTESIAN_POINT('Ctrl Pts',(3.85154716240023,5.1659984006991,-0.186986240929737));
#5137=CARTESIAN_POINT('Ctrl Pts',(3.82729902954741,5.1622133503588,-0.197446716193067));
#5138=CARTESIAN_POINT('Ctrl Pts',(3.80921145994108,5.15987326925571,-0.2));
#5139=CARTESIAN_POINT('Ctrl Pts',(3.8,5.15874042957711,-0.2));
#5140=CARTESIAN_POINT('Ctrl Pts',(3.87071067811866,5.15001510114022,-0.170710678118655));
#5141=CARTESIAN_POINT('Ctrl Pts',(3.86454000737121,5.15001510114022,-0.176881348866097));
#5142=CARTESIAN_POINT('Ctrl Pts',(3.85057453365596,5.15001510114022,-0.187597401833499));
#5143=CARTESIAN_POINT('Ctrl Pts',(3.82617912114731,5.15001510114022,-0.197702312554269));
#5144=CARTESIAN_POINT('Ctrl Pts',(3.80872664625997,5.15001510114022,-0.2));
#5145=CARTESIAN_POINT('Ctrl Pts',(3.8,5.15001510114022,-0.2));
#5146=CARTESIAN_POINT('',(3.87071067811866,5.15001510114022,-0.170710678118655));
#5147=CARTESIAN_POINT('Ctrl Pts',(3.84511586483945,5.29511586483945,-0.145115864839445));
#5148=CARTESIAN_POINT('Ctrl Pts',(3.84985264340331,5.28564230771172,-0.149852643403309));
#5149=CARTESIAN_POINT('Ctrl Pts',(3.85771365310994,5.26515109492372,-0.157713653109936));
#5150=CARTESIAN_POINT('Ctrl Pts',(3.86837587689253,5.2112897317219,-0.168375876892529));
#5151=CARTESIAN_POINT('Ctrl Pts',(3.87071067811866,5.16942606290801,-0.170710678118655));
#5152=CARTESIAN_POINT('Ctrl Pts',(3.87071067811866,5.15001510114022,-0.170710678118655));
#5153=CARTESIAN_POINT('',(3.8,5.15001510114022,-0.2));
#5154=CARTESIAN_POINT('Origin',(3.8,5.15001510114022,-0.1));
#5155=CARTESIAN_POINT('Origin',(3.70001510114022,5.15001510114022,-0.2));
#5156=CARTESIAN_POINT('Ctrl Pts',(3.84511586483945,5.29511586483945,-0.145115864839445));
#5157=CARTESIAN_POINT('Ctrl Pts',(3.84985264340331,5.28564230771172,-0.149852643403309));
#5158=CARTESIAN_POINT('Ctrl Pts',(3.85771365310994,5.26515109492372,-0.157713653109936));
#5159=CARTESIAN_POINT('Ctrl Pts',(3.86837587689253,5.2112897317219,-0.168375876892529));
#5160=CARTESIAN_POINT('Ctrl Pts',(3.87071067811866,5.16942606290801,-0.170710678118655));
#5161=CARTESIAN_POINT('Ctrl Pts',(3.87071067811866,5.15001510114022,-0.170710678118655));
#5162=CARTESIAN_POINT('Ctrl Pts',(3.85458942196717,5.29037908627558,-0.140379086275581));
#5163=CARTESIAN_POINT('Ctrl Pts',(3.85835605617153,5.28098800224698,-0.145057225751479));
#5164=CARTESIAN_POINT('Ctrl Pts',(3.86485302026361,5.26050639901847,-0.152944584840822));
#5165=CARTESIAN_POINT('Ctrl Pts',(3.87448268564038,5.2072328276444,-0.163053341254009));
#5166=CARTESIAN_POINT('Ctrl Pts',(3.87653853382457,5.16834767614313,-0.164882822412737));
#5167=CARTESIAN_POINT('Ctrl Pts',(3.8768813488661,5.15001510114022,-0.164540007371212));
#5168=CARTESIAN_POINT('Ctrl Pts',(3.87073429727959,5.27992207576249,-0.129922075762491));
#5169=CARTESIAN_POINT('Ctrl Pts',(3.87321568402585,5.2705332449879,-0.134555059782608));
#5170=CARTESIAN_POINT('Ctrl Pts',(3.8779698199894,5.24953479855435,-0.142299986187419));
#5171=CARTESIAN_POINT('Ctrl Pts',(3.88579732606018,5.19772908665248,-0.150585164511447));
#5172=CARTESIAN_POINT('Ctrl Pts',(3.88698624092974,5.1659984006991,-0.15154716240023));
#5173=CARTESIAN_POINT('Ctrl Pts',(3.8875974018335,5.15001510114022,-0.150574533655962));
#5174=CARTESIAN_POINT('Ctrl Pts',(3.89315018080231,5.25244490360621,-0.102444903606207));
#5175=CARTESIAN_POINT('Ctrl Pts',(3.89408945482473,5.24312619567447,-0.107551468199866));
#5176=CARTESIAN_POINT('Ctrl Pts',(3.8961859371769,5.22190746459192,-0.116016365292232));
#5177=CARTESIAN_POINT('Ctrl Pts',(3.89752825670733,5.18478137285668,-0.125824107304869));
#5178=CARTESIAN_POINT('Ctrl Pts',(3.89744671619307,5.1622133503588,-0.127299029547406));
#5179=CARTESIAN_POINT('Ctrl Pts',(3.89770231255427,5.15001510114022,-0.126179121147312));
#5180=CARTESIAN_POINT('Ctrl Pts',(3.9,5.23042146057284,-0.0804214605728386));
#5181=CARTESIAN_POINT('Ctrl Pts',(3.9,5.2232082057675,-0.0865562309967747));
#5182=CARTESIAN_POINT('Ctrl Pts',(3.9,5.20725506432394,-0.0972724712432058));
#5183=CARTESIAN_POINT('Ctrl Pts',(3.9,5.17941102267202,-0.107545840653169));
#5184=CARTESIAN_POINT('Ctrl Pts',(3.9,5.15987326925571,-0.109211459941081));
#5185=CARTESIAN_POINT('Ctrl Pts',(3.9,5.15001510114022,-0.108726646259971));
#5186=CARTESIAN_POINT('Ctrl Pts',(3.9,5.22071510114022,-0.0707151011402219));
#5187=CARTESIAN_POINT('Ctrl Pts',(3.9,5.21454536223442,-0.0768848400460218));
#5188=CARTESIAN_POINT('Ctrl Pts',(3.9,5.20058199746494,-0.0875992747672396));
#5189=CARTESIAN_POINT('Ctrl Pts',(3.9,5.17619026894174,-0.0977026595312715));
#5190=CARTESIAN_POINT('Ctrl Pts',(3.9,5.15874042957711,-0.0999999999999995));
#5191=CARTESIAN_POINT('Ctrl Pts',(3.9,5.15001510114022,-0.0999999999999995));
#5192=CARTESIAN_POINT('Origin',(3.8,5.15001510114022,-0.1));
#5193=CARTESIAN_POINT('Ctrl Pts',(1.95488413516056,4.90488413516055,-0.145115864839445));
#5194=CARTESIAN_POINT('Ctrl Pts',(1.95962091372442,4.89541057803283,-0.140379086275581));
#5195=CARTESIAN_POINT('Ctrl Pts',(1.97007792423751,4.87926570272041,-0.129922075762491));
#5196=CARTESIAN_POINT('Ctrl Pts',(1.99755509639379,4.85684981919768,-0.102444903606208));
#5197=CARTESIAN_POINT('Ctrl Pts',(2.01957853942716,4.85,-0.0804214605728389));
#5198=CARTESIAN_POINT('Ctrl Pts',(2.02928489885978,4.85,-0.0707151011402222));
#5199=CARTESIAN_POINT('Ctrl Pts',(1.96435769228829,4.90014735659669,-0.149852643403309));
#5200=CARTESIAN_POINT('Ctrl Pts',(1.96901199775303,4.89164394382847,-0.145057225751479));
#5201=CARTESIAN_POINT('Ctrl Pts',(1.97946675501211,4.87678431597416,-0.134555059782608));
#5202=CARTESIAN_POINT('Ctrl Pts',(2.00687380432553,4.85591054517527,-0.107551468199867));
#5203=CARTESIAN_POINT('Ctrl Pts',(2.0267917942325,4.85,-0.086556230996775));
#5204=CARTESIAN_POINT('Ctrl Pts',(2.03545463776558,4.85,-0.0768848400460222));
#5205=CARTESIAN_POINT('Ctrl Pts',(1.98484890507628,4.89228634689006,-0.157713653109937));
#5206=CARTESIAN_POINT('Ctrl Pts',(1.98949360098153,4.88514697973639,-0.152944584840822));
#5207=CARTESIAN_POINT('Ctrl Pts',(2.00046520144565,4.87203018001061,-0.142299986187419));
#5208=CARTESIAN_POINT('Ctrl Pts',(2.02809253540808,4.8538140628231,-0.116016365292233));
#5209=CARTESIAN_POINT('Ctrl Pts',(2.04274493567606,4.85,-0.0972724712432062));
#5210=CARTESIAN_POINT('Ctrl Pts',(2.04941800253506,4.85,-0.08759927476724));
#5211=CARTESIAN_POINT('Ctrl Pts',(2.03871026827811,4.88162412310747,-0.168375876892529));
#5212=CARTESIAN_POINT('Ctrl Pts',(2.0427671723556,4.87551731435962,-0.163053341254009));
#5213=CARTESIAN_POINT('Ctrl Pts',(2.05227091334752,4.86420267393981,-0.150585164511448));
#5214=CARTESIAN_POINT('Ctrl Pts',(2.06521862714333,4.85247174329267,-0.125824107304869));
#5215=CARTESIAN_POINT('Ctrl Pts',(2.07058897732798,4.85,-0.10754584065317));
#5216=CARTESIAN_POINT('Ctrl Pts',(2.07380973105826,4.85,-0.097702659531272));
#5217=CARTESIAN_POINT('Ctrl Pts',(2.080573937092,4.87928932188134,-0.170710678118655));
#5218=CARTESIAN_POINT('Ctrl Pts',(2.08165232385687,4.87346146617543,-0.164882822412737));
#5219=CARTESIAN_POINT('Ctrl Pts',(2.0840015993009,4.86301375907027,-0.15154716240023));
#5220=CARTESIAN_POINT('Ctrl Pts',(2.0877866496412,4.85255328380693,-0.127299029547407));
#5221=CARTESIAN_POINT('Ctrl Pts',(2.0901267307443,4.85,-0.109211459941081));
#5222=CARTESIAN_POINT('Ctrl Pts',(2.0912595704229,4.85,-0.1));
#5223=CARTESIAN_POINT('Ctrl Pts',(2.09998489885978,4.87928932188134,-0.170710678118655));
#5224=CARTESIAN_POINT('Ctrl Pts',(2.09998489885978,4.8731186511339,-0.164540007371213));
#5225=CARTESIAN_POINT('Ctrl Pts',(2.09998489885978,4.8624025981665,-0.150574533655963));
#5226=CARTESIAN_POINT('Ctrl Pts',(2.09998489885978,4.85229768744573,-0.126179121147312));
#5227=CARTESIAN_POINT('Ctrl Pts',(2.09998489885978,4.85,-0.108726646259972));
#5228=CARTESIAN_POINT('Ctrl Pts',(2.09998489885978,4.85,-0.1));
#5229=CARTESIAN_POINT('',(1.91067298143542,4.94595677708582,-0.0422493365782637));
#5230=CARTESIAN_POINT('',(2.00000045769213,4.85,-1.10520254642098E-6));
#5231=CARTESIAN_POINT('Ctrl Pts',(1.95488413516056,4.90488413516055,-0.145115864839445));
#5232=CARTESIAN_POINT('Ctrl Pts',(1.95962091372442,4.89541057803283,-0.140379086275581));
#5233=CARTESIAN_POINT('Ctrl Pts',(1.97007792423751,4.87926570272041,-0.129922075762491));
#5234=CARTESIAN_POINT('Ctrl Pts',(1.99755509639379,4.85684981919768,-0.102444903606208));
#5235=CARTESIAN_POINT('Ctrl Pts',(2.01957853942716,4.85,-0.0804214605728389));
#5236=CARTESIAN_POINT('Ctrl Pts',(2.02928489885978,4.85,-0.0707151011402222));
#5237=CARTESIAN_POINT('',(2.09998489885978,4.87928932188134,-0.170710678118655));
#5238=CARTESIAN_POINT('Ctrl Pts',(1.95488413516056,4.90488413516055,-0.145115864839445));
#5239=CARTESIAN_POINT('Ctrl Pts',(1.96435769228829,4.90014735659669,-0.149852643403309));
#5240=CARTESIAN_POINT('Ctrl Pts',(1.98484890507628,4.89228634689006,-0.157713653109937));
#5241=CARTESIAN_POINT('Ctrl Pts',(2.03871026827811,4.88162412310747,-0.168375876892529));
#5242=CARTESIAN_POINT('Ctrl Pts',(2.080573937092,4.87928932188134,-0.170710678118655));
#5243=CARTESIAN_POINT('Ctrl Pts',(2.09998489885978,4.87928932188134,-0.170710678118655));
#5244=CARTESIAN_POINT('',(2.09998489885978,4.85,-0.1));
#5245=CARTESIAN_POINT('Origin',(2.09998489885978,4.95,-0.1));
#5246=CARTESIAN_POINT('Origin',(2.09998489885978,4.85,-1.51011402221499E-5));
#5247=CARTESIAN_POINT('Ctrl Pts',(1.95488413516056,4.90488413516055,-0.145115864839445));
#5248=CARTESIAN_POINT('Ctrl Pts',(1.96435769228829,4.90014735659669,-0.149852643403309));
#5249=CARTESIAN_POINT('Ctrl Pts',(1.98484890507628,4.89228634689006,-0.157713653109937));
#5250=CARTESIAN_POINT('Ctrl Pts',(2.03871026827811,4.88162412310747,-0.168375876892529));
#5251=CARTESIAN_POINT('Ctrl Pts',(2.080573937092,4.87928932188134,-0.170710678118655));
#5252=CARTESIAN_POINT('Ctrl Pts',(2.09998489885978,4.87928932188134,-0.170710678118655));
#5253=CARTESIAN_POINT('Ctrl Pts',(1.95962091372442,4.90962091372442,-0.154589421967173));
#5254=CARTESIAN_POINT('Ctrl Pts',(1.96901199775303,4.90494277424852,-0.158356056171524));
#5255=CARTESIAN_POINT('Ctrl Pts',(1.98949360098153,4.89705541515917,-0.164853020263608));
#5256=CARTESIAN_POINT('Ctrl Pts',(2.0427671723556,4.88694665874599,-0.174482685640382));
#5257=CARTESIAN_POINT('Ctrl Pts',(2.08165232385687,4.88511717758726,-0.176538533824572));
#5258=CARTESIAN_POINT('Ctrl Pts',(2.09998489885978,4.88545999262879,-0.176881348866097));
#5259=CARTESIAN_POINT('Ctrl Pts',(1.97007792423751,4.92007792423751,-0.170734297279589));
#5260=CARTESIAN_POINT('Ctrl Pts',(1.97946675501211,4.91544494021739,-0.173215684025845));
#5261=CARTESIAN_POINT('Ctrl Pts',(2.00046520144565,4.90770001381258,-0.177969819989393));
#5262=CARTESIAN_POINT('Ctrl Pts',(2.05227091334752,4.89941483548855,-0.185797326060185));
#5263=CARTESIAN_POINT('Ctrl Pts',(2.0840015993009,4.89845283759977,-0.186986240929737));
#5264=CARTESIAN_POINT('Ctrl Pts',(2.09998489885978,4.89942546634404,-0.1875974018335));
#5265=CARTESIAN_POINT('Ctrl Pts',(1.99755509639379,4.94755509639379,-0.193150180802315));
#5266=CARTESIAN_POINT('Ctrl Pts',(2.00687380432553,4.94244853180013,-0.194089454824728));
#5267=CARTESIAN_POINT('Ctrl Pts',(2.02809253540808,4.93398363470777,-0.196185937176898));
#5268=CARTESIAN_POINT('Ctrl Pts',(2.06521862714333,4.92417589269513,-0.197528256707329));
#5269=CARTESIAN_POINT('Ctrl Pts',(2.0877866496412,4.92270097045259,-0.197446716193067));
#5270=CARTESIAN_POINT('Ctrl Pts',(2.09998489885978,4.92382087885269,-0.197702312554269));
#5271=CARTESIAN_POINT('Ctrl Pts',(2.01957853942716,4.96957853942716,-0.2));
#5272=CARTESIAN_POINT('Ctrl Pts',(2.0267917942325,4.96344376900322,-0.2));
#5273=CARTESIAN_POINT('Ctrl Pts',(2.04274493567606,4.95272752875679,-0.2));
#5274=CARTESIAN_POINT('Ctrl Pts',(2.07058897732798,4.94245415934683,-0.2));
#5275=CARTESIAN_POINT('Ctrl Pts',(2.0901267307443,4.94078854005892,-0.2));
#5276=CARTESIAN_POINT('Ctrl Pts',(2.09998489885978,4.94127335374003,-0.2));
#5277=CARTESIAN_POINT('Ctrl Pts',(2.02928489885978,4.97928489885978,-0.2));
#5278=CARTESIAN_POINT('Ctrl Pts',(2.03545463776558,4.97311515995398,-0.2));
#5279=CARTESIAN_POINT('Ctrl Pts',(2.04941800253506,4.96240072523276,-0.2));
#5280=CARTESIAN_POINT('Ctrl Pts',(2.07380973105826,4.95229734046873,-0.2));
#5281=CARTESIAN_POINT('Ctrl Pts',(2.0912595704229,4.95,-0.2));
#5282=CARTESIAN_POINT('Ctrl Pts',(2.09998489885978,4.95,-0.2));
#5283=CARTESIAN_POINT('',(2.02928489885978,4.97928489885978,-0.2));
#5284=CARTESIAN_POINT('Ctrl Pts',(1.95488413516056,4.90488413516055,-0.145115864839445));
#5285=CARTESIAN_POINT('Ctrl Pts',(1.95962091372442,4.90962091372442,-0.154589421967173));
#5286=CARTESIAN_POINT('Ctrl Pts',(1.97007792423751,4.92007792423751,-0.170734297279589));
#5287=CARTESIAN_POINT('Ctrl Pts',(1.99755509639379,4.94755509639379,-0.193150180802315));
#5288=CARTESIAN_POINT('Ctrl Pts',(2.01957853942716,4.96957853942716,-0.2));
#5289=CARTESIAN_POINT('Ctrl Pts',(2.02928489885978,4.97928489885978,-0.2));
#5290=CARTESIAN_POINT('',(2.09998489885978,4.95,-0.2));
#5291=CARTESIAN_POINT('Origin',(2.09998489885978,5.04998489885978,-0.2));
#5292=CARTESIAN_POINT('Origin',(2.09998489885978,4.95,-0.1));
#5293=CARTESIAN_POINT('Ctrl Pts',(1.95488413516056,4.90488413516055,-0.145115864839445));
#5294=CARTESIAN_POINT('Ctrl Pts',(1.95962091372442,4.90962091372442,-0.154589421967173));
#5295=CARTESIAN_POINT('Ctrl Pts',(1.97007792423751,4.92007792423751,-0.170734297279589));
#5296=CARTESIAN_POINT('Ctrl Pts',(1.99755509639379,4.94755509639379,-0.193150180802315));
#5297=CARTESIAN_POINT('Ctrl Pts',(2.01957853942716,4.96957853942716,-0.2));
#5298=CARTESIAN_POINT('Ctrl Pts',(2.02928489885978,4.97928489885978,-0.2));
#5299=CARTESIAN_POINT('Ctrl Pts',(1.95014735659669,4.91435769228828,-0.149852643403309));
#5300=CARTESIAN_POINT('Ctrl Pts',(1.95494277424852,4.91901199775302,-0.158356056171524));
#5301=CARTESIAN_POINT('Ctrl Pts',(1.96544494021739,4.9294667550121,-0.173215684025845));
#5302=CARTESIAN_POINT('Ctrl Pts',(1.99244853180014,4.95687380432553,-0.194089454824728));
#5303=CARTESIAN_POINT('Ctrl Pts',(2.01344376900323,4.9767917942325,-0.2));
#5304=CARTESIAN_POINT('Ctrl Pts',(2.02311515995398,4.98545463776558,-0.2));
#5305=CARTESIAN_POINT('Ctrl Pts',(1.94228634689007,4.93484890507628,-0.157713653109936));
#5306=CARTESIAN_POINT('Ctrl Pts',(1.94705541515918,4.93949360098153,-0.164853020263608));
#5307=CARTESIAN_POINT('Ctrl Pts',(1.95770001381258,4.95046520144565,-0.177969819989393));
#5308=CARTESIAN_POINT('Ctrl Pts',(1.98398363470777,4.97809253540808,-0.196185937176898));
#5309=CARTESIAN_POINT('Ctrl Pts',(2.0027275287568,4.99274493567606,-0.2));
#5310=CARTESIAN_POINT('Ctrl Pts',(2.01240072523276,4.99941800253506,-0.2));
#5311=CARTESIAN_POINT('Ctrl Pts',(1.93162412310747,4.9887102682781,-0.168375876892529));
#5312=CARTESIAN_POINT('Ctrl Pts',(1.93694665874599,4.9927671723556,-0.174482685640381));
#5313=CARTESIAN_POINT('Ctrl Pts',(1.94941483548855,5.00227091334752,-0.185797326060185));
#5314=CARTESIAN_POINT('Ctrl Pts',(1.97417589269513,5.01521862714333,-0.197528256707329));
#5315=CARTESIAN_POINT('Ctrl Pts',(1.99245415934683,5.02058897732798,-0.2));
#5316=CARTESIAN_POINT('Ctrl Pts',(2.00229734046873,5.02380973105826,-0.2));
#5317=CARTESIAN_POINT('Ctrl Pts',(1.92928932188135,5.030573937092,-0.170710678118655));
#5318=CARTESIAN_POINT('Ctrl Pts',(1.93511717758726,5.03165232385687,-0.176538533824572));
#5319=CARTESIAN_POINT('Ctrl Pts',(1.94845283759977,5.0340015993009,-0.186986240929737));
#5320=CARTESIAN_POINT('Ctrl Pts',(1.97270097045259,5.0377866496412,-0.197446716193067));
#5321=CARTESIAN_POINT('Ctrl Pts',(1.99078854005892,5.04012673074429,-0.2));
#5322=CARTESIAN_POINT('Ctrl Pts',(2.,5.04125957042289,-0.2));
#5323=CARTESIAN_POINT('Ctrl Pts',(1.92928932188135,5.04998489885978,-0.170710678118655));
#5324=CARTESIAN_POINT('Ctrl Pts',(1.93545999262879,5.04998489885978,-0.176881348866097));
#5325=CARTESIAN_POINT('Ctrl Pts',(1.94942546634404,5.04998489885978,-0.187597401833499));
#5326=CARTESIAN_POINT('Ctrl Pts',(1.97382087885269,5.04998489885978,-0.197702312554269));
#5327=CARTESIAN_POINT('Ctrl Pts',(1.99127335374003,5.04998489885978,-0.2));
#5328=CARTESIAN_POINT('Ctrl Pts',(2.,5.04998489885978,-0.2));
#5329=CARTESIAN_POINT('',(1.92928932188135,5.04998489885978,-0.170710678118655));
#5330=CARTESIAN_POINT('Ctrl Pts',(1.95488413516056,4.90488413516055,-0.145115864839445));
#5331=CARTESIAN_POINT('Ctrl Pts',(1.95014735659669,4.91435769228828,-0.149852643403309));
#5332=CARTESIAN_POINT('Ctrl Pts',(1.94228634689007,4.93484890507628,-0.157713653109936));
#5333=CARTESIAN_POINT('Ctrl Pts',(1.93162412310747,4.9887102682781,-0.168375876892529));
#5334=CARTESIAN_POINT('Ctrl Pts',(1.92928932188135,5.030573937092,-0.170710678118655));
#5335=CARTESIAN_POINT('Ctrl Pts',(1.92928932188135,5.04998489885978,-0.170710678118655));
#5336=CARTESIAN_POINT('',(2.,5.04998489885978,-0.2));
#5337=CARTESIAN_POINT('Origin',(2.,5.04998489885978,-0.1));
#5338=CARTESIAN_POINT('Origin',(2.09998489885978,5.04998489885978,-0.2));
#5339=CARTESIAN_POINT('Ctrl Pts',(1.95488413516056,4.90488413516055,-0.145115864839445));
#5340=CARTESIAN_POINT('Ctrl Pts',(1.95014735659669,4.91435769228828,-0.149852643403309));
#5341=CARTESIAN_POINT('Ctrl Pts',(1.94228634689007,4.93484890507628,-0.157713653109936));
#5342=CARTESIAN_POINT('Ctrl Pts',(1.93162412310747,4.9887102682781,-0.168375876892529));
#5343=CARTESIAN_POINT('Ctrl Pts',(1.92928932188135,5.030573937092,-0.170710678118655));
#5344=CARTESIAN_POINT('Ctrl Pts',(1.92928932188135,5.04998489885978,-0.170710678118655));
#5345=CARTESIAN_POINT('Ctrl Pts',(1.94541057803283,4.90962091372442,-0.140379086275581));
#5346=CARTESIAN_POINT('Ctrl Pts',(1.94164394382848,4.91901199775302,-0.145057225751479));
#5347=CARTESIAN_POINT('Ctrl Pts',(1.93514697973639,4.93949360098153,-0.152944584840822));
#5348=CARTESIAN_POINT('Ctrl Pts',(1.92551731435962,4.9927671723556,-0.163053341254009));
#5349=CARTESIAN_POINT('Ctrl Pts',(1.92346146617543,5.03165232385687,-0.164882822412737));
#5350=CARTESIAN_POINT('Ctrl Pts',(1.92311865113391,5.04998489885978,-0.164540007371212));
#5351=CARTESIAN_POINT('Ctrl Pts',(1.92926570272041,4.92007792423751,-0.129922075762491));
#5352=CARTESIAN_POINT('Ctrl Pts',(1.92678431597416,4.9294667550121,-0.134555059782608));
#5353=CARTESIAN_POINT('Ctrl Pts',(1.92203018001061,4.95046520144565,-0.142299986187419));
#5354=CARTESIAN_POINT('Ctrl Pts',(1.91420267393982,5.00227091334752,-0.150585164511447));
#5355=CARTESIAN_POINT('Ctrl Pts',(1.91301375907026,5.0340015993009,-0.15154716240023));
#5356=CARTESIAN_POINT('Ctrl Pts',(1.9124025981665,5.04998489885978,-0.150574533655962));
#5357=CARTESIAN_POINT('Ctrl Pts',(1.90684981919769,4.94755509639379,-0.102444903606207));
#5358=CARTESIAN_POINT('Ctrl Pts',(1.90591054517527,4.95687380432553,-0.107551468199866));
#5359=CARTESIAN_POINT('Ctrl Pts',(1.9038140628231,4.97809253540808,-0.116016365292232));
#5360=CARTESIAN_POINT('Ctrl Pts',(1.90247174329267,5.01521862714333,-0.125824107304869));
#5361=CARTESIAN_POINT('Ctrl Pts',(1.90255328380693,5.0377866496412,-0.127299029547406));
#5362=CARTESIAN_POINT('Ctrl Pts',(1.90229768744573,5.04998489885978,-0.126179121147312));
#5363=CARTESIAN_POINT('Ctrl Pts',(1.9,4.96957853942716,-0.0804214605728386));
#5364=CARTESIAN_POINT('Ctrl Pts',(1.9,4.9767917942325,-0.0865562309967747));
#5365=CARTESIAN_POINT('Ctrl Pts',(1.9,4.99274493567606,-0.0972724712432058));
#5366=CARTESIAN_POINT('Ctrl Pts',(1.9,5.02058897732797,-0.107545840653169));
#5367=CARTESIAN_POINT('Ctrl Pts',(1.9,5.04012673074429,-0.109211459941081));
#5368=CARTESIAN_POINT('Ctrl Pts',(1.9,5.04998489885978,-0.108726646259971));
#5369=CARTESIAN_POINT('Ctrl Pts',(1.9,4.97928489885978,-0.0707151011402219));
#5370=CARTESIAN_POINT('Ctrl Pts',(1.9,4.98545463776558,-0.0768848400460218));
#5371=CARTESIAN_POINT('Ctrl Pts',(1.9,4.99941800253506,-0.0875992747672396));
#5372=CARTESIAN_POINT('Ctrl Pts',(1.9,5.02380973105826,-0.0977026595312715));
#5373=CARTESIAN_POINT('Ctrl Pts',(1.9,5.04125957042289,-0.0999999999999995));
#5374=CARTESIAN_POINT('Ctrl Pts',(1.9,5.04998489885978,-0.0999999999999995));
#5375=CARTESIAN_POINT('Origin',(2.,5.04998489885978,-0.1));
#5376=CARTESIAN_POINT('Ctrl Pts',(3.84511586483945,4.90488413516055,-0.145115864839445));
#5377=CARTESIAN_POINT('Ctrl Pts',(3.84985264340331,4.91435769228828,-0.149852643403309));
#5378=CARTESIAN_POINT('Ctrl Pts',(3.85771365310994,4.93484890507628,-0.157713653109937));
#5379=CARTESIAN_POINT('Ctrl Pts',(3.86837587689253,4.98871026827811,-0.168375876892529));
#5380=CARTESIAN_POINT('Ctrl Pts',(3.87071067811866,5.03057393709199,-0.170710678118655));
#5381=CARTESIAN_POINT('Ctrl Pts',(3.87071067811866,5.04998489885978,-0.170710678118655));
#5382=CARTESIAN_POINT('Ctrl Pts',(3.84037908627558,4.90962091372442,-0.154589421967173));
#5383=CARTESIAN_POINT('Ctrl Pts',(3.84505722575148,4.91901199775302,-0.158356056171524));
#5384=CARTESIAN_POINT('Ctrl Pts',(3.85294458484082,4.93949360098153,-0.164853020263608));
#5385=CARTESIAN_POINT('Ctrl Pts',(3.86305334125401,4.9927671723556,-0.174482685640381));
#5386=CARTESIAN_POINT('Ctrl Pts',(3.86488282241274,5.03165232385687,-0.176538533824572));
#5387=CARTESIAN_POINT('Ctrl Pts',(3.86454000737121,5.04998489885978,-0.176881348866097));
#5388=CARTESIAN_POINT('Ctrl Pts',(3.82992207576249,4.92007792423751,-0.170734297279589));
#5389=CARTESIAN_POINT('Ctrl Pts',(3.83455505978261,4.92946675501211,-0.173215684025845));
#5390=CARTESIAN_POINT('Ctrl Pts',(3.84229998618742,4.95046520144565,-0.177969819989393));
#5391=CARTESIAN_POINT('Ctrl Pts',(3.85058516451145,5.00227091334752,-0.185797326060185));
#5392=CARTESIAN_POINT('Ctrl Pts',(3.85154716240023,5.0340015993009,-0.186986240929737));
#5393=CARTESIAN_POINT('Ctrl Pts',(3.85057453365597,5.04998489885978,-0.1875974018335));
#5394=CARTESIAN_POINT('Ctrl Pts',(3.80244490360621,4.94755509639379,-0.193150180802315));
#5395=CARTESIAN_POINT('Ctrl Pts',(3.80755146819987,4.95687380432552,-0.194089454824728));
#5396=CARTESIAN_POINT('Ctrl Pts',(3.81601636529223,4.97809253540808,-0.196185937176898));
#5397=CARTESIAN_POINT('Ctrl Pts',(3.82582410730487,5.01521862714333,-0.197528256707329));
#5398=CARTESIAN_POINT('Ctrl Pts',(3.82729902954741,5.0377866496412,-0.197446716193067));
#5399=CARTESIAN_POINT('Ctrl Pts',(3.82617912114731,5.04998489885978,-0.197702312554269));
#5400=CARTESIAN_POINT('Ctrl Pts',(3.78042146057284,4.96957853942716,-0.2));
#5401=CARTESIAN_POINT('Ctrl Pts',(3.78655623099678,4.9767917942325,-0.2));
#5402=CARTESIAN_POINT('Ctrl Pts',(3.79727247124321,4.99274493567606,-0.2));
#5403=CARTESIAN_POINT('Ctrl Pts',(3.80754584065317,5.02058897732798,-0.2));
#5404=CARTESIAN_POINT('Ctrl Pts',(3.80921145994108,5.04012673074429,-0.2));
#5405=CARTESIAN_POINT('Ctrl Pts',(3.80872664625997,5.04998489885978,-0.2));
#5406=CARTESIAN_POINT('Ctrl Pts',(3.77071510114022,4.97928489885978,-0.2));
#5407=CARTESIAN_POINT('Ctrl Pts',(3.77688484004602,4.98545463776558,-0.2));
#5408=CARTESIAN_POINT('Ctrl Pts',(3.78759927476724,4.99941800253506,-0.2));
#5409=CARTESIAN_POINT('Ctrl Pts',(3.79770265953127,5.02380973105826,-0.2));
#5410=CARTESIAN_POINT('Ctrl Pts',(3.8,5.04125957042289,-0.2));
#5411=CARTESIAN_POINT('Ctrl Pts',(3.8,5.04998489885978,-0.2));
#5412=CARTESIAN_POINT('',(3.80404322291418,4.86067298143542,-0.0422493365782635));
#5413=CARTESIAN_POINT('',(3.87071067811866,5.04998489885978,-0.170710678118655));
#5414=CARTESIAN_POINT('Ctrl Pts',(3.84511586483945,4.90488413516055,-0.145115864839445));
#5415=CARTESIAN_POINT('Ctrl Pts',(3.84985264340331,4.91435769228828,-0.149852643403309));
#5416=CARTESIAN_POINT('Ctrl Pts',(3.85771365310994,4.93484890507628,-0.157713653109937));
#5417=CARTESIAN_POINT('Ctrl Pts',(3.86837587689253,4.98871026827811,-0.168375876892529));
#5418=CARTESIAN_POINT('Ctrl Pts',(3.87071067811866,5.03057393709199,-0.170710678118655));
#5419=CARTESIAN_POINT('Ctrl Pts',(3.87071067811866,5.04998489885978,-0.170710678118655));
#5420=CARTESIAN_POINT('',(3.77071510114022,4.97928489885978,-0.2));
#5421=CARTESIAN_POINT('Ctrl Pts',(3.84511586483945,4.90488413516055,-0.145115864839445));
#5422=CARTESIAN_POINT('Ctrl Pts',(3.84037908627558,4.90962091372442,-0.154589421967173));
#5423=CARTESIAN_POINT('Ctrl Pts',(3.82992207576249,4.92007792423751,-0.170734297279589));
#5424=CARTESIAN_POINT('Ctrl Pts',(3.80244490360621,4.94755509639379,-0.193150180802315));
#5425=CARTESIAN_POINT('Ctrl Pts',(3.78042146057284,4.96957853942716,-0.2));
#5426=CARTESIAN_POINT('Ctrl Pts',(3.77071510114022,4.97928489885978,-0.2));
#5427=CARTESIAN_POINT('',(3.8,5.04998489885978,-0.2));
#5428=CARTESIAN_POINT('Origin',(3.70001510114022,5.04998489885978,-0.2));
#5429=CARTESIAN_POINT('Origin',(3.8,5.04998489885978,-0.1));
#5430=CARTESIAN_POINT('Ctrl Pts',(3.84511586483945,4.90488413516055,-0.145115864839445));
#5431=CARTESIAN_POINT('Ctrl Pts',(3.84037908627558,4.90962091372442,-0.154589421967173));
#5432=CARTESIAN_POINT('Ctrl Pts',(3.82992207576249,4.92007792423751,-0.170734297279589));
#5433=CARTESIAN_POINT('Ctrl Pts',(3.80244490360621,4.94755509639379,-0.193150180802315));
#5434=CARTESIAN_POINT('Ctrl Pts',(3.78042146057284,4.96957853942716,-0.2));
#5435=CARTESIAN_POINT('Ctrl Pts',(3.77071510114022,4.97928489885978,-0.2));
#5436=CARTESIAN_POINT('Ctrl Pts',(3.83564230771172,4.90014735659669,-0.149852643403309));
#5437=CARTESIAN_POINT('Ctrl Pts',(3.83098800224698,4.90494277424852,-0.158356056171524));
#5438=CARTESIAN_POINT('Ctrl Pts',(3.8205332449879,4.91544494021739,-0.173215684025845));
#5439=CARTESIAN_POINT('Ctrl Pts',(3.79312619567447,4.94244853180013,-0.194089454824728));
#5440=CARTESIAN_POINT('Ctrl Pts',(3.7732082057675,4.96344376900322,-0.2));
#5441=CARTESIAN_POINT('Ctrl Pts',(3.76454536223442,4.97311515995398,-0.2));
#5442=CARTESIAN_POINT('Ctrl Pts',(3.81515109492372,4.89228634689006,-0.157713653109937));
#5443=CARTESIAN_POINT('Ctrl Pts',(3.81050639901847,4.89705541515918,-0.164853020263608));
#5444=CARTESIAN_POINT('Ctrl Pts',(3.79953479855435,4.90770001381258,-0.177969819989393));
#5445=CARTESIAN_POINT('Ctrl Pts',(3.77190746459192,4.93398363470777,-0.196185937176898));
#5446=CARTESIAN_POINT('Ctrl Pts',(3.75725506432394,4.9527275287568,-0.2));
#5447=CARTESIAN_POINT('Ctrl Pts',(3.75058199746494,4.96240072523276,-0.2));
#5448=CARTESIAN_POINT('Ctrl Pts',(3.7612897317219,4.88162412310747,-0.168375876892529));
#5449=CARTESIAN_POINT('Ctrl Pts',(3.7572328276444,4.88694665874599,-0.174482685640381));
#5450=CARTESIAN_POINT('Ctrl Pts',(3.74772908665249,4.89941483548855,-0.185797326060185));
#5451=CARTESIAN_POINT('Ctrl Pts',(3.73478137285667,4.92417589269513,-0.197528256707329));
#5452=CARTESIAN_POINT('Ctrl Pts',(3.72941102267203,4.94245415934683,-0.2));
#5453=CARTESIAN_POINT('Ctrl Pts',(3.72619026894174,4.95229734046873,-0.2));
#5454=CARTESIAN_POINT('Ctrl Pts',(3.71942606290801,4.87928932188134,-0.170710678118655));
#5455=CARTESIAN_POINT('Ctrl Pts',(3.71834767614313,4.88511717758726,-0.176538533824572));
#5456=CARTESIAN_POINT('Ctrl Pts',(3.7159984006991,4.89845283759977,-0.186986240929737));
#5457=CARTESIAN_POINT('Ctrl Pts',(3.7122133503588,4.92270097045259,-0.197446716193067));
#5458=CARTESIAN_POINT('Ctrl Pts',(3.70987326925571,4.94078854005892,-0.2));
#5459=CARTESIAN_POINT('Ctrl Pts',(3.70874042957711,4.95,-0.2));
#5460=CARTESIAN_POINT('Ctrl Pts',(3.70001510114022,4.87928932188134,-0.170710678118655));
#5461=CARTESIAN_POINT('Ctrl Pts',(3.70001510114022,4.88545999262879,-0.176881348866097));
#5462=CARTESIAN_POINT('Ctrl Pts',(3.70001510114022,4.89942546634404,-0.1875974018335));
#5463=CARTESIAN_POINT('Ctrl Pts',(3.70001510114022,4.92382087885269,-0.197702312554269));
#5464=CARTESIAN_POINT('Ctrl Pts',(3.70001510114022,4.94127335374003,-0.2));
#5465=CARTESIAN_POINT('Ctrl Pts',(3.70001510114022,4.95,-0.2));
#5466=CARTESIAN_POINT('',(3.70001510114022,4.87928932188134,-0.170710678118655));
#5467=CARTESIAN_POINT('Ctrl Pts',(3.84511586483945,4.90488413516055,-0.145115864839445));
#5468=CARTESIAN_POINT('Ctrl Pts',(3.83564230771172,4.90014735659669,-0.149852643403309));
#5469=CARTESIAN_POINT('Ctrl Pts',(3.81515109492372,4.89228634689006,-0.157713653109937));
#5470=CARTESIAN_POINT('Ctrl Pts',(3.7612897317219,4.88162412310747,-0.168375876892529));
#5471=CARTESIAN_POINT('Ctrl Pts',(3.71942606290801,4.87928932188134,-0.170710678118655));
#5472=CARTESIAN_POINT('Ctrl Pts',(3.70001510114022,4.87928932188134,-0.170710678118655));
#5473=CARTESIAN_POINT('',(3.70001510114022,4.95,-0.2));
#5474=CARTESIAN_POINT('Origin',(3.70001510114022,4.95,-0.1));
#5475=CARTESIAN_POINT('Origin',(3.70001510114022,5.04998489885978,-0.2));
#5476=CARTESIAN_POINT('Ctrl Pts',(3.84511586483945,4.90488413516055,-0.145115864839445));
#5477=CARTESIAN_POINT('Ctrl Pts',(3.83564230771172,4.90014735659669,-0.149852643403309));
#5478=CARTESIAN_POINT('Ctrl Pts',(3.81515109492372,4.89228634689006,-0.157713653109937));
#5479=CARTESIAN_POINT('Ctrl Pts',(3.7612897317219,4.88162412310747,-0.168375876892529));
#5480=CARTESIAN_POINT('Ctrl Pts',(3.71942606290801,4.87928932188134,-0.170710678118655));
#5481=CARTESIAN_POINT('Ctrl Pts',(3.70001510114022,4.87928932188134,-0.170710678118655));
#5482=CARTESIAN_POINT('Ctrl Pts',(3.84037908627558,4.89541057803283,-0.140379086275581));
#5483=CARTESIAN_POINT('Ctrl Pts',(3.83098800224698,4.89164394382847,-0.14505722575148));
#5484=CARTESIAN_POINT('Ctrl Pts',(3.81050639901847,4.88514697973639,-0.152944584840822));
#5485=CARTESIAN_POINT('Ctrl Pts',(3.7572328276444,4.87551731435962,-0.163053341254009));
#5486=CARTESIAN_POINT('Ctrl Pts',(3.71834767614313,4.87346146617543,-0.164882822412737));
#5487=CARTESIAN_POINT('Ctrl Pts',(3.70001510114022,4.8731186511339,-0.164540007371213));
#5488=CARTESIAN_POINT('Ctrl Pts',(3.82992207576249,4.87926570272041,-0.129922075762491));
#5489=CARTESIAN_POINT('Ctrl Pts',(3.8205332449879,4.87678431597416,-0.134555059782608));
#5490=CARTESIAN_POINT('Ctrl Pts',(3.79953479855435,4.87203018001061,-0.142299986187419));
#5491=CARTESIAN_POINT('Ctrl Pts',(3.74772908665249,4.86420267393981,-0.150585164511447));
#5492=CARTESIAN_POINT('Ctrl Pts',(3.7159984006991,4.86301375907026,-0.15154716240023));
#5493=CARTESIAN_POINT('Ctrl Pts',(3.70001510114022,4.8624025981665,-0.150574533655963));
#5494=CARTESIAN_POINT('Ctrl Pts',(3.80244490360621,4.85684981919768,-0.102444903606208));
#5495=CARTESIAN_POINT('Ctrl Pts',(3.79312619567447,4.85591054517527,-0.107551468199866));
#5496=CARTESIAN_POINT('Ctrl Pts',(3.77190746459192,4.8538140628231,-0.116016365292233));
#5497=CARTESIAN_POINT('Ctrl Pts',(3.73478137285668,4.85247174329267,-0.125824107304869));
#5498=CARTESIAN_POINT('Ctrl Pts',(3.7122133503588,4.85255328380693,-0.127299029547407));
#5499=CARTESIAN_POINT('Ctrl Pts',(3.70001510114022,4.85229768744573,-0.126179121147312));
#5500=CARTESIAN_POINT('Ctrl Pts',(3.78042146057284,4.85,-0.0804214605728389));
#5501=CARTESIAN_POINT('Ctrl Pts',(3.7732082057675,4.85,-0.086556230996775));
#5502=CARTESIAN_POINT('Ctrl Pts',(3.75725506432394,4.85,-0.0972724712432062));
#5503=CARTESIAN_POINT('Ctrl Pts',(3.72941102267203,4.85,-0.10754584065317));
#5504=CARTESIAN_POINT('Ctrl Pts',(3.70987326925571,4.85,-0.109211459941081));
#5505=CARTESIAN_POINT('Ctrl Pts',(3.70001510114022,4.85,-0.108726646259972));
#5506=CARTESIAN_POINT('Ctrl Pts',(3.77071510114022,4.85,-0.0707151011402222));
#5507=CARTESIAN_POINT('Ctrl Pts',(3.76454536223442,4.85,-0.0768848400460222));
#5508=CARTESIAN_POINT('Ctrl Pts',(3.75058199746494,4.85,-0.0875992747672401));
#5509=CARTESIAN_POINT('Ctrl Pts',(3.72619026894174,4.85,-0.0977026595312721));
#5510=CARTESIAN_POINT('Ctrl Pts',(3.70874042957711,4.85,-0.1));
#5511=CARTESIAN_POINT('Ctrl Pts',(3.70001510114022,4.85,-0.1));
#5512=CARTESIAN_POINT('Origin',(3.70001510114022,4.95,-0.1));
#5513=CARTESIAN_POINT('Ctrl Pts',(3.84511586483945,4.90488413516055,-0.145115864839445));
#5514=CARTESIAN_POINT('Ctrl Pts',(3.84985264340331,4.90014735659669,-0.135642307711717));
#5515=CARTESIAN_POINT('Ctrl Pts',(3.85771365310994,4.89228634689006,-0.115151094923719));
#5516=CARTESIAN_POINT('Ctrl Pts',(3.86837587689253,4.88162412310747,-0.0612897317218955));
#5517=CARTESIAN_POINT('Ctrl Pts',(3.87071067811866,4.87928932188134,-0.0194260629080042));
#5518=CARTESIAN_POINT('Ctrl Pts',(3.87071067811866,4.87928932188134,-1.51011402220631E-5));
#5519=CARTESIAN_POINT('Ctrl Pts',(3.85458942196717,4.90962091372442,-0.140379086275581));
#5520=CARTESIAN_POINT('Ctrl Pts',(3.85835605617153,4.90494277424852,-0.130988002246977));
#5521=CARTESIAN_POINT('Ctrl Pts',(3.86485302026361,4.89705541515918,-0.110506399018468));
#5522=CARTESIAN_POINT('Ctrl Pts',(3.87448268564038,4.88694665874599,-0.0572328276444024));
#5523=CARTESIAN_POINT('Ctrl Pts',(3.87653853382457,4.88511717758726,-0.0183476761431274));
#5524=CARTESIAN_POINT('Ctrl Pts',(3.8768813488661,4.88545999262879,-1.51011402220458E-5));
#5525=CARTESIAN_POINT('Ctrl Pts',(3.87073429727959,4.92007792423751,-0.129922075762491));
#5526=CARTESIAN_POINT('Ctrl Pts',(3.87321568402585,4.91544494021739,-0.120533244987896));
#5527=CARTESIAN_POINT('Ctrl Pts',(3.8779698199894,4.90770001381258,-0.0995347985543496));
#5528=CARTESIAN_POINT('Ctrl Pts',(3.88579732606019,4.89941483548855,-0.0477290866524828));
#5529=CARTESIAN_POINT('Ctrl Pts',(3.88698624092974,4.89845283759977,-0.015998400699098));
#5530=CARTESIAN_POINT('Ctrl Pts',(3.8875974018335,4.89942546634404,-1.51011402220284E-5));
#5531=CARTESIAN_POINT('Ctrl Pts',(3.89315018080231,4.94755509639379,-0.102444903606208));
#5532=CARTESIAN_POINT('Ctrl Pts',(3.89408945482473,4.94244853180013,-0.0931261956744737));
#5533=CARTESIAN_POINT('Ctrl Pts',(3.8961859371769,4.93398363470777,-0.07190746459192));
#5534=CARTESIAN_POINT('Ctrl Pts',(3.89752825670733,4.92417589269513,-0.0347813728566733));
#5535=CARTESIAN_POINT('Ctrl Pts',(3.89744671619307,4.92270097045259,-0.0122133503588004));
#5536=CARTESIAN_POINT('Ctrl Pts',(3.89770231255427,4.92382087885269,-1.51011402220284E-5));
#5537=CARTESIAN_POINT('Ctrl Pts',(3.9,4.96957853942716,-0.0804214605728388));
#5538=CARTESIAN_POINT('Ctrl Pts',(3.9,4.96344376900322,-0.0732082057675008));
#5539=CARTESIAN_POINT('Ctrl Pts',(3.9,4.95272752875679,-0.0572550643239388));
#5540=CARTESIAN_POINT('Ctrl Pts',(3.9,4.94245415934683,-0.0294110226720235));
#5541=CARTESIAN_POINT('Ctrl Pts',(3.9,4.94078854005892,-0.0098732692557047));
#5542=CARTESIAN_POINT('Ctrl Pts',(3.9,4.94127335374003,-1.51011402220111E-5));
#5543=CARTESIAN_POINT('Ctrl Pts',(3.9,4.97928489885978,-0.0707151011402221));
#5544=CARTESIAN_POINT('Ctrl Pts',(3.9,4.97311515995398,-0.0645453622344221));
#5545=CARTESIAN_POINT('Ctrl Pts',(3.9,4.96240072523276,-0.0505819974649406));
#5546=CARTESIAN_POINT('Ctrl Pts',(3.9,4.95229734046873,-0.0261902689417407));
#5547=CARTESIAN_POINT('Ctrl Pts',(3.9,4.95,-0.00874042957710526));
#5548=CARTESIAN_POINT('Ctrl Pts',(3.9,4.95,-1.51011402220111E-5));
#5549=CARTESIAN_POINT('',(3.9,4.95000045769212,-1.10520254639496E-6));
#5550=CARTESIAN_POINT('Ctrl Pts',(3.84511586483945,4.90488413516055,-0.145115864839445));
#5551=CARTESIAN_POINT('Ctrl Pts',(3.85458942196717,4.90962091372442,-0.140379086275581));
#5552=CARTESIAN_POINT('Ctrl Pts',(3.87073429727959,4.92007792423751,-0.129922075762491));
#5553=CARTESIAN_POINT('Ctrl Pts',(3.89315018080231,4.94755509639379,-0.102444903606208));
#5554=CARTESIAN_POINT('Ctrl Pts',(3.9,4.96957853942716,-0.0804214605728388));
#5555=CARTESIAN_POINT('Ctrl Pts',(3.9,4.97928489885978,-0.0707151011402221));
#5556=CARTESIAN_POINT('Origin',(3.8,4.95,0.));
#5557=CARTESIAN_POINT('Ctrl Pts',(13.5048841351606,6.04511586483945,-0.145115864839445));
#5558=CARTESIAN_POINT('Ctrl Pts',(13.5143576922883,6.04985264340331,-0.149852643403309));
#5559=CARTESIAN_POINT('Ctrl Pts',(13.5348489050763,6.05771365310994,-0.157713653109938));
#5560=CARTESIAN_POINT('Ctrl Pts',(13.5887102682781,6.06837587689253,-0.16837587689253));
#5561=CARTESIAN_POINT('Ctrl Pts',(13.630573937092,6.07071067811866,-0.170710678118656));
#5562=CARTESIAN_POINT('Ctrl Pts',(13.6499848988598,6.07071067811866,-0.170710678118656));
#5563=CARTESIAN_POINT('Ctrl Pts',(13.5096209137244,6.05458942196717,-0.140379086275581));
#5564=CARTESIAN_POINT('Ctrl Pts',(13.519011997753,6.05835605617153,-0.14505722575148));
#5565=CARTESIAN_POINT('Ctrl Pts',(13.5394936009815,6.06485302026361,-0.152944584840823));
#5566=CARTESIAN_POINT('Ctrl Pts',(13.5927671723556,6.07448268564039,-0.16305334125401));
#5567=CARTESIAN_POINT('Ctrl Pts',(13.6316523238569,6.07653853382457,-0.164882822412738));
#5568=CARTESIAN_POINT('Ctrl Pts',(13.6499848988598,6.0768813488661,-0.164540007371214));
#5569=CARTESIAN_POINT('Ctrl Pts',(13.5200779242375,6.07073429727959,-0.129922075762492));
#5570=CARTESIAN_POINT('Ctrl Pts',(13.5294667550121,6.07321568402585,-0.134555059782609));
#5571=CARTESIAN_POINT('Ctrl Pts',(13.5504652014457,6.07796981998939,-0.14229998618742));
#5572=CARTESIAN_POINT('Ctrl Pts',(13.6022709133475,6.08579732606018,-0.150585164511449));
#5573=CARTESIAN_POINT('Ctrl Pts',(13.6340015993009,6.08698624092974,-0.151547162400231));
#5574=CARTESIAN_POINT('Ctrl Pts',(13.6499848988598,6.0875974018335,-0.150574533655964));
#5575=CARTESIAN_POINT('Ctrl Pts',(13.5475550963938,6.09315018080232,-0.102444903606209));
#5576=CARTESIAN_POINT('Ctrl Pts',(13.5568738043255,6.09408945482473,-0.107551468199868));
#5577=CARTESIAN_POINT('Ctrl Pts',(13.5780925354081,6.0961859371769,-0.116016365292235));
#5578=CARTESIAN_POINT('Ctrl Pts',(13.6152186271433,6.09752825670733,-0.125824107304871));
#5579=CARTESIAN_POINT('Ctrl Pts',(13.6377866496412,6.09744671619307,-0.127299029547409));
#5580=CARTESIAN_POINT('Ctrl Pts',(13.6499848988598,6.09770231255427,-0.126179121147314));
#5581=CARTESIAN_POINT('Ctrl Pts',(13.5695785394272,6.1,-0.0804214605728404));
#5582=CARTESIAN_POINT('Ctrl Pts',(13.5767917942325,6.1,-0.0865562309967766));
#5583=CARTESIAN_POINT('Ctrl Pts',(13.5927449356761,6.1,-0.0972724712432081));
#5584=CARTESIAN_POINT('Ctrl Pts',(13.620588977328,6.1,-0.107545840653172));
#5585=CARTESIAN_POINT('Ctrl Pts',(13.6401267307443,6.1,-0.109211459941083));
#5586=CARTESIAN_POINT('Ctrl Pts',(13.6499848988598,6.1,-0.108726646259974));
#5587=CARTESIAN_POINT('Ctrl Pts',(13.5792848988598,6.1,-0.0707151011402237));
#5588=CARTESIAN_POINT('Ctrl Pts',(13.5854546377656,6.1,-0.0768848400460238));
#5589=CARTESIAN_POINT('Ctrl Pts',(13.5994180025351,6.1,-0.0875992747672419));
#5590=CARTESIAN_POINT('Ctrl Pts',(13.6238097310583,6.1,-0.097702659531274));
#5591=CARTESIAN_POINT('Ctrl Pts',(13.6412595704229,6.1,-0.100000000000002));
#5592=CARTESIAN_POINT('Ctrl Pts',(13.6499848988598,6.1,-0.100000000000002));
#5593=CARTESIAN_POINT('',(13.5048841351606,6.04511586483945,-0.145115864839445));
#5594=CARTESIAN_POINT('',(13.6499848988598,6.07071067811866,-0.170710678118656));
#5595=CARTESIAN_POINT('Ctrl Pts',(13.5048841351606,6.04511586483945,-0.145115864839445));
#5596=CARTESIAN_POINT('Ctrl Pts',(13.5143576922883,6.04985264340331,-0.149852643403309));
#5597=CARTESIAN_POINT('Ctrl Pts',(13.5348489050763,6.05771365310994,-0.157713653109938));
#5598=CARTESIAN_POINT('Ctrl Pts',(13.5887102682781,6.06837587689253,-0.16837587689253));
#5599=CARTESIAN_POINT('Ctrl Pts',(13.630573937092,6.07071067811866,-0.170710678118656));
#5600=CARTESIAN_POINT('Ctrl Pts',(13.6499848988598,6.07071067811866,-0.170710678118656));
#5601=CARTESIAN_POINT('',(13.5792848988598,6.1,-0.0707151011402237));
#5602=CARTESIAN_POINT('Ctrl Pts',(13.5048841351606,6.04511586483945,-0.145115864839445));
#5603=CARTESIAN_POINT('Ctrl Pts',(13.5096209137244,6.05458942196717,-0.140379086275581));
#5604=CARTESIAN_POINT('Ctrl Pts',(13.5200779242375,6.07073429727959,-0.129922075762492));
#5605=CARTESIAN_POINT('Ctrl Pts',(13.5475550963938,6.09315018080232,-0.102444903606209));
#5606=CARTESIAN_POINT('Ctrl Pts',(13.5695785394272,6.1,-0.0804214605728404));
#5607=CARTESIAN_POINT('Ctrl Pts',(13.5792848988598,6.1,-0.0707151011402237));
#5608=CARTESIAN_POINT('',(13.6499848988598,6.1,-0.1));
#5609=CARTESIAN_POINT('Origin',(13.6499848988598,6.1,-1.51011402225142E-5));
#5610=CARTESIAN_POINT('Origin',(13.6499848988598,6.,-0.1));
#5611=CARTESIAN_POINT('Ctrl Pts',(13.5048841351606,6.04511586483945,-0.145115864839445));
#5612=CARTESIAN_POINT('Ctrl Pts',(13.5096209137244,6.05458942196717,-0.140379086275581));
#5613=CARTESIAN_POINT('Ctrl Pts',(13.5200779242375,6.07073429727959,-0.129922075762492));
#5614=CARTESIAN_POINT('Ctrl Pts',(13.5475550963938,6.09315018080232,-0.102444903606209));
#5615=CARTESIAN_POINT('Ctrl Pts',(13.5695785394272,6.1,-0.0804214605728404));
#5616=CARTESIAN_POINT('Ctrl Pts',(13.5792848988598,6.1,-0.0707151011402237));
#5617=CARTESIAN_POINT('Ctrl Pts',(13.5001473565967,6.04985264340331,-0.135642307711717));
#5618=CARTESIAN_POINT('Ctrl Pts',(13.5049427742485,6.05835605617153,-0.130988002246978));
#5619=CARTESIAN_POINT('Ctrl Pts',(13.5154449402174,6.07321568402585,-0.120533244987897));
#5620=CARTESIAN_POINT('Ctrl Pts',(13.5424485318001,6.09408945482473,-0.0931261956744751));
#5621=CARTESIAN_POINT('Ctrl Pts',(13.5634437690032,6.1,-0.0732082057675024));
#5622=CARTESIAN_POINT('Ctrl Pts',(13.573115159954,6.1,-0.0645453622344237));
#5623=CARTESIAN_POINT('Ctrl Pts',(13.4922863468901,6.05771365310994,-0.11515109492372));
#5624=CARTESIAN_POINT('Ctrl Pts',(13.4970554151592,6.06485302026361,-0.110506399018468));
#5625=CARTESIAN_POINT('Ctrl Pts',(13.5077000138126,6.07796981998939,-0.0995347985543506));
#5626=CARTESIAN_POINT('Ctrl Pts',(13.5339836347078,6.0961859371769,-0.0719074645919214));
#5627=CARTESIAN_POINT('Ctrl Pts',(13.5527275287568,6.1,-0.0572550643239402));
#5628=CARTESIAN_POINT('Ctrl Pts',(13.5624007252328,6.1,-0.0505819974649419));
#5629=CARTESIAN_POINT('Ctrl Pts',(13.4816241231075,6.06837587689253,-0.0612897317218962));
#5630=CARTESIAN_POINT('Ctrl Pts',(13.486946658746,6.07448268564038,-0.0572328276444031));
#5631=CARTESIAN_POINT('Ctrl Pts',(13.4994148354886,6.08579732606019,-0.0477290866524838));
#5632=CARTESIAN_POINT('Ctrl Pts',(13.5241758926951,6.09752825670733,-0.0347813728566742));
#5633=CARTESIAN_POINT('Ctrl Pts',(13.5424541593468,6.1,-0.0294110226720246));
#5634=CARTESIAN_POINT('Ctrl Pts',(13.5522973404687,6.1,-0.0261902689417417));
#5635=CARTESIAN_POINT('Ctrl Pts',(13.4792893218813,6.07071067811866,-0.0194260629080048));
#5636=CARTESIAN_POINT('Ctrl Pts',(13.4851171775873,6.07653853382457,-0.018347676143128));
#5637=CARTESIAN_POINT('Ctrl Pts',(13.4984528375998,6.08698624092974,-0.0159984006990986));
#5638=CARTESIAN_POINT('Ctrl Pts',(13.5227009704526,6.09744671619307,-0.0122133503588011));
#5639=CARTESIAN_POINT('Ctrl Pts',(13.5407885400589,6.1,-0.00987326925570532));
#5640=CARTESIAN_POINT('Ctrl Pts',(13.55,6.1,-0.00874042957710586));
#5641=CARTESIAN_POINT('Ctrl Pts',(13.4792893218813,6.07071067811866,-1.51011402225142E-5));
#5642=CARTESIAN_POINT('Ctrl Pts',(13.4854599926288,6.0768813488661,-1.51011402225132E-5));
#5643=CARTESIAN_POINT('Ctrl Pts',(13.499425466344,6.0875974018335,-1.51011402225102E-5));
#5644=CARTESIAN_POINT('Ctrl Pts',(13.5238208788527,6.09770231255427,-1.51011402225293E-5));
#5645=CARTESIAN_POINT('Ctrl Pts',(13.54127335374,6.1,-1.51011402224814E-5));
#5646=CARTESIAN_POINT('Ctrl Pts',(13.55,6.1,-1.51011402224795E-5));
#5647=CARTESIAN_POINT('',(13.4792893218813,6.07071067811865,0.));
#5648=CARTESIAN_POINT('Ctrl Pts',(13.5048841351606,6.04511586483945,-0.145115864839445));
#5649=CARTESIAN_POINT('Ctrl Pts',(13.5001473565967,6.04985264340331,-0.135642307711717));
#5650=CARTESIAN_POINT('Ctrl Pts',(13.4922863468901,6.05771365310994,-0.11515109492372));
#5651=CARTESIAN_POINT('Ctrl Pts',(13.4816241231075,6.06837587689253,-0.0612897317218962));
#5652=CARTESIAN_POINT('Ctrl Pts',(13.4792893218813,6.07071067811866,-0.0194260629080048));
#5653=CARTESIAN_POINT('Ctrl Pts',(13.4792893218813,6.07071067811866,-1.51011402225142E-5));
#5654=CARTESIAN_POINT('',(13.55,6.1,0.));
#5655=CARTESIAN_POINT('Origin',(13.55,6.,0.));
#5656=CARTESIAN_POINT('Origin',(13.6499848988598,6.1,-1.51011402225142E-5));
#5657=CARTESIAN_POINT('Ctrl Pts',(13.5048841351606,6.04511586483945,-0.145115864839445));
#5658=CARTESIAN_POINT('Ctrl Pts',(13.5001473565967,6.04985264340331,-0.135642307711717));
#5659=CARTESIAN_POINT('Ctrl Pts',(13.4922863468901,6.05771365310994,-0.11515109492372));
#5660=CARTESIAN_POINT('Ctrl Pts',(13.4816241231075,6.06837587689253,-0.0612897317218962));
#5661=CARTESIAN_POINT('Ctrl Pts',(13.4792893218813,6.07071067811866,-0.0194260629080048));
#5662=CARTESIAN_POINT('Ctrl Pts',(13.4792893218813,6.07071067811866,-1.51011402225142E-5));
#5663=CARTESIAN_POINT('Ctrl Pts',(13.4954105780328,6.04037908627558,-0.140379086275581));
#5664=CARTESIAN_POINT('Ctrl Pts',(13.4916439438285,6.04505722575148,-0.130988002246977));
#5665=CARTESIAN_POINT('Ctrl Pts',(13.4851469797364,6.05294458484082,-0.110506399018468));
#5666=CARTESIAN_POINT('Ctrl Pts',(13.4755173143596,6.06305334125401,-0.057232827644403));
#5667=CARTESIAN_POINT('Ctrl Pts',(13.4734614661754,6.06488282241274,-0.0183476761431279));
#5668=CARTESIAN_POINT('Ctrl Pts',(13.4731186511339,6.06454000737121,-1.51011402225142E-5));
#5669=CARTESIAN_POINT('Ctrl Pts',(13.4792657027204,6.02992207576249,-0.129922075762491));
#5670=CARTESIAN_POINT('Ctrl Pts',(13.4767843159742,6.03455505978261,-0.120533244987897));
#5671=CARTESIAN_POINT('Ctrl Pts',(13.4720301800106,6.04229998618742,-0.0995347985543501));
#5672=CARTESIAN_POINT('Ctrl Pts',(13.4642026739398,6.05058516451145,-0.0477290866524833));
#5673=CARTESIAN_POINT('Ctrl Pts',(13.4630137590703,6.05154716240023,-0.0159984006990985));
#5674=CARTESIAN_POINT('Ctrl Pts',(13.4624025981665,6.05057453365596,-1.51011402225142E-5));
#5675=CARTESIAN_POINT('Ctrl Pts',(13.4568498191977,6.00244490360621,-0.102444903606208));
#5676=CARTESIAN_POINT('Ctrl Pts',(13.4559105451753,6.00755146819987,-0.093126195674474));
#5677=CARTESIAN_POINT('Ctrl Pts',(13.4538140628231,6.01601636529223,-0.0719074645919204));
#5678=CARTESIAN_POINT('Ctrl Pts',(13.4524717432927,6.02582410730487,-0.0347813728566737));
#5679=CARTESIAN_POINT('Ctrl Pts',(13.4525532838069,6.02729902954741,-0.0122133503588009));
#5680=CARTESIAN_POINT('Ctrl Pts',(13.4522976874457,6.02617912114731,-1.51011402225142E-5));
#5681=CARTESIAN_POINT('Ctrl Pts',(13.45,5.98042146057284,-0.080421460572839));
#5682=CARTESIAN_POINT('Ctrl Pts',(13.45,5.98655623099678,-0.073208205767501));
#5683=CARTESIAN_POINT('Ctrl Pts',(13.45,5.99727247124321,-0.0572550643239391));
#5684=CARTESIAN_POINT('Ctrl Pts',(13.45,6.00754584065317,-0.0294110226720239));
#5685=CARTESIAN_POINT('Ctrl Pts',(13.45,6.00921145994108,-0.00987326925570515));
#5686=CARTESIAN_POINT('Ctrl Pts',(13.45,6.00872664625997,-1.51011402224968E-5));
#5687=CARTESIAN_POINT('Ctrl Pts',(13.45,5.97071510114022,-0.0707151011402223));
#5688=CARTESIAN_POINT('Ctrl Pts',(13.45,5.97688484004602,-0.0645453622344224));
#5689=CARTESIAN_POINT('Ctrl Pts',(13.45,5.98759927476724,-0.0505819974649409));
#5690=CARTESIAN_POINT('Ctrl Pts',(13.45,5.99770265953127,-0.0261902689417411));
#5691=CARTESIAN_POINT('Ctrl Pts',(13.45,6.,-0.00874042957710572));
#5692=CARTESIAN_POINT('Ctrl Pts',(13.45,6.,-1.51011402225055E-5));
#5693=CARTESIAN_POINT('',(13.45,5.97071510114022,-0.0707151011402223));
#5694=CARTESIAN_POINT('Ctrl Pts',(13.5048841351606,6.04511586483945,-0.145115864839445));
#5695=CARTESIAN_POINT('Ctrl Pts',(13.4954105780328,6.04037908627558,-0.140379086275581));
#5696=CARTESIAN_POINT('Ctrl Pts',(13.4792657027204,6.02992207576249,-0.129922075762491));
#5697=CARTESIAN_POINT('Ctrl Pts',(13.4568498191977,6.00244490360621,-0.102444903606208));
#5698=CARTESIAN_POINT('Ctrl Pts',(13.45,5.98042146057284,-0.080421460572839));
#5699=CARTESIAN_POINT('Ctrl Pts',(13.45,5.97071510114022,-0.0707151011402223));
#5700=CARTESIAN_POINT('',(13.45,6.,0.));
#5701=CARTESIAN_POINT('Origin',(13.45,5.90001510114022,-1.51011402225142E-5));
#5702=CARTESIAN_POINT('Origin',(13.55,6.,0.));
#5703=CARTESIAN_POINT('Ctrl Pts',(13.5048841351606,6.04511586483945,-0.145115864839445));
#5704=CARTESIAN_POINT('Ctrl Pts',(13.4954105780328,6.04037908627558,-0.140379086275581));
#5705=CARTESIAN_POINT('Ctrl Pts',(13.4792657027204,6.02992207576249,-0.129922075762491));
#5706=CARTESIAN_POINT('Ctrl Pts',(13.4568498191977,6.00244490360621,-0.102444903606208));
#5707=CARTESIAN_POINT('Ctrl Pts',(13.45,5.98042146057284,-0.080421460572839));
#5708=CARTESIAN_POINT('Ctrl Pts',(13.45,5.97071510114022,-0.0707151011402223));
#5709=CARTESIAN_POINT('Ctrl Pts',(13.5001473565967,6.03564230771172,-0.149852643403309));
#5710=CARTESIAN_POINT('Ctrl Pts',(13.4916439438285,6.03098800224698,-0.14505722575148));
#5711=CARTESIAN_POINT('Ctrl Pts',(13.4767843159742,6.0205332449879,-0.134555059782609));
#5712=CARTESIAN_POINT('Ctrl Pts',(13.4559105451753,5.99312619567448,-0.107551468199867));
#5713=CARTESIAN_POINT('Ctrl Pts',(13.45,5.9732082057675,-0.0865562309967751));
#5714=CARTESIAN_POINT('Ctrl Pts',(13.45,5.96454536223442,-0.0768848400460222));
#5715=CARTESIAN_POINT('Ctrl Pts',(13.4922863468901,6.01515109492372,-0.157713653109937));
#5716=CARTESIAN_POINT('Ctrl Pts',(13.4851469797364,6.01050639901847,-0.152944584840823));
#5717=CARTESIAN_POINT('Ctrl Pts',(13.4720301800106,5.99953479855435,-0.142299986187419));
#5718=CARTESIAN_POINT('Ctrl Pts',(13.4538140628231,5.97190746459192,-0.116016365292233));
#5719=CARTESIAN_POINT('Ctrl Pts',(13.45,5.95725506432394,-0.0972724712432062));
#5720=CARTESIAN_POINT('Ctrl Pts',(13.45,5.95058199746494,-0.08759927476724));
#5721=CARTESIAN_POINT('Ctrl Pts',(13.4816241231075,5.9612897317219,-0.168375876892529));
#5722=CARTESIAN_POINT('Ctrl Pts',(13.4755173143596,5.95723282764441,-0.163053341254009));
#5723=CARTESIAN_POINT('Ctrl Pts',(13.4642026739398,5.94772908665249,-0.150585164511448));
#5724=CARTESIAN_POINT('Ctrl Pts',(13.4524717432927,5.93478137285667,-0.125824107304869));
#5725=CARTESIAN_POINT('Ctrl Pts',(13.45,5.92941102267203,-0.107545840653169));
#5726=CARTESIAN_POINT('Ctrl Pts',(13.45,5.92619026894174,-0.097702659531272));
#5727=CARTESIAN_POINT('Ctrl Pts',(13.4792893218813,5.91942606290801,-0.170710678118655));
#5728=CARTESIAN_POINT('Ctrl Pts',(13.4734614661754,5.91834767614313,-0.164882822412737));
#5729=CARTESIAN_POINT('Ctrl Pts',(13.4630137590703,5.9159984006991,-0.15154716240023));
#5730=CARTESIAN_POINT('Ctrl Pts',(13.4525532838069,5.9122133503588,-0.127299029547407));
#5731=CARTESIAN_POINT('Ctrl Pts',(13.45,5.9098732692557,-0.109211459941081));
#5732=CARTESIAN_POINT('Ctrl Pts',(13.45,5.90874042957711,-0.1));
#5733=CARTESIAN_POINT('Ctrl Pts',(13.4792893218813,5.90001510114022,-0.170710678118655));
#5734=CARTESIAN_POINT('Ctrl Pts',(13.4731186511339,5.90001510114022,-0.164540007371213));
#5735=CARTESIAN_POINT('Ctrl Pts',(13.4624025981665,5.90001510114022,-0.150574533655963));
#5736=CARTESIAN_POINT('Ctrl Pts',(13.4522976874457,5.90001510114022,-0.126179121147312));
#5737=CARTESIAN_POINT('Ctrl Pts',(13.45,5.90001510114022,-0.108726646259972));
#5738=CARTESIAN_POINT('Ctrl Pts',(13.45,5.90001510114022,-0.1));
#5739=CARTESIAN_POINT('',(13.4792893218813,5.90001510114022,-0.170710678118655));
#5740=CARTESIAN_POINT('Ctrl Pts',(13.5048841351606,6.04511586483945,-0.145115864839445));
#5741=CARTESIAN_POINT('Ctrl Pts',(13.5001473565967,6.03564230771172,-0.149852643403309));
#5742=CARTESIAN_POINT('Ctrl Pts',(13.4922863468901,6.01515109492372,-0.157713653109937));
#5743=CARTESIAN_POINT('Ctrl Pts',(13.4816241231075,5.9612897317219,-0.168375876892529));
#5744=CARTESIAN_POINT('Ctrl Pts',(13.4792893218813,5.91942606290801,-0.170710678118655));
#5745=CARTESIAN_POINT('Ctrl Pts',(13.4792893218813,5.90001510114022,-0.170710678118655));
#5746=CARTESIAN_POINT('',(13.45,5.90001510114022,-0.1));
#5747=CARTESIAN_POINT('Origin',(13.55,5.90001510114022,-0.1));
#5748=CARTESIAN_POINT('Origin',(13.45,5.90001510114022,-1.51011402225142E-5));
#5749=CARTESIAN_POINT('Ctrl Pts',(13.5048841351606,6.04511586483945,-0.145115864839445));
#5750=CARTESIAN_POINT('Ctrl Pts',(13.5001473565967,6.03564230771172,-0.149852643403309));
#5751=CARTESIAN_POINT('Ctrl Pts',(13.4922863468901,6.01515109492372,-0.157713653109937));
#5752=CARTESIAN_POINT('Ctrl Pts',(13.4816241231075,5.9612897317219,-0.168375876892529));
#5753=CARTESIAN_POINT('Ctrl Pts',(13.4792893218813,5.91942606290801,-0.170710678118655));
#5754=CARTESIAN_POINT('Ctrl Pts',(13.4792893218813,5.90001510114022,-0.170710678118655));
#5755=CARTESIAN_POINT('Ctrl Pts',(13.5096209137244,6.04037908627558,-0.154589421967173));
#5756=CARTESIAN_POINT('Ctrl Pts',(13.5049427742485,6.03098800224698,-0.158356056171525));
#5757=CARTESIAN_POINT('Ctrl Pts',(13.4970554151592,6.01050639901847,-0.164853020263608));
#5758=CARTESIAN_POINT('Ctrl Pts',(13.486946658746,5.95723282764441,-0.174482685640381));
#5759=CARTESIAN_POINT('Ctrl Pts',(13.4851171775873,5.91834767614313,-0.176538533824572));
#5760=CARTESIAN_POINT('Ctrl Pts',(13.4854599926288,5.90001510114022,-0.176881348866097));
#5761=CARTESIAN_POINT('Ctrl Pts',(13.5200779242375,6.02992207576249,-0.17073429727959));
#5762=CARTESIAN_POINT('Ctrl Pts',(13.5154449402174,6.0205332449879,-0.173215684025845));
#5763=CARTESIAN_POINT('Ctrl Pts',(13.5077000138126,5.99953479855435,-0.177969819989394));
#5764=CARTESIAN_POINT('Ctrl Pts',(13.4994148354886,5.94772908665248,-0.185797326060185));
#5765=CARTESIAN_POINT('Ctrl Pts',(13.4984528375998,5.9159984006991,-0.186986240929737));
#5766=CARTESIAN_POINT('Ctrl Pts',(13.499425466344,5.90001510114022,-0.1875974018335));
#5767=CARTESIAN_POINT('Ctrl Pts',(13.5475550963938,6.00244490360621,-0.193150180802315));
#5768=CARTESIAN_POINT('Ctrl Pts',(13.5424485318001,5.99312619567447,-0.194089454824728));
#5769=CARTESIAN_POINT('Ctrl Pts',(13.5339836347078,5.97190746459192,-0.196185937176898));
#5770=CARTESIAN_POINT('Ctrl Pts',(13.5241758926951,5.93478137285667,-0.197528256707329));
#5771=CARTESIAN_POINT('Ctrl Pts',(13.5227009704526,5.9122133503588,-0.197446716193067));
#5772=CARTESIAN_POINT('Ctrl Pts',(13.5238208788527,5.90001510114022,-0.197702312554269));
#5773=CARTESIAN_POINT('Ctrl Pts',(13.5695785394272,5.98042146057284,-0.2));
#5774=CARTESIAN_POINT('Ctrl Pts',(13.5634437690032,5.9732082057675,-0.2));
#5775=CARTESIAN_POINT('Ctrl Pts',(13.5527275287568,5.95725506432394,-0.2));
#5776=CARTESIAN_POINT('Ctrl Pts',(13.5424541593468,5.92941102267202,-0.2));
#5777=CARTESIAN_POINT('Ctrl Pts',(13.5407885400589,5.90987326925571,-0.2));
#5778=CARTESIAN_POINT('Ctrl Pts',(13.54127335374,5.90001510114022,-0.2));
#5779=CARTESIAN_POINT('Ctrl Pts',(13.5792848988598,5.97071510114022,-0.2));
#5780=CARTESIAN_POINT('Ctrl Pts',(13.573115159954,5.96454536223442,-0.2));
#5781=CARTESIAN_POINT('Ctrl Pts',(13.5624007252328,5.95058199746494,-0.2));
#5782=CARTESIAN_POINT('Ctrl Pts',(13.5522973404687,5.92619026894174,-0.2));
#5783=CARTESIAN_POINT('Ctrl Pts',(13.55,5.90874042957711,-0.2));
#5784=CARTESIAN_POINT('Ctrl Pts',(13.55,5.90001510114022,-0.2));
#5785=CARTESIAN_POINT('',(13.5792848988598,5.97071510114022,-0.2));
#5786=CARTESIAN_POINT('Ctrl Pts',(13.5048841351606,6.04511586483945,-0.145115864839445));
#5787=CARTESIAN_POINT('Ctrl Pts',(13.5096209137244,6.04037908627558,-0.154589421967173));
#5788=CARTESIAN_POINT('Ctrl Pts',(13.5200779242375,6.02992207576249,-0.17073429727959));
#5789=CARTESIAN_POINT('Ctrl Pts',(13.5475550963938,6.00244490360621,-0.193150180802315));
#5790=CARTESIAN_POINT('Ctrl Pts',(13.5695785394272,5.98042146057284,-0.2));
#5791=CARTESIAN_POINT('Ctrl Pts',(13.5792848988598,5.97071510114022,-0.2));
#5792=CARTESIAN_POINT('',(13.55,5.90001510114022,-0.2));
#5793=CARTESIAN_POINT('Origin',(13.6499848988598,5.90001510114022,-0.2));
#5794=CARTESIAN_POINT('Origin',(13.55,5.90001510114022,-0.1));
#5795=CARTESIAN_POINT('Ctrl Pts',(12.7548841351606,5.29511586483945,-0.145115864839445));
#5796=CARTESIAN_POINT('Ctrl Pts',(12.7643576922883,5.29985264340331,-0.149852643403309));
#5797=CARTESIAN_POINT('Ctrl Pts',(12.7848489050763,5.30771365310994,-0.157713653109937));
#5798=CARTESIAN_POINT('Ctrl Pts',(12.8387102682781,5.31837587689253,-0.168375876892529));
#5799=CARTESIAN_POINT('Ctrl Pts',(12.880573937092,5.32071067811865,-0.170710678118655));
#5800=CARTESIAN_POINT('Ctrl Pts',(12.8999848988598,5.32071067811865,-0.170710678118655));
#5801=CARTESIAN_POINT('Ctrl Pts',(12.7596209137244,5.30458942196717,-0.140379086275581));
#5802=CARTESIAN_POINT('Ctrl Pts',(12.769011997753,5.30835605617153,-0.145057225751479));
#5803=CARTESIAN_POINT('Ctrl Pts',(12.7894936009815,5.31485302026361,-0.152944584840822));
#5804=CARTESIAN_POINT('Ctrl Pts',(12.8427671723556,5.32448268564038,-0.163053341254009));
#5805=CARTESIAN_POINT('Ctrl Pts',(12.8816523238569,5.32653853382457,-0.164882822412737));
#5806=CARTESIAN_POINT('Ctrl Pts',(12.8999848988598,5.3268813488661,-0.164540007371212));
#5807=CARTESIAN_POINT('Ctrl Pts',(12.7700779242375,5.32073429727959,-0.129922075762491));
#5808=CARTESIAN_POINT('Ctrl Pts',(12.7794667550121,5.32321568402585,-0.134555059782608));
#5809=CARTESIAN_POINT('Ctrl Pts',(12.8004652014457,5.3279698199894,-0.142299986187419));
#5810=CARTESIAN_POINT('Ctrl Pts',(12.8522709133475,5.33579732606018,-0.150585164511447));
#5811=CARTESIAN_POINT('Ctrl Pts',(12.8840015993009,5.33698624092974,-0.15154716240023));
#5812=CARTESIAN_POINT('Ctrl Pts',(12.8999848988598,5.3375974018335,-0.150574533655962));
#5813=CARTESIAN_POINT('Ctrl Pts',(12.7975550963938,5.34315018080231,-0.102444903606207));
#5814=CARTESIAN_POINT('Ctrl Pts',(12.8068738043255,5.34408945482473,-0.107551468199866));
#5815=CARTESIAN_POINT('Ctrl Pts',(12.8280925354081,5.34618593717689,-0.116016365292232));
#5816=CARTESIAN_POINT('Ctrl Pts',(12.8652186271433,5.34752825670733,-0.125824107304869));
#5817=CARTESIAN_POINT('Ctrl Pts',(12.8877866496412,5.34744671619307,-0.127299029547407));
#5818=CARTESIAN_POINT('Ctrl Pts',(12.8999848988598,5.34770231255427,-0.126179121147312));
#5819=CARTESIAN_POINT('Ctrl Pts',(12.8195785394272,5.35,-0.0804214605728384));
#5820=CARTESIAN_POINT('Ctrl Pts',(12.8267917942325,5.35,-0.0865562309967745));
#5821=CARTESIAN_POINT('Ctrl Pts',(12.8427449356761,5.35,-0.0972724712432057));
#5822=CARTESIAN_POINT('Ctrl Pts',(12.870588977328,5.35,-0.107545840653169));
#5823=CARTESIAN_POINT('Ctrl Pts',(12.8901267307443,5.35,-0.109211459941081));
#5824=CARTESIAN_POINT('Ctrl Pts',(12.8999848988598,5.35,-0.108726646259971));
#5825=CARTESIAN_POINT('Ctrl Pts',(12.8292848988598,5.35,-0.0707151011402218));
#5826=CARTESIAN_POINT('Ctrl Pts',(12.8354546377656,5.35,-0.0768848400460217));
#5827=CARTESIAN_POINT('Ctrl Pts',(12.8494180025351,5.35,-0.0875992747672395));
#5828=CARTESIAN_POINT('Ctrl Pts',(12.8738097310583,5.35,-0.0977026595312715));
#5829=CARTESIAN_POINT('Ctrl Pts',(12.8912595704229,5.35,-0.0999999999999995));
#5830=CARTESIAN_POINT('Ctrl Pts',(12.8999848988598,5.35,-0.0999999999999995));
#5831=CARTESIAN_POINT('',(12.7548841351606,5.29511586483945,-0.145115864839445));
#5832=CARTESIAN_POINT('',(12.8999848988598,5.32071067811866,-0.170710678118655));
#5833=CARTESIAN_POINT('Ctrl Pts',(12.7548841351606,5.29511586483945,-0.145115864839445));
#5834=CARTESIAN_POINT('Ctrl Pts',(12.7643576922883,5.29985264340331,-0.149852643403309));
#5835=CARTESIAN_POINT('Ctrl Pts',(12.7848489050763,5.30771365310994,-0.157713653109937));
#5836=CARTESIAN_POINT('Ctrl Pts',(12.8387102682781,5.31837587689253,-0.168375876892529));
#5837=CARTESIAN_POINT('Ctrl Pts',(12.880573937092,5.32071067811865,-0.170710678118655));
#5838=CARTESIAN_POINT('Ctrl Pts',(12.8999848988598,5.32071067811865,-0.170710678118655));
#5839=CARTESIAN_POINT('',(12.8292848988598,5.35,-0.0707151011402218));
#5840=CARTESIAN_POINT('Ctrl Pts',(12.7548841351606,5.29511586483945,-0.145115864839445));
#5841=CARTESIAN_POINT('Ctrl Pts',(12.7596209137244,5.30458942196717,-0.140379086275581));
#5842=CARTESIAN_POINT('Ctrl Pts',(12.7700779242375,5.32073429727959,-0.129922075762491));
#5843=CARTESIAN_POINT('Ctrl Pts',(12.7975550963938,5.34315018080231,-0.102444903606207));
#5844=CARTESIAN_POINT('Ctrl Pts',(12.8195785394272,5.35,-0.0804214605728384));
#5845=CARTESIAN_POINT('Ctrl Pts',(12.8292848988598,5.35,-0.0707151011402218));
#5846=CARTESIAN_POINT('',(12.8999848988598,5.35,-0.1));
#5847=CARTESIAN_POINT('Origin',(12.8999848988598,5.35,-1.51011402221499E-5));
#5848=CARTESIAN_POINT('Origin',(12.8999848988598,5.25,-0.1));
#5849=CARTESIAN_POINT('Ctrl Pts',(12.7548841351606,5.29511586483945,-0.145115864839445));
#5850=CARTESIAN_POINT('Ctrl Pts',(12.7596209137244,5.30458942196717,-0.140379086275581));
#5851=CARTESIAN_POINT('Ctrl Pts',(12.7700779242375,5.32073429727959,-0.129922075762491));
#5852=CARTESIAN_POINT('Ctrl Pts',(12.7975550963938,5.34315018080231,-0.102444903606207));
#5853=CARTESIAN_POINT('Ctrl Pts',(12.8195785394272,5.35,-0.0804214605728384));
#5854=CARTESIAN_POINT('Ctrl Pts',(12.8292848988598,5.35,-0.0707151011402218));
#5855=CARTESIAN_POINT('Ctrl Pts',(12.7501473565967,5.29985264340331,-0.135642307711717));
#5856=CARTESIAN_POINT('Ctrl Pts',(12.7549427742485,5.30835605617153,-0.130988002246977));
#5857=CARTESIAN_POINT('Ctrl Pts',(12.7654449402174,5.32321568402585,-0.120533244987896));
#5858=CARTESIAN_POINT('Ctrl Pts',(12.7924485318001,5.34408945482473,-0.0931261956744734));
#5859=CARTESIAN_POINT('Ctrl Pts',(12.8134437690032,5.35,-0.0732082057675005));
#5860=CARTESIAN_POINT('Ctrl Pts',(12.823115159954,5.35,-0.0645453622344219));
#5861=CARTESIAN_POINT('Ctrl Pts',(12.7422863468901,5.30771365310994,-0.115151094923719));
#5862=CARTESIAN_POINT('Ctrl Pts',(12.7470554151592,5.31485302026361,-0.110506399018468));
#5863=CARTESIAN_POINT('Ctrl Pts',(12.7577000138126,5.32796981998939,-0.0995347985543495));
#5864=CARTESIAN_POINT('Ctrl Pts',(12.7839836347078,5.3461859371769,-0.0719074645919198));
#5865=CARTESIAN_POINT('Ctrl Pts',(12.8027275287568,5.35,-0.0572550643239386));
#5866=CARTESIAN_POINT('Ctrl Pts',(12.8124007252328,5.35,-0.0505819974649404));
#5867=CARTESIAN_POINT('Ctrl Pts',(12.7316241231075,5.31837587689253,-0.0612897317218954));
#5868=CARTESIAN_POINT('Ctrl Pts',(12.736946658746,5.32448268564038,-0.0572328276444023));
#5869=CARTESIAN_POINT('Ctrl Pts',(12.7494148354886,5.33579732606019,-0.0477290866524828));
#5870=CARTESIAN_POINT('Ctrl Pts',(12.7741758926951,5.34752825670732,-0.0347813728566731));
#5871=CARTESIAN_POINT('Ctrl Pts',(12.7924541593468,5.35,-0.0294110226720236));
#5872=CARTESIAN_POINT('Ctrl Pts',(12.8022973404687,5.35,-0.0261902689417408));
#5873=CARTESIAN_POINT('Ctrl Pts',(12.7292893218813,5.32071067811865,-0.0194260629080042));
#5874=CARTESIAN_POINT('Ctrl Pts',(12.7351171775873,5.32653853382457,-0.0183476761431274));
#5875=CARTESIAN_POINT('Ctrl Pts',(12.7484528375998,5.33698624092974,-0.015998400699098));
#5876=CARTESIAN_POINT('Ctrl Pts',(12.7727009704526,5.34744671619307,-0.0122133503588005));
#5877=CARTESIAN_POINT('Ctrl Pts',(12.7907885400589,5.35,-0.00987326925570475));
#5878=CARTESIAN_POINT('Ctrl Pts',(12.8,5.35,-0.00874042957710531));
#5879=CARTESIAN_POINT('Ctrl Pts',(12.7292893218813,5.32071067811865,-1.51011402221499E-5));
#5880=CARTESIAN_POINT('Ctrl Pts',(12.7354599926288,5.3268813488661,-1.51011402221479E-5));
#5881=CARTESIAN_POINT('Ctrl Pts',(12.749425466344,5.3375974018335,-1.51011402221464E-5));
#5882=CARTESIAN_POINT('Ctrl Pts',(12.7738208788527,5.34770231255427,-1.51011402221649E-5));
#5883=CARTESIAN_POINT('Ctrl Pts',(12.79127335374,5.35,-1.51011402221171E-5));
#5884=CARTESIAN_POINT('Ctrl Pts',(12.8,5.35,-1.51011402221152E-5));
#5885=CARTESIAN_POINT('',(12.7292893218813,5.32071067811865,0.));
#5886=CARTESIAN_POINT('Ctrl Pts',(12.7548841351606,5.29511586483945,-0.145115864839445));
#5887=CARTESIAN_POINT('Ctrl Pts',(12.7501473565967,5.29985264340331,-0.135642307711717));
#5888=CARTESIAN_POINT('Ctrl Pts',(12.7422863468901,5.30771365310994,-0.115151094923719));
#5889=CARTESIAN_POINT('Ctrl Pts',(12.7316241231075,5.31837587689253,-0.0612897317218954));
#5890=CARTESIAN_POINT('Ctrl Pts',(12.7292893218813,5.32071067811865,-0.0194260629080042));
#5891=CARTESIAN_POINT('Ctrl Pts',(12.7292893218813,5.32071067811865,-1.51011402221499E-5));
#5892=CARTESIAN_POINT('',(12.8,5.35,0.));
#5893=CARTESIAN_POINT('Origin',(12.8,5.25,0.));
#5894=CARTESIAN_POINT('Origin',(12.8999848988598,5.35,-1.51011402221499E-5));
#5895=CARTESIAN_POINT('Ctrl Pts',(12.7548841351606,5.29511586483945,-0.145115864839445));
#5896=CARTESIAN_POINT('Ctrl Pts',(12.7501473565967,5.29985264340331,-0.135642307711717));
#5897=CARTESIAN_POINT('Ctrl Pts',(12.7422863468901,5.30771365310994,-0.115151094923719));
#5898=CARTESIAN_POINT('Ctrl Pts',(12.7316241231075,5.31837587689253,-0.0612897317218954));
#5899=CARTESIAN_POINT('Ctrl Pts',(12.7292893218813,5.32071067811865,-0.0194260629080042));
#5900=CARTESIAN_POINT('Ctrl Pts',(12.7292893218813,5.32071067811865,-1.51011402221499E-5));
#5901=CARTESIAN_POINT('Ctrl Pts',(12.7454105780328,5.29037908627558,-0.140379086275581));
#5902=CARTESIAN_POINT('Ctrl Pts',(12.7416439438285,5.29505722575148,-0.130988002246977));
#5903=CARTESIAN_POINT('Ctrl Pts',(12.7351469797364,5.30294458484082,-0.110506399018468));
#5904=CARTESIAN_POINT('Ctrl Pts',(12.7255173143596,5.31305334125401,-0.0572328276444023));
#5905=CARTESIAN_POINT('Ctrl Pts',(12.7234614661754,5.31488282241274,-0.0183476761431275));
#5906=CARTESIAN_POINT('Ctrl Pts',(12.7231186511339,5.31454000737121,-1.51011402221499E-5));
#5907=CARTESIAN_POINT('Ctrl Pts',(12.7292657027204,5.27992207576249,-0.129922075762491));
#5908=CARTESIAN_POINT('Ctrl Pts',(12.7267843159742,5.28455505978261,-0.120533244987896));
#5909=CARTESIAN_POINT('Ctrl Pts',(12.7220301800106,5.29229998618742,-0.0995347985543496));
#5910=CARTESIAN_POINT('Ctrl Pts',(12.7142026739398,5.30058516451144,-0.0477290866524828));
#5911=CARTESIAN_POINT('Ctrl Pts',(12.7130137590703,5.30154716240023,-0.0159984006990981));
#5912=CARTESIAN_POINT('Ctrl Pts',(12.7124025981665,5.30057453365596,-1.51011402221499E-5));
#5913=CARTESIAN_POINT('Ctrl Pts',(12.7068498191977,5.25244490360621,-0.102444903606208));
#5914=CARTESIAN_POINT('Ctrl Pts',(12.7059105451753,5.25755146819987,-0.0931261956744738));
#5915=CARTESIAN_POINT('Ctrl Pts',(12.7038140628231,5.26601636529223,-0.0719074645919201));
#5916=CARTESIAN_POINT('Ctrl Pts',(12.7024717432927,5.27582410730488,-0.0347813728566734));
#5917=CARTESIAN_POINT('Ctrl Pts',(12.7025532838069,5.27729902954741,-0.0122133503588005));
#5918=CARTESIAN_POINT('Ctrl Pts',(12.7022976874457,5.27617912114731,-1.51011402221499E-5));
#5919=CARTESIAN_POINT('Ctrl Pts',(12.7,5.23042146057284,-0.0804214605728389));
#5920=CARTESIAN_POINT('Ctrl Pts',(12.7,5.23655623099677,-0.0732082057675009));
#5921=CARTESIAN_POINT('Ctrl Pts',(12.7,5.24727247124321,-0.057255064323939));
#5922=CARTESIAN_POINT('Ctrl Pts',(12.7,5.25754584065317,-0.0294110226720236));
#5923=CARTESIAN_POINT('Ctrl Pts',(12.7,5.25921145994108,-0.00987326925570483));
#5924=CARTESIAN_POINT('Ctrl Pts',(12.7,5.25872664625997,-1.51011402221499E-5));
#5925=CARTESIAN_POINT('Ctrl Pts',(12.7,5.22071510114022,-0.0707151011402222));
#5926=CARTESIAN_POINT('Ctrl Pts',(12.7,5.22688484004602,-0.0645453622344222));
#5927=CARTESIAN_POINT('Ctrl Pts',(12.7,5.23759927476724,-0.0505819974649407));
#5928=CARTESIAN_POINT('Ctrl Pts',(12.7,5.24770265953127,-0.0261902689417408));
#5929=CARTESIAN_POINT('Ctrl Pts',(12.7,5.25,-0.00874042957710539));
#5930=CARTESIAN_POINT('Ctrl Pts',(12.7,5.25,-1.51011402221499E-5));
#5931=CARTESIAN_POINT('',(12.7,5.22071510114022,-0.0707151011402222));
#5932=CARTESIAN_POINT('Ctrl Pts',(12.7548841351606,5.29511586483945,-0.145115864839445));
#5933=CARTESIAN_POINT('Ctrl Pts',(12.7454105780328,5.29037908627558,-0.140379086275581));
#5934=CARTESIAN_POINT('Ctrl Pts',(12.7292657027204,5.27992207576249,-0.129922075762491));
#5935=CARTESIAN_POINT('Ctrl Pts',(12.7068498191977,5.25244490360621,-0.102444903606208));
#5936=CARTESIAN_POINT('Ctrl Pts',(12.7,5.23042146057284,-0.0804214605728389));
#5937=CARTESIAN_POINT('Ctrl Pts',(12.7,5.22071510114022,-0.0707151011402222));
#5938=CARTESIAN_POINT('',(12.7,5.25,0.));
#5939=CARTESIAN_POINT('Origin',(12.7,5.15001510114022,-1.51011402221499E-5));
#5940=CARTESIAN_POINT('Origin',(12.8,5.25,0.));
#5941=CARTESIAN_POINT('Ctrl Pts',(12.7548841351606,5.29511586483945,-0.145115864839445));
#5942=CARTESIAN_POINT('Ctrl Pts',(12.7454105780328,5.29037908627558,-0.140379086275581));
#5943=CARTESIAN_POINT('Ctrl Pts',(12.7292657027204,5.27992207576249,-0.129922075762491));
#5944=CARTESIAN_POINT('Ctrl Pts',(12.7068498191977,5.25244490360621,-0.102444903606208));
#5945=CARTESIAN_POINT('Ctrl Pts',(12.7,5.23042146057284,-0.0804214605728389));
#5946=CARTESIAN_POINT('Ctrl Pts',(12.7,5.22071510114022,-0.0707151011402222));
#5947=CARTESIAN_POINT('Ctrl Pts',(12.7501473565967,5.28564230771172,-0.149852643403309));
#5948=CARTESIAN_POINT('Ctrl Pts',(12.7416439438285,5.28098800224698,-0.145057225751479));
#5949=CARTESIAN_POINT('Ctrl Pts',(12.7267843159742,5.2705332449879,-0.134555059782608));
#5950=CARTESIAN_POINT('Ctrl Pts',(12.7059105451753,5.24312619567448,-0.107551468199867));
#5951=CARTESIAN_POINT('Ctrl Pts',(12.7,5.2232082057675,-0.086556230996775));
#5952=CARTESIAN_POINT('Ctrl Pts',(12.7,5.21454536223442,-0.0768848400460222));
#5953=CARTESIAN_POINT('Ctrl Pts',(12.7422863468901,5.26515109492372,-0.157713653109937));
#5954=CARTESIAN_POINT('Ctrl Pts',(12.7351469797364,5.26050639901847,-0.152944584840822));
#5955=CARTESIAN_POINT('Ctrl Pts',(12.7220301800106,5.24953479855435,-0.142299986187419));
#5956=CARTESIAN_POINT('Ctrl Pts',(12.7038140628231,5.22190746459192,-0.116016365292232));
#5957=CARTESIAN_POINT('Ctrl Pts',(12.7,5.20725506432394,-0.0972724712432062));
#5958=CARTESIAN_POINT('Ctrl Pts',(12.7,5.20058199746494,-0.08759927476724));
#5959=CARTESIAN_POINT('Ctrl Pts',(12.7316241231075,5.2112897317219,-0.168375876892529));
#5960=CARTESIAN_POINT('Ctrl Pts',(12.7255173143596,5.2072328276444,-0.163053341254009));
#5961=CARTESIAN_POINT('Ctrl Pts',(12.7142026739398,5.19772908665248,-0.150585164511447));
#5962=CARTESIAN_POINT('Ctrl Pts',(12.7024717432927,5.18478137285667,-0.125824107304869));
#5963=CARTESIAN_POINT('Ctrl Pts',(12.7,5.17941102267202,-0.107545840653169));
#5964=CARTESIAN_POINT('Ctrl Pts',(12.7,5.17619026894174,-0.097702659531272));
#5965=CARTESIAN_POINT('Ctrl Pts',(12.7292893218813,5.16942606290801,-0.170710678118655));
#5966=CARTESIAN_POINT('Ctrl Pts',(12.7234614661754,5.16834767614313,-0.164882822412737));
#5967=CARTESIAN_POINT('Ctrl Pts',(12.7130137590703,5.1659984006991,-0.15154716240023));
#5968=CARTESIAN_POINT('Ctrl Pts',(12.7025532838069,5.1622133503588,-0.127299029547407));
#5969=CARTESIAN_POINT('Ctrl Pts',(12.7,5.15987326925571,-0.109211459941081));
#5970=CARTESIAN_POINT('Ctrl Pts',(12.7,5.15874042957711,-0.1));
#5971=CARTESIAN_POINT('Ctrl Pts',(12.7292893218813,5.15001510114022,-0.170710678118655));
#5972=CARTESIAN_POINT('Ctrl Pts',(12.7231186511339,5.15001510114022,-0.164540007371213));
#5973=CARTESIAN_POINT('Ctrl Pts',(12.7124025981665,5.15001510114022,-0.150574533655963));
#5974=CARTESIAN_POINT('Ctrl Pts',(12.7022976874457,5.15001510114022,-0.126179121147312));
#5975=CARTESIAN_POINT('Ctrl Pts',(12.7,5.15001510114022,-0.108726646259972));
#5976=CARTESIAN_POINT('Ctrl Pts',(12.7,5.15001510114022,-0.1));
#5977=CARTESIAN_POINT('',(12.7292893218813,5.15001510114022,-0.170710678118655));
#5978=CARTESIAN_POINT('Ctrl Pts',(12.7548841351606,5.29511586483945,-0.145115864839445));
#5979=CARTESIAN_POINT('Ctrl Pts',(12.7501473565967,5.28564230771172,-0.149852643403309));
#5980=CARTESIAN_POINT('Ctrl Pts',(12.7422863468901,5.26515109492372,-0.157713653109937));
#5981=CARTESIAN_POINT('Ctrl Pts',(12.7316241231075,5.2112897317219,-0.168375876892529));
#5982=CARTESIAN_POINT('Ctrl Pts',(12.7292893218813,5.16942606290801,-0.170710678118655));
#5983=CARTESIAN_POINT('Ctrl Pts',(12.7292893218813,5.15001510114022,-0.170710678118655));
#5984=CARTESIAN_POINT('',(12.7,5.15001510114022,-0.1));
#5985=CARTESIAN_POINT('Origin',(12.8,5.15001510114022,-0.1));
#5986=CARTESIAN_POINT('Origin',(12.7,5.15001510114022,-1.51011402221499E-5));
#5987=CARTESIAN_POINT('Ctrl Pts',(12.7548841351606,5.29511586483945,-0.145115864839445));
#5988=CARTESIAN_POINT('Ctrl Pts',(12.7501473565967,5.28564230771172,-0.149852643403309));
#5989=CARTESIAN_POINT('Ctrl Pts',(12.7422863468901,5.26515109492372,-0.157713653109937));
#5990=CARTESIAN_POINT('Ctrl Pts',(12.7316241231075,5.2112897317219,-0.168375876892529));
#5991=CARTESIAN_POINT('Ctrl Pts',(12.7292893218813,5.16942606290801,-0.170710678118655));
#5992=CARTESIAN_POINT('Ctrl Pts',(12.7292893218813,5.15001510114022,-0.170710678118655));
#5993=CARTESIAN_POINT('Ctrl Pts',(12.7596209137244,5.29037908627558,-0.154589421967173));
#5994=CARTESIAN_POINT('Ctrl Pts',(12.7549427742485,5.28098800224698,-0.158356056171524));
#5995=CARTESIAN_POINT('Ctrl Pts',(12.7470554151592,5.26050639901847,-0.164853020263608));
#5996=CARTESIAN_POINT('Ctrl Pts',(12.736946658746,5.2072328276444,-0.174482685640381));
#5997=CARTESIAN_POINT('Ctrl Pts',(12.7351171775873,5.16834767614313,-0.176538533824572));
#5998=CARTESIAN_POINT('Ctrl Pts',(12.7354599926288,5.15001510114022,-0.176881348866097));
#5999=CARTESIAN_POINT('Ctrl Pts',(12.7700779242375,5.27992207576249,-0.170734297279589));
#6000=CARTESIAN_POINT('Ctrl Pts',(12.7654449402174,5.2705332449879,-0.173215684025845));
#6001=CARTESIAN_POINT('Ctrl Pts',(12.7577000138126,5.24953479855435,-0.177969819989393));
#6002=CARTESIAN_POINT('Ctrl Pts',(12.7494148354885,5.19772908665248,-0.185797326060185));
#6003=CARTESIAN_POINT('Ctrl Pts',(12.7484528375998,5.1659984006991,-0.186986240929737));
#6004=CARTESIAN_POINT('Ctrl Pts',(12.749425466344,5.15001510114022,-0.1875974018335));
#6005=CARTESIAN_POINT('Ctrl Pts',(12.7975550963938,5.25244490360621,-0.193150180802315));
#6006=CARTESIAN_POINT('Ctrl Pts',(12.7924485318001,5.24312619567447,-0.194089454824728));
#6007=CARTESIAN_POINT('Ctrl Pts',(12.7839836347078,5.22190746459192,-0.196185937176898));
#6008=CARTESIAN_POINT('Ctrl Pts',(12.7741758926951,5.18478137285668,-0.197528256707329));
#6009=CARTESIAN_POINT('Ctrl Pts',(12.7727009704526,5.1622133503588,-0.197446716193067));
#6010=CARTESIAN_POINT('Ctrl Pts',(12.7738208788527,5.15001510114022,-0.197702312554269));
#6011=CARTESIAN_POINT('Ctrl Pts',(12.8195785394272,5.23042146057284,-0.2));
#6012=CARTESIAN_POINT('Ctrl Pts',(12.8134437690032,5.2232082057675,-0.2));
#6013=CARTESIAN_POINT('Ctrl Pts',(12.8027275287568,5.20725506432394,-0.2));
#6014=CARTESIAN_POINT('Ctrl Pts',(12.7924541593468,5.17941102267202,-0.2));
#6015=CARTESIAN_POINT('Ctrl Pts',(12.7907885400589,5.15987326925571,-0.2));
#6016=CARTESIAN_POINT('Ctrl Pts',(12.79127335374,5.15001510114022,-0.2));
#6017=CARTESIAN_POINT('Ctrl Pts',(12.8292848988598,5.22071510114022,-0.2));
#6018=CARTESIAN_POINT('Ctrl Pts',(12.823115159954,5.21454536223442,-0.2));
#6019=CARTESIAN_POINT('Ctrl Pts',(12.8124007252328,5.20058199746494,-0.2));
#6020=CARTESIAN_POINT('Ctrl Pts',(12.8022973404687,5.17619026894174,-0.2));
#6021=CARTESIAN_POINT('Ctrl Pts',(12.8,5.15874042957711,-0.2));
#6022=CARTESIAN_POINT('Ctrl Pts',(12.8,5.15001510114022,-0.2));
#6023=CARTESIAN_POINT('',(12.8292848988598,5.22071510114022,-0.2));
#6024=CARTESIAN_POINT('Ctrl Pts',(12.7548841351606,5.29511586483945,-0.145115864839445));
#6025=CARTESIAN_POINT('Ctrl Pts',(12.7596209137244,5.29037908627558,-0.154589421967173));
#6026=CARTESIAN_POINT('Ctrl Pts',(12.7700779242375,5.27992207576249,-0.170734297279589));
#6027=CARTESIAN_POINT('Ctrl Pts',(12.7975550963938,5.25244490360621,-0.193150180802315));
#6028=CARTESIAN_POINT('Ctrl Pts',(12.8195785394272,5.23042146057284,-0.2));
#6029=CARTESIAN_POINT('Ctrl Pts',(12.8292848988598,5.22071510114022,-0.2));
#6030=CARTESIAN_POINT('',(12.8,5.15001510114022,-0.2));
#6031=CARTESIAN_POINT('Origin',(12.8999848988598,5.15001510114022,-0.2));
#6032=CARTESIAN_POINT('Origin',(12.8,5.15001510114022,-0.1));
#6033=CARTESIAN_POINT('Ctrl Pts',(13.8951158648394,6.04511586483945,-0.145115864839445));
#6034=CARTESIAN_POINT('Ctrl Pts',(13.8998526434033,6.03564230771172,-0.149852643403309));
#6035=CARTESIAN_POINT('Ctrl Pts',(13.9077136531099,6.01515109492372,-0.157713653109937));
#6036=CARTESIAN_POINT('Ctrl Pts',(13.9183758768925,5.9612897317219,-0.168375876892529));
#6037=CARTESIAN_POINT('Ctrl Pts',(13.9207106781187,5.91942606290801,-0.170710678118655));
#6038=CARTESIAN_POINT('Ctrl Pts',(13.9207106781187,5.90001510114022,-0.170710678118655));
#6039=CARTESIAN_POINT('Ctrl Pts',(13.9045894219672,6.04037908627558,-0.140379086275581));
#6040=CARTESIAN_POINT('Ctrl Pts',(13.9083560561715,6.03098800224698,-0.145057225751479));
#6041=CARTESIAN_POINT('Ctrl Pts',(13.9148530202636,6.01050639901847,-0.152944584840822));
#6042=CARTESIAN_POINT('Ctrl Pts',(13.9244826856404,5.95723282764441,-0.163053341254009));
#6043=CARTESIAN_POINT('Ctrl Pts',(13.9265385338246,5.91834767614313,-0.164882822412737));
#6044=CARTESIAN_POINT('Ctrl Pts',(13.9268813488661,5.90001510114022,-0.164540007371212));
#6045=CARTESIAN_POINT('Ctrl Pts',(13.9207342972796,6.02992207576249,-0.129922075762491));
#6046=CARTESIAN_POINT('Ctrl Pts',(13.9232156840259,6.0205332449879,-0.134555059782608));
#6047=CARTESIAN_POINT('Ctrl Pts',(13.9279698199894,5.99953479855435,-0.142299986187419));
#6048=CARTESIAN_POINT('Ctrl Pts',(13.9357973260602,5.94772908665248,-0.150585164511447));
#6049=CARTESIAN_POINT('Ctrl Pts',(13.9369862409297,5.9159984006991,-0.15154716240023));
#6050=CARTESIAN_POINT('Ctrl Pts',(13.9375974018335,5.90001510114023,-0.150574533655962));
#6051=CARTESIAN_POINT('Ctrl Pts',(13.9431501808023,6.00244490360621,-0.102444903606207));
#6052=CARTESIAN_POINT('Ctrl Pts',(13.9440894548247,5.99312619567447,-0.107551468199866));
#6053=CARTESIAN_POINT('Ctrl Pts',(13.9461859371769,5.97190746459192,-0.116016365292232));
#6054=CARTESIAN_POINT('Ctrl Pts',(13.9475282567073,5.93478137285668,-0.125824107304869));
#6055=CARTESIAN_POINT('Ctrl Pts',(13.9474467161931,5.9122133503588,-0.127299029547407));
#6056=CARTESIAN_POINT('Ctrl Pts',(13.9477023125543,5.90001510114022,-0.126179121147312));
#6057=CARTESIAN_POINT('Ctrl Pts',(13.95,5.98042146057284,-0.0804214605728384));
#6058=CARTESIAN_POINT('Ctrl Pts',(13.95,5.9732082057675,-0.0865562309967745));
#6059=CARTESIAN_POINT('Ctrl Pts',(13.95,5.95725506432394,-0.0972724712432058));
#6060=CARTESIAN_POINT('Ctrl Pts',(13.95,5.92941102267202,-0.107545840653169));
#6061=CARTESIAN_POINT('Ctrl Pts',(13.95,5.90987326925571,-0.109211459941081));
#6062=CARTESIAN_POINT('Ctrl Pts',(13.95,5.90001510114022,-0.108726646259971));
#6063=CARTESIAN_POINT('Ctrl Pts',(13.95,5.97071510114022,-0.0707151011402218));
#6064=CARTESIAN_POINT('Ctrl Pts',(13.95,5.96454536223442,-0.0768848400460217));
#6065=CARTESIAN_POINT('Ctrl Pts',(13.95,5.95058199746494,-0.0875992747672396));
#6066=CARTESIAN_POINT('Ctrl Pts',(13.95,5.92619026894174,-0.0977026595312715));
#6067=CARTESIAN_POINT('Ctrl Pts',(13.95,5.90874042957711,-0.0999999999999995));
#6068=CARTESIAN_POINT('Ctrl Pts',(13.95,5.90001510114022,-0.0999999999999995));
#6069=CARTESIAN_POINT('',(13.8951158648394,6.04511586483945,-0.145115864839445));
#6070=CARTESIAN_POINT('',(13.9207106781187,5.90001510114022,-0.170710678118655));
#6071=CARTESIAN_POINT('Ctrl Pts',(13.8951158648394,6.04511586483945,-0.145115864839445));
#6072=CARTESIAN_POINT('Ctrl Pts',(13.8998526434033,6.03564230771172,-0.149852643403309));
#6073=CARTESIAN_POINT('Ctrl Pts',(13.9077136531099,6.01515109492372,-0.157713653109937));
#6074=CARTESIAN_POINT('Ctrl Pts',(13.9183758768925,5.9612897317219,-0.168375876892529));
#6075=CARTESIAN_POINT('Ctrl Pts',(13.9207106781187,5.91942606290801,-0.170710678118655));
#6076=CARTESIAN_POINT('Ctrl Pts',(13.9207106781187,5.90001510114022,-0.170710678118655));
#6077=CARTESIAN_POINT('',(13.95,5.97071510114022,-0.0707151011402218));
#6078=CARTESIAN_POINT('Ctrl Pts',(13.8951158648394,6.04511586483945,-0.145115864839445));
#6079=CARTESIAN_POINT('Ctrl Pts',(13.9045894219672,6.04037908627558,-0.140379086275581));
#6080=CARTESIAN_POINT('Ctrl Pts',(13.9207342972796,6.02992207576249,-0.129922075762491));
#6081=CARTESIAN_POINT('Ctrl Pts',(13.9431501808023,6.00244490360621,-0.102444903606207));
#6082=CARTESIAN_POINT('Ctrl Pts',(13.95,5.98042146057284,-0.0804214605728384));
#6083=CARTESIAN_POINT('Ctrl Pts',(13.95,5.97071510114022,-0.0707151011402218));
#6084=CARTESIAN_POINT('',(13.95,5.90001510114022,-0.1));
#6085=CARTESIAN_POINT('Origin',(13.95,5.90001510114022,-1.51011402221499E-5));
#6086=CARTESIAN_POINT('Origin',(13.85,5.90001510114022,-0.1));
#6087=CARTESIAN_POINT('Ctrl Pts',(13.8951158648394,6.04511586483945,-0.145115864839445));
#6088=CARTESIAN_POINT('Ctrl Pts',(13.9045894219672,6.04037908627558,-0.140379086275581));
#6089=CARTESIAN_POINT('Ctrl Pts',(13.9207342972796,6.02992207576249,-0.129922075762491));
#6090=CARTESIAN_POINT('Ctrl Pts',(13.9431501808023,6.00244490360621,-0.102444903606207));
#6091=CARTESIAN_POINT('Ctrl Pts',(13.95,5.98042146057284,-0.0804214605728384));
#6092=CARTESIAN_POINT('Ctrl Pts',(13.95,5.97071510114022,-0.0707151011402218));
#6093=CARTESIAN_POINT('Ctrl Pts',(13.8998526434033,6.04985264340331,-0.135642307711717));
#6094=CARTESIAN_POINT('Ctrl Pts',(13.9083560561715,6.04505722575148,-0.130988002246977));
#6095=CARTESIAN_POINT('Ctrl Pts',(13.9232156840259,6.03455505978261,-0.120533244987896));
#6096=CARTESIAN_POINT('Ctrl Pts',(13.9440894548247,6.00755146819987,-0.0931261956744734));
#6097=CARTESIAN_POINT('Ctrl Pts',(13.95,5.98655623099678,-0.0732082057675005));
#6098=CARTESIAN_POINT('Ctrl Pts',(13.95,5.97688484004602,-0.0645453622344219));
#6099=CARTESIAN_POINT('Ctrl Pts',(13.9077136531099,6.05771365310994,-0.115151094923719));
#6100=CARTESIAN_POINT('Ctrl Pts',(13.9148530202636,6.05294458484082,-0.110506399018468));
#6101=CARTESIAN_POINT('Ctrl Pts',(13.9279698199894,6.04229998618742,-0.0995347985543495));
#6102=CARTESIAN_POINT('Ctrl Pts',(13.9461859371769,6.01601636529224,-0.0719074645919198));
#6103=CARTESIAN_POINT('Ctrl Pts',(13.95,5.99727247124321,-0.0572550643239386));
#6104=CARTESIAN_POINT('Ctrl Pts',(13.95,5.98759927476724,-0.0505819974649404));
#6105=CARTESIAN_POINT('Ctrl Pts',(13.9183758768925,6.06837587689253,-0.0612897317218954));
#6106=CARTESIAN_POINT('Ctrl Pts',(13.9244826856404,6.06305334125401,-0.0572328276444023));
#6107=CARTESIAN_POINT('Ctrl Pts',(13.9357973260602,6.05058516451145,-0.0477290866524828));
#6108=CARTESIAN_POINT('Ctrl Pts',(13.9475282567073,6.02582410730487,-0.0347813728566731));
#6109=CARTESIAN_POINT('Ctrl Pts',(13.95,6.00754584065317,-0.0294110226720235));
#6110=CARTESIAN_POINT('Ctrl Pts',(13.95,5.99770265953127,-0.0261902689417407));
#6111=CARTESIAN_POINT('Ctrl Pts',(13.9207106781187,6.07071067811866,-0.0194260629080042));
#6112=CARTESIAN_POINT('Ctrl Pts',(13.9265385338246,6.06488282241274,-0.0183476761431274));
#6113=CARTESIAN_POINT('Ctrl Pts',(13.9369862409297,6.05154716240023,-0.015998400699098));
#6114=CARTESIAN_POINT('Ctrl Pts',(13.9474467161931,6.02729902954741,-0.0122133503588005));
#6115=CARTESIAN_POINT('Ctrl Pts',(13.95,6.00921145994108,-0.00987326925570474));
#6116=CARTESIAN_POINT('Ctrl Pts',(13.95,6.,-0.0087404295771053));
#6117=CARTESIAN_POINT('Ctrl Pts',(13.9207106781187,6.07071067811866,-1.51011402221499E-5));
#6118=CARTESIAN_POINT('Ctrl Pts',(13.9268813488661,6.06454000737121,-1.5101140222147E-5));
#6119=CARTESIAN_POINT('Ctrl Pts',(13.9375974018335,6.05057453365597,-1.51011402221781E-5));
#6120=CARTESIAN_POINT('Ctrl Pts',(13.9477023125543,6.02617912114731,-1.51011402221596E-5));
#6121=CARTESIAN_POINT('Ctrl Pts',(13.95,6.00872664625997,-1.51011402221084E-5));
#6122=CARTESIAN_POINT('Ctrl Pts',(13.95,6.,-1.51011402221065E-5));
#6123=CARTESIAN_POINT('',(13.9207106781187,6.07071067811866,0.));
#6124=CARTESIAN_POINT('Ctrl Pts',(13.8951158648394,6.04511586483945,-0.145115864839445));
#6125=CARTESIAN_POINT('Ctrl Pts',(13.8998526434033,6.04985264340331,-0.135642307711717));
#6126=CARTESIAN_POINT('Ctrl Pts',(13.9077136531099,6.05771365310994,-0.115151094923719));
#6127=CARTESIAN_POINT('Ctrl Pts',(13.9183758768925,6.06837587689253,-0.0612897317218954));
#6128=CARTESIAN_POINT('Ctrl Pts',(13.9207106781187,6.07071067811866,-0.0194260629080042));
#6129=CARTESIAN_POINT('Ctrl Pts',(13.9207106781187,6.07071067811866,-1.51011402221499E-5));
#6130=CARTESIAN_POINT('',(13.95,6.,0.));
#6131=CARTESIAN_POINT('Origin',(13.85,6.,0.));
#6132=CARTESIAN_POINT('Origin',(13.95,5.90001510114022,-1.51011402221499E-5));
#6133=CARTESIAN_POINT('Ctrl Pts',(13.8951158648394,6.04511586483945,-0.145115864839445));
#6134=CARTESIAN_POINT('Ctrl Pts',(13.8998526434033,6.04985264340331,-0.135642307711717));
#6135=CARTESIAN_POINT('Ctrl Pts',(13.9077136531099,6.05771365310994,-0.115151094923719));
#6136=CARTESIAN_POINT('Ctrl Pts',(13.9183758768925,6.06837587689253,-0.0612897317218954));
#6137=CARTESIAN_POINT('Ctrl Pts',(13.9207106781187,6.07071067811866,-0.0194260629080042));
#6138=CARTESIAN_POINT('Ctrl Pts',(13.9207106781187,6.07071067811866,-1.51011402221499E-5));
#6139=CARTESIAN_POINT('Ctrl Pts',(13.8903790862756,6.05458942196717,-0.140379086275581));
#6140=CARTESIAN_POINT('Ctrl Pts',(13.8950572257515,6.05835605617153,-0.130988002246977));
#6141=CARTESIAN_POINT('Ctrl Pts',(13.9029445848408,6.06485302026361,-0.110506399018468));
#6142=CARTESIAN_POINT('Ctrl Pts',(13.913053341254,6.07448268564038,-0.0572328276444023));
#6143=CARTESIAN_POINT('Ctrl Pts',(13.9148828224127,6.07653853382457,-0.0183476761431275));
#6144=CARTESIAN_POINT('Ctrl Pts',(13.9145400073712,6.0768813488661,-1.51011402221499E-5));
#6145=CARTESIAN_POINT('Ctrl Pts',(13.8799220757625,6.07073429727959,-0.129922075762491));
#6146=CARTESIAN_POINT('Ctrl Pts',(13.8845550597826,6.07321568402584,-0.120533244987896));
#6147=CARTESIAN_POINT('Ctrl Pts',(13.8922999861874,6.0779698199894,-0.0995347985543496));
#6148=CARTESIAN_POINT('Ctrl Pts',(13.9005851645115,6.08579732606018,-0.0477290866524828));
#6149=CARTESIAN_POINT('Ctrl Pts',(13.9015471624002,6.08698624092974,-0.0159984006990981));
#6150=CARTESIAN_POINT('Ctrl Pts',(13.900574533656,6.0875974018335,-1.51011402221499E-5));
#6151=CARTESIAN_POINT('Ctrl Pts',(13.8524449036062,6.09315018080232,-0.102444903606208));
#6152=CARTESIAN_POINT('Ctrl Pts',(13.8575514681999,6.09408945482473,-0.0931261956744738));
#6153=CARTESIAN_POINT('Ctrl Pts',(13.8660163652922,6.0961859371769,-0.0719074645919201));
#6154=CARTESIAN_POINT('Ctrl Pts',(13.8758241073049,6.09752825670733,-0.0347813728566734));
#6155=CARTESIAN_POINT('Ctrl Pts',(13.8772990295474,6.09744671619307,-0.0122133503588005));
#6156=CARTESIAN_POINT('Ctrl Pts',(13.8761791211473,6.09770231255427,-1.51011402221672E-5));
#6157=CARTESIAN_POINT('Ctrl Pts',(13.8304214605728,6.1,-0.0804214605728389));
#6158=CARTESIAN_POINT('Ctrl Pts',(13.8365562309968,6.1,-0.0732082057675009));
#6159=CARTESIAN_POINT('Ctrl Pts',(13.8472724712432,6.1,-0.0572550643239389));
#6160=CARTESIAN_POINT('Ctrl Pts',(13.8575458406532,6.1,-0.0294110226720236));
#6161=CARTESIAN_POINT('Ctrl Pts',(13.8592114599411,6.1,-0.00987326925570483));
#6162=CARTESIAN_POINT('Ctrl Pts',(13.85872664626,6.1,-1.51011402221499E-5));
#6163=CARTESIAN_POINT('Ctrl Pts',(13.8207151011402,6.1,-0.0707151011402222));
#6164=CARTESIAN_POINT('Ctrl Pts',(13.826884840046,6.1,-0.0645453622344222));
#6165=CARTESIAN_POINT('Ctrl Pts',(13.8375992747672,6.1,-0.0505819974649407));
#6166=CARTESIAN_POINT('Ctrl Pts',(13.8477026595313,6.1,-0.0261902689417408));
#6167=CARTESIAN_POINT('Ctrl Pts',(13.85,6.1,-0.0087404295771054));
#6168=CARTESIAN_POINT('Ctrl Pts',(13.85,6.1,-1.51011402221585E-5));
#6169=CARTESIAN_POINT('',(13.8207151011402,6.1,-0.0707151011402222));
#6170=CARTESIAN_POINT('Ctrl Pts',(13.8951158648394,6.04511586483945,-0.145115864839445));
#6171=CARTESIAN_POINT('Ctrl Pts',(13.8903790862756,6.05458942196717,-0.140379086275581));
#6172=CARTESIAN_POINT('Ctrl Pts',(13.8799220757625,6.07073429727959,-0.129922075762491));
#6173=CARTESIAN_POINT('Ctrl Pts',(13.8524449036062,6.09315018080232,-0.102444903606208));
#6174=CARTESIAN_POINT('Ctrl Pts',(13.8304214605728,6.1,-0.0804214605728389));
#6175=CARTESIAN_POINT('Ctrl Pts',(13.8207151011402,6.1,-0.0707151011402222));
#6176=CARTESIAN_POINT('',(13.85,6.1,0.));
#6177=CARTESIAN_POINT('Origin',(13.7500151011402,6.1,-1.51011402221499E-5));
#6178=CARTESIAN_POINT('Origin',(13.85,6.,0.));
#6179=CARTESIAN_POINT('Ctrl Pts',(13.8951158648394,6.04511586483945,-0.145115864839445));
#6180=CARTESIAN_POINT('Ctrl Pts',(13.8903790862756,6.05458942196717,-0.140379086275581));
#6181=CARTESIAN_POINT('Ctrl Pts',(13.8799220757625,6.07073429727959,-0.129922075762491));
#6182=CARTESIAN_POINT('Ctrl Pts',(13.8524449036062,6.09315018080232,-0.102444903606208));
#6183=CARTESIAN_POINT('Ctrl Pts',(13.8304214605728,6.1,-0.0804214605728389));
#6184=CARTESIAN_POINT('Ctrl Pts',(13.8207151011402,6.1,-0.0707151011402222));
#6185=CARTESIAN_POINT('Ctrl Pts',(13.8856423077117,6.04985264340331,-0.149852643403309));
#6186=CARTESIAN_POINT('Ctrl Pts',(13.880988002247,6.05835605617153,-0.145057225751479));
#6187=CARTESIAN_POINT('Ctrl Pts',(13.8705332449879,6.07321568402584,-0.134555059782608));
#6188=CARTESIAN_POINT('Ctrl Pts',(13.8431261956745,6.09408945482473,-0.107551468199867));
#6189=CARTESIAN_POINT('Ctrl Pts',(13.8232082057675,6.1,-0.086556230996775));
#6190=CARTESIAN_POINT('Ctrl Pts',(13.8145453622344,6.1,-0.0768848400460222));
#6191=CARTESIAN_POINT('Ctrl Pts',(13.8651510949237,6.05771365310994,-0.157713653109937));
#6192=CARTESIAN_POINT('Ctrl Pts',(13.8605063990185,6.06485302026361,-0.152944584840822));
#6193=CARTESIAN_POINT('Ctrl Pts',(13.8495347985544,6.0779698199894,-0.142299986187419));
#6194=CARTESIAN_POINT('Ctrl Pts',(13.8219074645919,6.0961859371769,-0.116016365292232));
#6195=CARTESIAN_POINT('Ctrl Pts',(13.8072550643239,6.1,-0.0972724712432062));
#6196=CARTESIAN_POINT('Ctrl Pts',(13.8005819974649,6.1,-0.08759927476724));
#6197=CARTESIAN_POINT('Ctrl Pts',(13.8112897317219,6.06837587689253,-0.168375876892529));
#6198=CARTESIAN_POINT('Ctrl Pts',(13.8072328276444,6.07448268564038,-0.163053341254009));
#6199=CARTESIAN_POINT('Ctrl Pts',(13.7977290866525,6.08579732606018,-0.150585164511447));
#6200=CARTESIAN_POINT('Ctrl Pts',(13.7847813728567,6.09752825670733,-0.125824107304869));
#6201=CARTESIAN_POINT('Ctrl Pts',(13.779411022672,6.1,-0.107545840653169));
#6202=CARTESIAN_POINT('Ctrl Pts',(13.7761902689417,6.1,-0.097702659531272));
#6203=CARTESIAN_POINT('Ctrl Pts',(13.769426062908,6.07071067811866,-0.170710678118655));
#6204=CARTESIAN_POINT('Ctrl Pts',(13.7683476761431,6.07653853382457,-0.164882822412737));
#6205=CARTESIAN_POINT('Ctrl Pts',(13.7659984006991,6.08698624092974,-0.15154716240023));
#6206=CARTESIAN_POINT('Ctrl Pts',(13.7622133503588,6.09744671619307,-0.127299029547407));
#6207=CARTESIAN_POINT('Ctrl Pts',(13.7598732692557,6.1,-0.109211459941081));
#6208=CARTESIAN_POINT('Ctrl Pts',(13.7587404295771,6.1,-0.1));
#6209=CARTESIAN_POINT('Ctrl Pts',(13.7500151011402,6.07071067811866,-0.170710678118655));
#6210=CARTESIAN_POINT('Ctrl Pts',(13.7500151011402,6.0768813488661,-0.164540007371213));
#6211=CARTESIAN_POINT('Ctrl Pts',(13.7500151011402,6.0875974018335,-0.150574533655963));
#6212=CARTESIAN_POINT('Ctrl Pts',(13.7500151011402,6.09770231255427,-0.126179121147312));
#6213=CARTESIAN_POINT('Ctrl Pts',(13.7500151011402,6.1,-0.108726646259972));
#6214=CARTESIAN_POINT('Ctrl Pts',(13.7500151011402,6.1,-0.1));
#6215=CARTESIAN_POINT('',(13.7500151011402,6.07071067811866,-0.170710678118655));
#6216=CARTESIAN_POINT('Ctrl Pts',(13.8951158648394,6.04511586483945,-0.145115864839445));
#6217=CARTESIAN_POINT('Ctrl Pts',(13.8856423077117,6.04985264340331,-0.149852643403309));
#6218=CARTESIAN_POINT('Ctrl Pts',(13.8651510949237,6.05771365310994,-0.157713653109937));
#6219=CARTESIAN_POINT('Ctrl Pts',(13.8112897317219,6.06837587689253,-0.168375876892529));
#6220=CARTESIAN_POINT('Ctrl Pts',(13.769426062908,6.07071067811866,-0.170710678118655));
#6221=CARTESIAN_POINT('Ctrl Pts',(13.7500151011402,6.07071067811866,-0.170710678118655));
#6222=CARTESIAN_POINT('',(13.7500151011402,6.1,-0.1));
#6223=CARTESIAN_POINT('Origin',(13.7500151011402,6.,-0.1));
#6224=CARTESIAN_POINT('Origin',(13.7500151011402,6.1,-1.51011402221499E-5));
#6225=CARTESIAN_POINT('Ctrl Pts',(13.8951158648394,6.04511586483945,-0.145115864839445));
#6226=CARTESIAN_POINT('Ctrl Pts',(13.8856423077117,6.04985264340331,-0.149852643403309));
#6227=CARTESIAN_POINT('Ctrl Pts',(13.8651510949237,6.05771365310994,-0.157713653109937));
#6228=CARTESIAN_POINT('Ctrl Pts',(13.8112897317219,6.06837587689253,-0.168375876892529));
#6229=CARTESIAN_POINT('Ctrl Pts',(13.769426062908,6.07071067811866,-0.170710678118655));
#6230=CARTESIAN_POINT('Ctrl Pts',(13.7500151011402,6.07071067811866,-0.170710678118655));
#6231=CARTESIAN_POINT('Ctrl Pts',(13.8903790862756,6.04037908627558,-0.154589421967173));
#6232=CARTESIAN_POINT('Ctrl Pts',(13.880988002247,6.04505722575148,-0.158356056171524));
#6233=CARTESIAN_POINT('Ctrl Pts',(13.8605063990185,6.05294458484082,-0.164853020263608));
#6234=CARTESIAN_POINT('Ctrl Pts',(13.8072328276444,6.06305334125401,-0.174482685640381));
#6235=CARTESIAN_POINT('Ctrl Pts',(13.7683476761431,6.06488282241274,-0.176538533824572));
#6236=CARTESIAN_POINT('Ctrl Pts',(13.7500151011402,6.06454000737122,-0.176881348866097));
#6237=CARTESIAN_POINT('Ctrl Pts',(13.8799220757625,6.02992207576249,-0.170734297279589));
#6238=CARTESIAN_POINT('Ctrl Pts',(13.8705332449879,6.03455505978261,-0.173215684025845));
#6239=CARTESIAN_POINT('Ctrl Pts',(13.8495347985544,6.04229998618742,-0.177969819989393));
#6240=CARTESIAN_POINT('Ctrl Pts',(13.7977290866525,6.05058516451144,-0.185797326060185));
#6241=CARTESIAN_POINT('Ctrl Pts',(13.7659984006991,6.05154716240023,-0.186986240929737));
#6242=CARTESIAN_POINT('Ctrl Pts',(13.7500151011402,6.05057453365596,-0.1875974018335));
#6243=CARTESIAN_POINT('Ctrl Pts',(13.8524449036062,6.00244490360621,-0.193150180802315));
#6244=CARTESIAN_POINT('Ctrl Pts',(13.8431261956745,6.00755146819986,-0.194089454824728));
#6245=CARTESIAN_POINT('Ctrl Pts',(13.8219074645919,6.01601636529223,-0.196185937176898));
#6246=CARTESIAN_POINT('Ctrl Pts',(13.7847813728567,6.02582410730487,-0.197528256707329));
#6247=CARTESIAN_POINT('Ctrl Pts',(13.7622133503588,6.02729902954741,-0.197446716193067));
#6248=CARTESIAN_POINT('Ctrl Pts',(13.7500151011402,6.02617912114731,-0.197702312554269));
#6249=CARTESIAN_POINT('Ctrl Pts',(13.8304214605728,5.98042146057284,-0.2));
#6250=CARTESIAN_POINT('Ctrl Pts',(13.8232082057675,5.98655623099678,-0.2));
#6251=CARTESIAN_POINT('Ctrl Pts',(13.8072550643239,5.99727247124321,-0.2));
#6252=CARTESIAN_POINT('Ctrl Pts',(13.779411022672,6.00754584065317,-0.2));
#6253=CARTESIAN_POINT('Ctrl Pts',(13.7598732692557,6.00921145994108,-0.2));
#6254=CARTESIAN_POINT('Ctrl Pts',(13.7500151011402,6.00872664625997,-0.2));
#6255=CARTESIAN_POINT('Ctrl Pts',(13.8207151011402,5.97071510114023,-0.2));
#6256=CARTESIAN_POINT('Ctrl Pts',(13.8145453622344,5.97688484004602,-0.2));
#6257=CARTESIAN_POINT('Ctrl Pts',(13.8005819974649,5.98759927476724,-0.2));
#6258=CARTESIAN_POINT('Ctrl Pts',(13.7761902689417,5.99770265953127,-0.2));
#6259=CARTESIAN_POINT('Ctrl Pts',(13.7587404295771,6.,-0.2));
#6260=CARTESIAN_POINT('Ctrl Pts',(13.7500151011402,6.,-0.2));
#6261=CARTESIAN_POINT('',(13.8207151011402,5.97071510114023,-0.2));
#6262=CARTESIAN_POINT('Ctrl Pts',(13.8951158648394,6.04511586483945,-0.145115864839445));
#6263=CARTESIAN_POINT('Ctrl Pts',(13.8903790862756,6.04037908627558,-0.154589421967173));
#6264=CARTESIAN_POINT('Ctrl Pts',(13.8799220757625,6.02992207576249,-0.170734297279589));
#6265=CARTESIAN_POINT('Ctrl Pts',(13.8524449036062,6.00244490360621,-0.193150180802315));
#6266=CARTESIAN_POINT('Ctrl Pts',(13.8304214605728,5.98042146057284,-0.2));
#6267=CARTESIAN_POINT('Ctrl Pts',(13.8207151011402,5.97071510114023,-0.2));
#6268=CARTESIAN_POINT('',(13.7500151011402,6.,-0.2));
#6269=CARTESIAN_POINT('Origin',(13.7500151011402,5.90001510114022,-0.2));
#6270=CARTESIAN_POINT('Origin',(13.7500151011402,6.,-0.1));
#6271=CARTESIAN_POINT('Ctrl Pts',(12.7548841351606,4.90488413516056,-0.145115864839445));
#6272=CARTESIAN_POINT('Ctrl Pts',(12.7501473565967,4.91435769228828,-0.149852643403309));
#6273=CARTESIAN_POINT('Ctrl Pts',(12.7422863468901,4.93484890507628,-0.157713653109937));
#6274=CARTESIAN_POINT('Ctrl Pts',(12.7316241231075,4.98871026827811,-0.168375876892529));
#6275=CARTESIAN_POINT('Ctrl Pts',(12.7292893218813,5.03057393709199,-0.170710678118655));
#6276=CARTESIAN_POINT('Ctrl Pts',(12.7292893218813,5.04998489885978,-0.170710678118655));
#6277=CARTESIAN_POINT('Ctrl Pts',(12.7454105780328,4.90962091372442,-0.140379086275581));
#6278=CARTESIAN_POINT('Ctrl Pts',(12.7416439438285,4.91901199775302,-0.145057225751479));
#6279=CARTESIAN_POINT('Ctrl Pts',(12.7351469797364,4.93949360098153,-0.152944584840822));
#6280=CARTESIAN_POINT('Ctrl Pts',(12.7255173143596,4.9927671723556,-0.163053341254009));
#6281=CARTESIAN_POINT('Ctrl Pts',(12.7234614661754,5.03165232385687,-0.164882822412737));
#6282=CARTESIAN_POINT('Ctrl Pts',(12.7231186511339,5.04998489885978,-0.164540007371212));
#6283=CARTESIAN_POINT('Ctrl Pts',(12.7292657027204,4.92007792423751,-0.129922075762491));
#6284=CARTESIAN_POINT('Ctrl Pts',(12.7267843159742,4.9294667550121,-0.134555059782608));
#6285=CARTESIAN_POINT('Ctrl Pts',(12.7220301800106,4.95046520144565,-0.142299986187419));
#6286=CARTESIAN_POINT('Ctrl Pts',(12.7142026739398,5.00227091334752,-0.150585164511447));
#6287=CARTESIAN_POINT('Ctrl Pts',(12.7130137590703,5.0340015993009,-0.15154716240023));
#6288=CARTESIAN_POINT('Ctrl Pts',(12.7124025981665,5.04998489885978,-0.150574533655962));
#6289=CARTESIAN_POINT('Ctrl Pts',(12.7068498191977,4.94755509639379,-0.102444903606207));
#6290=CARTESIAN_POINT('Ctrl Pts',(12.7059105451753,4.95687380432553,-0.107551468199866));
#6291=CARTESIAN_POINT('Ctrl Pts',(12.7038140628231,4.97809253540808,-0.116016365292232));
#6292=CARTESIAN_POINT('Ctrl Pts',(12.7024717432927,5.01521862714333,-0.125824107304869));
#6293=CARTESIAN_POINT('Ctrl Pts',(12.7025532838069,5.0377866496412,-0.127299029547407));
#6294=CARTESIAN_POINT('Ctrl Pts',(12.7022976874457,5.04998489885978,-0.126179121147312));
#6295=CARTESIAN_POINT('Ctrl Pts',(12.7,4.96957853942716,-0.0804214605728384));
#6296=CARTESIAN_POINT('Ctrl Pts',(12.7,4.9767917942325,-0.0865562309967745));
#6297=CARTESIAN_POINT('Ctrl Pts',(12.7,4.99274493567606,-0.0972724712432058));
#6298=CARTESIAN_POINT('Ctrl Pts',(12.7,5.02058897732798,-0.107545840653169));
#6299=CARTESIAN_POINT('Ctrl Pts',(12.7,5.04012673074429,-0.109211459941081));
#6300=CARTESIAN_POINT('Ctrl Pts',(12.7,5.04998489885978,-0.108726646259971));
#6301=CARTESIAN_POINT('Ctrl Pts',(12.7,4.97928489885978,-0.0707151011402218));
#6302=CARTESIAN_POINT('Ctrl Pts',(12.7,4.98545463776558,-0.0768848400460217));
#6303=CARTESIAN_POINT('Ctrl Pts',(12.7,4.99941800253506,-0.0875992747672396));
#6304=CARTESIAN_POINT('Ctrl Pts',(12.7,5.02380973105826,-0.0977026595312715));
#6305=CARTESIAN_POINT('Ctrl Pts',(12.7,5.04125957042289,-0.0999999999999995));
#6306=CARTESIAN_POINT('Ctrl Pts',(12.7,5.04998489885978,-0.0999999999999995));
#6307=CARTESIAN_POINT('',(12.7548841351606,4.90488413516056,-0.145115864839445));
#6308=CARTESIAN_POINT('',(12.7292893218813,5.04998489885978,-0.170710678118655));
#6309=CARTESIAN_POINT('Ctrl Pts',(12.7548841351606,4.90488413516056,-0.145115864839445));
#6310=CARTESIAN_POINT('Ctrl Pts',(12.7501473565967,4.91435769228828,-0.149852643403309));
#6311=CARTESIAN_POINT('Ctrl Pts',(12.7422863468901,4.93484890507628,-0.157713653109937));
#6312=CARTESIAN_POINT('Ctrl Pts',(12.7316241231075,4.98871026827811,-0.168375876892529));
#6313=CARTESIAN_POINT('Ctrl Pts',(12.7292893218813,5.03057393709199,-0.170710678118655));
#6314=CARTESIAN_POINT('Ctrl Pts',(12.7292893218813,5.04998489885978,-0.170710678118655));
#6315=CARTESIAN_POINT('',(12.7,4.97928489885978,-0.0707151011402218));
#6316=CARTESIAN_POINT('Ctrl Pts',(12.7548841351606,4.90488413516056,-0.145115864839445));
#6317=CARTESIAN_POINT('Ctrl Pts',(12.7454105780328,4.90962091372442,-0.140379086275581));
#6318=CARTESIAN_POINT('Ctrl Pts',(12.7292657027204,4.92007792423751,-0.129922075762491));
#6319=CARTESIAN_POINT('Ctrl Pts',(12.7068498191977,4.94755509639379,-0.102444903606207));
#6320=CARTESIAN_POINT('Ctrl Pts',(12.7,4.96957853942716,-0.0804214605728384));
#6321=CARTESIAN_POINT('Ctrl Pts',(12.7,4.97928489885978,-0.0707151011402218));
#6322=CARTESIAN_POINT('',(12.7,5.04998489885978,-0.1));
#6323=CARTESIAN_POINT('Origin',(12.7,5.04998489885978,-1.51011402221499E-5));
#6324=CARTESIAN_POINT('Origin',(12.8,5.04998489885978,-0.1));
#6325=CARTESIAN_POINT('Ctrl Pts',(12.7548841351606,4.90488413516056,-0.145115864839445));
#6326=CARTESIAN_POINT('Ctrl Pts',(12.7454105780328,4.90962091372442,-0.140379086275581));
#6327=CARTESIAN_POINT('Ctrl Pts',(12.7292657027204,4.92007792423751,-0.129922075762491));
#6328=CARTESIAN_POINT('Ctrl Pts',(12.7068498191977,4.94755509639379,-0.102444903606207));
#6329=CARTESIAN_POINT('Ctrl Pts',(12.7,4.96957853942716,-0.0804214605728384));
#6330=CARTESIAN_POINT('Ctrl Pts',(12.7,4.97928489885978,-0.0707151011402218));
#6331=CARTESIAN_POINT('Ctrl Pts',(12.7501473565967,4.90014735659669,-0.135642307711717));
#6332=CARTESIAN_POINT('Ctrl Pts',(12.7416439438285,4.90494277424852,-0.130988002246977));
#6333=CARTESIAN_POINT('Ctrl Pts',(12.7267843159742,4.91544494021739,-0.120533244987896));
#6334=CARTESIAN_POINT('Ctrl Pts',(12.7059105451753,4.94244853180013,-0.0931261956744734));
#6335=CARTESIAN_POINT('Ctrl Pts',(12.7,4.96344376900322,-0.0732082057675005));
#6336=CARTESIAN_POINT('Ctrl Pts',(12.7,4.97311515995398,-0.0645453622344219));
#6337=CARTESIAN_POINT('Ctrl Pts',(12.7422863468901,4.89228634689006,-0.115151094923719));
#6338=CARTESIAN_POINT('Ctrl Pts',(12.7351469797364,4.89705541515918,-0.110506399018468));
#6339=CARTESIAN_POINT('Ctrl Pts',(12.7220301800106,4.90770001381258,-0.0995347985543495));
#6340=CARTESIAN_POINT('Ctrl Pts',(12.7038140628231,4.93398363470777,-0.0719074645919198));
#6341=CARTESIAN_POINT('Ctrl Pts',(12.7,4.9527275287568,-0.0572550643239386));
#6342=CARTESIAN_POINT('Ctrl Pts',(12.7,4.96240072523276,-0.0505819974649404));
#6343=CARTESIAN_POINT('Ctrl Pts',(12.7316241231075,4.88162412310747,-0.0612897317218954));
#6344=CARTESIAN_POINT('Ctrl Pts',(12.7255173143596,4.88694665874599,-0.0572328276444023));
#6345=CARTESIAN_POINT('Ctrl Pts',(12.7142026739398,4.89941483548855,-0.0477290866524828));
#6346=CARTESIAN_POINT('Ctrl Pts',(12.7024717432927,4.92417589269513,-0.0347813728566731));
#6347=CARTESIAN_POINT('Ctrl Pts',(12.7,4.94245415934683,-0.0294110226720235));
#6348=CARTESIAN_POINT('Ctrl Pts',(12.7,4.95229734046873,-0.0261902689417407));
#6349=CARTESIAN_POINT('Ctrl Pts',(12.7292893218813,4.87928932188134,-0.0194260629080042));
#6350=CARTESIAN_POINT('Ctrl Pts',(12.7234614661754,4.88511717758726,-0.0183476761431274));
#6351=CARTESIAN_POINT('Ctrl Pts',(12.7130137590703,4.89845283759977,-0.015998400699098));
#6352=CARTESIAN_POINT('Ctrl Pts',(12.7025532838069,4.92270097045259,-0.0122133503588005));
#6353=CARTESIAN_POINT('Ctrl Pts',(12.7,4.94078854005892,-0.00987326925570474));
#6354=CARTESIAN_POINT('Ctrl Pts',(12.7,4.95,-0.0087404295771053));
#6355=CARTESIAN_POINT('Ctrl Pts',(12.7292893218813,4.87928932188134,-1.51011402221499E-5));
#6356=CARTESIAN_POINT('Ctrl Pts',(12.7231186511339,4.88545999262879,-1.5101140222147E-5));
#6357=CARTESIAN_POINT('Ctrl Pts',(12.7124025981665,4.89942546634404,-1.51011402221781E-5));
#6358=CARTESIAN_POINT('Ctrl Pts',(12.7022976874457,4.92382087885269,-1.51011402221596E-5));
#6359=CARTESIAN_POINT('Ctrl Pts',(12.7,4.94127335374003,-1.51011402221084E-5));
#6360=CARTESIAN_POINT('Ctrl Pts',(12.7,4.95,-1.51011402221065E-5));
#6361=CARTESIAN_POINT('',(12.7292893218813,4.87928932188135,0.));
#6362=CARTESIAN_POINT('Ctrl Pts',(12.7548841351606,4.90488413516056,-0.145115864839445));
#6363=CARTESIAN_POINT('Ctrl Pts',(12.7501473565967,4.90014735659669,-0.135642307711717));
#6364=CARTESIAN_POINT('Ctrl Pts',(12.7422863468901,4.89228634689006,-0.115151094923719));
#6365=CARTESIAN_POINT('Ctrl Pts',(12.7316241231075,4.88162412310747,-0.0612897317218954));
#6366=CARTESIAN_POINT('Ctrl Pts',(12.7292893218813,4.87928932188134,-0.0194260629080042));
#6367=CARTESIAN_POINT('Ctrl Pts',(12.7292893218813,4.87928932188134,-1.51011402221499E-5));
#6368=CARTESIAN_POINT('',(12.7,4.95,0.));
#6369=CARTESIAN_POINT('Origin',(12.8,4.95,0.));
#6370=CARTESIAN_POINT('Origin',(12.7,5.04998489885978,-1.51011402221499E-5));
#6371=CARTESIAN_POINT('Ctrl Pts',(12.7548841351606,4.90488413516056,-0.145115864839445));
#6372=CARTESIAN_POINT('Ctrl Pts',(12.7501473565967,4.90014735659669,-0.135642307711717));
#6373=CARTESIAN_POINT('Ctrl Pts',(12.7422863468901,4.89228634689006,-0.115151094923719));
#6374=CARTESIAN_POINT('Ctrl Pts',(12.7316241231075,4.88162412310747,-0.0612897317218954));
#6375=CARTESIAN_POINT('Ctrl Pts',(12.7292893218813,4.87928932188134,-0.0194260629080042));
#6376=CARTESIAN_POINT('Ctrl Pts',(12.7292893218813,4.87928932188134,-1.51011402221499E-5));
#6377=CARTESIAN_POINT('Ctrl Pts',(12.7596209137244,4.89541057803283,-0.140379086275581));
#6378=CARTESIAN_POINT('Ctrl Pts',(12.7549427742485,4.89164394382848,-0.130988002246977));
#6379=CARTESIAN_POINT('Ctrl Pts',(12.7470554151592,4.88514697973639,-0.110506399018468));
#6380=CARTESIAN_POINT('Ctrl Pts',(12.736946658746,4.87551731435962,-0.0572328276444023));
#6381=CARTESIAN_POINT('Ctrl Pts',(12.7351171775873,4.87346146617543,-0.0183476761431275));
#6382=CARTESIAN_POINT('Ctrl Pts',(12.7354599926288,4.8731186511339,-1.51011402221499E-5));
#6383=CARTESIAN_POINT('Ctrl Pts',(12.7700779242375,4.87926570272041,-0.129922075762491));
#6384=CARTESIAN_POINT('Ctrl Pts',(12.7654449402174,4.87678431597416,-0.120533244987896));
#6385=CARTESIAN_POINT('Ctrl Pts',(12.7577000138126,4.87203018001061,-0.0995347985543496));
#6386=CARTESIAN_POINT('Ctrl Pts',(12.7494148354885,4.86420267393981,-0.0477290866524828));
#6387=CARTESIAN_POINT('Ctrl Pts',(12.7484528375998,4.86301375907026,-0.0159984006990981));
#6388=CARTESIAN_POINT('Ctrl Pts',(12.749425466344,4.8624025981665,-1.51011402221499E-5));
#6389=CARTESIAN_POINT('Ctrl Pts',(12.7975550963938,4.85684981919768,-0.102444903606208));
#6390=CARTESIAN_POINT('Ctrl Pts',(12.7924485318001,4.85591054517527,-0.0931261956744738));
#6391=CARTESIAN_POINT('Ctrl Pts',(12.7839836347078,4.8538140628231,-0.0719074645919201));
#6392=CARTESIAN_POINT('Ctrl Pts',(12.7741758926951,4.85247174329267,-0.0347813728566734));
#6393=CARTESIAN_POINT('Ctrl Pts',(12.7727009704526,4.85255328380693,-0.0122133503588005));
#6394=CARTESIAN_POINT('Ctrl Pts',(12.7738208788527,4.85229768744573,-1.51011402221672E-5));
#6395=CARTESIAN_POINT('Ctrl Pts',(12.8195785394272,4.85,-0.0804214605728389));
#6396=CARTESIAN_POINT('Ctrl Pts',(12.8134437690032,4.85,-0.0732082057675009));
#6397=CARTESIAN_POINT('Ctrl Pts',(12.8027275287568,4.85,-0.0572550643239389));
#6398=CARTESIAN_POINT('Ctrl Pts',(12.7924541593468,4.85,-0.0294110226720236));
#6399=CARTESIAN_POINT('Ctrl Pts',(12.7907885400589,4.85,-0.00987326925570483));
#6400=CARTESIAN_POINT('Ctrl Pts',(12.79127335374,4.85,-1.51011402221499E-5));
#6401=CARTESIAN_POINT('Ctrl Pts',(12.8292848988598,4.85,-0.0707151011402222));
#6402=CARTESIAN_POINT('Ctrl Pts',(12.823115159954,4.85,-0.0645453622344222));
#6403=CARTESIAN_POINT('Ctrl Pts',(12.8124007252328,4.85,-0.0505819974649407));
#6404=CARTESIAN_POINT('Ctrl Pts',(12.8022973404687,4.85,-0.0261902689417408));
#6405=CARTESIAN_POINT('Ctrl Pts',(12.8,4.85,-0.0087404295771054));
#6406=CARTESIAN_POINT('Ctrl Pts',(12.8,4.85,-1.51011402221585E-5));
#6407=CARTESIAN_POINT('',(12.8292848988598,4.85,-0.0707151011402222));
#6408=CARTESIAN_POINT('Ctrl Pts',(12.7548841351606,4.90488413516056,-0.145115864839445));
#6409=CARTESIAN_POINT('Ctrl Pts',(12.7596209137244,4.89541057803283,-0.140379086275581));
#6410=CARTESIAN_POINT('Ctrl Pts',(12.7700779242375,4.87926570272041,-0.129922075762491));
#6411=CARTESIAN_POINT('Ctrl Pts',(12.7975550963938,4.85684981919768,-0.102444903606208));
#6412=CARTESIAN_POINT('Ctrl Pts',(12.8195785394272,4.85,-0.0804214605728389));
#6413=CARTESIAN_POINT('Ctrl Pts',(12.8292848988598,4.85,-0.0707151011402222));
#6414=CARTESIAN_POINT('',(12.8,4.85,0.));
#6415=CARTESIAN_POINT('Origin',(12.8999848988598,4.85,-1.51011402221499E-5));
#6416=CARTESIAN_POINT('Origin',(12.8,4.95,0.));
#6417=CARTESIAN_POINT('Ctrl Pts',(12.7548841351606,4.90488413516056,-0.145115864839445));
#6418=CARTESIAN_POINT('Ctrl Pts',(12.7596209137244,4.89541057803283,-0.140379086275581));
#6419=CARTESIAN_POINT('Ctrl Pts',(12.7700779242375,4.87926570272041,-0.129922075762491));
#6420=CARTESIAN_POINT('Ctrl Pts',(12.7975550963938,4.85684981919768,-0.102444903606208));
#6421=CARTESIAN_POINT('Ctrl Pts',(12.8195785394272,4.85,-0.0804214605728389));
#6422=CARTESIAN_POINT('Ctrl Pts',(12.8292848988598,4.85,-0.0707151011402222));
#6423=CARTESIAN_POINT('Ctrl Pts',(12.7643576922883,4.90014735659669,-0.149852643403309));
#6424=CARTESIAN_POINT('Ctrl Pts',(12.769011997753,4.89164394382848,-0.145057225751479));
#6425=CARTESIAN_POINT('Ctrl Pts',(12.7794667550121,4.87678431597416,-0.134555059782608));
#6426=CARTESIAN_POINT('Ctrl Pts',(12.8068738043255,4.85591054517527,-0.107551468199867));
#6427=CARTESIAN_POINT('Ctrl Pts',(12.8267917942325,4.85,-0.086556230996775));
#6428=CARTESIAN_POINT('Ctrl Pts',(12.8354546377656,4.85,-0.0768848400460222));
#6429=CARTESIAN_POINT('Ctrl Pts',(12.7848489050763,4.89228634689006,-0.157713653109937));
#6430=CARTESIAN_POINT('Ctrl Pts',(12.7894936009815,4.88514697973639,-0.152944584840822));
#6431=CARTESIAN_POINT('Ctrl Pts',(12.8004652014457,4.87203018001061,-0.142299986187419));
#6432=CARTESIAN_POINT('Ctrl Pts',(12.8280925354081,4.8538140628231,-0.116016365292232));
#6433=CARTESIAN_POINT('Ctrl Pts',(12.8427449356761,4.85,-0.0972724712432062));
#6434=CARTESIAN_POINT('Ctrl Pts',(12.8494180025351,4.85,-0.08759927476724));
#6435=CARTESIAN_POINT('Ctrl Pts',(12.8387102682781,4.88162412310747,-0.168375876892529));
#6436=CARTESIAN_POINT('Ctrl Pts',(12.8427671723556,4.87551731435962,-0.163053341254009));
#6437=CARTESIAN_POINT('Ctrl Pts',(12.8522709133475,4.86420267393981,-0.150585164511447));
#6438=CARTESIAN_POINT('Ctrl Pts',(12.8652186271433,4.85247174329267,-0.125824107304869));
#6439=CARTESIAN_POINT('Ctrl Pts',(12.870588977328,4.85,-0.107545840653169));
#6440=CARTESIAN_POINT('Ctrl Pts',(12.8738097310583,4.85,-0.097702659531272));
#6441=CARTESIAN_POINT('Ctrl Pts',(12.880573937092,4.87928932188135,-0.170710678118655));
#6442=CARTESIAN_POINT('Ctrl Pts',(12.8816523238569,4.87346146617543,-0.164882822412737));
#6443=CARTESIAN_POINT('Ctrl Pts',(12.8840015993009,4.86301375907026,-0.15154716240023));
#6444=CARTESIAN_POINT('Ctrl Pts',(12.8877866496412,4.85255328380693,-0.127299029547407));
#6445=CARTESIAN_POINT('Ctrl Pts',(12.8901267307443,4.85,-0.109211459941081));
#6446=CARTESIAN_POINT('Ctrl Pts',(12.8912595704229,4.85,-0.1));
#6447=CARTESIAN_POINT('Ctrl Pts',(12.8999848988598,4.87928932188135,-0.170710678118655));
#6448=CARTESIAN_POINT('Ctrl Pts',(12.8999848988598,4.8731186511339,-0.164540007371213));
#6449=CARTESIAN_POINT('Ctrl Pts',(12.8999848988598,4.8624025981665,-0.150574533655963));
#6450=CARTESIAN_POINT('Ctrl Pts',(12.8999848988598,4.85229768744573,-0.126179121147312));
#6451=CARTESIAN_POINT('Ctrl Pts',(12.8999848988598,4.85,-0.108726646259972));
#6452=CARTESIAN_POINT('Ctrl Pts',(12.8999848988598,4.85,-0.1));
#6453=CARTESIAN_POINT('',(12.8999848988598,4.87928932188135,-0.170710678118655));
#6454=CARTESIAN_POINT('Ctrl Pts',(12.7548841351606,4.90488413516056,-0.145115864839445));
#6455=CARTESIAN_POINT('Ctrl Pts',(12.7643576922883,4.90014735659669,-0.149852643403309));
#6456=CARTESIAN_POINT('Ctrl Pts',(12.7848489050763,4.89228634689006,-0.157713653109937));
#6457=CARTESIAN_POINT('Ctrl Pts',(12.8387102682781,4.88162412310747,-0.168375876892529));
#6458=CARTESIAN_POINT('Ctrl Pts',(12.880573937092,4.87928932188135,-0.170710678118655));
#6459=CARTESIAN_POINT('Ctrl Pts',(12.8999848988598,4.87928932188135,-0.170710678118655));
#6460=CARTESIAN_POINT('',(12.8999848988598,4.85,-0.1));
#6461=CARTESIAN_POINT('Origin',(12.8999848988598,4.95,-0.1));
#6462=CARTESIAN_POINT('Origin',(12.8999848988598,4.85,-1.51011402221499E-5));
#6463=CARTESIAN_POINT('Ctrl Pts',(12.7548841351606,4.90488413516056,-0.145115864839445));
#6464=CARTESIAN_POINT('Ctrl Pts',(12.7643576922883,4.90014735659669,-0.149852643403309));
#6465=CARTESIAN_POINT('Ctrl Pts',(12.7848489050763,4.89228634689006,-0.157713653109937));
#6466=CARTESIAN_POINT('Ctrl Pts',(12.8387102682781,4.88162412310747,-0.168375876892529));
#6467=CARTESIAN_POINT('Ctrl Pts',(12.880573937092,4.87928932188135,-0.170710678118655));
#6468=CARTESIAN_POINT('Ctrl Pts',(12.8999848988598,4.87928932188135,-0.170710678118655));
#6469=CARTESIAN_POINT('Ctrl Pts',(12.7596209137244,4.90962091372442,-0.154589421967173));
#6470=CARTESIAN_POINT('Ctrl Pts',(12.769011997753,4.90494277424852,-0.158356056171524));
#6471=CARTESIAN_POINT('Ctrl Pts',(12.7894936009815,4.89705541515918,-0.164853020263608));
#6472=CARTESIAN_POINT('Ctrl Pts',(12.8427671723556,4.88694665874599,-0.174482685640381));
#6473=CARTESIAN_POINT('Ctrl Pts',(12.8816523238569,4.88511717758726,-0.176538533824572));
#6474=CARTESIAN_POINT('Ctrl Pts',(12.8999848988598,4.88545999262879,-0.176881348866097));
#6475=CARTESIAN_POINT('Ctrl Pts',(12.7700779242375,4.92007792423751,-0.170734297279589));
#6476=CARTESIAN_POINT('Ctrl Pts',(12.7794667550121,4.91544494021739,-0.173215684025845));
#6477=CARTESIAN_POINT('Ctrl Pts',(12.8004652014457,4.90770001381258,-0.177969819989393));
#6478=CARTESIAN_POINT('Ctrl Pts',(12.8522709133475,4.89941483548855,-0.185797326060185));
#6479=CARTESIAN_POINT('Ctrl Pts',(12.8840015993009,4.89845283759977,-0.186986240929737));
#6480=CARTESIAN_POINT('Ctrl Pts',(12.8999848988598,4.89942546634404,-0.1875974018335));
#6481=CARTESIAN_POINT('Ctrl Pts',(12.7975550963938,4.94755509639379,-0.193150180802315));
#6482=CARTESIAN_POINT('Ctrl Pts',(12.8068738043255,4.94244853180013,-0.194089454824728));
#6483=CARTESIAN_POINT('Ctrl Pts',(12.8280925354081,4.93398363470777,-0.196185937176898));
#6484=CARTESIAN_POINT('Ctrl Pts',(12.8652186271433,4.92417589269513,-0.197528256707329));
#6485=CARTESIAN_POINT('Ctrl Pts',(12.8877866496412,4.92270097045259,-0.197446716193067));
#6486=CARTESIAN_POINT('Ctrl Pts',(12.8999848988598,4.92382087885269,-0.197702312554269));
#6487=CARTESIAN_POINT('Ctrl Pts',(12.8195785394272,4.96957853942716,-0.2));
#6488=CARTESIAN_POINT('Ctrl Pts',(12.8267917942325,4.96344376900323,-0.2));
#6489=CARTESIAN_POINT('Ctrl Pts',(12.8427449356761,4.95272752875679,-0.2));
#6490=CARTESIAN_POINT('Ctrl Pts',(12.870588977328,4.94245415934683,-0.2));
#6491=CARTESIAN_POINT('Ctrl Pts',(12.8901267307443,4.94078854005892,-0.2));
#6492=CARTESIAN_POINT('Ctrl Pts',(12.8999848988598,4.94127335374003,-0.2));
#6493=CARTESIAN_POINT('Ctrl Pts',(12.8292848988598,4.97928489885978,-0.2));
#6494=CARTESIAN_POINT('Ctrl Pts',(12.8354546377656,4.97311515995398,-0.2));
#6495=CARTESIAN_POINT('Ctrl Pts',(12.8494180025351,4.96240072523276,-0.2));
#6496=CARTESIAN_POINT('Ctrl Pts',(12.8738097310583,4.95229734046873,-0.2));
#6497=CARTESIAN_POINT('Ctrl Pts',(12.8912595704229,4.95,-0.2));
#6498=CARTESIAN_POINT('Ctrl Pts',(12.8999848988598,4.95,-0.2));
#6499=CARTESIAN_POINT('',(12.8292848988598,4.97928489885978,-0.2));
#6500=CARTESIAN_POINT('Ctrl Pts',(12.7548841351606,4.90488413516056,-0.145115864839445));
#6501=CARTESIAN_POINT('Ctrl Pts',(12.7596209137244,4.90962091372442,-0.154589421967173));
#6502=CARTESIAN_POINT('Ctrl Pts',(12.7700779242375,4.92007792423751,-0.170734297279589));
#6503=CARTESIAN_POINT('Ctrl Pts',(12.7975550963938,4.94755509639379,-0.193150180802315));
#6504=CARTESIAN_POINT('Ctrl Pts',(12.8195785394272,4.96957853942716,-0.2));
#6505=CARTESIAN_POINT('Ctrl Pts',(12.8292848988598,4.97928489885978,-0.2));
#6506=CARTESIAN_POINT('',(12.8999848988598,4.95,-0.2));
#6507=CARTESIAN_POINT('Origin',(12.8999848988598,5.04998489885978,-0.2));
#6508=CARTESIAN_POINT('Origin',(12.8999848988598,4.95,-0.1));
#6509=CARTESIAN_POINT('Ctrl Pts',(14.6451158648394,5.29511586483944,-0.145115864839445));
#6510=CARTESIAN_POINT('Ctrl Pts',(14.6498526434033,5.28564230771172,-0.149852643403309));
#6511=CARTESIAN_POINT('Ctrl Pts',(14.6577136531099,5.26515109492372,-0.157713653109937));
#6512=CARTESIAN_POINT('Ctrl Pts',(14.6683758768925,5.2112897317219,-0.168375876892529));
#6513=CARTESIAN_POINT('Ctrl Pts',(14.6707106781187,5.169426062908,-0.170710678118655));
#6514=CARTESIAN_POINT('Ctrl Pts',(14.6707106781187,5.15001510114022,-0.170710678118655));
#6515=CARTESIAN_POINT('Ctrl Pts',(14.6545894219672,5.29037908627558,-0.140379086275581));
#6516=CARTESIAN_POINT('Ctrl Pts',(14.6583560561715,5.28098800224698,-0.145057225751479));
#6517=CARTESIAN_POINT('Ctrl Pts',(14.6648530202636,5.26050639901847,-0.152944584840822));
#6518=CARTESIAN_POINT('Ctrl Pts',(14.6744826856404,5.20723282764441,-0.163053341254009));
#6519=CARTESIAN_POINT('Ctrl Pts',(14.6765385338246,5.16834767614313,-0.164882822412737));
#6520=CARTESIAN_POINT('Ctrl Pts',(14.6768813488661,5.15001510114022,-0.164540007371212));
#6521=CARTESIAN_POINT('Ctrl Pts',(14.6707342972796,5.27992207576249,-0.129922075762491));
#6522=CARTESIAN_POINT('Ctrl Pts',(14.6732156840259,5.2705332449879,-0.134555059782608));
#6523=CARTESIAN_POINT('Ctrl Pts',(14.6779698199894,5.24953479855435,-0.142299986187419));
#6524=CARTESIAN_POINT('Ctrl Pts',(14.6857973260602,5.19772908665248,-0.150585164511447));
#6525=CARTESIAN_POINT('Ctrl Pts',(14.6869862409297,5.1659984006991,-0.15154716240023));
#6526=CARTESIAN_POINT('Ctrl Pts',(14.6875974018335,5.15001510114022,-0.150574533655962));
#6527=CARTESIAN_POINT('Ctrl Pts',(14.6931501808023,5.25244490360621,-0.102444903606207));
#6528=CARTESIAN_POINT('Ctrl Pts',(14.6940894548247,5.24312619567447,-0.107551468199866));
#6529=CARTESIAN_POINT('Ctrl Pts',(14.6961859371769,5.22190746459192,-0.116016365292232));
#6530=CARTESIAN_POINT('Ctrl Pts',(14.6975282567073,5.18478137285668,-0.125824107304869));
#6531=CARTESIAN_POINT('Ctrl Pts',(14.6974467161931,5.1622133503588,-0.127299029547407));
#6532=CARTESIAN_POINT('Ctrl Pts',(14.6977023125543,5.15001510114022,-0.126179121147312));
#6533=CARTESIAN_POINT('Ctrl Pts',(14.7,5.23042146057284,-0.0804214605728384));
#6534=CARTESIAN_POINT('Ctrl Pts',(14.7,5.2232082057675,-0.0865562309967745));
#6535=CARTESIAN_POINT('Ctrl Pts',(14.7,5.20725506432394,-0.0972724712432058));
#6536=CARTESIAN_POINT('Ctrl Pts',(14.7,5.17941102267202,-0.107545840653169));
#6537=CARTESIAN_POINT('Ctrl Pts',(14.7,5.15987326925571,-0.109211459941081));
#6538=CARTESIAN_POINT('Ctrl Pts',(14.7,5.15001510114022,-0.108726646259971));
#6539=CARTESIAN_POINT('Ctrl Pts',(14.7,5.22071510114022,-0.0707151011402218));
#6540=CARTESIAN_POINT('Ctrl Pts',(14.7,5.21454536223442,-0.0768848400460217));
#6541=CARTESIAN_POINT('Ctrl Pts',(14.7,5.20058199746494,-0.0875992747672396));
#6542=CARTESIAN_POINT('Ctrl Pts',(14.7,5.17619026894174,-0.0977026595312715));
#6543=CARTESIAN_POINT('Ctrl Pts',(14.7,5.15874042957711,-0.0999999999999995));
#6544=CARTESIAN_POINT('Ctrl Pts',(14.7,5.15001510114022,-0.0999999999999995));
#6545=CARTESIAN_POINT('',(14.6451158648394,5.29511586483944,-0.145115864839445));
#6546=CARTESIAN_POINT('',(14.6707106781187,5.15001510114022,-0.170710678118655));
#6547=CARTESIAN_POINT('Ctrl Pts',(14.6451158648394,5.29511586483944,-0.145115864839445));
#6548=CARTESIAN_POINT('Ctrl Pts',(14.6498526434033,5.28564230771172,-0.149852643403309));
#6549=CARTESIAN_POINT('Ctrl Pts',(14.6577136531099,5.26515109492372,-0.157713653109937));
#6550=CARTESIAN_POINT('Ctrl Pts',(14.6683758768925,5.2112897317219,-0.168375876892529));
#6551=CARTESIAN_POINT('Ctrl Pts',(14.6707106781187,5.169426062908,-0.170710678118655));
#6552=CARTESIAN_POINT('Ctrl Pts',(14.6707106781187,5.15001510114022,-0.170710678118655));
#6553=CARTESIAN_POINT('',(14.7,5.22071510114022,-0.0707151011402218));
#6554=CARTESIAN_POINT('Ctrl Pts',(14.6451158648394,5.29511586483944,-0.145115864839445));
#6555=CARTESIAN_POINT('Ctrl Pts',(14.6545894219672,5.29037908627558,-0.140379086275581));
#6556=CARTESIAN_POINT('Ctrl Pts',(14.6707342972796,5.27992207576249,-0.129922075762491));
#6557=CARTESIAN_POINT('Ctrl Pts',(14.6931501808023,5.25244490360621,-0.102444903606207));
#6558=CARTESIAN_POINT('Ctrl Pts',(14.7,5.23042146057284,-0.0804214605728384));
#6559=CARTESIAN_POINT('Ctrl Pts',(14.7,5.22071510114022,-0.0707151011402218));
#6560=CARTESIAN_POINT('',(14.7,5.15001510114022,-0.1));
#6561=CARTESIAN_POINT('Origin',(14.7,5.15001510114022,-1.51011402221499E-5));
#6562=CARTESIAN_POINT('Origin',(14.6,5.15001510114022,-0.1));
#6563=CARTESIAN_POINT('Ctrl Pts',(14.6451158648394,5.29511586483944,-0.145115864839445));
#6564=CARTESIAN_POINT('Ctrl Pts',(14.6545894219672,5.29037908627558,-0.140379086275581));
#6565=CARTESIAN_POINT('Ctrl Pts',(14.6707342972796,5.27992207576249,-0.129922075762491));
#6566=CARTESIAN_POINT('Ctrl Pts',(14.6931501808023,5.25244490360621,-0.102444903606207));
#6567=CARTESIAN_POINT('Ctrl Pts',(14.7,5.23042146057284,-0.0804214605728384));
#6568=CARTESIAN_POINT('Ctrl Pts',(14.7,5.22071510114022,-0.0707151011402218));
#6569=CARTESIAN_POINT('Ctrl Pts',(14.6498526434033,5.29985264340331,-0.135642307711717));
#6570=CARTESIAN_POINT('Ctrl Pts',(14.6583560561715,5.29505722575148,-0.130988002246977));
#6571=CARTESIAN_POINT('Ctrl Pts',(14.6732156840259,5.28455505978261,-0.120533244987896));
#6572=CARTESIAN_POINT('Ctrl Pts',(14.6940894548247,5.25755146819987,-0.0931261956744734));
#6573=CARTESIAN_POINT('Ctrl Pts',(14.7,5.23655623099678,-0.0732082057675005));
#6574=CARTESIAN_POINT('Ctrl Pts',(14.7,5.22688484004602,-0.0645453622344219));
#6575=CARTESIAN_POINT('Ctrl Pts',(14.6577136531099,5.30771365310994,-0.115151094923719));
#6576=CARTESIAN_POINT('Ctrl Pts',(14.6648530202636,5.30294458484082,-0.110506399018468));
#6577=CARTESIAN_POINT('Ctrl Pts',(14.6779698199894,5.29229998618742,-0.0995347985543494));
#6578=CARTESIAN_POINT('Ctrl Pts',(14.6961859371769,5.26601636529223,-0.0719074645919198));
#6579=CARTESIAN_POINT('Ctrl Pts',(14.7,5.24727247124321,-0.0572550643239386));
#6580=CARTESIAN_POINT('Ctrl Pts',(14.7,5.23759927476724,-0.0505819974649404));
#6581=CARTESIAN_POINT('Ctrl Pts',(14.6683758768925,5.31837587689253,-0.0612897317218954));
#6582=CARTESIAN_POINT('Ctrl Pts',(14.6744826856404,5.31305334125401,-0.0572328276444023));
#6583=CARTESIAN_POINT('Ctrl Pts',(14.6857973260602,5.30058516451145,-0.0477290866524828));
#6584=CARTESIAN_POINT('Ctrl Pts',(14.6975282567073,5.27582410730487,-0.0347813728566731));
#6585=CARTESIAN_POINT('Ctrl Pts',(14.7,5.25754584065317,-0.0294110226720235));
#6586=CARTESIAN_POINT('Ctrl Pts',(14.7,5.24770265953127,-0.0261902689417407));
#6587=CARTESIAN_POINT('Ctrl Pts',(14.6707106781187,5.32071067811865,-0.0194260629080042));
#6588=CARTESIAN_POINT('Ctrl Pts',(14.6765385338246,5.31488282241274,-0.0183476761431274));
#6589=CARTESIAN_POINT('Ctrl Pts',(14.6869862409297,5.30154716240023,-0.015998400699098));
#6590=CARTESIAN_POINT('Ctrl Pts',(14.6974467161931,5.27729902954741,-0.0122133503588005));
#6591=CARTESIAN_POINT('Ctrl Pts',(14.7,5.25921145994108,-0.00987326925570474));
#6592=CARTESIAN_POINT('Ctrl Pts',(14.7,5.25,-0.0087404295771053));
#6593=CARTESIAN_POINT('Ctrl Pts',(14.6707106781187,5.32071067811865,-1.51011402221499E-5));
#6594=CARTESIAN_POINT('Ctrl Pts',(14.6768813488661,5.31454000737121,-1.51011402221489E-5));
#6595=CARTESIAN_POINT('Ctrl Pts',(14.6875974018335,5.30057453365596,-1.51011402221448E-5));
#6596=CARTESIAN_POINT('Ctrl Pts',(14.6977023125543,5.27617912114731,-1.51011402221691E-5));
#6597=CARTESIAN_POINT('Ctrl Pts',(14.7,5.25872664625997,-1.51011402221084E-5));
#6598=CARTESIAN_POINT('Ctrl Pts',(14.7,5.25,-1.51011402221065E-5));
#6599=CARTESIAN_POINT('',(14.6707106781187,5.32071067811866,0.));
#6600=CARTESIAN_POINT('Ctrl Pts',(14.6451158648394,5.29511586483944,-0.145115864839445));
#6601=CARTESIAN_POINT('Ctrl Pts',(14.6498526434033,5.29985264340331,-0.135642307711717));
#6602=CARTESIAN_POINT('Ctrl Pts',(14.6577136531099,5.30771365310994,-0.115151094923719));
#6603=CARTESIAN_POINT('Ctrl Pts',(14.6683758768925,5.31837587689253,-0.0612897317218954));
#6604=CARTESIAN_POINT('Ctrl Pts',(14.6707106781187,5.32071067811865,-0.0194260629080042));
#6605=CARTESIAN_POINT('Ctrl Pts',(14.6707106781187,5.32071067811865,-1.51011402221499E-5));
#6606=CARTESIAN_POINT('',(14.7,5.25,0.));
#6607=CARTESIAN_POINT('Origin',(14.6,5.25,0.));
#6608=CARTESIAN_POINT('Origin',(14.7,5.15001510114022,-1.51011402221499E-5));
#6609=CARTESIAN_POINT('Ctrl Pts',(14.6451158648394,5.29511586483944,-0.145115864839445));
#6610=CARTESIAN_POINT('Ctrl Pts',(14.6498526434033,5.29985264340331,-0.135642307711717));
#6611=CARTESIAN_POINT('Ctrl Pts',(14.6577136531099,5.30771365310994,-0.115151094923719));
#6612=CARTESIAN_POINT('Ctrl Pts',(14.6683758768925,5.31837587689253,-0.0612897317218954));
#6613=CARTESIAN_POINT('Ctrl Pts',(14.6707106781187,5.32071067811865,-0.0194260629080042));
#6614=CARTESIAN_POINT('Ctrl Pts',(14.6707106781187,5.32071067811865,-1.51011402221499E-5));
#6615=CARTESIAN_POINT('Ctrl Pts',(14.6403790862756,5.30458942196717,-0.140379086275581));
#6616=CARTESIAN_POINT('Ctrl Pts',(14.6450572257515,5.30835605617153,-0.130988002246977));
#6617=CARTESIAN_POINT('Ctrl Pts',(14.6529445848408,5.31485302026361,-0.110506399018468));
#6618=CARTESIAN_POINT('Ctrl Pts',(14.663053341254,5.32448268564038,-0.0572328276444023));
#6619=CARTESIAN_POINT('Ctrl Pts',(14.6648828224127,5.32653853382457,-0.0183476761431275));
#6620=CARTESIAN_POINT('Ctrl Pts',(14.6645400073712,5.3268813488661,-1.51011402221499E-5));
#6621=CARTESIAN_POINT('Ctrl Pts',(14.6299220757625,5.32073429727959,-0.129922075762491));
#6622=CARTESIAN_POINT('Ctrl Pts',(14.6345550597826,5.32321568402585,-0.120533244987896));
#6623=CARTESIAN_POINT('Ctrl Pts',(14.6422999861874,5.3279698199894,-0.0995347985543496));
#6624=CARTESIAN_POINT('Ctrl Pts',(14.6505851645115,5.33579732606018,-0.0477290866524828));
#6625=CARTESIAN_POINT('Ctrl Pts',(14.6515471624002,5.33698624092974,-0.015998400699098));
#6626=CARTESIAN_POINT('Ctrl Pts',(14.650574533656,5.3375974018335,-1.51011402221499E-5));
#6627=CARTESIAN_POINT('Ctrl Pts',(14.6024449036062,5.34315018080231,-0.102444903606208));
#6628=CARTESIAN_POINT('Ctrl Pts',(14.6075514681999,5.34408945482473,-0.0931261956744738));
#6629=CARTESIAN_POINT('Ctrl Pts',(14.6160163652922,5.34618593717689,-0.0719074645919202));
#6630=CARTESIAN_POINT('Ctrl Pts',(14.6258241073049,5.34752825670733,-0.0347813728566734));
#6631=CARTESIAN_POINT('Ctrl Pts',(14.6272990295474,5.34744671619307,-0.0122133503588005));
#6632=CARTESIAN_POINT('Ctrl Pts',(14.6261791211473,5.34770231255427,-1.51011402221499E-5));
#6633=CARTESIAN_POINT('Ctrl Pts',(14.5804214605728,5.35,-0.0804214605728389));
#6634=CARTESIAN_POINT('Ctrl Pts',(14.5865562309968,5.35,-0.0732082057675009));
#6635=CARTESIAN_POINT('Ctrl Pts',(14.5972724712432,5.35,-0.0572550643239389));
#6636=CARTESIAN_POINT('Ctrl Pts',(14.6075458406532,5.35,-0.0294110226720236));
#6637=CARTESIAN_POINT('Ctrl Pts',(14.6092114599411,5.35,-0.00987326925570482));
#6638=CARTESIAN_POINT('Ctrl Pts',(14.60872664626,5.35,-1.51011402221325E-5));
#6639=CARTESIAN_POINT('Ctrl Pts',(14.5707151011402,5.35,-0.0707151011402222));
#6640=CARTESIAN_POINT('Ctrl Pts',(14.576884840046,5.35,-0.0645453622344222));
#6641=CARTESIAN_POINT('Ctrl Pts',(14.5875992747672,5.35,-0.0505819974649407));
#6642=CARTESIAN_POINT('Ctrl Pts',(14.5977026595313,5.35,-0.0261902689417408));
#6643=CARTESIAN_POINT('Ctrl Pts',(14.6,5.35,-0.00874042957710538));
#6644=CARTESIAN_POINT('Ctrl Pts',(14.6,5.35,-1.51011402221412E-5));
#6645=CARTESIAN_POINT('',(14.5707151011402,5.35,-0.0707151011402222));
#6646=CARTESIAN_POINT('Ctrl Pts',(14.6451158648394,5.29511586483944,-0.145115864839445));
#6647=CARTESIAN_POINT('Ctrl Pts',(14.6403790862756,5.30458942196717,-0.140379086275581));
#6648=CARTESIAN_POINT('Ctrl Pts',(14.6299220757625,5.32073429727959,-0.129922075762491));
#6649=CARTESIAN_POINT('Ctrl Pts',(14.6024449036062,5.34315018080231,-0.102444903606208));
#6650=CARTESIAN_POINT('Ctrl Pts',(14.5804214605728,5.35,-0.0804214605728389));
#6651=CARTESIAN_POINT('Ctrl Pts',(14.5707151011402,5.35,-0.0707151011402222));
#6652=CARTESIAN_POINT('',(14.6,5.35,0.));
#6653=CARTESIAN_POINT('Origin',(14.5000151011402,5.35,-1.51011402221499E-5));
#6654=CARTESIAN_POINT('Origin',(14.6,5.25,0.));
#6655=CARTESIAN_POINT('Ctrl Pts',(14.6451158648394,5.29511586483944,-0.145115864839445));
#6656=CARTESIAN_POINT('Ctrl Pts',(14.6403790862756,5.30458942196717,-0.140379086275581));
#6657=CARTESIAN_POINT('Ctrl Pts',(14.6299220757625,5.32073429727959,-0.129922075762491));
#6658=CARTESIAN_POINT('Ctrl Pts',(14.6024449036062,5.34315018080231,-0.102444903606208));
#6659=CARTESIAN_POINT('Ctrl Pts',(14.5804214605728,5.35,-0.0804214605728389));
#6660=CARTESIAN_POINT('Ctrl Pts',(14.5707151011402,5.35,-0.0707151011402222));
#6661=CARTESIAN_POINT('Ctrl Pts',(14.6356423077117,5.29985264340331,-0.149852643403309));
#6662=CARTESIAN_POINT('Ctrl Pts',(14.630988002247,5.30835605617153,-0.145057225751479));
#6663=CARTESIAN_POINT('Ctrl Pts',(14.6205332449879,5.32321568402584,-0.134555059782608));
#6664=CARTESIAN_POINT('Ctrl Pts',(14.5931261956745,5.34408945482473,-0.107551468199867));
#6665=CARTESIAN_POINT('Ctrl Pts',(14.5732082057675,5.35,-0.086556230996775));
#6666=CARTESIAN_POINT('Ctrl Pts',(14.5645453622344,5.35,-0.0768848400460222));
#6667=CARTESIAN_POINT('Ctrl Pts',(14.6151510949237,5.30771365310994,-0.157713653109937));
#6668=CARTESIAN_POINT('Ctrl Pts',(14.6105063990185,5.31485302026361,-0.152944584840822));
#6669=CARTESIAN_POINT('Ctrl Pts',(14.5995347985544,5.32796981998939,-0.142299986187419));
#6670=CARTESIAN_POINT('Ctrl Pts',(14.5719074645919,5.3461859371769,-0.116016365292233));
#6671=CARTESIAN_POINT('Ctrl Pts',(14.5572550643239,5.35,-0.0972724712432062));
#6672=CARTESIAN_POINT('Ctrl Pts',(14.5505819974649,5.35,-0.08759927476724));
#6673=CARTESIAN_POINT('Ctrl Pts',(14.5612897317219,5.31837587689253,-0.168375876892529));
#6674=CARTESIAN_POINT('Ctrl Pts',(14.5572328276444,5.32448268564038,-0.163053341254009));
#6675=CARTESIAN_POINT('Ctrl Pts',(14.5477290866525,5.33579732606019,-0.150585164511447));
#6676=CARTESIAN_POINT('Ctrl Pts',(14.5347813728567,5.34752825670732,-0.125824107304869));
#6677=CARTESIAN_POINT('Ctrl Pts',(14.529411022672,5.35,-0.107545840653169));
#6678=CARTESIAN_POINT('Ctrl Pts',(14.5261902689417,5.35,-0.097702659531272));
#6679=CARTESIAN_POINT('Ctrl Pts',(14.519426062908,5.32071067811866,-0.170710678118655));
#6680=CARTESIAN_POINT('Ctrl Pts',(14.5183476761431,5.32653853382457,-0.164882822412737));
#6681=CARTESIAN_POINT('Ctrl Pts',(14.5159984006991,5.33698624092974,-0.15154716240023));
#6682=CARTESIAN_POINT('Ctrl Pts',(14.5122133503588,5.34744671619307,-0.127299029547407));
#6683=CARTESIAN_POINT('Ctrl Pts',(14.5098732692557,5.35,-0.109211459941081));
#6684=CARTESIAN_POINT('Ctrl Pts',(14.5087404295771,5.35,-0.1));
#6685=CARTESIAN_POINT('Ctrl Pts',(14.5000151011402,5.32071067811866,-0.170710678118655));
#6686=CARTESIAN_POINT('Ctrl Pts',(14.5000151011402,5.3268813488661,-0.164540007371213));
#6687=CARTESIAN_POINT('Ctrl Pts',(14.5000151011402,5.3375974018335,-0.150574533655963));
#6688=CARTESIAN_POINT('Ctrl Pts',(14.5000151011402,5.34770231255427,-0.126179121147312));
#6689=CARTESIAN_POINT('Ctrl Pts',(14.5000151011402,5.35,-0.108726646259972));
#6690=CARTESIAN_POINT('Ctrl Pts',(14.5000151011402,5.35,-0.1));
#6691=CARTESIAN_POINT('',(14.5000151011402,5.32071067811866,-0.170710678118655));
#6692=CARTESIAN_POINT('Ctrl Pts',(14.6451158648394,5.29511586483944,-0.145115864839445));
#6693=CARTESIAN_POINT('Ctrl Pts',(14.6356423077117,5.29985264340331,-0.149852643403309));
#6694=CARTESIAN_POINT('Ctrl Pts',(14.6151510949237,5.30771365310994,-0.157713653109937));
#6695=CARTESIAN_POINT('Ctrl Pts',(14.5612897317219,5.31837587689253,-0.168375876892529));
#6696=CARTESIAN_POINT('Ctrl Pts',(14.519426062908,5.32071067811866,-0.170710678118655));
#6697=CARTESIAN_POINT('Ctrl Pts',(14.5000151011402,5.32071067811866,-0.170710678118655));
#6698=CARTESIAN_POINT('',(14.5000151011402,5.35,-0.1));
#6699=CARTESIAN_POINT('Origin',(14.5000151011402,5.25,-0.1));
#6700=CARTESIAN_POINT('Origin',(14.5000151011402,5.35,-1.51011402221499E-5));
#6701=CARTESIAN_POINT('Ctrl Pts',(14.6451158648394,5.29511586483944,-0.145115864839445));
#6702=CARTESIAN_POINT('Ctrl Pts',(14.6356423077117,5.29985264340331,-0.149852643403309));
#6703=CARTESIAN_POINT('Ctrl Pts',(14.6151510949237,5.30771365310994,-0.157713653109937));
#6704=CARTESIAN_POINT('Ctrl Pts',(14.5612897317219,5.31837587689253,-0.168375876892529));
#6705=CARTESIAN_POINT('Ctrl Pts',(14.519426062908,5.32071067811866,-0.170710678118655));
#6706=CARTESIAN_POINT('Ctrl Pts',(14.5000151011402,5.32071067811866,-0.170710678118655));
#6707=CARTESIAN_POINT('Ctrl Pts',(14.6403790862756,5.29037908627558,-0.154589421967173));
#6708=CARTESIAN_POINT('Ctrl Pts',(14.630988002247,5.29505722575148,-0.158356056171524));
#6709=CARTESIAN_POINT('Ctrl Pts',(14.6105063990185,5.30294458484082,-0.164853020263608));
#6710=CARTESIAN_POINT('Ctrl Pts',(14.5572328276444,5.31305334125401,-0.174482685640381));
#6711=CARTESIAN_POINT('Ctrl Pts',(14.5183476761431,5.31488282241274,-0.176538533824572));
#6712=CARTESIAN_POINT('Ctrl Pts',(14.5000151011402,5.31454000737121,-0.176881348866097));
#6713=CARTESIAN_POINT('Ctrl Pts',(14.6299220757625,5.27992207576249,-0.170734297279589));
#6714=CARTESIAN_POINT('Ctrl Pts',(14.6205332449879,5.28455505978261,-0.173215684025845));
#6715=CARTESIAN_POINT('Ctrl Pts',(14.5995347985544,5.29229998618742,-0.177969819989393));
#6716=CARTESIAN_POINT('Ctrl Pts',(14.5477290866525,5.30058516451145,-0.185797326060185));
#6717=CARTESIAN_POINT('Ctrl Pts',(14.5159984006991,5.30154716240023,-0.186986240929737));
#6718=CARTESIAN_POINT('Ctrl Pts',(14.5000151011402,5.30057453365596,-0.1875974018335));
#6719=CARTESIAN_POINT('Ctrl Pts',(14.6024449036062,5.25244490360621,-0.193150180802315));
#6720=CARTESIAN_POINT('Ctrl Pts',(14.5931261956745,5.25755146819987,-0.194089454824728));
#6721=CARTESIAN_POINT('Ctrl Pts',(14.5719074645919,5.26601636529223,-0.196185937176898));
#6722=CARTESIAN_POINT('Ctrl Pts',(14.5347813728567,5.27582410730487,-0.197528256707329));
#6723=CARTESIAN_POINT('Ctrl Pts',(14.5122133503588,5.27729902954741,-0.197446716193067));
#6724=CARTESIAN_POINT('Ctrl Pts',(14.5000151011402,5.27617912114731,-0.197702312554269));
#6725=CARTESIAN_POINT('Ctrl Pts',(14.5804214605728,5.23042146057284,-0.2));
#6726=CARTESIAN_POINT('Ctrl Pts',(14.5732082057675,5.23655623099677,-0.2));
#6727=CARTESIAN_POINT('Ctrl Pts',(14.5572550643239,5.24727247124321,-0.2));
#6728=CARTESIAN_POINT('Ctrl Pts',(14.529411022672,5.25754584065317,-0.2));
#6729=CARTESIAN_POINT('Ctrl Pts',(14.5098732692557,5.25921145994108,-0.2));
#6730=CARTESIAN_POINT('Ctrl Pts',(14.5000151011402,5.25872664625997,-0.2));
#6731=CARTESIAN_POINT('Ctrl Pts',(14.5707151011402,5.22071510114022,-0.2));
#6732=CARTESIAN_POINT('Ctrl Pts',(14.5645453622344,5.22688484004602,-0.2));
#6733=CARTESIAN_POINT('Ctrl Pts',(14.5505819974649,5.23759927476724,-0.2));
#6734=CARTESIAN_POINT('Ctrl Pts',(14.5261902689417,5.24770265953127,-0.2));
#6735=CARTESIAN_POINT('Ctrl Pts',(14.5087404295771,5.25,-0.2));
#6736=CARTESIAN_POINT('Ctrl Pts',(14.5000151011402,5.25,-0.2));
#6737=CARTESIAN_POINT('',(14.5707151011402,5.22071510114022,-0.2));
#6738=CARTESIAN_POINT('Ctrl Pts',(14.6451158648394,5.29511586483944,-0.145115864839445));
#6739=CARTESIAN_POINT('Ctrl Pts',(14.6403790862756,5.29037908627558,-0.154589421967173));
#6740=CARTESIAN_POINT('Ctrl Pts',(14.6299220757625,5.27992207576249,-0.170734297279589));
#6741=CARTESIAN_POINT('Ctrl Pts',(14.6024449036062,5.25244490360621,-0.193150180802315));
#6742=CARTESIAN_POINT('Ctrl Pts',(14.5804214605728,5.23042146057284,-0.2));
#6743=CARTESIAN_POINT('Ctrl Pts',(14.5707151011402,5.22071510114022,-0.2));
#6744=CARTESIAN_POINT('',(14.5000151011402,5.25,-0.2));
#6745=CARTESIAN_POINT('Origin',(14.5000151011402,5.15001510114022,-0.2));
#6746=CARTESIAN_POINT('Origin',(14.5000151011402,5.25,-0.1));
#6747=CARTESIAN_POINT('Ctrl Pts',(13.5048841351606,4.15488413516055,-0.145115864839445));
#6748=CARTESIAN_POINT('Ctrl Pts',(13.5143576922883,4.15014735659669,-0.149852643403309));
#6749=CARTESIAN_POINT('Ctrl Pts',(13.5348489050763,4.14228634689006,-0.157713653109937));
#6750=CARTESIAN_POINT('Ctrl Pts',(13.5887102682781,4.13162412310747,-0.168375876892529));
#6751=CARTESIAN_POINT('Ctrl Pts',(13.630573937092,4.12928932188135,-0.170710678118655));
#6752=CARTESIAN_POINT('Ctrl Pts',(13.6499848988598,4.12928932188135,-0.170710678118655));
#6753=CARTESIAN_POINT('Ctrl Pts',(13.5096209137244,4.15962091372442,-0.154589421967173));
#6754=CARTESIAN_POINT('Ctrl Pts',(13.519011997753,4.15494277424852,-0.158356056171524));
#6755=CARTESIAN_POINT('Ctrl Pts',(13.5394936009815,4.14705541515918,-0.164853020263608));
#6756=CARTESIAN_POINT('Ctrl Pts',(13.5927671723556,4.13694665874599,-0.174482685640381));
#6757=CARTESIAN_POINT('Ctrl Pts',(13.6316523238569,4.13511717758726,-0.176538533824572));
#6758=CARTESIAN_POINT('Ctrl Pts',(13.6499848988598,4.13545999262879,-0.176881348866097));
#6759=CARTESIAN_POINT('Ctrl Pts',(13.5200779242375,4.17007792423751,-0.170734297279589));
#6760=CARTESIAN_POINT('Ctrl Pts',(13.5294667550121,4.16544494021739,-0.173215684025845));
#6761=CARTESIAN_POINT('Ctrl Pts',(13.5504652014457,4.15770001381258,-0.177969819989393));
#6762=CARTESIAN_POINT('Ctrl Pts',(13.6022709133475,4.14941483548855,-0.185797326060185));
#6763=CARTESIAN_POINT('Ctrl Pts',(13.6340015993009,4.14845283759977,-0.186986240929737));
#6764=CARTESIAN_POINT('Ctrl Pts',(13.6499848988598,4.14942546634404,-0.1875974018335));
#6765=CARTESIAN_POINT('Ctrl Pts',(13.5475550963938,4.19755509639379,-0.193150180802315));
#6766=CARTESIAN_POINT('Ctrl Pts',(13.5568738043255,4.19244853180013,-0.194089454824728));
#6767=CARTESIAN_POINT('Ctrl Pts',(13.5780925354081,4.18398363470777,-0.196185937176898));
#6768=CARTESIAN_POINT('Ctrl Pts',(13.6152186271433,4.17417589269513,-0.197528256707329));
#6769=CARTESIAN_POINT('Ctrl Pts',(13.6377866496412,4.17270097045259,-0.197446716193067));
#6770=CARTESIAN_POINT('Ctrl Pts',(13.6499848988598,4.17382087885269,-0.197702312554269));
#6771=CARTESIAN_POINT('Ctrl Pts',(13.5695785394272,4.21957853942716,-0.2));
#6772=CARTESIAN_POINT('Ctrl Pts',(13.5767917942325,4.21344376900323,-0.2));
#6773=CARTESIAN_POINT('Ctrl Pts',(13.5927449356761,4.20272752875679,-0.2));
#6774=CARTESIAN_POINT('Ctrl Pts',(13.620588977328,4.19245415934683,-0.2));
#6775=CARTESIAN_POINT('Ctrl Pts',(13.6401267307443,4.19078854005892,-0.2));
#6776=CARTESIAN_POINT('Ctrl Pts',(13.6499848988598,4.19127335374003,-0.2));
#6777=CARTESIAN_POINT('Ctrl Pts',(13.5792848988598,4.22928489885978,-0.2));
#6778=CARTESIAN_POINT('Ctrl Pts',(13.5854546377656,4.22311515995398,-0.2));
#6779=CARTESIAN_POINT('Ctrl Pts',(13.5994180025351,4.21240072523276,-0.2));
#6780=CARTESIAN_POINT('Ctrl Pts',(13.6238097310583,4.20229734046873,-0.2));
#6781=CARTESIAN_POINT('Ctrl Pts',(13.6412595704229,4.2,-0.2));
#6782=CARTESIAN_POINT('Ctrl Pts',(13.6499848988598,4.2,-0.2));
#6783=CARTESIAN_POINT('',(13.4606729814354,4.19595677708582,-0.0422493365782638));
#6784=CARTESIAN_POINT('',(13.6499848988598,4.12928932188135,-0.170710678118655));
#6785=CARTESIAN_POINT('Ctrl Pts',(13.5048841351606,4.15488413516055,-0.145115864839445));
#6786=CARTESIAN_POINT('Ctrl Pts',(13.5143576922883,4.15014735659669,-0.149852643403309));
#6787=CARTESIAN_POINT('Ctrl Pts',(13.5348489050763,4.14228634689006,-0.157713653109937));
#6788=CARTESIAN_POINT('Ctrl Pts',(13.5887102682781,4.13162412310747,-0.168375876892529));
#6789=CARTESIAN_POINT('Ctrl Pts',(13.630573937092,4.12928932188135,-0.170710678118655));
#6790=CARTESIAN_POINT('Ctrl Pts',(13.6499848988598,4.12928932188135,-0.170710678118655));
#6791=CARTESIAN_POINT('',(13.5792848988598,4.22928489885978,-0.2));
#6792=CARTESIAN_POINT('Ctrl Pts',(13.5048841351606,4.15488413516055,-0.145115864839445));
#6793=CARTESIAN_POINT('Ctrl Pts',(13.5096209137244,4.15962091372442,-0.154589421967173));
#6794=CARTESIAN_POINT('Ctrl Pts',(13.5200779242375,4.17007792423751,-0.170734297279589));
#6795=CARTESIAN_POINT('Ctrl Pts',(13.5475550963938,4.19755509639379,-0.193150180802315));
#6796=CARTESIAN_POINT('Ctrl Pts',(13.5695785394272,4.21957853942716,-0.2));
#6797=CARTESIAN_POINT('Ctrl Pts',(13.5792848988598,4.22928489885978,-0.2));
#6798=CARTESIAN_POINT('',(13.6499848988598,4.2,-0.2));
#6799=CARTESIAN_POINT('Origin',(13.6499848988598,4.29998489885978,-0.2));
#6800=CARTESIAN_POINT('Origin',(13.6499848988598,4.2,-0.1));
#6801=CARTESIAN_POINT('Ctrl Pts',(13.5048841351606,4.15488413516055,-0.145115864839445));
#6802=CARTESIAN_POINT('Ctrl Pts',(13.5096209137244,4.15962091372442,-0.154589421967173));
#6803=CARTESIAN_POINT('Ctrl Pts',(13.5200779242375,4.17007792423751,-0.170734297279589));
#6804=CARTESIAN_POINT('Ctrl Pts',(13.5475550963938,4.19755509639379,-0.193150180802315));
#6805=CARTESIAN_POINT('Ctrl Pts',(13.5695785394272,4.21957853942716,-0.2));
#6806=CARTESIAN_POINT('Ctrl Pts',(13.5792848988598,4.22928489885978,-0.2));
#6807=CARTESIAN_POINT('Ctrl Pts',(13.5001473565967,4.16435769228828,-0.149852643403309));
#6808=CARTESIAN_POINT('Ctrl Pts',(13.5049427742485,4.16901199775302,-0.158356056171524));
#6809=CARTESIAN_POINT('Ctrl Pts',(13.5154449402174,4.17946675501211,-0.173215684025845));
#6810=CARTESIAN_POINT('Ctrl Pts',(13.5424485318001,4.20687380432553,-0.194089454824728));
#6811=CARTESIAN_POINT('Ctrl Pts',(13.5634437690032,4.2267917942325,-0.2));
#6812=CARTESIAN_POINT('Ctrl Pts',(13.573115159954,4.23545463776558,-0.2));
#6813=CARTESIAN_POINT('Ctrl Pts',(13.4922863468901,4.18484890507628,-0.157713653109937));
#6814=CARTESIAN_POINT('Ctrl Pts',(13.4970554151592,4.18949360098153,-0.164853020263608));
#6815=CARTESIAN_POINT('Ctrl Pts',(13.5077000138126,4.20046520144565,-0.177969819989393));
#6816=CARTESIAN_POINT('Ctrl Pts',(13.5339836347078,4.22809253540808,-0.196185937176898));
#6817=CARTESIAN_POINT('Ctrl Pts',(13.5527275287568,4.24274493567606,-0.2));
#6818=CARTESIAN_POINT('Ctrl Pts',(13.5624007252328,4.24941800253506,-0.2));
#6819=CARTESIAN_POINT('Ctrl Pts',(13.4816241231075,4.2387102682781,-0.168375876892529));
#6820=CARTESIAN_POINT('Ctrl Pts',(13.486946658746,4.2427671723556,-0.174482685640381));
#6821=CARTESIAN_POINT('Ctrl Pts',(13.4994148354886,4.25227091334752,-0.185797326060185));
#6822=CARTESIAN_POINT('Ctrl Pts',(13.5241758926951,4.26521862714332,-0.197528256707329));
#6823=CARTESIAN_POINT('Ctrl Pts',(13.5424541593468,4.27058897732798,-0.2));
#6824=CARTESIAN_POINT('Ctrl Pts',(13.5522973404687,4.27380973105826,-0.2));
#6825=CARTESIAN_POINT('Ctrl Pts',(13.4792893218813,4.280573937092,-0.170710678118655));
#6826=CARTESIAN_POINT('Ctrl Pts',(13.4851171775873,4.28165232385687,-0.176538533824572));
#6827=CARTESIAN_POINT('Ctrl Pts',(13.4984528375998,4.2840015993009,-0.186986240929737));
#6828=CARTESIAN_POINT('Ctrl Pts',(13.5227009704526,4.2877866496412,-0.197446716193067));
#6829=CARTESIAN_POINT('Ctrl Pts',(13.5407885400589,4.2901267307443,-0.2));
#6830=CARTESIAN_POINT('Ctrl Pts',(13.55,4.29125957042289,-0.2));
#6831=CARTESIAN_POINT('Ctrl Pts',(13.4792893218813,4.29998489885978,-0.170710678118655));
#6832=CARTESIAN_POINT('Ctrl Pts',(13.4854599926288,4.29998489885978,-0.176881348866097));
#6833=CARTESIAN_POINT('Ctrl Pts',(13.499425466344,4.29998489885978,-0.1875974018335));
#6834=CARTESIAN_POINT('Ctrl Pts',(13.5238208788527,4.29998489885978,-0.197702312554269));
#6835=CARTESIAN_POINT('Ctrl Pts',(13.54127335374,4.29998489885978,-0.2));
#6836=CARTESIAN_POINT('Ctrl Pts',(13.55,4.29998489885978,-0.2));
#6837=CARTESIAN_POINT('',(13.4792893218813,4.29998489885978,-0.170710678118655));
#6838=CARTESIAN_POINT('Ctrl Pts',(13.5048841351606,4.15488413516055,-0.145115864839445));
#6839=CARTESIAN_POINT('Ctrl Pts',(13.5001473565967,4.16435769228828,-0.149852643403309));
#6840=CARTESIAN_POINT('Ctrl Pts',(13.4922863468901,4.18484890507628,-0.157713653109937));
#6841=CARTESIAN_POINT('Ctrl Pts',(13.4816241231075,4.2387102682781,-0.168375876892529));
#6842=CARTESIAN_POINT('Ctrl Pts',(13.4792893218813,4.280573937092,-0.170710678118655));
#6843=CARTESIAN_POINT('Ctrl Pts',(13.4792893218813,4.29998489885978,-0.170710678118655));
#6844=CARTESIAN_POINT('',(13.55,4.29998489885978,-0.2));
#6845=CARTESIAN_POINT('Origin',(13.55,4.29998489885978,-0.1));
#6846=CARTESIAN_POINT('Origin',(13.6499848988598,4.29998489885978,-0.2));
#6847=CARTESIAN_POINT('Ctrl Pts',(13.5048841351606,4.15488413516055,-0.145115864839445));
#6848=CARTESIAN_POINT('Ctrl Pts',(13.5001473565967,4.16435769228828,-0.149852643403309));
#6849=CARTESIAN_POINT('Ctrl Pts',(13.4922863468901,4.18484890507628,-0.157713653109937));
#6850=CARTESIAN_POINT('Ctrl Pts',(13.4816241231075,4.2387102682781,-0.168375876892529));
#6851=CARTESIAN_POINT('Ctrl Pts',(13.4792893218813,4.280573937092,-0.170710678118655));
#6852=CARTESIAN_POINT('Ctrl Pts',(13.4792893218813,4.29998489885978,-0.170710678118655));
#6853=CARTESIAN_POINT('Ctrl Pts',(13.4954105780328,4.15962091372442,-0.140379086275581));
#6854=CARTESIAN_POINT('Ctrl Pts',(13.4916439438285,4.16901199775302,-0.14505722575148));
#6855=CARTESIAN_POINT('Ctrl Pts',(13.4851469797364,4.18949360098153,-0.152944584840822));
#6856=CARTESIAN_POINT('Ctrl Pts',(13.4755173143596,4.2427671723556,-0.163053341254009));
#6857=CARTESIAN_POINT('Ctrl Pts',(13.4734614661754,4.28165232385687,-0.164882822412737));
#6858=CARTESIAN_POINT('Ctrl Pts',(13.4731186511339,4.29998489885978,-0.164540007371213));
#6859=CARTESIAN_POINT('Ctrl Pts',(13.4792657027204,4.17007792423751,-0.129922075762491));
#6860=CARTESIAN_POINT('Ctrl Pts',(13.4767843159742,4.1794667550121,-0.134555059782608));
#6861=CARTESIAN_POINT('Ctrl Pts',(13.4720301800106,4.20046520144565,-0.142299986187419));
#6862=CARTESIAN_POINT('Ctrl Pts',(13.4642026739398,4.25227091334752,-0.150585164511447));
#6863=CARTESIAN_POINT('Ctrl Pts',(13.4630137590703,4.2840015993009,-0.15154716240023));
#6864=CARTESIAN_POINT('Ctrl Pts',(13.4624025981665,4.29998489885978,-0.150574533655963));
#6865=CARTESIAN_POINT('Ctrl Pts',(13.4568498191977,4.19755509639379,-0.102444903606208));
#6866=CARTESIAN_POINT('Ctrl Pts',(13.4559105451753,4.20687380432553,-0.107551468199866));
#6867=CARTESIAN_POINT('Ctrl Pts',(13.4538140628231,4.22809253540808,-0.116016365292233));
#6868=CARTESIAN_POINT('Ctrl Pts',(13.4524717432927,4.26521862714333,-0.125824107304869));
#6869=CARTESIAN_POINT('Ctrl Pts',(13.4525532838069,4.2877866496412,-0.127299029547407));
#6870=CARTESIAN_POINT('Ctrl Pts',(13.4522976874457,4.29998489885978,-0.126179121147312));
#6871=CARTESIAN_POINT('Ctrl Pts',(13.45,4.21957853942716,-0.0804214605728389));
#6872=CARTESIAN_POINT('Ctrl Pts',(13.45,4.2267917942325,-0.086556230996775));
#6873=CARTESIAN_POINT('Ctrl Pts',(13.45,4.24274493567606,-0.0972724712432062));
#6874=CARTESIAN_POINT('Ctrl Pts',(13.45,4.27058897732798,-0.10754584065317));
#6875=CARTESIAN_POINT('Ctrl Pts',(13.45,4.2901267307443,-0.109211459941081));
#6876=CARTESIAN_POINT('Ctrl Pts',(13.45,4.29998489885978,-0.108726646259972));
#6877=CARTESIAN_POINT('Ctrl Pts',(13.45,4.22928489885978,-0.0707151011402222));
#6878=CARTESIAN_POINT('Ctrl Pts',(13.45,4.23545463776558,-0.0768848400460222));
#6879=CARTESIAN_POINT('Ctrl Pts',(13.45,4.24941800253506,-0.0875992747672401));
#6880=CARTESIAN_POINT('Ctrl Pts',(13.45,4.27380973105826,-0.0977026595312721));
#6881=CARTESIAN_POINT('Ctrl Pts',(13.45,4.29125957042289,-0.1));
#6882=CARTESIAN_POINT('Ctrl Pts',(13.45,4.29998489885978,-0.1));
#6883=CARTESIAN_POINT('Origin',(13.55,4.29998489885978,-0.1));
#6884=CARTESIAN_POINT('Ctrl Pts',(13.5048841351606,4.15488413516055,-0.145115864839445));
#6885=CARTESIAN_POINT('Ctrl Pts',(13.5001473565967,4.15014735659669,-0.135642307711717));
#6886=CARTESIAN_POINT('Ctrl Pts',(13.4922863468901,4.14228634689006,-0.115151094923719));
#6887=CARTESIAN_POINT('Ctrl Pts',(13.4816241231075,4.13162412310747,-0.0612897317218954));
#6888=CARTESIAN_POINT('Ctrl Pts',(13.4792893218813,4.12928932188135,-0.0194260629080042));
#6889=CARTESIAN_POINT('Ctrl Pts',(13.4792893218813,4.12928932188135,-1.51011402220631E-5));
#6890=CARTESIAN_POINT('Ctrl Pts',(13.5096209137244,4.14541057803283,-0.140379086275581));
#6891=CARTESIAN_POINT('Ctrl Pts',(13.5049427742485,4.14164394382848,-0.130988002246977));
#6892=CARTESIAN_POINT('Ctrl Pts',(13.4970554151592,4.13514697973639,-0.110506399018468));
#6893=CARTESIAN_POINT('Ctrl Pts',(13.486946658746,4.12551731435962,-0.0572328276444023));
#6894=CARTESIAN_POINT('Ctrl Pts',(13.4851171775873,4.12346146617543,-0.0183476761431274));
#6895=CARTESIAN_POINT('Ctrl Pts',(13.4854599926288,4.1231186511339,-1.51011402220458E-5));
#6896=CARTESIAN_POINT('Ctrl Pts',(13.5200779242375,4.12926570272041,-0.129922075762491));
#6897=CARTESIAN_POINT('Ctrl Pts',(13.5154449402174,4.12678431597416,-0.120533244987896));
#6898=CARTESIAN_POINT('Ctrl Pts',(13.5077000138126,4.12203018001061,-0.0995347985543496));
#6899=CARTESIAN_POINT('Ctrl Pts',(13.4994148354886,4.11420267393981,-0.0477290866524828));
#6900=CARTESIAN_POINT('Ctrl Pts',(13.4984528375998,4.11301375907026,-0.015998400699098));
#6901=CARTESIAN_POINT('Ctrl Pts',(13.499425466344,4.1124025981665,-1.51011402220284E-5));
#6902=CARTESIAN_POINT('Ctrl Pts',(13.5475550963938,4.10684981919768,-0.102444903606208));
#6903=CARTESIAN_POINT('Ctrl Pts',(13.5424485318001,4.10591054517527,-0.0931261956744737));
#6904=CARTESIAN_POINT('Ctrl Pts',(13.5339836347078,4.1038140628231,-0.07190746459192));
#6905=CARTESIAN_POINT('Ctrl Pts',(13.5241758926951,4.10247174329267,-0.0347813728566732));
#6906=CARTESIAN_POINT('Ctrl Pts',(13.5227009704526,4.10255328380693,-0.0122133503588004));
#6907=CARTESIAN_POINT('Ctrl Pts',(13.5238208788527,4.10229768744573,-1.51011402220284E-5));
#6908=CARTESIAN_POINT('Ctrl Pts',(13.5695785394272,4.1,-0.0804214605728388));
#6909=CARTESIAN_POINT('Ctrl Pts',(13.5634437690032,4.1,-0.0732082057675008));
#6910=CARTESIAN_POINT('Ctrl Pts',(13.5527275287568,4.1,-0.0572550643239388));
#6911=CARTESIAN_POINT('Ctrl Pts',(13.5424541593468,4.1,-0.0294110226720235));
#6912=CARTESIAN_POINT('Ctrl Pts',(13.5407885400589,4.1,-0.00987326925570469));
#6913=CARTESIAN_POINT('Ctrl Pts',(13.54127335374,4.1,-1.51011402220111E-5));
#6914=CARTESIAN_POINT('Ctrl Pts',(13.5792848988598,4.1,-0.0707151011402221));
#6915=CARTESIAN_POINT('Ctrl Pts',(13.573115159954,4.1,-0.0645453622344221));
#6916=CARTESIAN_POINT('Ctrl Pts',(13.5624007252328,4.1,-0.0505819974649405));
#6917=CARTESIAN_POINT('Ctrl Pts',(13.5522973404687,4.1,-0.0261902689417407));
#6918=CARTESIAN_POINT('Ctrl Pts',(13.55,4.1,-0.00874042957710526));
#6919=CARTESIAN_POINT('Ctrl Pts',(13.55,4.1,-1.51011402220111E-5));
#6920=CARTESIAN_POINT('',(13.5500004576921,4.1,-1.10520254728401E-6));
#6921=CARTESIAN_POINT('Ctrl Pts',(13.5048841351606,4.15488413516055,-0.145115864839445));
#6922=CARTESIAN_POINT('Ctrl Pts',(13.5096209137244,4.14541057803283,-0.140379086275581));
#6923=CARTESIAN_POINT('Ctrl Pts',(13.5200779242375,4.12926570272041,-0.129922075762491));
#6924=CARTESIAN_POINT('Ctrl Pts',(13.5475550963938,4.10684981919768,-0.102444903606208));
#6925=CARTESIAN_POINT('Ctrl Pts',(13.5695785394272,4.1,-0.0804214605728388));
#6926=CARTESIAN_POINT('Ctrl Pts',(13.5792848988598,4.1,-0.0707151011402221));
#6927=CARTESIAN_POINT('Origin',(13.55,4.2,0.));
#6928=CARTESIAN_POINT('Ctrl Pts',(14.6451158648394,4.90488413516056,-0.145115864839445));
#6929=CARTESIAN_POINT('Ctrl Pts',(14.6356423077117,4.90014735659669,-0.149852643403309));
#6930=CARTESIAN_POINT('Ctrl Pts',(14.6151510949237,4.89228634689006,-0.157713653109938));
#6931=CARTESIAN_POINT('Ctrl Pts',(14.5612897317219,4.88162412310747,-0.16837587689253));
#6932=CARTESIAN_POINT('Ctrl Pts',(14.519426062908,4.87928932188134,-0.170710678118656));
#6933=CARTESIAN_POINT('Ctrl Pts',(14.5000151011402,4.87928932188134,-0.170710678118656));
#6934=CARTESIAN_POINT('Ctrl Pts',(14.6403790862756,4.89541057803283,-0.140379086275581));
#6935=CARTESIAN_POINT('Ctrl Pts',(14.630988002247,4.89164394382848,-0.14505722575148));
#6936=CARTESIAN_POINT('Ctrl Pts',(14.6105063990185,4.88514697973639,-0.152944584840823));
#6937=CARTESIAN_POINT('Ctrl Pts',(14.5572328276444,4.87551731435962,-0.16305334125401));
#6938=CARTESIAN_POINT('Ctrl Pts',(14.5183476761431,4.87346146617543,-0.164882822412738));
#6939=CARTESIAN_POINT('Ctrl Pts',(14.5000151011402,4.8731186511339,-0.164540007371214));
#6940=CARTESIAN_POINT('Ctrl Pts',(14.6299220757625,4.87926570272041,-0.129922075762492));
#6941=CARTESIAN_POINT('Ctrl Pts',(14.6205332449879,4.87678431597416,-0.134555059782609));
#6942=CARTESIAN_POINT('Ctrl Pts',(14.5995347985544,4.87203018001061,-0.14229998618742));
#6943=CARTESIAN_POINT('Ctrl Pts',(14.5477290866525,4.86420267393981,-0.150585164511449));
#6944=CARTESIAN_POINT('Ctrl Pts',(14.5159984006991,4.86301375907026,-0.151547162400231));
#6945=CARTESIAN_POINT('Ctrl Pts',(14.5000151011402,4.8624025981665,-0.150574533655964));
#6946=CARTESIAN_POINT('Ctrl Pts',(14.6024449036062,4.85684981919768,-0.102444903606209));
#6947=CARTESIAN_POINT('Ctrl Pts',(14.5931261956745,4.85591054517527,-0.107551468199868));
#6948=CARTESIAN_POINT('Ctrl Pts',(14.5719074645919,4.8538140628231,-0.116016365292235));
#6949=CARTESIAN_POINT('Ctrl Pts',(14.5347813728567,4.85247174329268,-0.125824107304871));
#6950=CARTESIAN_POINT('Ctrl Pts',(14.5122133503588,4.85255328380693,-0.127299029547409));
#6951=CARTESIAN_POINT('Ctrl Pts',(14.5000151011402,4.85229768744573,-0.126179121147314));
#6952=CARTESIAN_POINT('Ctrl Pts',(14.5804214605728,4.85,-0.0804214605728404));
#6953=CARTESIAN_POINT('Ctrl Pts',(14.5732082057675,4.85,-0.0865562309967766));
#6954=CARTESIAN_POINT('Ctrl Pts',(14.5572550643239,4.85,-0.0972724712432081));
#6955=CARTESIAN_POINT('Ctrl Pts',(14.529411022672,4.85,-0.107545840653172));
#6956=CARTESIAN_POINT('Ctrl Pts',(14.5098732692557,4.85,-0.109211459941083));
#6957=CARTESIAN_POINT('Ctrl Pts',(14.5000151011402,4.85,-0.108726646259974));
#6958=CARTESIAN_POINT('Ctrl Pts',(14.5707151011402,4.85,-0.0707151011402237));
#6959=CARTESIAN_POINT('Ctrl Pts',(14.5645453622344,4.85,-0.0768848400460238));
#6960=CARTESIAN_POINT('Ctrl Pts',(14.5505819974649,4.85,-0.0875992747672419));
#6961=CARTESIAN_POINT('Ctrl Pts',(14.5261902689417,4.85,-0.097702659531274));
#6962=CARTESIAN_POINT('Ctrl Pts',(14.5087404295771,4.85,-0.100000000000002));
#6963=CARTESIAN_POINT('Ctrl Pts',(14.5000151011402,4.85,-0.100000000000002));
#6964=CARTESIAN_POINT('',(14.6451158648394,4.90488413516056,-0.145115864839445));
#6965=CARTESIAN_POINT('',(14.5000151011402,4.87928932188134,-0.170710678118656));
#6966=CARTESIAN_POINT('Ctrl Pts',(14.6451158648394,4.90488413516056,-0.145115864839445));
#6967=CARTESIAN_POINT('Ctrl Pts',(14.6356423077117,4.90014735659669,-0.149852643403309));
#6968=CARTESIAN_POINT('Ctrl Pts',(14.6151510949237,4.89228634689006,-0.157713653109938));
#6969=CARTESIAN_POINT('Ctrl Pts',(14.5612897317219,4.88162412310747,-0.16837587689253));
#6970=CARTESIAN_POINT('Ctrl Pts',(14.519426062908,4.87928932188134,-0.170710678118656));
#6971=CARTESIAN_POINT('Ctrl Pts',(14.5000151011402,4.87928932188134,-0.170710678118656));
#6972=CARTESIAN_POINT('',(14.5707151011402,4.85,-0.0707151011402237));
#6973=CARTESIAN_POINT('Ctrl Pts',(14.6451158648394,4.90488413516056,-0.145115864839445));
#6974=CARTESIAN_POINT('Ctrl Pts',(14.6403790862756,4.89541057803283,-0.140379086275581));
#6975=CARTESIAN_POINT('Ctrl Pts',(14.6299220757625,4.87926570272041,-0.129922075762492));
#6976=CARTESIAN_POINT('Ctrl Pts',(14.6024449036062,4.85684981919768,-0.102444903606209));
#6977=CARTESIAN_POINT('Ctrl Pts',(14.5804214605728,4.85,-0.0804214605728404));
#6978=CARTESIAN_POINT('Ctrl Pts',(14.5707151011402,4.85,-0.0707151011402237));
#6979=CARTESIAN_POINT('',(14.5000151011402,4.85,-0.1));
#6980=CARTESIAN_POINT('Origin',(14.5000151011402,4.85,-1.51011402225142E-5));
#6981=CARTESIAN_POINT('Origin',(14.5000151011402,4.95,-0.1));
#6982=CARTESIAN_POINT('Ctrl Pts',(14.6451158648394,4.90488413516056,-0.145115864839445));
#6983=CARTESIAN_POINT('Ctrl Pts',(14.6403790862756,4.89541057803283,-0.140379086275581));
#6984=CARTESIAN_POINT('Ctrl Pts',(14.6299220757625,4.87926570272041,-0.129922075762492));
#6985=CARTESIAN_POINT('Ctrl Pts',(14.6024449036062,4.85684981919768,-0.102444903606209));
#6986=CARTESIAN_POINT('Ctrl Pts',(14.5804214605728,4.85,-0.0804214605728404));
#6987=CARTESIAN_POINT('Ctrl Pts',(14.5707151011402,4.85,-0.0707151011402237));
#6988=CARTESIAN_POINT('Ctrl Pts',(14.6498526434033,4.90014735659669,-0.135642307711717));
#6989=CARTESIAN_POINT('Ctrl Pts',(14.6450572257515,4.89164394382848,-0.130988002246978));
#6990=CARTESIAN_POINT('Ctrl Pts',(14.6345550597826,4.87678431597416,-0.120533244987897));
#6991=CARTESIAN_POINT('Ctrl Pts',(14.6075514681999,4.85591054517527,-0.0931261956744751));
#6992=CARTESIAN_POINT('Ctrl Pts',(14.5865562309968,4.85,-0.0732082057675024));
#6993=CARTESIAN_POINT('Ctrl Pts',(14.576884840046,4.85,-0.0645453622344237));
#6994=CARTESIAN_POINT('Ctrl Pts',(14.6577136531099,4.89228634689006,-0.11515109492372));
#6995=CARTESIAN_POINT('Ctrl Pts',(14.6529445848408,4.88514697973639,-0.110506399018468));
#6996=CARTESIAN_POINT('Ctrl Pts',(14.6422999861874,4.87203018001061,-0.0995347985543506));
#6997=CARTESIAN_POINT('Ctrl Pts',(14.6160163652922,4.8538140628231,-0.0719074645919214));
#6998=CARTESIAN_POINT('Ctrl Pts',(14.5972724712432,4.85,-0.0572550643239402));
#6999=CARTESIAN_POINT('Ctrl Pts',(14.5875992747672,4.85,-0.0505819974649419));
#7000=CARTESIAN_POINT('Ctrl Pts',(14.6683758768925,4.88162412310747,-0.0612897317218962));
#7001=CARTESIAN_POINT('Ctrl Pts',(14.663053341254,4.87551731435962,-0.0572328276444031));
#7002=CARTESIAN_POINT('Ctrl Pts',(14.6505851645115,4.86420267393981,-0.0477290866524838));
#7003=CARTESIAN_POINT('Ctrl Pts',(14.6258241073049,4.85247174329267,-0.0347813728566742));
#7004=CARTESIAN_POINT('Ctrl Pts',(14.6075458406532,4.85,-0.0294110226720246));
#7005=CARTESIAN_POINT('Ctrl Pts',(14.5977026595313,4.85,-0.0261902689417417));
#7006=CARTESIAN_POINT('Ctrl Pts',(14.6707106781187,4.87928932188134,-0.0194260629080048));
#7007=CARTESIAN_POINT('Ctrl Pts',(14.6648828224127,4.87346146617543,-0.018347676143128));
#7008=CARTESIAN_POINT('Ctrl Pts',(14.6515471624002,4.86301375907026,-0.0159984006990986));
#7009=CARTESIAN_POINT('Ctrl Pts',(14.6272990295474,4.85255328380693,-0.0122133503588011));
#7010=CARTESIAN_POINT('Ctrl Pts',(14.6092114599411,4.85,-0.00987326925570532));
#7011=CARTESIAN_POINT('Ctrl Pts',(14.6,4.85,-0.00874042957710586));
#7012=CARTESIAN_POINT('Ctrl Pts',(14.6707106781187,4.87928932188134,-1.51011402225142E-5));
#7013=CARTESIAN_POINT('Ctrl Pts',(14.6645400073712,4.8731186511339,-1.51011402225132E-5));
#7014=CARTESIAN_POINT('Ctrl Pts',(14.650574533656,4.8624025981665,-1.51011402225102E-5));
#7015=CARTESIAN_POINT('Ctrl Pts',(14.6261791211473,4.85229768744573,-1.51011402225293E-5));
#7016=CARTESIAN_POINT('Ctrl Pts',(14.60872664626,4.85,-1.51011402224814E-5));
#7017=CARTESIAN_POINT('Ctrl Pts',(14.6,4.85,-1.51011402224795E-5));
#7018=CARTESIAN_POINT('',(14.6707106781187,4.87928932188134,0.));
#7019=CARTESIAN_POINT('Ctrl Pts',(14.6451158648394,4.90488413516056,-0.145115864839445));
#7020=CARTESIAN_POINT('Ctrl Pts',(14.6498526434033,4.90014735659669,-0.135642307711717));
#7021=CARTESIAN_POINT('Ctrl Pts',(14.6577136531099,4.89228634689006,-0.11515109492372));
#7022=CARTESIAN_POINT('Ctrl Pts',(14.6683758768925,4.88162412310747,-0.0612897317218962));
#7023=CARTESIAN_POINT('Ctrl Pts',(14.6707106781187,4.87928932188134,-0.0194260629080048));
#7024=CARTESIAN_POINT('Ctrl Pts',(14.6707106781187,4.87928932188134,-1.51011402225142E-5));
#7025=CARTESIAN_POINT('',(14.6,4.85,0.));
#7026=CARTESIAN_POINT('Origin',(14.6,4.95,0.));
#7027=CARTESIAN_POINT('Origin',(14.5000151011402,4.85,-1.51011402225142E-5));
#7028=CARTESIAN_POINT('Ctrl Pts',(14.6451158648394,4.90488413516056,-0.145115864839445));
#7029=CARTESIAN_POINT('Ctrl Pts',(14.6498526434033,4.90014735659669,-0.135642307711717));
#7030=CARTESIAN_POINT('Ctrl Pts',(14.6577136531099,4.89228634689006,-0.11515109492372));
#7031=CARTESIAN_POINT('Ctrl Pts',(14.6683758768925,4.88162412310747,-0.0612897317218962));
#7032=CARTESIAN_POINT('Ctrl Pts',(14.6707106781187,4.87928932188134,-0.0194260629080048));
#7033=CARTESIAN_POINT('Ctrl Pts',(14.6707106781187,4.87928932188134,-1.51011402225142E-5));
#7034=CARTESIAN_POINT('Ctrl Pts',(14.6545894219672,4.90962091372442,-0.140379086275581));
#7035=CARTESIAN_POINT('Ctrl Pts',(14.6583560561715,4.90494277424852,-0.130988002246977));
#7036=CARTESIAN_POINT('Ctrl Pts',(14.6648530202636,4.89705541515918,-0.110506399018468));
#7037=CARTESIAN_POINT('Ctrl Pts',(14.6744826856404,4.88694665874599,-0.057232827644403));
#7038=CARTESIAN_POINT('Ctrl Pts',(14.6765385338246,4.88511717758726,-0.0183476761431279));
#7039=CARTESIAN_POINT('Ctrl Pts',(14.6768813488661,4.88545999262879,-1.51011402225142E-5));
#7040=CARTESIAN_POINT('Ctrl Pts',(14.6707342972796,4.92007792423751,-0.129922075762491));
#7041=CARTESIAN_POINT('Ctrl Pts',(14.6732156840258,4.91544494021739,-0.120533244987897));
#7042=CARTESIAN_POINT('Ctrl Pts',(14.6779698199894,4.90770001381258,-0.0995347985543501));
#7043=CARTESIAN_POINT('Ctrl Pts',(14.6857973260602,4.89941483548855,-0.0477290866524833));
#7044=CARTESIAN_POINT('Ctrl Pts',(14.6869862409297,4.89845283759977,-0.0159984006990985));
#7045=CARTESIAN_POINT('Ctrl Pts',(14.6875974018335,4.89942546634404,-1.51011402225142E-5));
#7046=CARTESIAN_POINT('Ctrl Pts',(14.6931501808023,4.94755509639379,-0.102444903606208));
#7047=CARTESIAN_POINT('Ctrl Pts',(14.6940894548247,4.94244853180013,-0.093126195674474));
#7048=CARTESIAN_POINT('Ctrl Pts',(14.6961859371769,4.93398363470777,-0.0719074645919204));
#7049=CARTESIAN_POINT('Ctrl Pts',(14.6975282567073,4.92417589269513,-0.0347813728566737));
#7050=CARTESIAN_POINT('Ctrl Pts',(14.6974467161931,4.92270097045259,-0.0122133503588009));
#7051=CARTESIAN_POINT('Ctrl Pts',(14.6977023125543,4.92382087885269,-1.51011402225142E-5));
#7052=CARTESIAN_POINT('Ctrl Pts',(14.7,4.96957853942716,-0.080421460572839));
#7053=CARTESIAN_POINT('Ctrl Pts',(14.7,4.96344376900322,-0.073208205767501));
#7054=CARTESIAN_POINT('Ctrl Pts',(14.7,4.9527275287568,-0.0572550643239391));
#7055=CARTESIAN_POINT('Ctrl Pts',(14.7,4.94245415934683,-0.0294110226720239));
#7056=CARTESIAN_POINT('Ctrl Pts',(14.7,4.94078854005892,-0.00987326925570515));
#7057=CARTESIAN_POINT('Ctrl Pts',(14.7,4.94127335374003,-1.51011402224968E-5));
#7058=CARTESIAN_POINT('Ctrl Pts',(14.7,4.97928489885978,-0.0707151011402223));
#7059=CARTESIAN_POINT('Ctrl Pts',(14.7,4.97311515995398,-0.0645453622344224));
#7060=CARTESIAN_POINT('Ctrl Pts',(14.7,4.96240072523276,-0.0505819974649409));
#7061=CARTESIAN_POINT('Ctrl Pts',(14.7,4.95229734046873,-0.0261902689417411));
#7062=CARTESIAN_POINT('Ctrl Pts',(14.7,4.95,-0.00874042957710572));
#7063=CARTESIAN_POINT('Ctrl Pts',(14.7,4.95,-1.51011402225055E-5));
#7064=CARTESIAN_POINT('',(14.7,4.97928489885978,-0.0707151011402223));
#7065=CARTESIAN_POINT('Ctrl Pts',(14.6451158648394,4.90488413516056,-0.145115864839445));
#7066=CARTESIAN_POINT('Ctrl Pts',(14.6545894219672,4.90962091372442,-0.140379086275581));
#7067=CARTESIAN_POINT('Ctrl Pts',(14.6707342972796,4.92007792423751,-0.129922075762491));
#7068=CARTESIAN_POINT('Ctrl Pts',(14.6931501808023,4.94755509639379,-0.102444903606208));
#7069=CARTESIAN_POINT('Ctrl Pts',(14.7,4.96957853942716,-0.080421460572839));
#7070=CARTESIAN_POINT('Ctrl Pts',(14.7,4.97928489885978,-0.0707151011402223));
#7071=CARTESIAN_POINT('',(14.7,4.95,0.));
#7072=CARTESIAN_POINT('Origin',(14.7,5.04998489885978,-1.51011402225142E-5));
#7073=CARTESIAN_POINT('Origin',(14.6,4.95,0.));
#7074=CARTESIAN_POINT('Ctrl Pts',(14.6451158648394,4.90488413516056,-0.145115864839445));
#7075=CARTESIAN_POINT('Ctrl Pts',(14.6545894219672,4.90962091372442,-0.140379086275581));
#7076=CARTESIAN_POINT('Ctrl Pts',(14.6707342972796,4.92007792423751,-0.129922075762491));
#7077=CARTESIAN_POINT('Ctrl Pts',(14.6931501808023,4.94755509639379,-0.102444903606208));
#7078=CARTESIAN_POINT('Ctrl Pts',(14.7,4.96957853942716,-0.080421460572839));
#7079=CARTESIAN_POINT('Ctrl Pts',(14.7,4.97928489885978,-0.0707151011402223));
#7080=CARTESIAN_POINT('Ctrl Pts',(14.6498526434033,4.91435769228828,-0.149852643403309));
#7081=CARTESIAN_POINT('Ctrl Pts',(14.6583560561715,4.91901199775302,-0.14505722575148));
#7082=CARTESIAN_POINT('Ctrl Pts',(14.6732156840258,4.9294667550121,-0.134555059782609));
#7083=CARTESIAN_POINT('Ctrl Pts',(14.6940894548247,4.95687380432553,-0.107551468199867));
#7084=CARTESIAN_POINT('Ctrl Pts',(14.7,4.9767917942325,-0.0865562309967751));
#7085=CARTESIAN_POINT('Ctrl Pts',(14.7,4.98545463776558,-0.0768848400460222));
#7086=CARTESIAN_POINT('Ctrl Pts',(14.6577136531099,4.93484890507628,-0.157713653109937));
#7087=CARTESIAN_POINT('Ctrl Pts',(14.6648530202636,4.93949360098153,-0.152944584840823));
#7088=CARTESIAN_POINT('Ctrl Pts',(14.6779698199894,4.95046520144565,-0.142299986187419));
#7089=CARTESIAN_POINT('Ctrl Pts',(14.6961859371769,4.97809253540808,-0.116016365292233));
#7090=CARTESIAN_POINT('Ctrl Pts',(14.7,4.99274493567606,-0.0972724712432062));
#7091=CARTESIAN_POINT('Ctrl Pts',(14.7,4.99941800253506,-0.08759927476724));
#7092=CARTESIAN_POINT('Ctrl Pts',(14.6683758768925,4.9887102682781,-0.168375876892529));
#7093=CARTESIAN_POINT('Ctrl Pts',(14.6744826856404,4.9927671723556,-0.163053341254009));
#7094=CARTESIAN_POINT('Ctrl Pts',(14.6857973260602,5.00227091334752,-0.150585164511448));
#7095=CARTESIAN_POINT('Ctrl Pts',(14.6975282567073,5.01521862714332,-0.125824107304869));
#7096=CARTESIAN_POINT('Ctrl Pts',(14.7,5.02058897732798,-0.107545840653169));
#7097=CARTESIAN_POINT('Ctrl Pts',(14.7,5.02380973105826,-0.097702659531272));
#7098=CARTESIAN_POINT('Ctrl Pts',(14.6707106781187,5.030573937092,-0.170710678118655));
#7099=CARTESIAN_POINT('Ctrl Pts',(14.6765385338246,5.03165232385687,-0.164882822412737));
#7100=CARTESIAN_POINT('Ctrl Pts',(14.6869862409297,5.0340015993009,-0.15154716240023));
#7101=CARTESIAN_POINT('Ctrl Pts',(14.6974467161931,5.0377866496412,-0.127299029547407));
#7102=CARTESIAN_POINT('Ctrl Pts',(14.7,5.0401267307443,-0.109211459941081));
#7103=CARTESIAN_POINT('Ctrl Pts',(14.7,5.04125957042289,-0.1));
#7104=CARTESIAN_POINT('Ctrl Pts',(14.6707106781187,5.04998489885978,-0.170710678118655));
#7105=CARTESIAN_POINT('Ctrl Pts',(14.6768813488661,5.04998489885978,-0.164540007371213));
#7106=CARTESIAN_POINT('Ctrl Pts',(14.6875974018335,5.04998489885978,-0.150574533655963));
#7107=CARTESIAN_POINT('Ctrl Pts',(14.6977023125543,5.04998489885978,-0.126179121147312));
#7108=CARTESIAN_POINT('Ctrl Pts',(14.7,5.04998489885978,-0.108726646259972));
#7109=CARTESIAN_POINT('Ctrl Pts',(14.7,5.04998489885978,-0.1));
#7110=CARTESIAN_POINT('',(14.6707106781187,5.04998489885978,-0.170710678118655));
#7111=CARTESIAN_POINT('Ctrl Pts',(14.6451158648394,4.90488413516056,-0.145115864839445));
#7112=CARTESIAN_POINT('Ctrl Pts',(14.6498526434033,4.91435769228828,-0.149852643403309));
#7113=CARTESIAN_POINT('Ctrl Pts',(14.6577136531099,4.93484890507628,-0.157713653109937));
#7114=CARTESIAN_POINT('Ctrl Pts',(14.6683758768925,4.9887102682781,-0.168375876892529));
#7115=CARTESIAN_POINT('Ctrl Pts',(14.6707106781187,5.030573937092,-0.170710678118655));
#7116=CARTESIAN_POINT('Ctrl Pts',(14.6707106781187,5.04998489885978,-0.170710678118655));
#7117=CARTESIAN_POINT('',(14.7,5.04998489885978,-0.1));
#7118=CARTESIAN_POINT('Origin',(14.6,5.04998489885978,-0.1));
#7119=CARTESIAN_POINT('Origin',(14.7,5.04998489885978,-1.51011402225142E-5));
#7120=CARTESIAN_POINT('Ctrl Pts',(14.6451158648394,4.90488413516056,-0.145115864839445));
#7121=CARTESIAN_POINT('Ctrl Pts',(14.6498526434033,4.91435769228828,-0.149852643403309));
#7122=CARTESIAN_POINT('Ctrl Pts',(14.6577136531099,4.93484890507628,-0.157713653109937));
#7123=CARTESIAN_POINT('Ctrl Pts',(14.6683758768925,4.9887102682781,-0.168375876892529));
#7124=CARTESIAN_POINT('Ctrl Pts',(14.6707106781187,5.030573937092,-0.170710678118655));
#7125=CARTESIAN_POINT('Ctrl Pts',(14.6707106781187,5.04998489885978,-0.170710678118655));
#7126=CARTESIAN_POINT('Ctrl Pts',(14.6403790862756,4.90962091372442,-0.154589421967173));
#7127=CARTESIAN_POINT('Ctrl Pts',(14.6450572257515,4.91901199775302,-0.158356056171525));
#7128=CARTESIAN_POINT('Ctrl Pts',(14.6529445848408,4.93949360098153,-0.164853020263608));
#7129=CARTESIAN_POINT('Ctrl Pts',(14.663053341254,4.9927671723556,-0.174482685640381));
#7130=CARTESIAN_POINT('Ctrl Pts',(14.6648828224127,5.03165232385687,-0.176538533824572));
#7131=CARTESIAN_POINT('Ctrl Pts',(14.6645400073712,5.04998489885978,-0.176881348866097));
#7132=CARTESIAN_POINT('Ctrl Pts',(14.6299220757625,4.92007792423751,-0.17073429727959));
#7133=CARTESIAN_POINT('Ctrl Pts',(14.6345550597826,4.9294667550121,-0.173215684025845));
#7134=CARTESIAN_POINT('Ctrl Pts',(14.6422999861874,4.95046520144565,-0.177969819989394));
#7135=CARTESIAN_POINT('Ctrl Pts',(14.6505851645114,5.00227091334751,-0.185797326060185));
#7136=CARTESIAN_POINT('Ctrl Pts',(14.6515471624002,5.0340015993009,-0.186986240929737));
#7137=CARTESIAN_POINT('Ctrl Pts',(14.650574533656,5.04998489885978,-0.1875974018335));
#7138=CARTESIAN_POINT('Ctrl Pts',(14.6024449036062,4.94755509639379,-0.193150180802315));
#7139=CARTESIAN_POINT('Ctrl Pts',(14.6075514681999,4.95687380432553,-0.194089454824728));
#7140=CARTESIAN_POINT('Ctrl Pts',(14.6160163652922,4.97809253540808,-0.196185937176898));
#7141=CARTESIAN_POINT('Ctrl Pts',(14.6258241073049,5.01521862714333,-0.197528256707329));
#7142=CARTESIAN_POINT('Ctrl Pts',(14.6272990295474,5.0377866496412,-0.197446716193067));
#7143=CARTESIAN_POINT('Ctrl Pts',(14.6261791211473,5.04998489885978,-0.197702312554269));
#7144=CARTESIAN_POINT('Ctrl Pts',(14.5804214605728,4.96957853942716,-0.2));
#7145=CARTESIAN_POINT('Ctrl Pts',(14.5865562309968,4.9767917942325,-0.2));
#7146=CARTESIAN_POINT('Ctrl Pts',(14.5972724712432,4.99274493567606,-0.2));
#7147=CARTESIAN_POINT('Ctrl Pts',(14.6075458406532,5.02058897732797,-0.2));
#7148=CARTESIAN_POINT('Ctrl Pts',(14.6092114599411,5.04012673074429,-0.2));
#7149=CARTESIAN_POINT('Ctrl Pts',(14.60872664626,5.04998489885978,-0.2));
#7150=CARTESIAN_POINT('Ctrl Pts',(14.5707151011402,4.97928489885978,-0.2));
#7151=CARTESIAN_POINT('Ctrl Pts',(14.576884840046,4.98545463776558,-0.2));
#7152=CARTESIAN_POINT('Ctrl Pts',(14.5875992747672,4.99941800253506,-0.2));
#7153=CARTESIAN_POINT('Ctrl Pts',(14.5977026595313,5.02380973105826,-0.2));
#7154=CARTESIAN_POINT('Ctrl Pts',(14.6,5.04125957042289,-0.2));
#7155=CARTESIAN_POINT('Ctrl Pts',(14.6,5.04998489885978,-0.2));
#7156=CARTESIAN_POINT('',(14.5707151011402,4.97928489885978,-0.2));
#7157=CARTESIAN_POINT('Ctrl Pts',(14.6451158648394,4.90488413516056,-0.145115864839445));
#7158=CARTESIAN_POINT('Ctrl Pts',(14.6403790862756,4.90962091372442,-0.154589421967173));
#7159=CARTESIAN_POINT('Ctrl Pts',(14.6299220757625,4.92007792423751,-0.17073429727959));
#7160=CARTESIAN_POINT('Ctrl Pts',(14.6024449036062,4.94755509639379,-0.193150180802315));
#7161=CARTESIAN_POINT('Ctrl Pts',(14.5804214605728,4.96957853942716,-0.2));
#7162=CARTESIAN_POINT('Ctrl Pts',(14.5707151011402,4.97928489885978,-0.2));
#7163=CARTESIAN_POINT('',(14.6,5.04998489885978,-0.2));
#7164=CARTESIAN_POINT('Origin',(14.5000151011402,5.04998489885978,-0.2));
#7165=CARTESIAN_POINT('Origin',(14.6,5.04998489885978,-0.1));
#7166=CARTESIAN_POINT('Ctrl Pts',(13.8951158648394,4.15488413516055,-0.145115864839445));
#7167=CARTESIAN_POINT('Ctrl Pts',(13.9045894219672,4.15962091372442,-0.140379086275581));
#7168=CARTESIAN_POINT('Ctrl Pts',(13.9207342972796,4.17007792423751,-0.129922075762491));
#7169=CARTESIAN_POINT('Ctrl Pts',(13.9431501808023,4.19755509639379,-0.102444903606208));
#7170=CARTESIAN_POINT('Ctrl Pts',(13.95,4.21957853942716,-0.0804214605728389));
#7171=CARTESIAN_POINT('Ctrl Pts',(13.95,4.22928489885978,-0.0707151011402222));
#7172=CARTESIAN_POINT('Ctrl Pts',(13.8998526434033,4.16435769228828,-0.149852643403309));
#7173=CARTESIAN_POINT('Ctrl Pts',(13.9083560561715,4.16901199775302,-0.145057225751479));
#7174=CARTESIAN_POINT('Ctrl Pts',(13.9232156840259,4.17946675501211,-0.134555059782608));
#7175=CARTESIAN_POINT('Ctrl Pts',(13.9440894548247,4.20687380432553,-0.107551468199867));
#7176=CARTESIAN_POINT('Ctrl Pts',(13.95,4.2267917942325,-0.086556230996775));
#7177=CARTESIAN_POINT('Ctrl Pts',(13.95,4.23545463776558,-0.0768848400460221));
#7178=CARTESIAN_POINT('Ctrl Pts',(13.9077136531099,4.18484890507628,-0.157713653109937));
#7179=CARTESIAN_POINT('Ctrl Pts',(13.9148530202636,4.18949360098153,-0.152944584840822));
#7180=CARTESIAN_POINT('Ctrl Pts',(13.9279698199894,4.20046520144565,-0.142299986187419));
#7181=CARTESIAN_POINT('Ctrl Pts',(13.9461859371769,4.22809253540808,-0.116016365292233));
#7182=CARTESIAN_POINT('Ctrl Pts',(13.95,4.24274493567606,-0.0972724712432061));
#7183=CARTESIAN_POINT('Ctrl Pts',(13.95,4.24941800253506,-0.08759927476724));
#7184=CARTESIAN_POINT('Ctrl Pts',(13.9183758768925,4.2387102682781,-0.168375876892529));
#7185=CARTESIAN_POINT('Ctrl Pts',(13.9244826856404,4.2427671723556,-0.163053341254009));
#7186=CARTESIAN_POINT('Ctrl Pts',(13.9357973260602,4.25227091334752,-0.150585164511448));
#7187=CARTESIAN_POINT('Ctrl Pts',(13.9475282567073,4.26521862714333,-0.125824107304869));
#7188=CARTESIAN_POINT('Ctrl Pts',(13.95,4.27058897732798,-0.107545840653169));
#7189=CARTESIAN_POINT('Ctrl Pts',(13.95,4.27380973105826,-0.097702659531272));
#7190=CARTESIAN_POINT('Ctrl Pts',(13.9207106781187,4.280573937092,-0.170710678118655));
#7191=CARTESIAN_POINT('Ctrl Pts',(13.9265385338246,4.28165232385687,-0.164882822412737));
#7192=CARTESIAN_POINT('Ctrl Pts',(13.9369862409297,4.2840015993009,-0.15154716240023));
#7193=CARTESIAN_POINT('Ctrl Pts',(13.9474467161931,4.2877866496412,-0.127299029547407));
#7194=CARTESIAN_POINT('Ctrl Pts',(13.95,4.2901267307443,-0.109211459941081));
#7195=CARTESIAN_POINT('Ctrl Pts',(13.95,4.29125957042289,-0.1));
#7196=CARTESIAN_POINT('Ctrl Pts',(13.9207106781187,4.29998489885978,-0.170710678118655));
#7197=CARTESIAN_POINT('Ctrl Pts',(13.9268813488661,4.29998489885978,-0.164540007371213));
#7198=CARTESIAN_POINT('Ctrl Pts',(13.9375974018335,4.29998489885978,-0.150574533655963));
#7199=CARTESIAN_POINT('Ctrl Pts',(13.9477023125543,4.29998489885978,-0.126179121147312));
#7200=CARTESIAN_POINT('Ctrl Pts',(13.95,4.29998489885978,-0.108726646259972));
#7201=CARTESIAN_POINT('Ctrl Pts',(13.95,4.29998489885978,-0.1));
#7202=CARTESIAN_POINT('',(13.8540432229142,4.11067298143542,-0.0422493365782646));
#7203=CARTESIAN_POINT('',(13.95,4.20000045769212,-1.1052025473534E-6));
#7204=CARTESIAN_POINT('Ctrl Pts',(13.8951158648394,4.15488413516055,-0.145115864839445));
#7205=CARTESIAN_POINT('Ctrl Pts',(13.9045894219672,4.15962091372442,-0.140379086275581));
#7206=CARTESIAN_POINT('Ctrl Pts',(13.9207342972796,4.17007792423751,-0.129922075762491));
#7207=CARTESIAN_POINT('Ctrl Pts',(13.9431501808023,4.19755509639379,-0.102444903606208));
#7208=CARTESIAN_POINT('Ctrl Pts',(13.95,4.21957853942716,-0.0804214605728389));
#7209=CARTESIAN_POINT('Ctrl Pts',(13.95,4.22928489885978,-0.0707151011402222));
#7210=CARTESIAN_POINT('',(13.9207106781187,4.29998489885978,-0.170710678118655));
#7211=CARTESIAN_POINT('Ctrl Pts',(13.8951158648394,4.15488413516055,-0.145115864839445));
#7212=CARTESIAN_POINT('Ctrl Pts',(13.8998526434033,4.16435769228828,-0.149852643403309));
#7213=CARTESIAN_POINT('Ctrl Pts',(13.9077136531099,4.18484890507628,-0.157713653109937));
#7214=CARTESIAN_POINT('Ctrl Pts',(13.9183758768925,4.2387102682781,-0.168375876892529));
#7215=CARTESIAN_POINT('Ctrl Pts',(13.9207106781187,4.280573937092,-0.170710678118655));
#7216=CARTESIAN_POINT('Ctrl Pts',(13.9207106781187,4.29998489885978,-0.170710678118655));
#7217=CARTESIAN_POINT('',(13.95,4.29998489885978,-0.1));
#7218=CARTESIAN_POINT('Origin',(13.85,4.29998489885978,-0.1));
#7219=CARTESIAN_POINT('Origin',(13.95,4.29998489885978,-1.51011402221499E-5));
#7220=CARTESIAN_POINT('Ctrl Pts',(13.8951158648394,4.15488413516055,-0.145115864839445));
#7221=CARTESIAN_POINT('Ctrl Pts',(13.8998526434033,4.16435769228828,-0.149852643403309));
#7222=CARTESIAN_POINT('Ctrl Pts',(13.9077136531099,4.18484890507628,-0.157713653109937));
#7223=CARTESIAN_POINT('Ctrl Pts',(13.9183758768925,4.2387102682781,-0.168375876892529));
#7224=CARTESIAN_POINT('Ctrl Pts',(13.9207106781187,4.280573937092,-0.170710678118655));
#7225=CARTESIAN_POINT('Ctrl Pts',(13.9207106781187,4.29998489885978,-0.170710678118655));
#7226=CARTESIAN_POINT('Ctrl Pts',(13.8903790862756,4.15962091372442,-0.154589421967173));
#7227=CARTESIAN_POINT('Ctrl Pts',(13.8950572257515,4.16901199775302,-0.158356056171524));
#7228=CARTESIAN_POINT('Ctrl Pts',(13.9029445848408,4.18949360098153,-0.164853020263608));
#7229=CARTESIAN_POINT('Ctrl Pts',(13.913053341254,4.2427671723556,-0.174482685640382));
#7230=CARTESIAN_POINT('Ctrl Pts',(13.9148828224127,4.28165232385687,-0.176538533824572));
#7231=CARTESIAN_POINT('Ctrl Pts',(13.9145400073712,4.29998489885978,-0.176881348866097));
#7232=CARTESIAN_POINT('Ctrl Pts',(13.8799220757625,4.17007792423751,-0.170734297279589));
#7233=CARTESIAN_POINT('Ctrl Pts',(13.8845550597826,4.1794667550121,-0.173215684025845));
#7234=CARTESIAN_POINT('Ctrl Pts',(13.8922999861874,4.20046520144565,-0.177969819989393));
#7235=CARTESIAN_POINT('Ctrl Pts',(13.9005851645115,4.25227091334752,-0.185797326060185));
#7236=CARTESIAN_POINT('Ctrl Pts',(13.9015471624002,4.2840015993009,-0.186986240929737));
#7237=CARTESIAN_POINT('Ctrl Pts',(13.900574533656,4.29998489885978,-0.1875974018335));
#7238=CARTESIAN_POINT('Ctrl Pts',(13.8524449036062,4.19755509639379,-0.193150180802315));
#7239=CARTESIAN_POINT('Ctrl Pts',(13.8575514681999,4.20687380432553,-0.194089454824728));
#7240=CARTESIAN_POINT('Ctrl Pts',(13.8660163652922,4.22809253540808,-0.196185937176898));
#7241=CARTESIAN_POINT('Ctrl Pts',(13.8758241073049,4.26521862714333,-0.197528256707329));
#7242=CARTESIAN_POINT('Ctrl Pts',(13.8772990295474,4.2877866496412,-0.197446716193067));
#7243=CARTESIAN_POINT('Ctrl Pts',(13.8761791211473,4.29998489885978,-0.197702312554269));
#7244=CARTESIAN_POINT('Ctrl Pts',(13.8304214605728,4.21957853942716,-0.2));
#7245=CARTESIAN_POINT('Ctrl Pts',(13.8365562309968,4.2267917942325,-0.2));
#7246=CARTESIAN_POINT('Ctrl Pts',(13.8472724712432,4.24274493567606,-0.2));
#7247=CARTESIAN_POINT('Ctrl Pts',(13.8575458406532,4.27058897732798,-0.2));
#7248=CARTESIAN_POINT('Ctrl Pts',(13.8592114599411,4.2901267307443,-0.2));
#7249=CARTESIAN_POINT('Ctrl Pts',(13.85872664626,4.29998489885978,-0.2));
#7250=CARTESIAN_POINT('Ctrl Pts',(13.8207151011402,4.22928489885978,-0.2));
#7251=CARTESIAN_POINT('Ctrl Pts',(13.826884840046,4.23545463776558,-0.2));
#7252=CARTESIAN_POINT('Ctrl Pts',(13.8375992747672,4.24941800253506,-0.2));
#7253=CARTESIAN_POINT('Ctrl Pts',(13.8477026595313,4.27380973105826,-0.2));
#7254=CARTESIAN_POINT('Ctrl Pts',(13.85,4.29125957042289,-0.2));
#7255=CARTESIAN_POINT('Ctrl Pts',(13.85,4.29998489885978,-0.2));
#7256=CARTESIAN_POINT('',(13.8207151011402,4.22928489885978,-0.2));
#7257=CARTESIAN_POINT('Ctrl Pts',(13.8951158648394,4.15488413516055,-0.145115864839445));
#7258=CARTESIAN_POINT('Ctrl Pts',(13.8903790862756,4.15962091372442,-0.154589421967173));
#7259=CARTESIAN_POINT('Ctrl Pts',(13.8799220757625,4.17007792423751,-0.170734297279589));
#7260=CARTESIAN_POINT('Ctrl Pts',(13.8524449036062,4.19755509639379,-0.193150180802315));
#7261=CARTESIAN_POINT('Ctrl Pts',(13.8304214605728,4.21957853942716,-0.2));
#7262=CARTESIAN_POINT('Ctrl Pts',(13.8207151011402,4.22928489885978,-0.2));
#7263=CARTESIAN_POINT('',(13.85,4.29998489885978,-0.2));
#7264=CARTESIAN_POINT('Origin',(13.7500151011402,4.29998489885978,-0.2));
#7265=CARTESIAN_POINT('Origin',(13.85,4.29998489885978,-0.1));
#7266=CARTESIAN_POINT('Ctrl Pts',(13.8951158648394,4.15488413516055,-0.145115864839445));
#7267=CARTESIAN_POINT('Ctrl Pts',(13.8903790862756,4.15962091372442,-0.154589421967173));
#7268=CARTESIAN_POINT('Ctrl Pts',(13.8799220757625,4.17007792423751,-0.170734297279589));
#7269=CARTESIAN_POINT('Ctrl Pts',(13.8524449036062,4.19755509639379,-0.193150180802315));
#7270=CARTESIAN_POINT('Ctrl Pts',(13.8304214605728,4.21957853942716,-0.2));
#7271=CARTESIAN_POINT('Ctrl Pts',(13.8207151011402,4.22928489885978,-0.2));
#7272=CARTESIAN_POINT('Ctrl Pts',(13.8856423077117,4.15014735659669,-0.149852643403309));
#7273=CARTESIAN_POINT('Ctrl Pts',(13.880988002247,4.15494277424852,-0.158356056171524));
#7274=CARTESIAN_POINT('Ctrl Pts',(13.8705332449879,4.16544494021739,-0.173215684025845));
#7275=CARTESIAN_POINT('Ctrl Pts',(13.8431261956745,4.19244853180014,-0.194089454824728));
#7276=CARTESIAN_POINT('Ctrl Pts',(13.8232082057675,4.21344376900323,-0.2));
#7277=CARTESIAN_POINT('Ctrl Pts',(13.8145453622344,4.22311515995398,-0.2));
#7278=CARTESIAN_POINT('Ctrl Pts',(13.8651510949237,4.14228634689007,-0.157713653109936));
#7279=CARTESIAN_POINT('Ctrl Pts',(13.8605063990185,4.14705541515918,-0.164853020263608));
#7280=CARTESIAN_POINT('Ctrl Pts',(13.8495347985544,4.15770001381258,-0.177969819989393));
#7281=CARTESIAN_POINT('Ctrl Pts',(13.8219074645919,4.18398363470777,-0.196185937176898));
#7282=CARTESIAN_POINT('Ctrl Pts',(13.8072550643239,4.20272752875679,-0.2));
#7283=CARTESIAN_POINT('Ctrl Pts',(13.8005819974649,4.21240072523276,-0.2));
#7284=CARTESIAN_POINT('Ctrl Pts',(13.8112897317219,4.13162412310747,-0.168375876892529));
#7285=CARTESIAN_POINT('Ctrl Pts',(13.8072328276444,4.13694665874599,-0.174482685640381));
#7286=CARTESIAN_POINT('Ctrl Pts',(13.7977290866525,4.14941483548855,-0.185797326060185));
#7287=CARTESIAN_POINT('Ctrl Pts',(13.7847813728567,4.17417589269513,-0.197528256707329));
#7288=CARTESIAN_POINT('Ctrl Pts',(13.779411022672,4.19245415934683,-0.2));
#7289=CARTESIAN_POINT('Ctrl Pts',(13.7761902689417,4.20229734046873,-0.2));
#7290=CARTESIAN_POINT('Ctrl Pts',(13.769426062908,4.12928932188135,-0.170710678118655));
#7291=CARTESIAN_POINT('Ctrl Pts',(13.7683476761431,4.13511717758726,-0.176538533824572));
#7292=CARTESIAN_POINT('Ctrl Pts',(13.7659984006991,4.14845283759977,-0.186986240929737));
#7293=CARTESIAN_POINT('Ctrl Pts',(13.7622133503588,4.17270097045259,-0.197446716193067));
#7294=CARTESIAN_POINT('Ctrl Pts',(13.7598732692557,4.19078854005892,-0.2));
#7295=CARTESIAN_POINT('Ctrl Pts',(13.7587404295771,4.2,-0.2));
#7296=CARTESIAN_POINT('Ctrl Pts',(13.7500151011402,4.12928932188135,-0.170710678118655));
#7297=CARTESIAN_POINT('Ctrl Pts',(13.7500151011402,4.13545999262879,-0.176881348866097));
#7298=CARTESIAN_POINT('Ctrl Pts',(13.7500151011402,4.14942546634404,-0.187597401833499));
#7299=CARTESIAN_POINT('Ctrl Pts',(13.7500151011402,4.17382087885269,-0.197702312554269));
#7300=CARTESIAN_POINT('Ctrl Pts',(13.7500151011402,4.19127335374003,-0.2));
#7301=CARTESIAN_POINT('Ctrl Pts',(13.7500151011402,4.2,-0.2));
#7302=CARTESIAN_POINT('',(13.7500151011402,4.12928932188135,-0.170710678118655));
#7303=CARTESIAN_POINT('Ctrl Pts',(13.8951158648394,4.15488413516055,-0.145115864839445));
#7304=CARTESIAN_POINT('Ctrl Pts',(13.8856423077117,4.15014735659669,-0.149852643403309));
#7305=CARTESIAN_POINT('Ctrl Pts',(13.8651510949237,4.14228634689007,-0.157713653109936));
#7306=CARTESIAN_POINT('Ctrl Pts',(13.8112897317219,4.13162412310747,-0.168375876892529));
#7307=CARTESIAN_POINT('Ctrl Pts',(13.769426062908,4.12928932188135,-0.170710678118655));
#7308=CARTESIAN_POINT('Ctrl Pts',(13.7500151011402,4.12928932188135,-0.170710678118655));
#7309=CARTESIAN_POINT('',(13.7500151011402,4.2,-0.2));
#7310=CARTESIAN_POINT('Origin',(13.7500151011402,4.2,-0.1));
#7311=CARTESIAN_POINT('Origin',(13.7500151011402,4.29998489885978,-0.2));
#7312=CARTESIAN_POINT('Ctrl Pts',(13.8951158648394,4.15488413516055,-0.145115864839445));
#7313=CARTESIAN_POINT('Ctrl Pts',(13.8856423077117,4.15014735659669,-0.149852643403309));
#7314=CARTESIAN_POINT('Ctrl Pts',(13.8651510949237,4.14228634689007,-0.157713653109936));
#7315=CARTESIAN_POINT('Ctrl Pts',(13.8112897317219,4.13162412310747,-0.168375876892529));
#7316=CARTESIAN_POINT('Ctrl Pts',(13.769426062908,4.12928932188135,-0.170710678118655));
#7317=CARTESIAN_POINT('Ctrl Pts',(13.7500151011402,4.12928932188135,-0.170710678118655));
#7318=CARTESIAN_POINT('Ctrl Pts',(13.8903790862756,4.14541057803283,-0.140379086275581));
#7319=CARTESIAN_POINT('Ctrl Pts',(13.880988002247,4.14164394382848,-0.145057225751479));
#7320=CARTESIAN_POINT('Ctrl Pts',(13.8605063990185,4.13514697973639,-0.152944584840822));
#7321=CARTESIAN_POINT('Ctrl Pts',(13.8072328276444,4.12551731435962,-0.163053341254009));
#7322=CARTESIAN_POINT('Ctrl Pts',(13.7683476761431,4.12346146617543,-0.164882822412737));
#7323=CARTESIAN_POINT('Ctrl Pts',(13.7500151011402,4.1231186511339,-0.164540007371212));
#7324=CARTESIAN_POINT('Ctrl Pts',(13.8799220757625,4.12926570272041,-0.129922075762491));
#7325=CARTESIAN_POINT('Ctrl Pts',(13.8705332449879,4.12678431597416,-0.134555059782608));
#7326=CARTESIAN_POINT('Ctrl Pts',(13.8495347985544,4.12203018001061,-0.142299986187419));
#7327=CARTESIAN_POINT('Ctrl Pts',(13.7977290866525,4.11420267393981,-0.150585164511447));
#7328=CARTESIAN_POINT('Ctrl Pts',(13.7659984006991,4.11301375907026,-0.15154716240023));
#7329=CARTESIAN_POINT('Ctrl Pts',(13.7500151011402,4.1124025981665,-0.150574533655962));
#7330=CARTESIAN_POINT('Ctrl Pts',(13.8524449036062,4.10684981919768,-0.102444903606207));
#7331=CARTESIAN_POINT('Ctrl Pts',(13.8431261956745,4.10591054517527,-0.107551468199866));
#7332=CARTESIAN_POINT('Ctrl Pts',(13.8219074645919,4.1038140628231,-0.116016365292232));
#7333=CARTESIAN_POINT('Ctrl Pts',(13.7847813728567,4.10247174329267,-0.125824107304869));
#7334=CARTESIAN_POINT('Ctrl Pts',(13.7622133503588,4.10255328380693,-0.127299029547406));
#7335=CARTESIAN_POINT('Ctrl Pts',(13.7500151011402,4.10229768744573,-0.126179121147312));
#7336=CARTESIAN_POINT('Ctrl Pts',(13.8304214605728,4.1,-0.0804214605728386));
#7337=CARTESIAN_POINT('Ctrl Pts',(13.8232082057675,4.1,-0.0865562309967746));
#7338=CARTESIAN_POINT('Ctrl Pts',(13.8072550643239,4.1,-0.0972724712432058));
#7339=CARTESIAN_POINT('Ctrl Pts',(13.779411022672,4.1,-0.107545840653169));
#7340=CARTESIAN_POINT('Ctrl Pts',(13.7598732692557,4.1,-0.109211459941081));
#7341=CARTESIAN_POINT('Ctrl Pts',(13.7500151011402,4.1,-0.108726646259971));
#7342=CARTESIAN_POINT('Ctrl Pts',(13.8207151011402,4.1,-0.0707151011402219));
#7343=CARTESIAN_POINT('Ctrl Pts',(13.8145453622344,4.1,-0.0768848400460218));
#7344=CARTESIAN_POINT('Ctrl Pts',(13.8005819974649,4.1,-0.0875992747672396));
#7345=CARTESIAN_POINT('Ctrl Pts',(13.7761902689417,4.1,-0.0977026595312715));
#7346=CARTESIAN_POINT('Ctrl Pts',(13.7587404295771,4.1,-0.0999999999999995));
#7347=CARTESIAN_POINT('Ctrl Pts',(13.7500151011402,4.1,-0.0999999999999995));
#7348=CARTESIAN_POINT('Origin',(13.7500151011402,4.2,-0.1));
#7349=CARTESIAN_POINT('Ctrl Pts',(13.8951158648394,4.15488413516055,-0.145115864839445));
#7350=CARTESIAN_POINT('Ctrl Pts',(13.8998526434033,4.15014735659669,-0.135642307711717));
#7351=CARTESIAN_POINT('Ctrl Pts',(13.9077136531099,4.14228634689007,-0.115151094923719));
#7352=CARTESIAN_POINT('Ctrl Pts',(13.9183758768925,4.13162412310747,-0.0612897317218954));
#7353=CARTESIAN_POINT('Ctrl Pts',(13.9207106781187,4.12928932188135,-0.0194260629080043));
#7354=CARTESIAN_POINT('Ctrl Pts',(13.9207106781187,4.12928932188135,-1.51011402221846E-5));
#7355=CARTESIAN_POINT('Ctrl Pts',(13.9045894219672,4.15962091372442,-0.140379086275581));
#7356=CARTESIAN_POINT('Ctrl Pts',(13.9083560561715,4.15494277424852,-0.130988002246977));
#7357=CARTESIAN_POINT('Ctrl Pts',(13.9148530202636,4.14705541515918,-0.110506399018468));
#7358=CARTESIAN_POINT('Ctrl Pts',(13.9244826856404,4.13694665874599,-0.0572328276444023));
#7359=CARTESIAN_POINT('Ctrl Pts',(13.9265385338246,4.13511717758726,-0.0183476761431275));
#7360=CARTESIAN_POINT('Ctrl Pts',(13.9268813488661,4.13545999262879,-1.51011402221846E-5));
#7361=CARTESIAN_POINT('Ctrl Pts',(13.9207342972796,4.17007792423751,-0.129922075762491));
#7362=CARTESIAN_POINT('Ctrl Pts',(13.9232156840259,4.16544494021739,-0.120533244987896));
#7363=CARTESIAN_POINT('Ctrl Pts',(13.9279698199894,4.15770001381258,-0.0995347985543494));
#7364=CARTESIAN_POINT('Ctrl Pts',(13.9357973260602,4.14941483548855,-0.047729086652483));
#7365=CARTESIAN_POINT('Ctrl Pts',(13.9369862409297,4.14845283759977,-0.0159984006990979));
#7366=CARTESIAN_POINT('Ctrl Pts',(13.9375974018335,4.14942546634404,-1.51011402220111E-5));
#7367=CARTESIAN_POINT('Ctrl Pts',(13.9431501808023,4.19755509639379,-0.102444903606208));
#7368=CARTESIAN_POINT('Ctrl Pts',(13.9440894548247,4.19244853180013,-0.0931261956744737));
#7369=CARTESIAN_POINT('Ctrl Pts',(13.9461859371769,4.18398363470777,-0.0719074645919201));
#7370=CARTESIAN_POINT('Ctrl Pts',(13.9475282567073,4.17417589269513,-0.0347813728566734));
#7371=CARTESIAN_POINT('Ctrl Pts',(13.9474467161931,4.17270097045259,-0.0122133503588005));
#7372=CARTESIAN_POINT('Ctrl Pts',(13.9477023125543,4.17382087885269,-1.51011402221672E-5));
#7373=CARTESIAN_POINT('Ctrl Pts',(13.95,4.21957853942716,-0.0804214605728389));
#7374=CARTESIAN_POINT('Ctrl Pts',(13.95,4.21344376900323,-0.0732082057675009));
#7375=CARTESIAN_POINT('Ctrl Pts',(13.95,4.20272752875679,-0.0572550643239389));
#7376=CARTESIAN_POINT('Ctrl Pts',(13.95,4.19245415934683,-0.0294110226720236));
#7377=CARTESIAN_POINT('Ctrl Pts',(13.95,4.19078854005892,-0.00987326925570487));
#7378=CARTESIAN_POINT('Ctrl Pts',(13.95,4.19127335374003,-1.51011402221846E-5));
#7379=CARTESIAN_POINT('Ctrl Pts',(13.95,4.22928489885978,-0.0707151011402222));
#7380=CARTESIAN_POINT('Ctrl Pts',(13.95,4.22311515995398,-0.0645453622344222));
#7381=CARTESIAN_POINT('Ctrl Pts',(13.95,4.21240072523276,-0.0505819974649407));
#7382=CARTESIAN_POINT('Ctrl Pts',(13.95,4.20229734046873,-0.0261902689417408));
#7383=CARTESIAN_POINT('Ctrl Pts',(13.95,4.2,-0.00874042957710542));
#7384=CARTESIAN_POINT('Ctrl Pts',(13.95,4.2,-1.51011402221759E-5));
#7385=CARTESIAN_POINT('Origin',(13.85,4.2,0.));
#7386=CARTESIAN_POINT('Origin',(13.85,4.975,-0.1));
#7387=CARTESIAN_POINT('',(13.95,4.85,-0.1));
#7388=CARTESIAN_POINT('',(13.95,4.975,-0.1));
#7389=CARTESIAN_POINT('',(13.85,4.95,-0.2));
#7390=CARTESIAN_POINT('',(13.85,4.975,-0.2));
#7391=CARTESIAN_POINT('Origin',(13.85,4.95,-0.1));
#7392=CARTESIAN_POINT('Ctrl Pts',(14.6451158648394,4.90488413516056,-0.145115864839445));
#7393=CARTESIAN_POINT('Ctrl Pts',(14.6403790862756,4.90962091372442,-0.154589421967173));
#7394=CARTESIAN_POINT('Ctrl Pts',(14.6299220757625,4.92007792423751,-0.17073429727959));
#7395=CARTESIAN_POINT('Ctrl Pts',(14.6024449036062,4.94755509639379,-0.193150180802315));
#7396=CARTESIAN_POINT('Ctrl Pts',(14.5804214605728,4.96957853942716,-0.2));
#7397=CARTESIAN_POINT('Ctrl Pts',(14.5707151011402,4.97928489885978,-0.2));
#7398=CARTESIAN_POINT('Ctrl Pts',(14.6356423077117,4.90014735659669,-0.149852643403309));
#7399=CARTESIAN_POINT('Ctrl Pts',(14.630988002247,4.90494277424852,-0.158356056171525));
#7400=CARTESIAN_POINT('Ctrl Pts',(14.6205332449879,4.91544494021739,-0.173215684025846));
#7401=CARTESIAN_POINT('Ctrl Pts',(14.5931261956745,4.94244853180013,-0.194089454824728));
#7402=CARTESIAN_POINT('Ctrl Pts',(14.5732082057675,4.96344376900322,-0.2));
#7403=CARTESIAN_POINT('Ctrl Pts',(14.5645453622344,4.97311515995398,-0.2));
#7404=CARTESIAN_POINT('Ctrl Pts',(14.6151510949237,4.89228634689006,-0.157713653109937));
#7405=CARTESIAN_POINT('Ctrl Pts',(14.6105063990185,4.89705541515918,-0.164853020263608));
#7406=CARTESIAN_POINT('Ctrl Pts',(14.5995347985544,4.90770001381258,-0.177969819989394));
#7407=CARTESIAN_POINT('Ctrl Pts',(14.5719074645919,4.93398363470777,-0.196185937176898));
#7408=CARTESIAN_POINT('Ctrl Pts',(14.5572550643239,4.95272752875679,-0.2));
#7409=CARTESIAN_POINT('Ctrl Pts',(14.5505819974649,4.96240072523276,-0.2));
#7410=CARTESIAN_POINT('Ctrl Pts',(14.5612897317219,4.88162412310747,-0.16837587689253));
#7411=CARTESIAN_POINT('Ctrl Pts',(14.5572328276444,4.88694665874599,-0.174482685640382));
#7412=CARTESIAN_POINT('Ctrl Pts',(14.5477290866525,4.89941483548855,-0.185797326060185));
#7413=CARTESIAN_POINT('Ctrl Pts',(14.5347813728567,4.92417589269513,-0.197528256707328));
#7414=CARTESIAN_POINT('Ctrl Pts',(14.529411022672,4.94245415934683,-0.2));
#7415=CARTESIAN_POINT('Ctrl Pts',(14.5261902689417,4.95229734046873,-0.2));
#7416=CARTESIAN_POINT('Ctrl Pts',(14.519426062908,4.87928932188134,-0.170710678118656));
#7417=CARTESIAN_POINT('Ctrl Pts',(14.5183476761431,4.88511717758726,-0.176538533824573));
#7418=CARTESIAN_POINT('Ctrl Pts',(14.5159984006991,4.89845283759977,-0.186986240929738));
#7419=CARTESIAN_POINT('Ctrl Pts',(14.5122133503588,4.92270097045259,-0.197446716193067));
#7420=CARTESIAN_POINT('Ctrl Pts',(14.5098732692557,4.94078854005892,-0.2));
#7421=CARTESIAN_POINT('Ctrl Pts',(14.5087404295771,4.95,-0.2));
#7422=CARTESIAN_POINT('Ctrl Pts',(14.5000151011402,4.87928932188134,-0.170710678118656));
#7423=CARTESIAN_POINT('Ctrl Pts',(14.5000151011402,4.88545999262879,-0.176881348866098));
#7424=CARTESIAN_POINT('Ctrl Pts',(14.5000151011402,4.89942546634404,-0.1875974018335));
#7425=CARTESIAN_POINT('Ctrl Pts',(14.5000151011402,4.92382087885269,-0.197702312554269));
#7426=CARTESIAN_POINT('Ctrl Pts',(14.5000151011402,4.94127335374003,-0.2));
#7427=CARTESIAN_POINT('Ctrl Pts',(14.5000151011402,4.95,-0.2));
#7428=CARTESIAN_POINT('',(14.5000151011402,4.95,-0.2));
#7429=CARTESIAN_POINT('Origin',(14.5000151011402,4.95,-0.1));
#7430=CARTESIAN_POINT('Origin',(14.5000151011402,5.04998489885978,-0.2));
#7431=CARTESIAN_POINT('Origin',(14.2,4.95,-0.1));
#7432=CARTESIAN_POINT('',(14.2,4.95,-0.2));
#7433=CARTESIAN_POINT('',(14.2,4.85,-0.1));
#7434=CARTESIAN_POINT('Ctrl Pts',(13.5048841351606,4.15488413516055,-0.145115864839445));
#7435=CARTESIAN_POINT('Ctrl Pts',(13.5096209137244,4.14541057803283,-0.140379086275581));
#7436=CARTESIAN_POINT('Ctrl Pts',(13.5200779242375,4.12926570272041,-0.129922075762491));
#7437=CARTESIAN_POINT('Ctrl Pts',(13.5475550963938,4.10684981919769,-0.102444903606208));
#7438=CARTESIAN_POINT('Ctrl Pts',(13.5695785394272,4.1,-0.0804214605728388));
#7439=CARTESIAN_POINT('Ctrl Pts',(13.5792848988598,4.1,-0.0707151011402221));
#7440=CARTESIAN_POINT('Ctrl Pts',(13.5143576922883,4.15014735659669,-0.149852643403309));
#7441=CARTESIAN_POINT('Ctrl Pts',(13.519011997753,4.14164394382848,-0.14505722575148));
#7442=CARTESIAN_POINT('Ctrl Pts',(13.5294667550121,4.12678431597416,-0.134555059782608));
#7443=CARTESIAN_POINT('Ctrl Pts',(13.5568738043255,4.10591054517527,-0.107551468199867));
#7444=CARTESIAN_POINT('Ctrl Pts',(13.5767917942325,4.1,-0.0865562309967749));
#7445=CARTESIAN_POINT('Ctrl Pts',(13.5854546377656,4.1,-0.0768848400460221));
#7446=CARTESIAN_POINT('Ctrl Pts',(13.5348489050763,4.14228634689006,-0.157713653109937));
#7447=CARTESIAN_POINT('Ctrl Pts',(13.5394936009815,4.13514697973639,-0.152944584840822));
#7448=CARTESIAN_POINT('Ctrl Pts',(13.5504652014457,4.12203018001061,-0.142299986187419));
#7449=CARTESIAN_POINT('Ctrl Pts',(13.5780925354081,4.1038140628231,-0.116016365292233));
#7450=CARTESIAN_POINT('Ctrl Pts',(13.5927449356761,4.1,-0.0972724712432061));
#7451=CARTESIAN_POINT('Ctrl Pts',(13.5994180025351,4.1,-0.08759927476724));
#7452=CARTESIAN_POINT('Ctrl Pts',(13.5887102682781,4.13162412310747,-0.168375876892529));
#7453=CARTESIAN_POINT('Ctrl Pts',(13.5927671723556,4.12551731435962,-0.163053341254009));
#7454=CARTESIAN_POINT('Ctrl Pts',(13.6022709133475,4.11420267393981,-0.150585164511447));
#7455=CARTESIAN_POINT('Ctrl Pts',(13.6152186271433,4.10247174329267,-0.125824107304869));
#7456=CARTESIAN_POINT('Ctrl Pts',(13.620588977328,4.1,-0.107545840653169));
#7457=CARTESIAN_POINT('Ctrl Pts',(13.6238097310583,4.1,-0.0977026595312719));
#7458=CARTESIAN_POINT('Ctrl Pts',(13.630573937092,4.12928932188135,-0.170710678118655));
#7459=CARTESIAN_POINT('Ctrl Pts',(13.6316523238569,4.12346146617543,-0.164882822412737));
#7460=CARTESIAN_POINT('Ctrl Pts',(13.6340015993009,4.11301375907026,-0.15154716240023));
#7461=CARTESIAN_POINT('Ctrl Pts',(13.6377866496412,4.10255328380693,-0.127299029547407));
#7462=CARTESIAN_POINT('Ctrl Pts',(13.6401267307443,4.1,-0.109211459941081));
#7463=CARTESIAN_POINT('Ctrl Pts',(13.6412595704229,4.1,-0.1));
#7464=CARTESIAN_POINT('Ctrl Pts',(13.6499848988598,4.12928932188135,-0.170710678118655));
#7465=CARTESIAN_POINT('Ctrl Pts',(13.6499848988598,4.1231186511339,-0.164540007371213));
#7466=CARTESIAN_POINT('Ctrl Pts',(13.6499848988598,4.1124025981665,-0.150574533655963));
#7467=CARTESIAN_POINT('Ctrl Pts',(13.6499848988598,4.10229768744573,-0.126179121147312));
#7468=CARTESIAN_POINT('Ctrl Pts',(13.6499848988598,4.1,-0.108726646259972));
#7469=CARTESIAN_POINT('Ctrl Pts',(13.6499848988598,4.1,-0.1));
#7470=CARTESIAN_POINT('',(13.6499848988598,4.1,-0.1));
#7471=CARTESIAN_POINT('Origin',(13.6499848988598,4.2,-0.1));
#7472=CARTESIAN_POINT('Origin',(13.6499848988598,4.1,-1.51011402221499E-5));
#7473=CARTESIAN_POINT('Ctrl Pts',(14.6451158648394,5.29511586483944,-0.145115864839445));
#7474=CARTESIAN_POINT('Ctrl Pts',(14.6403790862756,5.29037908627558,-0.154589421967173));
#7475=CARTESIAN_POINT('Ctrl Pts',(14.6299220757625,5.27992207576249,-0.170734297279589));
#7476=CARTESIAN_POINT('Ctrl Pts',(14.6024449036062,5.25244490360621,-0.193150180802315));
#7477=CARTESIAN_POINT('Ctrl Pts',(14.5804214605728,5.23042146057284,-0.2));
#7478=CARTESIAN_POINT('Ctrl Pts',(14.5707151011402,5.22071510114022,-0.2));
#7479=CARTESIAN_POINT('Ctrl Pts',(14.6498526434033,5.28564230771172,-0.149852643403309));
#7480=CARTESIAN_POINT('Ctrl Pts',(14.6450572257515,5.28098800224698,-0.158356056171524));
#7481=CARTESIAN_POINT('Ctrl Pts',(14.6345550597826,5.2705332449879,-0.173215684025845));
#7482=CARTESIAN_POINT('Ctrl Pts',(14.6075514681999,5.24312619567448,-0.194089454824728));
#7483=CARTESIAN_POINT('Ctrl Pts',(14.5865562309968,5.2232082057675,-0.2));
#7484=CARTESIAN_POINT('Ctrl Pts',(14.576884840046,5.21454536223442,-0.2));
#7485=CARTESIAN_POINT('Ctrl Pts',(14.6577136531099,5.26515109492372,-0.157713653109937));
#7486=CARTESIAN_POINT('Ctrl Pts',(14.6529445848408,5.26050639901847,-0.164853020263608));
#7487=CARTESIAN_POINT('Ctrl Pts',(14.6422999861874,5.24953479855435,-0.177969819989393));
#7488=CARTESIAN_POINT('Ctrl Pts',(14.6160163652922,5.22190746459192,-0.196185937176898));
#7489=CARTESIAN_POINT('Ctrl Pts',(14.5972724712432,5.20725506432394,-0.2));
#7490=CARTESIAN_POINT('Ctrl Pts',(14.5875992747672,5.20058199746494,-0.2));
#7491=CARTESIAN_POINT('Ctrl Pts',(14.6683758768925,5.2112897317219,-0.168375876892529));
#7492=CARTESIAN_POINT('Ctrl Pts',(14.663053341254,5.20723282764441,-0.174482685640381));
#7493=CARTESIAN_POINT('Ctrl Pts',(14.6505851645115,5.19772908665248,-0.185797326060185));
#7494=CARTESIAN_POINT('Ctrl Pts',(14.6258241073049,5.18478137285667,-0.197528256707328));
#7495=CARTESIAN_POINT('Ctrl Pts',(14.6075458406532,5.17941102267202,-0.2));
#7496=CARTESIAN_POINT('Ctrl Pts',(14.5977026595313,5.17619026894174,-0.2));
#7497=CARTESIAN_POINT('Ctrl Pts',(14.6707106781187,5.169426062908,-0.170710678118655));
#7498=CARTESIAN_POINT('Ctrl Pts',(14.6648828224127,5.16834767614313,-0.176538533824572));
#7499=CARTESIAN_POINT('Ctrl Pts',(14.6515471624002,5.1659984006991,-0.186986240929737));
#7500=CARTESIAN_POINT('Ctrl Pts',(14.6272990295474,5.1622133503588,-0.197446716193067));
#7501=CARTESIAN_POINT('Ctrl Pts',(14.6092114599411,5.1598732692557,-0.2));
#7502=CARTESIAN_POINT('Ctrl Pts',(14.6,5.15874042957711,-0.2));
#7503=CARTESIAN_POINT('Ctrl Pts',(14.6707106781187,5.15001510114022,-0.170710678118655));
#7504=CARTESIAN_POINT('Ctrl Pts',(14.6645400073712,5.15001510114022,-0.176881348866097));
#7505=CARTESIAN_POINT('Ctrl Pts',(14.650574533656,5.15001510114022,-0.187597401833499));
#7506=CARTESIAN_POINT('Ctrl Pts',(14.6261791211473,5.15001510114022,-0.197702312554269));
#7507=CARTESIAN_POINT('Ctrl Pts',(14.60872664626,5.15001510114022,-0.2));
#7508=CARTESIAN_POINT('Ctrl Pts',(14.6,5.15001510114022,-0.2));
#7509=CARTESIAN_POINT('',(14.6,5.15001510114022,-0.2));
#7510=CARTESIAN_POINT('Origin',(14.6,5.15001510114022,-0.1));
#7511=CARTESIAN_POINT('Origin',(14.5000151011402,5.15001510114022,-0.2));
#7512=CARTESIAN_POINT('Origin',(14.6,5.225,-0.1));
#7513=CARTESIAN_POINT('',(14.6,5.225,-0.2));
#7514=CARTESIAN_POINT('',(14.7,5.225,-0.1));
#7515=CARTESIAN_POINT('Origin',(13.825,5.25,-0.1));
#7516=CARTESIAN_POINT('',(13.95,5.35,-0.1));
#7517=CARTESIAN_POINT('',(13.825,5.35,-0.1));
#7518=CARTESIAN_POINT('',(13.85,5.25,-0.2));
#7519=CARTESIAN_POINT('',(13.825,5.25,-0.2));
#7520=CARTESIAN_POINT('Origin',(13.85,5.25,-0.1));
#7521=CARTESIAN_POINT('Ctrl Pts',(12.7548841351606,4.90488413516056,-0.145115864839445));
#7522=CARTESIAN_POINT('Ctrl Pts',(12.7596209137244,4.90962091372442,-0.154589421967173));
#7523=CARTESIAN_POINT('Ctrl Pts',(12.7700779242375,4.92007792423751,-0.170734297279589));
#7524=CARTESIAN_POINT('Ctrl Pts',(12.7975550963938,4.94755509639379,-0.193150180802315));
#7525=CARTESIAN_POINT('Ctrl Pts',(12.8195785394272,4.96957853942716,-0.2));
#7526=CARTESIAN_POINT('Ctrl Pts',(12.8292848988598,4.97928489885978,-0.2));
#7527=CARTESIAN_POINT('Ctrl Pts',(12.7501473565967,4.91435769228828,-0.149852643403309));
#7528=CARTESIAN_POINT('Ctrl Pts',(12.7549427742485,4.91901199775302,-0.158356056171524));
#7529=CARTESIAN_POINT('Ctrl Pts',(12.7654449402174,4.9294667550121,-0.173215684025845));
#7530=CARTESIAN_POINT('Ctrl Pts',(12.7924485318001,4.95687380432553,-0.194089454824728));
#7531=CARTESIAN_POINT('Ctrl Pts',(12.8134437690032,4.9767917942325,-0.2));
#7532=CARTESIAN_POINT('Ctrl Pts',(12.823115159954,4.98545463776558,-0.2));
#7533=CARTESIAN_POINT('Ctrl Pts',(12.7422863468901,4.93484890507628,-0.157713653109937));
#7534=CARTESIAN_POINT('Ctrl Pts',(12.7470554151592,4.93949360098153,-0.164853020263608));
#7535=CARTESIAN_POINT('Ctrl Pts',(12.7577000138126,4.95046520144565,-0.177969819989393));
#7536=CARTESIAN_POINT('Ctrl Pts',(12.7839836347078,4.97809253540808,-0.196185937176898));
#7537=CARTESIAN_POINT('Ctrl Pts',(12.8027275287568,4.99274493567606,-0.2));
#7538=CARTESIAN_POINT('Ctrl Pts',(12.8124007252328,4.99941800253506,-0.2));
#7539=CARTESIAN_POINT('Ctrl Pts',(12.7316241231075,4.98871026827811,-0.168375876892529));
#7540=CARTESIAN_POINT('Ctrl Pts',(12.736946658746,4.9927671723556,-0.174482685640381));
#7541=CARTESIAN_POINT('Ctrl Pts',(12.7494148354885,5.00227091334752,-0.185797326060185));
#7542=CARTESIAN_POINT('Ctrl Pts',(12.7741758926951,5.01521862714333,-0.197528256707328));
#7543=CARTESIAN_POINT('Ctrl Pts',(12.7924541593468,5.02058897732798,-0.2));
#7544=CARTESIAN_POINT('Ctrl Pts',(12.8022973404687,5.02380973105826,-0.2));
#7545=CARTESIAN_POINT('Ctrl Pts',(12.7292893218813,5.03057393709199,-0.170710678118655));
#7546=CARTESIAN_POINT('Ctrl Pts',(12.7351171775873,5.03165232385687,-0.176538533824572));
#7547=CARTESIAN_POINT('Ctrl Pts',(12.7484528375998,5.0340015993009,-0.186986240929737));
#7548=CARTESIAN_POINT('Ctrl Pts',(12.7727009704526,5.0377866496412,-0.197446716193067));
#7549=CARTESIAN_POINT('Ctrl Pts',(12.7907885400589,5.0401267307443,-0.2));
#7550=CARTESIAN_POINT('Ctrl Pts',(12.8,5.04125957042289,-0.2));
#7551=CARTESIAN_POINT('Ctrl Pts',(12.7292893218813,5.04998489885978,-0.170710678118655));
#7552=CARTESIAN_POINT('Ctrl Pts',(12.7354599926288,5.04998489885978,-0.176881348866097));
#7553=CARTESIAN_POINT('Ctrl Pts',(12.749425466344,5.04998489885978,-0.187597401833499));
#7554=CARTESIAN_POINT('Ctrl Pts',(12.7738208788527,5.04998489885978,-0.197702312554269));
#7555=CARTESIAN_POINT('Ctrl Pts',(12.79127335374,5.04998489885978,-0.2));
#7556=CARTESIAN_POINT('Ctrl Pts',(12.8,5.04998489885978,-0.2));
#7557=CARTESIAN_POINT('',(12.8,5.04998489885978,-0.2));
#7558=CARTESIAN_POINT('Origin',(12.8,5.04998489885978,-0.1));
#7559=CARTESIAN_POINT('Origin',(12.8999848988598,5.04998489885978,-0.2));
#7560=CARTESIAN_POINT('Ctrl Pts',(13.8951158648394,6.04511586483945,-0.145115864839445));
#7561=CARTESIAN_POINT('Ctrl Pts',(13.8903790862756,6.04037908627558,-0.154589421967173));
#7562=CARTESIAN_POINT('Ctrl Pts',(13.8799220757625,6.02992207576249,-0.170734297279589));
#7563=CARTESIAN_POINT('Ctrl Pts',(13.8524449036062,6.00244490360621,-0.193150180802315));
#7564=CARTESIAN_POINT('Ctrl Pts',(13.8304214605728,5.98042146057284,-0.2));
#7565=CARTESIAN_POINT('Ctrl Pts',(13.8207151011402,5.97071510114022,-0.2));
#7566=CARTESIAN_POINT('Ctrl Pts',(13.8998526434033,6.03564230771172,-0.149852643403309));
#7567=CARTESIAN_POINT('Ctrl Pts',(13.8950572257515,6.03098800224698,-0.158356056171524));
#7568=CARTESIAN_POINT('Ctrl Pts',(13.8845550597826,6.0205332449879,-0.173215684025845));
#7569=CARTESIAN_POINT('Ctrl Pts',(13.8575514681999,5.99312619567448,-0.194089454824728));
#7570=CARTESIAN_POINT('Ctrl Pts',(13.8365562309968,5.9732082057675,-0.2));
#7571=CARTESIAN_POINT('Ctrl Pts',(13.826884840046,5.96454536223442,-0.2));
#7572=CARTESIAN_POINT('Ctrl Pts',(13.9077136531099,6.01515109492372,-0.157713653109937));
#7573=CARTESIAN_POINT('Ctrl Pts',(13.9029445848408,6.01050639901847,-0.164853020263608));
#7574=CARTESIAN_POINT('Ctrl Pts',(13.8922999861874,5.99953479855435,-0.177969819989393));
#7575=CARTESIAN_POINT('Ctrl Pts',(13.8660163652922,5.97190746459193,-0.196185937176898));
#7576=CARTESIAN_POINT('Ctrl Pts',(13.8472724712432,5.95725506432394,-0.2));
#7577=CARTESIAN_POINT('Ctrl Pts',(13.8375992747672,5.95058199746494,-0.2));
#7578=CARTESIAN_POINT('Ctrl Pts',(13.9183758768925,5.9612897317219,-0.168375876892529));
#7579=CARTESIAN_POINT('Ctrl Pts',(13.913053341254,5.9572328276444,-0.174482685640381));
#7580=CARTESIAN_POINT('Ctrl Pts',(13.9005851645115,5.94772908665249,-0.185797326060185));
#7581=CARTESIAN_POINT('Ctrl Pts',(13.8758241073049,5.93478137285667,-0.197528256707328));
#7582=CARTESIAN_POINT('Ctrl Pts',(13.8575458406532,5.92941102267203,-0.2));
#7583=CARTESIAN_POINT('Ctrl Pts',(13.8477026595313,5.92619026894174,-0.2));
#7584=CARTESIAN_POINT('Ctrl Pts',(13.9207106781187,5.91942606290801,-0.170710678118655));
#7585=CARTESIAN_POINT('Ctrl Pts',(13.9148828224127,5.91834767614313,-0.176538533824572));
#7586=CARTESIAN_POINT('Ctrl Pts',(13.9015471624002,5.9159984006991,-0.186986240929737));
#7587=CARTESIAN_POINT('Ctrl Pts',(13.8772990295474,5.9122133503588,-0.197446716193067));
#7588=CARTESIAN_POINT('Ctrl Pts',(13.8592114599411,5.9098732692557,-0.2));
#7589=CARTESIAN_POINT('Ctrl Pts',(13.85,5.90874042957711,-0.2));
#7590=CARTESIAN_POINT('Ctrl Pts',(13.9207106781187,5.90001510114022,-0.170710678118655));
#7591=CARTESIAN_POINT('Ctrl Pts',(13.9145400073712,5.90001510114022,-0.176881348866097));
#7592=CARTESIAN_POINT('Ctrl Pts',(13.900574533656,5.90001510114022,-0.187597401833499));
#7593=CARTESIAN_POINT('Ctrl Pts',(13.8761791211473,5.90001510114022,-0.197702312554269));
#7594=CARTESIAN_POINT('Ctrl Pts',(13.85872664626,5.90001510114022,-0.2));
#7595=CARTESIAN_POINT('Ctrl Pts',(13.85,5.90001510114022,-0.2));
#7596=CARTESIAN_POINT('',(13.85,5.90001510114022,-0.2));
#7597=CARTESIAN_POINT('Origin',(13.85,5.90001510114022,-0.1));
#7598=CARTESIAN_POINT('Origin',(13.7500151011402,5.90001510114022,-0.2));
#7599=CARTESIAN_POINT('Origin',(13.85,5.6,-0.1));
#7600=CARTESIAN_POINT('',(13.85,5.6,-0.2));
#7601=CARTESIAN_POINT('',(13.95,5.6,-0.1));
#7602=CARTESIAN_POINT('Ctrl Pts',(12.7548841351606,5.29511586483945,-0.145115864839445));
#7603=CARTESIAN_POINT('Ctrl Pts',(12.7596209137244,5.29037908627558,-0.154589421967173));
#7604=CARTESIAN_POINT('Ctrl Pts',(12.7700779242375,5.27992207576249,-0.170734297279589));
#7605=CARTESIAN_POINT('Ctrl Pts',(12.7975550963938,5.25244490360621,-0.193150180802315));
#7606=CARTESIAN_POINT('Ctrl Pts',(12.8195785394272,5.23042146057284,-0.2));
#7607=CARTESIAN_POINT('Ctrl Pts',(12.8292848988598,5.22071510114022,-0.2));
#7608=CARTESIAN_POINT('Ctrl Pts',(12.7643576922883,5.29985264340331,-0.149852643403309));
#7609=CARTESIAN_POINT('Ctrl Pts',(12.769011997753,5.29505722575148,-0.158356056171524));
#7610=CARTESIAN_POINT('Ctrl Pts',(12.7794667550121,5.28455505978261,-0.173215684025845));
#7611=CARTESIAN_POINT('Ctrl Pts',(12.8068738043255,5.25755146819987,-0.194089454824728));
#7612=CARTESIAN_POINT('Ctrl Pts',(12.8267917942325,5.23655623099677,-0.2));
#7613=CARTESIAN_POINT('Ctrl Pts',(12.8354546377656,5.22688484004602,-0.2));
#7614=CARTESIAN_POINT('Ctrl Pts',(12.7848489050763,5.30771365310994,-0.157713653109937));
#7615=CARTESIAN_POINT('Ctrl Pts',(12.7894936009815,5.30294458484082,-0.164853020263608));
#7616=CARTESIAN_POINT('Ctrl Pts',(12.8004652014457,5.29229998618742,-0.177969819989393));
#7617=CARTESIAN_POINT('Ctrl Pts',(12.8280925354081,5.26601636529223,-0.196185937176898));
#7618=CARTESIAN_POINT('Ctrl Pts',(12.8427449356761,5.24727247124321,-0.2));
#7619=CARTESIAN_POINT('Ctrl Pts',(12.8494180025351,5.23759927476724,-0.2));
#7620=CARTESIAN_POINT('Ctrl Pts',(12.8387102682781,5.31837587689253,-0.168375876892529));
#7621=CARTESIAN_POINT('Ctrl Pts',(12.8427671723556,5.31305334125401,-0.174482685640381));
#7622=CARTESIAN_POINT('Ctrl Pts',(12.8522709133475,5.30058516451144,-0.185797326060185));
#7623=CARTESIAN_POINT('Ctrl Pts',(12.8652186271433,5.27582410730487,-0.197528256707328));
#7624=CARTESIAN_POINT('Ctrl Pts',(12.870588977328,5.25754584065317,-0.2));
#7625=CARTESIAN_POINT('Ctrl Pts',(12.8738097310583,5.24770265953127,-0.2));
#7626=CARTESIAN_POINT('Ctrl Pts',(12.880573937092,5.32071067811866,-0.170710678118655));
#7627=CARTESIAN_POINT('Ctrl Pts',(12.8816523238569,5.31488282241274,-0.176538533824572));
#7628=CARTESIAN_POINT('Ctrl Pts',(12.8840015993009,5.30154716240023,-0.186986240929737));
#7629=CARTESIAN_POINT('Ctrl Pts',(12.8877866496412,5.27729902954741,-0.197446716193067));
#7630=CARTESIAN_POINT('Ctrl Pts',(12.8901267307443,5.25921145994108,-0.2));
#7631=CARTESIAN_POINT('Ctrl Pts',(12.8912595704229,5.25,-0.2));
#7632=CARTESIAN_POINT('Ctrl Pts',(12.8999848988598,5.32071067811866,-0.170710678118655));
#7633=CARTESIAN_POINT('Ctrl Pts',(12.8999848988598,5.31454000737121,-0.176881348866097));
#7634=CARTESIAN_POINT('Ctrl Pts',(12.8999848988598,5.30057453365596,-0.187597401833499));
#7635=CARTESIAN_POINT('Ctrl Pts',(12.8999848988598,5.27617912114731,-0.197702312554269));
#7636=CARTESIAN_POINT('Ctrl Pts',(12.8999848988598,5.25872664625997,-0.2));
#7637=CARTESIAN_POINT('Ctrl Pts',(12.8999848988598,5.25,-0.2));
#7638=CARTESIAN_POINT('',(12.8999848988598,5.25,-0.2));
#7639=CARTESIAN_POINT('Origin',(12.8999848988598,5.25,-0.1));
#7640=CARTESIAN_POINT('Origin',(12.8999848988598,5.15001510114022,-0.2));
#7641=CARTESIAN_POINT('Ctrl Pts',(13.5048841351606,6.04511586483945,-0.145115864839445));
#7642=CARTESIAN_POINT('Ctrl Pts',(13.5096209137244,6.04037908627558,-0.154589421967173));
#7643=CARTESIAN_POINT('Ctrl Pts',(13.5200779242375,6.02992207576249,-0.17073429727959));
#7644=CARTESIAN_POINT('Ctrl Pts',(13.5475550963938,6.00244490360621,-0.193150180802315));
#7645=CARTESIAN_POINT('Ctrl Pts',(13.5695785394272,5.98042146057284,-0.2));
#7646=CARTESIAN_POINT('Ctrl Pts',(13.5792848988598,5.97071510114022,-0.2));
#7647=CARTESIAN_POINT('Ctrl Pts',(13.5143576922883,6.04985264340331,-0.149852643403309));
#7648=CARTESIAN_POINT('Ctrl Pts',(13.519011997753,6.04505722575148,-0.158356056171525));
#7649=CARTESIAN_POINT('Ctrl Pts',(13.5294667550121,6.03455505978261,-0.173215684025846));
#7650=CARTESIAN_POINT('Ctrl Pts',(13.5568738043255,6.00755146819987,-0.194089454824728));
#7651=CARTESIAN_POINT('Ctrl Pts',(13.5767917942325,5.98655623099678,-0.2));
#7652=CARTESIAN_POINT('Ctrl Pts',(13.5854546377656,5.97688484004602,-0.2));
#7653=CARTESIAN_POINT('Ctrl Pts',(13.5348489050763,6.05771365310994,-0.157713653109937));
#7654=CARTESIAN_POINT('Ctrl Pts',(13.5394936009815,6.05294458484082,-0.164853020263608));
#7655=CARTESIAN_POINT('Ctrl Pts',(13.5504652014457,6.04229998618742,-0.177969819989394));
#7656=CARTESIAN_POINT('Ctrl Pts',(13.5780925354081,6.01601636529223,-0.196185937176898));
#7657=CARTESIAN_POINT('Ctrl Pts',(13.5927449356761,5.99727247124321,-0.2));
#7658=CARTESIAN_POINT('Ctrl Pts',(13.5994180025351,5.98759927476724,-0.2));
#7659=CARTESIAN_POINT('Ctrl Pts',(13.5887102682781,6.06837587689253,-0.16837587689253));
#7660=CARTESIAN_POINT('Ctrl Pts',(13.5927671723556,6.06305334125401,-0.174482685640382));
#7661=CARTESIAN_POINT('Ctrl Pts',(13.6022709133475,6.05058516451145,-0.185797326060185));
#7662=CARTESIAN_POINT('Ctrl Pts',(13.6152186271433,6.02582410730487,-0.197528256707328));
#7663=CARTESIAN_POINT('Ctrl Pts',(13.620588977328,6.00754584065317,-0.2));
#7664=CARTESIAN_POINT('Ctrl Pts',(13.6238097310583,5.99770265953127,-0.2));
#7665=CARTESIAN_POINT('Ctrl Pts',(13.630573937092,6.07071067811866,-0.170710678118656));
#7666=CARTESIAN_POINT('Ctrl Pts',(13.6316523238569,6.06488282241274,-0.176538533824573));
#7667=CARTESIAN_POINT('Ctrl Pts',(13.6340015993009,6.05154716240023,-0.186986240929738));
#7668=CARTESIAN_POINT('Ctrl Pts',(13.6377866496412,6.02729902954741,-0.197446716193067));
#7669=CARTESIAN_POINT('Ctrl Pts',(13.6401267307443,6.00921145994108,-0.2));
#7670=CARTESIAN_POINT('Ctrl Pts',(13.6412595704229,6.,-0.2));
#7671=CARTESIAN_POINT('Ctrl Pts',(13.6499848988598,6.07071067811866,-0.170710678118656));
#7672=CARTESIAN_POINT('Ctrl Pts',(13.6499848988598,6.06454000737121,-0.176881348866098));
#7673=CARTESIAN_POINT('Ctrl Pts',(13.6499848988598,6.05057453365596,-0.1875974018335));
#7674=CARTESIAN_POINT('Ctrl Pts',(13.6499848988598,6.02617912114731,-0.197702312554269));
#7675=CARTESIAN_POINT('Ctrl Pts',(13.6499848988598,6.00872664625997,-0.2));
#7676=CARTESIAN_POINT('Ctrl Pts',(13.6499848988598,6.,-0.2));
#7677=CARTESIAN_POINT('',(13.6499848988598,6.,-0.2));
#7678=CARTESIAN_POINT('Origin',(13.6499848988598,6.,-0.1));
#7679=CARTESIAN_POINT('Origin',(13.6499848988598,5.90001510114022,-0.2));
#7680=CARTESIAN_POINT('Origin',(13.575,6.,-0.1));
#7681=CARTESIAN_POINT('',(13.575,6.,-0.2));
#7682=CARTESIAN_POINT('',(13.575,6.1,-0.1));
#7683=CARTESIAN_POINT('Origin',(13.55,5.225,-0.1));
#7684=CARTESIAN_POINT('',(13.45,5.35,-0.1));
#7685=CARTESIAN_POINT('',(13.45,5.225,-0.1));
#7686=CARTESIAN_POINT('',(13.55,5.25,-0.2));
#7687=CARTESIAN_POINT('',(13.55,5.225,-0.2));
#7688=CARTESIAN_POINT('Origin',(13.55,5.25,-0.1));
#7689=CARTESIAN_POINT('Origin',(13.2,5.25,-0.1));
#7690=CARTESIAN_POINT('',(13.2,5.25,-0.2));
#7691=CARTESIAN_POINT('',(13.2,5.35,-0.1));
#7692=CARTESIAN_POINT('Origin',(12.8,4.975,-0.1));
#7693=CARTESIAN_POINT('',(12.8,4.975,-0.2));
#7694=CARTESIAN_POINT('',(12.7,4.975,-0.1));
#7695=CARTESIAN_POINT('Origin',(13.575,4.95,-0.1));
#7696=CARTESIAN_POINT('',(13.45,4.85,-0.1));
#7697=CARTESIAN_POINT('',(13.575,4.85,-0.1));
#7698=CARTESIAN_POINT('',(13.55,4.95,-0.2));
#7699=CARTESIAN_POINT('',(13.575,4.95,-0.2));
#7700=CARTESIAN_POINT('Origin',(13.55,4.95,-0.1));
#7701=CARTESIAN_POINT('Origin',(13.55,4.6,-0.1));
#7702=CARTESIAN_POINT('',(13.55,4.6,-0.2));
#7703=CARTESIAN_POINT('',(13.45,4.6,-0.1));
#7704=CARTESIAN_POINT('Origin',(13.825,4.2,-0.1));
#7705=CARTESIAN_POINT('',(13.825,4.2,-0.2));
#7706=CARTESIAN_POINT('',(13.825,4.1,-0.1));
#7707=CARTESIAN_POINT('Origin',(13.95,4.85,0.));
#7708=CARTESIAN_POINT('',(13.95,4.85,0.));
#7709=CARTESIAN_POINT('',(13.95,4.85,0.));
#7710=CARTESIAN_POINT('',(13.95,4.175,0.));
#7711=CARTESIAN_POINT('Origin',(14.7,4.85,0.));
#7712=CARTESIAN_POINT('',(11.375,4.85,0.));
#7713=CARTESIAN_POINT('Origin',(14.7,5.35,0.));
#7714=CARTESIAN_POINT('',(14.7,4.425,0.));
#7715=CARTESIAN_POINT('Origin',(13.95,5.35,0.));
#7716=CARTESIAN_POINT('',(13.95,5.35,0.));
#7717=CARTESIAN_POINT('',(13.95,5.35,0.));
#7718=CARTESIAN_POINT('',(11.,5.35,0.));
#7719=CARTESIAN_POINT('Origin',(13.95,6.1,0.));
#7720=CARTESIAN_POINT('',(13.95,4.8,0.));
#7721=CARTESIAN_POINT('Origin',(13.45,6.1,0.));
#7722=CARTESIAN_POINT('',(10.75,6.1,0.));
#7723=CARTESIAN_POINT('Origin',(13.7,5.1,-0.2));
#7724=CARTESIAN_POINT('Ctrl Pts',(3.84511586483945,4.90488413516055,-0.145115864839445));
#7725=CARTESIAN_POINT('Ctrl Pts',(3.85458942196717,4.90962091372442,-0.140379086275581));
#7726=CARTESIAN_POINT('Ctrl Pts',(3.87073429727959,4.92007792423751,-0.129922075762491));
#7727=CARTESIAN_POINT('Ctrl Pts',(3.89315018080232,4.94755509639379,-0.102444903606208));
#7728=CARTESIAN_POINT('Ctrl Pts',(3.9,4.96957853942716,-0.0804214605728388));
#7729=CARTESIAN_POINT('Ctrl Pts',(3.9,4.97928489885978,-0.0707151011402221));
#7730=CARTESIAN_POINT('Ctrl Pts',(3.84985264340331,4.91435769228828,-0.149852643403309));
#7731=CARTESIAN_POINT('Ctrl Pts',(3.85835605617153,4.91901199775302,-0.14505722575148));
#7732=CARTESIAN_POINT('Ctrl Pts',(3.87321568402584,4.9294667550121,-0.134555059782608));
#7733=CARTESIAN_POINT('Ctrl Pts',(3.89408945482473,4.95687380432553,-0.107551468199867));
#7734=CARTESIAN_POINT('Ctrl Pts',(3.9,4.9767917942325,-0.0865562309967749));
#7735=CARTESIAN_POINT('Ctrl Pts',(3.9,4.98545463776558,-0.0768848400460221));
#7736=CARTESIAN_POINT('Ctrl Pts',(3.85771365310994,4.93484890507628,-0.157713653109937));
#7737=CARTESIAN_POINT('Ctrl Pts',(3.86485302026361,4.93949360098153,-0.152944584840822));
#7738=CARTESIAN_POINT('Ctrl Pts',(3.87796981998939,4.95046520144565,-0.142299986187419));
#7739=CARTESIAN_POINT('Ctrl Pts',(3.8961859371769,4.97809253540808,-0.116016365292233));
#7740=CARTESIAN_POINT('Ctrl Pts',(3.9,4.99274493567606,-0.0972724712432061));
#7741=CARTESIAN_POINT('Ctrl Pts',(3.9,4.99941800253506,-0.0875992747672399));
#7742=CARTESIAN_POINT('Ctrl Pts',(3.86837587689253,4.98871026827811,-0.168375876892529));
#7743=CARTESIAN_POINT('Ctrl Pts',(3.87448268564038,4.9927671723556,-0.163053341254009));
#7744=CARTESIAN_POINT('Ctrl Pts',(3.88579732606019,5.00227091334752,-0.150585164511447));
#7745=CARTESIAN_POINT('Ctrl Pts',(3.89752825670733,5.01521862714332,-0.125824107304869));
#7746=CARTESIAN_POINT('Ctrl Pts',(3.9,5.02058897732798,-0.107545840653169));
#7747=CARTESIAN_POINT('Ctrl Pts',(3.9,5.02380973105826,-0.097702659531272));
#7748=CARTESIAN_POINT('Ctrl Pts',(3.87071067811866,5.03057393709199,-0.170710678118655));
#7749=CARTESIAN_POINT('Ctrl Pts',(3.87653853382457,5.03165232385687,-0.164882822412737));
#7750=CARTESIAN_POINT('Ctrl Pts',(3.88698624092974,5.0340015993009,-0.15154716240023));
#7751=CARTESIAN_POINT('Ctrl Pts',(3.89744671619307,5.0377866496412,-0.127299029547407));
#7752=CARTESIAN_POINT('Ctrl Pts',(3.9,5.04012673074429,-0.109211459941081));
#7753=CARTESIAN_POINT('Ctrl Pts',(3.9,5.04125957042289,-0.1));
#7754=CARTESIAN_POINT('Ctrl Pts',(3.87071067811866,5.04998489885978,-0.170710678118655));
#7755=CARTESIAN_POINT('Ctrl Pts',(3.8768813488661,5.04998489885978,-0.164540007371213));
#7756=CARTESIAN_POINT('Ctrl Pts',(3.8875974018335,5.04998489885978,-0.150574533655963));
#7757=CARTESIAN_POINT('Ctrl Pts',(3.89770231255427,5.04998489885978,-0.126179121147312));
#7758=CARTESIAN_POINT('Ctrl Pts',(3.9,5.04998489885978,-0.108726646259972));
#7759=CARTESIAN_POINT('Ctrl Pts',(3.9,5.04998489885978,-0.1));
#7760=CARTESIAN_POINT('',(3.9,5.04998489885978,-0.1));
#7761=CARTESIAN_POINT('Origin',(3.8,5.04998489885978,-0.1));
#7762=CARTESIAN_POINT('Origin',(3.9,5.04998489885978,-1.51011402221499E-5));
#7763=CARTESIAN_POINT('Ctrl Pts',(1.95488413516056,4.90488413516055,-0.145115864839445));
#7764=CARTESIAN_POINT('Ctrl Pts',(1.95014735659669,4.90014735659669,-0.135642307711717));
#7765=CARTESIAN_POINT('Ctrl Pts',(1.94228634689007,4.89228634689006,-0.115151094923719));
#7766=CARTESIAN_POINT('Ctrl Pts',(1.93162412310747,4.88162412310747,-0.0612897317218954));
#7767=CARTESIAN_POINT('Ctrl Pts',(1.92928932188135,4.87928932188134,-0.0194260629080043));
#7768=CARTESIAN_POINT('Ctrl Pts',(1.92928932188135,4.87928932188134,-1.51011402221846E-5));
#7769=CARTESIAN_POINT('Ctrl Pts',(1.95962091372442,4.89541057803283,-0.140379086275581));
#7770=CARTESIAN_POINT('Ctrl Pts',(1.95494277424852,4.89164394382847,-0.130988002246977));
#7771=CARTESIAN_POINT('Ctrl Pts',(1.94705541515918,4.88514697973639,-0.110506399018468));
#7772=CARTESIAN_POINT('Ctrl Pts',(1.93694665874599,4.87551731435962,-0.0572328276444023));
#7773=CARTESIAN_POINT('Ctrl Pts',(1.93511717758726,4.87346146617543,-0.0183476761431275));
#7774=CARTESIAN_POINT('Ctrl Pts',(1.93545999262879,4.8731186511339,-1.51011402221846E-5));
#7775=CARTESIAN_POINT('Ctrl Pts',(1.97007792423751,4.87926570272041,-0.129922075762491));
#7776=CARTESIAN_POINT('Ctrl Pts',(1.96544494021739,4.87678431597416,-0.120533244987896));
#7777=CARTESIAN_POINT('Ctrl Pts',(1.95770001381258,4.87203018001061,-0.0995347985543493));
#7778=CARTESIAN_POINT('Ctrl Pts',(1.94941483548855,4.86420267393981,-0.047729086652483));
#7779=CARTESIAN_POINT('Ctrl Pts',(1.94845283759977,4.86301375907027,-0.0159984006990979));
#7780=CARTESIAN_POINT('Ctrl Pts',(1.94942546634404,4.8624025981665,-1.51011402220284E-5));
#7781=CARTESIAN_POINT('Ctrl Pts',(1.99755509639379,4.85684981919768,-0.102444903606208));
#7782=CARTESIAN_POINT('Ctrl Pts',(1.99244853180014,4.85591054517527,-0.0931261956744738));
#7783=CARTESIAN_POINT('Ctrl Pts',(1.98398363470777,4.8538140628231,-0.0719074645919201));
#7784=CARTESIAN_POINT('Ctrl Pts',(1.97417589269513,4.85247174329268,-0.0347813728566734));
#7785=CARTESIAN_POINT('Ctrl Pts',(1.97270097045259,4.85255328380693,-0.0122133503588005));
#7786=CARTESIAN_POINT('Ctrl Pts',(1.97382087885269,4.85229768744573,-1.51011402221499E-5));
#7787=CARTESIAN_POINT('Ctrl Pts',(2.01957853942716,4.85,-0.0804214605728389));
#7788=CARTESIAN_POINT('Ctrl Pts',(2.01344376900323,4.85,-0.0732082057675009));
#7789=CARTESIAN_POINT('Ctrl Pts',(2.0027275287568,4.85,-0.0572550643239389));
#7790=CARTESIAN_POINT('Ctrl Pts',(1.99245415934683,4.85,-0.0294110226720237));
#7791=CARTESIAN_POINT('Ctrl Pts',(1.99078854005892,4.85,-0.00987326925570485));
#7792=CARTESIAN_POINT('Ctrl Pts',(1.99127335374003,4.85,-1.51011402221672E-5));
#7793=CARTESIAN_POINT('Ctrl Pts',(2.02928489885978,4.85,-0.0707151011402222));
#7794=CARTESIAN_POINT('Ctrl Pts',(2.02311515995398,4.85,-0.0645453622344222));
#7795=CARTESIAN_POINT('Ctrl Pts',(2.01240072523276,4.85,-0.0505819974649407));
#7796=CARTESIAN_POINT('Ctrl Pts',(2.00229734046873,4.85,-0.0261902689417409));
#7797=CARTESIAN_POINT('Ctrl Pts',(2.,4.85,-0.00874042957710541));
#7798=CARTESIAN_POINT('Ctrl Pts',(2.,4.85,-1.51011402221672E-5));
#7799=CARTESIAN_POINT('Origin',(2.,4.95,0.));
#7800=CARTESIAN_POINT('Ctrl Pts',(3.84511586483945,5.29511586483945,-0.145115864839445));
#7801=CARTESIAN_POINT('Ctrl Pts',(3.84985264340331,5.29985264340331,-0.135642307711717));
#7802=CARTESIAN_POINT('Ctrl Pts',(3.85771365310994,5.30771365310994,-0.115151094923719));
#7803=CARTESIAN_POINT('Ctrl Pts',(3.86837587689253,5.31837587689253,-0.0612897317218954));
#7804=CARTESIAN_POINT('Ctrl Pts',(3.87071067811866,5.32071067811865,-0.0194260629080043));
#7805=CARTESIAN_POINT('Ctrl Pts',(3.87071067811866,5.32071067811865,-1.51011402221846E-5));
#7806=CARTESIAN_POINT('Ctrl Pts',(3.84037908627558,5.30458942196717,-0.140379086275581));
#7807=CARTESIAN_POINT('Ctrl Pts',(3.84505722575148,5.30835605617153,-0.130988002246977));
#7808=CARTESIAN_POINT('Ctrl Pts',(3.85294458484082,5.31485302026361,-0.110506399018468));
#7809=CARTESIAN_POINT('Ctrl Pts',(3.86305334125401,5.32448268564038,-0.0572328276444023));
#7810=CARTESIAN_POINT('Ctrl Pts',(3.86488282241274,5.32653853382457,-0.0183476761431275));
#7811=CARTESIAN_POINT('Ctrl Pts',(3.86454000737121,5.3268813488661,-1.51011402221846E-5));
#7812=CARTESIAN_POINT('Ctrl Pts',(3.82992207576249,5.32073429727959,-0.129922075762491));
#7813=CARTESIAN_POINT('Ctrl Pts',(3.83455505978261,5.32321568402585,-0.120533244987896));
#7814=CARTESIAN_POINT('Ctrl Pts',(3.84229998618742,5.3279698199894,-0.0995347985543493));
#7815=CARTESIAN_POINT('Ctrl Pts',(3.85058516451145,5.33579732606018,-0.047729086652483));
#7816=CARTESIAN_POINT('Ctrl Pts',(3.85154716240023,5.33698624092974,-0.0159984006990979));
#7817=CARTESIAN_POINT('Ctrl Pts',(3.85057453365597,5.3375974018335,-1.51011402220111E-5));
#7818=CARTESIAN_POINT('Ctrl Pts',(3.80244490360621,5.34315018080231,-0.102444903606208));
#7819=CARTESIAN_POINT('Ctrl Pts',(3.80755146819987,5.34408945482473,-0.0931261956744738));
#7820=CARTESIAN_POINT('Ctrl Pts',(3.81601636529223,5.3461859371769,-0.0719074645919201));
#7821=CARTESIAN_POINT('Ctrl Pts',(3.82582410730487,5.34752825670733,-0.0347813728566734));
#7822=CARTESIAN_POINT('Ctrl Pts',(3.82729902954741,5.34744671619307,-0.0122133503588006));
#7823=CARTESIAN_POINT('Ctrl Pts',(3.82617912114731,5.34770231255427,-1.51011402221846E-5));
#7824=CARTESIAN_POINT('Ctrl Pts',(3.78042146057284,5.35,-0.0804214605728389));
#7825=CARTESIAN_POINT('Ctrl Pts',(3.78655623099678,5.35,-0.0732082057675009));
#7826=CARTESIAN_POINT('Ctrl Pts',(3.79727247124321,5.35,-0.0572550643239389));
#7827=CARTESIAN_POINT('Ctrl Pts',(3.80754584065317,5.35,-0.0294110226720236));
#7828=CARTESIAN_POINT('Ctrl Pts',(3.80921145994108,5.35,-0.00987326925570485));
#7829=CARTESIAN_POINT('Ctrl Pts',(3.80872664625997,5.35,-1.51011402221672E-5));
#7830=CARTESIAN_POINT('Ctrl Pts',(3.77071510114022,5.35,-0.0707151011402222));
#7831=CARTESIAN_POINT('Ctrl Pts',(3.77688484004602,5.35,-0.0645453622344222));
#7832=CARTESIAN_POINT('Ctrl Pts',(3.78759927476724,5.35,-0.0505819974649407));
#7833=CARTESIAN_POINT('Ctrl Pts',(3.79770265953128,5.35,-0.0261902689417408));
#7834=CARTESIAN_POINT('Ctrl Pts',(3.8,5.35,-0.00874042957710541));
#7835=CARTESIAN_POINT('Ctrl Pts',(3.8,5.35,-1.51011402221672E-5));
#7836=CARTESIAN_POINT('Origin',(3.8,5.25,0.));
#7837=CARTESIAN_POINT('Origin',(3.8,5.225,-0.1));
#7838=CARTESIAN_POINT('',(3.8,5.225,-0.2));
#7839=CARTESIAN_POINT('',(3.9,5.225,-0.1));
#7840=CARTESIAN_POINT('Ctrl Pts',(1.95488413516056,5.29511586483944,-0.145115864839445));
#7841=CARTESIAN_POINT('Ctrl Pts',(1.94541057803283,5.29037908627558,-0.140379086275581));
#7842=CARTESIAN_POINT('Ctrl Pts',(1.92926570272041,5.27992207576249,-0.129922075762491));
#7843=CARTESIAN_POINT('Ctrl Pts',(1.90684981919769,5.25244490360621,-0.102444903606208));
#7844=CARTESIAN_POINT('Ctrl Pts',(1.9,5.23042146057284,-0.0804214605728388));
#7845=CARTESIAN_POINT('Ctrl Pts',(1.9,5.22071510114022,-0.0707151011402221));
#7846=CARTESIAN_POINT('Ctrl Pts',(1.95014735659669,5.28564230771172,-0.149852643403309));
#7847=CARTESIAN_POINT('Ctrl Pts',(1.94164394382848,5.28098800224698,-0.14505722575148));
#7848=CARTESIAN_POINT('Ctrl Pts',(1.92678431597416,5.2705332449879,-0.134555059782608));
#7849=CARTESIAN_POINT('Ctrl Pts',(1.90591054517527,5.24312619567448,-0.107551468199867));
#7850=CARTESIAN_POINT('Ctrl Pts',(1.9,5.2232082057675,-0.0865562309967749));
#7851=CARTESIAN_POINT('Ctrl Pts',(1.9,5.21454536223442,-0.0768848400460221));
#7852=CARTESIAN_POINT('Ctrl Pts',(1.94228634689007,5.26515109492372,-0.157713653109937));
#7853=CARTESIAN_POINT('Ctrl Pts',(1.93514697973639,5.26050639901847,-0.152944584840822));
#7854=CARTESIAN_POINT('Ctrl Pts',(1.92203018001061,5.24953479855435,-0.142299986187419));
#7855=CARTESIAN_POINT('Ctrl Pts',(1.9038140628231,5.22190746459192,-0.116016365292233));
#7856=CARTESIAN_POINT('Ctrl Pts',(1.9,5.20725506432394,-0.0972724712432061));
#7857=CARTESIAN_POINT('Ctrl Pts',(1.9,5.20058199746494,-0.0875992747672399));
#7858=CARTESIAN_POINT('Ctrl Pts',(1.93162412310747,5.2112897317219,-0.168375876892529));
#7859=CARTESIAN_POINT('Ctrl Pts',(1.92551731435962,5.20723282764441,-0.163053341254009));
#7860=CARTESIAN_POINT('Ctrl Pts',(1.91420267393982,5.19772908665248,-0.150585164511447));
#7861=CARTESIAN_POINT('Ctrl Pts',(1.90247174329267,5.18478137285667,-0.125824107304869));
#7862=CARTESIAN_POINT('Ctrl Pts',(1.9,5.17941102267202,-0.107545840653169));
#7863=CARTESIAN_POINT('Ctrl Pts',(1.9,5.17619026894174,-0.097702659531272));
#7864=CARTESIAN_POINT('Ctrl Pts',(1.92928932188135,5.169426062908,-0.170710678118655));
#7865=CARTESIAN_POINT('Ctrl Pts',(1.92346146617543,5.16834767614313,-0.164882822412737));
#7866=CARTESIAN_POINT('Ctrl Pts',(1.91301375907026,5.1659984006991,-0.15154716240023));
#7867=CARTESIAN_POINT('Ctrl Pts',(1.90255328380694,5.1622133503588,-0.127299029547407));
#7868=CARTESIAN_POINT('Ctrl Pts',(1.9,5.15987326925571,-0.109211459941081));
#7869=CARTESIAN_POINT('Ctrl Pts',(1.9,5.15874042957711,-0.1));
#7870=CARTESIAN_POINT('Ctrl Pts',(1.92928932188135,5.15001510114022,-0.170710678118655));
#7871=CARTESIAN_POINT('Ctrl Pts',(1.92311865113391,5.15001510114022,-0.164540007371213));
#7872=CARTESIAN_POINT('Ctrl Pts',(1.9124025981665,5.15001510114022,-0.150574533655963));
#7873=CARTESIAN_POINT('Ctrl Pts',(1.90229768744573,5.15001510114022,-0.126179121147312));
#7874=CARTESIAN_POINT('Ctrl Pts',(1.9,5.15001510114022,-0.108726646259972));
#7875=CARTESIAN_POINT('Ctrl Pts',(1.9,5.15001510114022,-0.1));
#7876=CARTESIAN_POINT('',(1.9,5.15001510114022,-0.1));
#7877=CARTESIAN_POINT('Origin',(2.,5.15001510114022,-0.1));
#7878=CARTESIAN_POINT('Origin',(1.9,5.15001510114022,-1.51011402221499E-5));
#7879=CARTESIAN_POINT('Origin',(2.4,5.25,-0.1));
#7880=CARTESIAN_POINT('',(2.4,5.25,-0.2));
#7881=CARTESIAN_POINT('',(2.4,5.35,-0.1));
#7882=CARTESIAN_POINT('Origin',(2.,4.975,-0.1));
#7883=CARTESIAN_POINT('',(2.,4.975,-0.2));
#7884=CARTESIAN_POINT('',(1.9,4.975,-0.1));
#7885=CARTESIAN_POINT('Origin',(3.4,4.95,-0.1));
#7886=CARTESIAN_POINT('',(3.4,4.95,-0.2));
#7887=CARTESIAN_POINT('',(3.4,4.85,-0.1));
#7888=CARTESIAN_POINT('Origin',(3.9,5.35,0.));
#7889=CARTESIAN_POINT('',(3.9,4.425,0.));
#7890=CARTESIAN_POINT('Origin',(1.9,5.35,0.));
#7891=CARTESIAN_POINT('',(4.975,5.35,0.));
#7892=CARTESIAN_POINT('Origin',(2.9,5.1,-0.2));
#7893=CARTESIAN_POINT('Origin',(1.9,4.85,0.));
#7894=CARTESIAN_POINT('',(1.9,4.175,0.));
#7895=CARTESIAN_POINT('Origin',(3.9,4.85,0.));
#7896=CARTESIAN_POINT('',(5.975,4.85,0.));
#7897=CARTESIAN_POINT('Origin',(12.7,5.35,0.));
#7898=CARTESIAN_POINT('',(13.45,5.35,0.));
#7899=CARTESIAN_POINT('',(10.375,5.35,0.));
#7900=CARTESIAN_POINT('',(13.45,5.35,0.));
#7901=CARTESIAN_POINT('Origin',(12.7,4.85,0.));
#7902=CARTESIAN_POINT('',(12.7,4.175,0.));
#7903=CARTESIAN_POINT('Origin',(13.45,4.85,0.));
#7904=CARTESIAN_POINT('',(13.45,4.85,0.));
#7905=CARTESIAN_POINT('',(13.45,4.85,0.));
#7906=CARTESIAN_POINT('',(10.75,4.85,0.));
#7907=CARTESIAN_POINT('Origin',(13.45,4.1,0.));
#7908=CARTESIAN_POINT('',(13.45,3.8,0.));
#7909=CARTESIAN_POINT('Origin',(13.95,4.1,0.));
#7910=CARTESIAN_POINT('',(11.,4.1,0.));
#7911=CARTESIAN_POINT('Origin',(13.45,5.35,0.));
#7912=CARTESIAN_POINT('',(13.45,4.425,0.));
#7913=CARTESIAN_POINT('Origin',(5.8,2.8,0.));
#7914=CARTESIAN_POINT('',(5.8,1.8,4.4));
#7915=CARTESIAN_POINT('',(5.8,2.8,4.4));
#7916=CARTESIAN_POINT('',(5.8,1.65,4.4));
#7917=CARTESIAN_POINT('',(5.8,1.8,0.));
#7918=CARTESIAN_POINT('',(5.8,1.8,0.));
#7919=CARTESIAN_POINT('',(5.8,2.8,0.));
#7920=CARTESIAN_POINT('',(5.8,3.15,0.));
#7921=CARTESIAN_POINT('',(5.8,2.8,0.));
#7922=CARTESIAN_POINT('Origin',(6.4,2.8,0.));
#7923=CARTESIAN_POINT('',(6.4,2.8,4.4));
#7924=CARTESIAN_POINT('',(7.225,2.8,4.4));
#7925=CARTESIAN_POINT('',(6.4,2.8,0.));
#7926=CARTESIAN_POINT('',(7.225,2.8,0.));
#7927=CARTESIAN_POINT('',(6.4,2.8,0.));
#7928=CARTESIAN_POINT('Origin',(6.4,1.8,0.));
#7929=CARTESIAN_POINT('',(6.4,1.8,4.4));
#7930=CARTESIAN_POINT('',(6.4,1.15,4.4));
#7931=CARTESIAN_POINT('',(6.4,1.8,0.));
#7932=CARTESIAN_POINT('',(6.4,2.65,0.));
#7933=CARTESIAN_POINT('',(6.4,1.8,0.));
#7934=CARTESIAN_POINT('Origin',(5.8,1.8,0.));
#7935=CARTESIAN_POINT('',(6.925,1.8,4.4));
#7936=CARTESIAN_POINT('',(6.925,1.8,0.));
#7937=CARTESIAN_POINT('Origin',(13.2,3.8,0.));
#7938=CARTESIAN_POINT('',(13.2,3.20021991610514,4.4));
#7939=CARTESIAN_POINT('',(13.2,3.8,4.4));
#7940=CARTESIAN_POINT('',(13.2,2.15,4.4));
#7941=CARTESIAN_POINT('',(13.2,3.20021991610514,0.));
#7942=CARTESIAN_POINT('',(13.2,3.20021991610514,0.));
#7943=CARTESIAN_POINT('',(13.2,3.8,0.));
#7944=CARTESIAN_POINT('',(13.2,3.65,0.));
#7945=CARTESIAN_POINT('',(13.2,3.8,0.));
#7946=CARTESIAN_POINT('Origin',(14.2,3.8,0.));
#7947=CARTESIAN_POINT('',(14.2,3.8,4.4));
#7948=CARTESIAN_POINT('',(11.125,3.8,4.4));
#7949=CARTESIAN_POINT('',(14.2,3.8,0.));
#7950=CARTESIAN_POINT('',(11.125,3.8,0.));
#7951=CARTESIAN_POINT('',(14.2,3.8,0.));
#7952=CARTESIAN_POINT('Origin',(14.2,3.20021991610514,0.));
#7953=CARTESIAN_POINT('',(14.2,3.20021991610514,4.4));
#7954=CARTESIAN_POINT('',(14.2,1.85010995805257,4.4));
#7955=CARTESIAN_POINT('',(14.2,3.20021991610514,0.));
#7956=CARTESIAN_POINT('',(14.2,3.35010995805257,0.));
#7957=CARTESIAN_POINT('',(14.2,3.20021991610514,0.));
#7958=CARTESIAN_POINT('Origin',(13.2,3.20021991610514,0.));
#7959=CARTESIAN_POINT('',(10.625,3.20021991610514,4.4));
#7960=CARTESIAN_POINT('',(10.625,3.20021991610514,0.));
#7961=CARTESIAN_POINT('Origin',(5.8,5.2,0.));
#7962=CARTESIAN_POINT('',(5.8,4.2,4.4));
#7963=CARTESIAN_POINT('',(5.8,5.2,4.4));
#7964=CARTESIAN_POINT('',(5.8,2.85,4.4));
#7965=CARTESIAN_POINT('',(5.8,4.2,0.));
#7966=CARTESIAN_POINT('',(5.8,4.2,0.));
#7967=CARTESIAN_POINT('',(5.8,5.2,0.));
#7968=CARTESIAN_POINT('',(5.8,4.35,0.));
#7969=CARTESIAN_POINT('',(5.8,5.2,0.));
#7970=CARTESIAN_POINT('Origin',(6.4,5.2,0.));
#7971=CARTESIAN_POINT('',(6.4,5.2,4.4));
#7972=CARTESIAN_POINT('',(7.225,5.2,4.4));
#7973=CARTESIAN_POINT('',(6.4,5.2,0.));
#7974=CARTESIAN_POINT('',(7.225,5.2,0.));
#7975=CARTESIAN_POINT('',(6.4,5.2,0.));
#7976=CARTESIAN_POINT('Origin',(6.4,4.2,0.));
#7977=CARTESIAN_POINT('',(6.4,4.2,4.4));
#7978=CARTESIAN_POINT('',(6.4,2.35,4.4));
#7979=CARTESIAN_POINT('',(6.4,4.2,0.));
#7980=CARTESIAN_POINT('',(6.4,3.85,0.));
#7981=CARTESIAN_POINT('',(6.4,4.2,0.));
#7982=CARTESIAN_POINT('Origin',(5.8,4.2,0.));
#7983=CARTESIAN_POINT('',(6.925,4.2,4.4));
#7984=CARTESIAN_POINT('',(6.925,4.2,0.));
#7985=CARTESIAN_POINT('Origin',(9.7,2.8,0.));
#7986=CARTESIAN_POINT('',(9.7,1.8,4.4));
#7987=CARTESIAN_POINT('',(9.7,2.8,4.4));
#7988=CARTESIAN_POINT('',(9.7,1.65,4.4));
#7989=CARTESIAN_POINT('',(9.7,1.8,0.));
#7990=CARTESIAN_POINT('',(9.7,1.8,0.));
#7991=CARTESIAN_POINT('',(9.7,2.8,0.));
#7992=CARTESIAN_POINT('',(9.7,3.15,0.));
#7993=CARTESIAN_POINT('',(9.7,2.8,0.));
#7994=CARTESIAN_POINT('Origin',(10.3,2.8,0.));
#7995=CARTESIAN_POINT('',(10.3,2.8,4.4));
#7996=CARTESIAN_POINT('',(9.175,2.8,4.4));
#7997=CARTESIAN_POINT('',(10.3,2.8,0.));
#7998=CARTESIAN_POINT('',(9.175,2.8,0.));
#7999=CARTESIAN_POINT('',(10.3,2.8,0.));
#8000=CARTESIAN_POINT('Origin',(10.3,1.8,0.));
#8001=CARTESIAN_POINT('',(10.3,1.8,4.4));
#8002=CARTESIAN_POINT('',(10.3,1.15,4.4));
#8003=CARTESIAN_POINT('',(10.3,1.8,0.));
#8004=CARTESIAN_POINT('',(10.3,2.65,0.));
#8005=CARTESIAN_POINT('',(10.3,1.8,0.));
#8006=CARTESIAN_POINT('Origin',(9.7,1.8,0.));
#8007=CARTESIAN_POINT('',(8.875,1.8,4.4));
#8008=CARTESIAN_POINT('',(8.875,1.8,0.));
#8009=CARTESIAN_POINT('Origin',(9.7,5.2,0.));
#8010=CARTESIAN_POINT('',(9.7,4.2,4.4));
#8011=CARTESIAN_POINT('',(9.7,5.2,4.4));
#8012=CARTESIAN_POINT('',(9.7,2.85,4.4));
#8013=CARTESIAN_POINT('',(9.7,4.2,0.));
#8014=CARTESIAN_POINT('',(9.7,4.2,0.));
#8015=CARTESIAN_POINT('',(9.7,5.2,0.));
#8016=CARTESIAN_POINT('',(9.7,4.35,0.));
#8017=CARTESIAN_POINT('',(9.7,5.2,0.));
#8018=CARTESIAN_POINT('Origin',(10.3,5.2,0.));
#8019=CARTESIAN_POINT('',(10.3,5.2,4.4));
#8020=CARTESIAN_POINT('',(9.175,5.2,4.4));
#8021=CARTESIAN_POINT('',(10.3,5.2,0.));
#8022=CARTESIAN_POINT('',(9.175,5.2,0.));
#8023=CARTESIAN_POINT('',(10.3,5.2,0.));
#8024=CARTESIAN_POINT('Origin',(10.3,4.2,0.));
#8025=CARTESIAN_POINT('',(10.3,4.2,4.4));
#8026=CARTESIAN_POINT('',(10.3,2.35,4.4));
#8027=CARTESIAN_POINT('',(10.3,4.2,0.));
#8028=CARTESIAN_POINT('',(10.3,3.85,0.));
#8029=CARTESIAN_POINT('',(10.3,4.2,0.));
#8030=CARTESIAN_POINT('Origin',(9.7,4.2,0.));
#8031=CARTESIAN_POINT('',(8.875,4.2,4.4));
#8032=CARTESIAN_POINT('',(8.875,4.2,0.));
#8033=CARTESIAN_POINT('Origin',(1.9,3.8,0.));
#8034=CARTESIAN_POINT('',(1.9,3.2,4.4));
#8035=CARTESIAN_POINT('',(1.9,3.8,4.4));
#8036=CARTESIAN_POINT('',(1.9,2.15,4.4));
#8037=CARTESIAN_POINT('',(1.9,3.2,0.));
#8038=CARTESIAN_POINT('',(1.9,3.2,0.));
#8039=CARTESIAN_POINT('',(1.9,3.8,0.));
#8040=CARTESIAN_POINT('',(1.9,3.65,0.));
#8041=CARTESIAN_POINT('',(1.9,3.8,0.));
#8042=CARTESIAN_POINT('Origin',(2.9,3.8,0.));
#8043=CARTESIAN_POINT('',(2.9,3.8,4.4));
#8044=CARTESIAN_POINT('',(5.475,3.8,4.4));
#8045=CARTESIAN_POINT('',(2.9,3.8,0.));
#8046=CARTESIAN_POINT('',(5.475,3.8,0.));
#8047=CARTESIAN_POINT('',(2.9,3.8,0.));
#8048=CARTESIAN_POINT('Origin',(2.9,3.2,0.));
#8049=CARTESIAN_POINT('',(2.9,3.2,4.4));
#8050=CARTESIAN_POINT('',(2.9,1.85,4.4));
#8051=CARTESIAN_POINT('',(2.9,3.2,0.));
#8052=CARTESIAN_POINT('',(2.9,3.35,0.));
#8053=CARTESIAN_POINT('',(2.9,3.2,0.));
#8054=CARTESIAN_POINT('Origin',(1.9,3.2,0.));
#8055=CARTESIAN_POINT('',(4.975,3.2,4.4));
#8056=CARTESIAN_POINT('',(4.975,3.2,0.));
#8057=CARTESIAN_POINT('Origin',(0.600000000000001,5.25,0.6));
#8058=CARTESIAN_POINT('',(0.,5.5,0.6));
#8059=CARTESIAN_POINT('',(0.600000000000001,5.5,0.));
#8060=CARTESIAN_POINT('Origin',(0.600000000000001,5.5,0.6));
#8061=CARTESIAN_POINT('',(0.600000000000001,1.5,0.));
#8062=CARTESIAN_POINT('',(0.600000000000001,5.25,0.));
#8063=CARTESIAN_POINT('',(0.,1.5,0.6));
#8064=CARTESIAN_POINT('Origin',(0.600000000000001,1.5,0.6));
#8065=CARTESIAN_POINT('',(0.,5.25,0.6));
#8066=CARTESIAN_POINT('Origin',(1.5,1.5,0.6));
#8067=CARTESIAN_POINT('',(1.5,0.6,0.));
#8068=CARTESIAN_POINT('',(1.5,0.,0.6));
#8069=CARTESIAN_POINT('Origin',(1.5,0.6,0.6));
#8070=CARTESIAN_POINT('Origin',(1.5,1.5,0.6));
#8071=CARTESIAN_POINT('Origin',(1.5,1.5,0.));
#8072=CARTESIAN_POINT('Origin',(4.025,0.6,0.6));
#8073=CARTESIAN_POINT('',(14.6,0.6,0.));
#8074=CARTESIAN_POINT('',(14.6,0.,0.6));
#8075=CARTESIAN_POINT('Origin',(14.6,0.6,0.6));
#8076=CARTESIAN_POINT('',(4.025,0.,0.6));
#8077=CARTESIAN_POINT('',(4.025,0.6,0.));
#8078=CARTESIAN_POINT('Origin',(14.6,1.5,0.6));
#8079=CARTESIAN_POINT('',(15.5,1.5,0.));
#8080=CARTESIAN_POINT('',(16.1,1.5,0.6));
#8081=CARTESIAN_POINT('Origin',(15.5,1.5,0.6));
#8082=CARTESIAN_POINT('Origin',(14.6,1.5,0.6));
#8083=CARTESIAN_POINT('Origin',(14.6,1.5,0.));
#8084=CARTESIAN_POINT('Origin',(15.5,1.75,0.6));
#8085=CARTESIAN_POINT('',(15.5,5.5,0.));
#8086=CARTESIAN_POINT('',(16.1,5.5,0.6));
#8087=CARTESIAN_POINT('Origin',(15.5,5.5,0.6));
#8088=CARTESIAN_POINT('',(16.1,1.75,0.6));
#8089=CARTESIAN_POINT('',(15.5,1.75,0.));
#8090=CARTESIAN_POINT('Origin',(14.6,5.5,0.6));
#8091=CARTESIAN_POINT('',(14.6,6.4,0.));
#8092=CARTESIAN_POINT('',(14.6,7.,0.6));
#8093=CARTESIAN_POINT('Origin',(14.6,6.4,0.6));
#8094=CARTESIAN_POINT('Origin',(14.6,5.5,0.6));
#8095=CARTESIAN_POINT('Origin',(14.6,5.5,0.));
#8096=CARTESIAN_POINT('Origin',(12.075,6.4,0.6));
#8097=CARTESIAN_POINT('',(1.5,6.4,0.));
#8098=CARTESIAN_POINT('',(1.5,7.,0.6));
#8099=CARTESIAN_POINT('Origin',(1.5,6.4,0.6));
#8100=CARTESIAN_POINT('',(12.075,7.,0.6));
#8101=CARTESIAN_POINT('',(12.075,6.4,0.));
#8102=CARTESIAN_POINT('Origin',(1.5,5.5,0.6));
#8103=CARTESIAN_POINT('Origin',(1.5,5.5,0.6));
#8104=CARTESIAN_POINT('Origin',(1.5,5.5,0.));
#8105=CARTESIAN_POINT('Origin',(14.6,5.5,0.));
#8106=CARTESIAN_POINT('',(14.6,7.,11.1));
#8107=CARTESIAN_POINT('',(14.6,7.,0.));
#8108=CARTESIAN_POINT('',(16.1,5.5,11.1));
#8109=CARTESIAN_POINT('Origin',(14.6,5.5,11.1));
#8110=CARTESIAN_POINT('',(16.1,5.5,0.));
#8111=CARTESIAN_POINT('Origin',(16.1,7.,0.));
#8112=CARTESIAN_POINT('',(1.5,7.,11.1));
#8113=CARTESIAN_POINT('',(1.5,7.,0.));
#8114=CARTESIAN_POINT('',(5.4,7.,11.1));
#8115=CARTESIAN_POINT('',(16.1,7.,11.1));
#8116=CARTESIAN_POINT('',(5.4,7.,9.1));
#8117=CARTESIAN_POINT('',(5.4,7.,5.55));
#8118=CARTESIAN_POINT('',(10.7,7.,9.1));
#8119=CARTESIAN_POINT('',(12.075,7.,9.1));
#8120=CARTESIAN_POINT('',(10.7,7.,11.1));
#8121=CARTESIAN_POINT('',(10.7,7.,5.55));
#8122=CARTESIAN_POINT('',(16.1,7.,11.1));
#8123=CARTESIAN_POINT('Origin',(1.5,5.5,0.));
#8124=CARTESIAN_POINT('',(0.,5.5,11.1));
#8125=CARTESIAN_POINT('',(0.,5.5,0.));
#8126=CARTESIAN_POINT('Origin',(1.5,5.5,11.1));
#8127=CARTESIAN_POINT('Origin',(0.,7.,0.));
#8128=CARTESIAN_POINT('',(0.,1.5,11.1));
#8129=CARTESIAN_POINT('',(0.,1.5,0.));
#8130=CARTESIAN_POINT('',(0.,7.,11.1));
#8131=CARTESIAN_POINT('Origin',(8.05,3.5,0.));
#8132=CARTESIAN_POINT('Origin',(8.05,3.5,11.1));
#8133=CARTESIAN_POINT('',(1.5,0.,11.1));
#8134=CARTESIAN_POINT('Origin',(1.5,1.5,11.1));
#8135=CARTESIAN_POINT('',(4.05,0.,11.1));
#8136=CARTESIAN_POINT('',(0.,0.,11.1));
#8137=CARTESIAN_POINT('',(4.05,1.,11.1));
#8138=CARTESIAN_POINT('',(4.05,1.75,11.1));
#8139=CARTESIAN_POINT('',(1.,1.,11.1));
#8140=CARTESIAN_POINT('',(15.1,1.,11.1));
#8141=CARTESIAN_POINT('',(1.,6.,11.1));
#8142=CARTESIAN_POINT('',(1.,1.,11.1));
#8143=CARTESIAN_POINT('',(5.4,6.,11.1));
#8144=CARTESIAN_POINT('',(1.,6.,11.1));
#8145=CARTESIAN_POINT('',(5.4,4.75,11.1));
#8146=CARTESIAN_POINT('Origin',(16.1,0.,0.));
#8147=CARTESIAN_POINT('',(16.1,1.5,11.1));
#8148=CARTESIAN_POINT('',(16.1,1.,11.1));
#8149=CARTESIAN_POINT('',(16.1,1.5,0.));
#8150=CARTESIAN_POINT('Origin',(8.05,3.5,11.1));
#8151=CARTESIAN_POINT('',(10.7,6.,11.1));
#8152=CARTESIAN_POINT('',(10.7,5.25,11.1));
#8153=CARTESIAN_POINT('',(15.1,6.,11.1));
#8154=CARTESIAN_POINT('',(1.,6.,11.1));
#8155=CARTESIAN_POINT('',(15.1,1.,11.1));
#8156=CARTESIAN_POINT('',(15.1,6.,11.1));
#8157=CARTESIAN_POINT('',(12.05,1.,11.1));
#8158=CARTESIAN_POINT('',(15.1,1.,11.1));
#8159=CARTESIAN_POINT('',(12.05,0.,11.1));
#8160=CARTESIAN_POINT('',(12.05,2.25,11.1));
#8161=CARTESIAN_POINT('',(14.6,0.,11.1));
#8162=CARTESIAN_POINT('',(0.,0.,11.1));
#8163=CARTESIAN_POINT('Origin',(14.6,1.5,11.1));
#8164=CARTESIAN_POINT('Origin',(14.6,1.5,0.));
#8165=CARTESIAN_POINT('',(14.6,0.,0.));
#8166=CARTESIAN_POINT('Origin',(0.,0.,0.));
#8167=CARTESIAN_POINT('',(12.05,0.,4.4));
#8168=CARTESIAN_POINT('',(12.05,0.,5.55));
#8169=CARTESIAN_POINT('',(4.05,0.,4.4));
#8170=CARTESIAN_POINT('',(4.025,0.,4.4));
#8171=CARTESIAN_POINT('',(4.05,0.,5.55));
#8172=CARTESIAN_POINT('',(1.5,0.,0.));
#8173=CARTESIAN_POINT('Origin',(1.5,1.5,0.));
#8174=CARTESIAN_POINT('Origin',(8.05,0.5,4.4));
#8175=CARTESIAN_POINT('',(12.05,1.,4.4));
#8176=CARTESIAN_POINT('',(12.05,0.,4.4));
#8177=CARTESIAN_POINT('',(15.1,1.,4.4));
#8178=CARTESIAN_POINT('',(11.575,1.,4.4));
#8179=CARTESIAN_POINT('',(15.1,6.,4.4));
#8180=CARTESIAN_POINT('',(15.1,4.75,4.4));
#8181=CARTESIAN_POINT('',(1.,6.,4.4));
#8182=CARTESIAN_POINT('',(4.525,6.,4.4));
#8183=CARTESIAN_POINT('',(1.,1.,4.4));
#8184=CARTESIAN_POINT('',(1.,2.25,4.4));
#8185=CARTESIAN_POINT('',(4.05,1.,4.4));
#8186=CARTESIAN_POINT('',(11.575,1.,4.4));
#8187=CARTESIAN_POINT('',(4.05,1.,4.4));
#8188=CARTESIAN_POINT('Origin',(15.1,1.,0.));
#8189=CARTESIAN_POINT('',(1.,1.,0.));
#8190=CARTESIAN_POINT('',(4.05,1.,5.55));
#8191=CARTESIAN_POINT('Origin',(1.,1.,0.));
#8192=CARTESIAN_POINT('',(1.,6.,0.));
#8193=CARTESIAN_POINT('Origin',(4.05,0.,11.1));
#8194=CARTESIAN_POINT('Origin',(12.05,1.,11.1));
#8195=CARTESIAN_POINT('',(12.05,1.,5.55));
#8196=CARTESIAN_POINT('Origin',(5.4,6.,11.1));
#8197=CARTESIAN_POINT('',(5.4,6.,9.1));
#8198=CARTESIAN_POINT('',(5.4,6.,5.55));
#8199=CARTESIAN_POINT('',(5.4,7.,9.1));
#8200=CARTESIAN_POINT('Origin',(10.7,7.,11.1));
#8201=CARTESIAN_POINT('',(10.7,6.,9.1));
#8202=CARTESIAN_POINT('',(10.7,6.,9.1));
#8203=CARTESIAN_POINT('',(10.7,6.,5.55));
#8204=CARTESIAN_POINT('Origin',(8.05,6.5,9.1));
#8205=CARTESIAN_POINT('',(4.525,6.,9.1));
#8206=CARTESIAN_POINT('Origin',(1.,6.,0.));
#8207=CARTESIAN_POINT('',(15.1,6.,0.));
#8208=CARTESIAN_POINT('Origin',(15.1,1.,0.));
#8209=CARTESIAN_POINT('',(15.1,1.,0.));
#8210=CARTESIAN_POINT('Origin',(15.1,6.,0.));
#8211=CARTESIAN_POINT('',(0.,0.,0.));
#8212=UNCERTAINTY_MEASURE_WITH_UNIT(LENGTH_MEASURE(0.01),#8218,
'DISTANCE_ACCURACY_VALUE',
'Maximum model space distance between geometric entities at asserted c
onnectivities');
#8213=UNCERTAINTY_MEASURE_WITH_UNIT(LENGTH_MEASURE(0.01),#8218,
'DISTANCE_ACCURACY_VALUE',
'Maximum model space distance between geometric entities at asserted c
onnectivities');
#8214=UNCERTAINTY_MEASURE_WITH_UNIT(LENGTH_MEASURE(0.01),#8218,
'DISTANCE_ACCURACY_VALUE',
'Maximum model space distance between geometric entities at asserted c
onnectivities');
#8215=(
GEOMETRIC_REPRESENTATION_CONTEXT(3)
GLOBAL_UNCERTAINTY_ASSIGNED_CONTEXT((#8212))
GLOBAL_UNIT_ASSIGNED_CONTEXT((#8218,#8220,#8221))
REPRESENTATION_CONTEXT('','3D')
);
#8216=(
GEOMETRIC_REPRESENTATION_CONTEXT(3)
GLOBAL_UNCERTAINTY_ASSIGNED_CONTEXT((#8213))
GLOBAL_UNIT_ASSIGNED_CONTEXT((#8218,#8220,#8221))
REPRESENTATION_CONTEXT('','3D')
);
#8217=(
GEOMETRIC_REPRESENTATION_CONTEXT(3)
GLOBAL_UNCERTAINTY_ASSIGNED_CONTEXT((#8214))
GLOBAL_UNIT_ASSIGNED_CONTEXT((#8218,#8220,#8221))
REPRESENTATION_CONTEXT('','3D')
);
#8218=(
LENGTH_UNIT()
NAMED_UNIT(*)
SI_UNIT(.MILLI.,.METRE.)
);
#8219=(
LENGTH_UNIT()
NAMED_UNIT(*)
SI_UNIT($,.METRE.)
);
#8220=(
NAMED_UNIT(*)
PLANE_ANGLE_UNIT()
SI_UNIT($,.RADIAN.)
);
#8221=(
NAMED_UNIT(*)
SI_UNIT($,.STERADIAN.)
SOLID_ANGLE_UNIT()
);
#8222=SHAPE_DEFINITION_REPRESENTATION(#8224,#8227);
#8223=SHAPE_DEFINITION_REPRESENTATION(#8225,#8228);
#8224=PRODUCT_DEFINITION_SHAPE('',$,#8230);
#8225=PRODUCT_DEFINITION_SHAPE('',$,#8231);
#8226=PRODUCT_DEFINITION_SHAPE($,$,#14);
#8227=SHAPE_REPRESENTATION('',(#3438,#3732),#8215);
#8228=SHAPE_REPRESENTATION('',(#3439),#8216);
#8229=PRODUCT_DEFINITION_CONTEXT('part definition',#8237,'design');
#8230=PRODUCT_DEFINITION('Connector Male','Connector Male',#8232,#8229);
#8231=PRODUCT_DEFINITION('Pins','Pins',#8233,#8229);
#8232=PRODUCT_DEFINITION_FORMATION('',$,#8239);
#8233=PRODUCT_DEFINITION_FORMATION('',$,#8240);
#8234=PRODUCT_RELATED_PRODUCT_CATEGORY('Connector Male',
'Connector Male',(#8239));
#8235=PRODUCT_RELATED_PRODUCT_CATEGORY('Pins','Pins',(#8240));
#8236=APPLICATION_PROTOCOL_DEFINITION('international standard',
'automotive_design',2009,#8237);
#8237=APPLICATION_CONTEXT(
'Core Data for Automotive Mechanical Design Process');
#8238=PRODUCT_CONTEXT('part definition',#8237,'mechanical');
#8239=PRODUCT('Connector Male','Connector Male',$,(#8238));
#8240=PRODUCT('Pins','Pins',$,(#8238));
#8241=PRESENTATION_STYLE_ASSIGNMENT((#8244));
#8242=PRESENTATION_STYLE_ASSIGNMENT((#8245));
#8243=PRESENTATION_STYLE_ASSIGNMENT((#8246));
#8244=SURFACE_STYLE_USAGE(.BOTH.,#8247);
#8245=SURFACE_STYLE_USAGE(.BOTH.,#8248);
#8246=SURFACE_STYLE_USAGE(.BOTH.,#8249);
#8247=SURFACE_SIDE_STYLE('',(#8250));
#8248=SURFACE_SIDE_STYLE('',(#8251));
#8249=SURFACE_SIDE_STYLE('',(#8252));
#8250=SURFACE_STYLE_FILL_AREA(#8253);
#8251=SURFACE_STYLE_FILL_AREA(#8254);
#8252=SURFACE_STYLE_FILL_AREA(#8255);
#8253=FILL_AREA_STYLE('ABS (White)',(#8256));
#8254=FILL_AREA_STYLE('Plastic - Matte (Gray)',(#8257));
#8255=FILL_AREA_STYLE('Brass - Matte',(#8258));
#8256=FILL_AREA_STYLE_COLOUR('ABS (White)',#8259);
#8257=FILL_AREA_STYLE_COLOUR('Plastic - Matte (Gray)',#8260);
#8258=FILL_AREA_STYLE_COLOUR('Brass - Matte',#8261);
#8259=COLOUR_RGB('ABS (White)',0.964705882352941,0.964705882352941,0.952941176470588);
#8260=COLOUR_RGB('Plastic - Matte (Gray)',0.701960784313725,0.701960784313725,
0.701960784313725);
#8261=COLOUR_RGB('Brass - Matte',0.952941176470588,0.796078431372549,0.486274509803922);
ENDSEC;
END-ISO-10303-21;
