ISO-10303-21;
HEADER;
FILE_DESCRIPTION (( 'STEP AP214' ),
    '1' );
FILE_NAME ('DB6D4DC0-CA50-4467-8321-C9BC62AFFAAD.STEP',
    '2026-02-12T20:01:50',
    ( '' ),
    ( '' ),
    'SwSTEP 2.0',
    'SolidWorks 2022',
    '' );
FILE_SCHEMA (( 'AUTOMOTIVE_DESIGN' ));
ENDSEC;

DATA;
#1 = ORIENTED_EDGE ( 'NONE', *, *, #3242, .T. ) ;
#2 = ORIENTED_EDGE ( 'NONE', *, *, #1671, .F. ) ;
#3 = CARTESIAN_POINT ( 'NONE',  ( -1.550000024437899970, -1.500000000000000000, 1.449999999999999956 ) ) ;
#4 = CARTESIAN_POINT ( 'NONE',  ( -2.600000024437900237, 6.400000000000000355, -2.250000000000000444 ) ) ;
#5 = DIRECTION ( 'NONE',  ( 1.000000000000000000, 0.0000000000000000000, 0.0000000000000000000 ) ) ;
#6 = PLANE ( 'NONE',  #1012 ) ;
#7 = LINE ( 'NONE', #631, #1442 ) ;
#8 = ADVANCED_FACE ( 'NONE', ( #715 ), #1718, .F. ) ;
#9 = CARTESIAN_POINT ( 'NONE',  ( -4.450000024437899881, 6.400000000000000355, -0.3999999910593030616 ) ) ;
#10 = ADVANCED_FACE ( 'NONE', ( #3944 ), #1326, .T. ) ;
#11 = CARTESIAN_POINT ( 'NONE',  ( -6.850000024437910007, -1.500000000000000000, -3.100000000000000977 ) ) ;
#12 = CARTESIAN_POINT ( 'NONE',  ( -1.600000024437900237, 6.400000000000000355, 0.2500000000000000000 ) ) ;
#13 = DIRECTION ( 'NONE',  ( -0.0000000000000000000, 0.0000000000000000000, -1.000000000000000000 ) ) ;
#14 = EDGE_LOOP ( 'NONE', ( #165, #1732, #369, #1483 ) ) ;
#15 = LINE ( 'NONE', #253, #1485 ) ;
#16 = ORIENTED_EDGE ( 'NONE', *, *, #3628, .T. ) ;
#17 = CARTESIAN_POINT ( 'NONE',  ( -4.450000024437899881, 6.400000000000000355, -0.3999999910593030616 ) ) ;
#18 = ORIENTED_EDGE ( 'NONE', *, *, #4005, .T. ) ;
#19 = EDGE_LOOP ( 'NONE', ( #3199, #172, #2986, #1271 ) ) ;
#20 = ORIENTED_EDGE ( 'NONE', *, *, #303, .F. ) ;
#21 = DIRECTION ( 'NONE',  ( 0.0000000000000000000, 0.0000000000000000000, -1.000000000000000000 ) ) ;
#22 = CARTESIAN_POINT ( 'NONE',  ( 2.599999975562100385, 6.400000000000000355, 2.250000000000000444 ) ) ;
#23 = LINE ( 'NONE', #2381, #1690 ) ;
#24 = CARTESIAN_POINT ( 'NONE',  ( 5.349999975562099941, -5.900000000000000355, 0.1499999999999979960 ) ) ;
#25 = PLANE ( 'NONE',  #744 ) ;
#26 = DIRECTION ( 'NONE',  ( -1.000000000000000000, 0.0000000000000000000, 2.822600910063960139E-16 ) ) ;
#27 = CARTESIAN_POINT ( 'NONE',  ( 7.194374133802954319, -1.500000000000000444, 3.010021127874447977 ) ) ;
#28 = VECTOR ( 'NONE', #155, 1000.000000000000000 ) ;
#29 = EDGE_CURVE ( 'NONE', #1358, #2165, #2979, .T. ) ;
#30 = DIRECTION ( 'NONE',  ( 0.0000000000000000000, 0.7071067811865480168, 0.7071067811865470176 ) ) ;
#31 = CARTESIAN_POINT ( 'NONE',  ( 1.549999975562099896, -1.500000000000000000, -1.449999999999999956 ) ) ;
#32 = ADVANCED_FACE ( 'NONE', ( #2366 ), #2995, .F. ) ;
#33 = ORIENTED_EDGE ( 'NONE', *, *, #435, .F. ) ;
#34 = VECTOR ( 'NONE', #2240, 1000.000000000000000 ) ;
#35 = ORIENTED_EDGE ( 'NONE', *, *, #2998, .T. ) ;
#36 = CARTESIAN_POINT ( 'NONE',  ( 1.849999975562099941, -5.900000000000000355, 1.449999999999999956 ) ) ;
#37 = VERTEX_POINT ( 'NONE', #677 ) ;
#38 = EDGE_CURVE ( 'NONE', #3375, #2146, #1075, .T. ) ;
#39 = AXIS2_PLACEMENT_3D ( 'NONE', #771, #2011, #2655 ) ;
#40 = CARTESIAN_POINT ( 'NONE',  ( -2.450000024437899881, -1.500000000000000000, -0.8499999999999999778 ) ) ;
#41 = EDGE_CURVE ( 'NONE', #497, #2370, #2070, .T. ) ;
#42 = ORIENTED_EDGE ( 'NONE', *, *, #2050, .F. ) ;
#43 = ORIENTED_EDGE ( 'NONE', *, *, #1387, .F. ) ;
#44 = VECTOR ( 'NONE', #90, 1000.000000000000000 ) ;
#45 = AXIS2_PLACEMENT_3D ( 'NONE', #3755, #1760, #183 ) ;
#46 = ORIENTED_EDGE ( 'NONE', *, *, #3890, .T. ) ;
#47 = CARTESIAN_POINT ( 'NONE',  ( -5.650000024437900059, -5.900000000000000355, 0.1499999999999983291 ) ) ;
#48 = FACE_OUTER_BOUND ( 'NONE', #4234, .T. ) ;
#49 = LINE ( 'NONE', #1365, #44 ) ;
#50 = LINE ( 'NONE', #4027, #52 ) ;
#51 = CARTESIAN_POINT ( 'NONE',  ( -1.850000024437900237, -5.900000000000000355, -1.449999999999999956 ) ) ;
#52 = VECTOR ( 'NONE', #1757, 1000.000000000000114 ) ;
#53 = DIRECTION ( 'NONE',  ( 1.000000000000000000, 0.0000000000000000000, -0.0000000000000000000 ) ) ;
#54 = FILL_AREA_STYLE_COLOUR ( '', #3427 ) ;
#55 = AXIS2_PLACEMENT_3D ( 'NONE', #1482, #4125, #2721 ) ;
#56 = CYLINDRICAL_SURFACE ( 'NONE', #1700, 0.1499999999999999667 ) ;
#57 = PLANE ( 'NONE',  #401 ) ;
#58 = ORIENTED_EDGE ( 'NONE', *, *, #3683, .F. ) ;
#59 = DIRECTION ( 'NONE',  ( 1.000000000000000000, 0.0000000000000000000, 0.0000000000000000000 ) ) ;
#60 = LINE ( 'NONE', #2437, #3177 ) ;
#61 = VERTEX_POINT ( 'NONE', #698 ) ;
#62 = ADVANCED_FACE ( 'NONE', ( #3622 ), #399, .T. ) ;
#63 = ORIENTED_EDGE ( 'NONE', *, *, #1253, .T. ) ;
#64 = PRESENTATION_LAYER_ASSIGNMENT (  '', '', ( #2696 ) ) ;
#65 = ADVANCED_FACE ( 'NONE', ( #1064 ), #650, .T. ) ;
#66 = ORIENTED_EDGE ( 'NONE', *, *, #3468, .F. ) ;
#67 = FACE_OUTER_BOUND ( 'NONE', #1337, .T. ) ;
#68 = ORIENTED_EDGE ( 'NONE', *, *, #224, .T. ) ;
#69 = CARTESIAN_POINT ( 'NONE',  ( -4.350000024437900237, 6.299999999999999822, -0.4249999955296510090 ) ) ;
#70 = CARTESIAN_POINT ( 'NONE',  ( 7.549999975562101007, -1.199999999999999956, 2.399999999999999467 ) ) ;
#71 = CARTESIAN_POINT ( 'NONE',  ( -4.000000024437911250, 0.0000000000000000000, -3.399999999999999911 ) ) ;
#72 = LINE ( 'NONE', #2446, #877 ) ;
#73 = DIRECTION ( 'NONE',  ( 0.0000000000000000000, 0.8660254037844374864, -0.5000000000000021094 ) ) ;
#74 = DIRECTION ( 'NONE',  ( 0.0000000000000000000, -0.0000000000000000000, 1.000000000000000000 ) ) ;
#75 = DIRECTION ( 'NONE',  ( -1.000000000000000000, 0.0000000000000000000, 0.0000000000000000000 ) ) ;
#76 = LINE ( 'NONE', #3429, #3842 ) ;
#77 = CARTESIAN_POINT ( 'NONE',  ( 1.399999975562099985, 6.400000000000000355, 2.250000000000000444 ) ) ;
#78 = ORIENTED_EDGE ( 'NONE', *, *, #85, .T. ) ;
#79 = ORIENTED_EDGE ( 'NONE', *, *, #3113, .F. ) ;
#80 = CARTESIAN_POINT ( 'NONE',  ( -2.000000024437900148, -5.900000000000000355, -1.449999999999999956 ) ) ;
#81 =( LENGTH_UNIT ( ) NAMED_UNIT ( * ) SI_UNIT ( .MILLI., .METRE. ) );
#82 = ORIENTED_EDGE ( 'NONE', *, *, #3942, .F. ) ;
#83 = ORIENTED_EDGE ( 'NONE', *, *, #3580, .T. ) ;
#84 = ORIENTED_EDGE ( 'NONE', *, *, #4182, .F. ) ;
#85 = EDGE_CURVE ( 'NONE', #1269, #874, #1425, .T. ) ;
#86 = CARTESIAN_POINT ( 'NONE',  ( -1.550000024437899970, -1.500000000000000000, 0.8499999999999999778 ) ) ;
#87 = EDGE_CURVE ( 'NONE', #825, #37, #1369, .T. ) ;
#88 = EDGE_LOOP ( 'NONE', ( #2012, #3711, #437, #1185 ) ) ;
#89 = CARTESIAN_POINT ( 'NONE',  ( 7.725735906850171197, -1.499999999999999778, -2.912994231491119024 ) ) ;
#90 = DIRECTION ( 'NONE',  ( -0.0000000000000000000, -1.000000000000000000, -0.0000000000000000000 ) ) ;
#91 = PLANE ( 'NONE',  #3247 ) ;
#92 = DIRECTION ( 'NONE',  ( 1.000000000000000000, 0.0000000000000000000, -0.0000000000000000000 ) ) ;
#93 = CARTESIAN_POINT ( 'NONE',  ( 7.849999975562099941, -1.199999999999999956, 3.399999999999999911 ) ) ;
#94 = EDGE_CURVE ( 'NONE', #214, #386, #1655, .T. ) ;
#95 = DIRECTION ( 'NONE',  ( 0.0000000000000000000, 0.7071067811865480168, 0.7071067811865470176 ) ) ;
#96 = CARTESIAN_POINT ( 'NONE',  ( 1.849999975562099719, -5.900000000000000355, 0.8499999999999998668 ) ) ;
#97 = DIRECTION ( 'NONE',  ( 1.000000000000000000, 0.0000000000000000000, -0.0000000000000000000 ) ) ;
#98 = LINE ( 'NONE', #145, #3927 ) ;
#99 = VERTEX_POINT ( 'NONE', #1689 ) ;
#100 = ORIENTED_EDGE ( 'NONE', *, *, #1145, .T. ) ;
#101 = CARTESIAN_POINT ( 'NONE',  ( 5.649999975562099763, -1.500000000000000000, -0.4500000000000020095 ) ) ;
#102 = CARTESIAN_POINT ( 'NONE',  ( 1.599999975562099719, 6.200000000000001066, -2.049999999999999822 ) ) ;
#103 = LINE ( 'NONE', #2791, #3719 ) ;
#104 = VECTOR ( 'NONE', #3261, 1000.000000000000000 ) ;
#105 = VERTEX_POINT ( 'NONE', #1739 ) ;
#106 = ORIENTED_EDGE ( 'NONE', *, *, #2717, .F. ) ;
#107 = DIRECTION ( 'NONE',  ( -0.7071067811865480168, 0.7071067811865470176, 0.0000000000000000000 ) ) ;
#108 = VECTOR ( 'NONE', #2648, 1000.000000000000000 ) ;
#109 = VECTOR ( 'NONE', #2109, 1000.000000000000114 ) ;
#110 = ORIENTED_EDGE ( 'NONE', *, *, #435, .T. ) ;
#111 = EDGE_CURVE ( 'NONE', #3033, #3309, #2698, .T. ) ;
#112 = DIRECTION ( 'NONE',  ( 1.000000000000000000, 0.0000000000000000000, -0.0000000000000000000 ) ) ;
#113 = DIRECTION ( 'NONE',  ( 0.0000000000000000000, 0.0000000000000000000, -1.000000000000000000 ) ) ;
#114 = EDGE_CURVE ( 'NONE', #2663, #1955, #3961, .T. ) ;
#115 = CIRCLE ( 'NONE', #2529, 0.1499999999999999667 ) ;
#116 = CARTESIAN_POINT ( 'NONE',  ( 5.649999975562099763, -5.380384757729339995, 0.4499999999999981792 ) ) ;
#117 = LINE ( 'NONE', #93, #674 ) ;
#118 = VECTOR ( 'NONE', #1669, 1000.000000000000000 ) ;
#119 = EDGE_CURVE ( 'NONE', #1894, #3065, #2131, .T. ) ;
#120 = CARTESIAN_POINT ( 'NONE',  ( -2.400000024437900503, 6.200000000000001066, 2.049999999999999822 ) ) ;
#121 = DIRECTION ( 'NONE',  ( 0.0000000000000000000, 1.000000000000000000, 0.0000000000000000000 ) ) ;
#122 = ADVANCED_FACE ( 'NONE', ( #849 ), #765, .F. ) ;
#123 = ADVANCED_FACE ( 'NONE', ( #1479 ), #3142, .T. ) ;
#124 = CARTESIAN_POINT ( 'NONE',  ( 7.549999975562101007, -1.499999999999999556, 2.810050506338833021 ) ) ;
#125 = DIRECTION ( 'NONE',  ( 0.0000000000000000000, -0.8660254037844374864, -0.5000000000000018874 ) ) ;
#126 = VERTEX_POINT ( 'NONE', #120 ) ;
#127 = ORIENTED_EDGE ( 'NONE', *, *, #1703, .T. ) ;
#128 = CARTESIAN_POINT ( 'NONE',  ( -2.000000024437900148, -1.500000000000000000, -1.300000000000000044 ) ) ;
#129 = FILL_AREA_STYLE_COLOUR ( '', #477 ) ;
#130 = VECTOR ( 'NONE', #2801, 1000.000000000000000 ) ;
#131 = EDGE_LOOP ( 'NONE', ( #1351, #3925, #127, #1810 ) ) ;
#132 = AXIS2_PLACEMENT_3D ( 'NONE', #3330, #2990, #2907 ) ;
#133 = ORIENTED_EDGE ( 'NONE', *, *, #512, .T. ) ;
#134 = DIRECTION ( 'NONE',  ( 1.000000000000000000, 0.0000000000000000000, -1.233581138472400057E-15 ) ) ;
#135 = AXIS2_PLACEMENT_3D ( 'NONE', #3519, #550, #2854 ) ;
#136 = ORIENTED_EDGE ( 'NONE', *, *, #1751, .T. ) ;
#137 = DIRECTION ( 'NONE',  ( -0.7071067811865470176, 0.7071067811865480168, 0.0000000000000000000 ) ) ;
#138 = DIRECTION ( 'NONE',  ( -0.0000000000000000000, 1.000000000000000000, 0.0000000000000000000 ) ) ;
#139 = DIRECTION ( 'NONE',  ( 1.000000000000000000, -0.0000000000000000000, 0.0000000000000000000 ) ) ;
#140 = CARTESIAN_POINT ( 'NONE',  ( -2.443790392270270082E-08, 0.0000000000000000000, -3.399999999999999911 ) ) ;
#141 = CARTESIAN_POINT ( 'NONE',  ( -6.850000024437901125, 0.0000000000000000000, 3.400000000000000355 ) ) ;
#142 = DIRECTION ( 'NONE',  ( 0.0000000000000000000, 0.7071067811865475727, -0.7071067811865475727 ) ) ;
#143 = FACE_OUTER_BOUND ( 'NONE', #2970, .T. ) ;
#144 = ADVANCED_FACE ( 'NONE', ( #2803 ), #2474, .T. ) ;
#145 = CARTESIAN_POINT ( 'NONE',  ( 6.849999975562099941, 0.0000000000000000000, -3.399999999999999467 ) ) ;
#146 = ORIENTED_EDGE ( 'NONE', *, *, #3181, .T. ) ;
#147 = EDGE_CURVE ( 'NONE', #3128, #3885, #1503, .T. ) ;
#148 = ORIENTED_EDGE ( 'NONE', *, *, #2944, .T. ) ;
#149 = CARTESIAN_POINT ( 'NONE',  ( -2.400000024437900059, 6.400000000000000355, -0.2500000000000000000 ) ) ;
#150 = CARTESIAN_POINT ( 'NONE',  ( 4.249999975562100296, 6.400000000000000355, -0.5999999910593031283 ) ) ;
#151 = ORIENTED_EDGE ( 'NONE', *, *, #1059, .T. ) ;
#152 = ORIENTED_EDGE ( 'NONE', *, *, #3921, .T. ) ;
#153 = LINE ( 'NONE', #1472, #1723 ) ;
#154 = VERTEX_POINT ( 'NONE', #1414 ) ;
#155 = DIRECTION ( 'NONE',  ( 0.0000000000000000000, 0.0000000000000000000, 1.000000000000000000 ) ) ;
#156 = LINE ( 'NONE', #2799, #1354 ) ;
#157 = SURFACE_STYLE_FILL_AREA ( #1456 ) ;
#158 = DIRECTION ( 'NONE',  ( 0.0000000000000000000, 0.0000000000000000000, 1.000000000000000000 ) ) ;
#159 = DIRECTION ( 'NONE',  ( 0.0000000000000000000, 1.000000000000000000, 0.0000000000000000000 ) ) ;
#160 = PLANE ( 'NONE',  #2319 ) ;
#161 = DIRECTION ( 'NONE',  ( 0.0000000000000000000, 0.0000000000000000000, -1.000000000000000000 ) ) ;
#162 = CARTESIAN_POINT ( 'NONE',  ( -6.950000024437909651, 0.0000000000000000000, 2.399999999999999911 ) ) ;
#163 = DIRECTION ( 'NONE',  ( 0.5773502691896249539, -0.5773502691896249539, -0.5773502691896273964 ) ) ;
#164 = VERTEX_POINT ( 'NONE', #523 ) ;
#165 = ORIENTED_EDGE ( 'NONE', *, *, #3996, .T. ) ;
#166 = ADVANCED_FACE ( 'NONE', ( #1087 ), #831, .T. ) ;
#167 = CARTESIAN_POINT ( 'NONE',  ( 7.549999975562103671, -1.500000000000000222, -2.489191733439391818 ) ) ;
#168 = SURFACE_SIDE_STYLE ('',( #2116 ) ) ;
#169 = EDGE_CURVE ( 'NONE', #1730, #1295, #3447, .T. ) ;
#170 = VERTEX_POINT ( 'NONE', #3777 ) ;
#171 = EDGE_CURVE ( 'NONE', #4185, #2086, #2170, .T. ) ;
#172 = ORIENTED_EDGE ( 'NONE', *, *, #357, .F. ) ;
#173 = EDGE_CURVE ( 'NONE', #689, #507, #2152, .T. ) ;
#174 = AXIS2_PLACEMENT_3D ( 'NONE', #2900, #1248, #572 ) ;
#175 =( BOUNDED_SURFACE ( )  B_SPLINE_SURFACE ( 3, 3, ( 
 ( #204, #2511, #1279, #2599 ),
 ( #4178, #1192, #562, #1542 ),
 ( #1236, #2864, #1212, #3597 ),
 ( #909, #603, #3919, #2229 ) ),
 .UNSPECIFIED., .F., .F., .T. ) 
 B_SPLINE_SURFACE_WITH_KNOTS ( ( 4, 4 ),
 ( 4, 4 ),
 ( 0.0000000000000000000, 1.000000000000000000 ),
 ( 0.0000000000000000000, 1.000000000000000000 ),
 .UNSPECIFIED. ) 
 GEOMETRIC_REPRESENTATION_ITEM ( )  RATIONAL_B_SPLINE_SURFACE ( (
 ( 1.000000000000000000, 0.8047378541243649375, 0.8047378541243649375, 1.000000000000000000),
 ( 0.8047378541243652705, 0.6476030138606879705, 0.6476030138606879705, 0.8047378541243652705),
 ( 0.8047378541243652705, 0.6476030138606879705, 0.6476030138606879705, 0.8047378541243652705),
 ( 1.000000000000000000, 0.8047378541243649375, 0.8047378541243649375, 1.000000000000000000) ) ) 
 REPRESENTATION_ITEM ( '' )  SURFACE ( )  );
#176 = CARTESIAN_POINT ( 'NONE',  ( -7.379047618964417410, -1.500000000000000000, 2.860954280172795183 ) ) ;
#177 = ORIENTED_EDGE ( 'NONE', *, *, #1997, .T. ) ;
#178 = AXIS2_PLACEMENT_3D ( 'NONE', #3712, #3321, #743 ) ;
#179 = CARTESIAN_POINT ( 'NONE',  ( 6.849999975562100829, -1.199999999999999956, -3.400000000000000355 ) ) ;
#180 = CARTESIAN_POINT ( 'NONE',  ( -6.850000024437910007, -1.499999999999999778, 3.099999999999995204 ) ) ;
#181 = VECTOR ( 'NONE', #2847, 1000.000000000000000 ) ;
#182 = CARTESIAN_POINT ( 'NONE',  ( -5.650000024437900059, -5.900000000000000355, 0.1499999999999979960 ) ) ;
#183 = DIRECTION ( 'NONE',  ( -1.000000000000000000, 0.0000000000000000000, -0.0000000000000000000 ) ) ;
#184 = VECTOR ( 'NONE', #951, 1000.000000000000000 ) ;
#185 =( LENGTH_UNIT ( ) NAMED_UNIT ( * ) SI_UNIT ( .MILLI., .METRE. ) );
#186 = VECTOR ( 'NONE', #580, 1000.000000000000000 ) ;
#187 = LINE ( 'NONE', #894, #2674 ) ;
#188 = CARTESIAN_POINT ( 'NONE',  ( -2.443790503292580154E-08, 6.400000000000000355, -3.399999999999999911 ) ) ;
#189 = ORIENTED_EDGE ( 'NONE', *, *, #3765, .F. ) ;
#190 = PLANE ( 'NONE',  #864 ) ;
#191 = CARTESIAN_POINT ( 'NONE',  ( 6.849999975562099941, 6.400000000000000355, -2.500000000000000000 ) ) ;
#192 = VECTOR ( 'NONE', #3865, 1000.000000000000000 ) ;
#193 = ORIENTED_EDGE ( 'NONE', *, *, #1090, .T. ) ;
#194 = EDGE_LOOP ( 'NONE', ( #1961, #2728, #2988, #3476 ) ) ;
#195 = AXIS2_PLACEMENT_3D ( 'NONE', #1717, #3404, #1413 ) ;
#196 = EDGE_CURVE ( 'NONE', #2703, #3262, #4187, .T. ) ;
#197 = FILL_AREA_STYLE ('',( #1536 ) ) ;
#198 = ORIENTED_EDGE ( 'NONE', *, *, #1168, .T. ) ;
#199 = ADVANCED_FACE ( 'NONE', ( #3485 ), #160, .T. ) ;
#200 = VECTOR ( 'NONE', #2755, 1000.000000000000114 ) ;
#201 = DIRECTION ( 'NONE',  ( 1.000000000000000000, 0.0000000000000000000, 0.0000000000000000000 ) ) ;
#202 = CIRCLE ( 'NONE', #605, 1.000000000000000444 ) ;
#203 = LINE ( 'NONE', #848, #3377 ) ;
#204 = CARTESIAN_POINT ( 'NONE',  ( -6.850000024437910007, -1.199999999999999956, -3.399999999999999911 ) ) ;
#205 = PRESENTATION_LAYER_ASSIGNMENT (  '', '', ( #2901 ) ) ;
#206 =( NAMED_UNIT ( * ) PLANE_ANGLE_UNIT ( ) SI_UNIT ( $, .RADIAN. ) );
#207 = DIRECTION ( 'NONE',  ( 0.8660254037844387076, -0.4999999999999998335, 0.0000000000000000000 ) ) ;
#208 = DIRECTION ( 'NONE',  ( -0.0000000000000000000, -1.000000000000000000, 0.0000000000000000000 ) ) ;
#209 = AXIS2_PLACEMENT_3D ( 'NONE', #1189, #1816, #2760 ) ;
#210 = EDGE_LOOP ( 'NONE', ( #3704, #1874, #3951, #594 ) ) ;
#211 = VERTEX_POINT ( 'NONE', #2409 ) ;
#212 = CARTESIAN_POINT ( 'NONE',  ( 6.849999975562099941, -1.199999999999999956, -3.399999999999999467 ) ) ;
#213 = CARTESIAN_POINT ( 'NONE',  ( -2.500000024437900148, 6.299999999999999822, 0.8000000000000010436 ) ) ;
#214 = VERTEX_POINT ( 'NONE', #1781 ) ;
#215 = ORIENTED_EDGE ( 'NONE', *, *, #4002, .T. ) ;
#216 = CARTESIAN_POINT ( 'NONE',  ( -7.533617294685803323, -1.500000000000000000, 2.575080499003644441 ) ) ;
#217 = ORIENTED_EDGE ( 'NONE', *, *, #461, .T. ) ;
#218 = ORIENTED_EDGE ( 'NONE', *, *, #2895, .F. ) ;
#219 = EDGE_CURVE ( 'NONE', #4040, #4018, #2827, .T. ) ;
#220 = PLANE ( 'NONE',  #4121 ) ;
#221 = EDGE_CURVE ( 'NONE', #4035, #4110, #484, .T. ) ;
#222 = DIRECTION ( 'NONE',  ( -0.0000000000000000000, -0.0000000000000000000, -1.000000000000000000 ) ) ;
#223 = CARTESIAN_POINT ( 'NONE',  ( 6.849999975562100829, 6.400000000000000355, 2.500000000000002665 ) ) ;
#224 = EDGE_CURVE ( 'NONE', #497, #3699, #2781, .T. ) ;
#225 = LINE ( 'NONE', #3549, #2044 ) ;
#226 = ADVANCED_FACE ( 'NONE', ( #1819 ), #4078, .T. ) ;
#227 = DIRECTION ( 'NONE',  ( 1.000000000000000000, 0.0000000000000000000, -0.0000000000000000000 ) ) ;
#228 = ORIENTED_EDGE ( 'NONE', *, *, #2050, .T. ) ;
#229 = ORIENTED_EDGE ( 'NONE', *, *, #2686, .T. ) ;
#230 = CARTESIAN_POINT ( 'NONE',  ( 6.849999975562099941, -1.199999999999999956, 3.100000000000000089 ) ) ;
#231 = DIRECTION ( 'NONE',  ( 0.0000000000000000000, 1.000000000000000000, 0.0000000000000000000 ) ) ;
#232 = CARTESIAN_POINT ( 'NONE',  ( 2.299999975562100119, -5.640192378864670175, 1.000000000000000000 ) ) ;
#233 = ORIENTED_EDGE ( 'NONE', *, *, #4086, .F. ) ;
#234 = ORIENTED_EDGE ( 'NONE', *, *, #3543, .F. ) ;
#235 = VERTEX_POINT ( 'NONE', #3124 ) ;
#236 = CARTESIAN_POINT ( 'NONE',  ( 1.599999975562099719, 6.200000000000001066, 0.2500000000000000000 ) ) ;
#237 = LINE ( 'NONE', #182, #1025 ) ;
#238 = FACE_OUTER_BOUND ( 'NONE', #3534, .T. ) ;
#239 = ADVANCED_FACE ( 'NONE', ( #3189 ), #3250, .T. ) ;
#240 = CARTESIAN_POINT ( 'NONE',  ( 5.649999975562099763, -5.900000000000000355, -0.4500000000000020095 ) ) ;
#241 = VECTOR ( 'NONE', #383, 1000.000000000000000 ) ;
#242 = CARTESIAN_POINT ( 'NONE',  ( -1.600000024437900015, 6.200000000000000178, -1.250000000000000000 ) ) ;
#243 = DIRECTION ( 'NONE',  ( 0.0000000000000000000, 0.0000000000000000000, -1.000000000000000000 ) ) ;
#244 = EDGE_CURVE ( 'NONE', #3926, #1606, #3547, .T. ) ;
#245 = EDGE_LOOP ( 'NONE', ( #3845, #3997, #662, #3984 ) ) ;
#246 = VECTOR ( 'NONE', #2666, 1000.000000000000114 ) ;
#247 = AXIS2_PLACEMENT_3D ( 'NONE', #2886, #892, #3167 ) ;
#248 = ORIENTED_EDGE ( 'NONE', *, *, #1015, .T. ) ;
#249 = ADVANCED_FACE ( 'NONE', ( #3832 ), #2574, .T. ) ;
#250 = VECTOR ( 'NONE', #2720, 1000.000000000000000 ) ;
#251 = DIRECTION ( 'NONE',  ( 1.000000000000000000, 0.0000000000000000000, -0.0000000000000000000 ) ) ;
#252 = VERTEX_POINT ( 'NONE', #868 ) ;
#253 = CARTESIAN_POINT ( 'NONE',  ( 2.224999975562099941, 6.200000000000001066, -0.3999999910593035057 ) ) ;
#254 = ORIENTED_EDGE ( 'NONE', *, *, #3893, .F. ) ;
#255 = PRESENTATION_STYLE_ASSIGNMENT (( #623 ) ) ;
#256 = AXIS2_PLACEMENT_3D ( 'NONE', #2088, #3038, #1367 ) ;
#257 = ORIENTED_EDGE ( 'NONE', *, *, #1830, .T. ) ;
#258 = ORIENTED_EDGE ( 'NONE', *, *, #3866, .T. ) ;
#259 = AXIS2_PLACEMENT_3D ( 'NONE', #341, #380, #1658 ) ;
#260 = LINE ( 'NONE', #2572, #3707 ) ;
#261 = DIRECTION ( 'NONE',  ( 0.0000000000000000000, -1.000000000000000000, 0.0000000000000000000 ) ) ;
#262 = VECTOR ( 'NONE', #836, 1000.000000000000000 ) ;
#263 = CARTESIAN_POINT ( 'NONE',  ( -2.450000024437899881, -1.500000000000000000, 0.8499999999999999778 ) ) ;
#264 = PLANE ( 'NONE',  #4046 ) ;
#265 = AXIS2_PLACEMENT_3D ( 'NONE', #1540, #1190, #2510 ) ;
#266 = FACE_BOUND ( 'NONE', #1051, .T. ) ;
#267 = CARTESIAN_POINT ( 'NONE',  ( -2.400000024437900059, 0.0000000000000000000, -2.049999999999999822 ) ) ;
#268 = VERTEX_POINT ( 'NONE', #2193 ) ;
#269 = VECTOR ( 'NONE', #531, 1000.000000000000000 ) ;
#270 = ORIENTED_EDGE ( 'NONE', *, *, #3918, .F. ) ;
#271 = CARTESIAN_POINT ( 'NONE',  ( -6.250000024437899704, 0.0000000000000000000, 0.3999999977648260319 ) ) ;
#272 = ADVANCED_FACE ( 'NONE', ( #2908 ), #2846, .F. ) ;
#273 = LINE ( 'NONE', #71, #759 ) ;
#274 = CARTESIAN_POINT ( 'NONE',  ( -4.000000024437910362, 6.400000000000000355, -3.399999999999999911 ) ) ;
#275 = EDGE_CURVE ( 'NONE', #689, #3637, #3227, .T. ) ;
#276 = VERTEX_POINT ( 'NONE', #3855 ) ;
#277 = UNCERTAINTY_MEASURE_WITH_UNIT (LENGTH_MEASURE( 1.000000000000000082E-05 ), #1861, 'distance_accuracy_value', 'NONE');
#278 = DIRECTION ( 'NONE',  ( -0.0000000000000000000, -1.000000000000000000, 0.0000000000000000000 ) ) ;
#279 = EDGE_LOOP ( 'NONE', ( #1645, #198, #1896, #3471 ) ) ;
#280 = CARTESIAN_POINT ( 'NONE',  ( -5.650000024437900059, -1.500000000000000000, -1.110223024625160090E-15 ) ) ;
#281 = ORIENTED_EDGE ( 'NONE', *, *, #559, .F. ) ;
#282 = LINE ( 'NONE', #1675, #3288 ) ;
#283 = CARTESIAN_POINT ( 'NONE',  ( 2.149999975562100207, -5.900000000000000355, -0.8499999999999999778 ) ) ;
#284 = DIRECTION ( 'NONE',  ( 0.5773502691896251759, -0.5773502691896251759, -0.5773502691896268413 ) ) ;
#285 = PLANE ( 'NONE',  #2525 ) ;
#286 = DIRECTION ( 'NONE',  ( -0.0000000000000000000, 1.000000000000000000, 0.0000000000000000000 ) ) ;
#287 = CARTESIAN_POINT ( 'NONE',  ( -6.250000024437899704, 6.400000000000000355, 0.3999999977648260319 ) ) ;
#288 = ORIENTED_EDGE ( 'NONE', *, *, #2946, .T. ) ;
#289 = ORIENTED_EDGE ( 'NONE', *, *, #3921, .F. ) ;
#290 = DIRECTION ( 'NONE',  ( 0.0000000000000000000, -0.0000000000000000000, -1.000000000000000000 ) ) ;
#291 = CARTESIAN_POINT ( 'NONE',  ( 2.599999975562099941, 6.400000000000000355, -0.4499999999999990119 ) ) ;
#292 = LINE ( 'NONE', #3625, #4051 ) ;
#293 = PLANE ( 'NONE',  #1019 ) ;
#294 = EDGE_CURVE ( 'NONE', #2870, #2614, #3511, .T. ) ;
#295 = ORIENTED_EDGE ( 'NONE', *, *, #1803, .T. ) ;
#296 = CARTESIAN_POINT ( 'NONE',  ( -2.300000024437899970, -5.640192378864670175, -1.450000000000000178 ) ) ;
#297 = EDGE_CURVE ( 'NONE', #252, #3699, #2928, .T. ) ;
#298 = ORIENTED_EDGE ( 'NONE', *, *, #1253, .F. ) ;
#299 = LINE ( 'NONE', #2589, #1775 ) ;
#300 = VERTEX_POINT ( 'NONE', #223 ) ;
#301 = ADVANCED_FACE ( 'NONE', ( #3572 ), #175, .T. ) ;
#302 = ORIENTED_EDGE ( 'NONE', *, *, #1522, .F. ) ;
#303 = EDGE_CURVE ( 'NONE', #1334, #3375, #2535, .T. ) ;
#304 = ORIENTED_EDGE ( 'NONE', *, *, #3000, .T. ) ;
#305 = DIRECTION ( 'NONE',  ( -1.922962686383558886E-16, -0.4999999999999998335, 0.8660254037844387076 ) ) ;
#306 = CARTESIAN_POINT ( 'NONE',  ( 1.599999975562099941, 0.0000000000000000000, -0.4499999999999990119 ) ) ;
#307 = DIRECTION ( 'NONE',  ( -0.0000000000000000000, -1.000000000000000000, 0.0000000000000000000 ) ) ;
#308 = DIRECTION ( 'NONE',  ( 0.0000000000000000000, -0.0000000000000000000, -1.000000000000000000 ) ) ;
#309 = VECTOR ( 'NONE', #3244, 999.9999999999998863 ) ;
#310 = CARTESIAN_POINT ( 'NONE',  ( -2.443790503292580154E-08, 6.400000000000000355, -0.4499999999999990119 ) ) ;
#311 = ORIENTED_EDGE ( 'NONE', *, *, #3580, .F. ) ;
#312 = ORIENTED_EDGE ( 'NONE', *, *, #2047, .T. ) ;
#313 = CIRCLE ( 'NONE', #722, 0.1499999999999999944 ) ;
#314 = DIRECTION ( 'NONE',  ( -0.0000000000000000000, 0.0000000000000000000, 1.000000000000000000 ) ) ;
#315 = LINE ( 'NONE', #1060, #1930 ) ;
#316 = DIRECTION ( 'NONE',  ( -1.233581138472400057E-15, 0.0000000000000000000, -1.000000000000000000 ) ) ;
#317 = DIRECTION ( 'NONE',  ( 0.5000000000000022204, 0.8660254037844373753, 0.0000000000000000000 ) ) ;
#318 = VECTOR ( 'NONE', #4224, 1000.000000000000000 ) ;
#319 = VECTOR ( 'NONE', #74, 1000.000000000000000 ) ;
#320 = ORIENTED_EDGE ( 'NONE', *, *, #1703, .F. ) ;
#321 = VERTEX_POINT ( 'NONE', #2277 ) ;
#322 = FACE_OUTER_BOUND ( 'NONE', #1574, .T. ) ;
#323 = VECTOR ( 'NONE', #3018, 1000.000000000000000 ) ;
#324 = ORIENTED_EDGE ( 'NONE', *, *, #670, .T. ) ;
#325 = DIRECTION ( 'NONE',  ( 1.000000000000000000, 0.0000000000000000000, 0.0000000000000000000 ) ) ;
#326 = ORIENTED_EDGE ( 'NONE', *, *, #1352, .T. ) ;
#327 = AXIS2_PLACEMENT_3D ( 'NONE', #4151, #2172, #4208 ) ;
#328 = EDGE_LOOP ( 'NONE', ( #3838, #2075, #2838, #2628 ) ) ;
#329 = VERTEX_POINT ( 'NONE', #263 ) ;
#330 = VECTOR ( 'NONE', #1105, 1000.000000000000000 ) ;
#331 = EDGE_CURVE ( 'NONE', #1240, #961, #3203, .T. ) ;
#332 = DIRECTION ( 'NONE',  ( 0.5000000000000014433, 0.8660254037844379305, 0.0000000000000000000 ) ) ;
#333 = EDGE_CURVE ( 'NONE', #3180, #4034, #1525, .T. ) ;
#334 = AXIS2_PLACEMENT_3D ( 'NONE', #2676, #1373, #2999 ) ;
#335 = LINE ( 'NONE', #3940, #933 ) ;
#336 = LINE ( 'NONE', #2020, #3090 ) ;
#337 = CARTESIAN_POINT ( 'NONE',  ( -2.000000024437900148, -1.500000000000000000, -1.149999999999999911 ) ) ;
#338 = VECTOR ( 'NONE', #4241, 1000.000000000000000 ) ;
#339 = FACE_OUTER_BOUND ( 'NONE', #536, .T. ) ;
#340 = CARTESIAN_POINT ( 'NONE',  ( -0.8000000244379049663, 6.299999999999999822, -0.1499999999999999944 ) ) ;
#341 = CARTESIAN_POINT ( 'NONE',  ( 1.999999975562100074, 0.0000000000000000000, 1.149999999999999911 ) ) ;
#342 = VECTOR ( 'NONE', #1400, 1000.000000000000000 ) ;
#343 = ORIENTED_EDGE ( 'NONE', *, *, #1116, .F. ) ;
#344 = CARTESIAN_POINT ( 'NONE',  ( -4.450000024437899881, 6.200000000000001066, -0.3999999910593030616 ) ) ;
#345 = ORIENTED_EDGE ( 'NONE', *, *, #1968, .T. ) ;
#346 =( NAMED_UNIT ( * ) SI_UNIT ( $, .STERADIAN. ) SOLID_ANGLE_UNIT ( ) );
#347 = ORIENTED_EDGE ( 'NONE', *, *, #1591, .T. ) ;
#348 = ORIENTED_EDGE ( 'NONE', *, *, #2514, .T. ) ;
#349 = EDGE_LOOP ( 'NONE', ( #3568, #3632, #4197, #3030 ) ) ;
#350 = CARTESIAN_POINT ( 'NONE',  ( 6.849999975562099941, 0.0000000000000000000, 2.399999999999999911 ) ) ;
#351 = ADVANCED_FACE ( 'NONE', ( #238 ), #3876, .F. ) ;
#352 = CARTESIAN_POINT ( 'NONE',  ( -2.000000024437909918, -1.500000000000000000, 1.149999999999999911 ) ) ;
#353 = DIRECTION ( 'NONE',  ( 1.000000000000000000, 0.0000000000000000000, 1.797123601011940016E-16 ) ) ;
#354 = EDGE_CURVE ( 'NONE', #1710, #3872, #2297, .T. ) ;
#355 = DIRECTION ( 'NONE',  ( 0.0000000000000000000, 1.000000000000000000, -0.0000000000000000000 ) ) ;
#356 = DIRECTION ( 'NONE',  ( 0.0000000000000000000, -0.8660254037844374864, -0.5000000000000018874 ) ) ;
#357 = EDGE_CURVE ( 'NONE', #4043, #4018, #710, .T. ) ;
#358 = ORIENTED_EDGE ( 'NONE', *, *, #2917, .F. ) ;
#359 = DIRECTION ( 'NONE',  ( 0.0000000000000000000, 0.0000000000000000000, 1.000000000000000000 ) ) ;
#360 = ADVANCED_FACE ( 'NONE', ( #48 ), #1339, .T. ) ;
#361 = CARTESIAN_POINT ( 'NONE',  ( 5.049999975562100119, -5.380384757729340883, 0.4499999999999978462 ) ) ;
#362 = CARTESIAN_POINT ( 'NONE',  ( -1.200000024437900104, 6.299999999999999822, 0.1499999999999999944 ) ) ;
#363 = ORIENTED_EDGE ( 'NONE', *, *, #2688, .T. ) ;
#364 = EDGE_LOOP ( 'NONE', ( #3993, #2852, #3117, #3243 ) ) ;
#365 = UNCERTAINTY_MEASURE_WITH_UNIT (LENGTH_MEASURE( 1.000000000000000082E-05 ), #3613, 'distance_accuracy_value', 'NONE');
#366 = PLANE ( 'NONE',  #2455 ) ;
#367 = ORIENTED_EDGE ( 'NONE', *, *, #2898, .F. ) ;
#368 = DIRECTION ( 'NONE',  ( 0.5773502677557605933, 0.5773502677557605933, 0.5773502720573560065 ) ) ;
#369 = ORIENTED_EDGE ( 'NONE', *, *, #3545, .T. ) ;
#370 = ORIENTED_EDGE ( 'NONE', *, *, #4138, .F. ) ;
#371 = LINE ( 'NONE', #2971, #1164 ) ;
#372 = DIRECTION ( 'NONE',  ( -1.000000000000000000, 0.0000000000000000000, 0.0000000000000000000 ) ) ;
#373 = CARTESIAN_POINT ( 'NONE',  ( 1.499999975562100296, 6.299999999999999822, -0.3499999999999989786 ) ) ;
#374 = DIRECTION ( 'NONE',  ( -0.0000000000000000000, 0.0000000000000000000, -1.000000000000000000 ) ) ;
#375 = CARTESIAN_POINT ( 'NONE',  ( -6.250000024437899704, 6.200000000000001066, -0.3999999910593031727 ) ) ;
#376 = DIRECTION ( 'NONE',  ( -0.0000000000000000000, -1.000000000000000000, 0.0000000000000000000 ) ) ;
#377 = DIRECTION ( 'NONE',  ( 0.0000000000000000000, 0.0000000000000000000, -1.000000000000000000 ) ) ;
#378 = CARTESIAN_POINT ( 'NONE',  ( 2.399999975562100207, 0.0000000000000000000, -0.2500000000000000000 ) ) ;
#379 = ADVANCED_FACE ( 'NONE', ( #3267 ), #3957, .T. ) ;
#380 = DIRECTION ( 'NONE',  ( 0.0000000000000000000, -1.000000000000000000, 0.0000000000000000000 ) ) ;
#381 = EDGE_CURVE ( 'NONE', #2642, #3972, #1388, .T. ) ;
#382 = EDGE_LOOP ( 'NONE', ( #1450, #1535, #345, #1948 ) ) ;
#383 = DIRECTION ( 'NONE',  ( -1.000000000000000000, 9.614813431917794430E-17, -1.665334536937731113E-16 ) ) ;
#384 = VECTOR ( 'NONE', #1389, 1000.000000000000000 ) ;
#385 = FACE_OUTER_BOUND ( 'NONE', #1704, .T. ) ;
#386 = VERTEX_POINT ( 'NONE', #2380 ) ;
#387 = CIRCLE ( 'NONE', #1428, 0.1499999999999999944 ) ;
#388 = VECTOR ( 'NONE', #1882, 1000.000000000000000 ) ;
#389 = EDGE_LOOP ( 'NONE', ( #4247, #2241, #2119, #2051 ) ) ;
#390 = CIRCLE ( 'NONE', #1152, 0.1499999999999999667 ) ;
#391 = CARTESIAN_POINT ( 'NONE',  ( 6.449999975562099586, 6.400000000000000355, -0.4499999999999990119 ) ) ;
#392 = EDGE_LOOP ( 'NONE', ( #1287, #2439, #2815, #971 ) ) ;
#393 = DIRECTION ( 'NONE',  ( -0.0000000000000000000, 0.0000000000000000000, -1.000000000000000000 ) ) ;
#394 = VECTOR ( 'NONE', #850, 1000.000000000000000 ) ;
#395 = CARTESIAN_POINT ( 'NONE',  ( -1.600000024437900237, 6.200000000000001066, -0.2499999999999998890 ) ) ;
#396 = DIRECTION ( 'NONE',  ( 0.0000000000000000000, -1.000000000000000000, 0.0000000000000000000 ) ) ;
#397 = DIRECTION ( 'NONE',  ( -1.000000000000000000, -0.0000000000000000000, -0.0000000000000000000 ) ) ;
#398 = DIRECTION ( 'NONE',  ( 0.0000000000000000000, -1.000000000000000000, 0.0000000000000000000 ) ) ;
#399 = PLANE ( 'NONE',  #3639 ) ;
#400 = DIRECTION ( 'NONE',  ( 0.0000000000000000000, 0.0000000000000000000, 1.000000000000000000 ) ) ;
#401 = AXIS2_PLACEMENT_3D ( 'NONE', #362, #2936, #2983 ) ;
#402 = LINE ( 'NONE', #4080, #250 ) ;
#403 = DIRECTION ( 'NONE',  ( 1.000000000000000000, 0.0000000000000000000, 0.0000000000000000000 ) ) ;
#404 = AXIS2_PLACEMENT_3D ( 'NONE', #287, #977, #2256 ) ;
#405 = ORIENTED_EDGE ( 'NONE', *, *, #2544, .T. ) ;
#406 = ADVANCED_FACE ( 'NONE', ( #1667 ), #1302, .T. ) ;
#407 = CARTESIAN_POINT ( 'NONE',  ( -4.450000024437899881, 0.0000000000000000000, -0.3999999910593030616 ) ) ;
#408 = ADVANCED_FACE ( 'NONE', ( #2665 ), #2712, .T. ) ;
#409 = VECTOR ( 'NONE', #862, 1000.000000000000000 ) ;
#410 = PRESENTATION_STYLE_ASSIGNMENT (( #2639 ) ) ;
#411 = EDGE_LOOP ( 'NONE', ( #3758, #553, #548, #4133, #1629, #2753, #3432, #2551 ) ) ;
#412 = ORIENTED_EDGE ( 'NONE', *, *, #1544, .T. ) ;
#413 =( GEOMETRIC_REPRESENTATION_CONTEXT ( 3 ) GLOBAL_UNCERTAINTY_ASSIGNED_CONTEXT ( ( #3305 ) ) GLOBAL_UNIT_ASSIGNED_CONTEXT ( ( #856, #840, #569 ) ) REPRESENTATION_CONTEXT ( 'NONE', 'WORKASPACE' ) );
#414 = ORIENTED_EDGE ( 'NONE', *, *, #695, .F. ) ;
#415 = ADVANCED_FACE ( 'NONE', ( #2625 ), #1684, .T. ) ;
#416 = CARTESIAN_POINT ( 'NONE',  ( 5.049999975562100119, -1.500000000000000000, 0.4499999999999979017 ) ) ;
#417 = ORIENTED_EDGE ( 'NONE', *, *, #3608, .F. ) ;
#418 = DIRECTION ( 'NONE',  ( 0.0000000000000000000, 0.0000000000000000000, -1.000000000000000000 ) ) ;
#419 = DIRECTION ( 'NONE',  ( -0.7071067811865470176, 0.7071067811865480168, 0.0000000000000000000 ) ) ;
#420 = CARTESIAN_POINT ( 'NONE',  ( 5.049999975562100119, -1.500000000000000000, -0.4500000000000020095 ) ) ;
#421 = CARTESIAN_POINT ( 'NONE',  ( -7.025080523442075453, -1.500000000000000000, -3.083617270247900333 ) ) ;
#422 = PLANE ( 'NONE',  #2336 ) ;
#423 = DIRECTION ( 'NONE',  ( 0.0000000000000000000, 0.0000000000000000000, -1.000000000000000000 ) ) ;
#424 = CARTESIAN_POINT ( 'NONE',  ( 2.399999975562100207, 0.0000000000000000000, 0.2500000000000000000 ) ) ;
#425 = LINE ( 'NONE', #1741, #2881 ) ;
#426 = DIRECTION ( 'NONE',  ( 1.922962686383558886E-16, -0.4999999999999998335, -0.8660254037844387076 ) ) ;
#427 = ORIENTED_EDGE ( 'NONE', *, *, #1567, .F. ) ;
#428 = EDGE_LOOP ( 'NONE', ( #2271, #3007, #2219, #1123 ) ) ;
#429 = CARTESIAN_POINT ( 'NONE',  ( 1.999999975562100074, 2.055000000000000604, -1.149999999999999911 ) ) ;
#430 =( NAMED_UNIT ( * ) SI_UNIT ( $, .STERADIAN. ) SOLID_ANGLE_UNIT ( ) );
#431 = ADVANCED_FACE ( 'NONE', ( #974 ), #2316, .T. ) ;
#432 = EDGE_LOOP ( 'NONE', ( #3052, #3723, #3676, #302 ) ) ;
#433 = EDGE_CURVE ( 'NONE', #2146, #3375, #3141, .T. ) ;
#434 = ORIENTED_EDGE ( 'NONE', *, *, #2025, .T. ) ;
#435 = EDGE_CURVE ( 'NONE', #597, #2082, #3644, .T. ) ;
#436 = CARTESIAN_POINT ( 'NONE',  ( -6.850000024437903789, -1.199999999999999956, 3.400000000000000355 ) ) ;
#437 = ORIENTED_EDGE ( 'NONE', *, *, #2743, .T. ) ;
#438 = EDGE_CURVE ( 'NONE', #276, #3862, #692, .T. ) ;
#439 = CARTESIAN_POINT ( 'NONE',  ( 1.599999975562099497, 6.200000000000001066, -0.3499999999999989786 ) ) ;
#440 = CARTESIAN_POINT ( 'NONE',  ( -7.528497691638284195, -1.500000000000000444, -2.573803059205235666 ) ) ;
#441 = LINE ( 'NONE', #1086, #1366 ) ;
#442 = DIRECTION ( 'NONE',  ( 0.0000000000000000000, 0.0000000000000000000, 1.000000000000000000 ) ) ;
#443 = FACE_OUTER_BOUND ( 'NONE', #1053, .T. ) ;
#444 = CARTESIAN_POINT ( 'NONE',  ( 1.999999975562100074, 0.0000000000000000000, 1.149999999999999911 ) ) ;
#445 = CARTESIAN_POINT ( 'NONE',  ( 1.599999975562099941, 6.400000000000000355, 0.2500000000000000000 ) ) ;
#446 = ORIENTED_EDGE ( 'NONE', *, *, #2387, .F. ) ;
#447 = EDGE_LOOP ( 'NONE', ( #3521, #1011, #622, #2612 ) ) ;
#448 = FACE_OUTER_BOUND ( 'NONE', #392, .T. ) ;
#449 = LINE ( 'NONE', #1223, #611 ) ;
#450 = VERTEX_POINT ( 'NONE', #4 ) ;
#451 = VECTOR ( 'NONE', #613, 1000.000000000000000 ) ;
#452 = CARTESIAN_POINT ( 'NONE',  ( 6.949999975562099586, 6.400000000000000355, -0.4499999999999990119 ) ) ;
#453 = VECTOR ( 'NONE', #4079, 1000.000000000000000 ) ;
#454 = CLOSED_SHELL ( 'NONE', ( #4082, #3579, #3666, #3202, #1863, #796, #2335, #714, #4217, #2820, #1249, #2181, #745, #724, #609, #3263, #3417, #2338, #1614, #226, #166, #1651, #2787, #535, #3074, #2077, #661, #1649, #408, #301 ) ) ;
#455 = ORIENTED_EDGE ( 'NONE', *, *, #2025, .F. ) ;
#456 = DIRECTION ( 'NONE',  ( -0.0000000000000000000, -1.000000000000000000, 0.0000000000000000000 ) ) ;
#457 = EDGE_CURVE ( 'NONE', #2082, #3880, #1416, .T. ) ;
#458 = CARTESIAN_POINT ( 'NONE',  ( -6.850000024437910007, -1.199999999999999956, 3.400000000000000355 ) ) ;
#459 = AXIS2_PLACEMENT_3D ( 'NONE', #487, #2072, #785 ) ;
#460 =( NAMED_UNIT ( * ) PLANE_ANGLE_UNIT ( ) SI_UNIT ( $, .RADIAN. ) );
#461 = EDGE_CURVE ( 'NONE', #268, #2313, #3667, .T. ) ;
#462 = DIRECTION ( 'NONE',  ( 0.0000000000000000000, -1.000000000000000000, 0.0000000000000000000 ) ) ;
#463 = LINE ( 'NONE', #1436, #1853 ) ;
#464 = VECTOR ( 'NONE', #3251, 1000.000000000000000 ) ;
#465 = DIRECTION ( 'NONE',  ( 0.0000000000000000000, 0.0000000000000000000, 1.000000000000000000 ) ) ;
#466 = LINE ( 'NONE', #486, #1210 ) ;
#467 = DIRECTION ( 'NONE',  ( 0.0000000000000000000, -1.000000000000000000, 0.0000000000000000000 ) ) ;
#468 = ORIENTED_EDGE ( 'NONE', *, *, #1113, .F. ) ;
#469 = ORIENTED_EDGE ( 'NONE', *, *, #1997, .F. ) ;
#470 = VECTOR ( 'NONE', #3674, 1000.000000000000000 ) ;
#471 = CARTESIAN_POINT ( 'NONE',  ( 7.066010861885271055, -1.499999999999999778, -3.066210619886295063 ) ) ;
#472 = SURFACE_SIDE_STYLE ('',( #4087 ) ) ;
#473 = DIRECTION ( 'NONE',  ( 0.0000000000000000000, 0.0000000000000000000, -1.000000000000000000 ) ) ;
#474 = VECTOR ( 'NONE', #3532, 1000.000000000000000 ) ;
#475 = ORIENTED_EDGE ( 'NONE', *, *, #2686, .F. ) ;
#476 = ORIENTED_EDGE ( 'NONE', *, *, #3798, .F. ) ;
#477 = COLOUR_RGB ( '',0.9529411764705881804, 0.8980392156862745390, 0.6549019607843137303 ) ;
#478 = ORIENTED_EDGE ( 'NONE', *, *, #2568, .T. ) ;
#479 = LINE ( 'NONE', #1796, #28 ) ;
#480 = CARTESIAN_POINT ( 'NONE',  ( -6.850000024437910007, -1.500000000000002887, 3.275735931288069391 ) ) ;
#481 = DIRECTION ( 'NONE',  ( 0.0000000000000000000, -0.0000000000000000000, -1.000000000000000000 ) ) ;
#482 = CARTESIAN_POINT ( 'NONE',  ( -2.400000024437900059, 6.400000000000000355, 2.049999999999999822 ) ) ;
#483 = EDGE_CURVE ( 'NONE', #164, #1250, #3009, .T. ) ;
#484 = LINE ( 'NONE', #4148, #4254 ) ;
#485 = EDGE_CURVE ( 'NONE', #1986, #597, #1273, .T. ) ;
#486 = CARTESIAN_POINT ( 'NONE',  ( -2.443790503292580154E-08, 6.400000000000000355, -0.04999999999999980849 ) ) ;
#487 = CARTESIAN_POINT ( 'NONE',  ( -2.400000024437900059, 6.400000000000000355, 0.2500000000000000000 ) ) ;
#488 = LINE ( 'NONE', #77, #741 ) ;
#489 = ADVANCED_FACE ( 'NONE', ( #826 ), #735, .T. ) ;
#490 = ORIENTED_EDGE ( 'NONE', *, *, #221, .F. ) ;
#491 = ORIENTED_EDGE ( 'NONE', *, *, #579, .T. ) ;
#492 = EDGE_CURVE ( 'NONE', #1851, #3747, #3460, .T. ) ;
#493 = CARTESIAN_POINT ( 'NONE',  ( 2.449999975562100030, -5.900000000000000355, -0.8499999999999999778 ) ) ;
#494 = ORIENTED_EDGE ( 'NONE', *, *, #3397, .T. ) ;
#495 = ORIENTED_EDGE ( 'NONE', *, *, #934, .T. ) ;
#496 = CARTESIAN_POINT ( 'NONE',  ( 2.399999975562100207, 0.0000000000000000000, 2.049999999999999822 ) ) ;
#497 = VERTEX_POINT ( 'NONE', #3705 ) ;
#498 = DIRECTION ( 'NONE',  ( 0.7071067811865480168, 0.7071067811865470176, 0.0000000000000000000 ) ) ;
#499 = CARTESIAN_POINT ( 'NONE',  ( -7.435786462064814195, -1.375735931288073699, 3.400000000000000355 ) ) ;
#500 =( NAMED_UNIT ( * ) SI_UNIT ( $, .STERADIAN. ) SOLID_ANGLE_UNIT ( ) );
#501 = FACE_OUTER_BOUND ( 'NONE', #4091, .T. ) ;
#502 = DIRECTION ( 'NONE',  ( -0.0000000000000000000, -1.000000000000000000, 0.0000000000000000000 ) ) ;
#503 = FACE_OUTER_BOUND ( 'NONE', #2727, .T. ) ;
#504 = DIRECTION ( 'NONE',  ( 0.0000000000000000000, -1.000000000000000000, -0.0000000000000000000 ) ) ;
#505 = LINE ( 'NONE', #3836, #3098 ) ;
#506 = EDGE_LOOP ( 'NONE', ( #3470, #3899, #1491, #2726 ) ) ;
#507 = VERTEX_POINT ( 'NONE', #3728 ) ;
#508 = CARTESIAN_POINT ( 'NONE',  ( 1.849999975562099941, -5.900000000000000355, -0.8499999999999998668 ) ) ;
#509 = EDGE_CURVE ( 'NONE', #1824, #300, #2064, .T. ) ;
#510 = CARTESIAN_POINT ( 'NONE',  ( -2.000000024437900148, 0.0000000000000000000, -1.149999999999999911 ) ) ;
#511 = DIRECTION ( 'NONE',  ( 0.0000000000000000000, -1.000000000000000000, -0.0000000000000000000 ) ) ;
#512 = EDGE_CURVE ( 'NONE', #3972, #211, #3379, .T. ) ;
#513 = ORIENTED_EDGE ( 'NONE', *, *, #1008, .T. ) ;
#514 = VERTEX_POINT ( 'NONE', #1774 ) ;
#515 = VECTOR ( 'NONE', #2292, 1000.000000000000114 ) ;
#516 = ORIENTED_EDGE ( 'NONE', *, *, #4265, .F. ) ;
#517 = VECTOR ( 'NONE', #3809, 1000.000000000000000 ) ;
#518 = FACE_BOUND ( 'NONE', #3989, .T. ) ;
#519 = CARTESIAN_POINT ( 'NONE',  ( 4.249999975562100296, 6.400000000000000355, 0.5999999981373546065 ) ) ;
#520 = AXIS2_PLACEMENT_3D ( 'NONE', #1393, #2301, #742 ) ;
#521 = DIRECTION ( 'NONE',  ( -1.000000000000000000, -0.0000000000000000000, 0.0000000000000000000 ) ) ;
#522 = PRODUCT ( 'DB6D4DC0-CA50-4467-8321-C9BC62AFFAAD', 'DB6D4DC0-CA50-4467-8321-C9BC62AFFAAD', '', ( #1476 ) ) ;
#523 = CARTESIAN_POINT ( 'NONE',  ( 6.849999975562099941, 0.0000000000000000000, 3.399999999999999911 ) ) ;
#524 = AXIS2_PLACEMENT_3D ( 'NONE', #3421, #138, #1842 ) ;
#525 = LINE ( 'NONE', #242, #394 ) ;
#526 = DIRECTION ( 'NONE',  ( 0.5773502691896253980, -0.5773502691896266192, 0.5773502691896253980 ) ) ;
#527 = ORIENTED_EDGE ( 'NONE', *, *, #4143, .T. ) ;
#528 = ORIENTED_EDGE ( 'NONE', *, *, #1830, .F. ) ;
#529 = CARTESIAN_POINT ( 'NONE',  ( -6.250000024437899704, 0.0000000000000000000, 0.4000000005587937557 ) ) ;
#530 = VECTOR ( 'NONE', #397, 1000.000000000000000 ) ;
#531 = DIRECTION ( 'NONE',  ( 0.0000000000000000000, -1.000000000000000000, -0.0000000000000000000 ) ) ;
#532 = CARTESIAN_POINT ( 'NONE',  ( 1.999999975562100074, -1.199999999999999956, -3.100000000000000533 ) ) ;
#533 = ADVANCED_FACE ( 'NONE', ( #3795 ), #1735, .T. ) ;
#534 = ORIENTED_EDGE ( 'NONE', *, *, #3415, .T. ) ;
#535 = ADVANCED_FACE ( 'NONE', ( #4094 ), #1550, .T. ) ;
#536 = EDGE_LOOP ( 'NONE', ( #2747, #978, #2899, #709 ) ) ;
#537 = CARTESIAN_POINT ( 'NONE',  ( -7.197229083613508216, -1.500000000000000000, 3.015471112680871091 ) ) ;
#538 = ORIENTED_EDGE ( 'NONE', *, *, #2770, .T. ) ;
#539 = EDGE_CURVE ( 'NONE', #3071, #3745, #2798, .T. ) ;
#540 = DIRECTION ( 'NONE',  ( 0.0000000000000000000, -1.000000000000000000, 0.0000000000000000000 ) ) ;
#541 = AXIS2_PLACEMENT_3D ( 'NONE', #2915, #3605, #1938 ) ;
#542 = CARTESIAN_POINT ( 'NONE',  ( 1.599999975562099941, 6.400000000000000355, 0.2500000000000000000 ) ) ;
#543 = CARTESIAN_POINT ( 'NONE',  ( -2.400000024437900059, 0.0000000000000000000, 0.2500000000000000000 ) ) ;
#544 = CARTESIAN_POINT ( 'NONE',  ( 5.349999975562099941, 0.0000000000000000000, 0.0000000000000000000 ) ) ;
#545 = LINE ( 'NONE', #2477, #2532 ) ;
#546 = CARTESIAN_POINT ( 'NONE',  ( 2.149999975562100207, -5.900000000000000355, -1.149999999999999911 ) ) ;
#547 = ORIENTED_EDGE ( 'NONE', *, *, #2307, .T. ) ;
#548 = ORIENTED_EDGE ( 'NONE', *, *, #2440, .T. ) ;
#549 = CARTESIAN_POINT ( 'NONE',  ( 7.481953945566898412, -1.500000000000000222, -2.702057279035532833 ) ) ;
#550 = DIRECTION ( 'NONE',  ( 0.8660254037844387076, -0.4999999999999998335, 0.0000000000000000000 ) ) ;
#551 = DIRECTION ( 'NONE',  ( 0.0000000000000000000, 1.000000000000000000, -0.0000000000000000000 ) ) ;
#552 = ORIENTED_EDGE ( 'NONE', *, *, #3446, .T. ) ;
#553 = ORIENTED_EDGE ( 'NONE', *, *, #1947, .T. ) ;
#554 = CARTESIAN_POINT ( 'NONE',  ( -6.959938926217683175, -1.499999999999999778, 3.093856476342962569 ) ) ;
#555 = EDGE_CURVE ( 'NONE', #3147, #3578, #4245, .T. ) ;
#556 = ORIENTED_EDGE ( 'NONE', *, *, #990, .T. ) ;
#557 = DIRECTION ( 'NONE',  ( 0.0000000000000000000, 0.0000000000000000000, 1.000000000000000000 ) ) ;
#558 = EDGE_CURVE ( 'NONE', #1254, #3283, #2403, .T. ) ;
#559 = EDGE_CURVE ( 'NONE', #2955, #105, #2105, .T. ) ;
#560 = DIRECTION ( 'NONE',  ( 0.0000000000000000000, 0.0000000000000000000, 1.000000000000000000 ) ) ;
#561 = EDGE_CURVE ( 'NONE', #707, #1730, #802, .T. ) ;
#562 = CARTESIAN_POINT ( 'NONE',  ( -7.850000024437909119, -1.375735931288071257, -2.985786437626904100 ) ) ;
#563 = DIRECTION ( 'NONE',  ( -0.7071067811865474617, 0.7071067811865474617, 0.0000000000000000000 ) ) ;
#564 = CARTESIAN_POINT ( 'NONE',  ( 6.249999975562100296, 0.0000000000000000000, -0.3999999910593030616 ) ) ;
#565 = CARTESIAN_POINT ( 'NONE',  ( -6.250000024437899704, 6.400000000000000355, -0.3999999910593030616 ) ) ;
#566 = ORIENTED_EDGE ( 'NONE', *, *, #2341, .F. ) ;
#567 = EDGE_LOOP ( 'NONE', ( #1899, #3966, #2138, #3812 ) ) ;
#568 = DIRECTION ( 'NONE',  ( 0.0000000000000000000, 0.0000000000000000000, 1.000000000000000000 ) ) ;
#569 =( NAMED_UNIT ( * ) SI_UNIT ( $, .STERADIAN. ) SOLID_ANGLE_UNIT ( ) );
#570 = DIRECTION ( 'NONE',  ( 0.0000000000000000000, -1.000000000000000000, 0.0000000000000000000 ) ) ;
#571 = ORIENTED_EDGE ( 'NONE', *, *, #4023, .F. ) ;
#572 = DIRECTION ( 'NONE',  ( 0.0000000000000000000, 0.0000000000000000000, 1.000000000000000000 ) ) ;
#573 = ORIENTED_EDGE ( 'NONE', *, *, #297, .T. ) ;
#574 = ORIENTED_EDGE ( 'NONE', *, *, #354, .T. ) ;
#575 = ORIENTED_EDGE ( 'NONE', *, *, #3748, .F. ) ;
#576 = DIRECTION ( 'NONE',  ( 2.220446049250310123E-16, 0.0000000000000000000, -1.000000000000000000 ) ) ;
#577 = DIRECTION ( 'NONE',  ( -0.0000000000000000000, 0.0000000000000000000, 1.000000000000000000 ) ) ;
#578 = VECTOR ( 'NONE', #3928, 1000.000000000000000 ) ;
#579 = EDGE_CURVE ( 'NONE', #2370, #3785, #479, .T. ) ;
#580 = DIRECTION ( 'NONE',  ( 1.000000000000000000, 0.0000000000000000000, 0.0000000000000000000 ) ) ;
#581 = LINE ( 'NONE', #240, #3778 ) ;
#582 = ADVANCED_FACE ( 'NONE', ( #1146 ), #2468, .T. ) ;
#583 = VECTOR ( 'NONE', #2853, 1000.000000000000000 ) ;
#584 = LINE ( 'NONE', #4124, #1843 ) ;
#585 = LINE ( 'NONE', #546, #953 ) ;
#586 = ORIENTED_EDGE ( 'NONE', *, *, #2523, .F. ) ;
#587 = VECTOR ( 'NONE', #673, 1000.000000000000000 ) ;
#588 = ORIENTED_EDGE ( 'NONE', *, *, #169, .T. ) ;
#589 = DIRECTION ( 'NONE',  ( -6.208817218072360317E-09, 0.0000000000000000000, 1.000000000000000000 ) ) ;
#590 = DIRECTION ( 'NONE',  ( -0.7071067811865470176, -0.7071067811865480168, 0.0000000000000000000 ) ) ;
#591 = LINE ( 'NONE', #4193, #3299 ) ;
#592 = EDGE_LOOP ( 'NONE', ( #1554, #902, #2785, #3365 ) ) ;
#593 = DIRECTION ( 'NONE',  ( -2.220446049250310123E-16, 0.0000000000000000000, 1.000000000000000000 ) ) ;
#594 = ORIENTED_EDGE ( 'NONE', *, *, #3663, .T. ) ;
#595 = CARTESIAN_POINT ( 'NONE',  ( -5.650000024437900059, -1.500000000000000000, 0.4499999999999980127 ) ) ;
#596 = AXIS2_PLACEMENT_3D ( 'NONE', #595, #4117, #1798 ) ;
#597 = VERTEX_POINT ( 'NONE', #3539 ) ;
#598 = ORIENTED_EDGE ( 'NONE', *, *, #4182, .T. ) ;
#599 =( GEOMETRIC_REPRESENTATION_CONTEXT ( 3 ) GLOBAL_UNCERTAINTY_ASSIGNED_CONTEXT ( ( #1398 ) ) GLOBAL_UNIT_ASSIGNED_CONTEXT ( ( #81, #1316, #641 ) ) REPRESENTATION_CONTEXT ( 'NONE', 'WORKASPACE' ) );
#600 = DIRECTION ( 'NONE',  ( 0.0000000000000000000, 0.0000000000000000000, 1.000000000000000000 ) ) ;
#601 = CARTESIAN_POINT ( 'NONE',  ( -2.000000024437909918, 2.055000000000000604, 1.000000000000000000 ) ) ;
#602 = AXIS2_PLACEMENT_3D ( 'NONE', #1127, #1392, #2129 ) ;
#603 = CARTESIAN_POINT ( 'NONE',  ( -7.260050530776744004, -1.499999999999999556, -3.099999999999999645 ) ) ;
#604 = DIRECTION ( 'NONE',  ( 0.0000000000000000000, -1.000000000000000000, 0.0000000000000000000 ) ) ;
#605 = AXIS2_PLACEMENT_3D ( 'NONE', #2709, #3096, #777 ) ;
#606 = PLANE ( 'NONE',  #736 ) ;
#607 = EDGE_CURVE ( 'NONE', #211, #1141, #2267, .T. ) ;
#608 = DIRECTION ( 'NONE',  ( 0.0000000000000000000, 0.0000000000000000000, 1.000000000000000000 ) ) ;
#609 = ADVANCED_FACE ( 'NONE', ( #322 ), #2308, .T. ) ;
#610 = VERTEX_POINT ( 'NONE', #901 ) ;
#611 = VECTOR ( 'NONE', #3841, 1000.000000000000000 ) ;
#612 = ORIENTED_EDGE ( 'NONE', *, *, #219, .F. ) ;
#613 = DIRECTION ( 'NONE',  ( 0.0000000000000000000, -0.0000000000000000000, -1.000000000000000000 ) ) ;
#614 = CARTESIAN_POINT ( 'NONE',  ( 6.949999975562099586, 0.0000000000000000000, 2.500000000000000000 ) ) ;
#615 =( GEOMETRIC_REPRESENTATION_CONTEXT ( 3 ) GLOBAL_UNCERTAINTY_ASSIGNED_CONTEXT ( ( #3610 ) ) GLOBAL_UNIT_ASSIGNED_CONTEXT ( ( #2445, #2843, #500 ) ) REPRESENTATION_CONTEXT ( 'NONE', 'WORKASPACE' ) );
#616 = DIRECTION ( 'NONE',  ( 0.0000000000000000000, 1.000000000000000000, 0.0000000000000000000 ) ) ;
#617 = EDGE_CURVE ( 'NONE', #4173, #1858, #1595, .T. ) ;
#618 = FACE_OUTER_BOUND ( 'NONE', #2560, .T. ) ;
#619 = ADVANCED_FACE ( 'NONE', ( #3630 ), #3868, .F. ) ;
#620 = ORIENTED_EDGE ( 'NONE', *, *, #2159, .T. ) ;
#621 = DIRECTION ( 'NONE',  ( -0.0000000000000000000, 1.000000000000000000, -0.0000000000000000000 ) ) ;
#622 = ORIENTED_EDGE ( 'NONE', *, *, #1701, .T. ) ;
#623 = SURFACE_STYLE_USAGE ( .BOTH. , #2800 ) ;
#624 = EDGE_LOOP ( 'NONE', ( #2578, #434, #100, #3341 ) ) ;
#625 = EDGE_LOOP ( 'NONE', ( #1453, #3938, #721, #859 ) ) ;
#626 = CARTESIAN_POINT ( 'NONE',  ( 4.449999975562099586, 6.400000000000000355, -0.3999999910593030616 ) ) ;
#627 = CARTESIAN_POINT ( 'NONE',  ( 2.449999975562099586, -5.380384757729339995, -1.300000000000000266 ) ) ;
#628 = CARTESIAN_POINT ( 'NONE',  ( 1.999999975562100074, -1.500000000000000000, 1.149999999999999911 ) ) ;
#629 = DIRECTION ( 'NONE',  ( 0.0000000000000000000, 1.000000000000000000, 0.0000000000000000000 ) ) ;
#630 = LINE ( 'NONE', #1627, #4196 ) ;
#631 = CARTESIAN_POINT ( 'NONE',  ( 6.949999975562099586, 0.0000000000000000000, -0.4499999999999990119 ) ) ;
#632 = VERTEX_POINT ( 'NONE', #3588 ) ;
#633 = ORIENTED_EDGE ( 'NONE', *, *, #492, .T. ) ;
#634 = DIRECTION ( 'NONE',  ( -1.000000000000000000, 0.0000000000000000000, -2.220446049250310123E-16 ) ) ;
#635 = DIRECTION ( 'NONE',  ( -1.000000000000000000, 0.0000000000000000000, -0.0000000000000000000 ) ) ;
#636 = DIRECTION ( 'NONE',  ( 1.000000000000000000, 0.0000000000000000000, -0.0000000000000000000 ) ) ;
#637 = ORIENTED_EDGE ( 'NONE', *, *, #853, .F. ) ;
#638 = CARTESIAN_POINT ( 'NONE',  ( -6.850000024437910007, 0.0000000000000000000, -3.400000000000000799 ) ) ;
#639 = ORIENTED_EDGE ( 'NONE', *, *, #640, .T. ) ;
#640 = EDGE_CURVE ( 'NONE', #4010, #689, #2919, .T. ) ;
#641 =( NAMED_UNIT ( * ) SI_UNIT ( $, .STERADIAN. ) SOLID_ANGLE_UNIT ( ) );
#642 = EDGE_LOOP ( 'NONE', ( #3248, #3111, #1207, #3973 ) ) ;
#643 = ORIENTED_EDGE ( 'NONE', *, *, #2657, .F. ) ;
#644 = ORIENTED_EDGE ( 'NONE', *, *, #3744, .F. ) ;
#645 = DIRECTION ( 'NONE',  ( 0.0000000000000000000, -1.000000000000000000, 0.0000000000000000000 ) ) ;
#646 = CARTESIAN_POINT ( 'NONE',  ( -2.450000024437899881, -1.500000000000000000, 0.8499999999999999778 ) ) ;
#647 = DIRECTION ( 'NONE',  ( 1.000000000000000000, 0.0000000000000000000, -0.0000000000000000000 ) ) ;
#648 = DIRECTION ( 'NONE',  ( 0.5773502691896241767, -0.5773502691896252870, -0.5773502691896279515 ) ) ;
#649 = CARTESIAN_POINT ( 'NONE',  ( 5.349999975562099941, -1.500000000000000000, -0.4500000000000020095 ) ) ;
#650 = PLANE ( 'NONE',  #1005 ) ;
#651 = CIRCLE ( 'NONE', #2315, 0.2999999999999999334 ) ;
#652 = CARTESIAN_POINT ( 'NONE',  ( -6.950000024437909651, 0.0000000000000000000, -2.500000000000000000 ) ) ;
#653 = CARTESIAN_POINT ( 'NONE',  ( 6.249999975562100296, 6.200000000000001066, 0.4000000089406971493 ) ) ;
#654 = CARTESIAN_POINT ( 'NONE',  ( 2.449999975562100030, -1.500000000000000000, -1.449999999999999956 ) ) ;
#655 = VECTOR ( 'NONE', #3573, 1000.000000000000000 ) ;
#656 = VECTOR ( 'NONE', #3358, 1000.000000000000000 ) ;
#657 = ORIENTED_EDGE ( 'NONE', *, *, #3494, .F. ) ;
#658 = LINE ( 'NONE', #1920, #2584 ) ;
#659 = VECTOR ( 'NONE', #3388, 1000.000000000000000 ) ;
#660 = DIRECTION ( 'NONE',  ( -0.7071067811865470176, -0.7071067811865480168, 0.0000000000000000000 ) ) ;
#661 = ADVANCED_FACE ( 'NONE', ( #4284 ), #987, .T. ) ;
#662 = ORIENTED_EDGE ( 'NONE', *, *, #3996, .F. ) ;
#663 = VECTOR ( 'NONE', #648, 1000.000000000000114 ) ;
#664 = VERTEX_POINT ( 'NONE', #638 ) ;
#665 = EDGE_CURVE ( 'NONE', #2479, #3695, #2939, .T. ) ;
#666 = ORIENTED_EDGE ( 'NONE', *, *, #2341, .T. ) ;
#667 = VECTOR ( 'NONE', #1173, 1000.000000000000000 ) ;
#668 = EDGE_CURVE ( 'NONE', #1935, #2223, #15, .T. ) ;
#669 = DIRECTION ( 'NONE',  ( 0.0000000000000000000, 0.0000000000000000000, 1.000000000000000000 ) ) ;
#670 = EDGE_CURVE ( 'NONE', #707, #2014, #658, .T. ) ;
#671 = AXIS2_PLACEMENT_3D ( 'NONE', #3634, #3327, #660 ) ;
#672 = CARTESIAN_POINT ( 'NONE',  ( -2.000000024437909918, 2.055000000000000604, 1.300000000000000044 ) ) ;
#673 = DIRECTION ( 'NONE',  ( -0.0000000000000000000, -1.000000000000000000, -0.0000000000000000000 ) ) ;
#674 = VECTOR ( 'NONE', #807, 1000.000000000000000 ) ;
#675 = DIRECTION ( 'NONE',  ( 1.000000000000000000, 0.0000000000000000000, 0.0000000000000000000 ) ) ;
#676 = FACE_OUTER_BOUND ( 'NONE', #131, .T. ) ;
#677 = CARTESIAN_POINT ( 'NONE',  ( -6.950000024437909651, 0.0000000000000000000, -2.399999999999999911 ) ) ;
#678 = AXIS2_PLACEMENT_3D ( 'NONE', #1080, #107, #708 ) ;
#679 = CARTESIAN_POINT ( 'NONE',  ( 7.413015655708570684, -1.499999999999999556, 2.826829051438765283 ) ) ;
#680 = CARTESIAN_POINT ( 'NONE',  ( -2.443790503292580154E-08, 6.400000000000000355, -0.5999999910593030172 ) ) ;
#681 = LINE ( 'NONE', #1985, #2754 ) ;
#682 = CIRCLE ( 'NONE', #1518, 0.09999999999999982514 ) ;
#683 = ORIENTED_EDGE ( 'NONE', *, *, #2895, .T. ) ;
#684 = ORIENTED_EDGE ( 'NONE', *, *, #2332, .T. ) ;
#685 = LINE ( 'NONE', #3720, #1137 ) ;
#686 = VECTOR ( 'NONE', #2609, 1000.000000000000000 ) ;
#687 = ORIENTED_EDGE ( 'NONE', *, *, #357, .T. ) ;
#688 = ORIENTED_EDGE ( 'NONE', *, *, #3873, .T. ) ;
#689 = VERTEX_POINT ( 'NONE', #1895 ) ;
#690 = VERTEX_POINT ( 'NONE', #1962 ) ;
#691 = LINE ( 'NONE', #1257, #338 ) ;
#692 = LINE ( 'NONE', #22, #2731 ) ;
#693 = EDGE_CURVE ( 'NONE', #1095, #235, #2519, .T. ) ;
#694 = CARTESIAN_POINT ( 'NONE',  ( -7.850000024437909119, -1.199999999999999956, 3.399999999999999911 ) ) ;
#695 = EDGE_CURVE ( 'NONE', #1250, #1006, #2937, .T. ) ;
#696 = DIRECTION ( 'NONE',  ( -0.0000000000000000000, 0.0000000000000000000, -1.000000000000000000 ) ) ;
#697 = FACE_OUTER_BOUND ( 'NONE', #2892, .T. ) ;
#698 = CARTESIAN_POINT ( 'NONE',  ( 1.399999975562099985, 6.400000000000000355, 0.2500000000000000000 ) ) ;
#699 = CARTESIAN_POINT ( 'NONE',  ( -2.400000024437900059, 0.0000000000000000000, -0.2500000000000000000 ) ) ;
#700 = DIRECTION ( 'NONE',  ( 0.0000000000000000000, -1.000000000000000000, 0.0000000000000000000 ) ) ;
#701 = CARTESIAN_POINT ( 'NONE',  ( -1.550000024437900192, -5.380384757729339995, 1.450000000000000178 ) ) ;
#702 = EDGE_LOOP ( 'NONE', ( #1728, #1493, #3409, #1120 ) ) ;
#703 = ORIENTED_EDGE ( 'NONE', *, *, #756, .T. ) ;
#704 = LINE ( 'NONE', #407, #1832 ) ;
#705 = CARTESIAN_POINT ( 'NONE',  ( -5.650000024437900059, -1.500000000000000000, 0.4499999999999980127 ) ) ;
#706 = EDGE_LOOP ( 'NONE', ( #1048, #2938, #1910, #2856 ) ) ;
#707 = VERTEX_POINT ( 'NONE', #2488 ) ;
#708 = DIRECTION ( 'NONE',  ( -0.7071067811865470176, -0.7071067811865480168, 0.0000000000000000000 ) ) ;
#709 = ORIENTED_EDGE ( 'NONE', *, *, #2422, .T. ) ;
#710 = LINE ( 'NONE', #306, #2448 ) ;
#711 = CARTESIAN_POINT ( 'NONE',  ( 5.649999975562099763, -5.900000000000000355, 0.1499999999999986067 ) ) ;
#712 = DIRECTION ( 'NONE',  ( 0.0000000000000000000, -0.7071067811865480168, 0.7071067811865470176 ) ) ;
#713 = LINE ( 'NONE', #2779, #530 ) ;
#714 = ADVANCED_FACE ( 'NONE', ( #2565 ), #3886, .F. ) ;
#715 = FACE_OUTER_BOUND ( 'NONE', #4084, .T. ) ;
#716 = EDGE_CURVE ( 'NONE', #632, #2123, #946, .T. ) ;
#717 = DIRECTION ( 'NONE',  ( 0.0000000000000000000, 1.000000000000000000, -0.0000000000000000000 ) ) ;
#718 = AXIS2_PLACEMENT_3D ( 'NONE', #2985, #4257, #1268 ) ;
#719 = CARTESIAN_POINT ( 'NONE',  ( 2.399999975562100207, 6.400000000000000355, -2.049999999999999822 ) ) ;
#720 = CARTESIAN_POINT ( 'NONE',  ( 1.549999975562099896, -1.500000000000000000, -1.149999999999999911 ) ) ;
#721 = ORIENTED_EDGE ( 'NONE', *, *, #3501, .F. ) ;
#722 = AXIS2_PLACEMENT_3D ( 'NONE', #3650, #3387, #377 ) ;
#723 = VERTEX_POINT ( 'NONE', #2963 ) ;
#724 = ADVANCED_FACE ( 'NONE', ( #1612 ), #1294, .T. ) ;
#725 = DIRECTION ( 'NONE',  ( -1.000000000000000000, -0.0000000000000000000, 0.0000000000000000000 ) ) ;
#726 = CARTESIAN_POINT ( 'NONE',  ( 2.449999975562100030, -5.380384757729339995, -0.8499999999999998668 ) ) ;
#727 = CIRCLE ( 'NONE', #3148, 0.1499999999999999944 ) ;
#728 = ORIENTED_EDGE ( 'NONE', *, *, #1411, .T. ) ;
#729 = ORIENTED_EDGE ( 'NONE', *, *, #3871, .T. ) ;
#730 = CIRCLE ( 'NONE', #2049, 0.09999999999999982514 ) ;
#731 = VECTOR ( 'NONE', #1107, 1000.000000000000000 ) ;
#732 = ORIENTED_EDGE ( 'NONE', *, *, #3110, .F. ) ;
#733 = LINE ( 'NONE', #3349, #3657 ) ;
#734 = VERTEX_POINT ( 'NONE', #1314 ) ;
#735 = PLANE ( 'NONE',  #1897 ) ;
#736 = AXIS2_PLACEMENT_3D ( 'NONE', #1932, #286, #1603 ) ;
#737 = LINE ( 'NONE', #694, #799 ) ;
#738 = CARTESIAN_POINT ( 'NONE',  ( -2.300000024437899970, -5.640192378864670175, 0.8499999999999997558 ) ) ;
#739 = CARTESIAN_POINT ( 'NONE',  ( -7.516210644324206491, -1.500000000000000222, -2.616010886323322016 ) ) ;
#740 = PLANE ( 'NONE',  #2541 ) ;
#741 = VECTOR ( 'NONE', #163, 1000.000000000000114 ) ;
#742 = DIRECTION ( 'NONE',  ( 0.4999999999999998335, -0.8660254037844387076, 0.0000000000000000000 ) ) ;
#743 = DIRECTION ( 'NONE',  ( -1.000000000000000000, 0.0000000000000000000, -2.822600910063960139E-16 ) ) ;
#744 = AXIS2_PLACEMENT_3D ( 'NONE', #3295, #2321, #2004 ) ;
#745 = ADVANCED_FACE ( 'NONE', ( #2749 ), #2680, .F. ) ;
#746 = LINE ( 'NONE', #2700, #659 ) ;
#747 = CARTESIAN_POINT ( 'NONE',  ( 5.649999975562099763, -5.900000000000000355, -0.1500000000000017708 ) ) ;
#748 = EDGE_CURVE ( 'NONE', #507, #3601, #3677, .T. ) ;
#749 = EDGE_LOOP ( 'NONE', ( #33, #3823, #2499, #3390 ) ) ;
#750 = VECTOR ( 'NONE', #3875, 1000.000000000000000 ) ;
#751 = VERTEX_POINT ( 'NONE', #3656 ) ;
#752 = FACE_OUTER_BOUND ( 'NONE', #1789, .T. ) ;
#753 = EDGE_CURVE ( 'NONE', #939, #3872, #1007, .T. ) ;
#754 = DIRECTION ( 'NONE',  ( 0.0000000000000000000, 0.0000000000000000000, -1.000000000000000000 ) ) ;
#755 = DIRECTION ( 'NONE',  ( 0.0000000000000000000, 1.000000000000000000, 0.0000000000000000000 ) ) ;
#756 = EDGE_CURVE ( 'NONE', #913, #3563, #704, .T. ) ;
#757 = VERTEX_POINT ( 'NONE', #3696 ) ;
#758 = ORIENTED_EDGE ( 'NONE', *, *, #1139, .F. ) ;
#759 = VECTOR ( 'NONE', #1310, 1000.000000000000000 ) ;
#760 = LINE ( 'NONE', #416, #1580 ) ;
#761 = CARTESIAN_POINT ( 'NONE',  ( -6.450000024437899881, 6.400000000000000355, -0.5999999910593030172 ) ) ;
#762 = CARTESIAN_POINT ( 'NONE',  ( -7.725735955725980375, -1.500000000000002887, 2.912994231491119024 ) ) ;
#763 = DIRECTION ( 'NONE',  ( -0.0000000000000000000, 0.0000000000000000000, -1.000000000000000000 ) ) ;
#764 = DIRECTION ( 'NONE',  ( -1.922962686383558886E-16, -0.4999999999999998335, 0.8660254037844387076 ) ) ;
#765 = PLANE ( 'NONE',  #45 ) ;
#766 = CARTESIAN_POINT ( 'NONE',  ( 3.999999975562099408, 0.0000000000000000000, -2.500000000000000888 ) ) ;
#767 = CARTESIAN_POINT ( 'NONE',  ( 6.849999975562099941, -1.499999999999999778, 3.275735931288071612 ) ) ;
#768 = LINE ( 'NONE', #445, #4140 ) ;
#769 = ORIENTED_EDGE ( 'NONE', *, *, #1013, .T. ) ;
#770 = VERTEX_POINT ( 'NONE', #2078 ) ;
#771 = CARTESIAN_POINT ( 'NONE',  ( 2.299999975562100119, -5.640192378864670175, -1.300000000000000266 ) ) ;
#772 = CARTESIAN_POINT ( 'NONE',  ( -5.350000024437900237, -1.500000000000000000, -0.1499999999999999944 ) ) ;
#773 = EDGE_CURVE ( 'NONE', #854, #2485, #2876, .T. ) ;
#774 = ORIENTED_EDGE ( 'NONE', *, *, #2019, .F. ) ;
#775 = EDGE_CURVE ( 'NONE', #1894, #1935, #685, .T. ) ;
#776 = EDGE_LOOP ( 'NONE', ( #2564, #1994, #2, #4259 ) ) ;
#777 = DIRECTION ( 'NONE',  ( 0.0000000000000000000, 0.0000000000000000000, -1.000000000000000000 ) ) ;
#778 = ORIENTED_EDGE ( 'NONE', *, *, #2212, .T. ) ;
#779 = CARTESIAN_POINT ( 'NONE',  ( 6.849999975562100829, 0.0000000000000000000, 2.500000000000002665 ) ) ;
#780 = FACE_OUTER_BOUND ( 'NONE', #3119, .T. ) ;
#781 = CARTESIAN_POINT ( 'NONE',  ( -6.850000024437910007, -1.500000000000000000, -3.100000000000000977 ) ) ;
#782 = CARTESIAN_POINT ( 'NONE',  ( 2.449999975562100030, -1.500000000000000000, -1.449999999999999956 ) ) ;
#783 = DIRECTION ( 'NONE',  ( 0.0000000000000000000, 0.0000000000000000000, 1.000000000000000000 ) ) ;
#784 = CARTESIAN_POINT ( 'NONE',  ( -5.650000024437900059, -5.640192378864670175, -0.3000000000000009881 ) ) ;
#785 = DIRECTION ( 'NONE',  ( -1.000000000000000000, 0.0000000000000000000, -0.0000000000000000000 ) ) ;
#786 = CARTESIAN_POINT ( 'NONE',  ( -4.000000024437910362, 0.0000000000000000000, -3.399999999999999911 ) ) ;
#787 = VERTEX_POINT ( 'NONE', #2030 ) ;
#788 = VERTEX_POINT ( 'NONE', #36 ) ;
#789 = FACE_OUTER_BOUND ( 'NONE', #1078, .T. ) ;
#790 = CARTESIAN_POINT ( 'NONE',  ( -5.650000024437900059, -1.500000000000000000, -0.4500000000000020095 ) ) ;
#791 = DIRECTION ( 'NONE',  ( 1.000000000000000000, 0.0000000000000000000, 2.220446049250310123E-16 ) ) ;
#792 = AXIS2_PLACEMENT_3D ( 'NONE', #3908, #3306, #3611 ) ;
#793 = VERTEX_POINT ( 'NONE', #3325 ) ;
#794 = VECTOR ( 'NONE', #3211, 1000.000000000000000 ) ;
#795 = ORIENTED_EDGE ( 'NONE', *, *, #3942, .T. ) ;
#796 = ADVANCED_FACE ( 'NONE', ( #752 ), #3392, .F. ) ;
#797 = CARTESIAN_POINT ( 'NONE',  ( -2.450000024437899881, -5.380384757729339995, -0.8499999999999999778 ) ) ;
#798 = EDGE_CURVE ( 'NONE', #3937, #329, #3066, .T. ) ;
#799 = VECTOR ( 'NONE', #1021, 1000.000000000000000 ) ;
#800 = VECTOR ( 'NONE', #376, 1000.000000000000000 ) ;
#801 = ORIENTED_EDGE ( 'NONE', *, *, #2251, .F. ) ;
#802 = LINE ( 'NONE', #2124, #1205 ) ;
#803 = DIRECTION ( 'NONE',  ( 0.0000000000000000000, 0.0000000000000000000, -1.000000000000000000 ) ) ;
#804 = VECTOR ( 'NONE', #3107, 1000.000000000000000 ) ;
#805 = ADVANCED_FACE ( 'NONE', ( #4037 ), #1422, .T. ) ;
#806 = DIRECTION ( 'NONE',  ( 0.0000000000000000000, -0.0000000000000000000, -1.000000000000000000 ) ) ;
#807 = DIRECTION ( 'NONE',  ( 1.000000000000000000, 0.0000000000000000000, -3.535742116640630070E-17 ) ) ;
#808 = ADVANCED_FACE ( 'NONE', ( #3992 ), #366, .T. ) ;
#809 = CARTESIAN_POINT ( 'NONE',  ( -4.450000024437899881, 6.200000000000001066, 0.4000000089406974269 ) ) ;
#810 = CARTESIAN_POINT ( 'NONE',  ( -1.550000024437900636, -5.380384757729339995, -1.449999999999999956 ) ) ;
#811 = AXIS2_PLACEMENT_3D ( 'NONE', #3122, #4221, #2824 ) ;
#812 = CARTESIAN_POINT ( 'NONE',  ( 6.849999975562099941, -1.199999999999999956, 3.399999999999999911 ) ) ;
#813 = DIRECTION ( 'NONE',  ( 0.0000000000000000000, 0.0000000000000000000, -1.000000000000000000 ) ) ;
#814 = VERTEX_POINT ( 'NONE', #2418 ) ;
#815 = ORIENTED_EDGE ( 'NONE', *, *, #3767, .F. ) ;
#816 = VECTOR ( 'NONE', #967, 1000.000000000000000 ) ;
#817 = CARTESIAN_POINT ( 'NONE',  ( 7.460021103436587531, -1.500000000000000000, -2.744374158240892925 ) ) ;
#818 = CARTESIAN_POINT ( 'NONE',  ( -2.443790503292580154E-08, 6.400000000000000355, -0.5999999910593030172 ) ) ;
#819 = LINE ( 'NONE', #2081, #2826 ) ;
#820 = VECTOR ( 'NONE', #3334, 1000.000000000000000 ) ;
#821 = ORIENTED_EDGE ( 'NONE', *, *, #2659, .T. ) ;
#822 = AXIS2_PLACEMENT_3D ( 'NONE', #3830, #2296, #21 ) ;
#823 = ORIENTED_EDGE ( 'NONE', *, *, #2817, .T. ) ;
#824 = CARTESIAN_POINT ( 'NONE',  ( -7.066010910761114872, -1.500000000000000222, 3.066210619886295063 ) ) ;
#825 = VERTEX_POINT ( 'NONE', #1032 ) ;
#826 = FACE_OUTER_BOUND ( 'NONE', #432, .T. ) ;
#827 = CARTESIAN_POINT ( 'NONE',  ( -7.850000024437910895, -1.375735931288073921, 2.400000000000000355 ) ) ;
#828 = FILL_AREA_STYLE ('',( #1817 ) ) ;
#829 = LINE ( 'NONE', #1881, #1094 ) ;
#830 = EDGE_CURVE ( 'NONE', #770, #664, #1679, .T. ) ;
#831 = CYLINDRICAL_SURFACE ( 'NONE', #1495, 1.000000000000000444 ) ;
#832 = CARTESIAN_POINT ( 'NONE',  ( -5.350000024437900237, 2.055000000000000604, 0.0000000000000000000 ) ) ;
#833 = ADVANCED_FACE ( 'NONE', ( #448 ), #1766, .F. ) ;
#834 = EDGE_CURVE ( 'NONE', #1335, #723, #3046, .T. ) ;
#835 = CARTESIAN_POINT ( 'NONE',  ( -2.600000024437899793, 6.400000000000000355, -0.4499999999999990119 ) ) ;
#836 = DIRECTION ( 'NONE',  ( -1.000000000000000000, -0.0000000000000000000, 0.0000000000000000000 ) ) ;
#837 = ORIENTED_EDGE ( 'NONE', *, *, #1277, .F. ) ;
#838 = VERTEX_POINT ( 'NONE', #1699 ) ;
#839 = CARTESIAN_POINT ( 'NONE',  ( -4.450000024437899881, 0.0000000000000000000, 0.4000000089406969828 ) ) ;
#840 =( NAMED_UNIT ( * ) PLANE_ANGLE_UNIT ( ) SI_UNIT ( $, .RADIAN. ) );
#841 = CARTESIAN_POINT ( 'NONE',  ( 1.549999975562099896, -1.500000000000000000, -1.449999999999999956 ) ) ;
#842 = ORIENTED_EDGE ( 'NONE', *, *, #119, .T. ) ;
#843 = ORIENTED_EDGE ( 'NONE', *, *, #579, .F. ) ;
#844 = DIRECTION ( 'NONE',  ( -0.0000000000000000000, -1.000000000000000000, -0.0000000000000000000 ) ) ;
#845 = ORIENTED_EDGE ( 'NONE', *, *, #3182, .F. ) ;
#846 = CARTESIAN_POINT ( 'NONE',  ( 6.249999975562100296, 6.400000000000000355, 0.4000000089406969828 ) ) ;
#847 = CARTESIAN_POINT ( 'NONE',  ( -2.443790503292580154E-08, 6.400000000000000355, -2.500000000000000000 ) ) ;
#848 = CARTESIAN_POINT ( 'NONE',  ( -2.450000024437899881, -5.380384757729339995, 1.449999999999999956 ) ) ;
#849 = FACE_OUTER_BOUND ( 'NONE', #1889, .T. ) ;
#850 = DIRECTION ( 'NONE',  ( 0.0000000000000000000, 0.0000000000000000000, 1.000000000000000000 ) ) ;
#851 = EDGE_CURVE ( 'NONE', #1141, #3307, #3024, .T. ) ;
#852 = DIRECTION ( 'NONE',  ( 4.390296758046761120E-09, 0.7071067811865480168, -0.7071067811865470176 ) ) ;
#853 = EDGE_CURVE ( 'NONE', #3400, #992, #1376, .T. ) ;
#854 = VERTEX_POINT ( 'NONE', #212 ) ;
#855 = CARTESIAN_POINT ( 'NONE',  ( 7.492660421429752304, -1.500000000000000000, -2.678312746115681708 ) ) ;
#856 =( LENGTH_UNIT ( ) NAMED_UNIT ( * ) SI_UNIT ( .MILLI., .METRE. ) );
#857 = LINE ( 'NONE', #917, #3372 ) ;
#858 = EDGE_CURVE ( 'NONE', #2962, #2814, #1160, .T. ) ;
#859 = ORIENTED_EDGE ( 'NONE', *, *, #2153, .T. ) ;
#860 = ORIENTED_EDGE ( 'NONE', *, *, #41, .F. ) ;
#861 = AXIS2_PLACEMENT_3D ( 'NONE', #2359, #3420, #418 ) ;
#862 = DIRECTION ( 'NONE',  ( 0.0000000000000000000, 0.0000000000000000000, 1.000000000000000000 ) ) ;
#863 = EDGE_LOOP ( 'NONE', ( #20, #3006, #1360, #2819 ) ) ;
#864 = AXIS2_PLACEMENT_3D ( 'NONE', #3150, #1509, #2834 ) ;
#865 = FACE_BOUND ( 'NONE', #1639, .T. ) ;
#866 = VECTOR ( 'NONE', #996, 1000.000000000000114 ) ;
#867 = DIRECTION ( 'NONE',  ( 1.000000000000000000, 0.0000000000000000000, -0.0000000000000000000 ) ) ;
#868 = CARTESIAN_POINT ( 'NONE',  ( -1.600000024437900237, 0.0000000000000000000, 0.2500000000000000000 ) ) ;
#869 = VECTOR ( 'NONE', #3042, 1000.000000000000000 ) ;
#870 = FACE_OUTER_BOUND ( 'NONE', #3001, .T. ) ;
#871 = LINE ( 'NONE', #4181, #2053 ) ;
#872 = LINE ( 'NONE', #3898, #2757 ) ;
#873 = ORIENTED_EDGE ( 'NONE', *, *, #1059, .F. ) ;
#874 = VERTEX_POINT ( 'NONE', #128 ) ;
#875 = EDGE_CURVE ( 'NONE', #329, #3655, #1114, .T. ) ;
#876 = DIRECTION ( 'NONE',  ( 0.0000000000000000000, 0.0000000000000000000, -1.000000000000000000 ) ) ;
#877 = VECTOR ( 'NONE', #1391, 1000.000000000000000 ) ;
#878 = CARTESIAN_POINT ( 'NONE',  ( 5.349999975562099941, 2.055000000000000604, 0.0000000000000000000 ) ) ;
#879 = PLANE ( 'NONE',  #1573 ) ;
#880 = AXIS2_PLACEMENT_3D ( 'NONE', #3995, #791, #4088 ) ;
#881 = ORIENTED_EDGE ( 'NONE', *, *, #3918, .T. ) ;
#882 = EDGE_CURVE ( 'NONE', #939, #3234, #3114, .T. ) ;
#883 = VERTEX_POINT ( 'NONE', #1448 ) ;
#884 = EDGE_CURVE ( 'NONE', #4034, #1470, #1181, .T. ) ;
#885 = AXIS2_PLACEMENT_3D ( 'NONE', #2232, #3553, #3171 ) ;
#886 = CARTESIAN_POINT ( 'NONE',  ( -7.424086887725500183, -1.500000000000000000, 2.805775373912295478 ) ) ;
#887 = ORIENTED_EDGE ( 'NONE', *, *, #3614, .F. ) ;
#888 = VECTOR ( 'NONE', #2365, 1000.000000000000000 ) ;
#889 = FACE_BOUND ( 'NONE', #3493, .T. ) ;
#890 = VECTOR ( 'NONE', #4017, 1000.000000000000000 ) ;
#891 = PLANE ( 'NONE',  #1719 ) ;
#892 = DIRECTION ( 'NONE',  ( -0.0000000000000000000, 0.7071067811865470176, 0.7071067811865480168 ) ) ;
#893 = DIRECTION ( 'NONE',  ( -1.000000000000000000, 0.0000000000000000000, -0.0000000000000000000 ) ) ;
#894 = CARTESIAN_POINT ( 'NONE',  ( 2.399999975562100651, 6.200000000000001066, -1.250000000000000000 ) ) ;
#895 = DIRECTION ( 'NONE',  ( 0.0000000000000000000, 1.000000000000000000, 0.0000000000000000000 ) ) ;
#896 = ORIENTED_EDGE ( 'NONE', *, *, #3686, .F. ) ;
#897 = ORIENTED_EDGE ( 'NONE', *, *, #3048, .F. ) ;
#898 = DIRECTION ( 'NONE',  ( -0.7071067811865480168, 0.7071067811865470176, 0.0000000000000000000 ) ) ;
#899 = CARTESIAN_POINT ( 'NONE',  ( 1.599999975562099941, 0.0000000000000000000, 2.049999999999999822 ) ) ;
#900 = ORIENTED_EDGE ( 'NONE', *, *, #3468, .T. ) ;
#901 = CARTESIAN_POINT ( 'NONE',  ( 2.399999975562100651, 6.200000000000001066, 0.2500000000000000000 ) ) ;
#902 = ORIENTED_EDGE ( 'NONE', *, *, #4192, .T. ) ;
#903 = ADVANCED_FACE ( 'NONE', ( #789 ), #1808, .F. ) ;
#904 = ORIENTED_EDGE ( 'NONE', *, *, #1438, .T. ) ;
#905 = ORIENTED_EDGE ( 'NONE', *, *, #558, .F. ) ;
#906 = EDGE_CURVE ( 'NONE', #3400, #4074, #2520, .T. ) ;
#907 = FACE_BOUND ( 'NONE', #1945, .T. ) ;
#908 = CYLINDRICAL_SURFACE ( 'NONE', #3724, 0.1499999999999999667 ) ;
#909 = CARTESIAN_POINT ( 'NONE',  ( -6.850000024437910007, -1.499999999999999778, -3.100000000000000533 ) ) ;
#910 = CARTESIAN_POINT ( 'NONE',  ( 7.849999975562099941, 0.0000000000000000000, 2.399999999999999911 ) ) ;
#911 = CARTESIAN_POINT ( 'NONE',  ( 1.849999975562099941, -5.900000000000000355, 0.8499999999999999778 ) ) ;
#912 = DIRECTION ( 'NONE',  ( 0.0000000000000000000, 0.0000000000000000000, -1.000000000000000000 ) ) ;
#913 = VERTEX_POINT ( 'NONE', #839 ) ;
#914 = VERTEX_POINT ( 'NONE', #4104 ) ;
#915 = CARTESIAN_POINT ( 'NONE',  ( 7.849999975562099941, -1.199999999999999956, -2.399999999999999467 ) ) ;
#916 = DIRECTION ( 'NONE',  ( 0.0000000000000000000, 0.0000000000000000000, -1.000000000000000000 ) ) ;
#917 = CARTESIAN_POINT ( 'NONE',  ( -1.550000024437899970, -5.900000000000000355, 1.449999999999999956 ) ) ;
#918 = ORIENTED_EDGE ( 'NONE', *, *, #173, .F. ) ;
#919 = CARTESIAN_POINT ( 'NONE',  ( 5.349999975562099941, 2.055000000000000604, 0.0000000000000000000 ) ) ;
#920 = VERTEX_POINT ( 'NONE', #2500 ) ;
#921 = CARTESIAN_POINT ( 'NONE',  ( 2.449999975562100030, -5.380384757729339995, -1.449999999999999956 ) ) ;
#922 = VERTEX_POINT ( 'NONE', #2772 ) ;
#923 = ORIENTED_EDGE ( 'NONE', *, *, #2412, .T. ) ;
#924 = AXIS2_PLACEMENT_3D ( 'NONE', #69, #1975, #1623 ) ;
#925 = EDGE_CURVE ( 'NONE', #4063, #4219, #3472, .T. ) ;
#926 = CARTESIAN_POINT ( 'NONE',  ( -2.443790503292580154E-08, 6.400000000000000355, 2.250000000000000444 ) ) ;
#927 = EDGE_CURVE ( 'NONE', #597, #1986, #1489, .T. ) ;
#928 = CARTESIAN_POINT ( 'NONE',  ( 5.649999975562099763, -5.380384757729339995, -0.4500000000000010658 ) ) ;
#929 = VECTOR ( 'NONE', #3962, 1000.000000000000000 ) ;
#930 = CARTESIAN_POINT ( 'NONE',  ( 2.449999975562100030, -1.500000000000000000, -0.8499999999999999778 ) ) ;
#931 = EDGE_CURVE ( 'NONE', #2485, #3198, #2807, .T. ) ;
#932 = CARTESIAN_POINT ( 'NONE',  ( -5.350000024437900237, -1.500000000000000000, 0.0000000000000000000 ) ) ;
#933 = VECTOR ( 'NONE', #2343, 1000.000000000000000 ) ;
#934 = EDGE_CURVE ( 'NONE', #1851, #126, #4129, .T. ) ;
#935 = FACE_BOUND ( 'NONE', #1664, .T. ) ;
#936 = DIRECTION ( 'NONE',  ( 0.0000000000000000000, 0.0000000000000000000, 1.000000000000000000 ) ) ;
#937 = ORIENTED_EDGE ( 'NONE', *, *, #617, .F. ) ;
#938 = VECTOR ( 'NONE', #3947, 1000.000000000000000 ) ;
#939 = VERTEX_POINT ( 'NONE', #508 ) ;
#940 = SURFACE_STYLE_USAGE ( .BOTH. , #2542 ) ;
#941 = PLANE ( 'NONE',  #541 ) ;
#942 = CARTESIAN_POINT ( 'NONE',  ( -2.400000024437900059, 0.0000000000000000000, 2.049999999999999822 ) ) ;
#943 = LINE ( 'NONE', #3213, #3095 ) ;
#944 = ORIENTED_EDGE ( 'NONE', *, *, #4026, .F. ) ;
#945 = VECTOR ( 'NONE', #481, 1000.000000000000000 ) ;
#946 = LINE ( 'NONE', #1944, #104 ) ;
#947 = VERTEX_POINT ( 'NONE', #529 ) ;
#948 = DIRECTION ( 'NONE',  ( -0.0000000000000000000, 0.0000000000000000000, -1.000000000000000000 ) ) ;
#949 = VECTOR ( 'NONE', #3678, 1000.000000000000000 ) ;
#950 = ORIENTED_EDGE ( 'NONE', *, *, #980, .F. ) ;
#951 = DIRECTION ( 'NONE',  ( -0.0000000000000000000, -1.000000000000000000, 0.0000000000000000000 ) ) ;
#952 = CARTESIAN_POINT ( 'NONE',  ( 5.349999975562099941, 0.0000000000000000000, -0.1499999999999999944 ) ) ;
#953 = VECTOR ( 'NONE', #4167, 1000.000000000000000 ) ;
#954 = CARTESIAN_POINT ( 'NONE',  ( 1.999999975562100074, 2.055000000000000604, 1.300000000000000044 ) ) ;
#955 = DIRECTION ( 'NONE',  ( 0.7071067811865475727, 0.7071067811865475727, 0.0000000000000000000 ) ) ;
#956 = DIRECTION ( 'NONE',  ( 0.0000000000000000000, -0.0000000000000000000, 1.000000000000000000 ) ) ;
#957 = CARTESIAN_POINT ( 'NONE',  ( 1.599999975562099941, 0.0000000000000000000, -0.4499999999999990119 ) ) ;
#958 = ADVANCED_FACE ( 'NONE', ( #1828 ), #190, .F. ) ;
#959 = EDGE_LOOP ( 'NONE', ( #904, #2043, #495, #1743 ) ) ;
#960 = VECTOR ( 'NONE', #1097, 1000.000000000000000 ) ;
#961 = VERTEX_POINT ( 'NONE', #1854 ) ;
#962 = ADVANCED_FACE ( 'NONE', ( #3175 ), #3882, .T. ) ;
#963 = ADVANCED_FACE ( 'NONE', ( #1288 ), #3273, .T. ) ;
#964 = SURFACE_STYLE_FILL_AREA ( #2580 ) ;
#965 = DIRECTION ( 'NONE',  ( -0.7071067811865470176, 0.7071067811865480168, 0.0000000000000000000 ) ) ;
#966 = CARTESIAN_POINT ( 'NONE',  ( 1.599999975562099497, 6.200000000000001066, 0.8000000000000010436 ) ) ;
#967 = DIRECTION ( 'NONE',  ( -0.0000000000000000000, -1.000000000000000000, -0.0000000000000000000 ) ) ;
#968 = ORIENTED_EDGE ( 'NONE', *, *, #2226, .T. ) ;
#969 = UNCERTAINTY_MEASURE_WITH_UNIT (LENGTH_MEASURE( 1.000000000000000082E-05 ), #2270, 'distance_accuracy_value', 'NONE');
#970 = DIRECTION ( 'NONE',  ( -1.000000000000000000, 0.0000000000000000000, -1.441848083928770031E-16 ) ) ;
#971 = ORIENTED_EDGE ( 'NONE', *, *, #3967, .F. ) ;
#972 = EDGE_LOOP ( 'NONE', ( #1034, #3629, #3837, #1267 ) ) ;
#973 = VERTEX_POINT ( 'NONE', #2631 ) ;
#974 = FACE_OUTER_BOUND ( 'NONE', #3587, .T. ) ;
#975 = CARTESIAN_POINT ( 'NONE',  ( -6.950000024437909651, 0.0000000000000000000, 2.500000000000000000 ) ) ;
#976 = FACE_BOUND ( 'NONE', #2423, .T. ) ;
#977 = DIRECTION ( 'NONE',  ( -1.000000000000000000, 0.0000000000000000000, 0.0000000000000000000 ) ) ;
#978 = ORIENTED_EDGE ( 'NONE', *, *, #2544, .F. ) ;
#979 = DIRECTION ( 'NONE',  ( 1.000000000000000000, -0.0000000000000000000, -3.535742116640630070E-17 ) ) ;
#980 = EDGE_CURVE ( 'NONE', #3198, #99, #2259, .T. ) ;
#981 = FACE_OUTER_BOUND ( 'NONE', #625, .T. ) ;
#982 = LINE ( 'NONE', #1002, #3015 ) ;
#983 = DIRECTION ( 'NONE',  ( 0.0000000000000000000, -0.7071067811865480168, 0.7071067811865470176 ) ) ;
#984 = ADVANCED_FACE ( 'NONE', ( #3582 ), #2934, .T. ) ;
#985 = ORIENTED_EDGE ( 'NONE', *, *, #3891, .F. ) ;
#986 = ORIENTED_EDGE ( 'NONE', *, *, #1731, .T. ) ;
#987 = CYLINDRICAL_SURFACE ( 'NONE', #174, 0.2999999999999999334 ) ;
#988 = EDGE_CURVE ( 'NONE', #3885, #838, #651, .T. ) ;
#989 =( NAMED_UNIT ( * ) PLANE_ANGLE_UNIT ( ) SI_UNIT ( $, .RADIAN. ) );
#990 = EDGE_CURVE ( 'NONE', #3283, #4010, #2957, .T. ) ;
#991 = ORIENTED_EDGE ( 'NONE', *, *, #381, .T. ) ;
#992 = VERTEX_POINT ( 'NONE', #1264 ) ;
#993 = ORIENTED_EDGE ( 'NONE', *, *, #3715, .F. ) ;
#994 = DIRECTION ( 'NONE',  ( 0.5773502691896266192, 0.5773502691896253980, -0.5773502691896251759 ) ) ;
#995 = DIRECTION ( 'NONE',  ( 0.0000000000000000000, 0.0000000000000000000, -1.000000000000000000 ) ) ;
#996 = DIRECTION ( 'NONE',  ( 0.5000000000000018874, -0.8660254037844374864, 0.0000000000000000000 ) ) ;
#997 = CYLINDRICAL_SURFACE ( 'NONE', #4059, 0.09999999999999982514 ) ;
#998 = DIRECTION ( 'NONE',  ( -2.220446049250310123E-16, 0.0000000000000000000, 1.000000000000000000 ) ) ;
#999 = CARTESIAN_POINT ( 'NONE',  ( -6.950000024437910540, 0.0000000000000000000, 2.399999999999999911 ) ) ;
#1000 = COLOUR_RGB ( '',0.9529411764705881804, 0.8980392156862745390, 0.6549019607843137303 ) ;
#1001 = CARTESIAN_POINT ( 'NONE',  ( 7.025080474566115285, -1.500000000000000000, 3.083617270247900777 ) ) ;
#1002 = CARTESIAN_POINT ( 'NONE',  ( -5.350000024437900237, 2.055000000000000604, 0.1499999999999999944 ) ) ;
#1003 = DIRECTION ( 'NONE',  ( 0.0000000000000000000, -0.0000000000000000000, 1.000000000000000000 ) ) ;
#1004 = VECTOR ( 'NONE', #3706, 1000.000000000000000 ) ;
#1005 = AXIS2_PLACEMENT_3D ( 'NONE', #3297, #53, #2346 ) ;
#1006 = VERTEX_POINT ( 'NONE', #2873 ) ;
#1007 = LINE ( 'NONE', #3002, #3280 ) ;
#1008 = EDGE_CURVE ( 'NONE', #2984, #2306, #1220, .T. ) ;
#1009 = VECTOR ( 'NONE', #1609, 1000.000000000000000 ) ;
#1010 = FILL_AREA_STYLE ('',( #3971 ) ) ;
#1011 = ORIENTED_EDGE ( 'NONE', *, *, #2472, .T. ) ;
#1012 = AXIS2_PLACEMENT_3D ( 'NONE', #3574, #2626, #1282 ) ;
#1013 = EDGE_CURVE ( 'NONE', #1431, #947, #2302, .T. ) ;
#1014 = ORIENTED_EDGE ( 'NONE', *, *, #3689, .T. ) ;
#1015 = EDGE_CURVE ( 'NONE', #1250, #514, #3487, .T. ) ;
#1016 = ORIENTED_EDGE ( 'NONE', *, *, #85, .F. ) ;
#1017 = MECHANICAL_DESIGN_GEOMETRIC_PRESENTATION_REPRESENTATION (  '', ( #3160 ), #599 ) ;
#1018 = DIRECTION ( 'NONE',  ( 0.0000000000000000000, 0.0000000000000000000, -1.000000000000000000 ) ) ;
#1019 = AXIS2_PLACEMENT_3D ( 'NONE', #2237, #2837, #251 ) ;
#1020 = CARTESIAN_POINT ( 'NONE',  ( 1.549999975562099896, -5.900000000000000355, -1.449999999999999956 ) ) ;
#1021 = DIRECTION ( 'NONE',  ( 0.0000000000000000000, 0.0000000000000000000, 1.000000000000000000 ) ) ;
#1022 = CARTESIAN_POINT ( 'NONE',  ( -1.550000024437899970, -5.380384757729339995, 0.8499999999999999778 ) ) ;
#1023 = CARTESIAN_POINT ( 'NONE',  ( 1.549999975562099896, -1.500000000000000000, 0.8499999999999999778 ) ) ;
#1024 = DIRECTION ( 'NONE',  ( -0.0000000000000000000, 0.0000000000000000000, -1.000000000000000000 ) ) ;
#1025 = VECTOR ( 'NONE', #1560, 999.9999999999998863 ) ;
#1026 = CARTESIAN_POINT ( 'NONE',  ( 7.549999975562101895, -1.500000000000000222, 2.444417494110348255 ) ) ;
#1027 = CARTESIAN_POINT ( 'NONE',  ( -2.450000024437899437, -5.380384757729339995, -0.8499999999999998668 ) ) ;
#1028 = FACE_OUTER_BOUND ( 'NONE', #210, .T. ) ;
#1029 = VECTOR ( 'NONE', #3524, 1000.000000000000000 ) ;
#1030 = ORIENTED_EDGE ( 'NONE', *, *, #1968, .F. ) ;
#1031 = ORIENTED_EDGE ( 'NONE', *, *, #3048, .T. ) ;
#1032 = CARTESIAN_POINT ( 'NONE',  ( -6.950000024437909651, 6.400000000000000355, -2.399999999999999911 ) ) ;
#1033 = ORIENTED_EDGE ( 'NONE', *, *, #4239, .T. ) ;
#1034 = ORIENTED_EDGE ( 'NONE', *, *, #2948, .F. ) ;
#1035 = ORIENTED_EDGE ( 'NONE', *, *, #1331, .F. ) ;
#1036 = EDGE_CURVE ( 'NONE', #1187, #3307, #2914, .T. ) ;
#1037 = DIRECTION ( 'NONE',  ( 0.0000000000000000000, 0.0000000000000000000, 1.000000000000000000 ) ) ;
#1038 = ORIENTED_EDGE ( 'NONE', *, *, #1749, .F. ) ;
#1039 = DIRECTION ( 'NONE',  ( 0.0000000000000000000, -1.000000000000000000, 0.0000000000000000000 ) ) ;
#1040 = DIRECTION ( 'NONE',  ( 1.000000000000000000, 0.0000000000000000000, 0.0000000000000000000 ) ) ;
#1041 = FACE_OUTER_BOUND ( 'NONE', #2234, .T. ) ;
#1042 = CARTESIAN_POINT ( 'NONE',  ( -2.600000024437899793, 6.400000000000000355, -0.4499999999999990119 ) ) ;
#1043 = CARTESIAN_POINT ( 'NONE',  ( 1.999999975562100074, -1.500000000000000000, 1.149999999999999911 ) ) ;
#1044 = CARTESIAN_POINT ( 'NONE',  ( 7.128312721677733776, -1.500000000000000000, 3.042660445867652275 ) ) ;
#1045 = MANIFOLD_SOLID_BREP ( 'K\X\F6rper6', #1903 ) ;
#1046 = CARTESIAN_POINT ( 'NONE',  ( 7.435786413189004129, -1.199999999999999956, 3.399999999999999467 ) ) ;
#1047 = CARTESIAN_POINT ( 'NONE',  ( 1.999999975562100074, 2.055000000000000604, 1.000000000000000000 ) ) ;
#1048 = ORIENTED_EDGE ( 'NONE', *, *, #2177, .T. ) ;
#1049 = CARTESIAN_POINT ( 'NONE',  ( 6.849999975562100829, -1.199999999999999956, -3.099999999999999645 ) ) ;
#1050 = DIRECTION ( 'NONE',  ( -0.8660254037844387076, -0.4999999999999998335, 0.0000000000000000000 ) ) ;
#1051 = EDGE_LOOP ( 'NONE', ( #2218, #3590 ) ) ;
#1052 = ORIENTED_EDGE ( 'NONE', *, *, #882, .F. ) ;
#1053 = EDGE_LOOP ( 'NONE', ( #527, #1576, #2481, #3050 ) ) ;
#1054 = DIRECTION ( 'NONE',  ( 0.0000000000000000000, -0.0000000000000000000, 1.000000000000000000 ) ) ;
#1055 = VERTEX_POINT ( 'NONE', #915 ) ;
#1056 = ADVANCED_FACE ( 'NONE', ( #1890 ), #3535, .F. ) ;
#1057 = DIRECTION ( 'NONE',  ( 0.0000000000000000000, 0.0000000000000000000, 1.000000000000000000 ) ) ;
#1058 = LINE ( 'NONE', #3980, #587 ) ;
#1059 = EDGE_CURVE ( 'NONE', #3309, #3342, #3237, .T. ) ;
#1060 = CARTESIAN_POINT ( 'NONE',  ( -6.850000024437910007, 0.0000000000000000000, -2.499999999999999112 ) ) ;
#1061 = DIRECTION ( 'NONE',  ( 1.000000000000000000, 0.0000000000000000000, 0.0000000000000000000 ) ) ;
#1062 = CARTESIAN_POINT ( 'NONE',  ( 1.999999975562100074, -1.500000000000000000, 1.300000000000000044 ) ) ;
#1063 = EDGE_CURVE ( 'NONE', #99, #514, #1100, .T. ) ;
#1064 = FACE_OUTER_BOUND ( 'NONE', #3287, .T. ) ;
#1065 = LINE ( 'NONE', #3691, #3834 ) ;
#1066 = EDGE_CURVE ( 'NONE', #913, #689, #1065, .T. ) ;
#1067 = AXIS2_PLACEMENT_3D ( 'NONE', #646, #2001, #3034 ) ;
#1068 = DIRECTION ( 'NONE',  ( -1.000000000000000000, 0.0000000000000000000, -1.441848083928770031E-16 ) ) ;
#1069 = ORIENTED_EDGE ( 'NONE', *, *, #884, .T. ) ;
#1070 = VECTOR ( 'NONE', #4016, 1000.000000000000000 ) ;
#1071 = ORIENTED_EDGE ( 'NONE', *, *, #196, .T. ) ;
#1072 = PRODUCT_DEFINITION_SHAPE ( 'NONE', 'NONE',  #4165 ) ;
#1073 = CARTESIAN_POINT ( 'NONE',  ( -2.443790503292580154E-08, 6.400000000000000355, 0.6000000101824610743 ) ) ;
#1074 =( GEOMETRIC_REPRESENTATION_CONTEXT ( 3 ) GLOBAL_UNCERTAINTY_ASSIGNED_CONTEXT ( ( #1919 ) ) GLOBAL_UNIT_ASSIGNED_CONTEXT ( ( #185, #206, #1441 ) ) REPRESENTATION_CONTEXT ( 'NONE', 'WORKASPACE' ) );
#1075 = CIRCLE ( 'NONE', #3492, 0.1499999999999999667 ) ;
#1076 = VERTEX_POINT ( 'NONE', #1720 ) ;
#1077 = VECTOR ( 'NONE', #2960, 1000.000000000000114 ) ;
#1078 = EDGE_LOOP ( 'NONE', ( #4019, #1706, #2964, #2136 ) ) ;
#1079 = AXIS2_PLACEMENT_3D ( 'NONE', #2830, #3206, #2513 ) ;
#1080 = CARTESIAN_POINT ( 'NONE',  ( -1.500000024437899926, 6.299999999999999822, -0.09999999999999939493 ) ) ;
#1081 = ORIENTED_EDGE ( 'NONE', *, *, #2735, .T. ) ;
#1082 = DIRECTION ( 'NONE',  ( 0.0000000000000000000, 0.0000000000000000000, -1.000000000000000000 ) ) ;
#1083 = CARTESIAN_POINT ( 'NONE',  ( -1.550000024437899970, -1.500000000000000000, -1.449999999999999956 ) ) ;
#1084 = LINE ( 'NONE', #2736, #2410 ) ;
#1085 = CARTESIAN_POINT ( 'NONE',  ( -1.850000024437900237, -5.900000000000000355, 1.449999999999999956 ) ) ;
#1086 = CARTESIAN_POINT ( 'NONE',  ( -6.250000024437899704, 6.200000000000001066, 0.3999999977648260319 ) ) ;
#1087 = FACE_OUTER_BOUND ( 'NONE', #1272, .T. ) ;
#1088 = FILL_AREA_STYLE ('',( #54 ) ) ;
#1089 = CARTESIAN_POINT ( 'NONE',  ( 7.849999975562099053, -1.375735931288071257, 2.985786437626904100 ) ) ;
#1090 = EDGE_CURVE ( 'NONE', #922, #734, #2411, .T. ) ;
#1091 = LINE ( 'NONE', #2434, #1159 ) ;
#1092 = VERTEX_POINT ( 'NONE', #1327 ) ;
#1093 = ADVANCED_FACE ( 'NONE', ( #3985 ), #2045, .T. ) ;
#1094 = VECTOR ( 'NONE', #3546, 1000.000000000000000 ) ;
#1095 = VERTEX_POINT ( 'NONE', #1394 ) ;
#1096 = CARTESIAN_POINT ( 'NONE',  ( -2.450000024437899881, -1.500000000000000000, 1.449999999999999956 ) ) ;
#1097 = DIRECTION ( 'NONE',  ( 1.000000000000000000, 0.0000000000000000000, -0.0000000000000000000 ) ) ;
#1098 = AXIS2_PLACEMENT_3D ( 'NONE', #3730, #1390, #1590 ) ;
#1099 = ORIENTED_EDGE ( 'NONE', *, *, #2925, .F. ) ;
#1100 = B_SPLINE_CURVE_WITH_KNOTS ( 'NONE', 3,
 ( #1674, #1026, #1656, #2673, #3062, #1371, #2699, #679, #4011, #2980, #27, #3359, #1044, #1001, #3041, #2367 ),
 .UNSPECIFIED., .F., .F.,
 ( 4, 1, 2, 2, 2, 1, 2, 2, 4 ),
 ( 0.0000000000000000000, 0.1250000000000021372, 0.1875000000000028033, 0.2500000000000034972, 0.5000000000000039968, 0.6250000000000042188, 0.6875000000000046629, 0.7500000000000049960, 1.000000000000000000 ),
 .UNSPECIFIED. ) ;
#1101 = CARTESIAN_POINT ( 'NONE',  ( 4.249999975562100296, 6.400000000000000355, -0.4499999999999990119 ) ) ;
#1102 = ORIENTED_EDGE ( 'NONE', *, *, #1113, .T. ) ;
#1103 = CARTESIAN_POINT ( 'NONE',  ( 7.849999975562099053, -1.375735931288071034, -2.985786437626904100 ) ) ;
#1104 = CARTESIAN_POINT ( 'NONE',  ( -7.550000024437900414, -1.199999999999999956, -2.399999999999999467 ) ) ;
#1105 = DIRECTION ( 'NONE',  ( -0.0000000000000000000, 0.0000000000000000000, -1.000000000000000000 ) ) ;
#1106 = LINE ( 'NONE', #140, #3990 ) ;
#1107 = DIRECTION ( 'NONE',  ( 0.0000000000000000000, -1.000000000000000000, -0.0000000000000000000 ) ) ;
#1108 = CARTESIAN_POINT ( 'NONE',  ( 6.849999975562099941, 0.0000000000000000000, 2.399999999999999911 ) ) ;
#1109 = DIRECTION ( 'NONE',  ( 0.0000000000000000000, 0.0000000000000000000, 1.000000000000000000 ) ) ;
#1110 = CARTESIAN_POINT ( 'NONE',  ( -5.050000024437900414, -5.380384757729339995, 0.4499999999999979572 ) ) ;
#1111 = ORIENTED_EDGE ( 'NONE', *, *, #798, .F. ) ;
#1112 = ORIENTED_EDGE ( 'NONE', *, *, #94, .F. ) ;
#1113 = EDGE_CURVE ( 'NONE', #1118, #770, #2664, .T. ) ;
#1114 = LINE ( 'NONE', #4153, #583 ) ;
#1115 = DIRECTION ( 'NONE',  ( -1.000000000000000000, 0.0000000000000000000, -2.220446049250310123E-16 ) ) ;
#1116 = EDGE_CURVE ( 'NONE', #751, #268, #2006, .T. ) ;
#1117 = FACE_OUTER_BOUND ( 'NONE', #1680, .T. ) ;
#1118 = VERTEX_POINT ( 'NONE', #11 ) ;
#1119 = ADVANCED_FACE ( 'NONE', ( #339 ), #2388, .T. ) ;
#1120 = ORIENTED_EDGE ( 'NONE', *, *, #668, .F. ) ;
#1121 = EDGE_CURVE ( 'NONE', #3953, #1313, #313, .T. ) ;
#1122 = DIRECTION ( 'NONE',  ( -0.0000000000000000000, -1.000000000000000000, 0.0000000000000000000 ) ) ;
#1123 = ORIENTED_EDGE ( 'NONE', *, *, #1860, .F. ) ;
#1124 = CARTESIAN_POINT ( 'NONE',  ( -1.550000024437899970, -1.500000000000000000, 1.449999999999999956 ) ) ;
#1125 = CYLINDRICAL_SURFACE ( 'NONE', #1562, 1.000000000000000000 ) ;
#1126 = FACE_OUTER_BOUND ( 'NONE', #2183, .T. ) ;
#1127 = CARTESIAN_POINT ( 'NONE',  ( -6.850000024437910007, 0.0000000000000000000, 2.399999999999999911 ) ) ;
#1128 = DIRECTION ( 'NONE',  ( 0.0000000000000000000, -1.000000000000000000, 0.0000000000000000000 ) ) ;
#1129 = CARTESIAN_POINT ( 'NONE',  ( -0.8000000244379049663, 6.299999999999999822, 2.149999999999999911 ) ) ;
#1130 = FACE_OUTER_BOUND ( 'NONE', #3976, .T. ) ;
#1131 = DIRECTION ( 'NONE',  ( -2.220446049250310123E-16, 0.0000000000000000000, 1.000000000000000000 ) ) ;
#1132 = VERTEX_POINT ( 'NONE', #424 ) ;
#1133 = ORIENTED_EDGE ( 'NONE', *, *, #2419, .F. ) ;
#1134 = VECTOR ( 'NONE', #112, 1000.000000000000000 ) ;
#1135 = CARTESIAN_POINT ( 'NONE',  ( 6.959938877341807384, -1.500000000000000000, -3.093856476342963013 ) ) ;
#1136 = CARTESIAN_POINT ( 'NONE',  ( -6.950000024437909651, 6.400000000000000355, -0.4499999999999990119 ) ) ;
#1137 = VECTOR ( 'NONE', #3968, 1000.000000000000000 ) ;
#1138 = ORIENTED_EDGE ( 'NONE', *, *, #1522, .T. ) ;
#1139 = EDGE_CURVE ( 'NONE', #2690, #920, #3144, .T. ) ;
#1140 = AXIS2_PLACEMENT_3D ( 'NONE', #1108, #121, #2450 ) ;
#1141 = VERTEX_POINT ( 'NONE', #3017 ) ;
#1142 = LINE ( 'NONE', #3118, #3173 ) ;
#1143 = VECTOR ( 'NONE', #3057, 1000.000000000000000 ) ;
#1144 = EDGE_LOOP ( 'NONE', ( #3221, #881, #2549, #2163 ) ) ;
#1145 = EDGE_CURVE ( 'NONE', #1553, #170, #2347, .T. ) ;
#1146 = FACE_OUTER_BOUND ( 'NONE', #3174, .T. ) ;
#1147 = DIRECTION ( 'NONE',  ( -1.000000000000000000, 3.725290407942240194E-09, -3.725290407942245157E-09 ) ) ;
#1148 = AXIS2_PLACEMENT_3D ( 'NONE', #340, #3673, #30 ) ;
#1149 = APPLICATION_PROTOCOL_DEFINITION ( 'draft international standard', 'automotive_design', 1998, #1942 ) ;
#1150 =( NAMED_UNIT ( * ) PLANE_ANGLE_UNIT ( ) SI_UNIT ( $, .RADIAN. ) );
#1151 = CARTESIAN_POINT ( 'NONE',  ( -4.000000024437910362, 6.400000000000000355, -3.399999999999999911 ) ) ;
#1152 = AXIS2_PLACEMENT_3D ( 'NONE', #2849, #1908, #3531 ) ;
#1153 = CARTESIAN_POINT ( 'NONE',  ( -4.000000024437910362, 0.0000000000000000000, -3.399999999999999911 ) ) ;
#1154 = MECHANICAL_DESIGN_GEOMETRIC_PRESENTATION_REPRESENTATION (  '', ( #3915 ), #2261 ) ;
#1155 = LINE ( 'NONE', #2155, #3086 ) ;
#1156 = CARTESIAN_POINT ( 'NONE',  ( 5.649999975562099763, -1.500000000000000000, 0.4499999999999980127 ) ) ;
#1157 = ORIENTED_EDGE ( 'NONE', *, *, #3769, .T. ) ;
#1158 = ORIENTED_EDGE ( 'NONE', *, *, #3317, .T. ) ;
#1159 = VECTOR ( 'NONE', #2478, 1000.000000000000000 ) ;
#1160 = LINE ( 'NONE', #1465, #4180 ) ;
#1161 = CARTESIAN_POINT ( 'NONE',  ( 5.349999975562099941, -1.500000000000000000, 0.1499999999999999944 ) ) ;
#1162 = AXIS2_PLACEMENT_3D ( 'NONE', #2890, #852, #4209 ) ;
#1163 = VERTEX_POINT ( 'NONE', #3672 ) ;
#1164 = VECTOR ( 'NONE', #1973, 1000.000000000000000 ) ;
#1165 = VERTEX_POINT ( 'NONE', #96 ) ;
#1166 = VERTEX_POINT ( 'NONE', #699 ) ;
#1167 = CARTESIAN_POINT ( 'NONE',  ( 7.435786413189005017, -1.375735931288071034, -3.399999999999999467 ) ) ;
#1168 = EDGE_CURVE ( 'NONE', #814, #2376, #1415, .T. ) ;
#1169 = CARTESIAN_POINT ( 'NONE',  ( 3.124999971650539887, 6.200000011641533249, 0.3999999972991650776 ) ) ;
#1170 = MANIFOLD_SOLID_BREP ( 'K\X\F6rper4', #2186 ) ;
#1171 = B_SPLINE_CURVE_WITH_KNOTS ( 'NONE', 3,
 ( #1750, #3070, #554, #4158, #824, #1186, #537, #4137, #176, #886, #2145, #1839, #2858, #216, #3828, #2187 ),
 .UNSPECIFIED., .F., .F.,
 ( 4, 1, 2, 2, 2, 1, 2, 2, 4 ),
 ( 0.0000000000000000000, 0.1250000000000001388, 0.1874999999999989730, 0.2499999999999978351, 0.4999999999999974465, 0.6249999999999972244, 0.6874999999999973355, 0.7499999999999973355, 1.000000000000000000 ),
 .UNSPECIFIED. ) ;
#1172 = EDGE_CURVE ( 'NONE', #276, #3849, #1801, .T. ) ;
#1173 = DIRECTION ( 'NONE',  ( -1.000000000000000000, 0.0000000000000000000, -0.0000000000000000000 ) ) ;
#1174 = PLANE ( 'NONE',  #2965 ) ;
#1175 = DIRECTION ( 'NONE',  ( -1.000000000000000000, 0.0000000000000000000, 0.0000000000000000000 ) ) ;
#1176 = CARTESIAN_POINT ( 'NONE',  ( -1.550000024437899970, -1.500000000000000000, -0.8499999999999999778 ) ) ;
#1177 = EDGE_CURVE ( 'NONE', #3913, #4074, #1691, .T. ) ;
#1178 = CARTESIAN_POINT ( 'NONE',  ( -1.550000024437899970, -1.500000000000000000, -1.149999999999999911 ) ) ;
#1179 = FACE_OUTER_BOUND ( 'NONE', #1765, .T. ) ;
#1180 = ORIENTED_EDGE ( 'NONE', *, *, #3425, .F. ) ;
#1181 = LINE ( 'NONE', #1531, #3775 ) ;
#1182 = FACE_OUTER_BOUND ( 'NONE', #4157, .T. ) ;
#1183 = DIRECTION ( 'NONE',  ( 0.0000000000000000000, -1.000000000000000000, 0.0000000000000000000 ) ) ;
#1184 = EDGE_LOOP ( 'NONE', ( #683, #1530, #417, #4069, #1204, #3055 ) ) ;
#1185 = ORIENTED_EDGE ( 'NONE', *, *, #1145, .F. ) ;
#1186 = CARTESIAN_POINT ( 'NONE',  ( -7.085275630510649236, -1.500000000000000222, 3.059696985259410251 ) ) ;
#1187 = VERTEX_POINT ( 'NONE', #3486 ) ;
#1188 = DIRECTION ( 'NONE',  ( 0.0000000000000000000, -1.000000000000000000, 0.0000000000000000000 ) ) ;
#1189 = CARTESIAN_POINT ( 'NONE',  ( 0.0000000000000000000, 0.0000000000000000000, 0.0000000000000000000 ) ) ;
#1190 = DIRECTION ( 'NONE',  ( 0.0000000000000000000, 0.0000000000000000000, -1.000000000000000000 ) ) ;
#1191 = EDGE_CURVE ( 'NONE', #1794, #3554, #2154, .T. ) ;
#1192 = CARTESIAN_POINT ( 'NONE',  ( -7.435786462064815083, -1.375735931288071257, -3.399999999999999467 ) ) ;
#1193 = EDGE_CURVE ( 'NONE', #3147, #1269, #2091, .T. ) ;
#1194 = DIRECTION ( 'NONE',  ( -0.0000000000000000000, -1.000000000000000000, -0.0000000000000000000 ) ) ;
#1195 = DIRECTION ( 'NONE',  ( 1.000000000000000000, 0.0000000000000000000, -0.0000000000000000000 ) ) ;
#1196 = ADVANCED_FACE ( 'NONE', ( #443 ), #2475, .T. ) ;
#1197 = EDGE_LOOP ( 'NONE', ( #3328, #177, #1660, #3194 ) ) ;
#1198 = VERTEX_POINT ( 'NONE', #3428 ) ;
#1199 = EDGE_CURVE ( 'NONE', #1446, #4261, #466, .T. ) ;
#1200 = DIRECTION ( 'NONE',  ( 0.0000000000000000000, 0.0000000000000000000, 1.000000000000000000 ) ) ;
#1201 = DIRECTION ( 'NONE',  ( 0.0000000000000000000, -0.0000000000000000000, 1.000000000000000000 ) ) ;
#1202 = DIRECTION ( 'NONE',  ( 0.0000000000000000000, 0.0000000000000000000, -1.000000000000000000 ) ) ;
#1203 = EDGE_LOOP ( 'NONE', ( #478, #944, #3277, #2454, #83, #3069 ) ) ;
#1204 = ORIENTED_EDGE ( 'NONE', *, *, #3104, .T. ) ;
#1205 = VECTOR ( 'NONE', #3443, 1000.000000000000000 ) ;
#1206 = ORIENTED_EDGE ( 'NONE', *, *, #3548, .T. ) ;
#1207 = ORIENTED_EDGE ( 'NONE', *, *, #1066, .T. ) ;
#1208 = AXIS2_PLACEMENT_3D ( 'NONE', #652, #2894, #568 ) ;
#1209 = CARTESIAN_POINT ( 'NONE',  ( -1.550000024437899970, -1.500000000000000000, 0.8499999999999999778 ) ) ;
#1210 = VECTOR ( 'NONE', #4099, 1000.000000000000000 ) ;
#1211 = LINE ( 'NONE', #1151, #1232 ) ;
#1212 = CARTESIAN_POINT ( 'NONE',  ( -7.725735955725981263, -1.499999999999999556, -2.912994231491118136 ) ) ;
#1213 = VECTOR ( 'NONE', #227, 1000.000000000000000 ) ;
#1214 = CARTESIAN_POINT ( 'NONE',  ( -5.650000024437900059, -1.500000000000000000, 0.4499999999999979017 ) ) ;
#1215 = CARTESIAN_POINT ( 'NONE',  ( -2.000000024437909918, -1.500000000000000000, 1.300000000000000044 ) ) ;
#1216 = CARTESIAN_POINT ( 'NONE',  ( -5.650000024437900059, -1.500000000000000000, -0.4500000000000019540 ) ) ;
#1217 = VECTOR ( 'NONE', #355, 1000.000000000000000 ) ;
#1218 = ORIENTED_EDGE ( 'NONE', *, *, #988, .F. ) ;
#1219 = ORIENTED_EDGE ( 'NONE', *, *, #1937, .F. ) ;
#1220 = LINE ( 'NONE', #2607, #794 ) ;
#1221 = AXIS2_PLACEMENT_3D ( 'NONE', #3101, #462, #806 ) ;
#1222 = ADVANCED_FACE ( 'NONE', ( #1782 ), #3106, .T. ) ;
#1223 = CARTESIAN_POINT ( 'NONE',  ( -2.443790392270270082E-08, 0.0000000000000000000, 3.399999999999999911 ) ) ;
#1224 = FACE_OUTER_BOUND ( 'NONE', #749, .T. ) ;
#1225 = EDGE_CURVE ( 'NONE', #1918, #2797, #1835, .T. ) ;
#1226 = VECTOR ( 'NONE', #3988, 999.9999999999998863 ) ;
#1227 = VERTEX_POINT ( 'NONE', #810 ) ;
#1228 = ORIENTED_EDGE ( 'NONE', *, *, #1883, .T. ) ;
#1229 = AXIS2_PLACEMENT_3D ( 'NONE', #2538, #3192, #243 ) ;
#1230 = ORIENTED_EDGE ( 'NONE', *, *, #2600, .T. ) ;
#1231 = ORIENTED_EDGE ( 'NONE', *, *, #483, .T. ) ;
#1232 = VECTOR ( 'NONE', #222, 1000.000000000000000 ) ;
#1233 = CARTESIAN_POINT ( 'NONE',  ( 1.699999975562100030, -5.640192378864670175, -0.8499999999999998668 ) ) ;
#1234 = VECTOR ( 'NONE', #3382, 1000.000000000000000 ) ;
#1235 = LINE ( 'NONE', #3801, #750 ) ;
#1236 = CARTESIAN_POINT ( 'NONE',  ( -6.850000024437909119, -1.499999999999999778, -3.275735931288071612 ) ) ;
#1237 = DIRECTION ( 'NONE',  ( 0.0000000000000000000, 0.0000000000000000000, -1.000000000000000000 ) ) ;
#1238 = CARTESIAN_POINT ( 'NONE',  ( 1.999999975562100074, -1.500000000000000000, 1.000000000000000000 ) ) ;
#1239 = CARTESIAN_POINT ( 'NONE',  ( -5.350000024437900237, -5.900000000000000355, -0.1500000000000019929 ) ) ;
#1240 = VERTEX_POINT ( 'NONE', #3804 ) ;
#1241 = ORIENTED_EDGE ( 'NONE', *, *, #1382, .F. ) ;
#1242 = DIRECTION ( 'NONE',  ( 1.000000000000000000, 0.0000000000000000000, 0.0000000000000000000 ) ) ;
#1243 = LINE ( 'NONE', #2835, #269 ) ;
#1244 = FACE_OUTER_BOUND ( 'NONE', #1508, .T. ) ;
#1245 = ORIENTED_EDGE ( 'NONE', *, *, #4023, .T. ) ;
#1246 = ADVANCED_FACE ( 'NONE', ( #503 ), #2132, .T. ) ;
#1247 = ORIENTED_EDGE ( 'NONE', *, *, #3576, .T. ) ;
#1248 = DIRECTION ( 'NONE',  ( -1.000000000000000000, 0.0000000000000000000, 3.535742116640630070E-17 ) ) ;
#1249 = ADVANCED_FACE ( 'NONE', ( #2512 ), #2804, .F. ) ;
#1250 = VERTEX_POINT ( 'NONE', #1504 ) ;
#1251 = CARTESIAN_POINT ( 'NONE',  ( 6.849999975562099941, -1.500000000000000000, -3.100000000000000533 ) ) ;
#1252 = ORIENTED_EDGE ( 'NONE', *, *, #1275, .T. ) ;
#1253 = EDGE_CURVE ( 'NONE', #4152, #787, #4150, .T. ) ;
#1254 = VERTEX_POINT ( 'NONE', #2171 ) ;
#1255 = EDGE_CURVE ( 'NONE', #2808, #2272, #1848, .T. ) ;
#1256 = DIRECTION ( 'NONE',  ( 1.000000000000000000, 0.0000000000000000000, -0.0000000000000000000 ) ) ;
#1257 = CARTESIAN_POINT ( 'NONE',  ( -2.450000024437899881, -5.380384757729339995, 1.449999999999999956 ) ) ;
#1258 = DIRECTION ( 'NONE',  ( 1.000000000000000000, 0.0000000000000000000, -0.0000000000000000000 ) ) ;
#1259 = CARTESIAN_POINT ( 'NONE',  ( 5.649999975562099763, -1.500000000000000000, -0.4500000000000020095 ) ) ;
#1260 = FACE_OUTER_BOUND ( 'NONE', #3029, .T. ) ;
#1261 = CARTESIAN_POINT ( 'NONE',  ( -6.850000024437905566, 0.0000000000000000000, 3.400000000000000355 ) ) ;
#1262 = ORIENTED_EDGE ( 'NONE', *, *, #716, .F. ) ;
#1263 = ORIENTED_EDGE ( 'NONE', *, *, #2385, .F. ) ;
#1264 = CARTESIAN_POINT ( 'NONE',  ( 3.999999975562095411, 0.0000000000000000000, -3.399999999999999911 ) ) ;
#1265 = FACE_OUTER_BOUND ( 'NONE', #3418, .T. ) ;
#1266 = DIRECTION ( 'NONE',  ( 1.000000000000000000, 0.0000000000000000000, -0.0000000000000000000 ) ) ;
#1267 = ORIENTED_EDGE ( 'NONE', *, *, #2290, .T. ) ;
#1268 = DIRECTION ( 'NONE',  ( 0.0000000000000000000, 0.0000000000000000000, -1.000000000000000000 ) ) ;
#1269 = VERTEX_POINT ( 'NONE', #3268 ) ;
#1270 = DIRECTION ( 'NONE',  ( -0.0000000000000000000, 1.000000000000000000, -0.0000000000000000000 ) ) ;
#1271 = ORIENTED_EDGE ( 'NONE', *, *, #4242, .F. ) ;
#1272 = EDGE_LOOP ( 'NONE', ( #2528, #2467, #3680, #3659 ) ) ;
#1273 = CIRCLE ( 'NONE', #861, 0.1499999999999999667 ) ;
#1274 = DIRECTION ( 'NONE',  ( 0.0000000000000000000, -0.0000000000000000000, -1.000000000000000000 ) ) ;
#1275 = EDGE_CURVE ( 'NONE', #961, #3342, #3190, .T. ) ;
#1276 = DIRECTION ( 'NONE',  ( -0.0000000000000000000, 1.000000000000000000, -0.0000000000000000000 ) ) ;
#1277 = EDGE_CURVE ( 'NONE', #4035, #3675, #3559, .T. ) ;
#1278 = VECTOR ( 'NONE', #1242, 1000.000000000000000 ) ;
#1279 = CARTESIAN_POINT ( 'NONE',  ( -7.850000024437909119, -1.199999999999999956, -2.985786437626904100 ) ) ;
#1280 = DIRECTION ( 'NONE',  ( -0.7071067811865470176, -0.7071067811865480168, 0.0000000000000000000 ) ) ;
#1281 = VECTOR ( 'NONE', #3512, 1000.000000000000000 ) ;
#1282 = DIRECTION ( 'NONE',  ( 0.4999999999999998335, -0.8660254037844387076, 0.0000000000000000000 ) ) ;
#1283 = DIRECTION ( 'NONE',  ( 0.0000000000000000000, 1.000000000000000000, 0.0000000000000000000 ) ) ;
#1284 = ORIENTED_EDGE ( 'NONE', *, *, #1063, .F. ) ;
#1285 = VECTOR ( 'NONE', #1950, 1000.000000000000000 ) ;
#1286 = VECTOR ( 'NONE', #4120, 1000.000000000000000 ) ;
#1287 = ORIENTED_EDGE ( 'NONE', *, *, #1960, .T. ) ;
#1288 = FACE_OUTER_BOUND ( 'NONE', #2792, .T. ) ;
#1289 = CARTESIAN_POINT ( 'NONE',  ( -5.050000024437900414, -5.900000000000000355, -0.1500000000000017708 ) ) ;
#1290 = DIRECTION ( 'NONE',  ( 0.5000000000000014433, 0.8660254037844379305, 0.0000000000000000000 ) ) ;
#1291 = LINE ( 'NONE', #3276, #4201 ) ;
#1292 = ORIENTED_EDGE ( 'NONE', *, *, #2412, .F. ) ;
#1293 = PRESENTATION_LAYER_ASSIGNMENT (  '', '', ( #3160 ) ) ;
#1294 = PLANE ( 'NONE',  #3210 ) ;
#1295 = VERTEX_POINT ( 'NONE', #1884 ) ;
#1296 = VERTEX_POINT ( 'NONE', #910 ) ;
#1297 = VECTOR ( 'NONE', #1566, 1000.000000000000000 ) ;
#1298 = ORIENTED_EDGE ( 'NONE', *, *, #2126, .F. ) ;
#1299 = CARTESIAN_POINT ( 'NONE',  ( 2.149999975562100207, -5.900000000000000355, 0.8499999999999998668 ) ) ;
#1300 = VECTOR ( 'NONE', #521, 1000.000000000000000 ) ;
#1301 = EDGE_CURVE ( 'NONE', #2590, #723, #2253, .T. ) ;
#1302 = PLANE ( 'NONE',  #3965 ) ;
#1303 = LINE ( 'NONE', #3833, #1004 ) ;
#1304 = EDGE_CURVE ( 'NONE', #814, #757, #225, .T. ) ;
#1305 = FACE_BOUND ( 'NONE', #2921, .T. ) ;
#1306 = LINE ( 'NONE', #2977, #820 ) ;
#1307 = DIRECTION ( 'NONE',  ( 0.0000000000000000000, 0.0000000000000000000, -1.000000000000000000 ) ) ;
#1308 = DIRECTION ( 'NONE',  ( 0.0000000000000000000, -1.000000000000000000, 0.0000000000000000000 ) ) ;
#1309 = ADVANCED_FACE ( 'NONE', ( #1907 ), #285, .F. ) ;
#1310 = DIRECTION ( 'NONE',  ( 0.0000000000000000000, 1.000000000000000000, 0.0000000000000000000 ) ) ;
#1311 = FACE_OUTER_BOUND ( 'NONE', #428, .T. ) ;
#1312 = CARTESIAN_POINT ( 'NONE',  ( -1.850000024437899793, -5.900000000000000355, 1.000000000000000000 ) ) ;
#1313 = VERTEX_POINT ( 'NONE', #1952 ) ;
#1314 = CARTESIAN_POINT ( 'NONE',  ( 2.449999975562100030, -5.380384757729339995, 1.449999999999999956 ) ) ;
#1315 = EDGE_LOOP ( 'NONE', ( #732, #3329, #3768, #1512 ) ) ;
#1316 =( NAMED_UNIT ( * ) PLANE_ANGLE_UNIT ( ) SI_UNIT ( $, .RADIAN. ) );
#1317 = EDGE_LOOP ( 'NONE', ( #490, #2283, #228, #1631 ) ) ;
#1318 = EDGE_LOOP ( 'NONE', ( #1859, #1014, #1484, #905 ) ) ;
#1319 = ORIENTED_EDGE ( 'NONE', *, *, #3526, .F. ) ;
#1320 = CARTESIAN_POINT ( 'NONE',  ( -2.400000024437900059, 0.0000000000000000000, 0.2500000000000000000 ) ) ;
#1321 = CARTESIAN_POINT ( 'NONE',  ( 1.549999975562099896, -1.500000000000000000, 0.8499999999999999778 ) ) ;
#1322 = LINE ( 'NONE', #975, #2741 ) ;
#1323 = DIRECTION ( 'NONE',  ( -0.0000000000000000000, -1.000000000000000000, -0.0000000000000000000 ) ) ;
#1324 = FACE_OUTER_BOUND ( 'NONE', #1332, .T. ) ;
#1325 = EDGE_CURVE ( 'NONE', #1313, #3953, #727, .T. ) ;
#1326 = PLANE ( 'NONE',  #520 ) ;
#1327 = CARTESIAN_POINT ( 'NONE',  ( 4.449999975562099586, 0.0000000000000000000, -0.3999999910593030616 ) ) ;
#1328 = LINE ( 'NONE', #3275, #2120 ) ;
#1329 = ADVANCED_FACE ( 'NONE', ( #870 ), #264, .F. ) ;
#1330 = CARTESIAN_POINT ( 'NONE',  ( 2.449999975562100030, -5.380384757729339995, -1.449999999999999956 ) ) ;
#1331 = EDGE_CURVE ( 'NONE', #1464, #3071, #581, .T. ) ;
#1332 = EDGE_LOOP ( 'NONE', ( #151, #2293, #1579, #312, #2035, #2028 ) ) ;
#1333 = DIRECTION ( 'NONE',  ( 1.000000000000000000, 0.0000000000000000000, -0.0000000000000000000 ) ) ;
#1334 = VERTEX_POINT ( 'NONE', #1624 ) ;
#1335 = VERTEX_POINT ( 'NONE', #2215 ) ;
#1336 = EDGE_LOOP ( 'NONE', ( #2015, #2417, #3641, #2636 ) ) ;
#1337 = EDGE_LOOP ( 'NONE', ( #2244, #3739, #1771, #637 ) ) ;
#1338 = CARTESIAN_POINT ( 'NONE',  ( -2.450000024437899437, -5.380384757729339995, 0.8499999999999998668 ) ) ;
#1339 = PLANE ( 'NONE',  #924 ) ;
#1340 = CARTESIAN_POINT ( 'NONE',  ( -1.400000024437900281, 6.400000000000000355, 2.250000000000000444 ) ) ;
#1341 = DIRECTION ( 'NONE',  ( 0.0000000000000000000, 1.000000000000000000, 0.0000000000000000000 ) ) ;
#1342 = VECTOR ( 'NONE', #3291, 1000.000000000000000 ) ;
#1343 = FACE_OUTER_BOUND ( 'NONE', #2206, .T. ) ;
#1344 = DIRECTION ( 'NONE',  ( 1.000000000000000000, -0.0000000000000000000, 0.0000000000000000000 ) ) ;
#1345 = MECHANICAL_DESIGN_GEOMETRIC_PRESENTATION_REPRESENTATION (  '', ( #3078 ), #2182 ) ;
#1346 = DIRECTION ( 'NONE',  ( -0.0000000000000000000, -1.000000000000000000, -0.0000000000000000000 ) ) ;
#1347 = CARTESIAN_POINT ( 'NONE',  ( -2.443790503292580154E-08, 0.0000000000000000000, -3.399999999999999911 ) ) ;
#1348 = CARTESIAN_POINT ( 'NONE',  ( 2.399999975562100207, 0.0000000000000000000, 2.049999999999999822 ) ) ;
#1349 = AXIS2_PLACEMENT_3D ( 'NONE', #3530, #955, #563 ) ;
#1350 = ORIENTED_EDGE ( 'NONE', *, *, #219, .T. ) ;
#1351 = ORIENTED_EDGE ( 'NONE', *, *, #3130, .F. ) ;
#1352 = EDGE_CURVE ( 'NONE', #3695, #214, #2929, .T. ) ;
#1353 = DIRECTION ( 'NONE',  ( 0.0000000000000000000, 0.0000000000000000000, -1.000000000000000000 ) ) ;
#1354 = VECTOR ( 'NONE', #2777, 1000.000000000000000 ) ;
#1355 = ORIENTED_EDGE ( 'NONE', *, *, #3422, .F. ) ;
#1356 = ADVANCED_FACE ( 'NONE', ( #2951 ), #2887, .T. ) ;
#1357 = FACE_OUTER_BOUND ( 'NONE', #2456, .T. ) ;
#1358 = VERTEX_POINT ( 'NONE', #2556 ) ;
#1359 = ORIENTED_EDGE ( 'NONE', *, *, #3640, .F. ) ;
#1360 = ORIENTED_EDGE ( 'NONE', *, *, #2972, .T. ) ;
#1361 = CYLINDRICAL_SURFACE ( 'NONE', #4207, 0.09999999999999982514 ) ;
#1362 = EDGE_LOOP ( 'NONE', ( #68, #2435, #1642, #860 ) ) ;
#1363 = VECTOR ( 'NONE', #2073, 1000.000000000000000 ) ;
#1364 = CARTESIAN_POINT ( 'NONE',  ( 6.849999975562099941, 0.0000000000000000000, 3.399999999999999911 ) ) ;
#1365 = CARTESIAN_POINT ( 'NONE',  ( 2.399999975562100207, 6.400000000000000355, 2.049999999999999822 ) ) ;
#1366 = VECTOR ( 'NONE', #2431, 1000.000000000000000 ) ;
#1367 = DIRECTION ( 'NONE',  ( -0.7071067811865474617, 0.7071067811865474617, 0.0000000000000000000 ) ) ;
#1368 = FACE_BOUND ( 'NONE', #1197, .T. ) ;
#1369 = LINE ( 'NONE', #3040, #800 ) ;
#1370 = AXIS2_PLACEMENT_3D ( 'NONE', #3978, #645, #3289 ) ;
#1371 = CARTESIAN_POINT ( 'NONE',  ( 7.509696960821568901, -1.500000000000000666, 2.635275606072594368 ) ) ;
#1372 = LINE ( 'NONE', #4251, #2746 ) ;
#1373 = DIRECTION ( 'NONE',  ( -0.7071067811865475727, 0.7071067811865475727, 0.0000000000000000000 ) ) ;
#1374 = VECTOR ( 'NONE', #1467, 1000.000000000000000 ) ;
#1375 = ORIENTED_EDGE ( 'NONE', *, *, #3360, .T. ) ;
#1376 = LINE ( 'NONE', #2704, #1070 ) ;
#1377 = LINE ( 'NONE', #2420, #890 ) ;
#1378 = SURFACE_STYLE_USAGE ( .BOTH. , #2725 ) ;
#1379 = ADVANCED_FACE ( 'NONE', ( #2278 ), #3877, .T. ) ;
#1380 = ORIENTED_EDGE ( 'NONE', *, *, #693, .F. ) ;
#1381 = VERTEX_POINT ( 'NONE', #2230 ) ;
#1382 = EDGE_CURVE ( 'NONE', #3045, #2479, #2601, .T. ) ;
#1383 = ORIENTED_EDGE ( 'NONE', *, *, #2151, .F. ) ;
#1384 = EDGE_CURVE ( 'NONE', #4152, #1227, #3228, .T. ) ;
#1385 = FACE_OUTER_BOUND ( 'NONE', #3279, .T. ) ;
#1386 = VERTEX_POINT ( 'NONE', #2909 ) ;
#1387 = EDGE_CURVE ( 'NONE', #2882, #3033, #3920, .T. ) ;
#1388 = LINE ( 'NONE', #2037, #2238 ) ;
#1389 = DIRECTION ( 'NONE',  ( -1.000000000000000000, -0.0000000000000000000, 0.0000000000000000000 ) ) ;
#1390 = DIRECTION ( 'NONE',  ( -1.836970198721029688E-16, 0.0000000000000000000, 1.000000000000000000 ) ) ;
#1391 = DIRECTION ( 'NONE',  ( -1.000000000000000000, -0.0000000000000000000, -0.0000000000000000000 ) ) ;
#1392 = DIRECTION ( 'NONE',  ( 0.0000000000000000000, 1.000000000000000000, 0.0000000000000000000 ) ) ;
#1393 = CARTESIAN_POINT ( 'NONE',  ( -2.300000024437899970, -5.640192378864670175, 1.300000000000000266 ) ) ;
#1394 = CARTESIAN_POINT ( 'NONE',  ( 1.999999975562100074, -1.500000000000000000, -1.000000000000000000 ) ) ;
#1395 = PLANE ( 'NONE',  #3791 ) ;
#1396 = ORIENTED_EDGE ( 'NONE', *, *, #1970, .T. ) ;
#1397 = ORIENTED_EDGE ( 'NONE', *, *, #3023, .F. ) ;
#1398 = UNCERTAINTY_MEASURE_WITH_UNIT (LENGTH_MEASURE( 1.000000000000000082E-05 ), #81, 'distance_accuracy_value', 'NONE');
#1399 = DIRECTION ( 'NONE',  ( -1.000000000000000000, -0.0000000000000000000, -1.441848083928770031E-16 ) ) ;
#1400 = DIRECTION ( 'NONE',  ( 0.0000000000000000000, -0.0000000000000000000, 1.000000000000000000 ) ) ;
#1401 = ORIENTED_EDGE ( 'NONE', *, *, #4055, .T. ) ;
#1402 = VERTEX_POINT ( 'NONE', #4270 ) ;
#1403 = ORIENTED_EDGE ( 'NONE', *, *, #2019, .T. ) ;
#1404 = LINE ( 'NONE', #1772, #2480 ) ;
#1405 = ORIENTED_EDGE ( 'NONE', *, *, #3186, .F. ) ;
#1406 = CARTESIAN_POINT ( 'NONE',  ( 7.362994207053218609, -1.499999999999999778, -3.275735931288071168 ) ) ;
#1407 = EDGE_CURVE ( 'NONE', #386, #2479, #1303, .T. ) ;
#1408 = PLANE ( 'NONE',  #3977 ) ;
#1409 = CARTESIAN_POINT ( 'NONE',  ( -2.600000024437899793, 6.400000000000000355, 0.04999999999999988481 ) ) ;
#1410 = EDGE_CURVE ( 'NONE', #1092, #2165, #2361, .T. ) ;
#1411 = EDGE_CURVE ( 'NONE', #2199, #632, #335, .T. ) ;
#1412 = CARTESIAN_POINT ( 'NONE',  ( -1.600000024437900237, 0.0000000000000000000, -0.2500000000000000000 ) ) ;
#1413 = DIRECTION ( 'NONE',  ( 0.0000000000000000000, 0.0000000000000000000, -1.000000000000000000 ) ) ;
#1414 = CARTESIAN_POINT ( 'NONE',  ( 2.599999975562100385, 6.400000000000000355, 0.2500000000000000000 ) ) ;
#1415 = LINE ( 'NONE', #2024, #3081 ) ;
#1416 = CIRCLE ( 'NONE', #3770, 0.1499999999999999667 ) ;
#1417 = CARTESIAN_POINT ( 'NONE',  ( 7.849999975562098165, -1.199999999999999956, 2.985786437626904100 ) ) ;
#1418 = DIRECTION ( 'NONE',  ( -0.0000000000000000000, -1.000000000000000000, -0.0000000000000000000 ) ) ;
#1419 = ORIENTED_EDGE ( 'NONE', *, *, #4002, .F. ) ;
#1420 = VECTOR ( 'NONE', #314, 1000.000000000000000 ) ;
#1421 = EDGE_LOOP ( 'NONE', ( #2517, #588, #215, #2436 ) ) ;
#1422 = PLANE ( 'NONE',  #39 ) ;
#1423 = CARTESIAN_POINT ( 'NONE',  ( 1.599999975562099941, 0.0000000000000000000, -0.2500000000000000000 ) ) ;
#1424 = AXIS2_PLACEMENT_3D ( 'NONE', #2695, #2992, #353 ) ;
#1425 = CIRCLE ( 'NONE', #1837, 0.1499999999999999667 ) ;
#1426 = CARTESIAN_POINT ( 'NONE',  ( -2.600000024437899793, 6.400000000000000355, -2.250000000000000444 ) ) ;
#1427 = ORIENTED_EDGE ( 'NONE', *, *, #2659, .F. ) ;
#1428 = AXIS2_PLACEMENT_3D ( 'NONE', #2106, #2489, #803 ) ;
#1429 = ORIENTED_EDGE ( 'NONE', *, *, #3360, .F. ) ;
#1430 = LINE ( 'NONE', #3441, #3032 ) ;
#1431 = VERTEX_POINT ( 'NONE', #2298 ) ;
#1432 = CARTESIAN_POINT ( 'NONE',  ( 1.499999975562100296, 6.299999999999999822, 0.8000000000000010436 ) ) ;
#1433 = PRESENTATION_LAYER_ASSIGNMENT (  '', '', ( #3296 ) ) ;
#1434 = FACE_BOUND ( 'NONE', #1144, .T. ) ;
#1435 = CARTESIAN_POINT ( 'NONE',  ( -7.310954304610603138, -1.500000000000000000, -2.929047594526438481 ) ) ;
#1436 = CARTESIAN_POINT ( 'NONE',  ( -5.050000024437900414, -5.900000000000000355, -0.1500000000000019651 ) ) ;
#1437 = VECTOR ( 'NONE', #3932, 1000.000000000000000 ) ;
#1438 = EDGE_CURVE ( 'NONE', #3785, #3747, #23, .T. ) ;
#1439 = CARTESIAN_POINT ( 'NONE',  ( -2.400000024437900059, 6.400000000000000355, 0.2500000000000000000 ) ) ;
#1440 = EDGE_CURVE ( 'NONE', #386, #734, #1058, .T. ) ;
#1441 =( NAMED_UNIT ( * ) SI_UNIT ( $, .STERADIAN. ) SOLID_ANGLE_UNIT ( ) );
#1442 = VECTOR ( 'NONE', #1954, 1000.000000000000000 ) ;
#1443 = CARTESIAN_POINT ( 'NONE',  ( 7.549999975562101007, -1.499999999999999778, 2.399999999999999467 ) ) ;
#1444 = EDGE_LOOP ( 'NONE', ( #3934, #547, #3615, #843 ) ) ;
#1445 = AXIS2_PLACEMENT_3D ( 'NONE', #3643, #305, #1998 ) ;
#1446 = VERTEX_POINT ( 'NONE', #3685 ) ;
#1447 = EDGE_CURVE ( 'NONE', #2656, #1824, #1322, .T. ) ;
#1448 = CARTESIAN_POINT ( 'NONE',  ( 1.999999975562100074, 0.0000000000000000000, 1.000000000000000000 ) ) ;
#1449 = CARTESIAN_POINT ( 'NONE',  ( -2.400000024437900503, 6.200000000000001066, 0.8000000000000010436 ) ) ;
#1450 = ORIENTED_EDGE ( 'NONE', *, *, #29, .T. ) ;
#1451 = ORIENTED_EDGE ( 'NONE', *, *, #775, .T. ) ;
#1452 = LINE ( 'NONE', #797, #2273 ) ;
#1453 = ORIENTED_EDGE ( 'NONE', *, *, #2920, .T. ) ;
#1454 = CARTESIAN_POINT ( 'NONE',  ( 7.549999975562100119, -1.500000000000000222, -2.810050506338832577 ) ) ;
#1455 = CARTESIAN_POINT ( 'NONE',  ( -7.435786462064815083, -1.199999999999999956, 3.400000000000000355 ) ) ;
#1456 = FILL_AREA_STYLE ('',( #1755 ) ) ;
#1457 = DIRECTION ( 'NONE',  ( 0.0000000000000000000, 0.0000000000000000000, 1.000000000000000000 ) ) ;
#1458 = LINE ( 'NONE', #2384, #1784 ) ;
#1459 = DIRECTION ( 'NONE',  ( 0.0000000000000000000, 1.000000000000000000, 0.0000000000000000000 ) ) ;
#1460 = DIRECTION ( 'NONE',  ( 0.0000000000000000000, 0.8660254037844387076, -0.4999999999999998335 ) ) ;
#1461 = CARTESIAN_POINT ( 'NONE',  ( 7.725735906850172086, -1.499999999999999778, 2.399999999999999467 ) ) ;
#1462 = FACE_OUTER_BOUND ( 'NONE', #2350, .T. ) ;
#1463 = VERTEX_POINT ( 'NONE', #2644 ) ;
#1464 = VERTEX_POINT ( 'NONE', #711 ) ;
#1465 = CARTESIAN_POINT ( 'NONE',  ( -2.443790503292580154E-08, 6.400000000000000355, -2.500000000000000000 ) ) ;
#1466 = EDGE_CURVE ( 'NONE', #788, #914, #2317, .T. ) ;
#1467 = DIRECTION ( 'NONE',  ( -1.000000000000000000, 9.614813431917794430E-17, -1.665334536937731113E-16 ) ) ;
#1468 = DIRECTION ( 'NONE',  ( 0.0000000000000000000, 1.000000000000000000, 0.0000000000000000000 ) ) ;
#1469 = EDGE_CURVE ( 'NONE', #1833, #1605, #3958, .T. ) ;
#1470 = VERTEX_POINT ( 'NONE', #2038 ) ;
#1471 = ORIENTED_EDGE ( 'NONE', *, *, #2387, .T. ) ;
#1472 = CARTESIAN_POINT ( 'NONE',  ( -5.650000024437900059, -5.380384757729339995, -0.4500000000000020095 ) ) ;
#1473 = ORIENTED_EDGE ( 'NONE', *, *, #1407, .F. ) ;
#1474 = CARTESIAN_POINT ( 'NONE',  ( -2.450000024437899881, -1.500000000000000000, -1.449999999999999956 ) ) ;
#1475 = DIRECTION ( 'NONE',  ( -0.0000000000000000000, 0.0000000000000000000, -1.000000000000000000 ) ) ;
#1476 = PRODUCT_CONTEXT ( 'NONE', #1501, 'mechanical' ) ;
#1477 =( NAMED_UNIT ( * ) SI_UNIT ( $, .STERADIAN. ) SOLID_ANGLE_UNIT ( ) );
#1478 = LINE ( 'NONE', #1042, #888 ) ;
#1479 = FACE_OUTER_BOUND ( 'NONE', #4169, .T. ) ;
#1480 = DIRECTION ( 'NONE',  ( -1.000000000000000000, 0.0000000000000000000, -0.0000000000000000000 ) ) ;
#1481 = DIRECTION ( 'NONE',  ( -0.5000000000000022204, 0.8660254037844373753, 0.0000000000000000000 ) ) ;
#1482 = CARTESIAN_POINT ( 'NONE',  ( 5.349999975562099941, -1.500000000000000000, 0.0000000000000000000 ) ) ;
#1483 = ORIENTED_EDGE ( 'NONE', *, *, #3767, .T. ) ;
#1484 = ORIENTED_EDGE ( 'NONE', *, *, #3449, .T. ) ;
#1485 = VECTOR ( 'NONE', #4218, 1000.000000000000000 ) ;
#1486 = DIRECTION ( 'NONE',  ( -1.000000000000000000, 0.0000000000000000000, 0.0000000000000000000 ) ) ;
#1487 = LINE ( 'NONE', #2812, #1582 ) ;
#1488 = CARTESIAN_POINT ( 'NONE',  ( 6.949999975562099586, 0.0000000000000000000, -2.399999999999999911 ) ) ;
#1489 = CIRCLE ( 'NONE', #1900, 0.1499999999999999667 ) ;
#1490 = ADVANCED_FACE ( 'NONE', ( #3645 ), #2002, .T. ) ;
#1491 = ORIENTED_EDGE ( 'NONE', *, *, #2177, .F. ) ;
#1492 = EDGE_CURVE ( 'NONE', #4043, #1606, #3316, .T. ) ;
#1493 = ORIENTED_EDGE ( 'NONE', *, *, #1410, .T. ) ;
#1494 = SURFACE_STYLE_USAGE ( .BOTH. , #3505 ) ;
#1495 = AXIS2_PLACEMENT_3D ( 'NONE', #2090, #1128, #2764 ) ;
#1496 = EDGE_LOOP ( 'NONE', ( #1245, #3134, #146, #2095 ) ) ;
#1497 = CARTESIAN_POINT ( 'NONE',  ( 7.725735906850171197, -1.499999999999999556, -2.399999999999999467 ) ) ;
#1498 = ADVANCED_FACE ( 'NONE', ( #3380 ), #1650, .T. ) ;
#1499 = DIRECTION ( 'NONE',  ( -7.450580815884480388E-09, 0.0000000000000000000, 1.000000000000000000 ) ) ;
#1500 = DIRECTION ( 'NONE',  ( 0.0000000000000000000, 0.0000000000000000000, -1.000000000000000000 ) ) ;
#1501 = APPLICATION_CONTEXT ( 'automotive_design' ) ;
#1502 = DIRECTION ( 'NONE',  ( -0.0000000000000000000, 0.0000000000000000000, -1.000000000000000000 ) ) ;
#1503 = LINE ( 'NONE', #141, #731 ) ;
#1504 = CARTESIAN_POINT ( 'NONE',  ( 6.849999975562099941, -1.199999999999999956, 3.399999999999999911 ) ) ;
#1505 = AXIS2_PLACEMENT_3D ( 'NONE', #1892, #2503, #3240 ) ;
#1506 = DIRECTION ( 'NONE',  ( -0.0000000000000000000, 1.000000000000000000, -0.0000000000000000000 ) ) ;
#1507 = CYLINDRICAL_SURFACE ( 'NONE', #1229, 0.1499999999999999944 ) ;
#1508 = EDGE_LOOP ( 'NONE', ( #1102, #774, #2058, #2098 ) ) ;
#1509 = DIRECTION ( 'NONE',  ( 0.0000000000000000000, -1.000000000000000000, 0.0000000000000000000 ) ) ;
#1510 = DIRECTION ( 'NONE',  ( 0.0000000000000000000, 0.0000000000000000000, -1.000000000000000000 ) ) ;
#1511 = AXIS2_PLACEMENT_3D ( 'NONE', #310, #1283, #1653 ) ;
#1512 = ORIENTED_EDGE ( 'NONE', *, *, #2514, .F. ) ;
#1513 = CIRCLE ( 'NONE', #822, 0.1499999999999999667 ) ;
#1514 = ORIENTED_EDGE ( 'NONE', *, *, #1466, .T. ) ;
#1515 = EDGE_CURVE ( 'NONE', #1076, #3785, #1668, .T. ) ;
#1516 = CARTESIAN_POINT ( 'NONE',  ( 3.999999975562099408, 0.0000000000000000000, -2.500000000000000444 ) ) ;
#1517 = EDGE_CURVE ( 'NONE', #2014, #1295, #737, .T. ) ;
#1518 = AXIS2_PLACEMENT_3D ( 'NONE', #2874, #3212, #4154 ) ;
#1519 = ORIENTED_EDGE ( 'NONE', *, *, #3869, .T. ) ;
#1520 = FACE_OUTER_BOUND ( 'NONE', #2794, .T. ) ;
#1521 = AXIS2_PLACEMENT_3D ( 'NONE', #2405, #396, #2262 ) ;
#1522 = EDGE_CURVE ( 'NONE', #1240, #3071, #3668, .T. ) ;
#1523 = DIRECTION ( 'NONE',  ( 0.5000000000000018874, -0.8660254037844374864, 0.0000000000000000000 ) ) ;
#1524 = EDGE_CURVE ( 'NONE', #1744, #61, #1685, .T. ) ;
#1525 = LINE ( 'NONE', #1905, #186 ) ;
#1526 = CARTESIAN_POINT ( 'NONE',  ( -2.000000024437900148, 2.055000000000000604, -1.000000000000000000 ) ) ;
#1527 = CARTESIAN_POINT ( 'NONE',  ( 6.249999975562100296, 6.200000000000001066, -0.3999999910593031727 ) ) ;
#1528 = LINE ( 'NONE', #2577, #4272 ) ;
#1529 = ORIENTED_EDGE ( 'NONE', *, *, #1466, .F. ) ;
#1530 = ORIENTED_EDGE ( 'NONE', *, *, #3769, .F. ) ;
#1531 = CARTESIAN_POINT ( 'NONE',  ( -5.050000024437900414, -1.500000000000000000, -0.4500000000000020095 ) ) ;
#1532 = DIRECTION ( 'NONE',  ( 0.7071067811865480168, 0.7071067811865470176, 0.0000000000000000000 ) ) ;
#1533 = PLANE ( 'NONE',  #2684 ) ;
#1534 = ORIENTED_EDGE ( 'NONE', *, *, #461, .F. ) ;
#1535 = ORIENTED_EDGE ( 'NONE', *, *, #1410, .F. ) ;
#1536 = FILL_AREA_STYLE_COLOUR ( '', #1788 ) ;
#1537 = ORIENTED_EDGE ( 'NONE', *, *, #927, .T. ) ;
#1538 = ORIENTED_EDGE ( 'NONE', *, *, #196, .F. ) ;
#1539 = CARTESIAN_POINT ( 'NONE',  ( 1.999999975562100074, -5.900000000000000355, -1.149999999999999911 ) ) ;
#1540 = CARTESIAN_POINT ( 'NONE',  ( 4.449999975562099586, 6.400000000000000355, -0.3999999910593030616 ) ) ;
#1541 = EDGE_CURVE ( 'NONE', #3862, #2857, #49, .T. ) ;
#1542 = CARTESIAN_POINT ( 'NONE',  ( -7.850000024437909119, -1.375735931288071479, -2.399999999999999467 ) ) ;
#1543 = DIRECTION ( 'NONE',  ( -1.000000000000000000, 0.0000000000000000000, 0.0000000000000000000 ) ) ;
#1544 = EDGE_CURVE ( 'NONE', #1006, #99, #3011, .T. ) ;
#1545 = CARTESIAN_POINT ( 'NONE',  ( -6.850000024437910007, 6.400000000000000355, 2.500000000000000000 ) ) ;
#1546 = CARTESIAN_POINT ( 'NONE',  ( 1.599999975562099941, 0.0000000000000000000, 0.2500000000000000000 ) ) ;
#1547 = ORIENTED_EDGE ( 'NONE', *, *, #1331, .T. ) ;
#1548 = EDGE_LOOP ( 'NONE', ( #2654, #1764, #2402, #1247 ) ) ;
#1549 = DIRECTION ( 'NONE',  ( 0.0000000000000000000, -0.0000000000000000000, -1.000000000000000000 ) ) ;
#1550 =( BOUNDED_SURFACE ( )  B_SPLINE_SURFACE ( 3, 3, ( 
 ( #2758, #3056, #3073, #179 ),
 ( #4075, #1103, #1167, #1814 ),
 ( #1497, #89, #1406, #2733 ),
 ( #2821, #1454, #2428, #4049 ) ),
 .UNSPECIFIED., .F., .F., .T. ) 
 B_SPLINE_SURFACE_WITH_KNOTS ( ( 4, 4 ),
 ( 4, 4 ),
 ( 0.0000000000000000000, 1.000000000000000000 ),
 ( 0.0000000000000000000, 1.000000000000000000 ),
 .UNSPECIFIED. ) 
 GEOMETRIC_REPRESENTATION_ITEM ( )  RATIONAL_B_SPLINE_SURFACE ( (
 ( 1.000000000000000000, 0.8047378541243651595, 0.8047378541243651595, 1.000000000000000000),
 ( 0.8047378541243649375, 0.6476030138606878594, 0.6476030138606878594, 0.8047378541243649375),
 ( 0.8047378541243649375, 0.6476030138606878594, 0.6476030138606878594, 0.8047378541243649375),
 ( 1.000000000000000000, 0.8047378541243651595, 0.8047378541243651595, 1.000000000000000000) ) ) 
 REPRESENTATION_ITEM ( '' )  SURFACE ( )  );
#1551 = DIRECTION ( 'NONE',  ( 0.0000000000000000000, -0.0000000000000000000, -1.000000000000000000 ) ) ;
#1552 = ORIENTED_EDGE ( 'NONE', *, *, #3744, .T. ) ;
#1553 = VERTEX_POINT ( 'NONE', #395 ) ;
#1554 = ORIENTED_EDGE ( 'NONE', *, *, #2080, .T. ) ;
#1555 = ORIENTED_EDGE ( 'NONE', *, *, #1090, .F. ) ;
#1556 = AXIS2_PLACEMENT_3D ( 'NONE', #1570, #589, #1913 ) ;
#1557 = FACE_OUTER_BOUND ( 'NONE', #959, .T. ) ;
#1558 = STYLED_ITEM ( 'NONE', ( #3406 ), #1170 ) ;
#1559 = VECTOR ( 'NONE', #3016, 1000.000000000000000 ) ;
#1560 = DIRECTION ( 'NONE',  ( 0.0000000000000000000, 0.8660254037844374864, 0.5000000000000021094 ) ) ;
#1561 = CARTESIAN_POINT ( 'NONE',  ( -2.225000027697530136, 6.199999993092691675, 0.4000000158480062629 ) ) ;
#1562 = AXIS2_PLACEMENT_3D ( 'NONE', #2470, #3797, #113 ) ;
#1563 = DIRECTION ( 'NONE',  ( 0.0000000000000000000, 0.0000000000000000000, 1.000000000000000000 ) ) ;
#1564 = CARTESIAN_POINT ( 'NONE',  ( 6.949999975562099586, 6.400000000000000355, 2.399999999999999911 ) ) ;
#1565 = EDGE_CURVE ( 'NONE', #787, #2642, #1713, .T. ) ;
#1566 = DIRECTION ( 'NONE',  ( -0.0000000000000000000, 0.0000000000000000000, -1.000000000000000000 ) ) ;
#1567 = EDGE_CURVE ( 'NONE', #1787, #1894, #3814, .T. ) ;
#1568 = ORIENTED_EDGE ( 'NONE', *, *, #2101, .F. ) ;
#1569 = ORIENTED_EDGE ( 'NONE', *, *, #3155, .T. ) ;
#1570 = CARTESIAN_POINT ( 'NONE',  ( -4.450000024437899881, 6.400000000000000355, 0.4000000089406969828 ) ) ;
#1571 = EDGE_CURVE ( 'NONE', #2570, #1894, #2444, .T. ) ;
#1572 = EDGE_CURVE ( 'NONE', #1227, #1402, #3099, .T. ) ;
#1573 = AXIS2_PLACEMENT_3D ( 'NONE', #232, #3585, #1940 ) ;
#1574 = EDGE_LOOP ( 'NONE', ( #3209, #2378, #4103, #4014 ) ) ;
#1575 = DIRECTION ( 'NONE',  ( 0.0000000000000000000, -0.0000000000000000000, -1.000000000000000000 ) ) ;
#1576 = ORIENTED_EDGE ( 'NONE', *, *, #171, .T. ) ;
#1577 = CIRCLE ( 'NONE', #2133, 0.1499999999999999944 ) ;
#1578 = EDGE_LOOP ( 'NONE', ( #3398, #3265, #2566, #1588 ) ) ;
#1579 = ORIENTED_EDGE ( 'NONE', *, *, #331, .F. ) ;
#1580 = VECTOR ( 'NONE', #1122, 1000.000000000000000 ) ;
#1581 = CARTESIAN_POINT ( 'NONE',  ( -6.850000024437910007, 6.400000000000000355, 2.399999999999999911 ) ) ;
#1582 = VECTOR ( 'NONE', #4213, 1000.000000000000000 ) ;
#1583 = LINE ( 'NONE', #542, #3169 ) ;
#1584 = CARTESIAN_POINT ( 'NONE',  ( -2.000000024437900148, -1.500000000000000000, 1.149999999999999911 ) ) ;
#1585 = CARTESIAN_POINT ( 'NONE',  ( -1.550000024437899970, -5.380384757729339995, -1.449999999999999956 ) ) ;
#1586 = CARTESIAN_POINT ( 'NONE',  ( -2.600000024437899793, 6.400000000000000355, 2.250000000000000444 ) ) ;
#1587 = CARTESIAN_POINT ( 'NONE',  ( 2.149999975562100207, -5.900000000000000355, -0.8499999999999998668 ) ) ;
#1588 = ORIENTED_EDGE ( 'NONE', *, *, #3053, .F. ) ;
#1589 = ORIENTED_EDGE ( 'NONE', *, *, #539, .T. ) ;
#1590 = DIRECTION ( 'NONE',  ( -1.000000000000000000, 0.0000000000000000000, 0.0000000000000000000 ) ) ;
#1591 = EDGE_CURVE ( 'NONE', #973, #3954, #156, .T. ) ;
#1592 = FACE_OUTER_BOUND ( 'NONE', #88, .T. ) ;
#1593 = EDGE_LOOP ( 'NONE', ( #2579, #1616, #3253, #2144 ) ) ;
#1594 = EDGE_CURVE ( 'NONE', #2014, #793, #4126, .T. ) ;
#1595 = LINE ( 'NONE', #3952, #309 ) ;
#1596 = ORIENTED_EDGE ( 'NONE', *, *, #111, .T. ) ;
#1597 = EDGE_CURVE ( 'NONE', #4110, #3439, #387, .T. ) ;
#1598 = PLANE ( 'NONE',  #4132 ) ;
#1599 = ORIENTED_EDGE ( 'NONE', *, *, #3692, .T. ) ;
#1600 = FACE_OUTER_BOUND ( 'NONE', #1813, .T. ) ;
#1601 = DIRECTION ( 'NONE',  ( -1.000000000000000000, 0.0000000000000000000, -0.0000000000000000000 ) ) ;
#1602 = DIRECTION ( 'NONE',  ( -0.0000000000000000000, 1.000000000000000000, -0.0000000000000000000 ) ) ;
#1603 = DIRECTION ( 'NONE',  ( 0.0000000000000000000, -0.0000000000000000000, 1.000000000000000000 ) ) ;
#1604 = FACE_OUTER_BOUND ( 'NONE', #328, .T. ) ;
#1605 = VERTEX_POINT ( 'NONE', #2759 ) ;
#1606 = VERTEX_POINT ( 'NONE', #2166 ) ;
#1607 = FILL_AREA_STYLE_COLOUR ( '', #1000 ) ;
#1608 = DIRECTION ( 'NONE',  ( 0.0000000000000000000, 1.000000000000000000, 0.0000000000000000000 ) ) ;
#1609 = DIRECTION ( 'NONE',  ( -0.0000000000000000000, 0.0000000000000000000, -1.000000000000000000 ) ) ;
#1610 = CARTESIAN_POINT ( 'NONE',  ( -2.600000024437900237, 6.400000000000000355, 0.04999999999999992645 ) ) ;
#1611 = ORIENTED_EDGE ( 'NONE', *, *, #433, .T. ) ;
#1612 = FACE_OUTER_BOUND ( 'NONE', #1662, .T. ) ;
#1613 = SURFACE_STYLE_FILL_AREA ( #828 ) ;
#1614 = ADVANCED_FACE ( 'NONE', ( #3121 ), #1125, .T. ) ;
#1615 = VERTEX_POINT ( 'NONE', #2734 ) ;
#1616 = ORIENTED_EDGE ( 'NONE', *, *, #2770, .F. ) ;
#1617 = ADVANCED_FACE ( 'NONE', ( #3164, #3772, #1434, #1776, #518, #2087, #780 ), #3402, .F. ) ;
#1618 = VECTOR ( 'NONE', #725, 1000.000000000000000 ) ;
#1619 = ORIENTED_EDGE ( 'NONE', *, *, #695, .T. ) ;
#1620 = DIRECTION ( 'NONE',  ( -0.0000000000000000000, 1.000000000000000000, -0.0000000000000000000 ) ) ;
#1621 = AXIS2_PLACEMENT_3D ( 'NONE', #149, #1486, #1200 ) ;
#1622 = EDGE_CURVE ( 'NONE', #1606, #4040, #4095, .T. ) ;
#1623 = DIRECTION ( 'NONE',  ( -0.7071067811865474617, -0.7071067811865474617, 0.0000000000000000000 ) ) ;
#1624 = CARTESIAN_POINT ( 'NONE',  ( 1.999999975562100074, 0.0000000000000000000, 1.300000000000000044 ) ) ;
#1625 = VECTOR ( 'NONE', #3856, 1000.000000000000000 ) ;
#1626 = VECTOR ( 'NONE', #4056, 1000.000000000000000 ) ;
#1627 = CARTESIAN_POINT ( 'NONE',  ( 1.549999975562099896, -5.380384757729339995, 1.449999999999999956 ) ) ;
#1628 = DIRECTION ( 'NONE',  ( 1.000000000000000000, 0.0000000000000000000, -0.0000000000000000000 ) ) ;
#1629 = ORIENTED_EDGE ( 'NONE', *, *, #931, .T. ) ;
#1630 = VECTOR ( 'NONE', #616, 1000.000000000000000 ) ;
#1631 = ORIENTED_EDGE ( 'NONE', *, *, #1597, .F. ) ;
#1632 = CARTESIAN_POINT ( 'NONE',  ( -1.850000024437899793, -5.900000000000000355, -1.300000000000000266 ) ) ;
#1633 = CARTESIAN_POINT ( 'NONE',  ( -1.850000024437900237, -5.900000000000000355, 0.8499999999999998668 ) ) ;
#1634 = FACE_OUTER_BOUND ( 'NONE', #3453, .T. ) ;
#1635 = CARTESIAN_POINT ( 'NONE',  ( 2.449999975562100030, -5.380384757729339995, 0.8499999999999999778 ) ) ;
#1636 = ORIENTED_EDGE ( 'NONE', *, *, #1301, .T. ) ;
#1637 = ORIENTED_EDGE ( 'NONE', *, *, #607, .F. ) ;
#1638 = DIRECTION ( 'NONE',  ( 0.0000000000000000000, 0.0000000000000000000, -1.000000000000000000 ) ) ;
#1639 = EDGE_LOOP ( 'NONE', ( #288, #78 ) ) ;
#1640 = PLANE ( 'NONE',  #671 ) ;
#1641 = VECTOR ( 'NONE', #551, 1000.000000000000000 ) ;
#1642 = ORIENTED_EDGE ( 'NONE', *, *, #1834, .T. ) ;
#1643 = ORIENTED_EDGE ( 'NONE', *, *, #169, .F. ) ;
#1644 = ADVANCED_FACE ( 'NONE', ( #2148 ), #1408, .F. ) ;
#1645 = ORIENTED_EDGE ( 'NONE', *, *, #1304, .F. ) ;
#1646 = DIRECTION ( 'NONE',  ( 0.5773502703845132533, -0.5773502703845132533, -0.5773502667998507976 ) ) ;
#1647 = AXIS2_PLACEMENT_3D ( 'NONE', #3226, #867, #1502 ) ;
#1648 = DIRECTION ( 'NONE',  ( -0.5773502691896253980, -0.5773502691896253980, -0.5773502691896266192 ) ) ;
#1649 = ADVANCED_FACE ( 'NONE', ( #2404 ), #1966, .T. ) ;
#1650 = PLANE ( 'NONE',  #1424 ) ;
#1651 = ADVANCED_FACE ( 'NONE', ( #4142, #4240, #907, #889, #865, #1926, #3544 ), #220, .T. ) ;
#1652 = LINE ( 'NONE', #1586, #663 ) ;
#1653 = DIRECTION ( 'NONE',  ( 0.0000000000000000000, -0.0000000000000000000, 1.000000000000000000 ) ) ;
#1654 = STYLED_ITEM ( 'NONE', ( #3480 ), #3484 ) ;
#1655 = LINE ( 'NONE', #2386, #319 ) ;
#1656 = CARTESIAN_POINT ( 'NONE',  ( 7.543856451905059934, -1.499999999999999556, 2.509938901779772191 ) ) ;
#1657 = DIRECTION ( 'NONE',  ( 1.000000000000000000, 0.0000000000000000000, -0.0000000000000000000 ) ) ;
#1658 = DIRECTION ( 'NONE',  ( 0.0000000000000000000, 0.0000000000000000000, -1.000000000000000000 ) ) ;
#1659 = ORIENTED_EDGE ( 'NONE', *, *, #4057, .T. ) ;
#1660 = ORIENTED_EDGE ( 'NONE', *, *, #4064, .T. ) ;
#1661 = CARTESIAN_POINT ( 'NONE',  ( 1.549999975562099896, -1.500000000000000000, 1.149999999999999911 ) ) ;
#1662 = EDGE_LOOP ( 'NONE', ( #1355, #2258, #1403, #2569 ) ) ;
#1663 = ORIENTED_EDGE ( 'NONE', *, *, #275, .F. ) ;
#1664 = EDGE_LOOP ( 'NONE', ( #2211, #3594 ) ) ;
#1665 = ORIENTED_EDGE ( 'NONE', *, *, #1384, .T. ) ;
#1666 = FACE_OUTER_BOUND ( 'NONE', #567, .T. ) ;
#1667 = FACE_OUTER_BOUND ( 'NONE', #389, .T. ) ;
#1668 = LINE ( 'NONE', #1340, #246 ) ;
#1669 = DIRECTION ( 'NONE',  ( -1.000000000000000000, -0.0000000000000000000, -0.0000000000000000000 ) ) ;
#1670 = PLANE ( 'NONE',  #2829 ) ;
#1671 = EDGE_CURVE ( 'NONE', #2663, #2112, #730, .T. ) ;
#1672 = CARTESIAN_POINT ( 'NONE',  ( -2.000000024437900148, -1.500000000000000000, -1.149999999999999911 ) ) ;
#1673 = ADVANCED_FACE ( 'NONE', ( #1520 ), #2225, .F. ) ;
#1674 = CARTESIAN_POINT ( 'NONE',  ( 7.549999975562101007, -1.500000000000000000, 2.399999999999999467 ) ) ;
#1675 = CARTESIAN_POINT ( 'NONE',  ( -2.443790503292580154E-08, 6.400000000000000355, -2.250000000000000444 ) ) ;
#1676 = PLANE ( 'NONE',  #334 ) ;
#1677 = ORIENTED_EDGE ( 'NONE', *, *, #2975, .T. ) ;
#1678 = ORIENTED_EDGE ( 'NONE', *, *, #3051, .T. ) ;
#1679 = LINE ( 'NONE', #3742, #1974 ) ;
#1680 = EDGE_LOOP ( 'NONE', ( #3900, #574, #295, #363, #3320, #2941 ) ) ;
#1681 = SURFACE_SIDE_STYLE ('',( #1702 ) ) ;
#1682 = ORIENTED_EDGE ( 'NONE', *, *, #2657, .T. ) ;
#1683 = PLANE ( 'NONE',  #3100 ) ;
#1684 = PLANE ( 'NONE',  #3698 ) ;
#1685 = LINE ( 'NONE', #3352, #1143 ) ;
#1686 = CARTESIAN_POINT ( 'NONE',  ( -7.465471137118363743, -1.499999999999999778, -2.747229059176368615 ) ) ;
#1687 = AXIS2_PLACEMENT_3D ( 'NONE', #1049, #1399, #2396 ) ;
#1688 = PLANE ( 'NONE',  #3722 ) ;
#1689 = CARTESIAN_POINT ( 'NONE',  ( 7.549999975562101007, -1.500000000000000000, 2.399999999999999467 ) ) ;
#1690 = VECTOR ( 'NONE', #4024, 1000.000000000000000 ) ;
#1691 = LINE ( 'NONE', #766, #2246 ) ;
#1692 = ADVANCED_FACE ( 'NONE', ( #4160 ), #3914, .T. ) ;
#1693 = DIRECTION ( 'NONE',  ( -1.000000000000000000, -0.0000000000000000000, -0.0000000000000000000 ) ) ;
#1694 = CARTESIAN_POINT ( 'NONE',  ( -1.850000024437900237, -5.900000000000000355, -0.8499999999999999778 ) ) ;
#1695 = ADVANCED_FACE ( 'NONE', ( #1557 ), #3874, .F. ) ;
#1696 = VECTOR ( 'NONE', #1693, 1000.000000000000000 ) ;
#1697 = VECTOR ( 'NONE', #4205, 1000.000000000000000 ) ;
#1698 = ORIENTED_EDGE ( 'NONE', *, *, #558, .T. ) ;
#1699 = CARTESIAN_POINT ( 'NONE',  ( -6.850000024437910007, -1.500000000000000000, 3.099999999999999201 ) ) ;
#1700 = AXIS2_PLACEMENT_3D ( 'NONE', #1939, #2935, #3963 ) ;
#1701 = EDGE_CURVE ( 'NONE', #2112, #2656, #4176, .T. ) ;
#1702 = SURFACE_STYLE_FILL_AREA ( #1965 ) ;
#1703 = EDGE_CURVE ( 'NONE', #1006, #1055, #2508, .T. ) ;
#1704 = EDGE_LOOP ( 'NONE', ( #2660, #3566, #2268, #3413 ) ) ;
#1705 = CIRCLE ( 'NONE', #3157, 0.1499999999999999667 ) ;
#1706 = ORIENTED_EDGE ( 'NONE', *, *, #2496, .T. ) ;
#1707 = ORIENTED_EDGE ( 'NONE', *, *, #559, .T. ) ;
#1708 = AXIS2_PLACEMENT_3D ( 'NONE', #3047, #1050, #2966 ) ;
#1709 = FACE_OUTER_BOUND ( 'NONE', #3475, .T. ) ;
#1710 = VERTEX_POINT ( 'NONE', #1864 ) ;
#1711 = CIRCLE ( 'NONE', #55, 0.1499999999999999944 ) ;
#1712 = CARTESIAN_POINT ( 'NONE',  ( 1.999999975562100074, -5.900000000000000355, 1.149999999999999911 ) ) ;
#1713 = LINE ( 'NONE', #3035, #384 ) ;
#1714 = FACE_OUTER_BOUND ( 'NONE', #4263, .T. ) ;
#1715 = CIRCLE ( 'NONE', #3236, 0.09999999999999982514 ) ;
#1716 = PLANE ( 'NONE',  #1221 ) ;
#1717 = CARTESIAN_POINT ( 'NONE',  ( 6.849999975562099941, 0.0000000000000000000, 2.399999999999999911 ) ) ;
#1718 = PLANE ( 'NONE',  #2668 ) ;
#1719 = AXIS2_PLACEMENT_3D ( 'NONE', #1904, #4203, #1818 ) ;
#1720 = CARTESIAN_POINT ( 'NONE',  ( -1.400000024437900059, 6.400000000000000355, 2.250000000000000444 ) ) ;
#1721 = CARTESIAN_POINT ( 'NONE',  ( 4.449999975562099586, 0.0000000000000000000, 0.3999999955296510423 ) ) ;
#1722 = FACE_OUTER_BOUND ( 'NONE', #2774, .T. ) ;
#1723 = VECTOR ( 'NONE', #4112, 1000.000000000000000 ) ;
#1724 = VERTEX_POINT ( 'NONE', #1209 ) ;
#1725 = DIRECTION ( 'NONE',  ( 2.220446049250310123E-16, 0.0000000000000000000, -1.000000000000000000 ) ) ;
#1726 = LINE ( 'NONE', #3787, #342 ) ;
#1727 = CARTESIAN_POINT ( 'NONE',  ( 7.549999975562099230, -1.199999999999999956, -2.399999999999999467 ) ) ;
#1728 = ORIENTED_EDGE ( 'NONE', *, *, #1756, .F. ) ;
#1729 = EDGE_CURVE ( 'NONE', #1730, #3128, #3783, .T. ) ;
#1730 = VERTEX_POINT ( 'NONE', #2189 ) ;
#1731 = EDGE_CURVE ( 'NONE', #1605, #1187, #3508, .T. ) ;
#1732 = ORIENTED_EDGE ( 'NONE', *, *, #3817, .T. ) ;
#1733 = CARTESIAN_POINT ( 'NONE',  ( 1.849999975562099719, -5.900000000000000355, -1.450000000000000178 ) ) ;
#1734 = ORIENTED_EDGE ( 'NONE', *, *, #2944, .F. ) ;
#1735 = PLANE ( 'NONE',  #4039 ) ;
#1736 = CARTESIAN_POINT ( 'NONE',  ( 5.049999975562100119, -5.900000000000000355, 0.1499999999999983291 ) ) ;
#1737 = CARTESIAN_POINT ( 'NONE',  ( -6.939191757877637201, -1.499999999999999556, -3.100000000000000533 ) ) ;
#1738 = CARTESIAN_POINT ( 'NONE',  ( 5.349999975562099941, -1.500000000000000000, -0.1499999999999999944 ) ) ;
#1739 = CARTESIAN_POINT ( 'NONE',  ( -1.550000024437899970, -1.500000000000000000, 1.449999999999999956 ) ) ;
#1740 = CARTESIAN_POINT ( 'NONE',  ( -1.600000024437900237, 6.200000000000001066, -0.2500000000000000000 ) ) ;
#1741 = CARTESIAN_POINT ( 'NONE',  ( 5.349999975562099941, 2.055000000000000604, -0.1499999999999999944 ) ) ;
#1742 = LINE ( 'NONE', #3806, #262 ) ;
#1743 = ORIENTED_EDGE ( 'NONE', *, *, #3890, .F. ) ;
#1744 = VERTEX_POINT ( 'NONE', #236 ) ;
#1745 = DIRECTION ( 'NONE',  ( 0.0000000000000000000, -1.000000000000000000, 0.0000000000000000000 ) ) ;
#1746 = DIRECTION ( 'NONE',  ( 0.0000000000000000000, -0.0000000000000000000, 1.000000000000000000 ) ) ;
#1747 = ORIENTED_EDGE ( 'NONE', *, *, #111, .F. ) ;
#1748 = ORIENTED_EDGE ( 'NONE', *, *, #925, .F. ) ;
#1749 = EDGE_CURVE ( 'NONE', #939, #3490, #4202, .T. ) ;
#1750 = CARTESIAN_POINT ( 'NONE',  ( -6.850000024437910007, -1.500000000000000000, 3.099999999999999201 ) ) ;
#1751 = EDGE_CURVE ( 'NONE', #1198, #4200, #3595, .T. ) ;
#1752 = ORIENTED_EDGE ( 'NONE', *, *, #1594, .T. ) ;
#1753 = CARTESIAN_POINT ( 'NONE',  ( -1.600000024437900237, 0.0000000000000000000, 2.049999999999999822 ) ) ;
#1754 = CARTESIAN_POINT ( 'NONE',  ( -7.362994255929027787, -1.500000000000002887, 3.275735931288069391 ) ) ;
#1755 = FILL_AREA_STYLE_COLOUR ( '', #2484 ) ;
#1756 = EDGE_CURVE ( 'NONE', #1092, #1935, #1901, .T. ) ;
#1757 = DIRECTION ( 'NONE',  ( 0.4999999999999998335, 0.8660254037844387076, 0.0000000000000000000 ) ) ;
#1758 = CARTESIAN_POINT ( 'NONE',  ( -1.850000024437900237, -5.900000000000000355, 1.449999999999999956 ) ) ;
#1759 = EDGE_CURVE ( 'NONE', #329, #1724, #260, .T. ) ;
#1760 = DIRECTION ( 'NONE',  ( 0.0000000000000000000, 0.0000000000000000000, -1.000000000000000000 ) ) ;
#1761 = VECTOR ( 'NONE', #1575, 1000.000000000000000 ) ;
#1762 = CARTESIAN_POINT ( 'NONE',  ( 6.849999975562099941, -1.499999999999999778, 3.100000000000000533 ) ) ;
#1763 = CARTESIAN_POINT ( 'NONE',  ( -1.550000024437899970, -1.500000000000000000, 1.449999999999999956 ) ) ;
#1764 = ORIENTED_EDGE ( 'NONE', *, *, #1780, .T. ) ;
#1765 = EDGE_LOOP ( 'NONE', ( #887, #1031, #3813, #1795 ) ) ;
#1766 = PLANE ( 'NONE',  #2113 ) ;
#1767 = FILL_AREA_STYLE_COLOUR ( '', #3381 ) ;
#1768 = AXIS2_PLACEMENT_3D ( 'NONE', #3735, #1346, #359 ) ;
#1769 = ORIENTED_EDGE ( 'NONE', *, *, #438, .F. ) ;
#1770 = VECTOR ( 'NONE', #1475, 1000.000000000000000 ) ;
#1771 = ORIENTED_EDGE ( 'NONE', *, *, #1912, .T. ) ;
#1772 = CARTESIAN_POINT ( 'NONE',  ( 1.999999975562100074, 2.055000000000000604, -1.000000000000000000 ) ) ;
#1773 = ORIENTED_EDGE ( 'NONE', *, *, #2717, .T. ) ;
#1774 = CARTESIAN_POINT ( 'NONE',  ( 6.849999975562099941, -1.500000000000000000, 3.100000000000000533 ) ) ;
#1775 = VECTOR ( 'NONE', #1923, 1000.000000000000000 ) ;
#1776 = FACE_BOUND ( 'NONE', #3555, .T. ) ;
#1777 = EDGE_CURVE ( 'NONE', #1076, #1615, #3889, .T. ) ;
#1778 = CARTESIAN_POINT ( 'NONE',  ( -2.000000024437900148, -1.500000000000000000, -1.449999999999999956 ) ) ;
#1779 = AXIS2_PLACEMENT_3D ( 'NONE', #3949, #3694, #636 ) ;
#1780 = EDGE_CURVE ( 'NONE', #3414, #2313, #282, .T. ) ;
#1781 = CARTESIAN_POINT ( 'NONE',  ( 2.449999975562100030, -1.500000000000000000, 0.8499999999999999778 ) ) ;
#1782 = FACE_OUTER_BOUND ( 'NONE', #2009, .T. ) ;
#1783 = ADVANCED_FACE ( 'NONE', ( #1634 ), #3606, .T. ) ;
#1784 = VECTOR ( 'NONE', #4054, 1000.000000000000000 ) ;
#1785 = LINE ( 'NONE', #3781, #804 ) ;
#1786 = DIRECTION ( 'NONE',  ( 1.000000000000000000, 0.0000000000000000000, -0.0000000000000000000 ) ) ;
#1787 = VERTEX_POINT ( 'NONE', #653 ) ;
#1788 = COLOUR_RGB ( '',0.2666666666666666630, 0.5843137254901961120, 0.2823529411764705843 ) ;
#1789 = EDGE_LOOP ( 'NONE', ( #3516, #2756, #2989, #3541 ) ) ;
#1790 = CARTESIAN_POINT ( 'NONE',  ( 7.197229034738033882, -1.499999999999999778, -3.015471112680770283 ) ) ;
#1791 = AXIS2_PLACEMENT_3D ( 'NONE', #2502, #898, #590 ) ;
#1792 = DIRECTION ( 'NONE',  ( -1.000000000000000000, 0.0000000000000000000, -0.0000000000000000000 ) ) ;
#1793 = ORIENTED_EDGE ( 'NONE', *, *, #753, .T. ) ;
#1794 = VERTEX_POINT ( 'NONE', #1984 ) ;
#1795 = ORIENTED_EDGE ( 'NONE', *, *, #990, .F. ) ;
#1796 = CARTESIAN_POINT ( 'NONE',  ( -1.600000024437900015, 6.200000000000000178, -0.09999999999999939493 ) ) ;
#1797 = CARTESIAN_POINT ( 'NONE',  ( -7.725735955725980375, -1.500000000000002887, 2.400000000000000355 ) ) ;
#1798 = DIRECTION ( 'NONE',  ( -2.220446049250310123E-16, 0.0000000000000000000, 1.000000000000000000 ) ) ;
#1799 = CARTESIAN_POINT ( 'NONE',  ( 6.849999975562099941, 0.0000000000000000000, -2.399999999999999911 ) ) ;
#1800 = DIRECTION ( 'NONE',  ( 0.0000000000000000000, -1.000000000000000000, 0.0000000000000000000 ) ) ;
#1801 = LINE ( 'NONE', #2110, #453 ) ;
#1802 = CARTESIAN_POINT ( 'NONE',  ( -2.000000024437909918, 0.0000000000000000000, 1.000000000000000000 ) ) ;
#1803 = EDGE_CURVE ( 'NONE', #3872, #2956, #3987, .T. ) ;
#1804 = DIRECTION ( 'NONE',  ( 0.0000000000000000000, 0.8660254037844387076, -0.4999999999999998335 ) ) ;
#1805 = ORIENTED_EDGE ( 'NONE', *, *, #2151, .T. ) ;
#1806 = EDGE_CURVE ( 'NONE', #4043, #2123, #3652, .T. ) ;
#1807 = ORIENTED_EDGE ( 'NONE', *, *, #3181, .F. ) ;
#1808 = PLANE ( 'NONE',  #1621 ) ;
#1809 = PLANE ( 'NONE',  #1927 ) ;
#1810 = ORIENTED_EDGE ( 'NONE', *, *, #3631, .F. ) ;
#1811 = ORIENTED_EDGE ( 'NONE', *, *, #2362, .T. ) ;
#1812 = CARTESIAN_POINT ( 'NONE',  ( -6.850000024437910007, 6.400000000000000355, -2.399999999999999911 ) ) ;
#1813 = EDGE_LOOP ( 'NONE', ( #3888, #110, #2771, #189 ) ) ;
#1814 = CARTESIAN_POINT ( 'NONE',  ( 6.849999975562100829, -1.375735931288071257, -3.400000000000000355 ) ) ;
#1815 = CARTESIAN_POINT ( 'NONE',  ( -7.550000024437905743, -1.499999999999999778, 2.400000000000000355 ) ) ;
#1816 = DIRECTION ( 'NONE',  ( 0.0000000000000000000, 0.0000000000000000000, 1.000000000000000000 ) ) ;
#1817 = FILL_AREA_STYLE_COLOUR ( '', #2057 ) ;
#1818 = DIRECTION ( 'NONE',  ( 0.0000000000000000000, -0.0000000000000000000, -1.000000000000000000 ) ) ;
#1819 = FACE_OUTER_BOUND ( 'NONE', #3184, .T. ) ;
#1820 = DIRECTION ( 'NONE',  ( 0.0000000000000000000, -1.000000000000000000, 0.0000000000000000000 ) ) ;
#1821 = DIRECTION ( 'NONE',  ( 0.0000000000000000000, 0.0000000000000000000, -1.000000000000000000 ) ) ;
#1822 =( BOUNDED_SURFACE ( )  B_SPLINE_SURFACE ( 3, 3, ( 
 ( #812, #1046, #1417, #2744 ),
 ( #4060, #2368, #1089, #2413 ),
 ( #767, #3736, #2766, #1461 ),
 ( #1762, #3084, #124, #1443 ) ),
 .UNSPECIFIED., .F., .F., .T. ) 
 B_SPLINE_SURFACE_WITH_KNOTS ( ( 4, 4 ),
 ( 4, 4 ),
 ( 0.0000000000000000000, 1.000000000000000000 ),
 ( 0.0000000000000000000, 1.000000000000000000 ),
 .UNSPECIFIED. ) 
 GEOMETRIC_REPRESENTATION_ITEM ( )  RATIONAL_B_SPLINE_SURFACE ( (
 ( 1.000000000000000000, 0.8047378541243649375, 0.8047378541243649375, 1.000000000000000000),
 ( 0.8047378541243652705, 0.6476030138606879705, 0.6476030138606879705, 0.8047378541243652705),
 ( 0.8047378541243652705, 0.6476030138606879705, 0.6476030138606879705, 0.8047378541243652705),
 ( 1.000000000000000000, 0.8047378541243649375, 0.8047378541243649375, 1.000000000000000000) ) ) 
 REPRESENTATION_ITEM ( '' )  SURFACE ( )  );
#1823 = LINE ( 'NONE', #3146, #2269 ) ;
#1824 = VERTEX_POINT ( 'NONE', #4279 ) ;
#1825 = ORIENTED_EDGE ( 'NONE', *, *, #2226, .F. ) ;
#1826 = AXIS2_PLACEMENT_3D ( 'NONE', #628, #2694, #3618 ) ;
#1827 = EDGE_CURVE ( 'NONE', #1132, #3179, #2610, .T. ) ;
#1828 = FACE_OUTER_BOUND ( 'NONE', #4083, .T. ) ;
#1829 = LINE ( 'NONE', #2562, #2836 ) ;
#1830 = EDGE_CURVE ( 'NONE', #2272, #1744, #3300, .T. ) ;
#1831 = DIRECTION ( 'NONE',  ( 0.5773502691896245098, -0.5773502691896269523, 0.5773502691896256200 ) ) ;
#1832 = VECTOR ( 'NONE', #2052, 1000.000000000000000 ) ;
#1833 = VERTEX_POINT ( 'NONE', #1027 ) ;
#1834 = EDGE_CURVE ( 'NONE', #252, #2370, #3322, .T. ) ;
#1835 = CIRCLE ( 'NONE', #4253, 1.000000000000000000 ) ;
#1836 = ORIENTED_EDGE ( 'NONE', *, *, #2600, .F. ) ;
#1837 = AXIS2_PLACEMENT_3D ( 'NONE', #337, #2023, #423 ) ;
#1838 = ADVANCED_FACE ( 'NONE', ( #3931 ), #2287, .T. ) ;
#1839 = CARTESIAN_POINT ( 'NONE',  ( -7.481953994442693379, -1.500000000000000222, 2.702057279035645632 ) ) ;
#1840 = AXIS2_PLACEMENT_3D ( 'NONE', #3339, #2348, #635 ) ;
#1841 = ORIENTED_EDGE ( 'NONE', *, *, #3023, .T. ) ;
#1842 = DIRECTION ( 'NONE',  ( 0.0000000000000000000, -0.0000000000000000000, 1.000000000000000000 ) ) ;
#1843 = VECTOR ( 'NONE', #504, 1000.000000000000000 ) ;
#1844 = PLANE ( 'NONE',  #811 ) ;
#1845 = CARTESIAN_POINT ( 'NONE',  ( -5.650000024437900059, -5.380384757729339995, -0.4500000000000011768 ) ) ;
#1846 = VECTOR ( 'NONE', #374, 1000.000000000000000 ) ;
#1847 = DIRECTION ( 'NONE',  ( 0.0000000000000000000, 0.8660254037844387076, -0.4999999999999998335 ) ) ;
#1848 = LINE ( 'NONE', #3168, #2592 ) ;
#1849 = LINE ( 'NONE', #4166, #3570 ) ;
#1850 = PLANE ( 'NONE',  #885 ) ;
#1851 = VERTEX_POINT ( 'NONE', #942 ) ;
#1852 = ORIENTED_EDGE ( 'NONE', *, *, #934, .F. ) ;
#1853 = VECTOR ( 'NONE', #73, 999.9999999999998863 ) ;
#1854 = CARTESIAN_POINT ( 'NONE',  ( 5.049999975562100119, -5.380384757729339995, -0.4500000000000011768 ) ) ;
#1855 = FACE_OUTER_BOUND ( 'NONE', #506, .T. ) ;
#1856 = FACE_OUTER_BOUND ( 'NONE', #3020, .T. ) ;
#1857 = VECTOR ( 'NONE', #332, 999.9999999999998863 ) ;
#1858 = VERTEX_POINT ( 'NONE', #361 ) ;
#1859 = ORIENTED_EDGE ( 'NONE', *, *, #3188, .F. ) ;
#1860 = EDGE_CURVE ( 'NONE', #3578, #874, #292, .T. ) ;
#1861 =( LENGTH_UNIT ( ) NAMED_UNIT ( * ) SI_UNIT ( .MILLI., .METRE. ) );
#1862 = ORIENTED_EDGE ( 'NONE', *, *, #1411, .F. ) ;
#1863 = ADVANCED_FACE ( 'NONE', ( #1311 ), #56, .F. ) ;
#1864 = CARTESIAN_POINT ( 'NONE',  ( 2.149999975562100207, -5.900000000000000355, -1.449999999999999956 ) ) ;
#1865 = LINE ( 'NONE', #3482, #3933 ) ;
#1866 = DIRECTION ( 'NONE',  ( 0.0000000000000000000, 0.0000000000000000000, -1.000000000000000000 ) ) ;
#1867 = DIRECTION ( 'NONE',  ( 0.0000000000000000000, 0.0000000000000000000, -1.000000000000000000 ) ) ;
#1868 = DIRECTION ( 'NONE',  ( 0.5773502691896243988, -0.5773502691896256200, -0.5773502691896271743 ) ) ;
#1869 = CARTESIAN_POINT ( 'NONE',  ( 7.849999975562099941, 0.0000000000000000000, 1.665334536937730077E-15 ) ) ;
#1870 = ORIENTED_EDGE ( 'NONE', *, *, #275, .T. ) ;
#1871 = ORIENTED_EDGE ( 'NONE', *, *, #3113, .T. ) ;
#1872 = FACE_OUTER_BOUND ( 'NONE', #1956, .T. ) ;
#1873 = DIRECTION ( 'NONE',  ( 1.000000000000000000, 0.0000000000000000000, 1.441848083928770031E-16 ) ) ;
#1874 = ORIENTED_EDGE ( 'NONE', *, *, #2630, .T. ) ;
#1875 = ORIENTED_EDGE ( 'NONE', *, *, #2290, .F. ) ;
#1876 = CARTESIAN_POINT ( 'NONE',  ( 2.399999975562100651, 6.200000000000001066, -0.09999999999999939493 ) ) ;
#1877 = ORIENTED_EDGE ( 'NONE', *, *, #3051, .F. ) ;
#1878 = EDGE_CURVE ( 'NONE', #1254, #2505, #2997, .T. ) ;
#1879 = CARTESIAN_POINT ( 'NONE',  ( 7.849999975562099941, -1.199999999999999956, -3.399999999999999911 ) ) ;
#1880 = EDGE_CURVE ( 'NONE', #992, #2984, #2026, .T. ) ;
#1881 = CARTESIAN_POINT ( 'NONE',  ( -2.443790503292580154E-08, 0.0000000000000000000, 0.4000000089406969828 ) ) ;
#1882 = DIRECTION ( 'NONE',  ( 0.0000000000000000000, -1.000000000000000000, 0.0000000000000000000 ) ) ;
#1883 = EDGE_CURVE ( 'NONE', #1358, #3065, #3257, .T. ) ;
#1884 = CARTESIAN_POINT ( 'NONE',  ( -7.850000024437909119, -1.199999999999999956, 2.399999999999999911 ) ) ;
#1885 = EDGE_CURVE ( 'NONE', #914, #734, #1372, .T. ) ;
#1886 = DIRECTION ( 'NONE',  ( -0.0000000000000000000, 1.000000000000000000, 0.0000000000000000000 ) ) ;
#1887 = CARTESIAN_POINT ( 'NONE',  ( 6.849999975562099941, 6.400000000000000355, 2.399999999999999911 ) ) ;
#1888 = EDGE_LOOP ( 'NONE', ( #2605, #4128 ) ) ;
#1889 = EDGE_LOOP ( 'NONE', ( #2239, #4215, #2752, #3577 ) ) ;
#1890 = FACE_OUTER_BOUND ( 'NONE', #4134, .T. ) ;
#1891 = CARTESIAN_POINT ( 'NONE',  ( -6.850000024437910007, 0.0000000000000000000, -2.399999999999999911 ) ) ;
#1892 = CARTESIAN_POINT ( 'NONE',  ( -2.000000024437909918, 2.055000000000000604, 1.149999999999999911 ) ) ;
#1893 = VECTOR ( 'NONE', #1459, 1000.000000000000000 ) ;
#1894 = VERTEX_POINT ( 'NONE', #1958 ) ;
#1895 = CARTESIAN_POINT ( 'NONE',  ( -4.450000024437899881, 6.200000000000001066, 0.4000000089406970938 ) ) ;
#1896 = ORIENTED_EDGE ( 'NONE', *, *, #3550, .F. ) ;
#1897 = AXIS2_PLACEMENT_3D ( 'NONE', #3401, #3137, #2147 ) ;
#1898 = ORIENTED_EDGE ( 'NONE', *, *, #1912, .F. ) ;
#1899 = ORIENTED_EDGE ( 'NONE', *, *, #1567, .T. ) ;
#1900 = AXIS2_PLACEMENT_3D ( 'NONE', #3760, #2788, #876 ) ;
#1901 = LINE ( 'NONE', #626, #1285 ) ;
#1902 = PRESENTATION_LAYER_ASSIGNMENT (  '', '', ( #1558 ) ) ;
#1903 = CLOSED_SHELL ( 'NONE', ( #3741, #199, #351, #2360, #4107, #962, #10, #431 ) ) ;
#1904 = CARTESIAN_POINT ( 'NONE',  ( 5.349999975562099941, -1.500000000000000000, -1.110223024625160090E-15 ) ) ;
#1905 = CARTESIAN_POINT ( 'NONE',  ( -5.350000024437900237, -1.500000000000000000, -0.4500000000000020095 ) ) ;
#1906 = VECTOR ( 'NONE', #2263, 1000.000000000000000 ) ;
#1907 = FACE_OUTER_BOUND ( 'NONE', #4168, .T. ) ;
#1908 = DIRECTION ( 'NONE',  ( 0.0000000000000000000, -1.000000000000000000, 0.0000000000000000000 ) ) ;
#1909 = LINE ( 'NONE', #2911, #2689 ) ;
#1910 = ORIENTED_EDGE ( 'NONE', *, *, #2595, .T. ) ;
#1911 = ORIENTED_EDGE ( 'NONE', *, *, #4064, .F. ) ;
#1912 = EDGE_CURVE ( 'NONE', #3913, #992, #1328, .T. ) ;
#1913 = DIRECTION ( 'NONE',  ( 1.000000000000000000, 0.0000000000000000000, 6.208817218072360317E-09 ) ) ;
#1914 = MECHANICAL_DESIGN_GEOMETRIC_PRESENTATION_REPRESENTATION (  '', ( #3296 ), #2534 ) ;
#1915 = DIRECTION ( 'NONE',  ( -0.0000000000000000000, 0.7071067811865470176, 0.7071067811865480168 ) ) ;
#1916 = CYLINDRICAL_SURFACE ( 'NONE', #1505, 0.1499999999999999667 ) ;
#1917 = AXIS2_PLACEMENT_3D ( 'NONE', #3389, #1786, #2453 ) ;
#1918 = VERTEX_POINT ( 'NONE', #3904 ) ;
#1919 = UNCERTAINTY_MEASURE_WITH_UNIT (LENGTH_MEASURE( 1.000000000000000082E-05 ), #185, 'distance_accuracy_value', 'NONE');
#1920 = CARTESIAN_POINT ( 'NONE',  ( -7.850000024437909119, 0.0000000000000000000, -2.399999999999999911 ) ) ;
#1921 = ORIENTED_EDGE ( 'NONE', *, *, #931, .F. ) ;
#1922 = AXIS2_PLACEMENT_3D ( 'NONE', #782, #3123, #2780 ) ;
#1923 = DIRECTION ( 'NONE',  ( -2.220446049250310123E-16, 0.0000000000000000000, 1.000000000000000000 ) ) ;
#1924 = ORIENTED_EDGE ( 'NONE', *, *, #875, .F. ) ;
#1925 = VECTOR ( 'NONE', #2691, 1000.000000000000000 ) ;
#1926 = FACE_BOUND ( 'NONE', #1888, .T. ) ;
#1927 = AXIS2_PLACEMENT_3D ( 'NONE', #3435, #3412, #1115 ) ;
#1928 = LINE ( 'NONE', #2016, #2761 ) ;
#1929 = DIRECTION ( 'NONE',  ( 0.0000000000000000000, 0.0000000000000000000, 1.000000000000000000 ) ) ;
#1930 = VECTOR ( 'NONE', #1608, 1000.000000000000000 ) ;
#1931 = CARTESIAN_POINT ( 'NONE',  ( 2.499999975562099852, 6.299999999999999822, -0.09999999999999939493 ) ) ;
#1932 = CARTESIAN_POINT ( 'NONE',  ( -2.443790392270270082E-08, 0.0000000000000000000, 1.665334536937730077E-15 ) ) ;
#1933 = CARTESIAN_POINT ( 'NONE',  ( -1.400000024437900059, 6.400000000000000355, -2.250000000000000444 ) ) ;
#1934 = ORIENTED_EDGE ( 'NONE', *, *, #906, .F. ) ;
#1935 = VERTEX_POINT ( 'NONE', #2633 ) ;
#1936 = DIRECTION ( 'NONE',  ( 1.000000000000000000, 0.0000000000000000000, -0.0000000000000000000 ) ) ;
#1937 = EDGE_CURVE ( 'NONE', #3862, #2272, #2650, .T. ) ;
#1938 = DIRECTION ( 'NONE',  ( -0.7071067811865470176, 0.7071067811865480168, 0.0000000000000000000 ) ) ;
#1939 = CARTESIAN_POINT ( 'NONE',  ( -2.000000024437900148, 2.055000000000000604, -1.149999999999999911 ) ) ;
#1940 = DIRECTION ( 'NONE',  ( 0.4999999999999998335, 0.8660254037844387076, 0.0000000000000000000 ) ) ;
#1941 = EDGE_CURVE ( 'NONE', #1163, #1313, #982, .T. ) ;
#1942 = APPLICATION_CONTEXT ( 'automotive_design' ) ;
#1943 = ORIENTED_EDGE ( 'NONE', *, *, #2126, .T. ) ;
#1944 = CARTESIAN_POINT ( 'NONE',  ( 2.399999975562100207, 6.400000000000000355, -0.2500000000000000000 ) ) ;
#1945 = EDGE_LOOP ( 'NONE', ( #620, #2059 ) ) ;
#1946 = LINE ( 'NONE', #3139, #2679 ) ;
#1947 = EDGE_CURVE ( 'NONE', #2312, #793, #402, .T. ) ;
#1948 = ORIENTED_EDGE ( 'NONE', *, *, #1883, .F. ) ;
#1949 = ORIENTED_EDGE ( 'NONE', *, *, #3102, .F. ) ;
#1950 = DIRECTION ( 'NONE',  ( 0.0000000000000000000, 1.000000000000000000, 0.0000000000000000000 ) ) ;
#1951 = DIRECTION ( 'NONE',  ( -0.0000000000000000000, 0.0000000000000000000, 1.000000000000000000 ) ) ;
#1952 = CARTESIAN_POINT ( 'NONE',  ( -5.350000024437900237, -1.500000000000000000, 0.1499999999999999944 ) ) ;
#1953 = LINE ( 'NONE', #24, #118 ) ;
#1954 = DIRECTION ( 'NONE',  ( -0.0000000000000000000, 0.0000000000000000000, -1.000000000000000000 ) ) ;
#1955 = VERTEX_POINT ( 'NONE', #162 ) ;
#1956 = EDGE_LOOP ( 'NONE', ( #4188, #455, #1911, #84 ) ) ;
#1957 = DIRECTION ( 'NONE',  ( 0.4999999999999998335, -0.8660254037844387076, 0.0000000000000000000 ) ) ;
#1958 = CARTESIAN_POINT ( 'NONE',  ( 4.449999974723908736, 6.200000000838191028, 0.3999999963678416703 ) ) ;
#1959 = LINE ( 'NONE', #2349, #816 ) ;
#1960 = EDGE_CURVE ( 'NONE', #2223, #2165, #3756, .T. ) ;
#1961 = ORIENTED_EDGE ( 'NONE', *, *, #988, .T. ) ;
#1962 = CARTESIAN_POINT ( 'NONE',  ( -2.400000024437900503, 6.200000000000001066, -2.049999999999999822 ) ) ;
#1963 = ADVANCED_FACE ( 'NONE', ( #1130 ), #4032, .F. ) ;
#1964 = ORIENTED_EDGE ( 'NONE', *, *, #1970, .F. ) ;
#1965 = FILL_AREA_STYLE ('',( #3344 ) ) ;
#1966 =( BOUNDED_SURFACE ( )  B_SPLINE_SURFACE ( 3, 3, ( 
 ( #4116, #3461, #1455, #458 ),
 ( #827, #3729, #499, #2823 ),
 ( #1797, #762, #1754, #480 ),
 ( #1815, #2429, #3138, #180 ) ),
 .UNSPECIFIED., .F., .F., .T. ) 
 B_SPLINE_SURFACE_WITH_KNOTS ( ( 4, 4 ),
 ( 4, 4 ),
 ( 0.0000000000000000000, 1.000000000000000000 ),
 ( 0.0000000000000000000, 1.000000000000000000 ),
 .UNSPECIFIED. ) 
 GEOMETRIC_REPRESENTATION_ITEM ( )  RATIONAL_B_SPLINE_SURFACE ( (
 ( 1.000000000000000000, 0.8047378541243649375, 0.8047378541243649375, 1.000000000000000000),
 ( 0.8047378541243609407, 0.6476030138606844178, 0.6476030138606844178, 0.8047378541243609407),
 ( 0.8047378541243609407, 0.6476030138606844178, 0.6476030138606844178, 0.8047378541243609407),
 ( 1.000000000000000000, 0.8047378541243649375, 0.8047378541243649375, 1.000000000000000000) ) ) 
 REPRESENTATION_ITEM ( '' )  SURFACE ( )  );
#1967 = ORIENTED_EDGE ( 'NONE', *, *, #1759, .F. ) ;
#1968 = EDGE_CURVE ( 'NONE', #1092, #3065, #2433, .T. ) ;
#1969 = ORIENTED_EDGE ( 'NONE', *, *, #2972, .F. ) ;
#1970 = EDGE_CURVE ( 'NONE', #3762, #914, #3126, .T. ) ;
#1971 = AXIS2_PLACEMENT_3D ( 'NONE', #919, #3561, #1638 ) ;
#1972 = ORIENTED_EDGE ( 'NONE', *, *, #1565, .F. ) ;
#1973 = DIRECTION ( 'NONE',  ( -0.5773502691896253980, -0.5773502691896253980, 0.5773502691896266192 ) ) ;
#1974 = VECTOR ( 'NONE', #3411, 1000.000000000000000 ) ;
#1975 = DIRECTION ( 'NONE',  ( -0.7071067811865475727, 0.7071067811865475727, 0.0000000000000000000 ) ) ;
#1976 = DIRECTION ( 'NONE',  ( 0.7071067811865480168, 0.7071067811865470176, 0.0000000000000000000 ) ) ;
#1977 = VECTOR ( 'NONE', #2494, 1000.000000000000000 ) ;
#1978 = AXIS2_PLACEMENT_3D ( 'NONE', #1153, #3802, #442 ) ;
#1979 = DIRECTION ( 'NONE',  ( 1.000000000000000000, 0.0000000000000000000, -3.535742116640630070E-17 ) ) ;
#1980 = FACE_BOUND ( 'NONE', #3028, .T. ) ;
#1981 = VECTOR ( 'NONE', #1109, 1000.000000000000000 ) ;
#1982 = CARTESIAN_POINT ( 'NONE',  ( 6.249999975562100296, 0.0000000000000000000, -0.3999999910593030616 ) ) ;
#1983 = SURFACE_STYLE_FILL_AREA ( #1088 ) ;
#1984 = CARTESIAN_POINT ( 'NONE',  ( -5.650000024437900059, -5.900000000000000355, -0.1500000000000019651 ) ) ;
#1985 = CARTESIAN_POINT ( 'NONE',  ( 2.399999975562100207, 6.400000000000000355, 0.2500000000000000000 ) ) ;
#1986 = VERTEX_POINT ( 'NONE', #1802 ) ;
#1987 = EDGE_LOOP ( 'NONE', ( #4021, #347, #2880, #367 ) ) ;
#1988 = AXIS2_PLACEMENT_3D ( 'NONE', #2107, #1270, #1500 ) ;
#1989 = DIRECTION ( 'NONE',  ( 0.0000000000000000000, -1.000000000000000000, 0.0000000000000000000 ) ) ;
#1990 = ORIENTED_EDGE ( 'NONE', *, *, #2385, .T. ) ;
#1991 = CARTESIAN_POINT ( 'NONE',  ( 6.249999975562100296, 6.200000000000001066, 0.4000000089406974269 ) ) ;
#1992 = AXIS2_PLACEMENT_3D ( 'NONE', #4013, #3323, #3653 ) ;
#1993 = ORIENTED_EDGE ( 'NONE', *, *, #3969, .F. ) ;
#1994 = ORIENTED_EDGE ( 'NONE', *, *, #1701, .F. ) ;
#1995 = CIRCLE ( 'NONE', #2613, 0.1499999999999999944 ) ;
#1996 = ORIENTED_EDGE ( 'NONE', *, *, #3186, .T. ) ;
#1997 = EDGE_CURVE ( 'NONE', #450, #3259, #3362, .T. ) ;
#1998 = DIRECTION ( 'NONE',  ( 0.0000000000000000000, -0.8660254037844387076, -0.4999999999999998335 ) ) ;
#1999 = ADVANCED_FACE ( 'NONE', ( #2046 ), #2092, .F. ) ;
#2000 = AXIS2_PLACEMENT_3D ( 'NONE', #350, #1620, #2947 ) ;
#2001 = DIRECTION ( 'NONE',  ( 0.0000000000000000000, 0.0000000000000000000, -1.000000000000000000 ) ) ;
#2002 = PLANE ( 'NONE',  #2117 ) ;
#2003 = DIRECTION ( 'NONE',  ( 0.0000000000000000000, -1.000000000000000000, 0.0000000000000000000 ) ) ;
#2004 = DIRECTION ( 'NONE',  ( 1.000000000000000000, 0.0000000000000000000, -0.0000000000000000000 ) ) ;
#2005 = DIRECTION ( 'NONE',  ( 0.0000000000000000000, -1.000000000000000000, 0.0000000000000000000 ) ) ;
#2006 = LINE ( 'NONE', #3298, #2588 ) ;
#2007 = DIRECTION ( 'NONE',  ( -1.000000000000000000, 0.0000000000000000000, -0.0000000000000000000 ) ) ;
#2008 = DIRECTION ( 'NONE',  ( -0.5000000000000014433, -0.8660254037844379305, 0.0000000000000000000 ) ) ;
#2009 = EDGE_LOOP ( 'NONE', ( #3161, #3396, #46, #3718 ) ) ;
#2010 = ORIENTED_EDGE ( 'NONE', *, *, #333, .F. ) ;
#2011 = DIRECTION ( 'NONE',  ( 0.8660254037844387076, -0.4999999999999998335, 0.0000000000000000000 ) ) ;
#2012 = ORIENTED_EDGE ( 'NONE', *, *, #3550, .T. ) ;
#2013 = CARTESIAN_POINT ( 'NONE',  ( 2.449999975562100030, -1.500000000000000000, -1.449999999999999956 ) ) ;
#2014 = VERTEX_POINT ( 'NONE', #3450 ) ;
#2015 = ORIENTED_EDGE ( 'NONE', *, *, #1036, .F. ) ;
#2016 = CARTESIAN_POINT ( 'NONE',  ( -6.450000024437900770, 6.400000000000000355, 0.5999999965230632393 ) ) ;
#2017 = CARTESIAN_POINT ( 'NONE',  ( 2.399999975562100207, 6.200000000000000178, -2.050000000000000266 ) ) ;
#2018 = DIRECTION ( 'NONE',  ( 1.000000000000000000, 0.0000000000000000000, 0.0000000000000000000 ) ) ;
#2019 = EDGE_CURVE ( 'NONE', #854, #770, #76, .T. ) ;
#2020 = CARTESIAN_POINT ( 'NONE',  ( 7.849999975562099941, 0.0000000000000000000, 2.399999999999999911 ) ) ;
#2021 = CARTESIAN_POINT ( 'NONE',  ( 7.849999975562099941, 0.0000000000000000000, -3.399999999999999911 ) ) ;
#2022 = EDGE_CURVE ( 'NONE', #883, #1334, #115, .T. ) ;
#2023 = DIRECTION ( 'NONE',  ( -0.0000000000000000000, 1.000000000000000000, -0.0000000000000000000 ) ) ;
#2024 = CARTESIAN_POINT ( 'NONE',  ( -1.600000024437900237, 0.0000000000000000000, -0.4499999999999990119 ) ) ;
#2025 = EDGE_CURVE ( 'NONE', #1446, #1553, #746, .T. ) ;
#2026 = LINE ( 'NONE', #1347, #1696 ) ;
#2027 = CARTESIAN_POINT ( 'NONE',  ( 1.549999975562100119, -5.380384757729339995, -1.450000000000000178 ) ) ;
#2028 = ORIENTED_EDGE ( 'NONE', *, *, #3871, .F. ) ;
#2029 = ORIENTED_EDGE ( 'NONE', *, *, #1749, .T. ) ;
#2030 = CARTESIAN_POINT ( 'NONE',  ( -1.550000024437899970, -1.500000000000000000, -0.8499999999999999778 ) ) ;
#2031 = PLANE ( 'NONE',  #1708 ) ;
#2032 = EDGE_LOOP ( 'NONE', ( #575, #1231, #1619, #801 ) ) ;
#2033 = EDGE_LOOP ( 'NONE', ( #476, #1359, #823, #1380 ) ) ;
#2034 = LINE ( 'NONE', #1101, #1925 ) ;
#2035 = ORIENTED_EDGE ( 'NONE', *, *, #617, .T. ) ;
#2036 = AXIS2_PLACEMENT_3D ( 'NONE', #4022, #995, #3684 ) ;
#2037 = CARTESIAN_POINT ( 'NONE',  ( -2.450000024437899881, -1.500000000000000000, -0.8499999999999999778 ) ) ;
#2038 = CARTESIAN_POINT ( 'NONE',  ( -5.050000024437900414, -1.500000000000000000, 0.4499999999999980127 ) ) ;
#2039 = CARTESIAN_POINT ( 'NONE',  ( -2.150000024437900503, -5.900000000000000355, 0.8499999999999998668 ) ) ;
#2040 = LINE ( 'NONE', #2364, #330 ) ;
#2041 = AXIS2_PLACEMENT_3D ( 'NONE', #2742, #2719, #3338 ) ;
#2042 = DIRECTION ( 'NONE',  ( 0.0000000000000000000, -0.8660254037844387076, -0.4999999999999998335 ) ) ;
#2043 = ORIENTED_EDGE ( 'NONE', *, *, #492, .F. ) ;
#2044 = VECTOR ( 'NONE', #629, 1000.000000000000000 ) ;
#2045 = PLANE ( 'NONE',  #3347 ) ;
#2046 = FACE_OUTER_BOUND ( 'NONE', #1362, .T. ) ;
#2047 = EDGE_CURVE ( 'NONE', #1240, #4173, #1785, .T. ) ;
#2048 = CARTESIAN_POINT ( 'NONE',  ( -2.400000024437900503, 6.200000000000001066, -0.3499999999999989786 ) ) ;
#2049 = AXIS2_PLACEMENT_3D ( 'NONE', #1581, #2247, #557 ) ;
#2050 = EDGE_CURVE ( 'NONE', #3675, #3439, #425, .T. ) ;
#2051 = ORIENTED_EDGE ( 'NONE', *, *, #2254, .T. ) ;
#2052 = DIRECTION ( 'NONE',  ( -0.0000000000000000000, 0.0000000000000000000, -1.000000000000000000 ) ) ;
#2053 = VECTOR ( 'NONE', #1886, 1000.000000000000000 ) ;
#2054 = CARTESIAN_POINT ( 'NONE',  ( -2.450000024437899881, -1.500000000000000000, -1.449999999999999956 ) ) ;
#2055 = PRESENTATION_STYLE_ASSIGNMENT (( #1378 ) ) ;
#2056 = ORIENTED_EDGE ( 'NONE', *, *, #1572, .T. ) ;
#2057 = COLOUR_RGB ( '',0.9529411764705881804, 0.8980392156862745390, 0.6549019607843137303 ) ;
#2058 = ORIENTED_EDGE ( 'NONE', *, *, #773, .T. ) ;
#2059 = ORIENTED_EDGE ( 'NONE', *, *, #457, .T. ) ;
#2060 = AXIS2_PLACEMENT_3D ( 'NONE', #3843, #570, #1551 ) ;
#2061 = LINE ( 'NONE', #452, #2340 ) ;
#2062 = ORIENTED_EDGE ( 'NONE', *, *, #1440, .F. ) ;
#2063 = VECTOR ( 'NONE', #3621, 1000.000000000000000 ) ;
#2064 = LINE ( 'NONE', #779, #2802 ) ;
#2065 = CARTESIAN_POINT ( 'NONE',  ( -2.450000024437899881, -5.380384757729339995, -0.8499999999999999778 ) ) ;
#2066 = CARTESIAN_POINT ( 'NONE',  ( -1.550000024437900192, -5.380384757729339995, -0.8499999999999998668 ) ) ;
#2067 = AXIS2_PLACEMENT_3D ( 'NONE', #565, #912, #2515 ) ;
#2068 = CARTESIAN_POINT ( 'NONE',  ( -7.509697009697421599, -1.499999999999999334, -2.635275606072545518 ) ) ;
#2069 = DIRECTION ( 'NONE',  ( 0.0000000000000000000, 0.0000000000000000000, 1.000000000000000000 ) ) ;
#2070 = LINE ( 'NONE', #3671, #3153 ) ;
#2071 = CARTESIAN_POINT ( 'NONE',  ( 2.449999975562099586, -5.380384757729339995, 1.000000000000000000 ) ) ;
#2072 = DIRECTION ( 'NONE',  ( 0.0000000000000000000, 0.0000000000000000000, -1.000000000000000000 ) ) ;
#2073 = DIRECTION ( 'NONE',  ( 0.0000000000000000000, -1.000000000000000000, 0.0000000000000000000 ) ) ;
#2074 = AXIS2_PLACEMENT_3D ( 'NONE', #1812, #844, #2164 ) ;
#2075 = ORIENTED_EDGE ( 'NONE', *, *, #3368, .F. ) ;
#2076 = ORIENTED_EDGE ( 'NONE', *, *, #2099, .T. ) ;
#2077 = ADVANCED_FACE ( 'NONE', ( #143 ), #1822, .T. ) ;
#2078 = CARTESIAN_POINT ( 'NONE',  ( -6.850000024437910007, -1.199999999999999956, -3.400000000000001688 ) ) ;
#2079 = FILL_AREA_STYLE ('',( #129 ) ) ;
#2080 = EDGE_CURVE ( 'NONE', #2962, #2306, #1155, .T. ) ;
#2081 = CARTESIAN_POINT ( 'NONE',  ( 1.549999975562099896, -1.500000000000000000, -1.449999999999999956 ) ) ;
#2082 = VERTEX_POINT ( 'NONE', #1215 ) ;
#2083 = ORIENTED_EDGE ( 'NONE', *, *, #1168, .F. ) ;
#2084 = EDGE_CURVE ( 'NONE', #1166, #2376, #2537, .T. ) ;
#2085 = DIRECTION ( 'NONE',  ( 0.0000000000000000000, -1.000000000000000000, 0.0000000000000000000 ) ) ;
#2086 = VERTEX_POINT ( 'NONE', #1564 ) ;
#2087 = FACE_BOUND ( 'NONE', #2682, .T. ) ;
#2088 = CARTESIAN_POINT ( 'NONE',  ( 4.349999975562099941, 6.299999999999999822, -0.02500000223517370029 ) ) ;
#2089 = CARTESIAN_POINT ( 'NONE',  ( 5.349999975562099941, 0.0000000000000000000, 0.0000000000000000000 ) ) ;
#2090 = CARTESIAN_POINT ( 'NONE',  ( -6.850000024437910007, 0.0000000000000000000, -2.399999999999999911 ) ) ;
#2091 = LINE ( 'NONE', #1526, #181 ) ;
#2092 = PLANE ( 'NONE',  #459 ) ;
#2093 = CARTESIAN_POINT ( 'NONE',  ( -5.500000024437900592, -5.640192378864670175, -0.3000000000000009881 ) ) ;
#2094 = ORIENTED_EDGE ( 'NONE', *, *, #1172, .T. ) ;
#2095 = ORIENTED_EDGE ( 'NONE', *, *, #1751, .F. ) ;
#2096 = DIRECTION ( 'NONE',  ( 0.0000000000000000000, 0.0000000000000000000, -1.000000000000000000 ) ) ;
#2097 = DIRECTION ( 'NONE',  ( -0.0000000000000000000, 1.000000000000000000, -0.0000000000000000000 ) ) ;
#2098 = ORIENTED_EDGE ( 'NONE', *, *, #2280, .F. ) ;
#2099 = EDGE_CURVE ( 'NONE', #1402, #787, #2231, .T. ) ;
#2100 = EDGE_LOOP ( 'NONE', ( #2483, #2702, #4108, #3374 ) ) ;
#2101 = EDGE_CURVE ( 'NONE', #2653, #1935, #545, .T. ) ;
#2102 = DIRECTION ( 'NONE',  ( -1.233581138472400057E-15, 0.0000000000000000000, -1.000000000000000000 ) ) ;
#2103 = ORIENTED_EDGE ( 'NONE', *, *, #1139, .T. ) ;
#2104 = EDGE_CURVE ( 'NONE', #268, #632, #187, .T. ) ;
#2105 = LINE ( 'NONE', #1124, #3831 ) ;
#2106 = CARTESIAN_POINT ( 'NONE',  ( 5.349999975562099941, -1.500000000000000000, 0.0000000000000000000 ) ) ;
#2107 = CARTESIAN_POINT ( 'NONE',  ( -6.850000024437910007, 0.0000000000000000000, -2.399999999999999911 ) ) ;
#2108 = FACE_OUTER_BOUND ( 'NONE', #2424, .T. ) ;
#2109 = DIRECTION ( 'NONE',  ( 0.5773502679947374316, 0.5773502679947374316, 0.5773502715794025519 ) ) ;
#2110 = CARTESIAN_POINT ( 'NONE',  ( -2.443790503292580154E-08, 6.400000000000000355, 2.250000000000000444 ) ) ;
#2111 = LINE ( 'NONE', #4101, #4068 ) ;
#2112 = VERTEX_POINT ( 'NONE', #1545 ) ;
#2113 = AXIS2_PLACEMENT_3D ( 'NONE', #3089, #1333, #2352 ) ;
#2114 = EDGE_LOOP ( 'NONE', ( #1990, #2638, #1133, #3094 ) ) ;
#2115 = DIRECTION ( 'NONE',  ( -1.000000000000000000, -0.0000000000000000000, 0.0000000000000000000 ) ) ;
#2116 = SURFACE_STYLE_FILL_AREA ( #3091 ) ;
#2117 = AXIS2_PLACEMENT_3D ( 'NONE', #373, #1976, #419 ) ;
#2118 = VECTOR ( 'NONE', #284, 1000.000000000000114 ) ;
#2119 = ORIENTED_EDGE ( 'NONE', *, *, #2523, .T. ) ;
#2120 = VECTOR ( 'NONE', #316, 1000.000000000000000 ) ;
#2121 = EDGE_LOOP ( 'NONE', ( #4232, #3456, #2773, #446 ) ) ;
#2122 = DIRECTION ( 'NONE',  ( -1.000000000000000000, 0.0000000000000000000, -2.220446049250310123E-16 ) ) ;
#2123 = VERTEX_POINT ( 'NONE', #3551 ) ;
#2124 = CARTESIAN_POINT ( 'NONE',  ( -7.850000024437909119, 0.0000000000000000000, 1.665334536937730077E-15 ) ) ;
#2125 = VECTOR ( 'NONE', #139, 1000.000000000000000 ) ;
#2126 = EDGE_CURVE ( 'NONE', #3745, #2882, #871, .T. ) ;
#2127 = CARTESIAN_POINT ( 'NONE',  ( 4.249999975562099408, 6.400000000000000355, 0.5999999940395351894 ) ) ;
#2128 = FACE_OUTER_BOUND ( 'NONE', #1203, .T. ) ;
#2129 = DIRECTION ( 'NONE',  ( 0.0000000000000000000, 0.0000000000000000000, 1.000000000000000000 ) ) ;
#2130 = AXIS2_PLACEMENT_3D ( 'NONE', #841, #473, #1792 ) ;
#2131 = LINE ( 'NONE', #3818, #1286 ) ;
#2132 = PLANE ( 'NONE',  #3491 ) ;
#2133 = AXIS2_PLACEMENT_3D ( 'NONE', #2089, #398, #3079 ) ;
#2134 = DIRECTION ( 'NONE',  ( -0.0000000000000000000, 0.0000000000000000000, -1.000000000000000000 ) ) ;
#2135 = LINE ( 'NONE', #188, #474 ) ;
#2136 = ORIENTED_EDGE ( 'NONE', *, *, #2920, .F. ) ;
#2137 = STYLED_ITEM ( 'NONE', ( #4174 ), #3897 ) ;
#2138 = ORIENTED_EDGE ( 'NONE', *, *, #3545, .F. ) ;
#2139 = DIRECTION ( 'NONE',  ( 1.000000000000000000, 0.0000000000000000000, -0.0000000000000000000 ) ) ;
#2140 = DIRECTION ( 'NONE',  ( -0.0000000000000000000, 0.0000000000000000000, -1.000000000000000000 ) ) ;
#2141 = MECHANICAL_DESIGN_GEOMETRIC_PRESENTATION_REPRESENTATION (  '', ( #2696 ), #2765 ) ;
#2142 = ORIENTED_EDGE ( 'NONE', *, *, #114, .F. ) ;
#2143 =( GEOMETRIC_REPRESENTATION_CONTEXT ( 3 ) GLOBAL_UNCERTAINTY_ASSIGNED_CONTEXT ( ( #3391 ) ) GLOBAL_UNIT_ASSIGNED_CONTEXT ( ( #2382, #460, #2778 ) ) REPRESENTATION_CONTEXT ( 'NONE', 'WORKASPACE' ) );
#2144 = ORIENTED_EDGE ( 'NONE', *, *, #4026, .T. ) ;
#2145 = CARTESIAN_POINT ( 'NONE',  ( -7.460021152312377168, -1.500000000000000444, 2.744374158241070116 ) ) ;
#2146 = VERTEX_POINT ( 'NONE', #1238 ) ;
#2147 = DIRECTION ( 'NONE',  ( 0.0000000000000000000, 0.8660254037844387076, -0.4999999999999998335 ) ) ;
#2148 = FACE_OUTER_BOUND ( 'NONE', #2337, .T. ) ;
#2149 = LINE ( 'NONE', #3800, #3361 ) ;
#2150 = LINE ( 'NONE', #3165, #2617 ) ;
#2151 = EDGE_CURVE ( 'NONE', #3937, #1386, #584, .T. ) ;
#2152 = LINE ( 'NONE', #809, #109 ) ;
#2153 = EDGE_CURVE ( 'NONE', #4261, #170, #2216, .T. ) ;
#2154 = LINE ( 'NONE', #784, #3638 ) ;
#2155 = CARTESIAN_POINT ( 'NONE',  ( -4.000000024437899704, 0.0000000000000000000, -2.500000000000000000 ) ) ;
#2156 = CARTESIAN_POINT ( 'NONE',  ( 4.449999975562099586, 0.0000000000000000000, 0.3999999988824126107 ) ) ;
#2157 = EDGE_CURVE ( 'NONE', #2334, #4048, #390, .T. ) ;
#2158 = ORIENTED_EDGE ( 'NONE', *, *, #4242, .T. ) ;
#2159 = EDGE_CURVE ( 'NONE', #3880, #2082, #1705, .T. ) ;
#2160 = CARTESIAN_POINT ( 'NONE',  ( 7.276829027000804473, -1.499999999999999778, -2.963015680146413811 ) ) ;
#2161 = LINE ( 'NONE', #1488, #4267 ) ;
#2162 = VERTEX_POINT ( 'NONE', #3805 ) ;
#2163 = ORIENTED_EDGE ( 'NONE', *, *, #1827, .T. ) ;
#2164 = DIRECTION ( 'NONE',  ( 0.0000000000000000000, 0.0000000000000000000, 1.000000000000000000 ) ) ;
#2165 = VERTEX_POINT ( 'NONE', #564 ) ;
#2166 = CARTESIAN_POINT ( 'NONE',  ( 1.599999975562099719, 6.200000000000001066, -0.2499999999999998890 ) ) ;
#2167 = SURFACE_SIDE_STYLE ('',( #157 ) ) ;
#2168 = DIRECTION ( 'NONE',  ( -1.000000000000000000, -0.0000000000000000000, 0.0000000000000000000 ) ) ;
#2169 = CARTESIAN_POINT ( 'NONE',  ( -2.443790503292580154E-08, 6.400000000000000355, 0.6000000104308129689 ) ) ;
#2170 = LINE ( 'NONE', #2449, #1893 ) ;
#2171 = CARTESIAN_POINT ( 'NONE',  ( -6.450000024437899881, 6.400000000000000355, -0.5999999910593031283 ) ) ;
#2172 = DIRECTION ( 'NONE',  ( 0.0000000000000000000, -1.000000000000000000, 0.0000000000000000000 ) ) ;
#2173 = LINE ( 'NONE', #1869, #1297 ) ;
#2174 = ORIENTED_EDGE ( 'NONE', *, *, #1469, .T. ) ;
#2175 = VECTOR ( 'NONE', #3120, 999.9999999999998863 ) ;
#2176 = CARTESIAN_POINT ( 'NONE',  ( 3.999999975562099408, 6.400000000000000355, -2.500000000000000000 ) ) ;
#2177 = EDGE_CURVE ( 'NONE', #1615, #2967, #3170, .T. ) ;
#2178 = CARTESIAN_POINT ( 'NONE',  ( 3.999999975562099408, 6.400000000000000355, -2.500000000000000444 ) ) ;
#2179 = EDGE_CURVE ( 'NONE', #214, #922, #1849, .T. ) ;
#2180 = DIRECTION ( 'NONE',  ( -1.000000000000000000, -0.0000000000000000000, -2.220446049250310123E-16 ) ) ;
#2181 = ADVANCED_FACE ( 'NONE', ( #3514 ), #3145, .F. ) ;
#2182 =( GEOMETRIC_REPRESENTATION_CONTEXT ( 3 ) GLOBAL_UNCERTAINTY_ASSIGNED_CONTEXT ( ( #4256 ) ) GLOBAL_UNIT_ASSIGNED_CONTEXT ( ( #3603, #3195, #3863 ) ) REPRESENTATION_CONTEXT ( 'NONE', 'WORKASPACE' ) );
#2183 = EDGE_LOOP ( 'NONE', ( #968, #3088, #1138, #1035 ) ) ;
#2184 = AXIS2_PLACEMENT_3D ( 'NONE', #1931, #4243, #1280 ) ;
#2185 = ORIENTED_EDGE ( 'NONE', *, *, #4057, .F. ) ;
#2186 = CLOSED_SHELL ( 'NONE', ( #3284, #1093, #8, #65, #2210, #2492, #2593, #1783 ) ) ;
#2187 = CARTESIAN_POINT ( 'NONE',  ( -7.550000024437903079, -1.500000000000000000, 2.400000000000000355 ) ) ;
#2188 = EDGE_LOOP ( 'NONE', ( #1112, #3808, #3533, #1473 ) ) ;
#2189 = CARTESIAN_POINT ( 'NONE',  ( -7.850000024437909119, 0.0000000000000000000, 2.399999999999999911 ) ) ;
#2190 = CIRCLE ( 'NONE', #327, 0.1499999999999999944 ) ;
#2191 = FACE_OUTER_BOUND ( 'NONE', #3602, .T. ) ;
#2192 = VECTOR ( 'NONE', #956, 1000.000000000000000 ) ;
#2193 = CARTESIAN_POINT ( 'NONE',  ( 2.399999975562100651, 6.200000000000001066, -2.049999999999999822 ) ) ;
#2194 = CARTESIAN_POINT ( 'NONE',  ( 1.549999975562099896, -1.500000000000000000, 1.449999999999999956 ) ) ;
#2195 = VECTOR ( 'NONE', #13, 1000.000000000000000 ) ;
#2196 = DIRECTION ( 'NONE',  ( 0.0000000000000000000, 0.0000000000000000000, 1.000000000000000000 ) ) ;
#2197 = DIRECTION ( 'NONE',  ( -0.0000000000000000000, 0.0000000000000000000, -1.000000000000000000 ) ) ;
#2198 = ORIENTED_EDGE ( 'NONE', *, *, #2422, .F. ) ;
#2199 = VERTEX_POINT ( 'NONE', #3835 ) ;
#2200 = AXIS2_PLACEMENT_3D ( 'NONE', #2745, #3408, #403 ) ;
#2201 = CARTESIAN_POINT ( 'NONE',  ( 7.023803034767099440, -1.500000000000000222, -3.078497667200369659 ) ) ;
#2202 = DIRECTION ( 'NONE',  ( 0.0000000000000000000, -1.000000000000000000, 0.0000000000000000000 ) ) ;
#2203 = CYLINDRICAL_SURFACE ( 'NONE', #3366, 0.2999999999999999334 ) ;
#2204 = AXIS2_PLACEMENT_3D ( 'NONE', #3, #669, #3266 ) ;
#2205 = EDGE_CURVE ( 'NONE', #757, #1553, #525, .T. ) ;
#2206 = EDGE_LOOP ( 'NONE', ( #3542, #1, #2174, #986, #148, #63 ) ) ;
#2207 = EDGE_CURVE ( 'NONE', #2707, #1163, #2190, .T. ) ;
#2208 = ORIENTED_EDGE ( 'NONE', *, *, #3929, .F. ) ;
#2209 = LINE ( 'NONE', #496, #1029 ) ;
#2210 = ADVANCED_FACE ( 'NONE', ( #3488 ), #2557, .T. ) ;
#2211 = ORIENTED_EDGE ( 'NONE', *, *, #3640, .T. ) ;
#2212 = EDGE_CURVE ( 'NONE', #1165, #2162, #3191, .T. ) ;
#2213 = DIRECTION ( 'NONE',  ( -1.000000000000000000, 0.0000000000000000000, 0.0000000000000000000 ) ) ;
#2214 = CARTESIAN_POINT ( 'NONE',  ( 1.399999975562099985, 6.400000000000000355, -0.04999999999999980849 ) ) ;
#2215 = CARTESIAN_POINT ( 'NONE',  ( -5.050000024437900414, -5.380384757729339995, 0.4499999999999981792 ) ) ;
#2216 = LINE ( 'NONE', #2497, #2464 ) ;
#2217 = DIRECTION ( 'NONE',  ( -0.0000000000000000000, -1.000000000000000000, -0.0000000000000000000 ) ) ;
#2218 = ORIENTED_EDGE ( 'NONE', *, *, #2022, .T. ) ;
#2219 = ORIENTED_EDGE ( 'NONE', *, *, #2946, .F. ) ;
#2220 = DIRECTION ( 'NONE',  ( -0.0000000000000000000, 1.000000000000000000, -0.0000000000000000000 ) ) ;
#2221 = ORIENTED_EDGE ( 'NONE', *, *, #1036, .T. ) ;
#2222 = DIRECTION ( 'NONE',  ( 0.0000000000000000000, 0.0000000000000000000, -1.000000000000000000 ) ) ;
#2223 = VERTEX_POINT ( 'NONE', #1527 ) ;
#2224 = EDGE_LOOP ( 'NONE', ( #1396, #1529, #4159, #3021 ) ) ;
#2225 = PLANE ( 'NONE',  #2945 ) ;
#2226 = EDGE_CURVE ( 'NONE', #1464, #4173, #1953, .T. ) ;
#2227 = CARTESIAN_POINT ( 'NONE',  ( -6.250000024437899704, 6.400000000000000355, -0.3999999910593030616 ) ) ;
#2228 = EDGE_CURVE ( 'NONE', #1615, #126, #1652, .T. ) ;
#2229 = CARTESIAN_POINT ( 'NONE',  ( -7.550000024437909296, -1.499999999999999778, -2.399999999999999467 ) ) ;
#2230 = CARTESIAN_POINT ( 'NONE',  ( -1.400000024437899837, 6.400000000000000355, 0.04999999999999992645 ) ) ;
#2231 = LINE ( 'NONE', #1178, #3642 ) ;
#2232 = CARTESIAN_POINT ( 'NONE',  ( 2.224999975562099941, 6.299999999999999822, -0.4999999910593029839 ) ) ;
#2233 = ORIENTED_EDGE ( 'NONE', *, *, #3715, .T. ) ;
#2234 = EDGE_LOOP ( 'NONE', ( #4248, #281, #684, #688 ) ) ;
#2235 = DIRECTION ( 'NONE',  ( 0.0000000000000000000, 0.0000000000000000000, 1.000000000000000000 ) ) ;
#2236 = FACE_OUTER_BOUND ( 'NONE', #2114, .T. ) ;
#2237 = CARTESIAN_POINT ( 'NONE',  ( 2.399999975562100207, 6.400000000000000355, 2.049999999999999822 ) ) ;
#2238 = VECTOR ( 'NONE', #2949, 1000.000000000000000 ) ;
#2239 = ORIENTED_EDGE ( 'NONE', *, *, #3239, .T. ) ;
#2240 = DIRECTION ( 'NONE',  ( 0.0000000000000000000, -0.0000000000000000000, 1.000000000000000000 ) ) ;
#2241 = ORIENTED_EDGE ( 'NONE', *, *, #2688, .F. ) ;
#2242 = AXIS2_PLACEMENT_3D ( 'NONE', #230, #4212, #3623 ) ;
#2243 = CARTESIAN_POINT ( 'NONE',  ( 1.549999975562099896, -1.500000000000000000, 1.449999999999999956 ) ) ;
#2244 = ORIENTED_EDGE ( 'NONE', *, *, #906, .T. ) ;
#2245 = ORIENTED_EDGE ( 'NONE', *, *, #3526, .T. ) ;
#2246 = VECTOR ( 'NONE', #3082, 1000.000000000000000 ) ;
#2247 = DIRECTION ( 'NONE',  ( 0.0000000000000000000, 1.000000000000000000, 0.0000000000000000000 ) ) ;
#2248 = VECTOR ( 'NONE', #4100, 1000.000000000000000 ) ;
#2249 = VECTOR ( 'NONE', #2252, 1000.000000000000000 ) ;
#2250 = FACE_OUTER_BOUND ( 'NONE', #3003, .T. ) ;
#2251 = EDGE_CURVE ( 'NONE', #1296, #1006, #336, .T. ) ;
#2252 = DIRECTION ( 'NONE',  ( -1.000000000000000000, 0.0000000000000000000, -0.0000000000000000000 ) ) ;
#2253 = LINE ( 'NONE', #1214, #2878 ) ;
#2254 = EDGE_CURVE ( 'NONE', #3490, #3064, #3959, .T. ) ;
#2255 = CARTESIAN_POINT ( 'NONE',  ( -5.350000024437900237, -5.900000000000000355, -1.110223024625160090E-15 ) ) ;
#2256 = DIRECTION ( 'NONE',  ( 0.0000000000000000000, 0.0000000000000000000, 1.000000000000000000 ) ) ;
#2257 = ORIENTED_EDGE ( 'NONE', *, *, #171, .F. ) ;
#2258 = ORIENTED_EDGE ( 'NONE', *, *, #3076, .T. ) ;
#2259 = LINE ( 'NONE', #4189, #1420 ) ;
#2260 = EDGE_CURVE ( 'NONE', #2162, #3045, #630, .T. ) ;
#2261 =( GEOMETRIC_REPRESENTATION_CONTEXT ( 3 ) GLOBAL_UNCERTAINTY_ASSIGNED_CONTEXT ( ( #365 ) ) GLOBAL_UNIT_ASSIGNED_CONTEXT ( ( #3613, #989, #346 ) ) REPRESENTATION_CONTEXT ( 'NONE', 'WORKASPACE' ) );
#2262 = DIRECTION ( 'NONE',  ( 0.0000000000000000000, 0.0000000000000000000, -1.000000000000000000 ) ) ;
#2263 = DIRECTION ( 'NONE',  ( 1.000000000000000000, 0.0000000000000000000, -0.0000000000000000000 ) ) ;
#2264 = DIRECTION ( 'NONE',  ( 0.4999999999999998335, -0.8660254037844387076, 0.0000000000000000000 ) ) ;
#2265 = CIRCLE ( 'NONE', #3986, 0.1499999999999999667 ) ;
#2266 = ORIENTED_EDGE ( 'NONE', *, *, #1947, .F. ) ;
#2267 = LINE ( 'NONE', #296, #515 ) ;
#2268 = ORIENTED_EDGE ( 'NONE', *, *, #607, .T. ) ;
#2269 = VECTOR ( 'NONE', #2831, 1000.000000000000000 ) ;
#2270 =( LENGTH_UNIT ( ) NAMED_UNIT ( * ) SI_UNIT ( .MILLI., .METRE. ) );
#2271 = ORIENTED_EDGE ( 'NONE', *, *, #555, .F. ) ;
#2272 = VERTEX_POINT ( 'NONE', #2976 ) ;
#2273 = VECTOR ( 'NONE', #1037, 1000.000000000000000 ) ;
#2274 = DIRECTION ( 'NONE',  ( -0.4999999999999998335, 0.8660254037844387076, -0.0000000000000000000 ) ) ;
#2275 =( GEOMETRIC_REPRESENTATION_CONTEXT ( 3 ) GLOBAL_UNCERTAINTY_ASSIGNED_CONTEXT ( ( #277 ) ) GLOBAL_UNIT_ASSIGNED_CONTEXT ( ( #1861, #2486, #3458 ) ) REPRESENTATION_CONTEXT ( 'NONE', 'WORKASPACE' ) );
#2276 = CARTESIAN_POINT ( 'NONE',  ( 1.549999975562099896, -1.500000000000000000, 0.8499999999999999778 ) ) ;
#2277 = CARTESIAN_POINT ( 'NONE',  ( -5.050000024437900414, -5.380384757729339995, -0.4500000000000010658 ) ) ;
#2278 = FACE_OUTER_BOUND ( 'NONE', #1318, .T. ) ;
#2279 = CARTESIAN_POINT ( 'NONE',  ( -4.000000024437906809, 0.0000000000000000000, -2.500000000000000000 ) ) ;
#2280 = EDGE_CURVE ( 'NONE', #1118, #2485, #3269, .T. ) ;
#2281 = CARTESIAN_POINT ( 'NONE',  ( 5.649999975562099763, -5.380384757729339995, 0.4499999999999979572 ) ) ;
#2282 = ADVANCED_FACE ( 'NONE', ( #2993 ), #6, .T. ) ;
#2283 = ORIENTED_EDGE ( 'NONE', *, *, #3415, .F. ) ;
#2284 = ORIENTED_EDGE ( 'NONE', *, *, #3840, .T. ) ;
#2285 = CARTESIAN_POINT ( 'NONE',  ( 2.449999975562100030, -1.500000000000000000, 1.449999999999999956 ) ) ;
#2286 = CARTESIAN_POINT ( 'NONE',  ( -1.600000024437900237, 6.200000000000000178, -2.050000000000000266 ) ) ;
#2287 = PLANE ( 'NONE',  #1148 ) ;
#2288 = ADVANCED_FACE ( 'NONE', ( #2645 ), #997, .T. ) ;
#2289 = DIRECTION ( 'NONE',  ( -0.0000000000000000000, 0.7071067811865470176, 0.7071067811865480168 ) ) ;
#2290 = EDGE_CURVE ( 'NONE', #4219, #4227, #3646, .T. ) ;
#2291 = ORIENTED_EDGE ( 'NONE', *, *, #1407, .T. ) ;
#2292 = DIRECTION ( 'NONE',  ( 0.4999999999999998335, -0.8660254037844387076, 0.0000000000000000000 ) ) ;
#2293 = ORIENTED_EDGE ( 'NONE', *, *, #1275, .F. ) ;
#2294 = EDGE_LOOP ( 'NONE', ( #2291, #1241, #1993, #1514, #3452, #2062 ) ) ;
#2295 = ORIENTED_EDGE ( 'NONE', *, *, #224, .F. ) ;
#2296 = DIRECTION ( 'NONE',  ( 0.0000000000000000000, -1.000000000000000000, 0.0000000000000000000 ) ) ;
#2297 = LINE ( 'NONE', #1020, #1342 ) ;
#2298 = CARTESIAN_POINT ( 'NONE',  ( -6.250000024437899704, 0.0000000000000000000, -0.3999999910593030616 ) ) ;
#2299 = FACE_BOUND ( 'NONE', #3271, .T. ) ;
#2300 = DIRECTION ( 'NONE',  ( -1.000000000000000000, 0.0000000000000000000, -2.220446049250310123E-16 ) ) ;
#2301 = DIRECTION ( 'NONE',  ( -0.8660254037844387076, -0.4999999999999998335, 0.0000000000000000000 ) ) ;
#2302 = LINE ( 'NONE', #271, #578 ) ;
#2303 = FACE_OUTER_BOUND ( 'NONE', #863, .T. ) ;
#2304 = CARTESIAN_POINT ( 'NONE',  ( 1.599999975562099941, 0.0000000000000000000, 0.2500000000000000000 ) ) ;
#2305 = LINE ( 'NONE', #654, #3440 ) ;
#2306 = VERTEX_POINT ( 'NONE', #2279 ) ;
#2307 = EDGE_CURVE ( 'NONE', #252, #3747, #3669, .T. ) ;
#2308 = CYLINDRICAL_SURFACE ( 'NONE', #3627, 1.000000000000000000 ) ;
#2309 = ORIENTED_EDGE ( 'NONE', *, *, #853, .T. ) ;
#2310 = ADVANCED_FACE ( 'NONE', ( #3981 ), #2910, .T. ) ;
#2311 = DIRECTION ( 'NONE',  ( 6.123233995736766036E-17, 0.0000000000000000000, -1.000000000000000000 ) ) ;
#2312 = VERTEX_POINT ( 'NONE', #3318 ) ;
#2313 = VERTEX_POINT ( 'NONE', #4273 ) ;
#2314 = PLANE ( 'NONE',  #1445 ) ;
#2315 = AXIS2_PLACEMENT_3D ( 'NONE', #3945, #979, #2235 ) ;
#2316 = PLANE ( 'NONE',  #1067 ) ;
#2317 = LINE ( 'NONE', #3619, #2667 ) ;
#2318 = VECTOR ( 'NONE', #2575, 1000.000000000000000 ) ;
#2319 = AXIS2_PLACEMENT_3D ( 'NONE', #3465, #3426, #783 ) ;
#2320 = CARTESIAN_POINT ( 'NONE',  ( -6.850000024437910007, 0.0000000000000000000, 2.399999999999999911 ) ) ;
#2321 = DIRECTION ( 'NONE',  ( 0.0000000000000000000, 0.0000000000000000000, 1.000000000000000000 ) ) ;
#2322 = AXIS2_PLACEMENT_3D ( 'NONE', #2594, #600, #1256 ) ;
#2323 = DIRECTION ( 'NONE',  ( 0.0000000000000000000, -0.0000000000000000000, -1.000000000000000000 ) ) ;
#2324 = CARTESIAN_POINT ( 'NONE',  ( -2.450000024437899881, -1.500000000000000000, -0.8499999999999999778 ) ) ;
#2325 = DIRECTION ( 'NONE',  ( 1.000000000000000000, 0.0000000000000000000, -0.0000000000000000000 ) ) ;
#2326 = LINE ( 'NONE', #1635, #1226 ) ;
#2327 = EDGE_LOOP ( 'NONE', ( #1599, #598, #469, #2460 ) ) ;
#2328 = ORIENTED_EDGE ( 'NONE', *, *, #2362, .F. ) ;
#2329 = DIRECTION ( 'NONE',  ( 0.0000000000000000000, -1.000000000000000000, 0.0000000000000000000 ) ) ;
#2330 = ORIENTED_EDGE ( 'NONE', *, *, #3449, .F. ) ;
#2331 = AXIS2_PLACEMENT_3D ( 'NONE', #3301, #2289, #983 ) ;
#2332 = EDGE_CURVE ( 'NONE', #2955, #1463, #2576, .T. ) ;
#2333 = ORIENTED_EDGE ( 'NONE', *, *, #834, .F. ) ;
#2334 = VERTEX_POINT ( 'NONE', #3941 ) ;
#2335 = ADVANCED_FACE ( 'NONE', ( #1305, #266, #4225, #976, #2299, #935, #1260 ), #606, .T. ) ;
#2336 = AXIS2_PLACEMENT_3D ( 'NONE', #4077, #764, #2042 ) ;
#2337 = EDGE_LOOP ( 'NONE', ( #2358, #1228, #2711, #427 ) ) ;
#2338 = ADVANCED_FACE ( 'NONE', ( #2930 ), #2603, .T. ) ;
#2339 = LINE ( 'NONE', #627, #4277 ) ;
#2340 = VECTOR ( 'NONE', #3376, 1000.000000000000000 ) ;
#2341 = EDGE_CURVE ( 'NONE', #1851, #3699, #4008, .T. ) ;
#2342 = DIRECTION ( 'NONE',  ( 0.0000000000000000000, 0.0000000000000000000, -1.000000000000000000 ) ) ;
#2343 = DIRECTION ( 'NONE',  ( -0.5773502691896258421, -0.5773502691896258421, -0.5773502691896257311 ) ) ;
#2344 = CIRCLE ( 'NONE', #3036, 1.000000000000000000 ) ;
#2345 = LINE ( 'NONE', #1023, #130 ) ;
#2346 = DIRECTION ( 'NONE',  ( -0.0000000000000000000, 0.0000000000000000000, -1.000000000000000000 ) ) ;
#2347 = LINE ( 'NONE', #1740, #108 ) ;
#2348 = DIRECTION ( 'NONE',  ( 0.0000000000000000000, 0.0000000000000000000, -1.000000000000000000 ) ) ;
#2349 = CARTESIAN_POINT ( 'NONE',  ( 2.449999975562100030, -1.500000000000000000, -1.449999999999999956 ) ) ;
#2350 = EDGE_LOOP ( 'NONE', ( #3218, #2208, #1180, #1807 ) ) ;
#2351 = ORIENTED_EDGE ( 'NONE', *, *, #2179, .F. ) ;
#2352 = DIRECTION ( 'NONE',  ( -0.0000000000000000000, 0.0000000000000000000, -1.000000000000000000 ) ) ;
#2353 = LINE ( 'NONE', #17, #4264 ) ;
#2354 = EDGE_LOOP ( 'NONE', ( #3790, #1298, #258, #1252 ) ) ;
#2355 = ORIENTED_EDGE ( 'NONE', *, *, #4055, .F. ) ;
#2356 = ORIENTED_EDGE ( 'NONE', *, *, #2595, .F. ) ;
#2357 = CARTESIAN_POINT ( 'NONE',  ( 1.199999975562100030, 6.299999999999999822, 2.149999999999999911 ) ) ;
#2358 = ORIENTED_EDGE ( 'NONE', *, *, #2767, .F. ) ;
#2359 = CARTESIAN_POINT ( 'NONE',  ( -2.000000024437909918, 0.0000000000000000000, 1.149999999999999911 ) ) ;
#2360 = ADVANCED_FACE ( 'NONE', ( #1041 ), #3731, .T. ) ;
#2361 = LINE ( 'NONE', #2713, #3974 ) ;
#2362 = EDGE_CURVE ( 'NONE', #4040, #268, #3356, .T. ) ;
#2363 = ADVANCED_FACE ( 'NONE', ( #1126 ), #1716, .T. ) ;
#2364 = CARTESIAN_POINT ( 'NONE',  ( 1.399999975562099985, 6.400000000000000355, -0.4499999999999990119 ) ) ;
#2365 = DIRECTION ( 'NONE',  ( -0.0000000000000000000, 0.0000000000000000000, -1.000000000000000000 ) ) ;
#2366 = FACE_OUTER_BOUND ( 'NONE', #642, .T. ) ;
#2367 = CARTESIAN_POINT ( 'NONE',  ( 6.849999975562099941, -1.500000000000000000, 3.100000000000000533 ) ) ;
#2368 = CARTESIAN_POINT ( 'NONE',  ( 7.435786413189003241, -1.375735931288071257, 3.399999999999999467 ) ) ;
#2369 = PLANE ( 'NONE',  #2331 ) ;
#2370 = VERTEX_POINT ( 'NONE', #3709 ) ;
#2371 = ORIENTED_EDGE ( 'NONE', *, *, #4162, .F. ) ;
#2372 = DIRECTION ( 'NONE',  ( 0.0000000000000000000, -0.0000000000000000000, -1.000000000000000000 ) ) ;
#2373 = CARTESIAN_POINT ( 'NONE',  ( -6.850000024437910007, -1.199999999999999956, 2.399999999999999911 ) ) ;
#2374 = ORIENTED_EDGE ( 'NONE', *, *, #3748, .T. ) ;
#2375 = EDGE_LOOP ( 'NONE', ( #552, #3245, #2622, #2330 ) ) ;
#2376 = VERTEX_POINT ( 'NONE', #1412 ) ;
#2377 = CARTESIAN_POINT ( 'NONE',  ( -6.850000024437910007, 0.0000000000000000000, -2.499999999999999556 ) ) ;
#2378 = ORIENTED_EDGE ( 'NONE', *, *, #3631, .T. ) ;
#2379 = AXIS2_PLACEMENT_3D ( 'NONE', #4141, #4115, #1082 ) ;
#2380 = CARTESIAN_POINT ( 'NONE',  ( 2.449999975562100030, -1.500000000000000000, 1.449999999999999956 ) ) ;
#2381 = CARTESIAN_POINT ( 'NONE',  ( -1.600000024437900237, 6.400000000000000355, 2.049999999999999822 ) ) ;
#2382 =( LENGTH_UNIT ( ) NAMED_UNIT ( * ) SI_UNIT ( .MILLI., .METRE. ) );
#2383 = CARTESIAN_POINT ( 'NONE',  ( -7.550000024437911073, -1.500000000000000000, -2.399999999999999911 ) ) ;
#2384 = CARTESIAN_POINT ( 'NONE',  ( -6.250000024437899704, 6.400000000000000355, 0.3999999977648260319 ) ) ;
#2385 = EDGE_CURVE ( 'NONE', #4227, #1463, #50, .T. ) ;
#2386 = CARTESIAN_POINT ( 'NONE',  ( 2.449999975562100030, -1.500000000000000000, 0.8499999999999999778 ) ) ;
#2387 = EDGE_CURVE ( 'NONE', #973, #3064, #713, .T. ) ;
#2388 = PLANE ( 'NONE',  #178 ) ;
#2389 = AXIS2_PLACEMENT_3D ( 'NONE', #3734, #2432, #465 ) ;
#2390 = DIRECTION ( 'NONE',  ( 0.0000000000000000000, 0.0000000000000000000, -1.000000000000000000 ) ) ;
#2391 = PLANE ( 'NONE',  #3027 ) ;
#2392 = VECTOR ( 'NONE', #3479, 1000.000000000000227 ) ;
#2393 = EDGE_LOOP ( 'NONE', ( #3326, #4127, #778, #3540, #326, #4286 ) ) ;
#2394 = VERTEX_POINT ( 'NONE', #116 ) ;
#2395 = EDGE_CURVE ( 'NONE', #3849, #61, #2040, .T. ) ;
#2396 = DIRECTION ( 'NONE',  ( 0.0000000000000000000, 0.0000000000000000000, -1.000000000000000000 ) ) ;
#2397 = LINE ( 'NONE', #1449, #4000 ) ;
#2398 = EDGE_LOOP ( 'NONE', ( #3502, #1052, #1793, #4093 ) ) ;
#2399 = ORIENTED_EDGE ( 'NONE', *, *, #1387, .T. ) ;
#2400 = VECTOR ( 'NONE', #1831, 1000.000000000000227 ) ;
#2401 = CARTESIAN_POINT ( 'NONE',  ( 3.999999975562099408, 0.0000000000000000000, -2.500000000000000000 ) ) ;
#2402 = ORIENTED_EDGE ( 'NONE', *, *, #4269, .T. ) ;
#2403 = LINE ( 'NONE', #761, #3552 ) ;
#2404 = FACE_OUTER_BOUND ( 'NONE', #3538, .T. ) ;
#2405 = CARTESIAN_POINT ( 'NONE',  ( 1.999999975562100074, 2.055000000000000604, 1.149999999999999911 ) ) ;
#2406 = VECTOR ( 'NONE', #3853, 1000.000000000000000 ) ;
#2407 = DIRECTION ( 'NONE',  ( 1.000000000000000000, 0.0000000000000000000, -0.0000000000000000000 ) ) ;
#2408 = CARTESIAN_POINT ( 'NONE',  ( 2.599999975562099941, 6.400000000000000355, -0.4499999999999990119 ) ) ;
#2409 = CARTESIAN_POINT ( 'NONE',  ( -2.450000024437899437, -5.380384757729339995, -1.450000000000000178 ) ) ;
#2410 = VECTOR ( 'NONE', #3903, 1000.000000000000000 ) ;
#2411 = LINE ( 'NONE', #2071, #929 ) ;
#2412 = EDGE_CURVE ( 'NONE', #3972, #1402, #3687, .T. ) ;
#2413 = CARTESIAN_POINT ( 'NONE',  ( 7.849999975562099941, -1.375735931288071479, 2.399999999999998579 ) ) ;
#2414 = CARTESIAN_POINT ( 'NONE',  ( 1.549999975562100341, -5.380384757729339995, 1.449999999999999956 ) ) ;
#2415 = ADVANCED_FACE ( 'NONE', ( #3333 ), #2737, .T. ) ;
#2416 = ORIENTED_EDGE ( 'NONE', *, *, #834, .T. ) ;
#2417 = ORIENTED_EDGE ( 'NONE', *, *, #1731, .F. ) ;
#2418 = CARTESIAN_POINT ( 'NONE',  ( -1.600000024437900237, 0.0000000000000000000, -2.049999999999999822 ) ) ;
#2419 = EDGE_CURVE ( 'NONE', #3457, #2955, #4053, .T. ) ;
#2420 = CARTESIAN_POINT ( 'NONE',  ( -5.350000024437900237, -5.900000000000000355, 0.1499999999999979960 ) ) ;
#2421 = LINE ( 'NONE', #1426, #2400 ) ;
#2422 = EDGE_CURVE ( 'NONE', #3262, #3913, #72, .T. ) ;
#2423 = EDGE_LOOP ( 'NONE', ( #2687, #3348 ) ) ;
#2424 = EDGE_LOOP ( 'NONE', ( #1397, #2416, #311, #571 ) ) ;
#2425 = DIRECTION ( 'NONE',  ( 0.0000000000000000000, 0.7071067811865475727, -0.7071067811865475727 ) ) ;
#2426 = EDGE_LOOP ( 'NONE', ( #1611, #4175 ) ) ;
#2427 = B_SPLINE_CURVE_WITH_KNOTS ( 'NONE', 3,
 ( #2383, #2715, #3774, #440, #739, #2068, #1686, #2430, #1435, #4076, #4096, #3753, #3383, #421, #1737, #781 ),
 .UNSPECIFIED., .F., .F.,
 ( 4, 1, 2, 2, 2, 1, 2, 2, 4 ),
 ( 0.0000000000000000000, 0.1250000000000022482, 0.1875000000000025258, 0.2500000000000028311, 0.5000000000000004441, 0.6249999999999993339, 0.6874999999999990008, 0.7499999999999987788, 1.000000000000000000 ),
 .UNSPECIFIED. ) ;
#2428 = CARTESIAN_POINT ( 'NONE',  ( 7.260050481900935715, -1.500000000000000222, -3.099999999999998757 ) ) ;
#2429 = CARTESIAN_POINT ( 'NONE',  ( -7.550000024437905743, -1.499999999999999556, 2.810050506338830800 ) ) ;
#2430 = CARTESIAN_POINT ( 'NONE',  ( -7.413015704584275944, -1.500000000000000222, -2.826829051438873197 ) ) ;
#2431 = DIRECTION ( 'NONE',  ( -0.0000000000000000000, -0.0000000000000000000, -1.000000000000000000 ) ) ;
#2432 = DIRECTION ( 'NONE',  ( 0.0000000000000000000, 1.000000000000000000, 0.0000000000000000000 ) ) ;
#2433 = LINE ( 'NONE', #1721, #1981 ) ;
#2434 = CARTESIAN_POINT ( 'NONE',  ( -2.443790503292580154E-08, 0.0000000000000000000, -0.3999999910593030616 ) ) ;
#2435 = ORIENTED_EDGE ( 'NONE', *, *, #297, .F. ) ;
#2436 = ORIENTED_EDGE ( 'NONE', *, *, #147, .F. ) ;
#2437 = CARTESIAN_POINT ( 'NONE',  ( 1.699999975562100030, -5.640192378864670175, 1.449999999999999956 ) ) ;
#2438 = ADVANCED_FACE ( 'NONE', ( #3403 ), #2762, .F. ) ;
#2439 = ORIENTED_EDGE ( 'NONE', *, *, #29, .F. ) ;
#2440 = EDGE_CURVE ( 'NONE', #793, #1118, #2427, .T. ) ;
#2441 = ORIENTED_EDGE ( 'NONE', *, *, #2307, .F. ) ;
#2442 = LINE ( 'NONE', #86, #3994 ) ;
#2443 = DIRECTION ( 'NONE',  ( -0.0000000000000000000, 1.000000000000000000, 0.0000000000000000000 ) ) ;
#2444 = LINE ( 'NONE', #2127, #2392 ) ;
#2445 =( LENGTH_UNIT ( ) NAMED_UNIT ( * ) SI_UNIT ( .MILLI., .METRE. ) );
#2446 = CARTESIAN_POINT ( 'NONE',  ( -2.443790503292580154E-08, 0.0000000000000000000, -2.500000000000000000 ) ) ;
#2447 = FACE_OUTER_BOUND ( 'NONE', #2641, .T. ) ;
#2448 = VECTOR ( 'NONE', #393, 1000.000000000000000 ) ;
#2449 = CARTESIAN_POINT ( 'NONE',  ( 6.949999975562099586, 0.0000000000000000000, 2.399999999999999911 ) ) ;
#2450 = DIRECTION ( 'NONE',  ( 0.0000000000000000000, 0.0000000000000000000, 1.000000000000000000 ) ) ;
#2451 = VECTOR ( 'NONE', #4006, 1000.000000000000000 ) ;
#2452 = CARTESIAN_POINT ( 'NONE',  ( 2.149999975562100207, -5.900000000000000355, 1.149999999999999911 ) ) ;
#2453 = DIRECTION ( 'NONE',  ( -0.0000000000000000000, 0.0000000000000000000, -1.000000000000000000 ) ) ;
#2454 = ORIENTED_EDGE ( 'NONE', *, *, #2550, .T. ) ;
#2455 = AXIS2_PLACEMENT_3D ( 'NONE', #101, #3367, #1725 ) ;
#2456 = EDGE_LOOP ( 'NONE', ( #1841, #136, #3847, #538, #1069, #821 ) ) ;
#2457 = CARTESIAN_POINT ( 'NONE',  ( 7.085275581634754793, -1.500000000000000000, -3.059696985259434676 ) ) ;
#2458 = PRESENTATION_STYLE_ASSIGNMENT (( #2789 ) ) ;
#2459 = CLOSED_SHELL ( 'NONE', ( #808, #2363, #3746, #3025, #3503, #4220, #489, #3315 ) ) ;
#2460 = ORIENTED_EDGE ( 'NONE', *, *, #2681, .T. ) ;
#2461 = AXIS2_PLACEMENT_3D ( 'NONE', #3224, #2842, #2883 ) ;
#2462 = EDGE_LOOP ( 'NONE', ( #1870, #2840, #3346, #918 ) ) ;
#2463 = EDGE_CURVE ( 'NONE', #664, #707, #2469, .T. ) ;
#2464 = VECTOR ( 'NONE', #1868, 1000.000000000000114 ) ;
#2465 = CARTESIAN_POINT ( 'NONE',  ( -2.450000024437899881, -1.500000000000000000, 1.449999999999999956 ) ) ;
#2466 = ADVANCED_FACE ( 'NONE', ( #2128 ), #2618, .T. ) ;
#2467 = ORIENTED_EDGE ( 'NONE', *, *, #830, .F. ) ;
#2468 = PLANE ( 'NONE',  #4111 ) ;
#2469 = CIRCLE ( 'NONE', #1988, 1.000000000000000444 ) ;
#2470 = CARTESIAN_POINT ( 'NONE',  ( -6.850000024437910007, 0.0000000000000000000, 2.399999999999999911 ) ) ;
#2471 = CARTESIAN_POINT ( 'NONE',  ( -4.450000024437899881, 0.0000000000000000000, -0.3999999910593030616 ) ) ;
#2472 = EDGE_CURVE ( 'NONE', #300, #2112, #2149, .T. ) ;
#2473 = VECTOR ( 'NONE', #125, 1000.000000000000114 ) ;
#2474 = PLANE ( 'NONE',  #1978 ) ;
#2475 = CYLINDRICAL_SURFACE ( 'NONE', #1140, 0.09999999999999982514 ) ;
#2476 = CIRCLE ( 'NONE', #602, 0.09999999999999982514 ) ;
#2477 = CARTESIAN_POINT ( 'NONE',  ( 4.249999975562100296, 6.400000000000000355, -0.5999999910593030172 ) ) ;
#2478 = DIRECTION ( 'NONE',  ( 1.000000000000000000, 0.0000000000000000000, 0.0000000000000000000 ) ) ;
#2479 = VERTEX_POINT ( 'NONE', #2243 ) ;
#2480 = VECTOR ( 'NONE', #2085, 1000.000000000000000 ) ;
#2481 = ORIENTED_EDGE ( 'NONE', *, *, #3205, .F. ) ;
#2482 = CARTESIAN_POINT ( 'NONE',  ( -2.400000024437900059, 6.400000000000000355, 2.049999999999999822 ) ) ;
#2483 = ORIENTED_EDGE ( 'NONE', *, *, #1878, .T. ) ;
#2484 = COLOUR_RGB ( '',0.9529411764705881804, 0.8980392156862745390, 0.6549019607843137303 ) ;
#2485 = VERTEX_POINT ( 'NONE', #1251 ) ;
#2486 =( NAMED_UNIT ( * ) PLANE_ANGLE_UNIT ( ) SI_UNIT ( $, .RADIAN. ) );
#2487 = ORIENTED_EDGE ( 'NONE', *, *, #1803, .F. ) ;
#2488 = CARTESIAN_POINT ( 'NONE',  ( -7.850000024437909119, 0.0000000000000000000, -2.399999999999999911 ) ) ;
#2489 = DIRECTION ( 'NONE',  ( -0.0000000000000000000, 1.000000000000000000, -0.0000000000000000000 ) ) ;
#2490 = LINE ( 'NONE', #2922, #3092 ) ;
#2491 = LINE ( 'NONE', #2227, #3241 ) ;
#2492 = ADVANCED_FACE ( 'NONE', ( #2567 ), #1844, .T. ) ;
#2493 = CARTESIAN_POINT ( 'NONE',  ( 1.199999975562100030, 6.299999999999999822, -0.1499999999999999944 ) ) ;
#2494 = DIRECTION ( 'NONE',  ( -0.0000000000000000000, 1.000000000000000000, 0.0000000000000000000 ) ) ;
#2495 = PRODUCT_RELATED_PRODUCT_CATEGORY ( 'part', '', ( #522 ) ) ;
#2496 = EDGE_CURVE ( 'NONE', #1166, #3223, #3463, .T. ) ;
#2497 = CARTESIAN_POINT ( 'NONE',  ( -2.600000024437899793, 6.400000000000000355, -0.04999999999999980849 ) ) ;
#2498 = DIRECTION ( 'NONE',  ( 1.000000000000000000, 0.0000000000000000000, 0.0000000000000000000 ) ) ;
#2499 = ORIENTED_EDGE ( 'NONE', *, *, #3765, .T. ) ;
#2500 = CARTESIAN_POINT ( 'NONE',  ( 6.949999975562099586, 6.400000000000000355, -2.399999999999999911 ) ) ;
#2501 = MANIFOLD_SOLID_BREP ( 'K\X\F6rper7', #4047 ) ;
#2502 = CARTESIAN_POINT ( 'NONE',  ( -1.500000024437899926, 6.299999999999999822, -1.250000000000000000 ) ) ;
#2503 = DIRECTION ( 'NONE',  ( 0.0000000000000000000, -1.000000000000000000, 0.0000000000000000000 ) ) ;
#2504 = ORIENTED_EDGE ( 'NONE', *, *, #3422, .T. ) ;
#2505 = VERTEX_POINT ( 'NONE', #3815 ) ;
#2506 = LINE ( 'NONE', #1876, #409 ) ;
#2507 = VERTEX_POINT ( 'NONE', #921 ) ;
#2508 = LINE ( 'NONE', #1879, #3222 ) ;
#2509 = APPLICATION_PROTOCOL_DEFINITION ( 'draft international standard', 'automotive_design', 1998, #1501 ) ;
#2510 = DIRECTION ( 'NONE',  ( -1.000000000000000000, 0.0000000000000000000, -0.0000000000000000000 ) ) ;
#2511 = CARTESIAN_POINT ( 'NONE',  ( -7.435786462064815083, -1.199999999999999956, -3.399999999999999467 ) ) ;
#2512 = FACE_OUTER_BOUND ( 'NONE', #3881, .T. ) ;
#2513 = DIRECTION ( 'NONE',  ( 0.0000000000000000000, 0.0000000000000000000, -1.000000000000000000 ) ) ;
#2514 = EDGE_CURVE ( 'NONE', #2707, #3953, #1946, .T. ) ;
#2515 = DIRECTION ( 'NONE',  ( -1.000000000000000000, 0.0000000000000000000, -0.0000000000000000000 ) ) ;
#2516 = EDGE_CURVE ( 'NONE', #814, #3223, #2903, .T. ) ;
#2517 = ORIENTED_EDGE ( 'NONE', *, *, #1729, .F. ) ;
#2518 = ORIENTED_EDGE ( 'NONE', *, *, #1541, .T. ) ;
#2519 = CIRCLE ( 'NONE', #718, 0.1499999999999999667 ) ;
#2520 = LINE ( 'NONE', #2176, #3556 ) ;
#2521 = PLANE ( 'NONE',  #2060 ) ;
#2522 = VECTOR ( 'NONE', #2724, 1000.000000000000000 ) ;
#2523 = EDGE_CURVE ( 'NONE', #2956, #3490, #2490, .T. ) ;
#2524 = ORIENTED_EDGE ( 'NONE', *, *, #2472, .F. ) ;
#2525 = AXIS2_PLACEMENT_3D ( 'NONE', #2536, #1867, #893 ) ;
#2526 = EDGE_LOOP ( 'NONE', ( #3093, #3827, #1949, #2810 ) ) ;
#2527 = AXIS2_PLACEMENT_3D ( 'NONE', #3103, #1175, #4098 ) ;
#2528 = ORIENTED_EDGE ( 'NONE', *, *, #2463, .F. ) ;
#2529 = AXIS2_PLACEMENT_3D ( 'NONE', #444, #467, #2390 ) ;
#2530 = ORIENTED_EDGE ( 'NONE', *, *, #4239, .F. ) ;
#2531 = CARTESIAN_POINT ( 'NONE',  ( 2.399999975562100207, 6.400000000000000355, 0.2500000000000000000 ) ) ;
#2532 = VECTOR ( 'NONE', #2889, 1000.000000000000000 ) ;
#2533 = CARTESIAN_POINT ( 'NONE',  ( -1.600000024437900237, 6.400000000000000355, -0.2500000000000000000 ) ) ;
#2534 =( GEOMETRIC_REPRESENTATION_CONTEXT ( 3 ) GLOBAL_UNCERTAINTY_ASSIGNED_CONTEXT ( ( #969 ) ) GLOBAL_UNIT_ASSIGNED_CONTEXT ( ( #2270, #1150, #1477 ) ) REPRESENTATION_CONTEXT ( 'NONE', 'WORKASPACE' ) );
#2535 = LINE ( 'NONE', #954, #388 ) ;
#2536 = CARTESIAN_POINT ( 'NONE',  ( 1.599999975562099941, 6.400000000000000355, -2.049999999999999822 ) ) ;
#2537 = LINE ( 'NONE', #3858, #1213 ) ;
#2538 = CARTESIAN_POINT ( 'NONE',  ( -5.350000024437900237, 2.055000000000000604, 0.0000000000000000000 ) ) ;
#2539 = ORIENTED_EDGE ( 'NONE', *, *, #3335, .F. ) ;
#2540 = ORIENTED_EDGE ( 'NONE', *, *, #3628, .F. ) ;
#2541 = AXIS2_PLACEMENT_3D ( 'NONE', #482, #3776, #2069 ) ;
#2542 = SURFACE_SIDE_STYLE ('',( #964 ) ) ;
#2543 = CARTESIAN_POINT ( 'NONE',  ( -2.150000024437900503, -5.900000000000000355, 1.449999999999999956 ) ) ;
#2544 = EDGE_CURVE ( 'NONE', #2690, #4074, #3264, .T. ) ;
#2545 = CARTESIAN_POINT ( 'NONE',  ( -5.050000024437900414, -1.500000000000000000, -0.4500000000000020095 ) ) ;
#2546 = VECTOR ( 'NONE', #3249, 1000.000000000000000 ) ;
#2547 = ORIENTED_EDGE ( 'NONE', *, *, #4265, .T. ) ;
#2548 = AXIS2_PLACEMENT_3D ( 'NONE', #3151, #3131, #1549 ) ;
#2549 = ORIENTED_EDGE ( 'NONE', *, *, #4005, .F. ) ;
#2550 = EDGE_CURVE ( 'NONE', #1794, #3793, #299, .T. ) ;
#2551 = ORIENTED_EDGE ( 'NONE', *, *, #4089, .T. ) ;
#2552 = EDGE_LOOP ( 'NONE', ( #3807, #4237, #896, #845 ) ) ;
#2553 = CARTESIAN_POINT ( 'NONE',  ( -5.050000024437900414, -5.900000000000000355, -0.4500000000000020095 ) ) ;
#2554 = LINE ( 'NONE', #2169, #1300 ) ;
#2555 = CARTESIAN_POINT ( 'NONE',  ( 5.049999975562100119, -5.640192378864670175, -0.3000000000000009881 ) ) ;
#2556 = CARTESIAN_POINT ( 'NONE',  ( 6.249999975562100296, 0.0000000000000000000, 0.4000000089406969828 ) ) ;
#2557 = PLANE ( 'NONE',  #3292 ) ;
#2558 = LINE ( 'NONE', #3879, #2893 ) ;
#2559 = EDGE_LOOP ( 'NONE', ( #1752, #2266, #2371, #3324 ) ) ;
#2560 = EDGE_LOOP ( 'NONE', ( #1099, #193, #3254, #1964 ) ) ;
#2561 = DIRECTION ( 'NONE',  ( 0.0000000000000000000, 0.0000000000000000000, 1.000000000000000000 ) ) ;
#2562 = CARTESIAN_POINT ( 'NONE',  ( -1.400000024437900059, 6.400000000000000355, -0.4499999999999990119 ) ) ;
#2563 = LINE ( 'NONE', #3884, #4135 ) ;
#2564 = ORIENTED_EDGE ( 'NONE', *, *, #3494, .T. ) ;
#2565 = FACE_OUTER_BOUND ( 'NONE', #1317, .T. ) ;
#2566 = ORIENTED_EDGE ( 'NONE', *, *, #1492, .T. ) ;
#2567 = FACE_OUTER_BOUND ( 'NONE', #1336, .T. ) ;
#2568 = EDGE_CURVE ( 'NONE', #2590, #3180, #3481, .T. ) ;
#2569 = ORIENTED_EDGE ( 'NONE', *, *, #830, .T. ) ;
#2570 = VERTEX_POINT ( 'NONE', #519 ) ;
#2571 = ADVANCED_FACE ( 'NONE', ( #3246 ), #1598, .F. ) ;
#2572 = CARTESIAN_POINT ( 'NONE',  ( -2.000000024437900148, -1.500000000000000000, 0.8499999999999999778 ) ) ;
#2573 = CARTESIAN_POINT ( 'NONE',  ( -1.600000024437900237, 6.200000000000001066, 0.2499999999999994726 ) ) ;
#2574 = PLANE ( 'NONE',  #247 ) ;
#2575 = DIRECTION ( 'NONE',  ( -2.220446049250310123E-16, -0.0000000000000000000, 1.000000000000000000 ) ) ;
#2576 = LINE ( 'NONE', #1022, #3983 ) ;
#2577 = CARTESIAN_POINT ( 'NONE',  ( -2.443790503292580154E-08, 6.400000000000000355, 0.04999999999999991257 ) ) ;
#2578 = ORIENTED_EDGE ( 'NONE', *, *, #1199, .F. ) ;
#2579 = ORIENTED_EDGE ( 'NONE', *, *, #333, .T. ) ;
#2580 = FILL_AREA_STYLE ('',( #1607 ) ) ;
#2581 = LINE ( 'NONE', #738, #3664 ) ;
#2582 = MANIFOLD_SOLID_BREP ( 'K\X\F6rper8', #3286 ) ;
#2583 = DIRECTION ( 'NONE',  ( 0.0000000000000000000, 0.0000000000000000000, -1.000000000000000000 ) ) ;
#2584 = VECTOR ( 'NONE', #278, 1000.000000000000000 ) ;
#2585 = ORIENTED_EDGE ( 'NONE', *, *, #2998, .F. ) ;
#2586 = DIRECTION ( 'NONE',  ( 0.0000000000000000000, 0.0000000000000000000, -1.000000000000000000 ) ) ;
#2587 = ORIENTED_EDGE ( 'NONE', *, *, #1325, .F. ) ;
#2588 = VECTOR ( 'NONE', #4031, 1000.000000000000000 ) ;
#2589 = CARTESIAN_POINT ( 'NONE',  ( -5.650000024437900059, -5.900000000000000355, 0.4499999999999980127 ) ) ;
#2590 = VERTEX_POINT ( 'NONE', #705 ) ;
#2591 = EDGE_LOOP ( 'NONE', ( #4090, #4004, #468, #2902 ) ) ;
#2592 = VECTOR ( 'NONE', #4206, 1000.000000000000000 ) ;
#2593 = ADVANCED_FACE ( 'NONE', ( #385 ), #2031, .T. ) ;
#2594 = CARTESIAN_POINT ( 'NONE',  ( -1.600000024437900237, 6.400000000000000355, 2.049999999999999822 ) ) ;
#2595 = EDGE_CURVE ( 'NONE', #1381, #1076, #3281, .T. ) ;
#2596 = VECTOR ( 'NONE', #576, 1000.000000000000000 ) ;
#2597 = AXIS2_PLACEMENT_3D ( 'NONE', #1584, #2973, #3939 ) ;
#2598 = PLANE ( 'NONE',  #2204 ) ;
#2599 = CARTESIAN_POINT ( 'NONE',  ( -7.850000024437909119, -1.199999999999999956, -2.399999999999999467 ) ) ;
#2600 = EDGE_CURVE ( 'NONE', #1055, #3198, #2885, .T. ) ;
#2601 = LINE ( 'NONE', #2194, #318 ) ;
#2602 = EDGE_CURVE ( 'NONE', #4010, #3563, #2353, .T. ) ;
#2603 = PLANE ( 'NONE',  #2822 ) ;
#2604 = LINE ( 'NONE', #649, #3303 ) ;
#2605 = ORIENTED_EDGE ( 'NONE', *, *, #2739, .T. ) ;
#2606 = ORIENTED_EDGE ( 'NONE', *, *, #3893, .T. ) ;
#2607 = CARTESIAN_POINT ( 'NONE',  ( -4.000000024437910362, 0.0000000000000000000, -3.399999999999999911 ) ) ;
#2608 = VECTOR ( 'NONE', #317, 1000.000000000000114 ) ;
#2609 = DIRECTION ( 'NONE',  ( 0.0000000000000000000, -0.0000000000000000000, 1.000000000000000000 ) ) ;
#2610 = LINE ( 'NONE', #2304, #3353 ) ;
#2611 = FACE_OUTER_BOUND ( 'NONE', #3373, .T. ) ;
#2612 = ORIENTED_EDGE ( 'NONE', *, *, #1447, .T. ) ;
#2613 = AXIS2_PLACEMENT_3D ( 'NONE', #3757, #2784, #813 ) ;
#2614 = VERTEX_POINT ( 'NONE', #2013 ) ;
#2615 = CARTESIAN_POINT ( 'NONE',  ( 3.999999975562090082, 0.0000000000000000000, -3.399999999999999911 ) ) ;
#2616 = ORIENTED_EDGE ( 'NONE', *, *, #2710, .F. ) ;
#2617 = VECTOR ( 'NONE', #577, 1000.000000000000000 ) ;
#2618 = PLANE ( 'NONE',  #596 ) ;
#2619 = MANIFOLD_SOLID_BREP ( 'K\X\F6rper3', #2459 ) ;
#2620 = ORIENTED_EDGE ( 'NONE', *, *, #2395, .F. ) ;
#2621 = AXIS2_PLACEMENT_3D ( 'NONE', #2401, #134, #2102 ) ;
#2622 = ORIENTED_EDGE ( 'NONE', *, *, #3614, .T. ) ;
#2623 = CIRCLE ( 'NONE', #1098, 0.2999999999999999334 ) ;
#2624 = CARTESIAN_POINT ( 'NONE',  ( -2.400000024437900059, 6.200000000000001066, -2.049999999999999822 ) ) ;
#2625 = FACE_OUTER_BOUND ( 'NONE', #2224, .T. ) ;
#2626 = DIRECTION ( 'NONE',  ( -0.8660254037844387076, -0.4999999999999998335, 0.0000000000000000000 ) ) ;
#2627 = DIRECTION ( 'NONE',  ( -0.0000000000000000000, 0.0000000000000000000, -1.000000000000000000 ) ) ;
#2628 = ORIENTED_EDGE ( 'NONE', *, *, #1382, .T. ) ;
#2629 = ADVANCED_FACE ( 'NONE', ( #3370 ), #1640, .T. ) ;
#2630 = EDGE_CURVE ( 'NONE', #1787, #3500, #3658, .T. ) ;
#2631 = CARTESIAN_POINT ( 'NONE',  ( 2.449999975562100030, -1.500000000000000000, -0.8499999999999999778 ) ) ;
#2632 = CYLINDRICAL_SURFACE ( 'NONE', #1521, 0.1499999999999999667 ) ;
#2633 = CARTESIAN_POINT ( 'NONE',  ( 4.449999975562099586, 6.200000000000001066, -0.3999999910593031727 ) ) ;
#2634 = LINE ( 'NONE', #1330, #3851 ) ;
#2635 = ORIENTED_EDGE ( 'NONE', *, *, #3104, .F. ) ;
#2636 = ORIENTED_EDGE ( 'NONE', *, *, #851, .T. ) ;
#2637 = CARTESIAN_POINT ( 'NONE',  ( 6.849999975562099941, 0.0000000000000000000, -2.399999999999999911 ) ) ;
#2638 = ORIENTED_EDGE ( 'NONE', *, *, #2332, .F. ) ;
#2639 = SURFACE_STYLE_USAGE ( .BOTH. , #1681 ) ;
#2640 = EDGE_LOOP ( 'NONE', ( #3910, #1547, #1589, #1943, #2399, #3159 ) ) ;
#2641 = EDGE_LOOP ( 'NONE', ( #1071, #3133, #2103, #643 ) ) ;
#2642 = VERTEX_POINT ( 'NONE', #40 ) ;
#2643 = DIRECTION ( 'NONE',  ( 0.0000000000000000000, -0.0000000000000000000, -1.000000000000000000 ) ) ;
#2644 = CARTESIAN_POINT ( 'NONE',  ( -1.550000024437900636, -5.380384757729339995, 0.8499999999999998668 ) ) ;
#2645 = FACE_OUTER_BOUND ( 'NONE', #776, .T. ) ;
#2646 = PLANE ( 'NONE',  #1511 ) ;
#2647 = CARTESIAN_POINT ( 'NONE',  ( 5.649999975562099763, -1.500000000000000000, 0.4499999999999980127 ) ) ;
#2648 = DIRECTION ( 'NONE',  ( -1.000000000000000000, -0.0000000000000000000, 0.0000000000000000000 ) ) ;
#2649 = ADVANCED_FACE ( 'NONE', ( #1357 ), #2683, .T. ) ;
#2650 = LINE ( 'NONE', #2675, #938 ) ;
#2651 = PLANE ( 'NONE',  #1779 ) ;
#2652 = ADVANCED_FACE ( 'NONE', ( #1117 ), #3436, .T. ) ;
#2653 = VERTEX_POINT ( 'NONE', #150 ) ;
#2654 = ORIENTED_EDGE ( 'NONE', *, *, #3102, .T. ) ;
#2655 = DIRECTION ( 'NONE',  ( 0.4999999999999998335, 0.8660254037844387076, 0.0000000000000000000 ) ) ;
#2656 = VERTEX_POINT ( 'NONE', #4131 ) ;
#2657 = EDGE_CURVE ( 'NONE', #2703, #920, #2161, .T. ) ;
#2658 = DIRECTION ( 'NONE',  ( -0.0000000000000000000, -1.000000000000000000, -0.0000000000000000000 ) ) ;
#2659 = EDGE_CURVE ( 'NONE', #1470, #1335, #103, .T. ) ;
#2660 = ORIENTED_EDGE ( 'NONE', *, *, #1469, .F. ) ;
#2661 = ORIENTED_EDGE ( 'NONE', *, *, #1941, .F. ) ;
#2662 = VECTOR ( 'NONE', #456, 1000.000000000000000 ) ;
#2663 = VERTEX_POINT ( 'NONE', #4106 ) ;
#2664 = CIRCLE ( 'NONE', #2041, 0.2999999999999999334 ) ;
#2665 = FACE_OUTER_BOUND ( 'NONE', #2559, .T. ) ;
#2666 = DIRECTION ( 'NONE',  ( -0.5773502691896265082, -0.5773502691896247319, -0.5773502691896259531 ) ) ;
#2667 = VECTOR ( 'NONE', #647, 1000.000000000000000 ) ;
#2668 = AXIS2_PLACEMENT_3D ( 'NONE', #1672, #2005, #2323 ) ;
#2669 = CARTESIAN_POINT ( 'NONE',  ( -2.000000024437900148, -5.900000000000000355, 0.8499999999999999778 ) ) ;
#2670 = CARTESIAN_POINT ( 'NONE',  ( 5.049999975562100119, -1.500000000000000000, 0.4499999999999980127 ) ) ;
#2671 = AXIS2_PLACEMENT_3D ( 'NONE', #719, #3407, #2134 ) ;
#2672 = ORIENTED_EDGE ( 'NONE', *, *, #4143, .F. ) ;
#2673 = CARTESIAN_POINT ( 'NONE',  ( 7.528497642762469688, -1.500000000000000222, 2.573803059205051813 ) ) ;
#2674 = VECTOR ( 'NONE', #2196, 1000.000000000000000 ) ;
#2675 = CARTESIAN_POINT ( 'NONE',  ( 2.399999975562100207, 6.200000000000001066, 2.049999999999999822 ) ) ;
#2676 = CARTESIAN_POINT ( 'NONE',  ( 6.349999975562099941, 6.299999999999999822, -0.4249999955296510090 ) ) ;
#2677 = ORIENTED_EDGE ( 'NONE', *, *, #512, .F. ) ;
#2678 = ORIENTED_EDGE ( 'NONE', *, *, #1597, .T. ) ;
#2679 = VECTOR ( 'NONE', #4145, 1000.000000000000000 ) ;
#2680 = CYLINDRICAL_SURFACE ( 'NONE', #3419, 0.1499999999999999667 ) ;
#2681 = EDGE_CURVE ( 'NONE', #450, #690, #2421, .T. ) ;
#2682 = EDGE_LOOP ( 'NONE', ( #573, #566, #633, #2441 ) ) ;
#2683 = PLANE ( 'NONE',  #880 ) ;
#2684 = AXIS2_PLACEMENT_3D ( 'NONE', #3825, #3537, #2264 ) ;
#2685 = ORIENTED_EDGE ( 'NONE', *, *, #3132, .F. ) ;
#2686 = EDGE_CURVE ( 'NONE', #825, #2663, #3154, .T. ) ;
#2687 = ORIENTED_EDGE ( 'NONE', *, *, #2207, .T. ) ;
#2688 = EDGE_CURVE ( 'NONE', #2956, #2870, #819, .T. ) ;
#2689 = VECTOR ( 'NONE', #208, 1000.000000000000000 ) ;
#2690 = VERTEX_POINT ( 'NONE', #191 ) ;
#2691 = DIRECTION ( 'NONE',  ( -0.0000000000000000000, 0.0000000000000000000, -1.000000000000000000 ) ) ;
#2692 = VECTOR ( 'NONE', #3596, 1000.000000000000000 ) ;
#2693 = ORIENTED_EDGE ( 'NONE', *, *, #858, .T. ) ;
#2694 = DIRECTION ( 'NONE',  ( -0.0000000000000000000, 1.000000000000000000, -0.0000000000000000000 ) ) ;
#2695 = CARTESIAN_POINT ( 'NONE',  ( -6.950000024437909651, 0.0000000000000000000, 2.500000000000000000 ) ) ;
#2696 = STYLED_ITEM ( 'NONE', ( #2458 ), #4029 ) ;
#2697 = CARTESIAN_POINT ( 'NONE',  ( -2.400000024437900059, 0.0000000000000000000, -0.4499999999999990119 ) ) ;
#2698 = LINE ( 'NONE', #2647, #3564 ) ;
#2699 = CARTESIAN_POINT ( 'NONE',  ( 7.465471088242741082, -1.500000000000000444, 2.747229059176182986 ) ) ;
#2700 = CARTESIAN_POINT ( 'NONE',  ( -1.400000024437900059, 6.400000000000000355, -0.04999999999999984318 ) ) ;
#2701 = DIRECTION ( 'NONE',  ( 0.0000000000000000000, 1.000000000000000000, 0.0000000000000000000 ) ) ;
#2702 = ORIENTED_EDGE ( 'NONE', *, *, #2710, .T. ) ;
#2703 = VERTEX_POINT ( 'NONE', #3394 ) ;
#2704 = CARTESIAN_POINT ( 'NONE',  ( 3.999999975562090082, 0.0000000000000000000, -3.399999999999999911 ) ) ;
#2705 =( NAMED_UNIT ( * ) PLANE_ANGLE_UNIT ( ) SI_UNIT ( $, .RADIAN. ) );
#2706 = EDGE_LOOP ( 'NONE', ( #842, #1030, #3991, #3592 ) ) ;
#2707 = VERTEX_POINT ( 'NONE', #4067 ) ;
#2708 = ADVANCED_FACE ( 'NONE', ( #4231 ), #1533, .T. ) ;
#2709 = CARTESIAN_POINT ( 'NONE',  ( -6.850000024437910007, -1.199999999999999956, -2.399999999999999911 ) ) ;
#2710 = EDGE_CURVE ( 'NONE', #2505, #507, #2563, .T. ) ;
#2711 = ORIENTED_EDGE ( 'NONE', *, *, #119, .F. ) ;
#2712 = CYLINDRICAL_SURFACE ( 'NONE', #2036, 0.2999999999999999334 ) ;
#2713 = CARTESIAN_POINT ( 'NONE',  ( -2.443790503292580154E-08, 0.0000000000000000000, -0.3999999910593030616 ) ) ;
#2714 = DIRECTION ( 'NONE',  ( 0.0000000000000000000, -0.0000000000000000000, 1.000000000000000000 ) ) ;
#2715 = CARTESIAN_POINT ( 'NONE',  ( -7.550000024437908408, -1.500000000000000000, -2.444417494110480593 ) ) ;
#2716 = DIRECTION ( 'NONE',  ( 0.0000000000000000000, 0.0000000000000000000, 1.000000000000000000 ) ) ;
#2717 = EDGE_CURVE ( 'NONE', #1470, #2590, #3520, .T. ) ;
#2718 = CARTESIAN_POINT ( 'NONE',  ( -4.000000024437910362, 0.0000000000000000000, -2.500000000000000000 ) ) ;
#2719 = DIRECTION ( 'NONE',  ( 1.000000000000000000, 0.0000000000000000000, 1.441848083928770031E-16 ) ) ;
#2720 = DIRECTION ( 'NONE',  ( 0.0000000000000000000, -0.0000000000000000000, -1.000000000000000000 ) ) ;
#2721 = DIRECTION ( 'NONE',  ( 0.0000000000000000000, 0.0000000000000000000, -1.000000000000000000 ) ) ;
#2722 = ORIENTED_EDGE ( 'NONE', *, *, #1860, .T. ) ;
#2723 = ORIENTED_EDGE ( 'NONE', *, *, #561, .F. ) ;
#2724 = DIRECTION ( 'NONE',  ( -0.0000000000000000000, -0.0000000000000000000, -1.000000000000000000 ) ) ;
#2725 = SURFACE_SIDE_STYLE ('',( #3026 ) ) ;
#2726 = ORIENTED_EDGE ( 'NONE', *, *, #2228, .T. ) ;
#2727 = EDGE_LOOP ( 'NONE', ( #79, #2309, #3702, #2547 ) ) ;
#2728 = ORIENTED_EDGE ( 'NONE', *, *, #4089, .F. ) ;
#2729 = DIRECTION ( 'NONE',  ( 0.0000000000000000000, 1.000000000000000000, 0.0000000000000000000 ) ) ;
#2730 = EDGE_LOOP ( 'NONE', ( #35, #2678 ) ) ;
#2731 = VECTOR ( 'NONE', #1648, 1000.000000000000000 ) ;
#2732 = ADVANCED_FACE ( 'NONE', ( #618 ), #879, .T. ) ;
#2733 = CARTESIAN_POINT ( 'NONE',  ( 6.849999975562100829, -1.499999999999999556, -3.275735931288070724 ) ) ;
#2734 = CARTESIAN_POINT ( 'NONE',  ( -2.600000024437900681, 6.400000000000000355, 2.250000000000000444 ) ) ;
#2735 = EDGE_CURVE ( 'NONE', #4063, #3457, #857, .T. ) ;
#2736 = CARTESIAN_POINT ( 'NONE',  ( -2.443790503292580154E-08, 0.0000000000000000000, -2.500000000000000000 ) ) ;
#2737 = PLANE ( 'NONE',  #256 ) ;
#2738 = DIRECTION ( 'NONE',  ( -1.000000000000000000, -0.0000000000000000000, -0.0000000000000000000 ) ) ;
#2739 = EDGE_CURVE ( 'NONE', #235, #1095, #2265, .T. ) ;
#2740 = DIRECTION ( 'NONE',  ( 0.0000000000000000000, 0.7071067811865470176, -0.7071067811865480168 ) ) ;
#2741 = VECTOR ( 'NONE', #3332, 1000.000000000000000 ) ;
#2742 = CARTESIAN_POINT ( 'NONE',  ( -6.850000024437910007, -1.199999999999999956, -3.100000000000001421 ) ) ;
#2743 = EDGE_CURVE ( 'NONE', #1166, #170, #3499, .T. ) ;
#2744 = CARTESIAN_POINT ( 'NONE',  ( 7.849999975562099941, -1.199999999999999956, 2.399999999999998579 ) ) ;
#2745 = CARTESIAN_POINT ( 'NONE',  ( 7.549999975562101007, -1.199999999999999956, -1.699999999999999956 ) ) ;
#2746 = VECTOR ( 'NONE', #1290, 999.9999999999998863 ) ;
#2747 = ORIENTED_EDGE ( 'NONE', *, *, #1177, .T. ) ;
#2748 = ORIENTED_EDGE ( 'NONE', *, *, #1440, .T. ) ;
#2749 = FACE_OUTER_BOUND ( 'NONE', #2033, .T. ) ;
#2750 = DIRECTION ( 'NONE',  ( 0.0000000000000000000, -0.0000000000000000000, 1.000000000000000000 ) ) ;
#2751 = VECTOR ( 'NONE', #3077, 1000.000000000000114 ) ;
#2752 = ORIENTED_EDGE ( 'NONE', *, *, #1304, .T. ) ;
#2753 = ORIENTED_EDGE ( 'NONE', *, *, #980, .T. ) ;
#2754 = VECTOR ( 'NONE', #2701, 1000.000000000000000 ) ;
#2755 = DIRECTION ( 'NONE',  ( -0.7071067811865474617, -0.7071067811865474617, 0.0000000000000000000 ) ) ;
#2756 = ORIENTED_EDGE ( 'NONE', *, *, #3798, .T. ) ;
#2757 = VECTOR ( 'NONE', #2197, 1000.000000000000000 ) ;
#2758 = CARTESIAN_POINT ( 'NONE',  ( 7.849999975562099941, -1.199999999999999956, -2.399999999999999467 ) ) ;
#2759 = CARTESIAN_POINT ( 'NONE',  ( -2.150000024437900503, -5.900000000000000355, -0.8499999999999998668 ) ) ;
#2760 = DIRECTION ( 'NONE',  ( 1.000000000000000000, 0.0000000000000000000, 0.0000000000000000000 ) ) ;
#2761 = VECTOR ( 'NONE', #1646, 999.9999999999998863 ) ;
#2762 = PLANE ( 'NONE',  #2954 ) ;
#2763 = DIRECTION ( 'NONE',  ( 0.0000000000000000000, -0.0000000000000000000, 1.000000000000000000 ) ) ;
#2764 = DIRECTION ( 'NONE',  ( 0.0000000000000000000, 0.0000000000000000000, -1.000000000000000000 ) ) ;
#2765 =( GEOMETRIC_REPRESENTATION_CONTEXT ( 3 ) GLOBAL_UNCERTAINTY_ASSIGNED_CONTEXT ( ( #3740 ) ) GLOBAL_UNIT_ASSIGNED_CONTEXT ( ( #3743, #2705, #430 ) ) REPRESENTATION_CONTEXT ( 'NONE', 'WORKASPACE' ) );
#2766 = CARTESIAN_POINT ( 'NONE',  ( 7.725735906850172974, -1.499999999999999556, 2.912994231491119468 ) ) ;
#2767 = EDGE_CURVE ( 'NONE', #1358, #1787, #943, .T. ) ;
#2768 = CARTESIAN_POINT ( 'NONE',  ( -6.950000024437909651, 0.0000000000000000000, -0.4499999999999990119 ) ) ;
#2769 = EDGE_LOOP ( 'NONE', ( #3197, #1537 ) ) ;
#2770 = EDGE_CURVE ( 'NONE', #321, #4034, #4214, .T. ) ;
#2771 = ORIENTED_EDGE ( 'NONE', *, *, #2159, .F. ) ;
#2772 = CARTESIAN_POINT ( 'NONE',  ( 2.449999975562100030, -5.380384757729339995, 0.8499999999999998668 ) ) ;
#2773 = ORIENTED_EDGE ( 'NONE', *, *, #2872, .F. ) ;
#2774 = EDGE_LOOP ( 'NONE', ( #412, #950, #1836, #320 ) ) ;
#2775 = ORIENTED_EDGE ( 'NONE', *, *, #1622, .F. ) ;
#2776 = CARTESIAN_POINT ( 'NONE',  ( 5.649999975562099763, -5.900000000000000355, -0.1500000000000019651 ) ) ;
#2777 = DIRECTION ( 'NONE',  ( -0.0000000000000000000, -1.000000000000000000, -0.0000000000000000000 ) ) ;
#2778 =( NAMED_UNIT ( * ) SI_UNIT ( $, .STERADIAN. ) SOLID_ANGLE_UNIT ( ) );
#2779 = CARTESIAN_POINT ( 'NONE',  ( 1.999999975562100074, -1.500000000000000000, -0.8499999999999999778 ) ) ;
#2780 = DIRECTION ( 'NONE',  ( -0.0000000000000000000, 0.0000000000000000000, -1.000000000000000000 ) ) ;
#2781 = LINE ( 'NONE', #1439, #3975 ) ;
#2782 = SURFACE_STYLE_USAGE ( .BOTH. , #2828 ) ;
#2783 = CARTESIAN_POINT ( 'NONE',  ( 6.249999975562100296, 6.400000000000000355, -0.3999999910593030616 ) ) ;
#2784 = DIRECTION ( 'NONE',  ( 0.0000000000000000000, -1.000000000000000000, 0.0000000000000000000 ) ) ;
#2785 = ORIENTED_EDGE ( 'NONE', *, *, #4271, .T. ) ;
#2786 = ORIENTED_EDGE ( 'NONE', *, *, #1515, .F. ) ;
#2787 = ADVANCED_FACE ( 'NONE', ( #1244 ), #2203, .T. ) ;
#2788 = DIRECTION ( 'NONE',  ( 0.0000000000000000000, -1.000000000000000000, 0.0000000000000000000 ) ) ;
#2789 = SURFACE_STYLE_USAGE ( .BOTH. , #472 ) ;
#2790 = EDGE_CURVE ( 'NONE', #1605, #1141, #3196, .T. ) ;
#2791 = CARTESIAN_POINT ( 'NONE',  ( -5.050000024437900414, -1.500000000000000000, 0.4499999999999979572 ) ) ;
#2792 = EDGE_LOOP ( 'NONE', ( #2142, #475, #3870, #304 ) ) ;
#2793 = ADVANCED_FACE ( 'NONE', ( #1856 ), #293, .F. ) ;
#2794 = EDGE_LOOP ( 'NONE', ( #218, #18, #2940, #254 ) ) ;
#2795 = ADVANCED_FACE ( 'NONE', ( #3558 ), #2521, .F. ) ;
#2796 = DIRECTION ( 'NONE',  ( -0.5773502691896253980, -0.5773502691896253980, 0.5773502691896266192 ) ) ;
#2797 = VERTEX_POINT ( 'NONE', #4155 ) ;
#2798 = LINE ( 'NONE', #2776, #2175 ) ;
#2799 = CARTESIAN_POINT ( 'NONE',  ( 2.449999975562100030, -1.500000000000000000, -0.8499999999999999778 ) ) ;
#2800 = SURFACE_SIDE_STYLE ('',( #1613 ) ) ;
#2801 = DIRECTION ( 'NONE',  ( 0.0000000000000000000, 1.000000000000000000, 0.0000000000000000000 ) ) ;
#2802 = VECTOR ( 'NONE', #3771, 1000.000000000000000 ) ;
#2803 = FACE_OUTER_BOUND ( 'NONE', #4172, .T. ) ;
#2804 = CYLINDRICAL_SURFACE ( 'NONE', #3562, 0.1499999999999999944 ) ;
#2805 = CARTESIAN_POINT ( 'NONE',  ( -1.700000024437900104, -5.640192378864670175, -1.300000000000000266 ) ) ;
#2806 = DIRECTION ( 'NONE',  ( 0.0000000000000000000, -0.0000000000000000000, 1.000000000000000000 ) ) ;
#2807 = B_SPLINE_CURVE_WITH_KNOTS ( 'NONE', 3,
 ( #3434, #3129, #1135, #2201, #471, #2457, #1790, #2160, #3518, #3786, #817, #549, #855, #4085, #167, #2811 ),
 .UNSPECIFIED., .F., .F.,
 ( 4, 1, 2, 2, 2, 1, 2, 2, 4 ),
 ( 0.0000000000000000000, 0.1250000000000004718, 0.1875000000000007216, 0.2500000000000009437, 0.5000000000000014433, 0.6250000000000016653, 0.6875000000000006661, 0.7499999999999996669, 1.000000000000000000 ),
 .UNSPECIFIED. ) ;
#2808 = VERTEX_POINT ( 'NONE', #899 ) ;
#2809 = VECTOR ( 'NONE', #1147, 1000.000000000000000 ) ;
#2810 = ORIENTED_EDGE ( 'NONE', *, *, #244, .T. ) ;
#2811 = CARTESIAN_POINT ( 'NONE',  ( 7.549999975562101007, -1.500000000000000000, -2.399999999999999467 ) ) ;
#2812 = CARTESIAN_POINT ( 'NONE',  ( -2.443790392270270082E-08, -1.500000000000000000, 3.100000000000000533 ) ) ;
#2813 = AXIS2_PLACEMENT_3D ( 'NONE', #1539, #1188, #1274 ) ;
#2814 = VERTEX_POINT ( 'NONE', #2875 ) ;
#2815 = ORIENTED_EDGE ( 'NONE', *, *, #2767, .T. ) ;
#2816 = COLOUR_RGB ( '',0.9529411764705881804, 0.8980392156862745390, 0.6549019607843137303 ) ;
#2817 = EDGE_CURVE ( 'NONE', #4048, #235, #591, .T. ) ;
#2818 = SURFACE_STYLE_FILL_AREA ( #197 ) ;
#2819 = ORIENTED_EDGE ( 'NONE', *, *, #38, .F. ) ;
#2820 = ADVANCED_FACE ( 'NONE', ( #1224 ), #1916, .F. ) ;
#2821 = CARTESIAN_POINT ( 'NONE',  ( 7.549999975562100119, -1.499999999999999778, -2.399999999999999467 ) ) ;
#2822 = AXIS2_PLACEMENT_3D ( 'NONE', #3923, #3620, #1979 ) ;
#2823 = CARTESIAN_POINT ( 'NONE',  ( -6.850000024437910007, -1.375735931288073921, 3.400000000000000355 ) ) ;
#2824 = DIRECTION ( 'NONE',  ( 0.0000000000000000000, -0.0000000000000000000, -1.000000000000000000 ) ) ;
#2825 = DIRECTION ( 'NONE',  ( 1.000000000000000000, -0.0000000000000000000, 0.0000000000000000000 ) ) ;
#2826 = VECTOR ( 'NONE', #755, 1000.000000000000000 ) ;
#2827 = LINE ( 'NONE', #3405, #3355 ) ;
#2828 = SURFACE_SIDE_STYLE ('',( #1983 ) ) ;
#2829 = AXIS2_PLACEMENT_3D ( 'NONE', #2670, #2300, #998 ) ;
#2830 = CARTESIAN_POINT ( 'NONE',  ( -2.000000024437900148, 2.055000000000000604, -1.149999999999999911 ) ) ;
#2831 = DIRECTION ( 'NONE',  ( 0.0000000000000000000, -1.000000000000000000, -0.0000000000000000000 ) ) ;
#2832 = MECHANICAL_DESIGN_GEOMETRIC_PRESENTATION_REPRESENTATION (  '', ( #2137 ), #2275 ) ;
#2833 = ORIENTED_EDGE ( 'NONE', *, *, #2254, .F. ) ;
#2834 = DIRECTION ( 'NONE',  ( 0.0000000000000000000, -0.0000000000000000000, -1.000000000000000000 ) ) ;
#2835 = CARTESIAN_POINT ( 'NONE',  ( 5.649999975562099763, -1.500000000000000000, 0.4499999999999979572 ) ) ;
#2836 = VECTOR ( 'NONE', #1201, 1000.000000000000000 ) ;
#2837 = DIRECTION ( 'NONE',  ( 0.0000000000000000000, 0.0000000000000000000, 1.000000000000000000 ) ) ;
#2838 = ORIENTED_EDGE ( 'NONE', *, *, #2260, .T. ) ;
#2839 = VERTEX_POINT ( 'NONE', #274 ) ;
#2840 = ORIENTED_EDGE ( 'NONE', *, *, #3689, .F. ) ;
#2841 = ADVANCED_FACE ( 'NONE', ( #1592 ), #2651, .F. ) ;
#2842 = DIRECTION ( 'NONE',  ( -0.0000000000000000000, 1.000000000000000000, -0.0000000000000000000 ) ) ;
#2843 =( NAMED_UNIT ( * ) PLANE_ANGLE_UNIT ( ) SI_UNIT ( $, .RADIAN. ) );
#2844 = EDGE_CURVE ( 'NONE', #2614, #973, #2305, .T. ) ;
#2845 = DIRECTION ( 'NONE',  ( 0.0000000000000000000, -1.000000000000000000, 0.0000000000000000000 ) ) ;
#2846 = PLANE ( 'NONE',  #3012 ) ;
#2847 = DIRECTION ( 'NONE',  ( 0.0000000000000000000, -1.000000000000000000, 0.0000000000000000000 ) ) ;
#2848 = ADVANCED_FACE ( 'NONE', ( #2611 ), #57, .T. ) ;
#2849 = CARTESIAN_POINT ( 'NONE',  ( 1.999999975562100074, 0.0000000000000000000, -1.149999999999999911 ) ) ;
#2850 = CARTESIAN_POINT ( 'NONE',  ( -2.000000024437900148, 0.0000000000000000000, -1.000000000000000000 ) ) ;
#2851 = ORIENTED_EDGE ( 'NONE', *, *, #41, .T. ) ;
#2852 = ORIENTED_EDGE ( 'NONE', *, *, #438, .T. ) ;
#2853 = DIRECTION ( 'NONE',  ( -0.0000000000000000000, -1.000000000000000000, 0.0000000000000000000 ) ) ;
#2854 = DIRECTION ( 'NONE',  ( 0.4999999999999998335, 0.8660254037844387076, 0.0000000000000000000 ) ) ;
#2855 = CARTESIAN_POINT ( 'NONE',  ( -5.050000024437900414, -1.500000000000000000, 0.4499999999999980127 ) ) ;
#2856 = ORIENTED_EDGE ( 'NONE', *, *, #1777, .T. ) ;
#2857 = VERTEX_POINT ( 'NONE', #1348 ) ;
#2858 = CARTESIAN_POINT ( 'NONE',  ( -7.492660470305555265, -1.500000000000000222, 2.678312746115727894 ) ) ;
#2859 = ORIENTED_EDGE ( 'NONE', *, *, #87, .F. ) ;
#2860 = ORIENTED_EDGE ( 'NONE', *, *, #882, .T. ) ;
#2861 = CARTESIAN_POINT ( 'NONE',  ( -6.850000024437910007, 0.0000000000000000000, 2.500000000000000000 ) ) ;
#2862 = LINE ( 'NONE', #2533, #2406 ) ;
#2863 = EDGE_CURVE ( 'NONE', #788, #1165, #1291, .T. ) ;
#2864 = CARTESIAN_POINT ( 'NONE',  ( -7.362994255929031340, -1.499999999999999556, -3.275735931288072056 ) ) ;
#2865 = ADVANCED_FACE ( 'NONE', ( #3607 ), #2369, .T. ) ;
#2866 = CARTESIAN_POINT ( 'NONE',  ( 5.049999975562100119, -1.500000000000000000, -0.4500000000000020095 ) ) ;
#2867 = DIRECTION ( 'NONE',  ( -0.0000000000000000000, -1.000000000000000000, -0.0000000000000000000 ) ) ;
#2868 = LINE ( 'NONE', #1239, #3922 ) ;
#2869 = ADVANCED_FACE ( 'NONE', ( #1028 ), #1676, .T. ) ;
#2870 = VERTEX_POINT ( 'NONE', #31 ) ;
#2871 = ORIENTED_EDGE ( 'NONE', *, *, #1325, .T. ) ;
#2872 = EDGE_CURVE ( 'NONE', #3064, #2870, #4280, .T. ) ;
#2873 = CARTESIAN_POINT ( 'NONE',  ( 7.849999975562099941, -1.199999999999999956, 2.399999999999999467 ) ) ;
#2874 = CARTESIAN_POINT ( 'NONE',  ( 6.849999975562099941, 0.0000000000000000000, 2.399999999999999911 ) ) ;
#2875 = CARTESIAN_POINT ( 'NONE',  ( -6.850000024437910007, 6.400000000000000355, -2.499999999999999556 ) ) ;
#2876 = CIRCLE ( 'NONE', #1687, 0.2999999999999999334 ) ;
#2877 = ORIENTED_EDGE ( 'NONE', *, *, #244, .F. ) ;
#2878 = VECTOR ( 'NONE', #307, 1000.000000000000000 ) ;
#2879 = ORIENTED_EDGE ( 'NONE', *, *, #303, .T. ) ;
#2880 = ORIENTED_EDGE ( 'NONE', *, *, #3717, .F. ) ;
#2881 = VECTOR ( 'NONE', #4012, 1000.000000000000000 ) ;
#2882 = VERTEX_POINT ( 'NONE', #4252 ) ;
#2883 = DIRECTION ( 'NONE',  ( 0.0000000000000000000, 0.0000000000000000000, -1.000000000000000000 ) ) ;
#2884 = CARTESIAN_POINT ( 'NONE',  ( -6.450000024437898993, 6.399999999999999467, 0.5999999999379123095 ) ) ;
#2885 = CIRCLE ( 'NONE', #3713, 0.3000000000000007661 ) ;
#2886 = CARTESIAN_POINT ( 'NONE',  ( -1.200000024437900104, 6.299999999999999822, -2.149999999999999911 ) ) ;
#2887 = PLANE ( 'NONE',  #2184 ) ;
#2888 = VECTOR ( 'NONE', #2806, 1000.000000000000000 ) ;
#2889 = DIRECTION ( 'NONE',  ( 0.5773502691896242878, -0.5773502691896267303, 0.5773502691896262862 ) ) ;
#2890 = CARTESIAN_POINT ( 'NONE',  ( -2.225000027697530136, 6.299999999999999822, 0.5000000227553149657 ) ) ;
#2891 = ORIENTED_EDGE ( 'NONE', *, *, #1729, .T. ) ;
#2892 = EDGE_LOOP ( 'NONE', ( #1319, #2693, #82, #229, #3738, #2524, #3654, #1519, #758, #405, #1934, #1871 ) ) ;
#2893 = VECTOR ( 'NONE', #2217, 1000.000000000000000 ) ;
#2894 = DIRECTION ( 'NONE',  ( -1.000000000000000000, 0.0000000000000000000, 0.0000000000000000000 ) ) ;
#2895 = EDGE_CURVE ( 'NONE', #1132, #610, #681, .T. ) ;
#2896 = SURFACE_STYLE_USAGE ( .BOTH. , #168 ) ;
#2897 = DIRECTION ( 'NONE',  ( 0.0000000000000000000, -0.0000000000000000000, 1.000000000000000000 ) ) ;
#2898 = EDGE_CURVE ( 'NONE', #2614, #2507, #1959, .T. ) ;
#2899 = ORIENTED_EDGE ( 'NONE', *, *, #3231, .T. ) ;
#2900 = CARTESIAN_POINT ( 'NONE',  ( 3.924999975562100119, -1.199999999999999956, 3.100000000000000533 ) ) ;
#2901 = STYLED_ITEM ( 'NONE', ( #3810 ), #4044 ) ;
#2902 = ORIENTED_EDGE ( 'NONE', *, *, #2440, .F. ) ;
#2903 = LINE ( 'NONE', #3565, #667 ) ;
#2904 = ORIENTED_EDGE ( 'NONE', *, *, #433, .F. ) ;
#2905 = ORIENTED_EDGE ( 'NONE', *, *, #381, .F. ) ;
#2906 = DIRECTION ( 'NONE',  ( -0.0000000000000000000, 0.0000000000000000000, -1.000000000000000000 ) ) ;
#2907 = DIRECTION ( 'NONE',  ( 0.0000000000000000000, 0.7071067811865480168, 0.7071067811865470176 ) ) ;
#2908 = FACE_OUTER_BOUND ( 'NONE', #1184, .T. ) ;
#2909 = CARTESIAN_POINT ( 'NONE',  ( -2.450000024437899437, -5.380384757729339995, 1.449999999999999956 ) ) ;
#2910 = PLANE ( 'NONE',  #3848 ) ;
#2911 = CARTESIAN_POINT ( 'NONE',  ( -2.400000024437900059, 6.400000000000000355, -2.049999999999999822 ) ) ;
#2912 = ORIENTED_EDGE ( 'NONE', *, *, #147, .T. ) ;
#2913 = ORIENTED_EDGE ( 'NONE', *, *, #1517, .T. ) ;
#2914 = LINE ( 'NONE', #1632, #451 ) ;
#2915 = CARTESIAN_POINT ( 'NONE',  ( -2.500000024437900148, 6.299999999999999822, -0.3499999999999989786 ) ) ;
#2916 = DIRECTION ( 'NONE',  ( 0.0000000000000000000, 1.000000000000000000, -0.0000000000000000000 ) ) ;
#2917 = EDGE_CURVE ( 'NONE', #1334, #883, #3917, .T. ) ;
#2918 = ORIENTED_EDGE ( 'NONE', *, *, #2496, .F. ) ;
#2919 = LINE ( 'NONE', #344, #34 ) ;
#2920 = EDGE_CURVE ( 'NONE', #170, #690, #3626, .T. ) ;
#2921 = EDGE_LOOP ( 'NONE', ( #534, #3616 ) ) ;
#2922 = CARTESIAN_POINT ( 'NONE',  ( 1.549999975562099896, -5.380384757729339995, -0.8499999999999999778 ) ) ;
#2923 = EDGE_CURVE ( 'NONE', #2507, #1710, #2634, .T. ) ;
#2924 = EDGE_LOOP ( 'NONE', ( #1852, #666, #2295, #3682 ) ) ;
#2925 = EDGE_CURVE ( 'NONE', #922, #3762, #2326, .T. ) ;
#2926 = CARTESIAN_POINT ( 'NONE',  ( -2.443790392270270082E-08, -1.500000000000000000, 1.665334536937730077E-15 ) ) ;
#2927 = LINE ( 'NONE', #283, #1857 ) ;
#2928 = LINE ( 'NONE', #543, #2249 ) ;
#2929 = LINE ( 'NONE', #4179, #655 ) ;
#2930 = FACE_OUTER_BOUND ( 'NONE', #4228, .T. ) ;
#2931 = DIRECTION ( 'NONE',  ( -1.000000000000000000, 0.0000000000000000000, 0.0000000000000000000 ) ) ;
#2932 = ORIENTED_EDGE ( 'NONE', *, *, #3873, .F. ) ;
#2933 = ORIENTED_EDGE ( 'NONE', *, *, #3130, .T. ) ;
#2934 = PLANE ( 'NONE',  #3214 ) ;
#2935 = DIRECTION ( 'NONE',  ( 0.0000000000000000000, -1.000000000000000000, 0.0000000000000000000 ) ) ;
#2936 = DIRECTION ( 'NONE',  ( -0.0000000000000000000, 0.7071067811865470176, 0.7071067811865480168 ) ) ;
#2937 = CIRCLE ( 'NONE', #3483, 1.000000000000000000 ) ;
#2938 = ORIENTED_EDGE ( 'NONE', *, *, #3132, .T. ) ;
#2939 = LINE ( 'NONE', #1661, #1761 ) ;
#2940 = ORIENTED_EDGE ( 'NONE', *, *, #1541, .F. ) ;
#2941 = ORIENTED_EDGE ( 'NONE', *, *, #2898, .T. ) ;
#2942 = ORIENTED_EDGE ( 'NONE', *, *, #798, .T. ) ;
#2943 = CLOSED_SHELL ( 'NONE', ( #1498, #3260, #1196, #1617, #2288, #2869, #3233, #2415, #3763, #2848, #4147, #1222, #3796, #360, #4236, #1379, #3158, #249, #4194, #1838, #4109, #533, #3844, #1356, #2865, #1490, #123, #2629, #62, #1246, #1119, #4262, #963, #1644, #3636, #1963, #1329, #3523, #1673, #1056, #3162, #2571, #903, #2981, #3395, #144, #3819, #3824, #3497, #833, #619, #1309, #2438, #2793, #272, #32, #3312, #122, #2841, #1999, #1695 ) ) ;
#2944 = EDGE_CURVE ( 'NONE', #1187, #4152, #3363, .T. ) ;
#2945 = AXIS2_PLACEMENT_3D ( 'NONE', #2531, #3829, #3527 ) ;
#2946 = EDGE_CURVE ( 'NONE', #874, #1269, #3229, .T. ) ;
#2947 = DIRECTION ( 'NONE',  ( 0.0000000000000000000, 0.0000000000000000000, -1.000000000000000000 ) ) ;
#2948 = EDGE_CURVE ( 'NONE', #3457, #4227, #2961, .T. ) ;
#2949 = DIRECTION ( 'NONE',  ( -0.0000000000000000000, -0.0000000000000000000, -1.000000000000000000 ) ) ;
#2950 = VECTOR ( 'NONE', #3820, 1000.000000000000000 ) ;
#2951 = FACE_OUTER_BOUND ( 'NONE', #3522, .T. ) ;
#2952 = DIRECTION ( 'NONE',  ( 0.0000000000000000000, 0.0000000000000000000, 1.000000000000000000 ) ) ;
#2953 = FACE_BOUND ( 'NONE', #14, .T. ) ;
#2954 = AXIS2_PLACEMENT_3D ( 'NONE', #3013, #1457, #2407 ) ;
#2955 = VERTEX_POINT ( 'NONE', #701 ) ;
#2956 = VERTEX_POINT ( 'NONE', #2027 ) ;
#2957 = LINE ( 'NONE', #4229, #1278 ) ;
#2958 = VECTOR ( 'NONE', #368, 1000.000000000000114 ) ;
#2959 = DIRECTION ( 'NONE',  ( 2.220446049250310123E-16, 0.0000000000000000000, -1.000000000000000000 ) ) ;
#2960 = DIRECTION ( 'NONE',  ( -0.5000000000000022204, 0.8660254037844373753, 0.0000000000000000000 ) ) ;
#2961 = LINE ( 'NONE', #1312, #470 ) ;
#2962 = VERTEX_POINT ( 'NONE', #3340 ) ;
#2963 = CARTESIAN_POINT ( 'NONE',  ( -5.650000024437900059, -5.380384757729340883, 0.4499999999999978462 ) ) ;
#2964 = ORIENTED_EDGE ( 'NONE', *, *, #3239, .F. ) ;
#2965 = AXIS2_PLACEMENT_3D ( 'NONE', #3528, #2213, #560 ) ;
#2966 = DIRECTION ( 'NONE',  ( 0.4999999999999998335, -0.8660254037844387076, 0.0000000000000000000 ) ) ;
#2967 = VERTEX_POINT ( 'NONE', #1610 ) ;
#2968 = ORIENTED_EDGE ( 'NONE', *, *, #1571, .T. ) ;
#2969 = AXIS2_PLACEMENT_3D ( 'NONE', #420, #2959, #634 ) ;
#2970 = EDGE_LOOP ( 'NONE', ( #248, #1284, #3136, #414 ) ) ;
#2971 = CARTESIAN_POINT ( 'NONE',  ( 6.449999975562100474, 6.400000000000000355, -0.5999999910593031283 ) ) ;
#2972 = EDGE_CURVE ( 'NONE', #883, #2146, #3019, .T. ) ;
#2973 = DIRECTION ( 'NONE',  ( 0.0000000000000000000, -1.000000000000000000, 0.0000000000000000000 ) ) ;
#2974 = CARTESIAN_POINT ( 'NONE',  ( 5.349999975562099941, -5.900000000000000355, -0.1500000000000019929 ) ) ;
#2975 = EDGE_CURVE ( 'NONE', #3849, #2272, #488, .T. ) ;
#2976 = CARTESIAN_POINT ( 'NONE',  ( 1.599999975562099719, 6.200000000000001066, 2.049999999999999822 ) ) ;
#2977 = CARTESIAN_POINT ( 'NONE',  ( 1.549999975562099896, -5.900000000000000355, 0.8499999999999999778 ) ) ;
#2978 = ADVANCED_FACE ( 'NONE', ( #1462 ), #1395, .T. ) ;
#2979 = LINE ( 'NONE', #1982, #656 ) ;
#2980 = CARTESIAN_POINT ( 'NONE',  ( 7.255775349474119729, -1.500000000000000000, 2.974086863287563887 ) ) ;
#2981 = ADVANCED_FACE ( 'NONE', ( #3127 ), #3430, .F. ) ;
#2982 = CARTESIAN_POINT ( 'NONE',  ( -2.443790503292580154E-08, 0.0000000000000000000, 0.4000000089406969828 ) ) ;
#2983 = DIRECTION ( 'NONE',  ( 0.0000000000000000000, -0.7071067811865480168, 0.7071067811865470176 ) ) ;
#2984 = VERTEX_POINT ( 'NONE', #786 ) ;
#2985 = CARTESIAN_POINT ( 'NONE',  ( 1.999999975562100074, -1.500000000000000000, -1.149999999999999911 ) ) ;
#2986 = ORIENTED_EDGE ( 'NONE', *, *, #1806, .T. ) ;
#2987 = CARTESIAN_POINT ( 'NONE',  ( -1.400000024437900059, 6.400000000000000355, -0.4499999999999990119 ) ) ;
#2988 = ORIENTED_EDGE ( 'NONE', *, *, #1015, .F. ) ;
#2989 = ORIENTED_EDGE ( 'NONE', *, *, #2739, .F. ) ;
#2990 = DIRECTION ( 'NONE',  ( 5.268356218690319464E-09, 0.7071067811865470176, -0.7071067811865480168 ) ) ;
#2991 = DIRECTION ( 'NONE',  ( -0.0000000000000000000, 1.000000000000000000, -0.0000000000000000000 ) ) ;
#2992 = DIRECTION ( 'NONE',  ( -1.797123601011940016E-16, 0.0000000000000000000, 1.000000000000000000 ) ) ;
#2993 = FACE_OUTER_BOUND ( 'NONE', #3087, .T. ) ;
#2994 = DIRECTION ( 'NONE',  ( -1.000000000000000000, 0.0000000000000000000, -0.0000000000000000000 ) ) ;
#2995 = PLANE ( 'NONE',  #3083 ) ;
#2996 = DIRECTION ( 'NONE',  ( 0.0000000000000000000, -0.0000000000000000000, -1.000000000000000000 ) ) ;
#2997 = LINE ( 'NONE', #680, #3431 ) ;
#2998 = EDGE_CURVE ( 'NONE', #3439, #4110, #1711, .T. ) ;
#2999 = DIRECTION ( 'NONE',  ( -0.7071067811865474617, -0.7071067811865474617, 0.0000000000000000000 ) ) ;
#3000 = EDGE_CURVE ( 'NONE', #37, #1955, #4033, .T. ) ;
#3001 = EDGE_LOOP ( 'NONE', ( #4195, #687, #612, #2775 ) ) ;
#3002 = CARTESIAN_POINT ( 'NONE',  ( 1.849999975562099941, -5.900000000000000355, -1.149999999999999911 ) ) ;
#3003 = EDGE_LOOP ( 'NONE', ( #4113, #4222, #937, #1825 ) ) ;
#3004 = AXIS2_PLACEMENT_3D ( 'NONE', #1321, #3314, #4268 ) ;
#3005 = ORIENTED_EDGE ( 'NONE', *, *, #1759, .T. ) ;
#3006 = ORIENTED_EDGE ( 'NONE', *, *, #2022, .F. ) ;
#3007 = ORIENTED_EDGE ( 'NONE', *, *, #1193, .T. ) ;
#3008 = CARTESIAN_POINT ( 'NONE',  ( -1.600000024437900237, 6.200000000000001066, 2.049999999999999822 ) ) ;
#3009 = LINE ( 'NONE', #1364, #3345 ) ;
#3010 = DIRECTION ( 'NONE',  ( 0.0000000000000000000, 1.000000000000000000, -0.0000000000000000000 ) ) ;
#3011 = CIRCLE ( 'NONE', #4118, 0.3000000000000007661 ) ;
#3012 = AXIS2_PLACEMENT_3D ( 'NONE', #3529, #1866, #1601 ) ;
#3013 = CARTESIAN_POINT ( 'NONE',  ( 2.399999975562100207, 6.400000000000000355, -0.2500000000000000000 ) ) ;
#3014 = CARTESIAN_POINT ( 'NONE',  ( 5.049999975562100119, -1.500000000000000000, 0.4499999999999980127 ) ) ;
#3015 = VECTOR ( 'NONE', #3693, 1000.000000000000000 ) ;
#3016 = DIRECTION ( 'NONE',  ( -0.0000000000000000000, -1.000000000000000000, -0.0000000000000000000 ) ) ;
#3017 = CARTESIAN_POINT ( 'NONE',  ( -2.150000024437900503, -5.900000000000000355, -1.450000000000000178 ) ) ;
#3018 = DIRECTION ( 'NONE',  ( -1.000000000000000000, -0.0000000000000000000, -0.0000000000000000000 ) ) ;
#3019 = LINE ( 'NONE', #1047, #1363 ) ;
#3020 = EDGE_LOOP ( 'NONE', ( #2518, #270, #3609, #1219 ) ) ;
#3021 = ORIENTED_EDGE ( 'NONE', *, *, #3282, .F. ) ;
#3022 = COLOUR_RGB ( '',0.9529411764705881804, 0.8980392156862745390, 0.6549019607843137303 ) ;
#3023 = EDGE_CURVE ( 'NONE', #1335, #1198, #4061, .T. ) ;
#3024 = LINE ( 'NONE', #80, #4114 ) ;
#3025 = ADVANCED_FACE ( 'NONE', ( #3451 ), #2391, .T. ) ;
#3026 = SURFACE_STYLE_FILL_AREA ( #1010 ) ;
#3027 = AXIS2_PLACEMENT_3D ( 'NONE', #3716, #1131, #4081 ) ;
#3028 = EDGE_LOOP ( 'NONE', ( #2094, #4275, #3478, #900 ) ) ;
#3029 = EDGE_LOOP ( 'NONE', ( #3311, #2504, #3759, #4216, #2891, #1401, #2374, #2933 ) ) ;
#3030 = ORIENTED_EDGE ( 'NONE', *, *, #2863, .F. ) ;
#3031 = CARTESIAN_POINT ( 'NONE',  ( -6.850000024437910007, 0.0000000000000000000, -2.399999999999999911 ) ) ;
#3032 = VECTOR ( 'NONE', #4045, 1000.000000000000000 ) ;
#3033 = VERTEX_POINT ( 'NONE', #1156 ) ;
#3034 = DIRECTION ( 'NONE',  ( -1.000000000000000000, 0.0000000000000000000, -0.0000000000000000000 ) ) ;
#3035 = CARTESIAN_POINT ( 'NONE',  ( -1.550000024437899970, -1.500000000000000000, -0.8499999999999999778 ) ) ;
#3036 = AXIS2_PLACEMENT_3D ( 'NONE', #2373, #2097, #754 ) ;
#3037 = DIRECTION ( 'NONE',  ( 1.000000000000000000, -0.0000000000000000000, 0.0000000000000000000 ) ) ;
#3038 = DIRECTION ( 'NONE',  ( 0.7071067811865475727, 0.7071067811865475727, 0.0000000000000000000 ) ) ;
#3039 = FACE_OUTER_BOUND ( 'NONE', #2032, .T. ) ;
#3040 = CARTESIAN_POINT ( 'NONE',  ( -6.950000024437909651, 0.0000000000000000000, -2.399999999999999911 ) ) ;
#3041 = CARTESIAN_POINT ( 'NONE',  ( 6.939191709001679698, -1.499999999999999778, 3.100000000000000977 ) ) ;
#3042 = DIRECTION ( 'NONE',  ( -0.0000000000000000000, 0.0000000000000000000, 1.000000000000000000 ) ) ;
#3043 = LINE ( 'NONE', #1763, #3510 ) ;
#3044 = ORIENTED_EDGE ( 'NONE', *, *, #1121, .T. ) ;
#3045 = VERTEX_POINT ( 'NONE', #2414 ) ;
#3046 = LINE ( 'NONE', #3343, #241 ) ;
#3047 = CARTESIAN_POINT ( 'NONE',  ( -2.300000024437899970, -5.640192378864670175, -1.000000000000000000 ) ) ;
#3048 = EDGE_CURVE ( 'NONE', #1431, #3563, #1091, .T. ) ;
#3049 = ORIENTED_EDGE ( 'NONE', *, *, #3242, .F. ) ;
#3050 = ORIENTED_EDGE ( 'NONE', *, *, #509, .F. ) ;
#3051 = EDGE_CURVE ( 'NONE', #105, #3937, #3043, .T. ) ;
#3052 = ORIENTED_EDGE ( 'NONE', *, *, #331, .T. ) ;
#3053 = EDGE_CURVE ( 'NONE', #632, #1606, #1742, .T. ) ;
#3054 = CARTESIAN_POINT ( 'NONE',  ( 2.599999975562099941, 6.400000000000000355, 0.2500000000000000000 ) ) ;
#3055 = ORIENTED_EDGE ( 'NONE', *, *, #1827, .F. ) ;
#3056 = CARTESIAN_POINT ( 'NONE',  ( 7.849999975562100829, -1.199999999999999956, -2.985786437626904100 ) ) ;
#3057 = DIRECTION ( 'NONE',  ( -0.7071067811865483499, 0.7071067811865467956, 0.0000000000000000000 ) ) ;
#3058 = CARTESIAN_POINT ( 'NONE',  ( 6.949999975562099586, 0.0000000000000000000, 2.399999999999999911 ) ) ;
#3059 = CARTESIAN_POINT ( 'NONE',  ( -1.550000024437899970, -1.500000000000000000, 0.8499999999999999778 ) ) ;
#3060 = FACE_OUTER_BOUND ( 'NONE', #2924, .T. ) ;
#3061 = CARTESIAN_POINT ( 'NONE',  ( -7.850000024437909119, 0.0000000000000000000, 2.399999999999999911 ) ) ;
#3062 = CARTESIAN_POINT ( 'NONE',  ( 7.516210595448396425, -1.500000000000000000, 2.616010886323205664 ) ) ;
#3063 = CYLINDRICAL_SURFACE ( 'NONE', #2200, 0.3000000000000007661 ) ;
#3064 = VERTEX_POINT ( 'NONE', #3782 ) ;
#3065 = VERTEX_POINT ( 'NONE', #2156 ) ;
#3066 = LINE ( 'NONE', #1096, #2522 ) ;
#3067 = CARTESIAN_POINT ( 'NONE',  ( 5.349999975562099941, 0.0000000000000000000, 0.1499999999999999944 ) ) ;
#3068 = ORIENTED_EDGE ( 'NONE', *, *, #4269, .F. ) ;
#3069 = ORIENTED_EDGE ( 'NONE', *, *, #1301, .F. ) ;
#3070 = CARTESIAN_POINT ( 'NONE',  ( -6.894417518548258350, -1.500000000000000222, 3.100000000000000977 ) ) ;
#3071 = VERTEX_POINT ( 'NONE', #747 ) ;
#3072 = VECTOR ( 'NONE', #3331, 1000.000000000000227 ) ;
#3073 = CARTESIAN_POINT ( 'NONE',  ( 7.435786413189006794, -1.199999999999999956, -3.400000000000000799 ) ) ;
#3074 = ADVANCED_FACE ( 'NONE', ( #1722 ), #3063, .T. ) ;
#3075 = DIRECTION ( 'NONE',  ( -0.0000000000000000000, -0.0000000000000000000, 1.000000000000000000 ) ) ;
#3076 = EDGE_CURVE ( 'NONE', #2797, #854, #98, .T. ) ;
#3077 = DIRECTION ( 'NONE',  ( 0.5000000000000022204, 0.8660254037844373753, 0.0000000000000000000 ) ) ;
#3078 = STYLED_ITEM ( 'NONE', ( #3255 ), #1045 ) ;
#3079 = DIRECTION ( 'NONE',  ( 0.0000000000000000000, 0.0000000000000000000, -1.000000000000000000 ) ) ;
#3080 = DIRECTION ( 'NONE',  ( -0.0000000000000000000, -1.000000000000000000, 0.0000000000000000000 ) ) ;
#3081 = VECTOR ( 'NONE', #4058, 1000.000000000000000 ) ;
#3082 = DIRECTION ( 'NONE',  ( 0.0000000000000000000, 1.000000000000000000, 0.0000000000000000000 ) ) ;
#3083 = AXIS2_PLACEMENT_3D ( 'NONE', #9, #3386, #1024 ) ;
#3084 = CARTESIAN_POINT ( 'NONE',  ( 7.260050481900933939, -1.499999999999999556, 3.099999999999999645 ) ) ;
#3085 = DIRECTION ( 'NONE',  ( -0.0000000000000000000, -1.000000000000000000, 0.0000000000000000000 ) ) ;
#3086 = VECTOR ( 'NONE', #2867, 1000.000000000000000 ) ;
#3087 = EDGE_LOOP ( 'NONE', ( #2029, #586, #2487, #3789 ) ) ;
#3088 = ORIENTED_EDGE ( 'NONE', *, *, #2047, .F. ) ;
#3089 = CARTESIAN_POINT ( 'NONE',  ( 6.249999975562100296, 6.400000000000000355, -0.3999999910593030616 ) ) ;
#3090 = VECTOR ( 'NONE', #1323, 1000.000000000000000 ) ;
#3091 = FILL_AREA_STYLE ('',( #1767 ) ) ;
#3092 = VECTOR ( 'NONE', #158, 1000.000000000000000 ) ;
#3093 = ORIENTED_EDGE ( 'NONE', *, *, #1622, .T. ) ;
#3094 = ORIENTED_EDGE ( 'NONE', *, *, #2948, .T. ) ;
#3095 = VECTOR ( 'NONE', #2916, 1000.000000000000000 ) ;
#3096 = DIRECTION ( 'NONE',  ( -0.0000000000000000000, 1.000000000000000000, -0.0000000000000000000 ) ) ;
#3097 = ORIENTED_EDGE ( 'NONE', *, *, #3000, .F. ) ;
#3098 = VECTOR ( 'NONE', #3821, 1000.000000000000114 ) ;
#3099 = LINE ( 'NONE', #1083, #4258 ) ;
#3100 = AXIS2_PLACEMENT_3D ( 'NONE', #2357, #2425, #4092 ) ;
#3101 = CARTESIAN_POINT ( 'NONE',  ( 5.349999975562099941, -5.900000000000000355, -1.110223024625160090E-15 ) ) ;
#3102 = EDGE_CURVE ( 'NONE', #3926, #3414, #2111, .T. ) ;
#3103 = CARTESIAN_POINT ( 'NONE',  ( -7.850000024437909119, 0.0000000000000000000, 3.399999999999999911 ) ) ;
#3104 = EDGE_CURVE ( 'NONE', #1744, #3179, #768, .T. ) ;
#3105 = AXIS2_PLACEMENT_3D ( 'NONE', #213, #1532, #965 ) ;
#3106 = PLANE ( 'NONE',  #3906 ) ;
#3107 = DIRECTION ( 'NONE',  ( -2.220446049250310123E-16, 0.0000000000000000000, 1.000000000000000000 ) ) ;
#3108 = DIRECTION ( 'NONE',  ( -1.000000000000000000, -0.0000000000000000000, 0.0000000000000000000 ) ) ;
#3109 = PRODUCT_DEFINITION_FORMATION_WITH_SPECIFIED_SOURCE ( 'ANY', '', #522, .NOT_KNOWN. ) ;
#3110 = EDGE_CURVE ( 'NONE', #1163, #2707, #1995, .T. ) ;
#3111 = ORIENTED_EDGE ( 'NONE', *, *, #756, .F. ) ;
#3112 = ORIENTED_EDGE ( 'NONE', *, *, #875, .T. ) ;
#3113 = EDGE_CURVE ( 'NONE', #3400, #2839, #2135, .T. ) ;
#3114 = LINE ( 'NONE', #493, #3701 ) ;
#3115 = DIRECTION ( 'NONE',  ( -0.4999999999999998335, 0.8660254037844387076, -0.0000000000000000000 ) ) ;
#3116 = EDGE_LOOP ( 'NONE', ( #2620, #1677, #257, #3662 ) ) ;
#3117 = ORIENTED_EDGE ( 'NONE', *, *, #1937, .T. ) ;
#3118 = CARTESIAN_POINT ( 'NONE',  ( -4.250000024437899704, 6.400000000000000355, -0.5999999910593031283 ) ) ;
#3119 = EDGE_LOOP ( 'NONE', ( #3700, #4156, #3635, #1898, #2198, #1538, #1429, #2672, #3955, #657, #3097, #2185 ) ) ;
#3120 = DIRECTION ( 'NONE',  ( 0.0000000000000000000, 0.8660254037844374864, -0.5000000000000021094 ) ) ;
#3121 = FACE_OUTER_BOUND ( 'NONE', #1421, .T. ) ;
#3122 = CARTESIAN_POINT ( 'NONE',  ( -2.000000024437900148, -5.900000000000000355, -1.149999999999999911 ) ) ;
#3123 = DIRECTION ( 'NONE',  ( 1.000000000000000000, 0.0000000000000000000, -0.0000000000000000000 ) ) ;
#3124 = CARTESIAN_POINT ( 'NONE',  ( 1.999999975562100074, -1.500000000000000000, -1.300000000000000044 ) ) ;
#3125 = CARTESIAN_POINT ( 'NONE',  ( 3.999999975562099408, 0.0000000000000000000, -3.399999999999999911 ) ) ;
#3126 = LINE ( 'NONE', #2452, #869 ) ;
#3127 = FACE_OUTER_BOUND ( 'NONE', #1444, .T. ) ;
#3128 = VERTEX_POINT ( 'NONE', #1261 ) ;
#3129 = CARTESIAN_POINT ( 'NONE',  ( 6.894417469672411869, -1.500000000000000222, -3.100000000000000977 ) ) ;
#3130 = EDGE_CURVE ( 'NONE', #1296, #1918, #2173, .T. ) ;
#3131 = DIRECTION ( 'NONE',  ( 0.0000000000000000000, -1.000000000000000000, 0.0000000000000000000 ) ) ;
#3132 = EDGE_CURVE ( 'NONE', #2967, #1381, #1528, .T. ) ;
#3133 = ORIENTED_EDGE ( 'NONE', *, *, #3231, .F. ) ;
#3134 = ORIENTED_EDGE ( 'NONE', *, *, #2550, .F. ) ;
#3135 = CARTESIAN_POINT ( 'NONE',  ( 5.499999975562100296, -5.380384757729339995, 0.4499999999999979017 ) ) ;
#3136 = ORIENTED_EDGE ( 'NONE', *, *, #1544, .F. ) ;
#3137 = DIRECTION ( 'NONE',  ( 1.922962686383558886E-16, -0.4999999999999998335, -0.8660254037844387076 ) ) ;
#3138 = CARTESIAN_POINT ( 'NONE',  ( -7.260050530776740452, -1.499999999999999556, 3.099999999999995204 ) ) ;
#3139 = CARTESIAN_POINT ( 'NONE',  ( -5.350000024437900237, 2.055000000000000604, -0.1499999999999999944 ) ) ;
#3140 = CARTESIAN_POINT ( 'NONE',  ( -2.000000024437900148, 0.0000000000000000000, -1.300000000000000044 ) ) ;
#3141 = CIRCLE ( 'NONE', #1826, 0.1499999999999999667 ) ;
#3142 = PLANE ( 'NONE',  #3708 ) ;
#3143 = DIRECTION ( 'NONE',  ( 0.0000000000000000000, 0.0000000000000000000, -1.000000000000000000 ) ) ;
#3144 = CIRCLE ( 'NONE', #1768, 0.09999999999999982514 ) ;
#3145 = CYLINDRICAL_SURFACE ( 'NONE', #1079, 0.1499999999999999667 ) ;
#3146 = CARTESIAN_POINT ( 'NONE',  ( -2.450000024437899881, -1.500000000000000000, -0.8499999999999999778 ) ) ;
#3147 = VERTEX_POINT ( 'NONE', #2850 ) ;
#3148 = AXIS2_PLACEMENT_3D ( 'NONE', #932, #1602, #1237 ) ;
#3149 = EDGE_LOOP ( 'NONE', ( #3867, #233, #2722, #1016 ) ) ;
#3150 = CARTESIAN_POINT ( 'NONE',  ( -5.350000024437900237, -1.500000000000000000, -1.110223024625160090E-15 ) ) ;
#3151 = CARTESIAN_POINT ( 'NONE',  ( 1.999999975562100074, -1.500000000000000000, 1.149999999999999911 ) ) ;
#3152 = VECTOR ( 'NONE', #3200, 1000.000000000000000 ) ;
#3153 = VECTOR ( 'NONE', #1344, 1000.000000000000000 ) ;
#3154 = LINE ( 'NONE', #1136, #3507 ) ;
#3155 = EDGE_CURVE ( 'NONE', #3414, #4040, #3232, .T. ) ;
#3156 = ORIENTED_EDGE ( 'NONE', *, *, #4162, .T. ) ;
#3157 = AXIS2_PLACEMENT_3D ( 'NONE', #3230, #1506, #1821 ) ;
#3158 = ADVANCED_FACE ( 'NONE', ( #4183 ), #3207, .T. ) ;
#3159 = ORIENTED_EDGE ( 'NONE', *, *, #4138, .T. ) ;
#3160 = STYLED_ITEM ( 'NONE', ( #2055 ), #2619 ) ;
#3161 = ORIENTED_EDGE ( 'NONE', *, *, #1777, .F. ) ;
#3162 = ADVANCED_FACE ( 'NONE', ( #1179 ), #3859, .F. ) ;
#3163 = VECTOR ( 'NONE', #2180, 1000.000000000000000 ) ;
#3164 = FACE_BOUND ( 'NONE', #382, .T. ) ;
#3165 = CARTESIAN_POINT ( 'NONE',  ( -1.550000024437899970, -1.500000000000000000, 1.149999999999999911 ) ) ;
#3166 = AXIS2_PLACEMENT_3D ( 'NONE', #3600, #2931, #608 ) ;
#3167 = DIRECTION ( 'NONE',  ( 0.0000000000000000000, -0.7071067811865480168, 0.7071067811865470176 ) ) ;
#3168 = CARTESIAN_POINT ( 'NONE',  ( 1.599999975562099941, 6.400000000000000355, 2.049999999999999822 ) ) ;
#3169 = VECTOR ( 'NONE', #2825, 1000.000000000000000 ) ;
#3170 = LINE ( 'NONE', #835, #2950 ) ;
#3171 = DIRECTION ( 'NONE',  ( 0.0000000000000000000, -0.7071067811865480168, 0.7071067811865470176 ) ) ;
#3172 = EDGE_LOOP ( 'NONE', ( #815, #2968, #1451, #1568 ) ) ;
#3173 = VECTOR ( 'NONE', #2796, 1000.000000000000000 ) ;
#3174 = EDGE_LOOP ( 'NONE', ( #1773, #1636, #2333, #1427 ) ) ;
#3175 = FACE_OUTER_BOUND ( 'NONE', #972, .T. ) ;
#3176 = PLANE ( 'NONE',  #3105 ) ;
#3177 = VECTOR ( 'NONE', #3115, 1000.000000000000114 ) ;
#3178 = DIRECTION ( 'NONE',  ( 0.0000000000000000000, -0.0000000000000000000, -1.000000000000000000 ) ) ;
#3179 = VERTEX_POINT ( 'NONE', #1546 ) ;
#3180 = VERTEX_POINT ( 'NONE', #1216 ) ;
#3181 = EDGE_CURVE ( 'NONE', #1794, #4200, #2868, .T. ) ;
#3182 = EDGE_CURVE ( 'NONE', #1710, #3234, #585, .T. ) ;
#3183 = EDGE_LOOP ( 'NONE', ( #1811, #217, #3679, #1569 ) ) ;
#3184 = EDGE_LOOP ( 'NONE', ( #2723, #324, #2913, #1643 ) ) ;
#3185 = DIRECTION ( 'NONE',  ( 0.0000000000000000000, -0.0000000000000000000, -1.000000000000000000 ) ) ;
#3186 = EDGE_CURVE ( 'NONE', #3307, #1227, #505, .T. ) ;
#3187 = FACE_OUTER_BOUND ( 'NONE', #702, .T. ) ;
#3188 = EDGE_CURVE ( 'NONE', #3601, #1254, #872, .T. ) ;
#3189 = FACE_OUTER_BOUND ( 'NONE', #3850, .T. ) ;
#3190 = LINE ( 'NONE', #2866, #1625 ) ;
#3191 = LINE ( 'NONE', #911, #3846 ) ;
#3192 = DIRECTION ( 'NONE',  ( 0.0000000000000000000, -1.000000000000000000, 0.0000000000000000000 ) ) ;
#3193 = ORIENTED_EDGE ( 'NONE', *, *, #4271, .F. ) ;
#3194 = ORIENTED_EDGE ( 'NONE', *, *, #1199, .T. ) ;
#3195 =( NAMED_UNIT ( * ) PLANE_ANGLE_UNIT ( ) SI_UNIT ( $, .RADIAN. ) );
#3196 = LINE ( 'NONE', #3258, #3651 ) ;
#3197 = ORIENTED_EDGE ( 'NONE', *, *, #485, .T. ) ;
#3198 = VERTEX_POINT ( 'NONE', #3515 ) ;
#3199 = ORIENTED_EDGE ( 'NONE', *, *, #3364, .T. ) ;
#3200 = DIRECTION ( 'NONE',  ( 1.000000000000000000, 0.0000000000000000000, -0.0000000000000000000 ) ) ;
#3201 = CARTESIAN_POINT ( 'NONE',  ( 1.999999975562100074, 2.055000000000000604, 1.149999999999999911 ) ) ;
#3202 = ADVANCED_FACE ( 'NONE', ( #4226 ), #1507, .F. ) ;
#3203 = LINE ( 'NONE', #2555, #3911 ) ;
#3204 = CARTESIAN_POINT ( 'NONE',  ( 1.599999975562099941, 6.400000000000000355, -0.2500000000000000000 ) ) ;
#3205 = EDGE_CURVE ( 'NONE', #300, #2086, #1715, .T. ) ;
#3206 = DIRECTION ( 'NONE',  ( 0.0000000000000000000, -1.000000000000000000, 0.0000000000000000000 ) ) ;
#3207 = PLANE ( 'NONE',  #1162 ) ;
#3208 = ORIENTED_EDGE ( 'NONE', *, *, #1116, .T. ) ;
#3209 = ORIENTED_EDGE ( 'NONE', *, *, #1225, .F. ) ;
#3210 = AXIS2_PLACEMENT_3D ( 'NONE', #2615, #3935, #970 ) ;
#3211 = DIRECTION ( 'NONE',  ( 0.0000000000000000000, 0.0000000000000000000, 1.000000000000000000 ) ) ;
#3212 = DIRECTION ( 'NONE',  ( 0.0000000000000000000, 1.000000000000000000, 0.0000000000000000000 ) ) ;
#3213 = CARTESIAN_POINT ( 'NONE',  ( 6.249999975562100296, 6.400000000000000355, 0.4000000089406969828 ) ) ;
#3214 = AXIS2_PLACEMENT_3D ( 'NONE', #2285, #2561, #1936 ) ;
#3215 = EDGE_LOOP ( 'NONE', ( #4102, #1862, #3068, #1534 ) ) ;
#3216 = CARTESIAN_POINT ( 'NONE',  ( -5.050000024437900414, -1.500000000000000000, 0.4499999999999980127 ) ) ;
#3217 = VECTOR ( 'NONE', #2018, 1000.000000000000000 ) ;
#3218 = ORIENTED_EDGE ( 'NONE', *, *, #1191, .T. ) ;
#3219 = AXIS2_PLACEMENT_3D ( 'NONE', #930, #1929, #1258 ) ;
#3220 = DIRECTION ( 'NONE',  ( -1.000000000000000000, -0.0000000000000000000, -1.797123601011940016E-16 ) ) ;
#3221 = ORIENTED_EDGE ( 'NONE', *, *, #3317, .F. ) ;
#3222 = VECTOR ( 'NONE', #2906, 1000.000000000000000 ) ;
#3223 = VERTEX_POINT ( 'NONE', #267 ) ;
#3224 = CARTESIAN_POINT ( 'NONE',  ( -6.850000024437910007, 0.0000000000000000000, 2.399999999999999911 ) ) ;
#3225 = VECTOR ( 'NONE', #675, 1000.000000000000000 ) ;
#3226 = CARTESIAN_POINT ( 'NONE',  ( 2.449999975562100030, -1.500000000000000000, 0.8499999999999999778 ) ) ;
#3227 = LINE ( 'NONE', #1561, #1697 ) ;
#3228 = LINE ( 'NONE', #1585, #1281 ) ;
#3229 = CIRCLE ( 'NONE', #1992, 0.1499999999999999667 ) ;
#3230 = CARTESIAN_POINT ( 'NONE',  ( -2.000000024437909918, -1.500000000000000000, 1.149999999999999911 ) ) ;
#3231 = EDGE_CURVE ( 'NONE', #2690, #3262, #2558, .T. ) ;
#3232 = LINE ( 'NONE', #3489, #3581 ) ;
#3233 = ADVANCED_FACE ( 'NONE', ( #3469 ), #1850, .T. ) ;
#3234 = VERTEX_POINT ( 'NONE', #1587 ) ;
#3235 = ORIENTED_EDGE ( 'NONE', *, *, #4086, .T. ) ;
#3236 = AXIS2_PLACEMENT_3D ( 'NONE', #1887, #895, #936 ) ;
#3237 = LINE ( 'NONE', #3902, #3970 ) ;
#3238 = LINE ( 'NONE', #3583, #686 ) ;
#3239 = EDGE_CURVE ( 'NONE', #690, #3223, #1909, .T. ) ;
#3240 = DIRECTION ( 'NONE',  ( 0.0000000000000000000, 0.0000000000000000000, -1.000000000000000000 ) ) ;
#3241 = VECTOR ( 'NONE', #4119, 1000.000000000000000 ) ;
#3242 = EDGE_CURVE ( 'NONE', #2642, #1833, #1823, .T. ) ;
#3243 = ORIENTED_EDGE ( 'NONE', *, *, #2975, .F. ) ;
#3244 = DIRECTION ( 'NONE',  ( 0.0000000000000000000, 0.8660254037844374864, 0.5000000000000021094 ) ) ;
#3245 = ORIENTED_EDGE ( 'NONE', *, *, #1013, .F. ) ;
#3246 = FACE_OUTER_BOUND ( 'NONE', #279, .T. ) ;
#3247 = AXIS2_PLACEMENT_3D ( 'NONE', #3354, #1915, #712 ) ;
#3248 = ORIENTED_EDGE ( 'NONE', *, *, #2602, .T. ) ;
#3249 = DIRECTION ( 'NONE',  ( 0.0000000000000000000, -1.000000000000000000, 0.0000000000000000000 ) ) ;
#3250 = PLANE ( 'NONE',  #3219 ) ;
#3251 = DIRECTION ( 'NONE',  ( 1.000000000000000000, 0.0000000000000000000, 0.0000000000000000000 ) ) ;
#3252 = FACE_BOUND ( 'NONE', #1548, .T. ) ;
#3253 = ORIENTED_EDGE ( 'NONE', *, *, #3929, .T. ) ;
#3254 = ORIENTED_EDGE ( 'NONE', *, *, #1885, .F. ) ;
#3255 = PRESENTATION_STYLE_ASSIGNMENT (( #940 ) ) ;
#3256 = LINE ( 'NONE', #291, #3385 ) ;
#3257 = LINE ( 'NONE', #2982, #323 ) ;
#3258 = CARTESIAN_POINT ( 'NONE',  ( -2.150000024437900059, -5.900000000000000355, -1.149999999999999911 ) ) ;
#3259 = VERTEX_POINT ( 'NONE', #1933 ) ;
#3260 = ADVANCED_FACE ( 'NONE', ( #2953, #3670, #3270, #1368, #1980, #3252, #697 ), #2646, .T. ) ;
#3261 = DIRECTION ( 'NONE',  ( -0.0000000000000000000, -1.000000000000000000, -0.0000000000000000000 ) ) ;
#3262 = VERTEX_POINT ( 'NONE', #4274 ) ;
#3263 = ADVANCED_FACE ( 'NONE', ( #676 ), #1688, .T. ) ;
#3264 = LINE ( 'NONE', #847, #3648 ) ;
#3265 = ORIENTED_EDGE ( 'NONE', *, *, #1806, .F. ) ;
#3266 = DIRECTION ( 'NONE',  ( 1.000000000000000000, 0.0000000000000000000, -0.0000000000000000000 ) ) ;
#3267 = FACE_OUTER_BOUND ( 'NONE', #2393, .T. ) ;
#3268 = CARTESIAN_POINT ( 'NONE',  ( -2.000000024437900148, -1.500000000000000000, -1.000000000000000000 ) ) ;
#3269 = LINE ( 'NONE', #3599, #464 ) ;
#3270 = FACE_BOUND ( 'NONE', #2100, .T. ) ;
#3271 = EDGE_LOOP ( 'NONE', ( #3235, #3690 ) ) ;
#3272 = EDGE_LOOP ( 'NONE', ( #2942, #3112, #2233, #1383 ) ) ;
#3273 = PLANE ( 'NONE',  #1208 ) ;
#3274 = DIRECTION ( 'NONE',  ( 0.0000000000000000000, 0.0000000000000000000, -1.000000000000000000 ) ) ;
#3275 = CARTESIAN_POINT ( 'NONE',  ( 3.999999975562099408, 0.0000000000000000000, -2.500000000000000000 ) ) ;
#3276 = CARTESIAN_POINT ( 'NONE',  ( 1.849999975562099941, -5.900000000000000355, 1.149999999999999911 ) ) ;
#3277 = ORIENTED_EDGE ( 'NONE', *, *, #1191, .F. ) ;
#3278 = CARTESIAN_POINT ( 'NONE',  ( 6.849999975562099941, -1.199999999999999956, 2.399999999999999911 ) ) ;
#3279 = EDGE_LOOP ( 'NONE', ( #491, #2786, #2356, #644 ) ) ;
#3280 = VECTOR ( 'NONE', #2372, 1000.000000000000000 ) ;
#3281 = LINE ( 'NONE', #2987, #949 ) ;
#3282 = EDGE_CURVE ( 'NONE', #3762, #1165, #1306, .T. ) ;
#3283 = VERTEX_POINT ( 'NONE', #375 ) ;
#3284 = ADVANCED_FACE ( 'NONE', ( #1343 ), #25, .T. ) ;
#3285 = VECTOR ( 'NONE', #3010, 1000.000000000000000 ) ;
#3286 = CLOSED_SHELL ( 'NONE', ( #2652, #1692, #805, #3474, #2795, #406, #2282, #239 ) ) ;
#3287 = EDGE_LOOP ( 'NONE', ( #2076, #298, #1665, #2056 ) ) ;
#3288 = VECTOR ( 'NONE', #1657, 1000.000000000000000 ) ;
#3289 = DIRECTION ( 'NONE',  ( 0.0000000000000000000, 0.0000000000000000000, -1.000000000000000000 ) ) ;
#3290 = EDGE_CURVE ( 'NONE', #2394, #1464, #3319, .T. ) ;
#3291 = DIRECTION ( 'NONE',  ( -1.000000000000000000, 0.0000000000000000000, -0.0000000000000000000 ) ) ;
#3292 = AXIS2_PLACEMENT_3D ( 'NONE', #2805, #207, #3878 ) ;
#3293 = CARTESIAN_POINT ( 'NONE',  ( 1.599999975562099941, 6.400000000000000355, -0.2500000000000000000 ) ) ;
#3294 = DIRECTION ( 'NONE',  ( 0.0000000000000000000, 0.0000000000000000000, 1.000000000000000000 ) ) ;
#3295 = CARTESIAN_POINT ( 'NONE',  ( -1.550000024437899970, -1.500000000000000000, -0.8499999999999999778 ) ) ;
#3296 = STYLED_ITEM ( 'NONE', ( #255 ), #2501 ) ;
#3297 = CARTESIAN_POINT ( 'NONE',  ( -1.550000024437899970, -1.500000000000000000, -1.449999999999999956 ) ) ;
#3298 = CARTESIAN_POINT ( 'NONE',  ( 2.399999975562100207, 6.400000000000000355, -2.049999999999999822 ) ) ;
#3299 = VECTOR ( 'NONE', #1183, 1000.000000000000000 ) ;
#3300 = LINE ( 'NONE', #966, #1009 ) ;
#3301 = CARTESIAN_POINT ( 'NONE',  ( 0.7999999755620950115, 6.299999999999999822, -2.149999999999999911 ) ) ;
#3302 = ORIENTED_EDGE ( 'NONE', *, *, #2516, .T. ) ;
#3303 = VECTOR ( 'NONE', #3924, 1000.000000000000000 ) ;
#3304 = ORIENTED_EDGE ( 'NONE', *, *, #3686, .T. ) ;
#3305 = UNCERTAINTY_MEASURE_WITH_UNIT (LENGTH_MEASURE( 1.000000000000000082E-05 ), #856, 'distance_accuracy_value', 'NONE');
#3306 = DIRECTION ( 'NONE',  ( -1.000000000000000000, 0.0000000000000000000, 0.0000000000000000000 ) ) ;
#3307 = VERTEX_POINT ( 'NONE', #51 ) ;
#3308 = VECTOR ( 'NONE', #994, 1000.000000000000114 ) ;
#3309 = VERTEX_POINT ( 'NONE', #3014 ) ;
#3310 = CIRCLE ( 'NONE', #4281, 0.09999999999999982514 ) ;
#3311 = ORIENTED_EDGE ( 'NONE', *, *, #1225, .T. ) ;
#3312 = ADVANCED_FACE ( 'NONE', ( #4009 ), #3943, .F. ) ;
#3313 = CARTESIAN_POINT ( 'NONE',  ( -1.600000024437900237, 0.0000000000000000000, 2.049999999999999822 ) ) ;
#3314 = DIRECTION ( 'NONE',  ( 0.0000000000000000000, 0.0000000000000000000, -1.000000000000000000 ) ) ;
#3315 = ADVANCED_FACE ( 'NONE', ( #1324 ), #1670, .T. ) ;
#3316 = LINE ( 'NONE', #3293, #3285 ) ;
#3317 = EDGE_CURVE ( 'NONE', #2808, #3179, #3982, .T. ) ;
#3318 = CARTESIAN_POINT ( 'NONE',  ( -7.550000024437903079, -1.500000000000000000, 2.400000000000000355 ) ) ;
#3319 = LINE ( 'NONE', #2281, #4204 ) ;
#3320 = ORIENTED_EDGE ( 'NONE', *, *, #294, .T. ) ;
#3321 = DIRECTION ( 'NONE',  ( 2.822600910063960139E-16, 0.0000000000000000000, -1.000000000000000000 ) ) ;
#3322 = LINE ( 'NONE', #12, #1630 ) ;
#3323 = DIRECTION ( 'NONE',  ( -0.0000000000000000000, 1.000000000000000000, -0.0000000000000000000 ) ) ;
#3324 = ORIENTED_EDGE ( 'NONE', *, *, #1517, .F. ) ;
#3325 = CARTESIAN_POINT ( 'NONE',  ( -7.550000024437911073, -1.500000000000000000, -2.399999999999999911 ) ) ;
#3326 = ORIENTED_EDGE ( 'NONE', *, *, #2925, .T. ) ;
#3327 = DIRECTION ( 'NONE',  ( -0.7071067811865480168, 0.7071067811865470176, 0.0000000000000000000 ) ) ;
#3328 = ORIENTED_EDGE ( 'NONE', *, *, #3501, .T. ) ;
#3329 = ORIENTED_EDGE ( 'NONE', *, *, #1941, .T. ) ;
#3330 = CARTESIAN_POINT ( 'NONE',  ( 3.124999971650539887, 6.299999999999999822, 0.4999999856576319845 ) ) ;
#3331 = DIRECTION ( 'NONE',  ( 0.5773502691896245098, 0.5773502691896269523, -0.5773502691896256200 ) ) ;
#3332 = DIRECTION ( 'NONE',  ( 1.000000000000000000, 0.0000000000000000000, 1.797123601011940016E-16 ) ) ;
#3333 = FACE_OUTER_BOUND ( 'NONE', #3172, .T. ) ;
#3334 = DIRECTION ( 'NONE',  ( -1.000000000000000000, 0.0000000000000000000, -0.0000000000000000000 ) ) ;
#3335 = EDGE_CURVE ( 'NONE', #3342, #2882, #2604, .T. ) ;
#3336 = DIRECTION ( 'NONE',  ( -2.822600910063960139E-16, 0.0000000000000000000, -1.000000000000000000 ) ) ;
#3337 = ADVANCED_FACE ( 'NONE', ( #1604 ), #3575, .T. ) ;
#3338 = DIRECTION ( 'NONE',  ( 0.0000000000000000000, 0.0000000000000000000, -1.000000000000000000 ) ) ;
#3339 = CARTESIAN_POINT ( 'NONE',  ( -2.450000024437899881, -1.500000000000000000, -1.449999999999999956 ) ) ;
#3340 = CARTESIAN_POINT ( 'NONE',  ( -4.000000024437903257, 6.400000000000000355, -2.500000000000000000 ) ) ;
#3341 = ORIENTED_EDGE ( 'NONE', *, *, #2153, .F. ) ;
#3342 = VERTEX_POINT ( 'NONE', #4246 ) ;
#3343 = CARTESIAN_POINT ( 'NONE',  ( -5.200000024437899881, -5.380384757729339995, 0.4499999999999979017 ) ) ;
#3344 = FILL_AREA_STYLE_COLOUR ( '', #3022 ) ;
#3345 = VECTOR ( 'NONE', #1039, 1000.000000000000000 ) ;
#3346 = ORIENTED_EDGE ( 'NONE', *, *, #748, .F. ) ;
#3347 = AXIS2_PLACEMENT_3D ( 'NONE', #2324, #75, #400 ) ;
#3348 = ORIENTED_EDGE ( 'NONE', *, *, #3110, .T. ) ;
#3349 = CARTESIAN_POINT ( 'NONE',  ( 5.049999975562100119, -5.380384757729339995, -0.4500000000000020095 ) ) ;
#3350 = AXIS2_PLACEMENT_3D ( 'NONE', #544, #604, #3598 ) ;
#3351 = CARTESIAN_POINT ( 'NONE',  ( 1.549999975562099896, -1.500000000000000000, -0.8499999999999999778 ) ) ;
#3352 = CARTESIAN_POINT ( 'NONE',  ( 1.599999975562099941, 6.200000000000001066, 0.2500000000000000000 ) ) ;
#3353 = VECTOR ( 'NONE', #2007, 1000.000000000000000 ) ;
#3354 = CARTESIAN_POINT ( 'NONE',  ( -3.125000024437900148, 6.299999999999999822, -0.4999999910593029839 ) ) ;
#3355 = VECTOR ( 'NONE', #3080, 1000.000000000000000 ) ;
#3356 = LINE ( 'NONE', #3423, #2125 ) ;
#3357 = CARTESIAN_POINT ( 'NONE',  ( 1.399999975562100207, 6.400000000000000355, -2.250000000000000444 ) ) ;
#3358 = DIRECTION ( 'NONE',  ( -0.0000000000000000000, 0.0000000000000000000, -1.000000000000000000 ) ) ;
#3359 = CARTESIAN_POINT ( 'NONE',  ( 7.152057254597606217, -1.500000000000000222, 3.031953970004771293 ) ) ;
#3360 = EDGE_CURVE ( 'NONE', #4185, #2703, #7, .T. ) ;
#3361 = VECTOR ( 'NONE', #3220, 1000.000000000000000 ) ;
#3362 = LINE ( 'NONE', #3714, #4191 ) ;
#3363 = LINE ( 'NONE', #1694, #2608 ) ;
#3364 = EDGE_CURVE ( 'NONE', #751, #4018, #3960, .T. ) ;
#3365 = ORIENTED_EDGE ( 'NONE', *, *, #858, .F. ) ;
#3366 = AXIS2_PLACEMENT_3D ( 'NONE', #532, #1873, #1202 ) ;
#3367 = DIRECTION ( 'NONE',  ( 1.000000000000000000, 0.0000000000000000000, 2.220446049250310123E-16 ) ) ;
#3368 = EDGE_CURVE ( 'NONE', #2162, #3695, #2345, .T. ) ;
#3369 = LINE ( 'NONE', #790, #4073 ) ;
#3370 = FACE_OUTER_BOUND ( 'NONE', #3215, .T. ) ;
#3371 = ADVANCED_FACE ( 'NONE', ( #2108 ), #422, .T. ) ;
#3372 = VECTOR ( 'NONE', #1266, 1000.000000000000000 ) ;
#3373 = EDGE_LOOP ( 'NONE', ( #2851, #1552, #2685, #4041 ) ) ;
#3374 = ORIENTED_EDGE ( 'NONE', *, *, #3188, .T. ) ;
#3375 = VERTEX_POINT ( 'NONE', #1062 ) ;
#3376 = DIRECTION ( 'NONE',  ( -0.0000000000000000000, 0.0000000000000000000, -1.000000000000000000 ) ) ;
#3377 = VECTOR ( 'NONE', #1523, 1000.000000000000114 ) ;
#3378 = ORIENTED_EDGE ( 'NONE', *, *, #2084, .T. ) ;
#3379 = LINE ( 'NONE', #1474, #2662 ) ;
#3380 = FACE_OUTER_BOUND ( 'NONE', #447, .T. ) ;
#3381 = COLOUR_RGB ( '',0.2666666666666666630, 0.5843137254901961120, 0.2823529411764705843 ) ;
#3382 = DIRECTION ( 'NONE',  ( 0.5773502691896253980, 0.5773502691896266192, -0.5773502691896253980 ) ) ;
#3383 = CARTESIAN_POINT ( 'NONE',  ( -7.128312770553506539, -1.500000000000000222, -3.042660445867652719 ) ) ;
#3384 = CARTESIAN_POINT ( 'NONE',  ( 3.999999975562098076, 6.400000000000000355, -3.399999999999999911 ) ) ;
#3385 = VECTOR ( 'NONE', #2714, 1000.000000000000000 ) ;
#3386 = DIRECTION ( 'NONE',  ( 1.000000000000000000, 0.0000000000000000000, -0.0000000000000000000 ) ) ;
#3387 = DIRECTION ( 'NONE',  ( -0.0000000000000000000, 1.000000000000000000, -0.0000000000000000000 ) ) ;
#3388 = DIRECTION ( 'NONE',  ( -0.5773502691896266192, -0.5773502691896253980, -0.5773502691896252870 ) ) ;
#3389 = CARTESIAN_POINT ( 'NONE',  ( -1.600000024437900237, 6.400000000000000355, 0.2500000000000000000 ) ) ;
#3390 = ORIENTED_EDGE ( 'NONE', *, *, #457, .F. ) ;
#3391 = UNCERTAINTY_MEASURE_WITH_UNIT (LENGTH_MEASURE( 1.000000000000000082E-05 ), #2382, 'distance_accuracy_value', 'NONE');
#3392 = CYLINDRICAL_SURFACE ( 'NONE', #3901, 0.1499999999999999667 ) ;
#3393 = LINE ( 'NONE', #3697, #3936 ) ;
#3394 = CARTESIAN_POINT ( 'NONE',  ( 6.949999975562099586, 0.0000000000000000000, -2.399999999999999911 ) ) ;
#3395 = ADVANCED_FACE ( 'NONE', ( #3060 ), #740, .F. ) ;
#3396 = ORIENTED_EDGE ( 'NONE', *, *, #1515, .T. ) ;
#3397 = EDGE_CURVE ( 'NONE', #3885, #1250, #117, .T. ) ;
#3398 = ORIENTED_EDGE ( 'NONE', *, *, #716, .T. ) ;
#3399 = DIRECTION ( 'NONE',  ( 0.0000000000000000000, 0.0000000000000000000, 1.000000000000000000 ) ) ;
#3400 = VERTEX_POINT ( 'NONE', #3384 ) ;
#3401 = CARTESIAN_POINT ( 'NONE',  ( 5.199999975562099586, -5.640192378864670175, -0.3000000000000009881 ) ) ;
#3402 = PLANE ( 'NONE',  #524 ) ;
#3403 = FACE_OUTER_BOUND ( 'NONE', #1578, .T. ) ;
#3404 = DIRECTION ( 'NONE',  ( 0.0000000000000000000, -1.000000000000000000, 0.0000000000000000000 ) ) ;
#3405 = CARTESIAN_POINT ( 'NONE',  ( 1.599999975562099941, 6.400000000000000355, -2.049999999999999822 ) ) ;
#3406 = PRESENTATION_STYLE_ASSIGNMENT (( #2782 ) ) ;
#3407 = DIRECTION ( 'NONE',  ( 1.000000000000000000, 0.0000000000000000000, -0.0000000000000000000 ) ) ;
#3408 = DIRECTION ( 'NONE',  ( 0.0000000000000000000, 0.0000000000000000000, 1.000000000000000000 ) ) ;
#3409 = ORIENTED_EDGE ( 'NONE', *, *, #1960, .F. ) ;
#3410 = ORIENTED_EDGE ( 'NONE', *, *, #2419, .T. ) ;
#3411 = DIRECTION ( 'NONE',  ( 0.0000000000000000000, 1.000000000000000000, 0.0000000000000000000 ) ) ;
#3412 = DIRECTION ( 'NONE',  ( 2.220446049250310123E-16, 0.0000000000000000000, -1.000000000000000000 ) ) ;
#3413 = ORIENTED_EDGE ( 'NONE', *, *, #2790, .F. ) ;
#3414 = VERTEX_POINT ( 'NONE', #3357 ) ;
#3415 = EDGE_CURVE ( 'NONE', #3675, #4035, #1577, .T. ) ;
#3416 = FACE_OUTER_BOUND ( 'NONE', #364, .T. ) ;
#3417 = ADVANCED_FACE ( 'NONE', ( #3039 ), #4028, .T. ) ;
#3418 = EDGE_LOOP ( 'NONE', ( #556, #289, #3860, #1698 ) ) ;
#3419 = AXIS2_PLACEMENT_3D ( 'NONE', #4065, #2329, #2096 ) ;
#3420 = DIRECTION ( 'NONE',  ( 0.0000000000000000000, -1.000000000000000000, 0.0000000000000000000 ) ) ;
#3421 = CARTESIAN_POINT ( 'NONE',  ( -2.443790503292580154E-08, 0.0000000000000000000, -0.4499999999999990119 ) ) ;
#3422 = EDGE_CURVE ( 'NONE', #2797, #664, #1106, .T. ) ;
#3423 = CARTESIAN_POINT ( 'NONE',  ( 1.599999975562099941, 6.200000000000001066, -2.049999999999999822 ) ) ;
#3424 = LINE ( 'NONE', #2408, #3794 ) ;
#3425 = EDGE_CURVE ( 'NONE', #4200, #321, #463, .T. ) ;
#3426 = DIRECTION ( 'NONE',  ( -1.000000000000000000, 0.0000000000000000000, 0.0000000000000000000 ) ) ;
#3427 = COLOUR_RGB ( '',0.9529411764705881804, 0.8980392156862745390, 0.6549019607843137303 ) ;
#3428 = CARTESIAN_POINT ( 'NONE',  ( -5.050000024437900414, -5.900000000000000355, 0.1499999999999986067 ) ) ;
#3429 = CARTESIAN_POINT ( 'NONE',  ( 3.999999975562090082, -1.199999999999999956, -3.399999999999999911 ) ) ;
#3430 = PLANE ( 'NONE',  #1917 ) ;
#3431 = VECTOR ( 'NONE', #2325, 1000.000000000000000 ) ;
#3432 = ORIENTED_EDGE ( 'NONE', *, *, #1063, .T. ) ;
#3433 = ORIENTED_EDGE ( 'NONE', *, *, #851, .F. ) ;
#3434 = CARTESIAN_POINT ( 'NONE',  ( 6.849999975562099941, -1.500000000000000000, -3.100000000000000533 ) ) ;
#3435 = CARTESIAN_POINT ( 'NONE',  ( -5.650000024437900059, -1.500000000000000000, -0.4500000000000020095 ) ) ;
#3436 = PLANE ( 'NONE',  #2130 ) ;
#3437 = VECTOR ( 'NONE', #3591, 1000.000000000000000 ) ;
#3438 = ORIENTED_EDGE ( 'NONE', *, *, #1255, .F. ) ;
#3439 = VERTEX_POINT ( 'NONE', #1738 ) ;
#3440 = VECTOR ( 'NONE', #1003, 1000.000000000000000 ) ;
#3441 = CARTESIAN_POINT ( 'NONE',  ( -1.600000024437900237, 6.200000000000001066, 2.049999999999999822 ) ) ;
#3442 = ORIENTED_EDGE ( 'NONE', *, *, #884, .F. ) ;
#3443 = DIRECTION ( 'NONE',  ( 0.0000000000000000000, -0.0000000000000000000, 1.000000000000000000 ) ) ;
#3444 = DIRECTION ( 'NONE',  ( -1.000000000000000000, 0.0000000000000000000, 0.0000000000000000000 ) ) ;
#3445 = CYLINDRICAL_SURFACE ( 'NONE', #3513, 0.09999999999999982514 ) ;
#3446 = EDGE_CURVE ( 'NONE', #3637, #947, #1458, .T. ) ;
#3447 = LINE ( 'NONE', #3061, #1626 ) ;
#3448 = MECHANICAL_DESIGN_GEOMETRIC_PRESENTATION_REPRESENTATION (  '', ( #2901 ), #413 ) ;
#3449 = EDGE_CURVE ( 'NONE', #3637, #3283, #441, .T. ) ;
#3450 = CARTESIAN_POINT ( 'NONE',  ( -7.850000024437909119, -1.199999999999999956, -2.399999999999999467 ) ) ;
#3451 = FACE_OUTER_BOUND ( 'NONE', #3612, .T. ) ;
#3452 = ORIENTED_EDGE ( 'NONE', *, *, #1885, .T. ) ;
#3453 = EDGE_LOOP ( 'NONE', ( #1405, #3433, #1637, #2677, #923, #3826 ) ) ;
#3454 = CARTESIAN_POINT ( 'NONE',  ( -2.150000024437900059, -5.900000000000000355, 1.149999999999999911 ) ) ;
#3455 = DIRECTION ( 'NONE',  ( 0.0000000000000000000, 1.000000000000000000, 0.0000000000000000000 ) ) ;
#3456 = ORIENTED_EDGE ( 'NONE', *, *, #294, .F. ) ;
#3457 = VERTEX_POINT ( 'NONE', #1758 ) ;
#3458 =( NAMED_UNIT ( * ) SI_UNIT ( $, .STERADIAN. ) SOLID_ANGLE_UNIT ( ) );
#3459 = ORIENTED_EDGE ( 'NONE', *, *, #773, .F. ) ;
#3460 = LINE ( 'NONE', #1753, #1134 ) ;
#3461 = CARTESIAN_POINT ( 'NONE',  ( -7.850000024437911783, -1.199999999999999956, 2.985786437626906320 ) ) ;
#3462 = SURFACE_STYLE_USAGE ( .BOTH. , #2167 ) ;
#3463 = LINE ( 'NONE', #4260, #3437 ) ;
#3464 = DIRECTION ( 'NONE',  ( 0.0000000000000000000, 0.0000000000000000000, -1.000000000000000000 ) ) ;
#3465 = CARTESIAN_POINT ( 'NONE',  ( -2.450000024437899881, -1.500000000000000000, 1.449999999999999956 ) ) ;
#3466 = CARTESIAN_POINT ( 'NONE',  ( 6.849999975562099941, 0.0000000000000000000, -2.399999999999999911 ) ) ;
#3467 = DIRECTION ( 'NONE',  ( -0.0000000000000000000, 0.0000000000000000000, 1.000000000000000000 ) ) ;
#3468 = EDGE_CURVE ( 'NONE', #154, #276, #3424, .T. ) ;
#3469 = FACE_OUTER_BOUND ( 'NONE', #245, .T. ) ;
#3470 = ORIENTED_EDGE ( 'NONE', *, *, #3999, .T. ) ;
#3471 = ORIENTED_EDGE ( 'NONE', *, *, #2205, .F. ) ;
#3472 = LINE ( 'NONE', #3454, #4249 ) ;
#3473 = DIRECTION ( 'NONE',  ( 0.0000000000000000000, 0.0000000000000000000, 1.000000000000000000 ) ) ;
#3474 = ADVANCED_FACE ( 'NONE', ( #3754 ), #3732, .T. ) ;
#3475 = EDGE_LOOP ( 'NONE', ( #1659, #2859, #795, #3193 ) ) ;
#3476 = ORIENTED_EDGE ( 'NONE', *, *, #3397, .F. ) ;
#3477 = LINE ( 'NONE', #3135, #1374 ) ;
#3478 = ORIENTED_EDGE ( 'NONE', *, *, #3608, .T. ) ;
#3479 = DIRECTION ( 'NONE',  ( 0.5773502706234902027, -0.5773502706234902027, -0.5773502663218966768 ) ) ;
#3480 = PRESENTATION_STYLE_ASSIGNMENT (( #3462 ) ) ;
#3481 = LINE ( 'NONE', #280, #945 ) ;
#3482 = CARTESIAN_POINT ( 'NONE',  ( 7.849999975562099941, 0.0000000000000000000, -2.399999999999999911 ) ) ;
#3483 = AXIS2_PLACEMENT_3D ( 'NONE', #3278, #621, #2586 ) ;
#3484 = ADVANCED_BREP_SHAPE_REPRESENTATION ( 'DB6D4DC0-CA50-4467-8321-C9BC62AFFAAD', ( #1045, #3897, #2619, #1170, #4029, #2582, #2501, #4044, #209 ), #2143 ) ;
#3485 = FACE_OUTER_BOUND ( 'NONE', #3272, .T. ) ;
#3486 = CARTESIAN_POINT ( 'NONE',  ( -1.850000024437900237, -5.900000000000000355, -0.8499999999999998668 ) ) ;
#3487 = CIRCLE ( 'NONE', #2242, 0.2999999999999999334 ) ;
#3488 = FACE_OUTER_BOUND ( 'NONE', #4001, .T. ) ;
#3489 = CARTESIAN_POINT ( 'NONE',  ( 1.399999975562099985, 6.400000000000000355, -2.250000000000000444 ) ) ;
#3490 = VERTEX_POINT ( 'NONE', #4097 ) ;
#3491 = AXIS2_PLACEMENT_3D ( 'NONE', #3125, #161, #1480 ) ;
#3492 = AXIS2_PLACEMENT_3D ( 'NONE', #1043, #4030, #1307 ) ;
#3493 = EDGE_LOOP ( 'NONE', ( #3044, #2871 ) ) ;
#3494 = EDGE_CURVE ( 'NONE', #1955, #2656, #2476, .T. ) ;
#3495 = DIRECTION ( 'NONE',  ( 1.233581138472400057E-15, -0.0000000000000000000, 1.000000000000000000 ) ) ;
#3496 = PLANE ( 'NONE',  #2548 ) ;
#3497 = ADVANCED_FACE ( 'NONE', ( #2447 ), #3445, .T. ) ;
#3498 = VECTOR ( 'NONE', #2274, 1000.000000000000114 ) ;
#3499 = LINE ( 'NONE', #3905, #1641 ) ;
#3500 = VERTEX_POINT ( 'NONE', #3710 ) ;
#3501 = EDGE_CURVE ( 'NONE', #4261, #450, #1478, .T. ) ;
#3502 = ORIENTED_EDGE ( 'NONE', *, *, #3182, .T. ) ;
#3503 = ADVANCED_FACE ( 'NONE', ( #3688 ), #891, .F. ) ;
#3504 = VECTOR ( 'NONE', #1061, 1000.000000000000000 ) ;
#3505 = SURFACE_SIDE_STYLE ('',( #2818 ) ) ;
#3506 = ORIENTED_EDGE ( 'NONE', *, *, #2099, .F. ) ;
#3507 = VECTOR ( 'NONE', #2750, 1000.000000000000000 ) ;
#3508 = LINE ( 'NONE', #3852, #3152 ) ;
#3509 = FACE_OUTER_BOUND ( 'NONE', #3998, .T. ) ;
#3510 = VECTOR ( 'NONE', #3108, 1000.000000000000000 ) ;
#3511 = LINE ( 'NONE', #3894, #4123 ) ;
#3512 = DIRECTION ( 'NONE',  ( -0.0000000000000000000, 0.0000000000000000000, -1.000000000000000000 ) ) ;
#3513 = AXIS2_PLACEMENT_3D ( 'NONE', #1799, #159, #2716 ) ;
#3514 = FACE_OUTER_BOUND ( 'NONE', #3149, .T. ) ;
#3515 = CARTESIAN_POINT ( 'NONE',  ( 7.549999975562101007, -1.500000000000000000, -2.399999999999999467 ) ) ;
#3516 = ORIENTED_EDGE ( 'NONE', *, *, #2157, .F. ) ;
#3517 = ORIENTED_EDGE ( 'NONE', *, *, #3364, .F. ) ;
#3518 = CARTESIAN_POINT ( 'NONE',  ( 7.379047570088618890, -1.500000000000000000, -2.860954280172669506 ) ) ;
#3519 = CARTESIAN_POINT ( 'NONE',  ( -1.700000024437900104, -5.640192378864670175, 1.000000000000000000 ) ) ;
#3520 = LINE ( 'NONE', #2855, #3163 ) ;
#3521 = ORIENTED_EDGE ( 'NONE', *, *, #509, .T. ) ;
#3522 = EDGE_LOOP ( 'NONE', ( #2606, #1769, #66, #1157 ) ) ;
#3523 = ADVANCED_FACE ( 'NONE', ( #3509 ), #1174, .F. ) ;
#3524 = DIRECTION ( 'NONE',  ( 1.000000000000000000, 0.0000000000000000000, -0.0000000000000000000 ) ) ;
#3525 = ORIENTED_EDGE ( 'NONE', *, *, #2104, .F. ) ;
#3526 = EDGE_CURVE ( 'NONE', #2962, #2839, #1211, .T. ) ;
#3527 = DIRECTION ( 'NONE',  ( -0.0000000000000000000, 0.0000000000000000000, -1.000000000000000000 ) ) ;
#3528 = CARTESIAN_POINT ( 'NONE',  ( 1.599999975562099941, 6.400000000000000355, 2.049999999999999822 ) ) ;
#3529 = CARTESIAN_POINT ( 'NONE',  ( 1.599999975562099941, 6.400000000000000355, 0.2500000000000000000 ) ) ;
#3530 = CARTESIAN_POINT ( 'NONE',  ( -6.350000024437900237, 6.299999999999999822, -0.02500000111758650043 ) ) ;
#3531 = DIRECTION ( 'NONE',  ( 0.0000000000000000000, 0.0000000000000000000, -1.000000000000000000 ) ) ;
#3532 = DIRECTION ( 'NONE',  ( -1.000000000000000000, -0.0000000000000000000, 0.0000000000000000000 ) ) ;
#3533 = ORIENTED_EDGE ( 'NONE', *, *, #665, .F. ) ;
#3534 = EDGE_LOOP ( 'NONE', ( #234, #1967, #1111, #1877 ) ) ;
#3535 = PLANE ( 'NONE',  #1556 ) ;
#3536 = FACE_OUTER_BOUND ( 'NONE', #2188, .T. ) ;
#3537 = DIRECTION ( 'NONE',  ( -0.8660254037844387076, -0.4999999999999998335, 0.0000000000000000000 ) ) ;
#3538 = EDGE_LOOP ( 'NONE', ( #3156, #985, #1218, #1419 ) ) ;
#3539 = CARTESIAN_POINT ( 'NONE',  ( -2.000000024437909918, 0.0000000000000000000, 1.300000000000000044 ) ) ;
#3540 = ORIENTED_EDGE ( 'NONE', *, *, #3368, .T. ) ;
#3541 = ORIENTED_EDGE ( 'NONE', *, *, #2817, .F. ) ;
#3542 = ORIENTED_EDGE ( 'NONE', *, *, #1565, .T. ) ;
#3543 = EDGE_CURVE ( 'NONE', #1724, #105, #2150, .T. ) ;
#3544 = FACE_OUTER_BOUND ( 'NONE', #411, .T. ) ;
#3545 = EDGE_CURVE ( 'NONE', #3500, #2570, #2554, .T. ) ;
#3546 = DIRECTION ( 'NONE',  ( -1.000000000000000000, -0.0000000000000000000, -0.0000000000000000000 ) ) ;
#3547 = LINE ( 'NONE', #2214, #2118 ) ;
#3548 = EDGE_CURVE ( 'NONE', #913, #947, #829, .T. ) ;
#3549 = CARTESIAN_POINT ( 'NONE',  ( -1.600000024437900237, 6.400000000000000355, -2.049999999999999822 ) ) ;
#3550 = EDGE_CURVE ( 'NONE', #1553, #2376, #2862, .T. ) ;
#3551 = CARTESIAN_POINT ( 'NONE',  ( 2.399999975562100207, 0.0000000000000000000, -0.2500000000000000000 ) ) ;
#3552 = VECTOR ( 'NONE', #3751, 1000.000000000000000 ) ;
#3553 = DIRECTION ( 'NONE',  ( -0.0000000000000000000, 0.7071067811865470176, 0.7071067811865480168 ) ) ;
#3554 = VERTEX_POINT ( 'NONE', #1845 ) ;
#3555 = EDGE_LOOP ( 'NONE', ( #703, #897, #769, #4282 ) ) ;
#3556 = VECTOR ( 'NONE', #3495, 1000.000000000000000 ) ;
#3557 = PLANE ( 'NONE',  #1791 ) ;
#3558 = FACE_OUTER_BOUND ( 'NONE', #2121, .T. ) ;
#3559 = CIRCLE ( 'NONE', #3350, 0.1499999999999999944 ) ;
#3560 = EDGE_LOOP ( 'NONE', ( #1678, #1805, #16, #1081, #3410, #1707 ) ) ;
#3561 = DIRECTION ( 'NONE',  ( 0.0000000000000000000, -1.000000000000000000, 0.0000000000000000000 ) ) ;
#3562 = AXIS2_PLACEMENT_3D ( 'NONE', #832, #1820, #3143 ) ;
#3563 = VERTEX_POINT ( 'NONE', #2471 ) ;
#3564 = VECTOR ( 'NONE', #4276, 1000.000000000000000 ) ;
#3565 = CARTESIAN_POINT ( 'NONE',  ( -2.400000024437900059, 0.0000000000000000000, -2.049999999999999822 ) ) ;
#3566 = ORIENTED_EDGE ( 'NONE', *, *, #3840, .F. ) ;
#3567 = VECTOR ( 'NONE', #3569, 1000.000000000000000 ) ;
#3568 = ORIENTED_EDGE ( 'NONE', *, *, #3969, .T. ) ;
#3569 = DIRECTION ( 'NONE',  ( -1.000000000000000000, -0.0000000000000000000, 0.0000000000000000000 ) ) ;
#3570 = VECTOR ( 'NONE', #1194, 1000.000000000000000 ) ;
#3571 = LINE ( 'NONE', #601, #2546 ) ;
#3572 = FACE_OUTER_BOUND ( 'NONE', #2591, .T. ) ;
#3573 = DIRECTION ( 'NONE',  ( 1.000000000000000000, -0.0000000000000000000, 0.0000000000000000000 ) ) ;
#3574 = CARTESIAN_POINT ( 'NONE',  ( 1.699999975562100030, -5.640192378864670175, -1.000000000000000000 ) ) ;
#3575 = PLANE ( 'NONE',  #3166 ) ;
#3576 = EDGE_CURVE ( 'NONE', #2199, #3926, #1235, .T. ) ;
#3577 = ORIENTED_EDGE ( 'NONE', *, *, #3692, .F. ) ;
#3578 = VERTEX_POINT ( 'NONE', #3140 ) ;
#3579 = ADVANCED_FACE ( 'NONE', ( #2191 ), #908, .F. ) ;
#3580 = EDGE_CURVE ( 'NONE', #3793, #723, #237, .T. ) ;
#3581 = VECTOR ( 'NONE', #526, 1000.000000000000000 ) ;
#3582 = FACE_OUTER_BOUND ( 'NONE', #2294, .T. ) ;
#3583 = CARTESIAN_POINT ( 'NONE',  ( 2.399999975562100207, 0.0000000000000000000, -0.4499999999999990119 ) ) ;
#3584 = CARTESIAN_POINT ( 'NONE',  ( 1.849999975562099941, -5.900000000000000355, -1.449999999999999956 ) ) ;
#3585 = DIRECTION ( 'NONE',  ( 0.8660254037844387076, -0.4999999999999998335, 0.0000000000000000000 ) ) ;
#3586 = PRESENTATION_LAYER_ASSIGNMENT (  '', '', ( #2137 ) ) ;
#3587 = EDGE_LOOP ( 'NONE', ( #1263, #1875, #2530, #1924, #3005, #2932 ) ) ;
#3588 = CARTESIAN_POINT ( 'NONE',  ( 2.399999975562100207, 6.200000000000001066, -0.2499999999999999445 ) ) ;
#3589 = AXIS2_PLACEMENT_3D ( 'NONE', #510, #2202, #916 ) ;
#3590 = ORIENTED_EDGE ( 'NONE', *, *, #2917, .T. ) ;
#3591 = DIRECTION ( 'NONE',  ( -0.0000000000000000000, 0.0000000000000000000, -1.000000000000000000 ) ) ;
#3592 = ORIENTED_EDGE ( 'NONE', *, *, #775, .F. ) ;
#3593 = AXIS2_PLACEMENT_3D ( 'NONE', #614, #3037, #3274 ) ;
#3594 = ORIENTED_EDGE ( 'NONE', *, *, #2157, .T. ) ;
#3595 = LINE ( 'NONE', #2553, #2596 ) ;
#3596 = DIRECTION ( 'NONE',  ( 1.000000000000000000, -0.0000000000000000000, 0.0000000000000000000 ) ) ;
#3597 = CARTESIAN_POINT ( 'NONE',  ( -7.725735955725981263, -1.499999999999999778, -2.399999999999999467 ) ) ;
#3598 = DIRECTION ( 'NONE',  ( 0.0000000000000000000, 0.0000000000000000000, -1.000000000000000000 ) ) ;
#3599 = CARTESIAN_POINT ( 'NONE',  ( -2.443790392270270082E-08, -1.500000000000000000, -3.100000000000000533 ) ) ;
#3600 = CARTESIAN_POINT ( 'NONE',  ( 1.549999975562099896, -1.500000000000000000, 1.449999999999999956 ) ) ;
#3601 = VERTEX_POINT ( 'NONE', #2884 ) ;
#3602 = EDGE_LOOP ( 'NONE', ( #358, #2879, #2904, #1969 ) ) ;
#3603 =( LENGTH_UNIT ( ) NAMED_UNIT ( * ) SI_UNIT ( .MILLI., .METRE. ) );
#3604 = ADVANCED_FACE ( 'NONE', ( #501 ), #4146, .T. ) ;
#3605 = DIRECTION ( 'NONE',  ( 0.7071067811865480168, 0.7071067811865470176, 0.0000000000000000000 ) ) ;
#3606 = PLANE ( 'NONE',  #1840 ) ;
#3607 = FACE_OUTER_BOUND ( 'NONE', #3183, .T. ) ;
#3608 = EDGE_CURVE ( 'NONE', #61, #154, #1583, .T. ) ;
#3609 = ORIENTED_EDGE ( 'NONE', *, *, #1255, .T. ) ;
#3610 = UNCERTAINTY_MEASURE_WITH_UNIT (LENGTH_MEASURE( 1.000000000000000082E-05 ), #2445, 'distance_accuracy_value', 'NONE');
#3611 = DIRECTION ( 'NONE',  ( 0.0000000000000000000, 0.0000000000000000000, 1.000000000000000000 ) ) ;
#3612 = EDGE_LOOP ( 'NONE', ( #1596, #729, #4211, #370 ) ) ;
#3613 =( LENGTH_UNIT ( ) NAMED_UNIT ( * ) SI_UNIT ( .MILLI., .METRE. ) );
#3614 = EDGE_CURVE ( 'NONE', #1431, #3283, #2491, .T. ) ;
#3615 = ORIENTED_EDGE ( 'NONE', *, *, #1438, .F. ) ;
#3616 = ORIENTED_EDGE ( 'NONE', *, *, #1277, .T. ) ;
#3617 = VERTEX_POINT ( 'NONE', #3816 ) ;
#3618 = DIRECTION ( 'NONE',  ( 0.0000000000000000000, 0.0000000000000000000, -1.000000000000000000 ) ) ;
#3619 = CARTESIAN_POINT ( 'NONE',  ( 2.449999975562100030, -5.900000000000000355, 1.449999999999999956 ) ) ;
#3620 = DIRECTION ( 'NONE',  ( 3.535742116640630070E-17, 0.0000000000000000000, 1.000000000000000000 ) ) ;
#3621 = DIRECTION ( 'NONE',  ( -0.0000000000000000000, 0.0000000000000000000, -1.000000000000000000 ) ) ;
#3622 = FACE_OUTER_BOUND ( 'NONE', #592, .T. ) ;
#3623 = DIRECTION ( 'NONE',  ( 0.0000000000000000000, 0.0000000000000000000, 1.000000000000000000 ) ) ;
#3624 = LINE ( 'NONE', #2286, #1234 ) ;
#3625 = CARTESIAN_POINT ( 'NONE',  ( -2.000000024437900148, 2.055000000000000604, -1.300000000000000044 ) ) ;
#3626 = LINE ( 'NONE', #2048, #2195 ) ;
#3627 = AXIS2_PLACEMENT_3D ( 'NONE', #2637, #1989, #2222 ) ;
#3628 = EDGE_CURVE ( 'NONE', #1386, #4063, #203, .T. ) ;
#3629 = ORIENTED_EDGE ( 'NONE', *, *, #2735, .F. ) ;
#3630 = FACE_OUTER_BOUND ( 'NONE', #2706, .T. ) ;
#3631 = EDGE_CURVE ( 'NONE', #1918, #1055, #1865, .T. ) ;
#3632 = ORIENTED_EDGE ( 'NONE', *, *, #2260, .F. ) ;
#3633 = AXIS2_PLACEMENT_3D ( 'NONE', #4250, #1308, #290 ) ;
#3634 = CARTESIAN_POINT ( 'NONE',  ( 2.499999975562099852, 6.299999999999999822, -1.250000000000000000 ) ) ;
#3635 = ORIENTED_EDGE ( 'NONE', *, *, #1880, .F. ) ;
#3636 = ADVANCED_FACE ( 'NONE', ( #3187 ), #4161, .F. ) ;
#3637 = VERTEX_POINT ( 'NONE', #4177 ) ;
#3638 = VECTOR ( 'NONE', #1460, 1000.000000000000114 ) ;
#3639 = AXIS2_PLACEMENT_3D ( 'NONE', #2718, #3336, #26 ) ;
#3640 = EDGE_CURVE ( 'NONE', #4048, #2334, #1513, .T. ) ;
#3641 = ORIENTED_EDGE ( 'NONE', *, *, #2790, .T. ) ;
#3642 = VECTOR ( 'NONE', #3467, 1000.000000000000000 ) ;
#3643 = CARTESIAN_POINT ( 'NONE',  ( 5.499999975562100296, -5.640192378864670175, 0.2999999999999989897 ) ) ;
#3644 = LINE ( 'NONE', #672, #2451 ) ;
#3645 = FACE_OUTER_BOUND ( 'NONE', #2526, .T. ) ;
#3646 = LINE ( 'NONE', #2669, #3225 ) ;
#3647 = CARTESIAN_POINT ( 'NONE',  ( 1.599999975562099941, 0.0000000000000000000, -2.049999999999999822 ) ) ;
#3648 = VECTOR ( 'NONE', #2168, 1000.000000000000000 ) ;
#3649 = ORIENTED_EDGE ( 'NONE', *, *, #3053, .T. ) ;
#3650 = CARTESIAN_POINT ( 'NONE',  ( -5.350000024437900237, -1.500000000000000000, 0.0000000000000000000 ) ) ;
#3651 = VECTOR ( 'NONE', #3178, 1000.000000000000000 ) ;
#3652 = LINE ( 'NONE', #378, #1906 ) ;
#3653 = DIRECTION ( 'NONE',  ( 0.0000000000000000000, 0.0000000000000000000, -1.000000000000000000 ) ) ;
#3654 = ORIENTED_EDGE ( 'NONE', *, *, #3205, .T. ) ;
#3655 = VERTEX_POINT ( 'NONE', #1338 ) ;
#3656 = CARTESIAN_POINT ( 'NONE',  ( 2.399999975562100207, 0.0000000000000000000, -2.049999999999999822 ) ) ;
#3657 = VECTOR ( 'NONE', #2122, 1000.000000000000000 ) ;
#3658 = LINE ( 'NONE', #1991, #2958 ) ;
#3659 = ORIENTED_EDGE ( 'NONE', *, *, #670, .F. ) ;
#3660 = ORIENTED_EDGE ( 'NONE', *, *, #94, .T. ) ;
#3661 = VECTOR ( 'NONE', #4052, 999.9999999999998863 ) ;
#3662 = ORIENTED_EDGE ( 'NONE', *, *, #1524, .T. ) ;
#3663 = EDGE_CURVE ( 'NONE', #3617, #2223, #371, .T. ) ;
#3664 = VECTOR ( 'NONE', #1957, 1000.000000000000114 ) ;
#3665 = PLANE ( 'NONE',  #132 ) ;
#3666 = ADVANCED_FACE ( 'NONE', ( #1600 ), #4266, .F. ) ;
#3667 = LINE ( 'NONE', #2017, #3072 ) ;
#3668 = LINE ( 'NONE', #2974, #3217 ) ;
#3669 = LINE ( 'NONE', #3896, #2192 ) ;
#3670 = FACE_BOUND ( 'NONE', #706, .T. ) ;
#3671 = CARTESIAN_POINT ( 'NONE',  ( -2.400000024437900059, 6.200000000000001066, 0.2500000000000000000 ) ) ;
#3672 = CARTESIAN_POINT ( 'NONE',  ( -5.350000024437900237, 0.0000000000000000000, 0.1499999999999999944 ) ) ;
#3673 = DIRECTION ( 'NONE',  ( 0.0000000000000000000, 0.7071067811865470176, -0.7071067811865480168 ) ) ;
#3674 = DIRECTION ( 'NONE',  ( 0.0000000000000000000, -0.0000000000000000000, -1.000000000000000000 ) ) ;
#3675 = VERTEX_POINT ( 'NONE', #952 ) ;
#3676 = ORIENTED_EDGE ( 'NONE', *, *, #539, .F. ) ;
#3677 = LINE ( 'NONE', #1073, #1618 ) ;
#3678 = DIRECTION ( 'NONE',  ( 0.0000000000000000000, -0.0000000000000000000, 1.000000000000000000 ) ) ;
#3679 = ORIENTED_EDGE ( 'NONE', *, *, #1780, .F. ) ;
#3680 = ORIENTED_EDGE ( 'NONE', *, *, #3822, .T. ) ;
#3681 = CARTESIAN_POINT ( 'NONE',  ( 2.399999975562100651, 6.200000000000001066, 2.049999999999999822 ) ) ;
#3682 = ORIENTED_EDGE ( 'NONE', *, *, #3999, .F. ) ;
#3683 = EDGE_CURVE ( 'NONE', #1055, #854, #3799, .T. ) ;
#3684 = DIRECTION ( 'NONE',  ( -1.000000000000000000, 0.0000000000000000000, 0.0000000000000000000 ) ) ;
#3685 = CARTESIAN_POINT ( 'NONE',  ( -1.400000024437899837, 6.400000000000000355, -0.04999999999999973910 ) ) ;
#3686 = EDGE_CURVE ( 'NONE', #3234, #3954, #2927, .T. ) ;
#3687 = LINE ( 'NONE', #1778, #3504 ) ;
#3688 = FACE_OUTER_BOUND ( 'NONE', #4255, .T. ) ;
#3689 = EDGE_CURVE ( 'NONE', #3601, #3637, #1928, .T. ) ;
#3690 = ORIENTED_EDGE ( 'NONE', *, *, #555, .T. ) ;
#3691 = CARTESIAN_POINT ( 'NONE',  ( -4.450000024437899881, 6.400000000000000355, 0.4000000089406969828 ) ) ;
#3692 = EDGE_CURVE ( 'NONE', #690, #757, #3892, .T. ) ;
#3693 = DIRECTION ( 'NONE',  ( 0.0000000000000000000, -1.000000000000000000, 0.0000000000000000000 ) ) ;
#3694 = DIRECTION ( 'NONE',  ( 0.0000000000000000000, 0.0000000000000000000, 1.000000000000000000 ) ) ;
#3695 = VERTEX_POINT ( 'NONE', #2276 ) ;
#3696 = CARTESIAN_POINT ( 'NONE',  ( -1.600000024437900237, 6.200000000000001066, -2.049999999999999822 ) ) ;
#3697 = CARTESIAN_POINT ( 'NONE',  ( 2.399999975562100207, 0.0000000000000000000, -0.4499999999999990119 ) ) ;
#3698 = AXIS2_PLACEMENT_3D ( 'NONE', #1712, #3979, #2643 ) ;
#3699 = VERTEX_POINT ( 'NONE', #1320 ) ;
#3700 = ORIENTED_EDGE ( 'NONE', *, *, #4192, .F. ) ;
#3701 = VECTOR ( 'NONE', #2139, 1000.000000000000000 ) ;
#3702 = ORIENTED_EDGE ( 'NONE', *, *, #1880, .T. ) ;
#3703 = CARTESIAN_POINT ( 'NONE',  ( 1.399999975562100207, 6.400000000000000355, 2.250000000000000444 ) ) ;
#3704 = ORIENTED_EDGE ( 'NONE', *, *, #3967, .T. ) ;
#3705 = CARTESIAN_POINT ( 'NONE',  ( -2.400000024437900503, 6.200000000000001066, 0.2499999999999999445 ) ) ;
#3706 = DIRECTION ( 'NONE',  ( -1.000000000000000000, -0.0000000000000000000, -0.0000000000000000000 ) ) ;
#3707 = VECTOR ( 'NONE', #201, 1000.000000000000000 ) ;
#3708 = AXIS2_PLACEMENT_3D ( 'NONE', #2493, #2740, #95 ) ;
#3709 = CARTESIAN_POINT ( 'NONE',  ( -1.600000024437900015, 6.200000000000001066, 0.2499999999999999445 ) ) ;
#3710 = CARTESIAN_POINT ( 'NONE',  ( 6.449999971464280613, 6.399999995902180494, 0.6000000063329938849 ) ) ;
#3711 = ORIENTED_EDGE ( 'NONE', *, *, #2084, .F. ) ;
#3712 = CARTESIAN_POINT ( 'NONE',  ( 6.949999975562099586, 0.0000000000000000000, -2.500000000000000000 ) ) ;
#3713 = AXIS2_PLACEMENT_3D ( 'NONE', #1727, #2311, #325 ) ;
#3714 = CARTESIAN_POINT ( 'NONE',  ( -2.443790503292580154E-08, 6.400000000000000355, -2.250000000000000444 ) ) ;
#3715 = EDGE_CURVE ( 'NONE', #3655, #1386, #691, .T. ) ;
#3716 = CARTESIAN_POINT ( 'NONE',  ( 5.649999975562099763, -1.500000000000000000, 0.4499999999999980127 ) ) ;
#3717 = EDGE_CURVE ( 'NONE', #2507, #3954, #2339, .T. ) ;
#3718 = ORIENTED_EDGE ( 'NONE', *, *, #2228, .F. ) ;
#3719 = VECTOR ( 'NONE', #511, 1000.000000000000000 ) ;
#3720 = CARTESIAN_POINT ( 'NONE',  ( 4.449999975562099586, 6.200000000000001066, 0.3999999955296510423 ) ) ;
#3721 = CARTESIAN_POINT ( 'NONE',  ( -5.050000024437900414, -1.500000000000000000, -0.4500000000000019540 ) ) ;
#3722 = AXIS2_PLACEMENT_3D ( 'NONE', #2021, #1628, #2627 ) ;
#3723 = ORIENTED_EDGE ( 'NONE', *, *, #3866, .F. ) ;
#3724 = AXIS2_PLACEMENT_3D ( 'NONE', #3201, #261, #3464 ) ;
#3725 = ORIENTED_EDGE ( 'NONE', *, *, #483, .F. ) ;
#3726 = CARTESIAN_POINT ( 'NONE',  ( -2.000000024437909918, -1.500000000000000000, 1.000000000000000000 ) ) ;
#3727 = ORIENTED_EDGE ( 'NONE', *, *, #221, .T. ) ;
#3728 = CARTESIAN_POINT ( 'NONE',  ( -4.250000027852750328, 6.399999996585151507, 0.6000000067676113380 ) ) ;
#3729 = CARTESIAN_POINT ( 'NONE',  ( -7.850000024437910895, -1.375735931288073699, 2.985786437626905876 ) ) ;
#3730 = CARTESIAN_POINT ( 'NONE',  ( -7.550000024437911073, -1.199999999999999956, 2.400000000000000355 ) ) ;
#3731 = PLANE ( 'NONE',  #3788 ) ;
#3732 = PLANE ( 'NONE',  #1922 ) ;
#3733 = PRESENTATION_LAYER_ASSIGNMENT (  '', '', ( #1654 ) ) ;
#3734 = CARTESIAN_POINT ( 'NONE',  ( 6.849999975562099941, 0.0000000000000000000, -2.399999999999999911 ) ) ;
#3735 = CARTESIAN_POINT ( 'NONE',  ( 6.849999975562099941, 6.400000000000000355, -2.399999999999999911 ) ) ;
#3736 = CARTESIAN_POINT ( 'NONE',  ( 7.362994207053218609, -1.499999999999999556, 3.275735931288072056 ) ) ;
#3737 = DIRECTION ( 'NONE',  ( -0.0000000000000000000, 0.0000000000000000000, -1.000000000000000000 ) ) ;
#3738 = ORIENTED_EDGE ( 'NONE', *, *, #1671, .T. ) ;
#3739 = ORIENTED_EDGE ( 'NONE', *, *, #1177, .F. ) ;
#3740 = UNCERTAINTY_MEASURE_WITH_UNIT (LENGTH_MEASURE( 1.000000000000000082E-05 ), #3743, 'distance_accuracy_value', 'NONE');
#3741 = ADVANCED_FACE ( 'NONE', ( #3956 ), #2598, .T. ) ;
#3742 = CARTESIAN_POINT ( 'NONE',  ( -6.850000024437910007, 0.0000000000000000000, -3.400000000000001688 ) ) ;
#3743 =( LENGTH_UNIT ( ) NAMED_UNIT ( * ) SI_UNIT ( .MILLI., .METRE. ) );
#3744 = EDGE_CURVE ( 'NONE', #2370, #1381, #3916, .T. ) ;
#3745 = VERTEX_POINT ( 'NONE', #928 ) ;
#3746 = ADVANCED_FACE ( 'NONE', ( #2250 ), #2314, .T. ) ;
#3747 = VERTEX_POINT ( 'NONE', #3313 ) ;
#3748 = EDGE_CURVE ( 'NONE', #164, #1296, #3857, .T. ) ;
#3749 = LINE ( 'NONE', #391, #4144 ) ;
#3750 = ORIENTED_EDGE ( 'NONE', *, *, #3576, .F. ) ;
#3751 = DIRECTION ( 'NONE',  ( 0.5773502691896259531, -0.5773502691896259531, 0.5773502691896255090 ) ) ;
#3752 = DIRECTION ( 'NONE',  ( 0.0000000000000000000, 1.000000000000000000, 0.0000000000000000000 ) ) ;
#3753 = CARTESIAN_POINT ( 'NONE',  ( -7.152057303473465133, -1.500000000000000222, -3.031953970004726440 ) ) ;
#3754 = FACE_OUTER_BOUND ( 'NONE', #1987, .T. ) ;
#3755 = CARTESIAN_POINT ( 'NONE',  ( -2.400000024437900059, 6.400000000000000355, -2.049999999999999822 ) ) ;
#3756 = LINE ( 'NONE', #2783, #2248 ) ;
#3757 = CARTESIAN_POINT ( 'NONE',  ( -5.350000024437900237, 0.0000000000000000000, 0.0000000000000000000 ) ) ;
#3758 = ORIENTED_EDGE ( 'NONE', *, *, #3891, .T. ) ;
#3759 = ORIENTED_EDGE ( 'NONE', *, *, #2463, .T. ) ;
#3760 = CARTESIAN_POINT ( 'NONE',  ( -2.000000024437909918, 0.0000000000000000000, 1.149999999999999911 ) ) ;
#3761 = CARTESIAN_POINT ( 'NONE',  ( -4.450000024437899881, 6.200000000000001066, -0.3999999910593031727 ) ) ;
#3762 = VERTEX_POINT ( 'NONE', #1299 ) ;
#3763 = ADVANCED_FACE ( 'NONE', ( #1666 ), #3665, .T. ) ;
#3764 = ORIENTED_EDGE ( 'NONE', *, *, #173, .T. ) ;
#3765 = EDGE_CURVE ( 'NONE', #1986, #3880, #3571, .T. ) ;
#3766 = LINE ( 'NONE', #3054, #200 ) ;
#3767 = EDGE_CURVE ( 'NONE', #2570, #2653, #2034, .T. ) ;
#3768 = ORIENTED_EDGE ( 'NONE', *, *, #1121, .F. ) ;
#3769 = EDGE_CURVE ( 'NONE', #154, #610, #3766, .T. ) ;
#3770 = AXIS2_PLACEMENT_3D ( 'NONE', #352, #2991, #2342 ) ;
#3771 = DIRECTION ( 'NONE',  ( 0.0000000000000000000, 1.000000000000000000, -0.0000000000000000000 ) ) ;
#3772 = FACE_BOUND ( 'NONE', #19, .T. ) ;
#3773 = SHAPE_DEFINITION_REPRESENTATION ( #1072, #3484 ) ;
#3774 = CARTESIAN_POINT ( 'NONE',  ( -7.543856500780875329, -1.500000000000000222, -2.509938901780004450 ) ) ;
#3775 = VECTOR ( 'NONE', #4170, 1000.000000000000000 ) ;
#3776 = DIRECTION ( 'NONE',  ( -1.000000000000000000, 0.0000000000000000000, 0.0000000000000000000 ) ) ;
#3777 = CARTESIAN_POINT ( 'NONE',  ( -2.400000024437900059, 6.200000000000001066, -0.2499999999999998890 ) ) ;
#3778 = VECTOR ( 'NONE', #3895, 1000.000000000000000 ) ;
#3779 = DIRECTION ( 'NONE',  ( 0.0000000000000000000, 0.0000000000000000000, -1.000000000000000000 ) ) ;
#3780 = CLOSED_SHELL ( 'NONE', ( #379, #415, #2732, #3604, #4136, #3337, #2708, #984 ) ) ;
#3781 = CARTESIAN_POINT ( 'NONE',  ( 5.049999975562100119, -5.900000000000000355, 0.4499999999999980127 ) ) ;
#3782 = CARTESIAN_POINT ( 'NONE',  ( 1.549999975562099896, -1.500000000000000000, -0.8499999999999999778 ) ) ;
#3783 = CIRCLE ( 'NONE', #2461, 1.000000000000000000 ) ;
#3784 = VERTEX_POINT ( 'NONE', #2377 ) ;
#3785 = VERTEX_POINT ( 'NONE', #3008 ) ;
#3786 = CARTESIAN_POINT ( 'NONE',  ( 7.424086838849713210, -1.500000000000000000, -2.805775373912071657 ) ) ;
#3787 = CARTESIAN_POINT ( 'NONE',  ( 6.249999975562100296, 6.200000000000001066, -0.3999999910593030616 ) ) ;
#3788 = AXIS2_PLACEMENT_3D ( 'NONE', #3059, #92, #763 ) ;
#3789 = ORIENTED_EDGE ( 'NONE', *, *, #753, .F. ) ;
#3790 = ORIENTED_EDGE ( 'NONE', *, *, #3335, .T. ) ;
#3791 = AXIS2_PLACEMENT_3D ( 'NONE', #2093, #426, #1804 ) ;
#3792 = CARTESIAN_POINT ( 'NONE',  ( 1.399999975562099985, 6.400000000000000355, -0.04999999999999980849 ) ) ;
#3793 = VERTEX_POINT ( 'NONE', #47 ) ;
#3794 = VECTOR ( 'NONE', #2763, 1000.000000000000000 ) ;
#3795 = FACE_OUTER_BOUND ( 'NONE', #3116, .T. ) ;
#3796 = ADVANCED_FACE ( 'NONE', ( #1385 ), #4003, .T. ) ;
#3797 = DIRECTION ( 'NONE',  ( 0.0000000000000000000, -1.000000000000000000, 0.0000000000000000000 ) ) ;
#3798 = EDGE_CURVE ( 'NONE', #2334, #1095, #1404, .T. ) ;
#3799 = CIRCLE ( 'NONE', #4070, 1.000000000000000000 ) ;
#3800 = CARTESIAN_POINT ( 'NONE',  ( -6.950000024437909651, 6.400000000000000355, 2.500000000000000000 ) ) ;
#3801 = CARTESIAN_POINT ( 'NONE',  ( -2.443790503292580154E-08, 6.400000000000000355, -0.04999999999999980849 ) ) ;
#3802 = DIRECTION ( 'NONE',  ( -1.000000000000000000, 0.0000000000000000000, 0.0000000000000000000 ) ) ;
#3803 = CIRCLE ( 'NONE', #2074, 0.09999999999999982514 ) ;
#3804 = CARTESIAN_POINT ( 'NONE',  ( 5.049999975562100119, -5.900000000000000355, -0.1500000000000019651 ) ) ;
#3805 = CARTESIAN_POINT ( 'NONE',  ( 1.549999975562100119, -5.380384757729339995, 0.8499999999999998668 ) ) ;
#3806 = CARTESIAN_POINT ( 'NONE',  ( 2.399999975562100207, 6.200000000000001066, -0.2500000000000000000 ) ) ;
#3807 = ORIENTED_EDGE ( 'NONE', *, *, #2923, .F. ) ;
#3808 = ORIENTED_EDGE ( 'NONE', *, *, #1352, .F. ) ;
#3809 = DIRECTION ( 'NONE',  ( 0.0000000000000000000, 1.000000000000000000, -0.0000000000000000000 ) ) ;
#3810 = PRESENTATION_STYLE_ASSIGNMENT (( #2896 ) ) ;
#3811 = ORIENTED_EDGE ( 'NONE', *, *, #2080, .F. ) ;
#3812 = ORIENTED_EDGE ( 'NONE', *, *, #2630, .F. ) ;
#3813 = ORIENTED_EDGE ( 'NONE', *, *, #2602, .F. ) ;
#3814 = LINE ( 'NONE', #1169, #2809 ) ;
#3815 = CARTESIAN_POINT ( 'NONE',  ( -4.250000024437899704, 6.400000000000000355, -0.5999999910593031283 ) ) ;
#3816 = CARTESIAN_POINT ( 'NONE',  ( 6.449999975562099586, 6.400000000000000355, -0.5999999910593031283 ) ) ;
#3817 = EDGE_CURVE ( 'NONE', #3617, #3500, #3749, .T. ) ;
#3818 = CARTESIAN_POINT ( 'NONE',  ( 4.449999975562099586, 6.400000000000000355, 0.3999999955296514864 ) ) ;
#3819 = ADVANCED_FACE ( 'NONE', ( #1709 ), #1361, .T. ) ;
#3820 = DIRECTION ( 'NONE',  ( -0.0000000000000000000, 0.0000000000000000000, -1.000000000000000000 ) ) ;
#3821 = DIRECTION ( 'NONE',  ( 0.4999999999999998335, 0.8660254037844387076, 0.0000000000000000000 ) ) ;
#3822 = EDGE_CURVE ( 'NONE', #770, #2014, #202, .T. ) ;
#3823 = ORIENTED_EDGE ( 'NONE', *, *, #485, .F. ) ;
#3824 = ADVANCED_FACE ( 'NONE', ( #67 ), #4020, .T. ) ;
#3825 = CARTESIAN_POINT ( 'NONE',  ( 1.699999975562100030, -5.640192378864670175, 1.300000000000000266 ) ) ;
#3826 = ORIENTED_EDGE ( 'NONE', *, *, #1572, .F. ) ;
#3827 = ORIENTED_EDGE ( 'NONE', *, *, #3155, .F. ) ;
#3828 = CARTESIAN_POINT ( 'NONE',  ( -7.550000024437899526, -1.500000000000000000, 2.489191733439207521 ) ) ;
#3829 = DIRECTION ( 'NONE',  ( 1.000000000000000000, 0.0000000000000000000, -0.0000000000000000000 ) ) ;
#3830 = CARTESIAN_POINT ( 'NONE',  ( 1.999999975562100074, 0.0000000000000000000, -1.149999999999999911 ) ) ;
#3831 = VECTOR ( 'NONE', #2443, 1000.000000000000000 ) ;
#3832 = FACE_OUTER_BOUND ( 'NONE', #2327, .T. ) ;
#3833 = CARTESIAN_POINT ( 'NONE',  ( 1.999999975562100074, -1.500000000000000000, 1.449999999999999956 ) ) ;
#3834 = VECTOR ( 'NONE', #717, 1000.000000000000000 ) ;
#3835 = CARTESIAN_POINT ( 'NONE',  ( 2.599999975562099497, 6.400000000000000355, -0.04999999999999987094 ) ) ;
#3836 = CARTESIAN_POINT ( 'NONE',  ( -1.700000024437900104, -5.640192378864670175, -1.449999999999999956 ) ) ;
#3837 = ORIENTED_EDGE ( 'NONE', *, *, #925, .T. ) ;
#3838 = ORIENTED_EDGE ( 'NONE', *, *, #665, .T. ) ;
#3839 = DIRECTION ( 'NONE',  ( 0.0000000000000000000, -0.0000000000000000000, -1.000000000000000000 ) ) ;
#3840 = EDGE_CURVE ( 'NONE', #211, #1833, #1452, .T. ) ;
#3841 = DIRECTION ( 'NONE',  ( 1.000000000000000000, 0.0000000000000000000, 0.0000000000000000000 ) ) ;
#3842 = VECTOR ( 'NONE', #1068, 1000.000000000000000 ) ;
#3843 = CARTESIAN_POINT ( 'NONE',  ( 1.999999975562100074, -1.500000000000000000, -1.149999999999999911 ) ) ;
#3844 = ADVANCED_FACE ( 'NONE', ( #3416 ), #1683, .T. ) ;
#3845 = ORIENTED_EDGE ( 'NONE', *, *, #668, .T. ) ;
#3846 = VECTOR ( 'NONE', #1481, 1000.000000000000114 ) ;
#3847 = ORIENTED_EDGE ( 'NONE', *, *, #3425, .T. ) ;
#3848 = AXIS2_PLACEMENT_3D ( 'NONE', #2255, #2003, #308 ) ;
#3849 = VERTEX_POINT ( 'NONE', #3703 ) ;
#3850 = EDGE_LOOP ( 'NONE', ( #1471, #2833, #1038, #2860, #3304, #3887 ) ) ;
#3851 = VECTOR ( 'NONE', #2008, 999.9999999999998863 ) ;
#3852 = CARTESIAN_POINT ( 'NONE',  ( -1.550000024437899970, -5.900000000000000355, -0.8499999999999999778 ) ) ;
#3853 = DIRECTION ( 'NONE',  ( -0.0000000000000000000, -1.000000000000000000, -0.0000000000000000000 ) ) ;
#3854 = VECTOR ( 'NONE', #2994, 1000.000000000000000 ) ;
#3855 = CARTESIAN_POINT ( 'NONE',  ( 2.599999975562099941, 6.400000000000000355, 2.250000000000000000 ) ) ;
#3856 = DIRECTION ( 'NONE',  ( 0.0000000000000000000, 1.000000000000000000, 0.0000000000000000000 ) ) ;
#3857 = CIRCLE ( 'NONE', #2000, 1.000000000000000000 ) ;
#3858 = CARTESIAN_POINT ( 'NONE',  ( -1.600000024437900237, 0.0000000000000000000, -0.2500000000000000000 ) ) ;
#3859 = PLANE ( 'NONE',  #2067 ) ;
#3860 = ORIENTED_EDGE ( 'NONE', *, *, #1878, .F. ) ;
#3861 = CIRCLE ( 'NONE', #3589, 0.1499999999999999667 ) ;
#3862 = VERTEX_POINT ( 'NONE', #3681 ) ;
#3863 =( NAMED_UNIT ( * ) SI_UNIT ( $, .STERADIAN. ) SOLID_ANGLE_UNIT ( ) );
#3864 = PLANE ( 'NONE',  #135 ) ;
#3865 = DIRECTION ( 'NONE',  ( -0.0000000000000000000, 1.000000000000000000, 0.0000000000000000000 ) ) ;
#3866 = EDGE_CURVE ( 'NONE', #3745, #961, #733, .T. ) ;
#3867 = ORIENTED_EDGE ( 'NONE', *, *, #1193, .F. ) ;
#3868 = PLANE ( 'NONE',  #792 ) ;
#3869 = EDGE_CURVE ( 'NONE', #2086, #920, #2061, .T. ) ;
#3870 = ORIENTED_EDGE ( 'NONE', *, *, #87, .T. ) ;
#3871 = EDGE_CURVE ( 'NONE', #3309, #1858, #760, .T. ) ;
#3872 = VERTEX_POINT ( 'NONE', #1733 ) ;
#3873 = EDGE_CURVE ( 'NONE', #1463, #1724, #2442, .T. ) ;
#3874 = PLANE ( 'NONE',  #2322 ) ;
#3875 = DIRECTION ( 'NONE',  ( -1.000000000000000000, -0.0000000000000000000, 0.0000000000000000000 ) ) ;
#3876 = PLANE ( 'NONE',  #2597 ) ;
#3877 = PLANE ( 'NONE',  #1349 ) ;
#3878 = DIRECTION ( 'NONE',  ( 0.4999999999999998335, 0.8660254037844387076, 0.0000000000000000000 ) ) ;
#3879 = CARTESIAN_POINT ( 'NONE',  ( 6.849999975562099941, 0.0000000000000000000, -2.500000000000000000 ) ) ;
#3880 = VERTEX_POINT ( 'NONE', #3726 ) ;
#3881 = EDGE_LOOP ( 'NONE', ( #2661, #4071, #348, #2587 ) ) ;
#3882 = PLANE ( 'NONE',  #3633 ) ;
#3883 = DIRECTION ( 'NONE',  ( 0.0000000000000000000, -1.000000000000000000, 0.0000000000000000000 ) ) ;
#3884 = CARTESIAN_POINT ( 'NONE',  ( -4.250000024437899704, 6.400000000000000355, -0.4499999999999990119 ) ) ;
#3885 = VERTEX_POINT ( 'NONE', #436 ) ;
#3886 = CYLINDRICAL_SURFACE ( 'NONE', #1971, 0.1499999999999999944 ) ;
#3887 = ORIENTED_EDGE ( 'NONE', *, *, #1591, .F. ) ;
#3888 = ORIENTED_EDGE ( 'NONE', *, *, #927, .F. ) ;
#3889 = LINE ( 'NONE', #926, #3567 ) ;
#3890 = EDGE_CURVE ( 'NONE', #3785, #126, #1430, .T. ) ;
#3891 = EDGE_CURVE ( 'NONE', #838, #2312, #1171, .T. ) ;
#3892 = LINE ( 'NONE', #2624, #2692 ) ;
#3893 = EDGE_CURVE ( 'NONE', #610, #3862, #2506, .T. ) ;
#3894 = CARTESIAN_POINT ( 'NONE',  ( 1.549999975562099896, -1.500000000000000000, -1.449999999999999956 ) ) ;
#3895 = DIRECTION ( 'NONE',  ( 2.220446049250310123E-16, 0.0000000000000000000, -1.000000000000000000 ) ) ;
#3896 = CARTESIAN_POINT ( 'NONE',  ( -1.600000024437900237, 0.0000000000000000000, -0.4499999999999990119 ) ) ;
#3897 = MANIFOLD_SOLID_BREP ( 'K\X\F6rper1', #2943 ) ;
#3898 = CARTESIAN_POINT ( 'NONE',  ( -6.450000024437899881, 6.400000000000000355, -0.4499999999999990119 ) ) ;
#3899 = ORIENTED_EDGE ( 'NONE', *, *, #4184, .F. ) ;
#3900 = ORIENTED_EDGE ( 'NONE', *, *, #2923, .T. ) ;
#3901 = AXIS2_PLACEMENT_3D ( 'NONE', #429, #1745, #1353 ) ;
#3902 = CARTESIAN_POINT ( 'NONE',  ( 5.049999975562100119, -1.500000000000000000, -1.110223024625160090E-15 ) ) ;
#3903 = DIRECTION ( 'NONE',  ( -1.000000000000000000, -0.0000000000000000000, -0.0000000000000000000 ) ) ;
#3904 = CARTESIAN_POINT ( 'NONE',  ( 7.849999975562099941, 0.0000000000000000000, -2.399999999999999911 ) ) ;
#3905 = CARTESIAN_POINT ( 'NONE',  ( -2.400000024437900059, 6.400000000000000355, -0.2500000000000000000 ) ) ;
#3906 = AXIS2_PLACEMENT_3D ( 'NONE', #1129, #142, #4164 ) ;
#3907 = ORIENTED_EDGE ( 'NONE', *, *, #3869, .F. ) ;
#3908 = CARTESIAN_POINT ( 'NONE',  ( 4.449999975562099586, 6.400000000000000355, 0.3999999955296510423 ) ) ;
#3909 = AXIS2_PLACEMENT_3D ( 'NONE', #1104, #3075, #3444 ) ;
#3910 = ORIENTED_EDGE ( 'NONE', *, *, #3290, .T. ) ;
#3911 = VECTOR ( 'NONE', #1847, 1000.000000000000114 ) ;
#3912 = DIRECTION ( 'NONE',  ( 1.000000000000000000, 0.0000000000000000000, -0.0000000000000000000 ) ) ;
#3913 = VERTEX_POINT ( 'NONE', #1516 ) ;
#3914 = PLANE ( 'NONE',  #2813 ) ;
#3915 = STYLED_ITEM ( 'NONE', ( #410 ), #2582 ) ;
#3916 = LINE ( 'NONE', #2573, #3308 ) ;
#3917 = CIRCLE ( 'NONE', #259, 0.1499999999999999667 ) ;
#3918 = EDGE_CURVE ( 'NONE', #2808, #2857, #2209, .T. ) ;
#3919 = CARTESIAN_POINT ( 'NONE',  ( -7.550000024437910184, -1.499999999999999556, -2.810050506338833021 ) ) ;
#3920 = LINE ( 'NONE', #1259, #2318 ) ;
#3921 = EDGE_CURVE ( 'NONE', #2505, #4010, #1142, .T. ) ;
#3922 = VECTOR ( 'NONE', #2498, 1000.000000000000000 ) ;
#3923 = CARTESIAN_POINT ( 'NONE',  ( 7.849999975562099941, 0.0000000000000000000, 3.399999999999999911 ) ) ;
#3924 = DIRECTION ( 'NONE',  ( 1.000000000000000000, 0.0000000000000000000, 0.0000000000000000000 ) ) ;
#3925 = ORIENTED_EDGE ( 'NONE', *, *, #2251, .T. ) ;
#3926 = VERTEX_POINT ( 'NONE', #3792 ) ;
#3927 = VECTOR ( 'NONE', #1418, 1000.000000000000000 ) ;
#3928 = DIRECTION ( 'NONE',  ( 0.0000000000000000000, 0.0000000000000000000, 1.000000000000000000 ) ) ;
#3929 = EDGE_CURVE ( 'NONE', #321, #3554, #153, .T. ) ;
#3930 = LINE ( 'NONE', #1409, #3661 ) ;
#3931 = FACE_OUTER_BOUND ( 'NONE', #624, .T. ) ;
#3932 = DIRECTION ( 'NONE',  ( 0.0000000000000000000, -0.0000000000000000000, -1.000000000000000000 ) ) ;
#3933 = VECTOR ( 'NONE', #2845, 1000.000000000000000 ) ;
#3934 = ORIENTED_EDGE ( 'NONE', *, *, #1834, .F. ) ;
#3935 = DIRECTION ( 'NONE',  ( 1.441848083928770031E-16, 0.0000000000000000000, -1.000000000000000000 ) ) ;
#3936 = VECTOR ( 'NONE', #1746, 1000.000000000000000 ) ;
#3937 = VERTEX_POINT ( 'NONE', #2465 ) ;
#3938 = ORIENTED_EDGE ( 'NONE', *, *, #2681, .F. ) ;
#3939 = DIRECTION ( 'NONE',  ( 0.0000000000000000000, -0.0000000000000000000, -1.000000000000000000 ) ) ;
#3940 = CARTESIAN_POINT ( 'NONE',  ( 2.599999975562099941, 6.400000000000000355, -0.04999999999999984318 ) ) ;
#3941 = CARTESIAN_POINT ( 'NONE',  ( 1.999999975562100074, 0.0000000000000000000, -1.000000000000000000 ) ) ;
#3942 = EDGE_CURVE ( 'NONE', #825, #2814, #3803, .T. ) ;
#3943 = PLANE ( 'NONE',  #404 ) ;
#3944 = FACE_OUTER_BOUND ( 'NONE', #4210, .T. ) ;
#3945 = CARTESIAN_POINT ( 'NONE',  ( -6.850000024437910007, -1.199999999999999956, 3.100000000000000977 ) ) ;
#3946 = CARTESIAN_POINT ( 'NONE',  ( -2.600000024437899793, 6.400000000000000355, -0.04999999999999981543 ) ) ;
#3947 = DIRECTION ( 'NONE',  ( -1.000000000000000000, -0.0000000000000000000, 0.0000000000000000000 ) ) ;
#3948 = EDGE_CURVE ( 'NONE', #2394, #1858, #3477, .T. ) ;
#3949 = CARTESIAN_POINT ( 'NONE',  ( -1.600000024437900237, 6.400000000000000355, -0.2500000000000000000 ) ) ;
#3950 = ADVANCED_FACE ( 'NONE', ( #4038 ), #1809, .T. ) ;
#3951 = ORIENTED_EDGE ( 'NONE', *, *, #3817, .F. ) ;
#3952 = CARTESIAN_POINT ( 'NONE',  ( 5.049999975562100119, -5.900000000000000355, 0.1499999999999979960 ) ) ;
#3953 = VERTEX_POINT ( 'NONE', #772 ) ;
#3954 = VERTEX_POINT ( 'NONE', #726 ) ;
#3955 = ORIENTED_EDGE ( 'NONE', *, *, #1447, .F. ) ;
#3956 = FACE_OUTER_BOUND ( 'NONE', #3560, .T. ) ;
#3957 = PLANE ( 'NONE',  #3004 ) ;
#3958 = LINE ( 'NONE', #2065, #866 ) ;
#3959 = LINE ( 'NONE', #4244, #1217 ) ;
#3960 = LINE ( 'NONE', #3647, #3854 ) ;
#3961 = LINE ( 'NONE', #999, #1559 ) ;
#3962 = DIRECTION ( 'NONE',  ( -0.0000000000000000000, 0.0000000000000000000, 1.000000000000000000 ) ) ;
#3963 = DIRECTION ( 'NONE',  ( 0.0000000000000000000, 0.0000000000000000000, -1.000000000000000000 ) ) ;
#3964 = DIRECTION ( 'NONE',  ( 0.0000000000000000000, -0.0000000000000000000, -1.000000000000000000 ) ) ;
#3965 = AXIS2_PLACEMENT_3D ( 'NONE', #3351, #372, #1057 ) ;
#3966 = ORIENTED_EDGE ( 'NONE', *, *, #1571, .F. ) ;
#3967 = EDGE_CURVE ( 'NONE', #2223, #1787, #1726, .T. ) ;
#3968 = DIRECTION ( 'NONE',  ( -0.0000000000000000000, -0.0000000000000000000, -1.000000000000000000 ) ) ;
#3969 = EDGE_CURVE ( 'NONE', #788, #3045, #60, .T. ) ;
#3970 = VECTOR ( 'NONE', #2996, 1000.000000000000000 ) ;
#3971 = FILL_AREA_STYLE_COLOUR ( '', #2816 ) ;
#3972 = VERTEX_POINT ( 'NONE', #2054 ) ;
#3973 = ORIENTED_EDGE ( 'NONE', *, *, #640, .F. ) ;
#3974 = VECTOR ( 'NONE', #5, 1000.000000000000000 ) ;
#3975 = VECTOR ( 'NONE', #502, 1000.000000000000000 ) ;
#3976 = EDGE_LOOP ( 'NONE', ( #343, #2158, #1262, #3525 ) ) ;
#3977 = AXIS2_PLACEMENT_3D ( 'NONE', #846, #1499, #4050 ) ;
#3978 = CARTESIAN_POINT ( 'NONE',  ( -2.000000024437909918, 2.055000000000000604, 1.149999999999999911 ) ) ;
#3979 = DIRECTION ( 'NONE',  ( 0.0000000000000000000, -1.000000000000000000, 0.0000000000000000000 ) ) ;
#3980 = CARTESIAN_POINT ( 'NONE',  ( 2.449999975562100030, -1.500000000000000000, 1.449999999999999956 ) ) ;
#3981 = FACE_OUTER_BOUND ( 'NONE', #1496, .T. ) ;
#3982 = LINE ( 'NONE', #957, #2063 ) ;
#3983 = VECTOR ( 'NONE', #696, 1000.000000000000000 ) ;
#3984 = ORIENTED_EDGE ( 'NONE', *, *, #2101, .T. ) ;
#3985 = FACE_OUTER_BOUND ( 'NONE', #4283, .T. ) ;
#3986 = AXIS2_PLACEMENT_3D ( 'NONE', #4171, #2220, #2583 ) ;
#3987 = LINE ( 'NONE', #3584, #1077 ) ;
#3988 = DIRECTION ( 'NONE',  ( -0.5000000000000014433, -0.8660254037844379305, 0.0000000000000000000 ) ) ;
#3989 = EDGE_LOOP ( 'NONE', ( #2083, #3302, #2918, #3378 ) ) ;
#3990 = VECTOR ( 'NONE', #2738, 1000.000000000000000 ) ;
#3991 = ORIENTED_EDGE ( 'NONE', *, *, #1756, .T. ) ;
#3992 = FACE_OUTER_BOUND ( 'NONE', #2640, .T. ) ;
#3993 = ORIENTED_EDGE ( 'NONE', *, *, #1172, .F. ) ;
#3994 = VECTOR ( 'NONE', #2729, 1000.000000000000000 ) ;
#3995 = CARTESIAN_POINT ( 'NONE',  ( -5.050000024437900414, -1.500000000000000000, -0.4500000000000020095 ) ) ;
#3996 = EDGE_CURVE ( 'NONE', #2653, #3617, #4066, .T. ) ;
#3997 = ORIENTED_EDGE ( 'NONE', *, *, #3663, .F. ) ;
#3998 = EDGE_LOOP ( 'NONE', ( #3438, #1158, #2635, #528 ) ) ;
#3999 = EDGE_CURVE ( 'NONE', #126, #497, #2397, .T. ) ;
#4000 = VECTOR ( 'NONE', #2140, 1000.000000000000000 ) ;
#4001 = EDGE_LOOP ( 'NONE', ( #1996, #4139, #1734, #2221 ) ) ;
#4002 = EDGE_CURVE ( 'NONE', #1295, #3885, #2344, .T. ) ;
#4003 = PLANE ( 'NONE',  #678 ) ;
#4004 = ORIENTED_EDGE ( 'NONE', *, *, #3822, .F. ) ;
#4005 = EDGE_CURVE ( 'NONE', #1132, #2857, #3393, .T. ) ;
#4006 = DIRECTION ( 'NONE',  ( 0.0000000000000000000, -1.000000000000000000, 0.0000000000000000000 ) ) ;
#4007 = DIRECTION ( 'NONE',  ( -0.0000000000000000000, -0.0000000000000000000, -1.000000000000000000 ) ) ;
#4008 = LINE ( 'NONE', #2697, #1846 ) ;
#4009 = FACE_OUTER_BOUND ( 'NONE', #2375, .T. ) ;
#4010 = VERTEX_POINT ( 'NONE', #3761 ) ;
#4011 = CARTESIAN_POINT ( 'NONE',  ( 7.310954255734738005, -1.500000000000000000, 2.929047594526492215 ) ) ;
#4012 = DIRECTION ( 'NONE',  ( 0.0000000000000000000, -1.000000000000000000, 0.0000000000000000000 ) ) ;
#4013 = CARTESIAN_POINT ( 'NONE',  ( -2.000000024437900148, -1.500000000000000000, -1.149999999999999911 ) ) ;
#4014 = ORIENTED_EDGE ( 'NONE', *, *, #3076, .F. ) ;
#4015 = EDGE_LOOP ( 'NONE', ( #1230, #1921, #3459, #58 ) ) ;
#4016 = DIRECTION ( 'NONE',  ( -0.0000000000000000000, -1.000000000000000000, -0.0000000000000000000 ) ) ;
#4017 = DIRECTION ( 'NONE',  ( -1.000000000000000000, -0.0000000000000000000, -0.0000000000000000000 ) ) ;
#4018 = VERTEX_POINT ( 'NONE', #4105 ) ;
#4019 = ORIENTED_EDGE ( 'NONE', *, *, #2743, .F. ) ;
#4020 = PLANE ( 'NONE',  #2621 ) ;
#4021 = ORIENTED_EDGE ( 'NONE', *, *, #2844, .T. ) ;
#4022 = CARTESIAN_POINT ( 'NONE',  ( -7.550000024437900414, -1.199999999999999956, 1.699999999999999956 ) ) ;
#4023 = EDGE_CURVE ( 'NONE', #1198, #3793, #1377, .T. ) ;
#4024 = DIRECTION ( 'NONE',  ( -0.0000000000000000000, -1.000000000000000000, -0.0000000000000000000 ) ) ;
#4025 = FACE_OUTER_BOUND ( 'NONE', #2354, .T. ) ;
#4026 = EDGE_CURVE ( 'NONE', #3554, #3180, #3369, .T. ) ;
#4027 = CARTESIAN_POINT ( 'NONE',  ( -1.700000024437900104, -5.640192378864670175, 0.8499999999999998668 ) ) ;
#4028 = CYLINDRICAL_SURFACE ( 'NONE', #195, 1.000000000000000000 ) ;
#4029 = MANIFOLD_SOLID_BREP ( 'K\X\F6rper5', #3780 ) ;
#4030 = DIRECTION ( 'NONE',  ( -0.0000000000000000000, 1.000000000000000000, -0.0000000000000000000 ) ) ;
#4031 = DIRECTION ( 'NONE',  ( 0.0000000000000000000, 1.000000000000000000, 0.0000000000000000000 ) ) ;
#4032 = PLANE ( 'NONE',  #2671 ) ;
#4033 = LINE ( 'NONE', #2768, #2888 ) ;
#4034 = VERTEX_POINT ( 'NONE', #3721 ) ;
#4035 = VERTEX_POINT ( 'NONE', #3067 ) ;
#4036 = PRODUCT_DEFINITION_CONTEXT ( 'detailed design', #1942, 'design' ) ;
#4037 = FACE_OUTER_BOUND ( 'NONE', #2552, .T. ) ;
#4038 = FACE_OUTER_BOUND ( 'NONE', #1593, .T. ) ;
#4039 = AXIS2_PLACEMENT_3D ( 'NONE', #1432, #498, #137 ) ;
#4040 = VERTEX_POINT ( 'NONE', #102 ) ;
#4041 = ORIENTED_EDGE ( 'NONE', *, *, #4184, .T. ) ;
#4042 = PRESENTATION_LAYER_ASSIGNMENT (  '', '', ( #3078 ) ) ;
#4043 = VERTEX_POINT ( 'NONE', #1423 ) ;
#4044 = MANIFOLD_SOLID_BREP ( 'K\X\F6rper2', #454 ) ;
#4045 = DIRECTION ( 'NONE',  ( -1.000000000000000000, -0.0000000000000000000, 0.0000000000000000000 ) ) ;
#4046 = AXIS2_PLACEMENT_3D ( 'NONE', #3204, #1543, #1563 ) ;
#4047 = CLOSED_SHELL ( 'NONE', ( #2649, #2310, #3371, #582, #958, #3950, #2978, #2466 ) ) ;
#4048 = VERTEX_POINT ( 'NONE', #4190 ) ;
#4049 = CARTESIAN_POINT ( 'NONE',  ( 6.849999975562100829, -1.499999999999999778, -3.099999999999999645 ) ) ;
#4050 = DIRECTION ( 'NONE',  ( 1.000000000000000000, 0.0000000000000000000, 7.450580815884480388E-09 ) ) ;
#4051 = VECTOR ( 'NONE', #700, 1000.000000000000000 ) ;
#4052 = DIRECTION ( 'NONE',  ( 0.5773502691896258421, -0.5773502691896258421, 0.5773502691896256200 ) ) ;
#4053 = LINE ( 'NONE', #1085, #2751 ) ;
#4054 = DIRECTION ( 'NONE',  ( -0.0000000000000000000, -1.000000000000000000, 0.0000000000000000000 ) ) ;
#4055 = EDGE_CURVE ( 'NONE', #3128, #164, #449, .T. ) ;
#4056 = DIRECTION ( 'NONE',  ( 0.0000000000000000000, -1.000000000000000000, 0.0000000000000000000 ) ) ;
#4057 = EDGE_CURVE ( 'NONE', #3784, #37, #3310, .T. ) ;
#4058 = DIRECTION ( 'NONE',  ( 0.0000000000000000000, -0.0000000000000000000, 1.000000000000000000 ) ) ;
#4059 = AXIS2_PLACEMENT_3D ( 'NONE', #2320, #1341, #3294 ) ;
#4060 = CARTESIAN_POINT ( 'NONE',  ( 6.849999975562099941, -1.375735931288071479, 3.399999999999999911 ) ) ;
#4061 = LINE ( 'NONE', #1110, #2473 ) ;
#4062 = ORIENTED_EDGE ( 'NONE', *, *, #2568, .F. ) ;
#4063 = VERTEX_POINT ( 'NONE', #2543 ) ;
#4064 = EDGE_CURVE ( 'NONE', #3259, #1446, #1829, .T. ) ;
#4065 = CARTESIAN_POINT ( 'NONE',  ( 1.999999975562100074, 2.055000000000000604, -1.149999999999999911 ) ) ;
#4066 = LINE ( 'NONE', #818, #960 ) ;
#4067 = CARTESIAN_POINT ( 'NONE',  ( -5.350000024437900237, 0.0000000000000000000, -0.1499999999999999944 ) ) ;
#4068 = VECTOR ( 'NONE', #3737, 1000.000000000000000 ) ;
#4069 = ORIENTED_EDGE ( 'NONE', *, *, #1524, .F. ) ;
#4070 = AXIS2_PLACEMENT_3D ( 'NONE', #4223, #1276, #1018 ) ;
#4071 = ORIENTED_EDGE ( 'NONE', *, *, #2207, .F. ) ;
#4072 = DIRECTION ( 'NONE',  ( 0.0000000000000000000, 1.000000000000000000, 0.0000000000000000000 ) ) ;
#4073 = VECTOR ( 'NONE', #3455, 1000.000000000000000 ) ;
#4074 = VERTEX_POINT ( 'NONE', #2178 ) ;
#4075 = CARTESIAN_POINT ( 'NONE',  ( 7.849999975562098165, -1.375735931288071257, -2.399999999999999467 ) ) ;
#4076 = CARTESIAN_POINT ( 'NONE',  ( -7.255775398350027494, -1.500000000000000222, -2.974086863287470184 ) ) ;
#4077 = CARTESIAN_POINT ( 'NONE',  ( -5.200000024437899881, -5.640192378864670175, 0.2999999999999989897 ) ) ;
#4078 = PLANE ( 'NONE',  #2527 ) ;
#4079 = DIRECTION ( 'NONE',  ( -1.000000000000000000, -0.0000000000000000000, 0.0000000000000000000 ) ) ;
#4080 = CARTESIAN_POINT ( 'NONE',  ( -7.550000024437900414, -1.500000000000000000, 1.665334536937730077E-15 ) ) ;
#4081 = DIRECTION ( 'NONE',  ( 1.000000000000000000, 0.0000000000000000000, 2.220446049250310123E-16 ) ) ;
#4082 = ADVANCED_FACE ( 'NONE', ( #1182 ), #4130, .F. ) ;
#4083 = EDGE_LOOP ( 'NONE', ( #106, #3442, #2010, #4062 ) ) ;
#4084 = EDGE_LOOP ( 'NONE', ( #3506, #1292, #2905, #1972 ) ) ;
#4085 = CARTESIAN_POINT ( 'NONE',  ( 7.533617245809998586, -1.500000000000000000, -2.575080499003827850 ) ) ;
#4086 = EDGE_CURVE ( 'NONE', #3578, #3147, #3861, .T. ) ;
#4087 = SURFACE_STYLE_FILL_AREA ( #2079 ) ;
#4088 = DIRECTION ( 'NONE',  ( 2.220446049250310123E-16, 0.0000000000000000000, -1.000000000000000000 ) ) ;
#4089 = EDGE_CURVE ( 'NONE', #514, #838, #1487, .T. ) ;
#4090 = ORIENTED_EDGE ( 'NONE', *, *, #1594, .F. ) ;
#4091 = EDGE_LOOP ( 'NONE', ( #3660, #2748, #1555, #2351 ) ) ;
#4092 = DIRECTION ( 'NONE',  ( 0.0000000000000000000, 0.7071067811865474617, 0.7071067811865474617 ) ) ;
#4093 = ORIENTED_EDGE ( 'NONE', *, *, #354, .F. ) ;
#4094 = FACE_OUTER_BOUND ( 'NONE', #4015, .T. ) ;
#4095 = LINE ( 'NONE', #439, #1770 ) ;
#4096 = CARTESIAN_POINT ( 'NONE',  ( -7.194374182678835439, -1.500000000000000000, -3.010021127874374702 ) ) ;
#4097 = CARTESIAN_POINT ( 'NONE',  ( 1.549999975562100341, -5.380384757729339995, -0.8499999999999998668 ) ) ;
#4098 = DIRECTION ( 'NONE',  ( 0.0000000000000000000, 0.0000000000000000000, 1.000000000000000000 ) ) ;
#4099 = DIRECTION ( 'NONE',  ( -1.000000000000000000, -0.0000000000000000000, 0.0000000000000000000 ) ) ;
#4100 = DIRECTION ( 'NONE',  ( -0.0000000000000000000, -1.000000000000000000, -0.0000000000000000000 ) ) ;
#4101 = CARTESIAN_POINT ( 'NONE',  ( 1.399999975562099985, 6.400000000000000355, -0.4499999999999990119 ) ) ;
#4102 = ORIENTED_EDGE ( 'NONE', *, *, #2104, .T. ) ;
#4103 = ORIENTED_EDGE ( 'NONE', *, *, #3683, .T. ) ;
#4104 = CARTESIAN_POINT ( 'NONE',  ( 2.149999975562100207, -5.900000000000000355, 1.449999999999999956 ) ) ;
#4105 = CARTESIAN_POINT ( 'NONE',  ( 1.599999975562099941, 0.0000000000000000000, -2.049999999999999822 ) ) ;
#4106 = CARTESIAN_POINT ( 'NONE',  ( -6.950000024437909651, 6.400000000000000355, 2.399999999999999911 ) ) ;
#4107 = ADVANCED_FACE ( 'NONE', ( #2236 ), #3864, .T. ) ;
#4108 = ORIENTED_EDGE ( 'NONE', *, *, #748, .T. ) ;
#4109 = ADVANCED_FACE ( 'NONE', ( #1872 ), #3557, .T. ) ;
#4110 = VERTEX_POINT ( 'NONE', #1161 ) ;
#4111 = AXIS2_PLACEMENT_3D ( 'NONE', #3216, #593, #4233 ) ;
#4112 = DIRECTION ( 'NONE',  ( -1.000000000000000000, 0.0000000000000000000, -2.220446049250310123E-16 ) ) ;
#4113 = ORIENTED_EDGE ( 'NONE', *, *, #3290, .F. ) ;
#4114 = VECTOR ( 'NONE', #59, 1000.000000000000000 ) ;
#4115 = DIRECTION ( 'NONE',  ( 0.0000000000000000000, -1.000000000000000000, 0.0000000000000000000 ) ) ;
#4116 = CARTESIAN_POINT ( 'NONE',  ( -7.850000024437910895, -1.199999999999999956, 2.400000000000000355 ) ) ;
#4117 = DIRECTION ( 'NONE',  ( -1.000000000000000000, 0.0000000000000000000, -2.220446049250310123E-16 ) ) ;
#4118 = AXIS2_PLACEMENT_3D ( 'NONE', #70, #4007, #1040 ) ;
#4119 = DIRECTION ( 'NONE',  ( 0.0000000000000000000, 1.000000000000000000, 0.0000000000000000000 ) ) ;
#4120 = DIRECTION ( 'NONE',  ( -0.0000000000000000000, -1.000000000000000000, 0.0000000000000000000 ) ) ;
#4121 = AXIS2_PLACEMENT_3D ( 'NONE', #2926, #540, #3185 ) ;
#4122 = DIRECTION ( 'NONE',  ( -0.0000000000000000000, 1.000000000000000000, -0.0000000000000000000 ) ) ;
#4123 = VECTOR ( 'NONE', #4163, 1000.000000000000000 ) ;
#4124 = CARTESIAN_POINT ( 'NONE',  ( -2.450000024437899881, -1.500000000000000000, 1.449999999999999956 ) ) ;
#4125 = DIRECTION ( 'NONE',  ( -0.0000000000000000000, 1.000000000000000000, -0.0000000000000000000 ) ) ;
#4126 = CIRCLE ( 'NONE', #3909, 0.2999999999999999334 ) ;
#4127 = ORIENTED_EDGE ( 'NONE', *, *, #3282, .T. ) ;
#4128 = ORIENTED_EDGE ( 'NONE', *, *, #693, .T. ) ;
#4129 = LINE ( 'NONE', #2482, #517 ) ;
#4130 = CYLINDRICAL_SURFACE ( 'NONE', #4149, 0.1499999999999999944 ) ;
#4131 = CARTESIAN_POINT ( 'NONE',  ( -6.850000024437910007, 0.0000000000000000000, 2.500000000000000000 ) ) ;
#4132 = AXIS2_PLACEMENT_3D ( 'NONE', #4235, #3912, #948 ) ;
#4133 = ORIENTED_EDGE ( 'NONE', *, *, #2280, .T. ) ;
#4134 = EDGE_LOOP ( 'NONE', ( #4238, #1206, #4199, #1663 ) ) ;
#4135 = VECTOR ( 'NONE', #2897, 1000.000000000000000 ) ;
#4136 = ADVANCED_FACE ( 'NONE', ( #3536 ), #3496, .F. ) ;
#4137 = CARTESIAN_POINT ( 'NONE',  ( -7.276829075876639408, -1.500000000000000444, 2.963015680146158015 ) ) ;
#4138 = EDGE_CURVE ( 'NONE', #3033, #2394, #1243, .T. ) ;
#4139 = ORIENTED_EDGE ( 'NONE', *, *, #1384, .F. ) ;
#4140 = VECTOR ( 'NONE', #3085, 1000.000000000000000 ) ;
#4141 = CARTESIAN_POINT ( 'NONE',  ( -2.000000024437900148, 0.0000000000000000000, -1.149999999999999911 ) ) ;
#4142 = FACE_BOUND ( 'NONE', #2730, .T. ) ;
#4143 = EDGE_CURVE ( 'NONE', #1824, #4185, #682, .T. ) ;
#4144 = VECTOR ( 'NONE', #1054, 1000.000000000000000 ) ;
#4145 = DIRECTION ( 'NONE',  ( 0.0000000000000000000, -1.000000000000000000, 0.0000000000000000000 ) ) ;
#4146 = PLANE ( 'NONE',  #1647 ) ;
#4147 = ADVANCED_FACE ( 'NONE', ( #1855 ), #3176, .T. ) ;
#4148 = CARTESIAN_POINT ( 'NONE',  ( 5.349999975562099941, 2.055000000000000604, 0.1499999999999999944 ) ) ;
#4149 = AXIS2_PLACEMENT_3D ( 'NONE', #878, #3883, #1510 ) ;
#4150 = LINE ( 'NONE', #1176, #1977 ) ;
#4151 = CARTESIAN_POINT ( 'NONE',  ( -5.350000024437900237, 0.0000000000000000000, 0.0000000000000000000 ) ) ;
#4152 = VERTEX_POINT ( 'NONE', #2066 ) ;
#4153 = CARTESIAN_POINT ( 'NONE',  ( -2.450000024437899881, -1.500000000000000000, 0.8499999999999999778 ) ) ;
#4154 = DIRECTION ( 'NONE',  ( 0.0000000000000000000, 0.0000000000000000000, 1.000000000000000000 ) ) ;
#4155 = CARTESIAN_POINT ( 'NONE',  ( 6.849999975562099941, 0.0000000000000000000, -3.399999999999999467 ) ) ;
#4156 = ORIENTED_EDGE ( 'NONE', *, *, #1008, .F. ) ;
#4157 = EDGE_LOOP ( 'NONE', ( #837, #3727, #2585, #42 ) ) ;
#4158 = CARTESIAN_POINT ( 'NONE',  ( -7.023803083642960132, -1.499999999999999778, 3.078497667200369659 ) ) ;
#4159 = ORIENTED_EDGE ( 'NONE', *, *, #2863, .T. ) ;
#4160 = FACE_OUTER_BOUND ( 'NONE', #2398, .T. ) ;
#4161 = PLANE ( 'NONE',  #265 ) ;
#4162 = EDGE_CURVE ( 'NONE', #1295, #2312, #2623, .T. ) ;
#4163 = DIRECTION ( 'NONE',  ( 1.000000000000000000, -0.0000000000000000000, 0.0000000000000000000 ) ) ;
#4164 = DIRECTION ( 'NONE',  ( 0.0000000000000000000, 0.7071067811865474617, 0.7071067811865474617 ) ) ;
#4165 = PRODUCT_DEFINITION ( 'UNKNOWN', '', #3109, #4036 ) ;
#4166 = CARTESIAN_POINT ( 'NONE',  ( 2.449999975562100030, -1.500000000000000000, 0.8499999999999999778 ) ) ;
#4167 = DIRECTION ( 'NONE',  ( -0.0000000000000000000, 0.0000000000000000000, 1.000000000000000000 ) ) ;
#4168 = EDGE_LOOP ( 'NONE', ( #1350, #3517, #3208, #2328 ) ) ;
#4169 = EDGE_LOOP ( 'NONE', ( #3750, #728, #3649, #2877 ) ) ;
#4170 = DIRECTION ( 'NONE',  ( -2.220446049250310123E-16, -0.0000000000000000000, 1.000000000000000000 ) ) ;
#4171 = CARTESIAN_POINT ( 'NONE',  ( 1.999999975562100074, -1.500000000000000000, -1.149999999999999911 ) ) ;
#4172 = EDGE_LOOP ( 'NONE', ( #2245, #516, #513, #3811 ) ) ;
#4173 = VERTEX_POINT ( 'NONE', #1736 ) ;
#4174 = PRESENTATION_STYLE_ASSIGNMENT (( #1494 ) ) ;
#4175 = ORIENTED_EDGE ( 'NONE', *, *, #38, .T. ) ;
#4176 = LINE ( 'NONE', #2861, #184 ) ;
#4177 = CARTESIAN_POINT ( 'NONE',  ( -6.250000025136391635, 6.200000000698492109, 0.3999999984633179628 ) ) ;
#4178 = CARTESIAN_POINT ( 'NONE',  ( -6.850000024437909119, -1.375735931288071479, -3.399999999999999911 ) ) ;
#4179 = CARTESIAN_POINT ( 'NONE',  ( 1.549999975562099896, -1.500000000000000000, 0.8499999999999999778 ) ) ;
#4180 = VECTOR ( 'NONE', #2115, 1000.000000000000000 ) ;
#4181 = CARTESIAN_POINT ( 'NONE',  ( 5.649999975562099763, -1.500000000000000000, -0.4500000000000020095 ) ) ;
#4182 = EDGE_CURVE ( 'NONE', #757, #3259, #3624, .T. ) ;
#4183 = FACE_OUTER_BOUND ( 'NONE', #2462, .T. ) ;
#4184 = EDGE_CURVE ( 'NONE', #2967, #497, #3930, .T. ) ;
#4185 = VERTEX_POINT ( 'NONE', #3058 ) ;
#4186 = MECHANICAL_DESIGN_GEOMETRIC_PRESENTATION_REPRESENTATION (  '', ( #1558 ), #1074 ) ;
#4187 = CIRCLE ( 'NONE', #2389, 0.09999999999999982514 ) ;
#4188 = ORIENTED_EDGE ( 'NONE', *, *, #2205, .T. ) ;
#4189 = CARTESIAN_POINT ( 'NONE',  ( 7.549999975562101007, -1.500000000000000000, 1.665334536937730077E-15 ) ) ;
#4190 = CARTESIAN_POINT ( 'NONE',  ( 1.999999975562100074, 0.0000000000000000000, -1.300000000000000044 ) ) ;
#4191 = VECTOR ( 'NONE', #97, 1000.000000000000000 ) ;
#4192 = EDGE_CURVE ( 'NONE', #2306, #3784, #1084, .T. ) ;
#4193 = CARTESIAN_POINT ( 'NONE',  ( 1.999999975562100074, 2.055000000000000604, -1.300000000000000044 ) ) ;
#4194 = ADVANCED_FACE ( 'NONE', ( #981 ), #941, .T. ) ;
#4195 = ORIENTED_EDGE ( 'NONE', *, *, #1492, .F. ) ;
#4196 = VECTOR ( 'NONE', #2952, 1000.000000000000000 ) ;
#4197 = ORIENTED_EDGE ( 'NONE', *, *, #2212, .F. ) ;
#4198 = PRESENTATION_LAYER_ASSIGNMENT (  '', '', ( #3915 ) ) ;
#4199 = ORIENTED_EDGE ( 'NONE', *, *, #3446, .F. ) ;
#4200 = VERTEX_POINT ( 'NONE', #1289 ) ;
#4201 = VECTOR ( 'NONE', #3964, 1000.000000000000000 ) ;
#4202 = LINE ( 'NONE', #1233, #3498 ) ;
#4203 = DIRECTION ( 'NONE',  ( 0.0000000000000000000, -1.000000000000000000, 0.0000000000000000000 ) ) ;
#4204 = VECTOR ( 'NONE', #356, 1000.000000000000114 ) ;
#4205 = DIRECTION ( 'NONE',  ( -1.000000000000000000, 3.104408609036182226E-09, -3.104408609036177677E-09 ) ) ;
#4206 = DIRECTION ( 'NONE',  ( 0.0000000000000000000, 1.000000000000000000, -0.0000000000000000000 ) ) ;
#4207 = AXIS2_PLACEMENT_3D ( 'NONE', #3031, #4072, #3399 ) ;
#4208 = DIRECTION ( 'NONE',  ( 0.0000000000000000000, 0.0000000000000000000, -1.000000000000000000 ) ) ;
#4209 = DIRECTION ( 'NONE',  ( 0.0000000000000000000, 0.7071067811865470176, 0.7071067811865480168 ) ) ;
#4210 = EDGE_LOOP ( 'NONE', ( #2540, #993, #1033, #1748 ) ) ;
#4211 = ORIENTED_EDGE ( 'NONE', *, *, #3948, .F. ) ;
#4212 = DIRECTION ( 'NONE',  ( 1.000000000000000000, 0.0000000000000000000, 0.0000000000000000000 ) ) ;
#4213 = DIRECTION ( 'NONE',  ( -1.000000000000000000, -0.0000000000000000000, -0.0000000000000000000 ) ) ;
#4214 = LINE ( 'NONE', #2545, #192 ) ;
#4215 = ORIENTED_EDGE ( 'NONE', *, *, #2516, .F. ) ;
#4216 = ORIENTED_EDGE ( 'NONE', *, *, #561, .T. ) ;
#4217 = ADVANCED_FACE ( 'NONE', ( #2303 ), #2632, .F. ) ;
#4218 = DIRECTION ( 'NONE',  ( 1.000000000000000000, 0.0000000000000000000, 0.0000000000000000000 ) ) ;
#4219 = VERTEX_POINT ( 'NONE', #2039 ) ;
#4220 = ADVANCED_FACE ( 'NONE', ( #4025 ), #4230, .T. ) ;
#4221 = DIRECTION ( 'NONE',  ( 0.0000000000000000000, -1.000000000000000000, 0.0000000000000000000 ) ) ;
#4222 = ORIENTED_EDGE ( 'NONE', *, *, #3948, .T. ) ;
#4223 = CARTESIAN_POINT ( 'NONE',  ( 6.849999975562099941, -1.199999999999999956, -2.399999999999999911 ) ) ;
#4224 = DIRECTION ( 'NONE',  ( 0.0000000000000000000, 1.000000000000000000, -0.0000000000000000000 ) ) ;
#4225 = FACE_BOUND ( 'NONE', #2769, .T. ) ;
#4226 = FACE_OUTER_BOUND ( 'NONE', #1315, .T. ) ;
#4227 = VERTEX_POINT ( 'NONE', #1633 ) ;
#4228 = EDGE_LOOP ( 'NONE', ( #2355, #2912, #494, #3725 ) ) ;
#4229 = CARTESIAN_POINT ( 'NONE',  ( -3.125000024437900148, 6.200000000000001066, -0.3999999910593035057 ) ) ;
#4230 = PLANE ( 'NONE',  #2969 ) ;
#4231 = FACE_OUTER_BOUND ( 'NONE', #349, .T. ) ;
#4232 = ORIENTED_EDGE ( 'NONE', *, *, #2844, .F. ) ;
#4233 = DIRECTION ( 'NONE',  ( 1.000000000000000000, 0.0000000000000000000, 2.220446049250310123E-16 ) ) ;
#4234 = EDGE_LOOP ( 'NONE', ( #639, #3764, #2616, #152 ) ) ;
#4235 = CARTESIAN_POINT ( 'NONE',  ( -1.600000024437900237, 6.400000000000000355, -2.049999999999999822 ) ) ;
#4236 = ADVANCED_FACE ( 'NONE', ( #1265 ), #91, .T. ) ;
#4237 = ORIENTED_EDGE ( 'NONE', *, *, #3717, .T. ) ;
#4238 = ORIENTED_EDGE ( 'NONE', *, *, #1066, .F. ) ;
#4239 = EDGE_CURVE ( 'NONE', #3655, #4219, #2581, .T. ) ;
#4240 = FACE_BOUND ( 'NONE', #2426, .T. ) ;
#4241 = DIRECTION ( 'NONE',  ( 0.0000000000000000000, 0.0000000000000000000, 1.000000000000000000 ) ) ;
#4242 = EDGE_CURVE ( 'NONE', #751, #2123, #3238, .T. ) ;
#4243 = DIRECTION ( 'NONE',  ( -0.7071067811865480168, 0.7071067811865470176, 0.0000000000000000000 ) ) ;
#4244 = CARTESIAN_POINT ( 'NONE',  ( 1.549999975562099896, -1.500000000000000000, -0.8499999999999999778 ) ) ;
#4245 = CIRCLE ( 'NONE', #2379, 0.1499999999999999667 ) ;
#4246 = CARTESIAN_POINT ( 'NONE',  ( 5.049999975562100119, -1.500000000000000000, -0.4500000000000019540 ) ) ;
#4247 = ORIENTED_EDGE ( 'NONE', *, *, #2872, .T. ) ;
#4248 = ORIENTED_EDGE ( 'NONE', *, *, #3543, .T. ) ;
#4249 = VECTOR ( 'NONE', #3839, 1000.000000000000000 ) ;
#4250 = CARTESIAN_POINT ( 'NONE',  ( -2.000000024437900148, -5.900000000000000355, 1.149999999999999911 ) ) ;
#4251 = CARTESIAN_POINT ( 'NONE',  ( 2.149999975562100207, -5.900000000000000355, 1.449999999999999956 ) ) ;
#4252 = CARTESIAN_POINT ( 'NONE',  ( 5.649999975562099763, -1.500000000000000000, -0.4500000000000019540 ) ) ;
#4253 = AXIS2_PLACEMENT_3D ( 'NONE', #3466, #4122, #3779 ) ;
#4254 = VECTOR ( 'NONE', #1800, 1000.000000000000000 ) ;
#4255 = EDGE_LOOP ( 'NONE', ( #1747, #43, #2539, #873 ) ) ;
#4256 = UNCERTAINTY_MEASURE_WITH_UNIT (LENGTH_MEASURE( 1.000000000000000082E-05 ), #3603, 'distance_accuracy_value', 'NONE');
#4257 = DIRECTION ( 'NONE',  ( -0.0000000000000000000, 1.000000000000000000, -0.0000000000000000000 ) ) ;
#4258 = VECTOR ( 'NONE', #3752, 1000.000000000000000 ) ;
#4259 = ORIENTED_EDGE ( 'NONE', *, *, #114, .T. ) ;
#4260 = CARTESIAN_POINT ( 'NONE',  ( -2.400000024437900059, 0.0000000000000000000, -0.4499999999999990119 ) ) ;
#4261 = VERTEX_POINT ( 'NONE', #3946 ) ;
#4262 = ADVANCED_FACE ( 'NONE', ( #1714 ), #4278, .T. ) ;
#4263 = EDGE_LOOP ( 'NONE', ( #2257, #1375, #1682, #3907 ) ) ;
#4264 = VECTOR ( 'NONE', #2658, 1000.000000000000000 ) ;
#4265 = EDGE_CURVE ( 'NONE', #2984, #2839, #273, .T. ) ;
#4266 = CYLINDRICAL_SURFACE ( 'NONE', #1370, 0.1499999999999999667 ) ;
#4267 = VECTOR ( 'NONE', #1468, 1000.000000000000000 ) ;
#4268 = DIRECTION ( 'NONE',  ( -1.000000000000000000, 0.0000000000000000000, -0.0000000000000000000 ) ) ;
#4269 = EDGE_CURVE ( 'NONE', #2313, #2199, #3256, .T. ) ;
#4270 = CARTESIAN_POINT ( 'NONE',  ( -1.550000024437899970, -1.500000000000000000, -1.449999999999999956 ) ) ;
#4271 = EDGE_CURVE ( 'NONE', #3784, #2814, #315, .T. ) ;
#4272 = VECTOR ( 'NONE', #1195, 1000.000000000000000 ) ;
#4273 = CARTESIAN_POINT ( 'NONE',  ( 2.599999975562099941, 6.400000000000000355, -2.250000000000000444 ) ) ;
#4274 = CARTESIAN_POINT ( 'NONE',  ( 6.849999975562099941, 0.0000000000000000000, -2.500000000000000000 ) ) ;
#4275 = ORIENTED_EDGE ( 'NONE', *, *, #2395, .T. ) ;
#4276 = DIRECTION ( 'NONE',  ( -1.000000000000000000, -0.0000000000000000000, -2.220446049250310123E-16 ) ) ;
#4277 = VECTOR ( 'NONE', #1951, 1000.000000000000000 ) ;
#4278 = PLANE ( 'NONE',  #3593 ) ;
#4279 = CARTESIAN_POINT ( 'NONE',  ( 6.849999975562100829, 0.0000000000000000000, 2.500000000000002665 ) ) ;
#4280 = LINE ( 'NONE', #720, #1437 ) ;
#4281 = AXIS2_PLACEMENT_3D ( 'NONE', #1891, #231, #3473 ) ;
#4282 = ORIENTED_EDGE ( 'NONE', *, *, #3548, .F. ) ;
#4283 = EDGE_LOOP ( 'NONE', ( #991, #133, #2284, #3049 ) ) ;
#4284 = FACE_OUTER_BOUND ( 'NONE', #194, .T. ) ;
#4285 = MECHANICAL_DESIGN_GEOMETRIC_PRESENTATION_REPRESENTATION (  '', ( #1654 ), #615 ) ;
#4286 = ORIENTED_EDGE ( 'NONE', *, *, #2179, .T. ) ;
ENDSEC;
END-ISO-10303-21;
