ISO-10303-21;
HEADER;
FILE_DESCRIPTION (( 'STEP AP214' ),
    '1' );
FILE_NAME ('5449AF4E-04E1-446F-A4BC-5A4ED5C8B59B.STEP',
    '2026-02-12T19:57:49',
    ( '' ),
    ( '' ),
    'SwSTEP 2.0',
    'SolidWorks 2022',
    '' );
FILE_SCHEMA (( 'AUTOMOTIVE_DESIGN' ));
ENDSEC;

DATA;
#1 = ORIENTED_EDGE ( 'NONE', *, *, #3054, .T. ) ;
#2 = LINE ( 'NONE', #1617, #234 ) ;
#3 = VERTEX_POINT ( 'NONE', #3944 ) ;
#4 = CARTESIAN_POINT ( 'NONE',  ( -6.850000024437910007, 0.4000000000000000222, 3.399999999999999467 ) ) ;
#5 = LINE ( 'NONE', #3301, #715 ) ;
#6 = FACE_OUTER_BOUND ( 'NONE', #423, .T. ) ;
#7 = CARTESIAN_POINT ( 'NONE',  ( -4.900000024437900059, 4.200000000000000178, 0.2999999999999999889 ) ) ;
#8 = ORIENTED_EDGE ( 'NONE', *, *, #1653, .T. ) ;
#9 = ORIENTED_EDGE ( 'NONE', *, *, #3404, .F. ) ;
#10 = DIRECTION ( 'NONE',  ( 1.000000000000000000, 0.0000000000000000000, -0.0000000000000000000 ) ) ;
#11 = DIRECTION ( 'NONE',  ( 1.000000000000000000, -0.0000000000000000000, 0.0000000000000000000 ) ) ;
#12 = CARTESIAN_POINT ( 'NONE',  ( -6.850000024437910007, 11.00000000000000000, 2.399999999999999911 ) ) ;
#13 = ADVANCED_FACE ( 'NONE', ( #1956 ), #2934, .T. ) ;
#14 = ORIENTED_EDGE ( 'NONE', *, *, #1614, .F. ) ;
#15 = CARTESIAN_POINT ( 'NONE',  ( 1.699999975562090038, 4.200000000000000178, -0.7000000000000009548 ) ) ;
#16 = DIRECTION ( 'NONE',  ( -1.000000000000000000, -9.614813431917820315E-17, -1.665334536937730373E-16 ) ) ;
#17 = CARTESIAN_POINT ( 'NONE',  ( 1.699999975562100030, 4.200000000000000178, -1.600000000000000089 ) ) ;
#18 = EDGE_CURVE ( 'NONE', #2680, #1309, #86, .T. ) ;
#19 = ORIENTED_EDGE ( 'NONE', *, *, #1760, .T. ) ;
#20 = FACE_OUTER_BOUND ( 'NONE', #3738, .T. ) ;
#21 = LINE ( 'NONE', #2910, #40 ) ;
#22 = ORIENTED_EDGE ( 'NONE', *, *, #2085, .T. ) ;
#23 = CARTESIAN_POINT ( 'NONE',  ( -7.850000024437909119, 0.1656854249492380471, 2.399999999999999467 ) ) ;
#24 = DIRECTION ( 'NONE',  ( -0.0000000000000000000, -1.000000000000000000, -0.0000000000000000000 ) ) ;
#25 = CARTESIAN_POINT ( 'NONE',  ( 7.201471838138242987, 0.0000000000000000000, -3.000000000000000000 ) ) ;
#26 = CARTESIAN_POINT ( 'NONE',  ( 5.799999975562100119, 4.200000000000000178, 0.2999999999999999889 ) ) ;
#27 = ORIENTED_EDGE ( 'NONE', *, *, #4145, .T. ) ;
#28 = EDGE_LOOP ( 'NONE', ( #205, #32, #2591, #720 ) ) ;
#29 = DIRECTION ( 'NONE',  ( 0.5000000000000009992, 0.8660254037844380415, 0.0000000000000000000 ) ) ;
#30 = LINE ( 'NONE', #1329, #3318 ) ;
#31 = AXIS2_PLACEMENT_3D ( 'NONE', #659, #1958, #3260 ) ;
#32 = ORIENTED_EDGE ( 'NONE', *, *, #427, .T. ) ;
#33 = CARTESIAN_POINT ( 'NONE',  ( -2.300000024437899970, 4.200000000000000178, 0.7000000000000009548 ) ) ;
#34 = PLANE ( 'NONE',  #2346 ) ;
#35 = EDGE_CURVE ( 'NONE', #1351, #2214, #5, .T. ) ;
#36 = VECTOR ( 'NONE', #3513, 1000.000000000000000 ) ;
#37 = DIRECTION ( 'NONE',  ( 0.0000000000000000000, -1.000000000000000000, 0.0000000000000000000 ) ) ;
#38 = CARTESIAN_POINT ( 'NONE',  ( -6.850000024437910007, 0.0000000000000000000, -2.999999999999999112 ) ) ;
#39 = EDGE_LOOP ( 'NONE', ( #2495, #3410, #279, #2255 ) ) ;
#40 = VECTOR ( 'NONE', #337, 1000.000000000000000 ) ;
#41 = AXIS2_PLACEMENT_3D ( 'NONE', #1247, #270, #2822 ) ;
#42 = CARTESIAN_POINT ( 'NONE',  ( 1.699999975562100030, 4.200000000000000178, 1.600000000000000089 ) ) ;
#43 = EDGE_CURVE ( 'NONE', #1930, #1194, #2596, .T. ) ;
#44 = SURFACE_STYLE_USAGE ( .BOTH. , #1317 ) ;
#45 = VECTOR ( 'NONE', #3309, 1000.000000000000000 ) ;
#46 = VECTOR ( 'NONE', #4185, 1000.000000000000000 ) ;
#47 = VERTEX_POINT ( 'NONE', #1748 ) ;
#48 = AXIS2_PLACEMENT_3D ( 'NONE', #2464, #3766, #2509 ) ;
#49 = DIRECTION ( 'NONE',  ( 0.0000000000000000000, -1.000000000000000000, 0.0000000000000000000 ) ) ;
#50 = VERTEX_POINT ( 'NONE', #1099 ) ;
#51 = EDGE_CURVE ( 'NONE', #343, #950, #3500, .T. ) ;
#52 = DIRECTION ( 'NONE',  ( 0.0000000000000000000, 0.0000000000000000000, 1.000000000000000000 ) ) ;
#53 = DIRECTION ( 'NONE',  ( -0.0000000000000000000, 0.0000000000000000000, 1.000000000000000000 ) ) ;
#54 = ORIENTED_EDGE ( 'NONE', *, *, #3100, .F. ) ;
#55 = CARTESIAN_POINT ( 'NONE',  ( 1.674999975562099896, 9.199999999999999289, -1.400000000000000355 ) ) ;
#56 = FACE_OUTER_BOUND ( 'NONE', #2659, .T. ) ;
#57 = EDGE_CURVE ( 'NONE', #3354, #463, #465, .T. ) ;
#58 = VECTOR ( 'NONE', #412, 1000.000000000000000 ) ;
#59 = CARTESIAN_POINT ( 'NONE',  ( 5.999999975562100296, 4.200000000000000178, -6.938893903907229610E-17 ) ) ;
#60 = AXIS2_PLACEMENT_3D ( 'NONE', #3517, #3310, #3986 ) ;
#61 = ORIENTED_EDGE ( 'NONE', *, *, #2931, .T. ) ;
#62 = CARTESIAN_POINT ( 'NONE',  ( -7.450000024437909651, 0.0000000000000000000, 2.400000000000000355 ) ) ;
#63 = VECTOR ( 'NONE', #4182, 1000.000000000000000 ) ;
#64 = DIRECTION ( 'NONE',  ( 0.0000000000000000000, 1.000000000000000000, -0.0000000000000000000 ) ) ;
#65 = LINE ( 'NONE', #1658, #3861 ) ;
#66 = ORIENTED_EDGE ( 'NONE', *, *, #2526, .F. ) ;
#67 = CARTESIAN_POINT ( 'NONE',  ( -7.435786462064813307, 0.1656854249492380193, -3.399999999999998579 ) ) ;
#68 = DIRECTION ( 'NONE',  ( 0.0000000000000000000, 0.0000000000000000000, -1.000000000000000000 ) ) ;
#69 = EDGE_CURVE ( 'NONE', #2997, #3446, #485, .T. ) ;
#70 = ORIENTED_EDGE ( 'NONE', *, *, #2904, .F. ) ;
#71 = CARTESIAN_POINT ( 'NONE',  ( -5.350000024437900237, 9.199999999999999289, 4.212443588391679700E-09 ) ) ;
#72 = ORIENTED_EDGE ( 'NONE', *, *, #3327, .F. ) ;
#73 = LINE ( 'NONE', #1373, #842 ) ;
#74 = EDGE_CURVE ( 'NONE', #2856, #3234, #778, .T. ) ;
#75 = EDGE_LOOP ( 'NONE', ( #3370, #3846, #2872, #3478, #2594, #2292 ) ) ;
#76 = FACE_OUTER_BOUND ( 'NONE', #1300, .T. ) ;
#77 = DIRECTION ( 'NONE',  ( 0.0000000000000000000, 1.000000000000000000, -0.0000000000000000000 ) ) ;
#78 = LINE ( 'NONE', #3882, #2643 ) ;
#79 = ORIENTED_EDGE ( 'NONE', *, *, #972, .F. ) ;
#80 = CARTESIAN_POINT ( 'NONE',  ( 5.599999975562100829, 9.199999999999999289, -0.3250000000000000666 ) ) ;
#81 = FACE_OUTER_BOUND ( 'NONE', #3609, .T. ) ;
#82 = LINE ( 'NONE', #3317, #2704 ) ;
#83 = ORIENTED_EDGE ( 'NONE', *, *, #3447, .F. ) ;
#84 = FACE_OUTER_BOUND ( 'NONE', #2265, .T. ) ;
#85 = CARTESIAN_POINT ( 'NONE',  ( 6.849999975562099053, 0.4000000000000000222, 3.400000000000002132 ) ) ;
#86 = LINE ( 'NONE', #1932, #1119 ) ;
#87 = FACE_OUTER_BOUND ( 'NONE', #1954, .T. ) ;
#88 = EDGE_CURVE ( 'NONE', #2947, #2737, #1789, .T. ) ;
#89 = ORIENTED_EDGE ( 'NONE', *, *, #4199, .F. ) ;
#90 = DIRECTION ( 'NONE',  ( -0.0000000000000000000, -1.000000000000000000, -0.0000000000000000000 ) ) ;
#91 = LINE ( 'NONE', #1963, #1273 ) ;
#92 = CARTESIAN_POINT ( 'NONE',  ( -1.675000024437900192, 9.199999999999999289, 1.149999999999999911 ) ) ;
#93 = ORIENTED_EDGE ( 'NONE', *, *, #600, .T. ) ;
#94 = SURFACE_STYLE_USAGE ( .BOTH. , #670 ) ;
#95 = ADVANCED_FACE ( 'NONE', ( #3077 ), #2079, .T. ) ;
#96 = CARTESIAN_POINT ( 'NONE',  ( 5.099999975562099941, 9.199999999999999289, -6.938893903907229610E-17 ) ) ;
#97 = CARTESIAN_POINT ( 'NONE',  ( -2.300000024437899970, -4.799999999999999822, 1.149999999999999911 ) ) ;
#98 = EDGE_LOOP ( 'NONE', ( #3790, #1710, #2529, #305, #3938, #3069 ) ) ;
#99 = CIRCLE ( 'NONE', #2473, 0.3999999999999993006 ) ;
#100 = PLANE ( 'NONE',  #2689 ) ;
#101 = FACE_OUTER_BOUND ( 'NONE', #4171, .T. ) ;
#102 = AXIS2_PLACEMENT_3D ( 'NONE', #4022, #2443, #3699 ) ;
#103 = ORIENTED_EDGE ( 'NONE', *, *, #1444, .F. ) ;
#104 = DIRECTION ( 'NONE',  ( -2.822600910063960139E-16, 0.0000000000000000000, 1.000000000000000000 ) ) ;
#105 = LINE ( 'NONE', #148, #3913 ) ;
#106 = VECTOR ( 'NONE', #3990, 1000.000000000000114 ) ;
#107 = AXIS2_PLACEMENT_3D ( 'NONE', #3430, #3063, #2126 ) ;
#108 = CARTESIAN_POINT ( 'NONE',  ( -4.000000024437910362, 4.200000000000000178, -3.399999999999999911 ) ) ;
#109 = VECTOR ( 'NONE', #424, 1000.000000000000000 ) ;
#110 = ORIENTED_EDGE ( 'NONE', *, *, #4038, .F. ) ;
#111 = LINE ( 'NONE', #3061, #651 ) ;
#112 = VERTEX_POINT ( 'NONE', #2722 ) ;
#113 = VECTOR ( 'NONE', #284, 1000.000000000000000 ) ;
#114 = VERTEX_POINT ( 'NONE', #3057 ) ;
#115 = ADVANCED_FACE ( 'NONE', ( #191 ), #1773, .T. ) ;
#116 = DIRECTION ( 'NONE',  ( 0.0000000000000000000, 1.000000000000000000, -0.0000000000000000000 ) ) ;
#117 = CARTESIAN_POINT ( 'NONE',  ( -6.000000024437910362, 8.101009032218149386, -0.3249999957875560064 ) ) ;
#118 = LINE ( 'NONE', #1823, #3935 ) ;
#119 = ORIENTED_EDGE ( 'NONE', *, *, #3293, .T. ) ;
#120 = EDGE_CURVE ( 'NONE', #1438, #3727, #105, .T. ) ;
#121 = VECTOR ( 'NONE', #3223, 1000.000000000000000 ) ;
#122 = DIRECTION ( 'NONE',  ( 1.922962686383560119E-16, -0.5000000000000009992, -0.8660254037844380415 ) ) ;
#123 = DIRECTION ( 'NONE',  ( 2.220446049250310123E-16, 0.0000000000000000000, -1.000000000000000000 ) ) ;
#124 = DIRECTION ( 'NONE',  ( 0.0000000000000000000, 0.0000000000000000000, 1.000000000000000000 ) ) ;
#125 = AXIS2_PLACEMENT_3D ( 'NONE', #2237, #2583, #1631 ) ;
#126 = ORIENTED_EDGE ( 'NONE', *, *, #4203, .F. ) ;
#127 = ADVANCED_FACE ( 'NONE', ( #1493 ), #1411, .T. ) ;
#128 = DIRECTION ( 'NONE',  ( 0.5000000000000009992, -0.8660254037844380415, 0.0000000000000000000 ) ) ;
#129 = CARTESIAN_POINT ( 'NONE',  ( 2.299999975562100119, -4.540192378864669642, -1.449999999999999956 ) ) ;
#130 = ORIENTED_EDGE ( 'NONE', *, *, #247, .F. ) ;
#131 = DIRECTION ( 'NONE',  ( -1.000000000000000000, 0.0000000000000000000, 0.0000000000000000000 ) ) ;
#132 = ORIENTED_EDGE ( 'NONE', *, *, #3365, .F. ) ;
#133 = DIRECTION ( 'NONE',  ( 0.0000000000000000000, 0.3420201433256691015, -0.9396926207859083169 ) ) ;
#134 = UNCERTAINTY_MEASURE_WITH_UNIT (LENGTH_MEASURE( 1.000000000000000082E-05 ), #177, 'distance_accuracy_value', 'NONE');
#135 = LINE ( 'NONE', #2088, #596 ) ;
#136 = VERTEX_POINT ( 'NONE', #3681 ) ;
#137 = DIRECTION ( 'NONE',  ( -1.000000000000000000, 0.0000000000000000000, -0.0000000000000000000 ) ) ;
#138 = DIRECTION ( 'NONE',  ( 0.0000000000000000000, 0.0000000000000000000, -1.000000000000000000 ) ) ;
#139 = CARTESIAN_POINT ( 'NONE',  ( -2.300000024437910628, 4.200000000000000178, -0.6999999999999990674 ) ) ;
#140 = EDGE_CURVE ( 'NONE', #354, #2674, #1449, .T. ) ;
#141 = VERTEX_POINT ( 'NONE', #3725 ) ;
#142 = DIRECTION ( 'NONE',  ( 0.0000000000000000000, 1.000000000000000000, 0.0000000000000000000 ) ) ;
#143 = DIRECTION ( 'NONE',  ( 0.0000000000000000000, -1.000000000000000000, 0.0000000000000000000 ) ) ;
#144 = CARTESIAN_POINT ( 'NONE',  ( 4.699999975562099586, 8.101009032218147610, 0.3249999903142449797 ) ) ;
#145 = EDGE_CURVE ( 'NONE', #478, #860, #2357, .T. ) ;
#146 = ORIENTED_EDGE ( 'NONE', *, *, #589, .F. ) ;
#147 = LINE ( 'NONE', #1788, #444 ) ;
#148 = CARTESIAN_POINT ( 'NONE',  ( -1.675000024437900192, 9.199999999999999289, -0.9000000000000001332 ) ) ;
#149 = CARTESIAN_POINT ( 'NONE',  ( -5.350000024437900237, 1.889999999999999902, -0.1499999999999999944 ) ) ;
#150 = ADVANCED_FACE ( 'NONE', ( #168 ), #2783, .T. ) ;
#151 = ORIENTED_EDGE ( 'NONE', *, *, #879, .F. ) ;
#152 = LINE ( 'NONE', #2362, #920 ) ;
#153 = EDGE_LOOP ( 'NONE', ( #3765, #132, #222, #1560 ) ) ;
#154 = LINE ( 'NONE', #176, #1404 ) ;
#155 = CARTESIAN_POINT ( 'NONE',  ( -6.850000024437910007, 0.0000000000000000000, -3.399999999999999467 ) ) ;
#156 = EDGE_LOOP ( 'NONE', ( #1759, #1481, #4080, #3464 ) ) ;
#157 = CARTESIAN_POINT ( 'NONE',  ( -6.850000024437910007, 0.0000000000000000000, -2.999999999999999112 ) ) ;
#158 = DIRECTION ( 'NONE',  ( 0.0000000000000000000, -1.000000000000000000, 0.0000000000000000000 ) ) ;
#159 = CARTESIAN_POINT ( 'NONE',  ( -2.000000024437900148, 1.889999999999999902, -1.300000000000000044 ) ) ;
#160 = VERTEX_POINT ( 'NONE', #4067 ) ;
#161 = EDGE_CURVE ( 'NONE', #2795, #850, #826, .T. ) ;
#162 = CARTESIAN_POINT ( 'NONE',  ( -1.675000024437900192, 8.101009032218149386, 0.5000000000000000000 ) ) ;
#163 = CARTESIAN_POINT ( 'NONE',  ( 1.674999975562099896, 4.200000000000000178, -1.800000000000000266 ) ) ;
#164 = ORIENTED_EDGE ( 'NONE', *, *, #3176, .T. ) ;
#165 = MECHANICAL_DESIGN_GEOMETRIC_PRESENTATION_REPRESENTATION (  '', ( #1997 ), #2878 ) ;
#166 = ADVANCED_FACE ( 'NONE', ( #4087 ), #3664, .T. ) ;
#167 = CARTESIAN_POINT ( 'NONE',  ( 4.899999975562089993, -4.280384757729340350, 0.2999999999999999889 ) ) ;
#168 = FACE_OUTER_BOUND ( 'NONE', #4190, .T. ) ;
#169 =( NAMED_UNIT ( * ) PLANE_ANGLE_UNIT ( ) SI_UNIT ( $, .RADIAN. ) );
#170 = ORIENTED_EDGE ( 'NONE', *, *, #784, .T. ) ;
#171 = EDGE_CURVE ( 'NONE', #2035, #175, #3339, .T. ) ;
#172 = VECTOR ( 'NONE', #245, 1000.000000000000000 ) ;
#173 = DIRECTION ( 'NONE',  ( 0.0000000000000000000, 0.0000000000000000000, -1.000000000000000000 ) ) ;
#174 = VECTOR ( 'NONE', #1848, 1000.000000000000000 ) ;
#175 = VERTEX_POINT ( 'NONE', #3010 ) ;
#176 = CARTESIAN_POINT ( 'NONE',  ( 1.999999975562100074, -4.799999999999999822, -1.300000000000000266 ) ) ;
#177 =( LENGTH_UNIT ( ) NAMED_UNIT ( * ) SI_UNIT ( .MILLI., .METRE. ) );
#178 = AXIS2_PLACEMENT_3D ( 'NONE', #657, #1975, #2660 ) ;
#179 = AXIS2_PLACEMENT_3D ( 'NONE', #2877, #2311, #4204 ) ;
#180 = ORIENTED_EDGE ( 'NONE', *, *, #840, .T. ) ;
#181 = ADVANCED_FACE ( 'NONE', ( #4002 ), #2196, .F. ) ;
#182 = DIRECTION ( 'NONE',  ( -1.000000000000000000, -0.0000000000000000000, 1.441848083928770031E-16 ) ) ;
#183 = DIRECTION ( 'NONE',  ( 0.3420201433256684354, 0.9396926207859085389, 0.0000000000000000000 ) ) ;
#184 = ORIENTED_EDGE ( 'NONE', *, *, #2971, .T. ) ;
#185 = PLANE ( 'NONE',  #3711 ) ;
#186 = LINE ( 'NONE', #2780, #4174 ) ;
#187 = CARTESIAN_POINT ( 'NONE',  ( -2.443790392270270082E-08, 0.0000000000000000000, -3.000000000000000000 ) ) ;
#188 = ORIENTED_EDGE ( 'NONE', *, *, #1026, .F. ) ;
#189 = VECTOR ( 'NONE', #3526, 1000.000000000000000 ) ;
#190 =( LENGTH_UNIT ( ) NAMED_UNIT ( * ) SI_UNIT ( .MILLI., .METRE. ) );
#191 = FACE_OUTER_BOUND ( 'NONE', #3551, .T. ) ;
#192 = FILL_AREA_STYLE_COLOUR ( '', #3833 ) ;
#193 = AXIS2_PLACEMENT_3D ( 'NONE', #1479, #3085, #1757 ) ;
#194 = EDGE_CURVE ( 'NONE', #2947, #1366, #250, .T. ) ;
#195 = ORIENTED_EDGE ( 'NONE', *, *, #1187, .T. ) ;
#196 =( GEOMETRIC_REPRESENTATION_CONTEXT ( 3 ) GLOBAL_UNCERTAINTY_ASSIGNED_CONTEXT ( ( #1756 ) ) GLOBAL_UNIT_ASSIGNED_CONTEXT ( ( #1698, #2308, #1330 ) ) REPRESENTATION_CONTEXT ( 'NONE', 'WORKASPACE' ) );
#197 = LINE ( 'NONE', #3985, #1678 ) ;
#198 = ORIENTED_EDGE ( 'NONE', *, *, #4069, .F. ) ;
#199 = CARTESIAN_POINT ( 'NONE',  ( -1.675000024437900192, 4.200000000000000178, -1.800000000000000266 ) ) ;
#200 = ADVANCED_FACE ( 'NONE', ( #1555 ), #4126, .T. ) ;
#201 = ORIENTED_EDGE ( 'NONE', *, *, #1766, .F. ) ;
#202 = ORIENTED_EDGE ( 'NONE', *, *, #3270, .T. ) ;
#203 = DIRECTION ( 'NONE',  ( -0.5000000000000145439, 0.8660254037844301589, 0.0000000000000000000 ) ) ;
#204 = EDGE_CURVE ( 'NONE', #428, #3234, #2524, .T. ) ;
#205 = ORIENTED_EDGE ( 'NONE', *, *, #2875, .F. ) ;
#206 = FACE_BOUND ( 'NONE', #3722, .T. ) ;
#207 = LINE ( 'NONE', #2798, #2345 ) ;
#208 = LINE ( 'NONE', #821, #1482 ) ;
#209 = VERTEX_POINT ( 'NONE', #932 ) ;
#210 = CARTESIAN_POINT ( 'NONE',  ( 1.674999975562099896, 4.200000000000000178, -1.149999999999999911 ) ) ;
#211 = CARTESIAN_POINT ( 'NONE',  ( 5.349999975562099941, 1.889999999999999902, 0.0000000000000000000 ) ) ;
#212 = ORIENTED_EDGE ( 'NONE', *, *, #1575, .F. ) ;
#213 = CARTESIAN_POINT ( 'NONE',  ( -2.399999999999999911, 11.00000000000000000, 2.500000000000000000 ) ) ;
#214 = VERTEX_POINT ( 'NONE', #3186 ) ;
#215 = EDGE_CURVE ( 'NONE', #3618, #4015, #4103, .T. ) ;
#216 = DIRECTION ( 'NONE',  ( 0.3420201433256755963, 0.9396926207859057634, 0.0000000000000000000 ) ) ;
#217 =( NAMED_UNIT ( * ) PLANE_ANGLE_UNIT ( ) SI_UNIT ( $, .RADIAN. ) );
#218 = ORIENTED_EDGE ( 'NONE', *, *, #2532, .T. ) ;
#219 = SURFACE_STYLE_USAGE ( .BOTH. , #2793 ) ;
#220 = ADVANCED_FACE ( 'NONE', ( #608 ), #906, .T. ) ;
#221 = CARTESIAN_POINT ( 'NONE',  ( 2.324999975562100030, 9.199999999999999289, 0.8999999999999998002 ) ) ;
#222 = ORIENTED_EDGE ( 'NONE', *, *, #1444, .T. ) ;
#223 = EDGE_CURVE ( 'NONE', #923, #1529, #1869, .T. ) ;
#224 = DIRECTION ( 'NONE',  ( 0.0000000000000000000, -1.000000000000000000, 0.0000000000000000000 ) ) ;
#225 = CARTESIAN_POINT ( 'NONE',  ( 1.674999975562099896, 4.200000000000000178, 0.5000000000000000000 ) ) ;
#226 = EDGE_LOOP ( 'NONE', ( #1839, #1676 ) ) ;
#227 = EDGE_CURVE ( 'NONE', #112, #452, #887, .T. ) ;
#228 = CARTESIAN_POINT ( 'NONE',  ( -6.850000024437910007, -4.304288914942318686E-17, -3.234314575050760698 ) ) ;
#229 = EDGE_LOOP ( 'NONE', ( #2710, #4176, #4024, #1172, #1486, #324 ) ) ;
#230 = DIRECTION ( 'NONE',  ( 0.0000000000000000000, 0.0000000000000000000, -1.000000000000000000 ) ) ;
#231 = ORIENTED_EDGE ( 'NONE', *, *, #1092, .F. ) ;
#232 = DIRECTION ( 'NONE',  ( -0.0000000000000000000, 1.000000000000000000, 0.0000000000000000000 ) ) ;
#233 = LINE ( 'NONE', #2808, #4003 ) ;
#234 = VECTOR ( 'NONE', #999, 1000.000000000000000 ) ;
#235 = VECTOR ( 'NONE', #3123, 1000.000000000000000 ) ;
#236 = ORIENTED_EDGE ( 'NONE', *, *, #1215, .F. ) ;
#237 = FACE_OUTER_BOUND ( 'NONE', #2696, .T. ) ;
#238 = VECTOR ( 'NONE', #982, 1000.000000000000000 ) ;
#239 = AXIS2_PLACEMENT_3D ( 'NONE', #1923, #3220, #2587 ) ;
#240 = CYLINDRICAL_SURFACE ( 'NONE', #668, 0.1499999999999999667 ) ;
#241 = EDGE_CURVE ( 'NONE', #2881, #956, #3507, .T. ) ;
#242 = ORIENTED_EDGE ( 'NONE', *, *, #3701, .T. ) ;
#243 = CIRCLE ( 'NONE', #4052, 0.1499999999999999667 ) ;
#244 = CARTESIAN_POINT ( 'NONE',  ( 1.999999975562100074, 9.199999999999999289, -1.149999999999999911 ) ) ;
#245 = DIRECTION ( 'NONE',  ( 0.0000000000000000000, 1.000000000000000000, 0.0000000000000000000 ) ) ;
#246 = CARTESIAN_POINT ( 'NONE',  ( 1.999999975562100074, 4.200000000000000178, 1.600000000000000089 ) ) ;
#247 = EDGE_CURVE ( 'NONE', #47, #830, #2140, .T. ) ;
#248 = ORIENTED_EDGE ( 'NONE', *, *, #1500, .T. ) ;
#249 = PRESENTATION_LAYER_ASSIGNMENT (  '', '', ( #586 ) ) ;
#250 = LINE ( 'NONE', #2161, #235 ) ;
#251 =( NAMED_UNIT ( * ) SI_UNIT ( $, .STERADIAN. ) SOLID_ANGLE_UNIT ( ) );
#252 = ADVANCED_FACE ( 'NONE', ( #1573 ), #1910, .T. ) ;
#253 = AXIS2_PLACEMENT_3D ( 'NONE', #3877, #635, #2915 ) ;
#254 = ORIENTED_EDGE ( 'NONE', *, *, #1791, .T. ) ;
#255 = CARTESIAN_POINT ( 'NONE',  ( -2.300000024437907964, -4.800000000000000711, -0.9999999999999986677 ) ) ;
#256 = ORIENTED_EDGE ( 'NONE', *, *, #1992, .T. ) ;
#257 = VECTOR ( 'NONE', #834, 1000.000000000000000 ) ;
#258 = DIRECTION ( 'NONE',  ( -1.000000000000000000, 0.0000000000000000000, -0.0000000000000000000 ) ) ;
#259 = STYLED_ITEM ( 'NONE', ( #3267 ), #4041 ) ;
#260 = ORIENTED_EDGE ( 'NONE', *, *, #1842, .T. ) ;
#261 = DIRECTION ( 'NONE',  ( -0.0000000000000000000, -0.0000000000000000000, 1.000000000000000000 ) ) ;
#262 = PLANE ( 'NONE',  #735 ) ;
#263 = EDGE_LOOP ( 'NONE', ( #1463, #856, #896, #2585 ) ) ;
#264 = DIRECTION ( 'NONE',  ( -0.0000000000000000000, -0.0000000000000000000, 1.000000000000000000 ) ) ;
#265 = DIRECTION ( 'NONE',  ( -0.0000000000000000000, 1.000000000000000000, 0.0000000000000000000 ) ) ;
#266 = EDGE_CURVE ( 'NONE', #3143, #2123, #1867, .T. ) ;
#267 = CARTESIAN_POINT ( 'NONE',  ( 6.949999975562099586, 4.200000000000000178, -2.499999999999999556 ) ) ;
#268 = DIRECTION ( 'NONE',  ( 1.000000000000000000, -0.0000000000000000000, 0.0000000000000000000 ) ) ;
#269 = EDGE_LOOP ( 'NONE', ( #2994, #392, #1249, #1251 ) ) ;
#270 = DIRECTION ( 'NONE',  ( 0.0000000000000000000, -1.000000000000000000, 0.0000000000000000000 ) ) ;
#271 = EDGE_CURVE ( 'NONE', #980, #2064, #3529, .T. ) ;
#272 = CYLINDRICAL_SURFACE ( 'NONE', #1868, 0.1499999999999999944 ) ;
#273 = ORIENTED_EDGE ( 'NONE', *, *, #2616, .F. ) ;
#274 = CARTESIAN_POINT ( 'NONE',  ( 5.499999975562100296, -4.800000000000000711, 0.3000000000000000444 ) ) ;
#275 = VERTEX_POINT ( 'NONE', #1591 ) ;
#276 = PLANE ( 'NONE',  #3768 ) ;
#277 = CARTESIAN_POINT ( 'NONE',  ( -2.000000024437909918, 4.200000000000000178, 1.000000000000000000 ) ) ;
#278 = VERTEX_POINT ( 'NONE', #843 ) ;
#279 = ORIENTED_EDGE ( 'NONE', *, *, #1889, .T. ) ;
#280 = CARTESIAN_POINT ( 'NONE',  ( -6.950000024437909651, 0.0000000000000000000, -2.500000000000000000 ) ) ;
#281 = EDGE_CURVE ( 'NONE', #1670, #3679, #1166, .T. ) ;
#282 = FACE_OUTER_BOUND ( 'NONE', #694, .T. ) ;
#283 = EDGE_LOOP ( 'NONE', ( #1597, #3593, #2186, #4048, #1515, #3512, #3413, #248, #3088, #545 ) ) ;
#284 = DIRECTION ( 'NONE',  ( 0.0000000000000000000, -0.0000000000000000000, -1.000000000000000000 ) ) ;
#285 = CARTESIAN_POINT ( 'NONE',  ( -5.800000024437910184, -4.800000000000000711, -0.2999999999999999889 ) ) ;
#286 = LINE ( 'NONE', #2158, #1257 ) ;
#287 = CARTESIAN_POINT ( 'NONE',  ( 1.699999975562097587, -4.800000000000000711, -1.300000000000000266 ) ) ;
#288 = VERTEX_POINT ( 'NONE', #561 ) ;
#289 = ADVANCED_FACE ( 'NONE', ( #1513 ), #3784, .T. ) ;
#290 = DIRECTION ( 'NONE',  ( -0.0000000000000000000, -0.0000000000000000000, -1.000000000000000000 ) ) ;
#291 = ADVANCED_FACE ( 'NONE', ( #1661 ), #1367, .F. ) ;
#292 = EDGE_LOOP ( 'NONE', ( #930, #3987, #1375, #1520 ) ) ;
#293 = FACE_BOUND ( 'NONE', #590, .T. ) ;
#294 = ORIENTED_EDGE ( 'NONE', *, *, #3400, .T. ) ;
#295 = DIRECTION ( 'NONE',  ( 0.0000000000000000000, -0.0000000000000000000, 1.000000000000000000 ) ) ;
#296 = DIRECTION ( 'NONE',  ( 2.220446049250310123E-16, 0.0000000000000000000, -1.000000000000000000 ) ) ;
#297 = ADVANCED_FACE ( 'NONE', ( #3870 ), #2657, .T. ) ;
#298 = ORIENTED_EDGE ( 'NONE', *, *, #900, .F. ) ;
#299 = VERTEX_POINT ( 'NONE', #1927 ) ;
#300 = VECTOR ( 'NONE', #1348, 1000.000000000000000 ) ;
#301 = CARTESIAN_POINT ( 'NONE',  ( 2.299999975562100119, 4.200000000000000178, -1.599999999999999867 ) ) ;
#302 = DIRECTION ( 'NONE',  ( 0.0000000000000000000, -1.000000000000000000, 0.0000000000000000000 ) ) ;
#303 = CLOSED_SHELL ( 'NONE', ( #1318, #3601, #953, #1030, #3137, #3071, #3952, #200 ) ) ;
#304 = ADVANCED_FACE ( 'NONE', ( #20 ), #1038, .T. ) ;
#305 = ORIENTED_EDGE ( 'NONE', *, *, #1379, .T. ) ;
#306 = CARTESIAN_POINT ( 'NONE',  ( 5.099999975562099053, 9.199999999999999289, -0.3250000000000000666 ) ) ;
#307 = AXIS2_PLACEMENT_3D ( 'NONE', #3182, #2859, #1510 ) ;
#308 = CIRCLE ( 'NONE', #179, 0.4000000000000001887 ) ;
#309 = CARTESIAN_POINT ( 'NONE',  ( -2.150000024437900059, -4.540192378864669642, 0.8500000000000010880 ) ) ;
#310 = CARTESIAN_POINT ( 'NONE',  ( 1.999999975562100074, 4.200000000000000178, 1.149999999999999911 ) ) ;
#311 = DIRECTION ( 'NONE',  ( 1.000000000000000000, -0.0000000000000000000, -3.535742116640630070E-17 ) ) ;
#312 = VERTEX_POINT ( 'NONE', #3616 ) ;
#313 = DIRECTION ( 'NONE',  ( 0.0000000000000000000, 1.000000000000000000, 0.0000000000000000000 ) ) ;
#314 = VECTOR ( 'NONE', #3522, 1000.000000000000000 ) ;
#315 = AXIS2_PLACEMENT_3D ( 'NONE', #962, #1195, #2854 ) ;
#316 = ORIENTED_EDGE ( 'NONE', *, *, #3787, .F. ) ;
#317 = DIRECTION ( 'NONE',  ( 1.000000000000000000, -0.0000000000000000000, 0.0000000000000000000 ) ) ;
#318 = ORIENTED_EDGE ( 'NONE', *, *, #204, .F. ) ;
#319 = PLANE ( 'NONE',  #2612 ) ;
#320 = ADVANCED_FACE ( 'NONE', ( #2267 ), #2333, .T. ) ;
#321 = DIRECTION ( 'NONE',  ( 0.0000000000000000000, 0.0000000000000000000, 1.000000000000000000 ) ) ;
#322 = VECTOR ( 'NONE', #2534, 1000.000000000000000 ) ;
#323 = EDGE_LOOP ( 'NONE', ( #3957, #2340, #3335, #2814 ) ) ;
#324 = ORIENTED_EDGE ( 'NONE', *, *, #2085, .F. ) ;
#325 = LINE ( 'NONE', #1696, #238 ) ;
#326 = CARTESIAN_POINT ( 'NONE',  ( 5.799999975562100119, -4.800000000000000711, 0.2999999999999999889 ) ) ;
#327 = ADVANCED_FACE ( 'NONE', ( #399 ), #3254, .F. ) ;
#328 = LINE ( 'NONE', #1031, #2574 ) ;
#329 = PRESENTATION_LAYER_ASSIGNMENT (  '', '', ( #259 ) ) ;
#330 = ORIENTED_EDGE ( 'NONE', *, *, #457, .F. ) ;
#331 = DIRECTION ( 'NONE',  ( 0.0000000000000000000, 0.0000000000000000000, 1.000000000000000000 ) ) ;
#332 = EDGE_CURVE ( 'NONE', #555, #761, #3914, .T. ) ;
#333 = CYLINDRICAL_SURFACE ( 'NONE', #3437, 0.1499999999999999667 ) ;
#334 = DIRECTION ( 'NONE',  ( 0.0000000000000000000, -0.9396926207859085389, -0.3420201433256683243 ) ) ;
#335 = ORIENTED_EDGE ( 'NONE', *, *, #2616, .T. ) ;
#336 = CARTESIAN_POINT ( 'NONE',  ( -7.850000024437909119, 0.0000000000000000000, -3.399999999999999911 ) ) ;
#337 = DIRECTION ( 'NONE',  ( 1.000000000000000000, 0.0000000000000000000, 2.220446049250310123E-16 ) ) ;
#338 = EDGE_LOOP ( 'NONE', ( #2575, #1595, #1004, #817, #1971, #218, #2095, #236 ) ) ;
#339 = CARTESIAN_POINT ( 'NONE',  ( 5.799999975562100119, 4.200000000000000178, -0.2999999999999999889 ) ) ;
#340 = ORIENTED_EDGE ( 'NONE', *, *, #3544, .F. ) ;
#341 = LINE ( 'NONE', #1977, #1731 ) ;
#342 = CARTESIAN_POINT ( 'NONE',  ( 3.999999975562099408, 4.200000000000000178, -2.500000000000000000 ) ) ;
#343 = VERTEX_POINT ( 'NONE', #3634 ) ;
#344 = ORIENTED_EDGE ( 'NONE', *, *, #3716, .T. ) ;
#345 = EDGE_CURVE ( 'NONE', #761, #3280, #1972, .T. ) ;
#346 = CARTESIAN_POINT ( 'NONE',  ( -1.675000024437900192, 4.200000000000000178, 1.800000000000000266 ) ) ;
#347 = DIRECTION ( 'NONE',  ( 4.270088556250600220E-16, 0.0000000000000000000, -1.000000000000000000 ) ) ;
#348 = ORIENTED_EDGE ( 'NONE', *, *, #3661, .F. ) ;
#349 = EDGE_CURVE ( 'NONE', #1452, #2970, #3276, .T. ) ;
#350 = PRESENTATION_STYLE_ASSIGNMENT (( #94 ) ) ;
#351 = DIRECTION ( 'NONE',  ( 0.0000000000000000000, 0.9396926207859085389, 0.3420201433256684354 ) ) ;
#352 = DIRECTION ( 'NONE',  ( 1.000000000000000000, 0.0000000000000000000, 2.220446049250310123E-16 ) ) ;
#353 = PLANE ( 'NONE',  #866 ) ;
#354 = VERTEX_POINT ( 'NONE', #2294 ) ;
#355 = EDGE_CURVE ( 'NONE', #278, #3618, #1295, .T. ) ;
#356 = CARTESIAN_POINT ( 'NONE',  ( 2.324999975562100030, 4.200000000000000178, -1.800000000000000266 ) ) ;
#357 = FILL_AREA_STYLE ('',( #3277 ) ) ;
#358 = EDGE_CURVE ( 'NONE', #2759, #3143, #2246, .T. ) ;
#359 = ORIENTED_EDGE ( 'NONE', *, *, #2750, .T. ) ;
#360 = DIRECTION ( 'NONE',  ( 0.0000000000000000000, -0.0000000000000000000, 1.000000000000000000 ) ) ;
#361 = ORIENTED_EDGE ( 'NONE', *, *, #2571, .T. ) ;
#362 = FACE_OUTER_BOUND ( 'NONE', #1865, .T. ) ;
#363 = DIRECTION ( 'NONE',  ( -1.000000000000000000, 0.0000000000000000000, 0.0000000000000000000 ) ) ;
#364 = ORIENTED_EDGE ( 'NONE', *, *, #2254, .F. ) ;
#365 = CARTESIAN_POINT ( 'NONE',  ( -1.675000024437900192, 4.200000000000000178, 0.5000000000000000000 ) ) ;
#366 = CARTESIAN_POINT ( 'NONE',  ( -2.325000024437899881, 8.101009032218147610, -1.800000000000001599 ) ) ;
#367 = VECTOR ( 'NONE', #2182, 1000.000000000000000 ) ;
#368 = ORIENTED_EDGE ( 'NONE', *, *, #707, .T. ) ;
#369 =( LENGTH_UNIT ( ) NAMED_UNIT ( * ) SI_UNIT ( .MILLI., .METRE. ) );
#370 = FACE_OUTER_BOUND ( 'NONE', #3135, .T. ) ;
#371 = COLOUR_RGB ( '',0.9529411764705881804, 0.8980392156862745390, 0.6549019607843137303 ) ;
#372 = DIRECTION ( 'NONE',  ( 0.0000000000000000000, -1.000000000000000000, 0.0000000000000000000 ) ) ;
#373 = DIRECTION ( 'NONE',  ( 0.0000000000000000000, -0.0000000000000000000, 1.000000000000000000 ) ) ;
#374 = EDGE_CURVE ( 'NONE', #511, #592, #2592, .T. ) ;
#375 = ORIENTED_EDGE ( 'NONE', *, *, #2850, .F. ) ;
#376 = CLOSED_SHELL ( 'NONE', ( #1398, #1659, #3580, #477, #638, #1837, #4150, #2438 ) ) ;
#377 = LINE ( 'NONE', #3635, #3912 ) ;
#378 = EDGE_CURVE ( 'NONE', #3383, #2953, #849, .T. ) ;
#379 = VECTOR ( 'NONE', #1234, 1000.000000000000000 ) ;
#380 = AXIS2_PLACEMENT_3D ( 'NONE', #2050, #142, #4060 ) ;
#381 = ORIENTED_EDGE ( 'NONE', *, *, #976, .T. ) ;
#382 = CYLINDRICAL_SURFACE ( 'NONE', #2693, 0.1499999999999999667 ) ;
#383 = DIRECTION ( 'NONE',  ( -1.000000000000000000, -0.0000000000000000000, 0.0000000000000000000 ) ) ;
#384 = CARTESIAN_POINT ( 'NONE',  ( -2.000000024437909918, 4.200000000000000178, 1.149999999999999911 ) ) ;
#385 = EDGE_CURVE ( 'NONE', #1998, #2791, #2990, .T. ) ;
#386 = STYLED_ITEM ( 'NONE', ( #3542 ), #2664 ) ;
#387 = EDGE_LOOP ( 'NONE', ( #2914, #1259, #663, #1434 ) ) ;
#388 = LINE ( 'NONE', #2025, #1542 ) ;
#389 = PLANE ( 'NONE',  #588 ) ;
#390 = CARTESIAN_POINT ( 'NONE',  ( 1.674999975562099896, 4.200000000000000178, -0.5000000000000000000 ) ) ;
#391 = AXIS2_PLACEMENT_3D ( 'NONE', #3331, #983, #3584 ) ;
#392 = ORIENTED_EDGE ( 'NONE', *, *, #4183, .F. ) ;
#393 = AXIS2_PLACEMENT_3D ( 'NONE', #3175, #599, #1240 ) ;
#394 = DIRECTION ( 'NONE',  ( -0.0000000000000000000, -0.0000000000000000000, -1.000000000000000000 ) ) ;
#395 = DIRECTION ( 'NONE',  ( 0.0000000000000000000, 0.0000000000000000000, -1.000000000000000000 ) ) ;
#396 = ORIENTED_EDGE ( 'NONE', *, *, #432, .T. ) ;
#397 = VECTOR ( 'NONE', #3930, 1000.000000000000000 ) ;
#398 = ADVANCED_FACE ( 'NONE', ( #2073 ), #1093, .F. ) ;
#399 = FACE_OUTER_BOUND ( 'NONE', #2556, .T. ) ;
#400 = FILL_AREA_STYLE_COLOUR ( '', #1671 ) ;
#401 = ADVANCED_FACE ( 'NONE', ( #2372 ), #435, .T. ) ;
#402 = CARTESIAN_POINT ( 'NONE',  ( 7.449999975562100474, 5.421010862427522170E-17, 2.751471862576143845 ) ) ;
#403 = CARTESIAN_POINT ( 'NONE',  ( -4.700000024437909651, 4.200000000000000178, -0.3249999957875560064 ) ) ;
#404 = DIRECTION ( 'NONE',  ( -2.220446049250310123E-16, 0.0000000000000000000, 1.000000000000000000 ) ) ;
#405 = VERTEX_POINT ( 'NONE', #459 ) ;
#406 = EDGE_CURVE ( 'NONE', #405, #3346, #800, .T. ) ;
#407 = DIRECTION ( 'NONE',  ( -0.0000000000000000000, -1.000000000000000000, 0.0000000000000000000 ) ) ;
#408 = PLANE ( 'NONE',  #391 ) ;
#409 = PRESENTATION_STYLE_ASSIGNMENT (( #471 ) ) ;
#410 = VERTEX_POINT ( 'NONE', #1426 ) ;
#411 = EDGE_CURVE ( 'NONE', #2331, #2881, #2392, .T. ) ;
#412 = DIRECTION ( 'NONE',  ( 0.3420201433256691015, 0.9396926207859083169, -0.0000000000000000000 ) ) ;
#413 = CARTESIAN_POINT ( 'NONE',  ( -2.300000024437910628, -4.800000000000000711, -0.9999999999999988898 ) ) ;
#414 = CARTESIAN_POINT ( 'NONE',  ( -2.162500024437899793, 9.199999999999999289, -0.8999999999999983569 ) ) ;
#415 = ORIENTED_EDGE ( 'NONE', *, *, #496, .T. ) ;
#416 = FACE_OUTER_BOUND ( 'NONE', #3389, .T. ) ;
#417 = FACE_OUTER_BOUND ( 'NONE', #3657, .T. ) ;
#418 = ORIENTED_EDGE ( 'NONE', *, *, #1639, .T. ) ;
#419 = DIRECTION ( 'NONE',  ( -0.0000000000000000000, 1.000000000000000000, 0.0000000000000000000 ) ) ;
#420 = CARTESIAN_POINT ( 'NONE',  ( 2.299999975562100119, 4.200000000000000178, 1.600000000000000089 ) ) ;
#421 = CARTESIAN_POINT ( 'NONE',  ( 7.449999975562099586, 0.0000000000000000000, -2.399999999999999467 ) ) ;
#422 = ADVANCED_FACE ( 'NONE', ( #1767 ), #3006, .T. ) ;
#423 = EDGE_LOOP ( 'NONE', ( #2304, #1937, #1563, #1138, #1235, #1024, #1241, #2172 ) ) ;
#424 = DIRECTION ( 'NONE',  ( -0.0000000000000000000, -1.000000000000000000, 0.0000000000000000000 ) ) ;
#425 = CARTESIAN_POINT ( 'NONE',  ( -1.675000024437900192, 4.200000000000000178, -1.800000000000000266 ) ) ;
#426 = DIRECTION ( 'NONE',  ( 0.0000000000000000000, 1.000000000000000000, 0.0000000000000000000 ) ) ;
#427 = EDGE_CURVE ( 'NONE', #786, #2249, #2437, .T. ) ;
#428 = VERTEX_POINT ( 'NONE', #3030 ) ;
#429 = SURFACE_STYLE_FILL_AREA ( #3347 ) ;
#430 = DIRECTION ( 'NONE',  ( 0.0000000000000000000, 0.0000000000000000000, -1.000000000000000000 ) ) ;
#431 = FACE_OUTER_BOUND ( 'NONE', #283, .T. ) ;
#432 = EDGE_CURVE ( 'NONE', #3984, #4089, #2415, .T. ) ;
#433 = VERTEX_POINT ( 'NONE', #3336 ) ;
#434 = VECTOR ( 'NONE', #1708, 1000.000000000000000 ) ;
#435 = PLANE ( 'NONE',  #2959 ) ;
#436 = CARTESIAN_POINT ( 'NONE',  ( -1.700000024437900104, 4.200000000000000178, 0.7000000000000009548 ) ) ;
#437 = LINE ( 'NONE', #187, #2832 ) ;
#438 = AXIS2_PLACEMENT_3D ( 'NONE', #436, #3695, #123 ) ;
#439 = ORIENTED_EDGE ( 'NONE', *, *, #3275, .T. ) ;
#440 = CARTESIAN_POINT ( 'NONE',  ( 7.338730138341291287, -4.050590784877329735E-16, 3.234314575050763807 ) ) ;
#441 = DIRECTION ( 'NONE',  ( 0.0000000000000000000, 1.000000000000000000, 0.0000000000000000000 ) ) ;
#442 = VECTOR ( 'NONE', #4108, 1000.000000000000000 ) ;
#443 = DIRECTION ( 'NONE',  ( 0.0000000000000000000, 0.9396926207859083169, 0.3420201433256691015 ) ) ;
#444 = VECTOR ( 'NONE', #3056, 1000.000000000000000 ) ;
#445 = ORIENTED_EDGE ( 'NONE', *, *, #3889, .F. ) ;
#446 = CARTESIAN_POINT ( 'NONE',  ( 7.201471838138242987, 5.421010862427522170E-17, 3.000000000000000000 ) ) ;
#447 = VERTEX_POINT ( 'NONE', #3974 ) ;
#448 = EDGE_CURVE ( 'NONE', #114, #428, #3094, .T. ) ;
#449 = PLANE ( 'NONE',  #1866 ) ;
#450 = PRESENTATION_LAYER_ASSIGNMENT (  '', '', ( #1196 ) ) ;
#451 = SURFACE_SIDE_STYLE ('',( #2386 ) ) ;
#452 = VERTEX_POINT ( 'NONE', #3351 ) ;
#453 = LINE ( 'NONE', #750, #3228 ) ;
#454 = PLANE ( 'NONE',  #2638 ) ;
#455 = VECTOR ( 'NONE', #3678, 1000.000000000000000 ) ;
#456 = ORIENTED_EDGE ( 'NONE', *, *, #69, .T. ) ;
#457 = EDGE_CURVE ( 'NONE', #944, #2287, #2733, .T. ) ;
#458 = AXIS2_PLACEMENT_3D ( 'NONE', #17, #2945, #994 ) ;
#459 = CARTESIAN_POINT ( 'NONE',  ( 1.699999975562100030, -4.800000000000000711, 0.9999999999999986677 ) ) ;
#460 = DIRECTION ( 'NONE',  ( 0.0000000000000000000, -1.000000000000000000, 0.0000000000000000000 ) ) ;
#461 = DIRECTION ( 'NONE',  ( 0.0000000000000000000, 0.0000000000000000000, 1.000000000000000000 ) ) ;
#462 = AXIS2_PLACEMENT_3D ( 'NONE', #2627, #1286, #2603 ) ;
#463 = VERTEX_POINT ( 'NONE', #4016 ) ;
#464 = LINE ( 'NONE', #3405, #2010 ) ;
#465 = LINE ( 'NONE', #806, #1675 ) ;
#466 = CARTESIAN_POINT ( 'NONE',  ( 7.449999975562100474, 0.0000000000000000000, 2.399999999999999467 ) ) ;
#467 = VERTEX_POINT ( 'NONE', #3694 ) ;
#468 = CARTESIAN_POINT ( 'NONE',  ( 6.849999975562099941, 0.0000000000000000000, 2.399999999999999911 ) ) ;
#469 = VERTEX_POINT ( 'NONE', #3417 ) ;
#470 = FACE_OUTER_BOUND ( 'NONE', #2270, .T. ) ;
#471 = SURFACE_STYLE_USAGE ( .BOTH. , #3688 ) ;
#472 = ADVANCED_FACE ( 'NONE', ( #4034 ), #479, .T. ) ;
#473 = ORIENTED_EDGE ( 'NONE', *, *, #3498, .T. ) ;
#474 = CARTESIAN_POINT ( 'NONE',  ( -7.450000024437909651, 0.0000000000000000000, -2.751471862576142069 ) ) ;
#475 = CYLINDRICAL_SURFACE ( 'NONE', #1118, 0.1499999999999999667 ) ;
#476 = DIRECTION ( 'NONE',  ( -1.000000000000000000, 0.0000000000000000000, -2.220446049250310123E-16 ) ) ;
#477 = ADVANCED_FACE ( 'NONE', ( #84 ), #3718, .T. ) ;
#478 = VERTEX_POINT ( 'NONE', #3659 ) ;
#479 = PLANE ( 'NONE',  #3642 ) ;
#480 = DIRECTION ( 'NONE',  ( -0.0000000000000000000, -0.8660254037844380415, 0.5000000000000009992 ) ) ;
#481 = CARTESIAN_POINT ( 'NONE',  ( -1.675000024437900192, 4.200000000000000178, -1.800000000000000266 ) ) ;
#482 = ADVANCED_FACE ( 'NONE', ( #416 ), #100, .T. ) ;
#483 = EDGE_LOOP ( 'NONE', ( #3162, #3065, #2773, #3772 ) ) ;
#484 = CARTESIAN_POINT ( 'NONE',  ( -5.800000024437910184, 4.200000000000000178, 0.2999999999999999889 ) ) ;
#485 = LINE ( 'NONE', #3356, #2685 ) ;
#486 = DIRECTION ( 'NONE',  ( 0.0000000000000000000, -0.0000000000000000000, 1.000000000000000000 ) ) ;
#487 = ORIENTED_EDGE ( 'NONE', *, *, #512, .T. ) ;
#488 = CARTESIAN_POINT ( 'NONE',  ( -6.000000024437910362, 4.200000000000000178, -0.3249999957875560064 ) ) ;
#489 = ORIENTED_EDGE ( 'NONE', *, *, #2871, .T. ) ;
#490 = DIRECTION ( 'NONE',  ( -0.3420201433256691015, 0.9396926207859083169, 0.0000000000000000000 ) ) ;
#491 = VERTEX_POINT ( 'NONE', #1526 ) ;
#492 = CARTESIAN_POINT ( 'NONE',  ( -1.675000024437900192, 8.101009032218149386, 0.4999999999999989453 ) ) ;
#493 = LINE ( 'NONE', #159, #1695 ) ;
#494 = ORIENTED_EDGE ( 'NONE', *, *, #2862, .F. ) ;
#495 = CARTESIAN_POINT ( 'NONE',  ( -2.000000024437900148, 1.889999999999999902, -1.149999999999999911 ) ) ;
#496 = EDGE_CURVE ( 'NONE', #1218, #1547, #3758, .T. ) ;
#497 = CARTESIAN_POINT ( 'NONE',  ( 2.299999975562100119, -4.800000000000000711, 1.300000000000000266 ) ) ;
#498 = CARTESIAN_POINT ( 'NONE',  ( 6.949999975562099586, 0.0000000000000000000, 2.500000000000000000 ) ) ;
#499 = ORIENTED_EDGE ( 'NONE', *, *, #1505, .T. ) ;
#500 = PRESENTATION_LAYER_ASSIGNMENT (  '', '', ( #1997 ) ) ;
#501 =( NAMED_UNIT ( * ) SI_UNIT ( $, .STERADIAN. ) SOLID_ANGLE_UNIT ( ) );
#502 = DIRECTION ( 'NONE',  ( -1.000000000000000000, 9.614813431917820315E-17, -1.665334536937730373E-16 ) ) ;
#503 = EDGE_CURVE ( 'NONE', #1998, #1847, #883, .T. ) ;
#504 = LINE ( 'NONE', #108, #3152 ) ;
#505 = VECTOR ( 'NONE', #3444, 1000.000000000000000 ) ;
#506 = AXIS2_PLACEMENT_3D ( 'NONE', #3386, #441, #2398 ) ;
#507 = ORIENTED_EDGE ( 'NONE', *, *, #385, .F. ) ;
#508 = VECTOR ( 'NONE', #394, 1000.000000000000000 ) ;
#509 = DIRECTION ( 'NONE',  ( 0.0000000000000000000, 0.0000000000000000000, -1.000000000000000000 ) ) ;
#510 = VECTOR ( 'NONE', #3611, 1000.000000000000227 ) ;
#511 = VERTEX_POINT ( 'NONE', #2779 ) ;
#512 = EDGE_CURVE ( 'NONE', #3, #3399, #3119, .T. ) ;
#513 = CARTESIAN_POINT ( 'NONE',  ( -4.900000024437900059, 8.650504516109080555, 0.1625000042124440380 ) ) ;
#514 = VECTOR ( 'NONE', #780, 1000.000000000000000 ) ;
#515 = ORIENTED_EDGE ( 'NONE', *, *, #2254, .T. ) ;
#516 =( NAMED_UNIT ( * ) PLANE_ANGLE_UNIT ( ) SI_UNIT ( $, .RADIAN. ) );
#517 = CARTESIAN_POINT ( 'NONE',  ( -2.325000024437899881, 4.200000000000000178, 0.5000000000000000000 ) ) ;
#518 = AXIS2_PLACEMENT_3D ( 'NONE', #2169, #3475, #2236 ) ;
#519 = EDGE_LOOP ( 'NONE', ( #1070, #3008, #119, #4093 ) ) ;
#520 = CARTESIAN_POINT ( 'NONE',  ( 1.699999975562100030, 4.200000000000000178, 1.600000000000000089 ) ) ;
#521 = AXIS2_PLACEMENT_3D ( 'NONE', #914, #363, #1254 ) ;
#522 = DIRECTION ( 'NONE',  ( 0.0000000000000000000, -1.000000000000000000, 0.0000000000000000000 ) ) ;
#523 = LINE ( 'NONE', #1744, #1952 ) ;
#524 = PRODUCT_DEFINITION_CONTEXT ( 'detailed design', #1632, 'design' ) ;
#525 = ORIENTED_EDGE ( 'NONE', *, *, #378, .T. ) ;
#526 = DIRECTION ( 'NONE',  ( -0.0000000000000000000, -0.8660254037844380415, 0.5000000000000009992 ) ) ;
#527 = VECTOR ( 'NONE', #426, 1000.000000000000000 ) ;
#528 = ADVANCED_FACE ( 'NONE', ( #1844, #3157, #206, #1885, #4121, #1508, #539 ), #2173, .F. ) ;
#529 = ORIENTED_EDGE ( 'NONE', *, *, #1984, .T. ) ;
#530 = LINE ( 'NONE', #1834, #1408 ) ;
#531 = VERTEX_POINT ( 'NONE', #4141 ) ;
#532 = CARTESIAN_POINT ( 'NONE',  ( 5.349999975562099941, 0.0000000000000000000, 0.1499999999999999944 ) ) ;
#533 = ADVANCED_FACE ( 'NONE', ( #2501 ), #2538, .T. ) ;
#534 = EDGE_LOOP ( 'NONE', ( #330, #3639, #130, #83 ) ) ;
#535 = FACE_OUTER_BOUND ( 'NONE', #3206, .T. ) ;
#536 = DIRECTION ( 'NONE',  ( 0.0000000000000000000, 0.0000000000000000000, 1.000000000000000000 ) ) ;
#537 = EDGE_CURVE ( 'NONE', #2902, #3257, #556, .T. ) ;
#538 = EDGE_LOOP ( 'NONE', ( #3972, #3777, #3435, #3801 ) ) ;
#539 = FACE_OUTER_BOUND ( 'NONE', #1585, .T. ) ;
#540 = CARTESIAN_POINT ( 'NONE',  ( -2.000000024437900148, -4.799999999999999822, -1.149999999999999911 ) ) ;
#541 = CARTESIAN_POINT ( 'NONE',  ( 7.449999975562099586, 0.0000000000000000000, -2.399999999999999467 ) ) ;
#542 = VERTEX_POINT ( 'NONE', #581 ) ;
#543 = CARTESIAN_POINT ( 'NONE',  ( -7.684314599488671682, -4.304288914942318686E-17, -2.888730162779190813 ) ) ;
#544 = CARTESIAN_POINT ( 'NONE',  ( 7.201471838138243875, 0.0000000000000000000, -2.999999999999999112 ) ) ;
#545 = ORIENTED_EDGE ( 'NONE', *, *, #1709, .T. ) ;
#546 = DIRECTION ( 'NONE',  ( 1.797123601011940016E-16, 0.0000000000000000000, -1.000000000000000000 ) ) ;
#547 = EDGE_LOOP ( 'NONE', ( #2960, #2533, #260, #1644 ) ) ;
#548 = DIRECTION ( 'NONE',  ( 6.123233995736766036E-17, 0.0000000000000000000, 1.000000000000000000 ) ) ;
#549 = ADVANCED_FACE ( 'NONE', ( #2797 ), #1568, .T. ) ;
#550 = DIRECTION ( 'NONE',  ( -0.0000000000000000000, -1.000000000000000000, -0.0000000000000000000 ) ) ;
#551 = VERTEX_POINT ( 'NONE', #926 ) ;
#552 = DIRECTION ( 'NONE',  ( 1.000000000000000000, 0.0000000000000000000, 2.220446049250310123E-16 ) ) ;
#553 = ADVANCED_FACE ( 'NONE', ( #3479 ), #1548, .F. ) ;
#554 = PLANE ( 'NONE',  #4134 ) ;
#555 = VERTEX_POINT ( 'NONE', #1861 ) ;
#556 = LINE ( 'NONE', #520, #1603 ) ;
#557 = ADVANCED_FACE ( 'NONE', ( #2839 ), #185, .T. ) ;
#558 = DIRECTION ( 'NONE',  ( 0.0000000000000000000, 0.0000000000000000000, -1.000000000000000000 ) ) ;
#559 = DIRECTION ( 'NONE',  ( -1.000000000000000000, -0.0000000000000000000, 0.0000000000000000000 ) ) ;
#560 = EDGE_LOOP ( 'NONE', ( #2670, #2615, #4152, #3278 ) ) ;
#561 = CARTESIAN_POINT ( 'NONE',  ( 1.699999975562097587, -4.280384757729341239, -1.599999999999999645 ) ) ;
#562 = SURFACE_STYLE_USAGE ( .BOTH. , #4148 ) ;
#563 = VERTEX_POINT ( 'NONE', #1178 ) ;
#564 = DIRECTION ( 'NONE',  ( 0.0000000000000000000, 0.0000000000000000000, 1.000000000000000000 ) ) ;
#565 = VERTEX_POINT ( 'NONE', #3524 ) ;
#566 = VECTOR ( 'NONE', #1230, 1000.000000000000000 ) ;
#567 = DIRECTION ( 'NONE',  ( 0.0000000000000000000, 0.0000000000000000000, -1.000000000000000000 ) ) ;
#568 =( NAMED_UNIT ( * ) PLANE_ANGLE_UNIT ( ) SI_UNIT ( $, .RADIAN. ) );
#569 = AXIS2_PLACEMENT_3D ( 'NONE', #3848, #1275, #3871 ) ;
#570 = CLOSED_SHELL ( 'NONE', ( #166, #1562, #2117, #1097, #4005, #557, #401, #3744 ) ) ;
#571 = VERTEX_POINT ( 'NONE', #1805 ) ;
#572 = ADVANCED_FACE ( 'NONE', ( #3095 ), #1161, .F. ) ;
#573 = DIRECTION ( 'NONE',  ( 0.0000000000000000000, 0.0000000000000000000, -1.000000000000000000 ) ) ;
#574 = VECTOR ( 'NONE', #1328, 1000.000000000000000 ) ;
#575 = AXIS2_PLACEMENT_3D ( 'NONE', #495, #2114, #774 ) ;
#576 = DIRECTION ( 'NONE',  ( 0.0000000000000000000, -0.9396926207859083169, 0.3420201433256691015 ) ) ;
#577 = ORIENTED_EDGE ( 'NONE', *, *, #2021, .F. ) ;
#578 = ADVANCED_FACE ( 'NONE', ( #861 ), #34, .T. ) ;
#579 = VECTOR ( 'NONE', #1711, 1000.000000000000000 ) ;
#580 = PLANE ( 'NONE',  #1882 ) ;
#581 = CARTESIAN_POINT ( 'NONE',  ( 6.849999975562099053, 11.00000000000000000, -3.400000000000000799 ) ) ;
#582 = DIRECTION ( 'NONE',  ( 0.0000000000000000000, -1.000000000000000000, -0.0000000000000000000 ) ) ;
#583 = CARTESIAN_POINT ( 'NONE',  ( -7.450000024437909651, 0.0000000000000000000, 1.665334536937730077E-15 ) ) ;
#584 = VERTEX_POINT ( 'NONE', #1018 ) ;
#585 = EDGE_CURVE ( 'NONE', #2699, #1358, #3563, .T. ) ;
#586 = STYLED_ITEM ( 'NONE', ( #350 ), #2734 ) ;
#587 = DIRECTION ( 'NONE',  ( -0.0000000000000000000, -1.000000000000000000, -0.0000000000000000000 ) ) ;
#588 = AXIS2_PLACEMENT_3D ( 'NONE', #1697, #2983, #2962 ) ;
#589 = EDGE_CURVE ( 'NONE', #1914, #3641, #691, .T. ) ;
#590 = EDGE_LOOP ( 'NONE', ( #2504, #748 ) ) ;
#591 = CARTESIAN_POINT ( 'NONE',  ( -5.200000024437909651, -4.799999999999999822, 0.0000000000000000000 ) ) ;
#592 = VERTEX_POINT ( 'NONE', #2288 ) ;
#593 = VECTOR ( 'NONE', #4057, 1000.000000000000000 ) ;
#594 = DIRECTION ( 'NONE',  ( -0.3420201433256691015, -0.9396926207859083169, 0.0000000000000000000 ) ) ;
#595 = LINE ( 'NONE', #2276, #729 ) ;
#596 = VECTOR ( 'NONE', #1778, 1000.000000000000000 ) ;
#597 = VERTEX_POINT ( 'NONE', #603 ) ;
#598 = LINE ( 'NONE', #1879, #3651 ) ;
#599 = DIRECTION ( 'NONE',  ( -6.480682497055610048E-09, 0.0000000000000000000, 1.000000000000000000 ) ) ;
#600 = EDGE_CURVE ( 'NONE', #3013, #2843, #1947, .T. ) ;
#601 = EDGE_LOOP ( 'NONE', ( #2179, #2300, #3132, #897 ) ) ;
#602 = CARTESIAN_POINT ( 'NONE',  ( -2.300000024437899970, -4.800000000000000711, 1.300000000000000266 ) ) ;
#603 = CARTESIAN_POINT ( 'NONE',  ( 2.299999975562100119, -4.280384757729341239, 0.6999999999999994005 ) ) ;
#604 = CARTESIAN_POINT ( 'NONE',  ( -1.700000024437900104, 4.200000000000000178, -0.6999999999999990674 ) ) ;
#605 = LINE ( 'NONE', #3867, #1487 ) ;
#606 = ADVANCED_FACE ( 'NONE', ( #2565 ), #3248, .T. ) ;
#607 = EDGE_LOOP ( 'NONE', ( #1714, #1901, #2640, #4006 ) ) ;
#608 = FACE_OUTER_BOUND ( 'NONE', #1044, .T. ) ;
#609 = DIRECTION ( 'NONE',  ( 0.0000000000000000000, 0.0000000000000000000, 1.000000000000000000 ) ) ;
#610 = EDGE_CURVE ( 'NONE', #542, #141, #3982, .T. ) ;
#611 = ORIENTED_EDGE ( 'NONE', *, *, #227, .F. ) ;
#612 = FACE_OUTER_BOUND ( 'NONE', #4196, .T. ) ;
#613 = ORIENTED_EDGE ( 'NONE', *, *, #2946, .T. ) ;
#614 = DIRECTION ( 'NONE',  ( 0.0000000000000000000, 0.0000000000000000000, -1.000000000000000000 ) ) ;
#615 = PLANE ( 'NONE',  #1821 ) ;
#616 = EDGE_CURVE ( 'NONE', #1039, #160, #3590, .T. ) ;
#617 = DIRECTION ( 'NONE',  ( 0.0000000000000000000, 0.0000000000000000000, 1.000000000000000000 ) ) ;
#618 = ORIENTED_EDGE ( 'NONE', *, *, #2492, .F. ) ;
#619 = PLANE ( 'NONE',  #4125 ) ;
#620 = CARTESIAN_POINT ( 'NONE',  ( -2.000000024437900148, 4.200000000000000178, -1.149999999999999911 ) ) ;
#621 = ORIENTED_EDGE ( 'NONE', *, *, #2813, .T. ) ;
#622 = SURFACE_STYLE_FILL_AREA ( #1610 ) ;
#623 = DIRECTION ( 'NONE',  ( -0.0000000000000000000, -0.0000000000000000000, -1.000000000000000000 ) ) ;
#624 = DIRECTION ( 'NONE',  ( -1.000000000000000000, 0.0000000000000000000, 0.0000000000000000000 ) ) ;
#625 = DIRECTION ( 'NONE',  ( 0.0000000000000000000, 0.0000000000000000000, -1.000000000000000000 ) ) ;
#626 = ORIENTED_EDGE ( 'NONE', *, *, #3420, .F. ) ;
#627 = CARTESIAN_POINT ( 'NONE',  ( 4.899999975562089993, -4.800000000000000711, -0.2999999999999999889 ) ) ;
#628 =( BOUNDED_CURVE ( )  B_SPLINE_CURVE ( 3, ( #157, #833, #474, #3735 ),
 .UNSPECIFIED., .F., .T. ) 
 B_SPLINE_CURVE_WITH_KNOTS ( ( 4, 4 ),
 ( 0.0000000000000000000, 1.000000000000000000 ),
 .UNSPECIFIED. ) 
 CURVE ( )  GEOMETRIC_REPRESENTATION_ITEM ( )  RATIONAL_B_SPLINE_CURVE ( ( 1.000000000000000000, 0.8047378541243652705, 0.8047378541243652705, 1.000000000000000000 ) ) 
 REPRESENTATION_ITEM ( '' )  );
#629 = DIRECTION ( 'NONE',  ( -1.000000000000000000, 0.0000000000000000000, -0.0000000000000000000 ) ) ;
#630 = ORIENTED_EDGE ( 'NONE', *, *, #1500, .F. ) ;
#631 = ADVANCED_FACE ( 'NONE', ( #370 ), #2925, .T. ) ;
#632 = LINE ( 'NONE', #2933, #1943 ) ;
#633 = VERTEX_POINT ( 'NONE', #3543 ) ;
#634 = FACE_OUTER_BOUND ( 'NONE', #323, .T. ) ;
#635 = DIRECTION ( 'NONE',  ( 1.000000000000000000, -0.0000000000000000000, 0.0000000000000000000 ) ) ;
#636 = ORIENTED_EDGE ( 'NONE', *, *, #3404, .T. ) ;
#637 = ORIENTED_EDGE ( 'NONE', *, *, #2536, .F. ) ;
#638 = ADVANCED_FACE ( 'NONE', ( #671 ), #2605, .T. ) ;
#639 = DIRECTION ( 'NONE',  ( 1.000000000000000000, -0.0000000000000000000, 0.0000000000000000000 ) ) ;
#640 = LINE ( 'NONE', #1942, #3849 ) ;
#641 = SURFACE_STYLE_FILL_AREA ( #2900 ) ;
#642 = PRESENTATION_LAYER_ASSIGNMENT (  '', '', ( #4043 ) ) ;
#643 = VECTOR ( 'NONE', #2103, 1000.000000000000000 ) ;
#644 = ORIENTED_EDGE ( 'NONE', *, *, #1634, .F. ) ;
#645 = LINE ( 'NONE', #2519, #1815 ) ;
#646 = CIRCLE ( 'NONE', #3499, 0.1499999999999999667 ) ;
#647 = VECTOR ( 'NONE', #1192, 1000.000000000000000 ) ;
#648 = DIRECTION ( 'NONE',  ( 0.3420201433256684354, -0.9396926207859085389, 0.0000000000000000000 ) ) ;
#649 = FACE_OUTER_BOUND ( 'NONE', #28, .T. ) ;
#650 = LINE ( 'NONE', #1949, #3039 ) ;
#651 = VECTOR ( 'NONE', #3343, 1000.000000000000000 ) ;
#652 = ORIENTED_EDGE ( 'NONE', *, *, #1945, .T. ) ;
#653 = CARTESIAN_POINT ( 'NONE',  ( -6.850000024437910007, 0.4000000000000000222, -3.399999999999998579 ) ) ;
#654 = PRESENTATION_LAYER_ASSIGNMENT (  '', '', ( #386 ) ) ;
#655 = DIRECTION ( 'NONE',  ( 0.0000000000000000000, 0.0000000000000000000, -1.000000000000000000 ) ) ;
#656 = ORIENTED_EDGE ( 'NONE', *, *, #2271, .T. ) ;
#657 = CARTESIAN_POINT ( 'NONE',  ( -2.300000024437899970, 4.200000000000000178, 1.600000000000000089 ) ) ;
#658 = ORIENTED_EDGE ( 'NONE', *, *, #1237, .T. ) ;
#659 = CARTESIAN_POINT ( 'NONE',  ( 1.849999975562099941, -4.540192378864669642, -1.449999999999999956 ) ) ;
#660 = FACE_OUTER_BOUND ( 'NONE', #2985, .T. ) ;
#661 = VECTOR ( 'NONE', #904, 1000.000000000000000 ) ;
#662 = ORIENTED_EDGE ( 'NONE', *, *, #43, .F. ) ;
#663 = ORIENTED_EDGE ( 'NONE', *, *, #194, .T. ) ;
#664 = VECTOR ( 'NONE', #2880, 1000.000000000000000 ) ;
#665 = CARTESIAN_POINT ( 'NONE',  ( -7.450000024437909651, 0.4000000000000000222, 2.400000000000000355 ) ) ;
#666 = CARTESIAN_POINT ( 'NONE',  ( 2.299999975562100119, 4.200000000000000178, -1.600000000000000089 ) ) ;
#667 = DIRECTION ( 'NONE',  ( -1.000000000000000000, -0.0000000000000000000, -2.220446049250310123E-16 ) ) ;
#668 = AXIS2_PLACEMENT_3D ( 'NONE', #2129, #1263, #2517 ) ;
#669 = VERTEX_POINT ( 'NONE', #1680 ) ;
#670 = SURFACE_SIDE_STYLE ('',( #3652 ) ) ;
#671 = FACE_OUTER_BOUND ( 'NONE', #1951, .T. ) ;
#672 = DIRECTION ( 'NONE',  ( 1.000000000000000000, 0.0000000000000000000, 2.822600910063960139E-16 ) ) ;
#673 = DIRECTION ( 'NONE',  ( 0.0000000000000000000, 1.000000000000000000, 0.0000000000000000000 ) ) ;
#674 = EDGE_CURVE ( 'NONE', #2795, #136, #1267, .T. ) ;
#675 = ORIENTED_EDGE ( 'NONE', *, *, #2188, .F. ) ;
#676 = DIRECTION ( 'NONE',  ( 0.0000000000000000000, 1.000000000000000000, -0.0000000000000000000 ) ) ;
#677 = CARTESIAN_POINT ( 'NONE',  ( 7.849999975562099053, 0.1656854249492386855, -2.985786437626901435 ) ) ;
#678 = ORIENTED_EDGE ( 'NONE', *, *, #3941, .T. ) ;
#679 = CARTESIAN_POINT ( 'NONE',  ( -6.850000024437910007, 0.0000000000000000000, -2.399999999999999911 ) ) ;
#680 = EDGE_LOOP ( 'NONE', ( #525, #3604, #1912, #3288 ) ) ;
#681 = CARTESIAN_POINT ( 'NONE',  ( 4.699999975562099586, 4.200000000000000178, -0.3250000000000000666 ) ) ;
#682 = CARTESIAN_POINT ( 'NONE',  ( -1.700000024437900326, 4.200000000000000178, 1.600000000000000089 ) ) ;
#683 = EDGE_LOOP ( 'NONE', ( #2806, #4026, #3209, #892 ) ) ;
#684 = ORIENTED_EDGE ( 'NONE', *, *, #2971, .F. ) ;
#685 = DIRECTION ( 'NONE',  ( -1.000000000000000000, 0.0000000000000000000, 0.0000000000000000000 ) ) ;
#686 = CARTESIAN_POINT ( 'NONE',  ( -5.600000024437901125, 9.199999999999999289, -0.3249999957875560064 ) ) ;
#687 = EDGE_CURVE ( 'NONE', #2785, #1424, #1043, .T. ) ;
#688 = SURFACE_STYLE_USAGE ( .BOTH. , #1964 ) ;
#689 = ORIENTED_EDGE ( 'NONE', *, *, #3889, .T. ) ;
#690 = EDGE_CURVE ( 'NONE', #565, #3074, #1656, .T. ) ;
#691 = LINE ( 'NONE', #3271, #510 ) ;
#692 = DIRECTION ( 'NONE',  ( 0.0000000000000000000, -1.000000000000000000, 0.0000000000000000000 ) ) ;
#693 = LINE ( 'NONE', #1313, #1618 ) ;
#694 = EDGE_LOOP ( 'NONE', ( #1993, #2978, #4037, #3767 ) ) ;
#695 = ADVANCED_FACE ( 'NONE', ( #1362 ), #2630, .T. ) ;
#696 = CARTESIAN_POINT ( 'NONE',  ( -6.850000024437910007, 0.1656854249492379916, -3.399999999999998579 ) ) ;
#697 = CARTESIAN_POINT ( 'NONE',  ( 7.849999975562098165, 0.1656854249492387132, -2.399999999999997691 ) ) ;
#698 = UNCERTAINTY_MEASURE_WITH_UNIT (LENGTH_MEASURE( 1.000000000000000082E-05 ), #2678, 'distance_accuracy_value', 'NONE');
#699 = ORIENTED_EDGE ( 'NONE', *, *, #2021, .T. ) ;
#700 = LINE ( 'NONE', #1689, #2418 ) ;
#701 = ORIENTED_EDGE ( 'NONE', *, *, #2032, .F. ) ;
#702 = CARTESIAN_POINT ( 'NONE',  ( -2.300000024437899970, -4.280384757729341239, 0.7000000000000009548 ) ) ;
#703 = ORIENTED_EDGE ( 'NONE', *, *, #349, .F. ) ;
#704 = LINE ( 'NONE', #3605, #1871 ) ;
#705 = LINE ( 'NONE', #2043, #3789 ) ;
#706 = DIRECTION ( 'NONE',  ( 0.0000000000000000000, 1.000000000000000000, -0.0000000000000000000 ) ) ;
#707 = EDGE_CURVE ( 'NONE', #3646, #2310, #308, .T. ) ;
#708 = ORIENTED_EDGE ( 'NONE', *, *, #3023, .T. ) ;
#709 = DIRECTION ( 'NONE',  ( 0.0000000000000000000, -1.000000000000000000, 0.0000000000000000000 ) ) ;
#710 = VECTOR ( 'NONE', #480, 1000.000000000000000 ) ;
#711 = PLANE ( 'NONE',  #3089 ) ;
#712 = DIRECTION ( 'NONE',  ( -0.5000000000000009992, 0.8660254037844380415, -0.0000000000000000000 ) ) ;
#713 = ORIENTED_EDGE ( 'NONE', *, *, #943, .F. ) ;
#714 = VECTOR ( 'NONE', #372, 1000.000000000000000 ) ;
#715 = VECTOR ( 'NONE', #383, 1000.000000000000000 ) ;
#716 =( NAMED_UNIT ( * ) PLANE_ANGLE_UNIT ( ) SI_UNIT ( $, .RADIAN. ) );
#717 = AXIS2_PLACEMENT_3D ( 'NONE', #679, #3724, #2739 ) ;
#718 = AXIS2_PLACEMENT_3D ( 'NONE', #3996, #1075, #753 ) ;
#719 = ADVANCED_FACE ( 'NONE', ( #2241 ), #2653, .T. ) ;
#720 = ORIENTED_EDGE ( 'NONE', *, *, #3666, .F. ) ;
#721 = CARTESIAN_POINT ( 'NONE',  ( -4.000000024437910362, 11.00000000000000178, -3.399999999999999911 ) ) ;
#722 = ORIENTED_EDGE ( 'NONE', *, *, #43, .T. ) ;
#723 = FACE_OUTER_BOUND ( 'NONE', #1032, .T. ) ;
#724 = EDGE_CURVE ( 'NONE', #343, #2997, #3886, .T. ) ;
#725 =( GEOMETRIC_REPRESENTATION_CONTEXT ( 3 ) GLOBAL_UNCERTAINTY_ASSIGNED_CONTEXT ( ( #765 ) ) GLOBAL_UNIT_ASSIGNED_CONTEXT ( ( #369, #516, #1459 ) ) REPRESENTATION_CONTEXT ( 'NONE', 'WORKASPACE' ) );
#726 = ORIENTED_EDGE ( 'NONE', *, *, #349, .T. ) ;
#727 = CARTESIAN_POINT ( 'NONE',  ( -2.300000024437899970, 4.200000000000000178, 1.599999999999999867 ) ) ;
#728 = DIRECTION ( 'NONE',  ( -2.220446049250310123E-16, -0.0000000000000000000, 1.000000000000000000 ) ) ;
#729 = VECTOR ( 'NONE', #1899, 1000.000000000000000 ) ;
#730 =( NAMED_UNIT ( * ) PLANE_ANGLE_UNIT ( ) SI_UNIT ( $, .RADIAN. ) );
#731 = VECTOR ( 'NONE', #1528, 1000.000000000000000 ) ;
#732 = ORIENTED_EDGE ( 'NONE', *, *, #3739, .F. ) ;
#733 = LINE ( 'NONE', #2692, #58 ) ;
#734 = EDGE_CURVE ( 'NONE', #3455, #2337, #154, .T. ) ;
#735 = AXIS2_PLACEMENT_3D ( 'NONE', #1013, #2286, #3286 ) ;
#736 = LINE ( 'NONE', #413, #1938 ) ;
#737 = FACE_OUTER_BOUND ( 'NONE', #4170, .T. ) ;
#738 = VERTEX_POINT ( 'NONE', #532 ) ;
#739 = CARTESIAN_POINT ( 'NONE',  ( 1.999999975562100074, -4.799999999999999822, 0.9999999999999988898 ) ) ;
#740 = EDGE_CURVE ( 'NONE', #860, #1930, #2061, .T. ) ;
#741 = DIRECTION ( 'NONE',  ( 0.0000000000000000000, -0.0000000000000000000, -1.000000000000000000 ) ) ;
#742 = CARTESIAN_POINT ( 'NONE',  ( 7.684314550612862504, -4.050590784877329735E-16, 2.888730162779192145 ) ) ;
#743 = CARTESIAN_POINT ( 'NONE',  ( -1.700000024437900104, 4.200000000000000178, -1.600000000000000089 ) ) ;
#744 = PLANE ( 'NONE',  #3358 ) ;
#745 = ORIENTED_EDGE ( 'NONE', *, *, #271, .T. ) ;
#746 = DIRECTION ( 'NONE',  ( 0.0000000000000000000, 1.000000000000000000, 0.0000000000000000000 ) ) ;
#747 = PLANE ( 'NONE',  #3451 ) ;
#748 = ORIENTED_EDGE ( 'NONE', *, *, #4027, .T. ) ;
#749 = CYLINDRICAL_SURFACE ( 'NONE', #2081, 0.1499999999999999667 ) ;
#750 = CARTESIAN_POINT ( 'NONE',  ( 1.674999975562099896, 8.101009032218149386, 1.800000000000000266 ) ) ;
#751 = DIRECTION ( 'NONE',  ( -1.000000000000000000, 0.0000000000000000000, -1.067522139062650055E-16 ) ) ;
#752 = ORIENTED_EDGE ( 'NONE', *, *, #3731, .F. ) ;
#753 = DIRECTION ( 'NONE',  ( 0.0000000000000000000, 0.0000000000000000000, -1.000000000000000000 ) ) ;
#754 = DIRECTION ( 'NONE',  ( 0.0000000000000000000, 1.000000000000000000, 0.0000000000000000000 ) ) ;
#755 = LINE ( 'NONE', #4019, #2561 ) ;
#756 = EDGE_LOOP ( 'NONE', ( #1571, #1543, #1797, #1685 ) ) ;
#757 = EDGE_CURVE ( 'NONE', #1843, #1022, #3774, .T. ) ;
#758 = CARTESIAN_POINT ( 'NONE',  ( 7.849999975562101717, 0.1656854249492377695, 2.985786437626905876 ) ) ;
#759 = DIRECTION ( 'NONE',  ( -0.0000000000000000000, 1.000000000000000000, 0.0000000000000000000 ) ) ;
#760 = DIRECTION ( 'NONE',  ( 2.220446049250310123E-16, -0.0000000000000000000, -1.000000000000000000 ) ) ;
#761 = VERTEX_POINT ( 'NONE', #851 ) ;
#762 = LINE ( 'NONE', #2124, #4056 ) ;
#763 = ORIENTED_EDGE ( 'NONE', *, *, #2558, .F. ) ;
#764 = LINE ( 'NONE', #2405, #2192 ) ;
#765 = UNCERTAINTY_MEASURE_WITH_UNIT (LENGTH_MEASURE( 1.000000000000000082E-05 ), #369, 'distance_accuracy_value', 'NONE');
#766 = PRESENTATION_STYLE_ASSIGNMENT (( #3670 ) ) ;
#767 = ADVANCED_FACE ( 'NONE', ( #470 ), #1755, .T. ) ;
#768 = ORIENTED_EDGE ( 'NONE', *, *, #1384, .T. ) ;
#769 = PLANE ( 'NONE',  #2633 ) ;
#770 = DIRECTION ( 'NONE',  ( 0.0000000000000000000, 1.000000000000000000, -0.0000000000000000000 ) ) ;
#771 = DIRECTION ( 'NONE',  ( 0.0000000000000000000, -0.9396926207859085389, 0.3420201433256683243 ) ) ;
#772 = ORIENTED_EDGE ( 'NONE', *, *, #2460, .F. ) ;
#773 = VECTOR ( 'NONE', #3011, 1000.000000000000000 ) ;
#774 = DIRECTION ( 'NONE',  ( 0.0000000000000000000, 0.0000000000000000000, -1.000000000000000000 ) ) ;
#775 = CARTESIAN_POINT ( 'NONE',  ( 3.999999975562090082, 11.00000000000000000, -3.399999999999999911 ) ) ;
#776 = DIRECTION ( 'NONE',  ( -0.0000000000000000000, -1.000000000000000000, -0.0000000000000000000 ) ) ;
#777 = AXIS2_PLACEMENT_3D ( 'NONE', #3072, #143, #2099 ) ;
#778 = CIRCLE ( 'NONE', #506, 1.000000000000000000 ) ;
#779 = ORIENTED_EDGE ( 'NONE', *, *, #1000, .T. ) ;
#780 = DIRECTION ( 'NONE',  ( -1.000000000000000000, -0.0000000000000000000, -0.0000000000000000000 ) ) ;
#781 = DIRECTION ( 'NONE',  ( 0.0000000000000000000, 0.0000000000000000000, 1.000000000000000000 ) ) ;
#782 = AXIS2_PLACEMENT_3D ( 'NONE', #1089, #2068, #430 ) ;
#783 = CARTESIAN_POINT ( 'NONE',  ( -2.443790392270270082E-08, 11.00000000000000000, 2.500000000000000000 ) ) ;
#784 = EDGE_CURVE ( 'NONE', #2463, #3013, #1818, .T. ) ;
#785 = AXIS2_PLACEMENT_3D ( 'NONE', #1913, #1537, #1559 ) ;
#786 = VERTEX_POINT ( 'NONE', #2448 ) ;
#787 = DIRECTION ( 'NONE',  ( -1.000000000000000000, 0.0000000000000000000, -2.220446049250310123E-16 ) ) ;
#788 = VERTEX_POINT ( 'NONE', #3732 ) ;
#789 = CARTESIAN_POINT ( 'NONE',  ( -1.700000024437900104, -4.280384757729341239, 1.600000000000000089 ) ) ;
#790 = CARTESIAN_POINT ( 'NONE',  ( 2.299999975562100119, 4.200000000000000178, 0.6999999999999990674 ) ) ;
#791 = ORIENTED_EDGE ( 'NONE', *, *, #2875, .T. ) ;
#792 = COLOUR_RGB ( '',0.9529411764705881804, 0.8980392156862745390, 0.6549019607843137303 ) ;
#793 = DIRECTION ( 'NONE',  ( -1.922962686383560119E-16, -0.5000000000000009992, 0.8660254037844380415 ) ) ;
#794 = EDGE_CURVE ( 'NONE', #405, #214, #811, .T. ) ;
#795 = FACE_OUTER_BOUND ( 'NONE', #1277, .T. ) ;
#796 = LINE ( 'NONE', #1799, #1891 ) ;
#797 = CIRCLE ( 'NONE', #2972, 0.3999999999999993006 ) ;
#798 = ORIENTED_EDGE ( 'NONE', *, *, #1929, .T. ) ;
#799 = VECTOR ( 'NONE', #3630, 1000.000000000000000 ) ;
#800 = LINE ( 'NONE', #739, #1124 ) ;
#801 = CARTESIAN_POINT ( 'NONE',  ( 2.299999975562100119, 4.200000000000000178, 1.149999999999999911 ) ) ;
#802 = LINE ( 'NONE', #2440, #4065 ) ;
#803 = VECTOR ( 'NONE', #3244, 1000.000000000000000 ) ;
#804 = EDGE_LOOP ( 'NONE', ( #294, #2634 ) ) ;
#805 = FACE_OUTER_BOUND ( 'NONE', #3188, .T. ) ;
#806 = CARTESIAN_POINT ( 'NONE',  ( -1.850000024437900237, -4.280384757729340350, -0.6999999999999996225 ) ) ;
#807 = LINE ( 'NONE', #783, #4039 ) ;
#808 = ORIENTED_EDGE ( 'NONE', *, *, #610, .T. ) ;
#809 = CARTESIAN_POINT ( 'NONE',  ( 7.449999975562100474, 0.0000000000000000000, 2.399999999999999467 ) ) ;
#810 = EDGE_LOOP ( 'NONE', ( #1919, #726, #3537, #1794, #4055, #2866 ) ) ;
#811 = LINE ( 'NONE', #831, #1538 ) ;
#812 = FILL_AREA_STYLE_COLOUR ( '', #1762 ) ;
#813 = ORIENTED_EDGE ( 'NONE', *, *, #1369, .F. ) ;
#814 = EDGE_CURVE ( 'NONE', #467, #2699, #3457, .T. ) ;
#815 = LINE ( 'NONE', #3396, #1750 ) ;
#816 = FACE_OUTER_BOUND ( 'NONE', #1539, .T. ) ;
#817 = ORIENTED_EDGE ( 'NONE', *, *, #35, .F. ) ;
#818 = ADVANCED_FACE ( 'NONE', ( #2807 ), #1456, .T. ) ;
#819 = DIRECTION ( 'NONE',  ( 0.0000000000000000000, 0.8660254037844380415, -0.5000000000000009992 ) ) ;
#820 = CARTESIAN_POINT ( 'NONE',  ( -1.675000024437900192, 9.199999999999999289, -0.8999999999999996891 ) ) ;
#821 = CARTESIAN_POINT ( 'NONE',  ( -2.325000024437899881, 4.200000000000000178, -0.5000000000000000000 ) ) ;
#822 = UNCERTAINTY_MEASURE_WITH_UNIT (LENGTH_MEASURE( 1.000000000000000082E-05 ), #1303, 'distance_accuracy_value', 'NONE');
#823 = ORIENTED_EDGE ( 'NONE', *, *, #57, .F. ) ;
#824 = EDGE_CURVE ( 'NONE', #2310, #2997, #1191, .T. ) ;
#825 = FACE_OUTER_BOUND ( 'NONE', #2194, .T. ) ;
#826 = LINE ( 'NONE', #2120, #2067 ) ;
#827 = CARTESIAN_POINT ( 'NONE',  ( -4.700000024437909651, 4.200000000000000178, -0.3249999957875560064 ) ) ;
#828 = ORIENTED_EDGE ( 'NONE', *, *, #2840, .T. ) ;
#829 = CARTESIAN_POINT ( 'NONE',  ( 1.999999975562100074, 0.0000000000000000000, 1.149999999999999911 ) ) ;
#830 = VERTEX_POINT ( 'NONE', #199 ) ;
#831 = CARTESIAN_POINT ( 'NONE',  ( 1.699999975562100030, -4.800000000000000711, 1.600000000000000089 ) ) ;
#832 = EDGE_LOOP ( 'NONE', ( #1874, #2725 ) ) ;
#833 = CARTESIAN_POINT ( 'NONE',  ( -7.201471887014051276, 0.0000000000000000000, -2.999999999999999112 ) ) ;
#834 = DIRECTION ( 'NONE',  ( 0.0000000000000000000, 1.000000000000000000, 0.0000000000000000000 ) ) ;
#835 = ADVANCED_FACE ( 'NONE', ( #1795 ), #2770, .T. ) ;
#836 = ORIENTED_EDGE ( 'NONE', *, *, #503, .F. ) ;
#837 = DIRECTION ( 'NONE',  ( 0.0000000000000000000, 0.8660254037844380415, -0.5000000000000009992 ) ) ;
#838 = DIRECTION ( 'NONE',  ( 0.0000000000000000000, 0.0000000000000000000, -1.000000000000000000 ) ) ;
#839 = LINE ( 'NONE', #1807, #2016 ) ;
#840 = EDGE_CURVE ( 'NONE', #2876, #786, #3908, .T. ) ;
#841 = ORIENTED_EDGE ( 'NONE', *, *, #2923, .T. ) ;
#842 = VECTOR ( 'NONE', #2020, 1000.000000000000000 ) ;
#843 = CARTESIAN_POINT ( 'NONE',  ( 2.324999975562100030, 4.200000000000000178, -1.800000000000000266 ) ) ;
#844 = LINE ( 'NONE', #2379, #1594 ) ;
#845 = CLOSED_SHELL ( 'NONE', ( #181, #1771, #1297, #2282, #398, #2383, #967, #3684, #2244, #3709, #2777, #115, #2036, #291, #1314, #2296, #2354, #2508, #2918, #2929, #2564, #528, #2428, #304, #2845, #1810, #2332, #220, #1630, #3315, #252, #2472, #3883, #1324, #572, #2724, #1601, #1860, #3872, #3520, #289, #1345 ) ) ;
#846 = VERTEX_POINT ( 'NONE', #3687 ) ;
#847 = AXIS2_PLACEMENT_3D ( 'NONE', #3673, #2093, #3374 ) ;
#848 = FACE_OUTER_BOUND ( 'NONE', #1305, .T. ) ;
#849 = CIRCLE ( 'NONE', #2552, 0.4000000000000001887 ) ;
#850 = VERTEX_POINT ( 'NONE', #1518 ) ;
#851 = CARTESIAN_POINT ( 'NONE',  ( -6.000000024437910362, 4.200000000000000178, 0.3249999957875560064 ) ) ;
#852 = EDGE_CURVE ( 'NONE', #3354, #1507, #764, .T. ) ;
#853 = UNCERTAINTY_MEASURE_WITH_UNIT (LENGTH_MEASURE( 1.000000000000000082E-05 ), #2830, 'distance_accuracy_value', 'NONE');
#854 = LINE ( 'NONE', #3796, #1626 ) ;
#855 = AXIS2_PLACEMENT_3D ( 'NONE', #1414, #1149, #173 ) ;
#856 = ORIENTED_EDGE ( 'NONE', *, *, #2309, .F. ) ;
#857 = CARTESIAN_POINT ( 'NONE',  ( -2.399999999999999467, 8.699999999999999289, 3.399999999999999911 ) ) ;
#858 = LINE ( 'NONE', #4095, #3519 ) ;
#859 = STYLED_ITEM ( 'NONE', ( #1016 ), #2742 ) ;
#860 = VERTEX_POINT ( 'NONE', #3084 ) ;
#861 = FACE_OUTER_BOUND ( 'NONE', #2231, .T. ) ;
#862 = VECTOR ( 'NONE', #864, 1000.000000000000000 ) ;
#863 = CARTESIAN_POINT ( 'NONE',  ( -2.000000024437909918, 0.0000000000000000000, 1.149999999999999911 ) ) ;
#864 = DIRECTION ( 'NONE',  ( 1.000000000000000000, 0.0000000000000000000, -0.0000000000000000000 ) ) ;
#865 = EDGE_LOOP ( 'NONE', ( #1960, #2800, #487, #1946 ) ) ;
#866 = AXIS2_PLACEMENT_3D ( 'NONE', #3910, #1702, #2008 ) ;
#867 = ADVANCED_FACE ( 'NONE', ( #2747 ), #449, .T. ) ;
#868 = CARTESIAN_POINT ( 'NONE',  ( -1.675000024437900192, 4.200000000000000178, -0.5000000000000000000 ) ) ;
#869 = CARTESIAN_POINT ( 'NONE',  ( -4.000000024437905033, 11.00000000000000000, -2.500000000000000444 ) ) ;
#870 = COLOUR_RGB ( '',0.2666666666666666630, 0.5843137254901961120, 0.2823529411764705843 ) ;
#871 = ORIENTED_EDGE ( 'NONE', *, *, #1766, .T. ) ;
#872 = EDGE_CURVE ( 'NONE', #1475, #2319, #1152, .T. ) ;
#873 = MECHANICAL_DESIGN_GEOMETRIC_PRESENTATION_REPRESENTATION (  '', ( #3797 ), #2911 ) ;
#874 = CARTESIAN_POINT ( 'NONE',  ( 5.799999975562100119, -4.280384757729341239, 0.3000000000000000444 ) ) ;
#875 = VERTEX_POINT ( 'NONE', #1105 ) ;
#876 = DIRECTION ( 'NONE',  ( -0.0000000000000000000, -1.000000000000000000, -0.0000000000000000000 ) ) ;
#877 = SURFACE_STYLE_USAGE ( .BOTH. , #3131 ) ;
#878 = ORIENTED_EDGE ( 'NONE', *, *, #247, .T. ) ;
#879 = EDGE_CURVE ( 'NONE', #551, #2459, #3707, .T. ) ;
#880 = PLANE ( 'NONE',  #518 ) ;
#881 = FACE_OUTER_BOUND ( 'NONE', #3099, .T. ) ;
#882 = ORIENTED_EDGE ( 'NONE', *, *, #1008, .F. ) ;
#883 = LINE ( 'NONE', #1223, #1059 ) ;
#884 = CARTESIAN_POINT ( 'NONE',  ( -1.700000024437900326, 4.200000000000000178, -0.6999999999999990674 ) ) ;
#885 = CARTESIAN_POINT ( 'NONE',  ( -1.837500024437900059, 9.199999999999999289, 0.8999999999999983569 ) ) ;
#886 = ORIENTED_EDGE ( 'NONE', *, *, #4154, .F. ) ;
#887 = LINE ( 'NONE', #1184, #916 ) ;
#888 = CARTESIAN_POINT ( 'NONE',  ( 7.338730138341291287, 7.894097067757432490E-16, -3.234314575050760698 ) ) ;
#889 = EDGE_CURVE ( 'NONE', #2647, #2699, #1578, .T. ) ;
#890 = ORIENTED_EDGE ( 'NONE', *, *, #3607, .F. ) ;
#891 = CARTESIAN_POINT ( 'NONE',  ( -1.700000024437900104, -4.800000000000000711, 0.7000000000000009548 ) ) ;
#892 = ORIENTED_EDGE ( 'NONE', *, *, #2668, .F. ) ;
#893 = CARTESIAN_POINT ( 'NONE',  ( 1.999999975562100074, 9.199999999999999289, -1.399999999999999911 ) ) ;
#894 = CARTESIAN_POINT ( 'NONE',  ( -2.000000024437909918, 0.0000000000000000000, 1.149999999999999911 ) ) ;
#895 = ADVANCED_FACE ( 'NONE', ( #938 ), #2578, .T. ) ;
#896 = ORIENTED_EDGE ( 'NONE', *, *, #3716, .F. ) ;
#897 = ORIENTED_EDGE ( 'NONE', *, *, #1480, .T. ) ;
#898 = DIRECTION ( 'NONE',  ( 0.0000000000000000000, 1.000000000000000000, 0.0000000000000000000 ) ) ;
#899 = CARTESIAN_POINT ( 'NONE',  ( 5.199999975562099586, -4.800000000000000711, -0.2999999999999999889 ) ) ;
#900 = EDGE_CURVE ( 'NONE', #2298, #2278, #2511, .T. ) ;
#901 = ORIENTED_EDGE ( 'NONE', *, *, #4118, .T. ) ;
#902 = CARTESIAN_POINT ( 'NONE',  ( -2.443790392270270082E-08, 0.0000000000000000000, 1.665334536937730077E-15 ) ) ;
#903 = FACE_OUTER_BOUND ( 'NONE', #601, .T. ) ;
#904 = DIRECTION ( 'NONE',  ( 0.0000000000000000000, -0.8660254037844371533, 0.5000000000000026645 ) ) ;
#905 = ORIENTED_EDGE ( 'NONE', *, *, #2396, .T. ) ;
#906 = PLANE ( 'NONE',  #3705 ) ;
#907 = DIRECTION ( 'NONE',  ( 1.000000000000000000, 0.0000000000000000000, -0.0000000000000000000 ) ) ;
#908 = AXIS2_PLACEMENT_3D ( 'NONE', #384, #2980, #1322 ) ;
#909 = EDGE_LOOP ( 'NONE', ( #3299, #2125, #2928, #1926 ) ) ;
#910 = CARTESIAN_POINT ( 'NONE',  ( 6.949999975562099586, 0.0000000000000000000, 2.500000000000000000 ) ) ;
#911 = ORIENTED_EDGE ( 'NONE', *, *, #1405, .T. ) ;
#912 = ADVANCED_FACE ( 'NONE', ( #1854 ), #2232, .T. ) ;
#913 = LINE ( 'NONE', #3534, #2539 ) ;
#914 = CARTESIAN_POINT ( 'NONE',  ( 1.674999975562099896, 4.200000000000000178, -1.800000000000000266 ) ) ;
#915 = VECTOR ( 'NONE', #672, 1000.000000000000000 ) ;
#916 = VECTOR ( 'NONE', #2177, 1000.000000000000000 ) ;
#917 = ORIENTED_EDGE ( 'NONE', *, *, #496, .F. ) ;
#918 = DIRECTION ( 'NONE',  ( 0.0000000000000000000, 0.0000000000000000000, -1.000000000000000000 ) ) ;
#919 = ADVANCED_FACE ( 'NONE', ( #634 ), #4168, .T. ) ;
#920 = VECTOR ( 'NONE', #2446, 1000.000000000000000 ) ;
#921 = VECTOR ( 'NONE', #3378, 1000.000000000000000 ) ;
#922 = DIRECTION ( 'NONE',  ( 0.0000000000000000000, 1.000000000000000000, 0.0000000000000000000 ) ) ;
#923 = VERTEX_POINT ( 'NONE', #3471 ) ;
#924 = FILL_AREA_STYLE_COLOUR ( '', #2487 ) ;
#925 = ADVANCED_FACE ( 'NONE', ( #2530 ), #3829, .T. ) ;
#926 = CARTESIAN_POINT ( 'NONE',  ( -2.300000024437899970, -4.280384757729341239, 1.599999999999999645 ) ) ;
#927 = DIRECTION ( 'NONE',  ( -1.000000000000000000, 0.0000000000000000000, -0.0000000000000000000 ) ) ;
#928 = CARTESIAN_POINT ( 'NONE',  ( -5.350000024437900237, 9.199999999999999289, 0.3249999983798290137 ) ) ;
#929 = VECTOR ( 'NONE', #3610, 1000.000000000000000 ) ;
#930 = ORIENTED_EDGE ( 'NONE', *, *, #2526, .T. ) ;
#931 = CIRCLE ( 'NONE', #3101, 0.4000000000000001887 ) ;
#932 = CARTESIAN_POINT ( 'NONE',  ( 5.799999975562100119, -4.280384757729340350, -0.2999999999999999889 ) ) ;
#933 = PLANE ( 'NONE',  #1331 ) ;
#934 = EDGE_LOOP ( 'NONE', ( #2743, #3452, #1402, #2395 ) ) ;
#935 = DIRECTION ( 'NONE',  ( 2.220446049250310123E-16, 0.0000000000000000000, -1.000000000000000000 ) ) ;
#936 = ORIENTED_EDGE ( 'NONE', *, *, #2732, .F. ) ;
#937 = VECTOR ( 'NONE', #1383, 1000.000000000000000 ) ;
#938 = FACE_OUTER_BOUND ( 'NONE', #153, .T. ) ;
#939 = DIRECTION ( 'NONE',  ( 1.000000000000000000, 0.0000000000000000000, 2.220446049250310123E-16 ) ) ;
#940 = CIRCLE ( 'NONE', #193, 0.4000000000000001887 ) ;
#941 = ORIENTED_EDGE ( 'NONE', *, *, #266, .F. ) ;
#942 = CARTESIAN_POINT ( 'NONE',  ( 1.699999975562100030, -4.280384757729341239, 1.599999999999999645 ) ) ;
#943 = EDGE_CURVE ( 'NONE', #2082, #846, #913, .T. ) ;
#944 = VERTEX_POINT ( 'NONE', #1253 ) ;
#945 = DIRECTION ( 'NONE',  ( 0.0000000000000000000, 1.000000000000000000, 0.0000000000000000000 ) ) ;
#946 = CARTESIAN_POINT ( 'NONE',  ( 1.849999975562099941, -4.540192378864669642, 0.8499999999999989786 ) ) ;
#947 = DIRECTION ( 'NONE',  ( 0.5000000000000145439, 0.8660254037844301589, 0.0000000000000000000 ) ) ;
#948 = CARTESIAN_POINT ( 'NONE',  ( -1.700000024437900104, 4.200000000000000178, -0.6999999999999990674 ) ) ;
#949 = ADVANCED_FACE ( 'NONE', ( #3191 ), #2206, .T. ) ;
#950 = VERTEX_POINT ( 'NONE', #1935 ) ;
#951 = CARTESIAN_POINT ( 'NONE',  ( -6.000000024437910362, 4.200000000000000178, 0.3249999957875560064 ) ) ;
#952 =( NAMED_UNIT ( * ) PLANE_ANGLE_UNIT ( ) SI_UNIT ( $, .RADIAN. ) );
#953 = ADVANCED_FACE ( 'NONE', ( #2252 ), #319, .T. ) ;
#954 = ORIENTED_EDGE ( 'NONE', *, *, #1709, .F. ) ;
#955 = LINE ( 'NONE', #2614, #2349 ) ;
#956 = VERTEX_POINT ( 'NONE', #2554 ) ;
#957 = DIRECTION ( 'NONE',  ( 0.0000000000000000000, 0.0000000000000000000, 1.000000000000000000 ) ) ;
#958 = DIRECTION ( 'NONE',  ( -0.5000000000000026645, -0.8660254037844371533, 0.0000000000000000000 ) ) ;
#959 = ORIENTED_EDGE ( 'NONE', *, *, #4191, .F. ) ;
#960 = ORIENTED_EDGE ( 'NONE', *, *, #1050, .F. ) ;
#961 = DIRECTION ( 'NONE',  ( -0.0000000000000000000, 1.000000000000000000, 0.0000000000000000000 ) ) ;
#962 = CARTESIAN_POINT ( 'NONE',  ( 1.999999975562100074, -4.799999999999999822, -1.149999999999999911 ) ) ;
#963 = FACE_OUTER_BOUND ( 'NONE', #1283, .T. ) ;
#964 = ORIENTED_EDGE ( 'NONE', *, *, #2141, .F. ) ;
#965 = DIRECTION ( 'NONE',  ( 1.000000000000000000, 0.0000000000000000000, 0.0000000000000000000 ) ) ;
#966 = DIRECTION ( 'NONE',  ( -1.000000000000000000, 0.0000000000000000000, 0.0000000000000000000 ) ) ;
#967 = ADVANCED_FACE ( 'NONE', ( #6 ), #276, .T. ) ;
#968 = DIRECTION ( 'NONE',  ( 0.0000000000000000000, -0.9396926207859085389, -0.3420201433256684354 ) ) ;
#969 = DIRECTION ( 'NONE',  ( 1.000000000000000000, 0.0000000000000000000, 0.0000000000000000000 ) ) ;
#970 = ORIENTED_EDGE ( 'NONE', *, *, #3322, .T. ) ;
#971 = CARTESIAN_POINT ( 'NONE',  ( 5.551115123125779744E-16, 8.699999999999999289, 2.950000000000000178 ) ) ;
#972 = EDGE_CURVE ( 'NONE', #3675, #1816, #3555, .T. ) ;
#973 = ORIENTED_EDGE ( 'NONE', *, *, #2266, .T. ) ;
#974 = CARTESIAN_POINT ( 'NONE',  ( -7.684314599488671682, 1.116721947485204100E-17, 2.888730162779189925 ) ) ;
#975 = VERTEX_POINT ( 'NONE', #1281 ) ;
#976 = EDGE_CURVE ( 'NONE', #1167, #428, #99, .T. ) ;
#977 = CARTESIAN_POINT ( 'NONE',  ( -2.325000024437899881, 4.200000000000000178, -1.800000000000000488 ) ) ;
#978 = DIRECTION ( 'NONE',  ( 0.0000000000000000000, 0.0000000000000000000, 1.000000000000000000 ) ) ;
#979 =( NAMED_UNIT ( * ) SI_UNIT ( $, .STERADIAN. ) SOLID_ANGLE_UNIT ( ) );
#980 = VERTEX_POINT ( 'NONE', #3146 ) ;
#981 = ORIENTED_EDGE ( 'NONE', *, *, #2584, .F. ) ;
#982 = DIRECTION ( 'NONE',  ( -2.220446049250310123E-16, 0.0000000000000000000, 1.000000000000000000 ) ) ;
#983 = DIRECTION ( 'NONE',  ( -0.0000000000000000000, 0.3420201433256691015, 0.9396926207859083169 ) ) ;
#984 = EDGE_CURVE ( 'NONE', #4000, #3964, #2828, .T. ) ;
#985 = CARTESIAN_POINT ( 'NONE',  ( -5.800000024437910184, 4.200000000000000178, 0.2999999999999999889 ) ) ;
#986 = VECTOR ( 'NONE', #2074, 1000.000000000000000 ) ;
#987 = AXIS2_PLACEMENT_3D ( 'NONE', #4042, #3406, #1432 ) ;
#988 = ORIENTED_EDGE ( 'NONE', *, *, #1530, .F. ) ;
#989 = PLANE ( 'NONE',  #3238 ) ;
#990 = VECTOR ( 'NONE', #1701, 1000.000000000000000 ) ;
#991 = AXIS2_PLACEMENT_3D ( 'NONE', #3802, #1200, #2133 ) ;
#992 = DIRECTION ( 'NONE',  ( 0.0000000000000000000, -0.0000000000000000000, 1.000000000000000000 ) ) ;
#993 = CARTESIAN_POINT ( 'NONE',  ( 3.999999975562099408, 4.200000000000000178, -2.500000000000000000 ) ) ;
#994 = DIRECTION ( 'NONE',  ( -1.000000000000000000, 0.0000000000000000000, -2.220446049250310123E-16 ) ) ;
#995 = AXIS2_PLACEMENT_3D ( 'NONE', #339, #2952, #1994 ) ;
#996 = ORIENTED_EDGE ( 'NONE', *, *, #3237, .T. ) ;
#997 = DIRECTION ( 'NONE',  ( 0.0000000000000000000, 0.0000000000000000000, 1.000000000000000000 ) ) ;
#998 = MECHANICAL_DESIGN_GEOMETRIC_PRESENTATION_REPRESENTATION (  '', ( #386 ), #3167 ) ;
#999 = DIRECTION ( 'NONE',  ( 0.0000000000000000000, 1.000000000000000000, -0.0000000000000000000 ) ) ;
#1000 = EDGE_CURVE ( 'NONE', #136, #2004, #3813, .T. ) ;
#1001 = VECTOR ( 'NONE', #3150, 1000.000000000000000 ) ;
#1002 = ORIENTED_EDGE ( 'NONE', *, *, #3341, .T. ) ;
#1003 = CARTESIAN_POINT ( 'NONE',  ( -7.850000024437909119, 0.4000000000000000777, 2.985786437626904100 ) ) ;
#1004 = ORIENTED_EDGE ( 'NONE', *, *, #3607, .T. ) ;
#1005 = CARTESIAN_POINT ( 'NONE',  ( 1.674999975562099896, 8.101009032218149386, 1.800000000000001377 ) ) ;
#1006 = FACE_OUTER_BOUND ( 'NONE', #2101, .T. ) ;
#1007 = VECTOR ( 'NONE', #1302, 1000.000000000000000 ) ;
#1008 = EDGE_CURVE ( 'NONE', #1524, #114, #1724, .T. ) ;
#1009 = EDGE_LOOP ( 'NONE', ( #1177, #3145, #3948, #2430 ) ) ;
#1010 = ORIENTED_EDGE ( 'NONE', *, *, #3373, .T. ) ;
#1011 = DIRECTION ( 'NONE',  ( 1.836970198721029688E-16, -0.0000000000000000000, 1.000000000000000000 ) ) ;
#1012 = FACE_OUTER_BOUND ( 'NONE', #4144, .T. ) ;
#1013 = CARTESIAN_POINT ( 'NONE',  ( 1.999999975562100074, 9.199999999999999289, 1.149999999999999911 ) ) ;
#1014 = VECTOR ( 'NONE', #203, 1000.000000000000114 ) ;
#1015 = ORIENTED_EDGE ( 'NONE', *, *, #1691, .T. ) ;
#1016 = PRESENTATION_STYLE_ASSIGNMENT (( #1420 ) ) ;
#1017 = COLOUR_RGB ( '',0.9529411764705881804, 0.8980392156862745390, 0.6549019607843137303 ) ;
#1018 = CARTESIAN_POINT ( 'NONE',  ( 4.699999975562099586, 4.200000000000000178, 0.3249999903142449797 ) ) ;
#1019 = LINE ( 'NONE', #2312, #2688 ) ;
#1020 = CARTESIAN_POINT ( 'NONE',  ( -2.000000024437900148, -4.799999999999999822, -1.300000000000000266 ) ) ;
#1021 = ORIENTED_EDGE ( 'NONE', *, *, #2455, .F. ) ;
#1022 = VERTEX_POINT ( 'NONE', #2320 ) ;
#1023 = PLANE ( 'NONE',  #1606 ) ;
#1024 = ORIENTED_EDGE ( 'NONE', *, *, #266, .T. ) ;
#1025 = LINE ( 'NONE', #2644, #2746 ) ;
#1026 = EDGE_CURVE ( 'NONE', #1816, #2759, #1025, .T. ) ;
#1027 = VERTEX_POINT ( 'NONE', #1005 ) ;
#1028 = DIRECTION ( 'NONE',  ( 0.0000000000000000000, 0.0000000000000000000, 1.000000000000000000 ) ) ;
#1029 = LINE ( 'NONE', #2323, #2355 ) ;
#1030 = ADVANCED_FACE ( 'NONE', ( #1066 ), #744, .T. ) ;
#1031 = CARTESIAN_POINT ( 'NONE',  ( 2.399999999999999911, 8.699999999999999289, 2.950000000000000178 ) ) ;
#1032 = EDGE_LOOP ( 'NONE', ( #3470, #1909, #823, #3474 ) ) ;
#1033 = FACE_OUTER_BOUND ( 'NONE', #2510, .T. ) ;
#1034 = EDGE_CURVE ( 'NONE', #3383, #469, #3541, .T. ) ;
#1035 = CARTESIAN_POINT ( 'NONE',  ( -2.443790392270270082E-08, 11.00000000000000000, -2.500000000000000000 ) ) ;
#1036 = DIRECTION ( 'NONE',  ( -1.000000000000000000, 0.0000000000000000000, 0.0000000000000000000 ) ) ;
#1037 = ORIENTED_EDGE ( 'NONE', *, *, #616, .T. ) ;
#1038 = PLANE ( 'NONE',  #4175 ) ;
#1039 = VERTEX_POINT ( 'NONE', #1996 ) ;
#1040 = FACE_OUTER_BOUND ( 'NONE', #934, .T. ) ;
#1041 = DIRECTION ( 'NONE',  ( 0.0000000000000000000, 0.0000000000000000000, -1.000000000000000000 ) ) ;
#1042 = DIRECTION ( 'NONE',  ( 1.000000000000000000, 0.0000000000000000000, -3.535742116640630070E-17 ) ) ;
#1043 =( BOUNDED_CURVE ( )  B_SPLINE_CURVE ( 3, ( #62, #1967, #2384, #1906 ),
 .UNSPECIFIED., .F., .F. ) 
 B_SPLINE_CURVE_WITH_KNOTS ( ( 4, 4 ),
 ( 0.0000000000000000000, 1.000000000000000000 ),
 .UNSPECIFIED. ) 
 CURVE ( )  GEOMETRIC_REPRESENTATION_ITEM ( )  RATIONAL_B_SPLINE_CURVE ( ( 1.000000000000000000, 0.8047378541243652705, 0.8047378541243652705, 1.000000000000000000 ) ) 
 REPRESENTATION_ITEM ( '' )  );
#1044 = EDGE_LOOP ( 'NONE', ( #2665, #2600, #70, #3198 ) ) ;
#1045 = EDGE_CURVE ( 'NONE', #3148, #2454, #2407, .T. ) ;
#1046 = LINE ( 'NONE', #2666, #3368 ) ;
#1047 = DIRECTION ( 'NONE',  ( -0.0000000000000000000, 1.000000000000000000, 0.0000000000000000000 ) ) ;
#1048 = VECTOR ( 'NONE', #1042, 1000.000000000000000 ) ;
#1049 = ORIENTED_EDGE ( 'NONE', *, *, #3947, .F. ) ;
#1050 = EDGE_CURVE ( 'NONE', #1590, #1083, #3340, .T. ) ;
#1051 = CARTESIAN_POINT ( 'NONE',  ( 2.324999975562100030, 8.650504516109080555, 0.6999999999999999556 ) ) ;
#1052 = CLOSED_SHELL ( 'NONE', ( #13, #2134, #2691, #919, #818, #2423, #1429, #3869 ) ) ;
#1053 = DIRECTION ( 'NONE',  ( -0.0000000000000000000, -0.0000000000000000000, -1.000000000000000000 ) ) ;
#1054 = CARTESIAN_POINT ( 'NONE',  ( -2.325000024437899881, 8.101009032218149386, 1.800000000000000266 ) ) ;
#1055 = APPLICATION_CONTEXT ( 'automotive_design' ) ;
#1056 = ORIENTED_EDGE ( 'NONE', *, *, #2801, .T. ) ;
#1057 = EDGE_CURVE ( 'NONE', #2604, #1351, #2662, .T. ) ;
#1058 = AXIS2_PLACEMENT_3D ( 'NONE', #1440, #3048, #4013 ) ;
#1059 = VECTOR ( 'NONE', #1826, 1000.000000000000000 ) ;
#1060 = DIRECTION ( 'NONE',  ( 2.220446049250310123E-16, 0.0000000000000000000, -1.000000000000000000 ) ) ;
#1061 = CARTESIAN_POINT ( 'NONE',  ( 7.435786413189004129, 0.1656854249492386855, -3.399999999999997691 ) ) ;
#1062 = VECTOR ( 'NONE', #3355, 1000.000000000000000 ) ;
#1063 = VECTOR ( 'NONE', #2586, 1000.000000000000000 ) ;
#1064 = CARTESIAN_POINT ( 'NONE',  ( 7.435786413189005017, 0.4000000000000000777, 3.400000000000002576 ) ) ;
#1065 = EDGE_LOOP ( 'NONE', ( #3060, #2849, #611, #3686 ) ) ;
#1066 = FACE_OUTER_BOUND ( 'NONE', #538, .T. ) ;
#1067 = ORIENTED_EDGE ( 'NONE', *, *, #674, .T. ) ;
#1068 = CARTESIAN_POINT ( 'NONE',  ( 2.399999999999999911, 11.00000000000000178, 2.500000000000000000 ) ) ;
#1069 = DIRECTION ( 'NONE',  ( 0.0000000000000000000, 0.0000000000000000000, 1.000000000000000000 ) ) ;
#1070 = ORIENTED_EDGE ( 'NONE', *, *, #3793, .F. ) ;
#1071 = LINE ( 'NONE', #2369, #45 ) ;
#1072 = LINE ( 'NONE', #3375, #2089 ) ;
#1073 = EDGE_CURVE ( 'NONE', #278, #2795, #3643, .T. ) ;
#1074 = ORIENTED_EDGE ( 'NONE', *, *, #2663, .F. ) ;
#1075 = DIRECTION ( 'NONE',  ( 1.000000000000000000, -0.0000000000000000000, 0.0000000000000000000 ) ) ;
#1076 = LINE ( 'NONE', #775, #986 ) ;
#1077 = LINE ( 'NONE', #498, #1549 ) ;
#1078 = EDGE_CURVE ( 'NONE', #3702, #2708, #2597, .T. ) ;
#1079 = ORIENTED_EDGE ( 'NONE', *, *, #3345, .F. ) ;
#1080 = CARTESIAN_POINT ( 'NONE',  ( 6.949999975562099586, 4.200000000000000178, 2.500000000000000000 ) ) ;
#1081 = DIRECTION ( 'NONE',  ( -0.0000000000000000000, -1.000000000000000000, -0.0000000000000000000 ) ) ;
#1082 = EDGE_CURVE ( 'NONE', #4089, #597, #73, .T. ) ;
#1083 = VERTEX_POINT ( 'NONE', #3621 ) ;
#1084 = LINE ( 'NONE', #3427, #2550 ) ;
#1085 = ORIENTED_EDGE ( 'NONE', *, *, #1073, .T. ) ;
#1086 = CARTESIAN_POINT ( 'NONE',  ( -2.000000024437900148, 9.199999999999999289, 1.149999999999999911 ) ) ;
#1087 = SURFACE_STYLE_FILL_AREA ( #2709 ) ;
#1088 = ORIENTED_EDGE ( 'NONE', *, *, #1160, .F. ) ;
#1089 = CARTESIAN_POINT ( 'NONE',  ( -6.950000024437909651, 0.0000000000000000000, 2.500000000000000000 ) ) ;
#1090 = CARTESIAN_POINT ( 'NONE',  ( -6.950000024437909651, 0.0000000000000000000, 2.499999999999997335 ) ) ;
#1091 = ORIENTED_EDGE ( 'NONE', *, *, #3125, .F. ) ;
#1092 = EDGE_CURVE ( 'NONE', #3837, #2310, #341, .T. ) ;
#1093 = CYLINDRICAL_SURFACE ( 'NONE', #575, 0.1499999999999999667 ) ;
#1094 = CARTESIAN_POINT ( 'NONE',  ( -1.675000024437900192, 8.650504516109080555, 1.600000000000000089 ) ) ;
#1095 = DIRECTION ( 'NONE',  ( 0.0000000000000000000, -1.000000000000000000, 0.0000000000000000000 ) ) ;
#1096 = VERTEX_POINT ( 'NONE', #3304 ) ;
#1097 = ADVANCED_FACE ( 'NONE', ( #723 ), #2681, .T. ) ;
#1098 = LINE ( 'NONE', #1080, #2888 ) ;
#1099 = CARTESIAN_POINT ( 'NONE',  ( 4.699999975562099586, 4.200000000000000178, -0.3250000000000000666 ) ) ;
#1100 = DIRECTION ( 'NONE',  ( 0.0000000000000000000, 0.0000000000000000000, 1.000000000000000000 ) ) ;
#1101 = ORIENTED_EDGE ( 'NONE', *, *, #1791, .F. ) ;
#1102 = EDGE_CURVE ( 'NONE', #3641, #1547, #3922, .T. ) ;
#1103 = DIRECTION ( 'NONE',  ( 0.0000000000000000000, 0.0000000000000000000, -1.000000000000000000 ) ) ;
#1104 = ORIENTED_EDGE ( 'NONE', *, *, #3830, .T. ) ;
#1105 = CARTESIAN_POINT ( 'NONE',  ( 1.699999975562100030, -4.280384757729341239, 0.6999999999999992895 ) ) ;
#1106 = DIRECTION ( 'NONE',  ( -1.000000000000000000, 0.0000000000000000000, -2.220446049250310123E-16 ) ) ;
#1107 = EDGE_LOOP ( 'NONE', ( #2139, #2228, #1649, #3683 ) ) ;
#1108 = ADVANCED_FACE ( 'NONE', ( #87 ), #2301, .T. ) ;
#1109 = PLANE ( 'NONE',  #1058 ) ;
#1110 = CARTESIAN_POINT ( 'NONE',  ( 2.399999999999999911, 8.699999999999999289, 2.500000000000000000 ) ) ;
#1111 = VECTOR ( 'NONE', #2275, 1000.000000000000000 ) ;
#1112 = EDGE_LOOP ( 'NONE', ( #1738, #4153, #298, #772 ) ) ;
#1113 = PRESENTATION_LAYER_ASSIGNMENT (  '', '', ( #1933 ) ) ;
#1114 = DIRECTION ( 'NONE',  ( 0.0000000000000000000, 0.3420201433256691015, -0.9396926207859083169 ) ) ;
#1115 = DIRECTION ( 'NONE',  ( -0.3420201433256691015, -0.9396926207859083169, 0.0000000000000000000 ) ) ;
#1116 = CARTESIAN_POINT ( 'NONE',  ( 2.299999975562100119, -4.800000000000000711, 0.9999999999999986677 ) ) ;
#1117 = PRODUCT_RELATED_PRODUCT_CATEGORY ( 'part', '', ( #1471 ) ) ;
#1118 = AXIS2_PLACEMENT_3D ( 'NONE', #2712, #158, #3025 ) ;
#1119 = VECTOR ( 'NONE', #1621, 1000.000000000000000 ) ;
#1120 = ORIENTED_EDGE ( 'NONE', *, *, #374, .T. ) ;
#1121 = LINE ( 'NONE', #3075, #3372 ) ;
#1122 = DIRECTION ( 'NONE',  ( 0.0000000000000000000, -0.9396926207859085389, 0.3420201433256683243 ) ) ;
#1123 = AXIS2_PLACEMENT_3D ( 'NONE', #310, #64, #1612 ) ;
#1124 = VECTOR ( 'NONE', #1741, 1000.000000000000000 ) ;
#1125 =( LENGTH_UNIT ( ) NAMED_UNIT ( * ) SI_UNIT ( .MILLI., .METRE. ) );
#1126 = EDGE_CURVE ( 'NONE', #944, #2947, #1301, .T. ) ;
#1127 = VECTOR ( 'NONE', #1391, 1000.000000000000000 ) ;
#1128 = EDGE_LOOP ( 'NONE', ( #1825, #3953, #170, #3562, #636, #195 ) ) ;
#1129 = CARTESIAN_POINT ( 'NONE',  ( -2.000000024437900148, 0.0000000000000000000, -1.149999999999999911 ) ) ;
#1130 = ORIENTED_EDGE ( 'NONE', *, *, #2668, .T. ) ;
#1131 = DIRECTION ( 'NONE',  ( 0.0000000000000000000, -1.000000000000000000, 0.0000000000000000000 ) ) ;
#1132 = VECTOR ( 'NONE', #2261, 1000.000000000000000 ) ;
#1133 = EDGE_LOOP ( 'NONE', ( #2058, #3706, #2106, #1615 ) ) ;
#1134 = CARTESIAN_POINT ( 'NONE',  ( 1.999999975562100074, 0.0000000000000000000, -1.000000000000000000 ) ) ;
#1135 = FACE_OUTER_BOUND ( 'NONE', #263, .T. ) ;
#1136 = ADVANCED_FACE ( 'NONE', ( #362 ), #3578, .T. ) ;
#1137 = VECTOR ( 'NONE', #3950, 1000.000000000000000 ) ;
#1138 = ORIENTED_EDGE ( 'NONE', *, *, #1026, .T. ) ;
#1139 = VECTOR ( 'NONE', #3518, 1000.000000000000000 ) ;
#1140 = DIRECTION ( 'NONE',  ( -0.5000000000000009992, 0.8660254037844380415, -0.0000000000000000000 ) ) ;
#1141 = LINE ( 'NONE', #3741, #3086 ) ;
#1142 = DIRECTION ( 'NONE',  ( 0.0000000000000000000, 0.0000000000000000000, 1.000000000000000000 ) ) ;
#1143 = CIRCLE ( 'NONE', #1557, 0.1499999999999999667 ) ;
#1144 = ORIENTED_EDGE ( 'NONE', *, *, #1215, .T. ) ;
#1145 = DIRECTION ( 'NONE',  ( 0.0000000000000000000, -0.0000000000000000000, 1.000000000000000000 ) ) ;
#1146 = CARTESIAN_POINT ( 'NONE',  ( -5.800000024437910184, 4.200000000000000178, -0.2999999999999999889 ) ) ;
#1147 = CARTESIAN_POINT ( 'NONE',  ( -2.325000024437899881, 4.200000000000000178, 1.800000000000000266 ) ) ;
#1148 = ORIENTED_EDGE ( 'NONE', *, *, #2183, .F. ) ;
#1149 = DIRECTION ( 'NONE',  ( 0.0000000000000000000, -1.000000000000000000, 0.0000000000000000000 ) ) ;
#1150 = EDGE_LOOP ( 'NONE', ( #184, #2613, #1091, #1430, #1700, #618 ) ) ;
#1151 = EDGE_CURVE ( 'NONE', #1022, #633, #1645, .T. ) ;
#1152 = LINE ( 'NONE', #2727, #2063 ) ;
#1153 = UNCERTAINTY_MEASURE_WITH_UNIT (LENGTH_MEASURE( 1.000000000000000082E-05 ), #1457, 'distance_accuracy_value', 'NONE');
#1154 = CARTESIAN_POINT ( 'NONE',  ( -4.900000024437900059, 4.200000000000000178, -0.2999999999999999889 ) ) ;
#1155 = EDGE_LOOP ( 'NONE', ( #396, #1503, #3324, #4091 ) ) ;
#1156 = DIRECTION ( 'NONE',  ( 0.0000000000000000000, 1.000000000000000000, 0.0000000000000000000 ) ) ;
#1157 = EDGE_CURVE ( 'NONE', #3363, #3194, #504, .T. ) ;
#1158 = PLANE ( 'NONE',  #3658 ) ;
#1159 = ORIENTED_EDGE ( 'NONE', *, *, #3004, .F. ) ;
#1160 = EDGE_CURVE ( 'NONE', #1366, #3040, #3763, .T. ) ;
#1161 = CYLINDRICAL_SURFACE ( 'NONE', #3438, 0.1499999999999999667 ) ;
#1162 = FACE_OUTER_BOUND ( 'NONE', #3239, .T. ) ;
#1163 = LINE ( 'NONE', #3760, #2701 ) ;
#1164 = ORIENTED_EDGE ( 'NONE', *, *, #2542, .F. ) ;
#1165 = EDGE_CURVE ( 'NONE', #956, #2337, #3424, .T. ) ;
#1166 = LINE ( 'NONE', #2461, #1252 ) ;
#1167 = VERTEX_POINT ( 'NONE', #466 ) ;
#1168 = FACE_OUTER_BOUND ( 'NONE', #338, .T. ) ;
#1169 = ORIENTED_EDGE ( 'NONE', *, *, #2359, .T. ) ;
#1170 = DIRECTION ( 'NONE',  ( 1.000000000000000000, 0.0000000000000000000, -0.0000000000000000000 ) ) ;
#1171 =( NAMED_UNIT ( * ) SI_UNIT ( $, .STERADIAN. ) SOLID_ANGLE_UNIT ( ) );
#1172 = ORIENTED_EDGE ( 'NONE', *, *, #3527, .T. ) ;
#1173 = ORIENTED_EDGE ( 'NONE', *, *, #2764, .T. ) ;
#1174 = CARTESIAN_POINT ( 'NONE',  ( -1.675000024437900192, 4.200000000000000178, -0.5000000000000000000 ) ) ;
#1175 = CARTESIAN_POINT ( 'NONE',  ( -5.500000024437910362, -4.799999999999999822, 0.0000000000000000000 ) ) ;
#1176 = ADVANCED_FACE ( 'NONE', ( #2444 ), #2080, .T. ) ;
#1177 = ORIENTED_EDGE ( 'NONE', *, *, #757, .F. ) ;
#1178 = CARTESIAN_POINT ( 'NONE',  ( -2.325000024437899881, 9.199999999999999289, 1.400000000000001021 ) ) ;
#1179 = PLANE ( 'NONE',  #2820 ) ;
#1180 = DIRECTION ( 'NONE',  ( 1.000000000000000000, -9.614813431917820315E-17, 1.665334536937730373E-16 ) ) ;
#1181 = EDGE_CURVE ( 'NONE', #2553, #3964, #3450, .T. ) ;
#1182 = EDGE_LOOP ( 'NONE', ( #2661, #1, #1602, #2251 ) ) ;
#1183 = AXIS2_PLACEMENT_3D ( 'NONE', #2466, #4074, #3769 ) ;
#1184 = CARTESIAN_POINT ( 'NONE',  ( -4.700000024437909651, 4.200000000000000178, 4.212443588391679700E-09 ) ) ;
#1185 = DIRECTION ( 'NONE',  ( 0.0000000000000000000, -1.000000000000000000, 0.0000000000000000000 ) ) ;
#1186 = VECTOR ( 'NONE', #1342, 1000.000000000000000 ) ;
#1187 = EDGE_CURVE ( 'NONE', #4073, #452, #1774, .T. ) ;
#1188 = ORIENTED_EDGE ( 'NONE', *, *, #3453, .T. ) ;
#1189 = VECTOR ( 'NONE', #3887, 1000.000000000000000 ) ;
#1190 = DIRECTION ( 'NONE',  ( -0.0000000000000000000, -1.000000000000000000, 0.0000000000000000000 ) ) ;
#1191 = CIRCLE ( 'NONE', #2072, 1.000000000000000000 ) ;
#1192 = DIRECTION ( 'NONE',  ( -0.0000000000000000000, 0.0000000000000000000, -1.000000000000000000 ) ) ;
#1193 = DIRECTION ( 'NONE',  ( 0.0000000000000000000, -1.000000000000000000, 0.0000000000000000000 ) ) ;
#1194 = VERTEX_POINT ( 'NONE', #2121 ) ;
#1195 = DIRECTION ( 'NONE',  ( 0.0000000000000000000, -1.000000000000000000, 0.0000000000000000000 ) ) ;
#1196 = STYLED_ITEM ( 'NONE', ( #2857 ), #2677 ) ;
#1197 = CARTESIAN_POINT ( 'NONE',  ( -7.850000024437909119, 11.00000000000000000, 1.665334536937730077E-15 ) ) ;
#1198 = VECTOR ( 'NONE', #1966, 1000.000000000000000 ) ;
#1199 = ORIENTED_EDGE ( 'NONE', *, *, #3899, .F. ) ;
#1200 = DIRECTION ( 'NONE',  ( 0.0000000000000000000, 1.000000000000000000, -0.0000000000000000000 ) ) ;
#1201 = ADVANCED_FACE ( 'NONE', ( #3104 ), #3079, .T. ) ;
#1202 = AXIS2_PLACEMENT_3D ( 'NONE', #3804, #1589, #2220 ) ;
#1203 = DIRECTION ( 'NONE',  ( 0.0000000000000000000, -1.000000000000000000, 0.0000000000000000000 ) ) ;
#1204 = LINE ( 'NONE', #3481, #661 ) ;
#1205 = ORIENTED_EDGE ( 'NONE', *, *, #2931, .F. ) ;
#1206 = VECTOR ( 'NONE', #183, 1000.000000000000000 ) ;
#1207 = CARTESIAN_POINT ( 'NONE',  ( 4.699999975562099586, 4.200000000000000178, 0.3249999903142449797 ) ) ;
#1208 = EDGE_CURVE ( 'NONE', #3050, #463, #1831, .T. ) ;
#1209 = LINE ( 'NONE', #2846, #566 ) ;
#1210 = AXIS2_PLACEMENT_3D ( 'NONE', #620, #706, #1378 ) ;
#1211 = ORIENTED_EDGE ( 'NONE', *, *, #1495, .F. ) ;
#1212 = CIRCLE ( 'NONE', #3256, 0.1499999999999999667 ) ;
#1213 = FACE_BOUND ( 'NONE', #4071, .T. ) ;
#1214 = ORIENTED_EDGE ( 'NONE', *, *, #3415, .F. ) ;
#1215 = EDGE_CURVE ( 'NONE', #2326, #2628, #807, .T. ) ;
#1216 = CARTESIAN_POINT ( 'NONE',  ( -5.350000024437910007, 4.200000000000000178, 0.0000000000000000000 ) ) ;
#1217 = VERTEX_POINT ( 'NONE', #1433 ) ;
#1218 = VERTEX_POINT ( 'NONE', #2143 ) ;
#1219 = LINE ( 'NONE', #2497, #4187 ) ;
#1220 = CARTESIAN_POINT ( 'NONE',  ( -2.325000024437899881, 9.199999999999999289, 0.9000000000000001332 ) ) ;
#1221 = ORIENTED_EDGE ( 'NONE', *, *, #120, .T. ) ;
#1222 = FILL_AREA_STYLE ('',( #924 ) ) ;
#1223 = CARTESIAN_POINT ( 'NONE',  ( -2.325000024437899881, 4.200000000000000178, 0.5000000000000000000 ) ) ;
#1224 = LINE ( 'NONE', #4122, #172 ) ;
#1225 = LINE ( 'NONE', #1270, #3794 ) ;
#1226 = MANIFOLD_SOLID_BREP ( 'K\X\F6rper16', #2476 ) ;
#1227 = ORIENTED_EDGE ( 'NONE', *, *, #2719, .T. ) ;
#1228 = EDGE_CURVE ( 'NONE', #3727, #4059, #2763, .T. ) ;
#1229 = DIRECTION ( 'NONE',  ( -7.450580804023120685E-09, 0.0000000000000000000, 1.000000000000000000 ) ) ;
#1230 = DIRECTION ( 'NONE',  ( 1.000000000000000000, -0.0000000000000000000, 0.0000000000000000000 ) ) ;
#1231 = EDGE_CURVE ( 'NONE', #1833, #1442, #844, .T. ) ;
#1232 = MANIFOLD_SOLID_BREP ( 'K\X\F6rper6', #570 ) ;
#1233 = ORIENTED_EDGE ( 'NONE', *, *, #3379, .T. ) ;
#1234 = DIRECTION ( 'NONE',  ( -1.000000000000000000, -0.0000000000000000000, 0.0000000000000000000 ) ) ;
#1235 = ORIENTED_EDGE ( 'NONE', *, *, #358, .T. ) ;
#1236 = CARTESIAN_POINT ( 'NONE',  ( 5.999999975562100296, 9.199999999999999289, -0.3250000000000000666 ) ) ;
#1237 = EDGE_CURVE ( 'NONE', #3631, #3263, #3357, .T. ) ;
#1238 = ORIENTED_EDGE ( 'NONE', *, *, #1092, .T. ) ;
#1239 = CARTESIAN_POINT ( 'NONE',  ( 1.674999975562099896, 9.199999999999999289, -1.800000000000000266 ) ) ;
#1240 = DIRECTION ( 'NONE',  ( 1.000000000000000000, 0.0000000000000000000, 6.480682497055610048E-09 ) ) ;
#1241 = ORIENTED_EDGE ( 'NONE', *, *, #2057, .T. ) ;
#1242 =( LENGTH_UNIT ( ) NAMED_UNIT ( * ) SI_UNIT ( .MILLI., .METRE. ) );
#1243 = DIRECTION ( 'NONE',  ( -0.8660254037844380415, -0.5000000000000009992, 0.0000000000000000000 ) ) ;
#1244 = LINE ( 'NONE', #4142, #505 ) ;
#1245 = CARTESIAN_POINT ( 'NONE',  ( 5.999999975562101184, 8.101009032218149386, 0.3249999985098840360 ) ) ;
#1246 = EDGE_LOOP ( 'NONE', ( #273, #3820, #103, #2537, #745, #2145 ) ) ;
#1247 = CARTESIAN_POINT ( 'NONE',  ( 1.999999975562100074, 4.200000000000000178, -1.149999999999999911 ) ) ;
#1248 = AXIS2_PLACEMENT_3D ( 'NONE', #1875, #957, #1599 ) ;
#1249 = ORIENTED_EDGE ( 'NONE', *, *, #740, .F. ) ;
#1250 = CARTESIAN_POINT ( 'NONE',  ( -6.850000024437910007, 0.4000000000000000222, -3.399999999999999467 ) ) ;
#1251 = ORIENTED_EDGE ( 'NONE', *, *, #3100, .T. ) ;
#1252 = VECTOR ( 'NONE', #3449, 1000.000000000000000 ) ;
#1253 = CARTESIAN_POINT ( 'NONE',  ( -2.325000024437899881, 4.200000000000000178, -1.800000000000000488 ) ) ;
#1254 = DIRECTION ( 'NONE',  ( 0.0000000000000000000, 0.0000000000000000000, 1.000000000000000000 ) ) ;
#1255 = PRODUCT_CONTEXT ( 'NONE', #1055, 'mechanical' ) ;
#1256 = EDGE_LOOP ( 'NONE', ( #1989, #1388, #1728, #3960, #3599, #2023 ) ) ;
#1257 = VECTOR ( 'NONE', #2841, 1000.000000000000000 ) ;
#1258 = AXIS2_PLACEMENT_3D ( 'NONE', #1207, #1229, #2506 ) ;
#1259 = ORIENTED_EDGE ( 'NONE', *, *, #88, .F. ) ;
#1260 = CARTESIAN_POINT ( 'NONE',  ( 6.849999975562099053, 11.00000000000000000, 3.399999999999999467 ) ) ;
#1261 = VECTOR ( 'NONE', #3745, 1000.000000000000000 ) ;
#1262 = AXIS2_PLACEMENT_3D ( 'NONE', #244, #3443, #3136 ) ;
#1263 = DIRECTION ( 'NONE',  ( 0.0000000000000000000, -1.000000000000000000, 0.0000000000000000000 ) ) ;
#1264 = ORIENTED_EDGE ( 'NONE', *, *, #2122, .F. ) ;
#1265 = VECTOR ( 'NONE', #965, 1000.000000000000000 ) ;
#1266 = DIRECTION ( 'NONE',  ( 0.0000000000000000000, 0.0000000000000000000, 1.000000000000000000 ) ) ;
#1267 = LINE ( 'NONE', #1587, #1740 ) ;
#1268 = EDGE_CURVE ( 'NONE', #4015, #846, #1209, .T. ) ;
#1269 = DIRECTION ( 'NONE',  ( 0.0000000000000000000, 1.000000000000000000, 0.0000000000000000000 ) ) ;
#1270 = CARTESIAN_POINT ( 'NONE',  ( -5.800000024437910184, -4.280384757729341239, 0.2999999999999999889 ) ) ;
#1271 = MECHANICAL_DESIGN_GEOMETRIC_PRESENTATION_REPRESENTATION (  '', ( #3243 ), #2760 ) ;
#1272 = ORIENTED_EDGE ( 'NONE', *, *, #3230, .F. ) ;
#1273 = VECTOR ( 'NONE', #2001, 1000.000000000000000 ) ;
#1274 = DIRECTION ( 'NONE',  ( -1.000000000000000000, 0.0000000000000000000, -0.0000000000000000000 ) ) ;
#1275 = DIRECTION ( 'NONE',  ( 0.0000000000000000000, -1.000000000000000000, 0.0000000000000000000 ) ) ;
#1276 = AXIS2_PLACEMENT_3D ( 'NONE', #1737, #4079, #2713 ) ;
#1277 = EDGE_LOOP ( 'NONE', ( #2474, #375, #1130, #703 ) ) ;
#1278 = LINE ( 'NONE', #3874, #4120 ) ;
#1279 = ORIENTED_EDGE ( 'NONE', *, *, #57, .T. ) ;
#1280 = PRESENTATION_LAYER_ASSIGNMENT (  '', '', ( #3114 ) ) ;
#1281 = CARTESIAN_POINT ( 'NONE',  ( -1.700000024437900104, 4.200000000000000178, 1.600000000000000089 ) ) ;
#1282 = DIRECTION ( 'NONE',  ( -1.000000000000000000, 0.0000000000000000000, 0.0000000000000000000 ) ) ;
#1283 = EDGE_LOOP ( 'NONE', ( #2176, #813, #841, #489 ) ) ;
#1284 = VERTEX_POINT ( 'NONE', #3205 ) ;
#1285 = LINE ( 'NONE', #1902, #2829 ) ;
#1286 = DIRECTION ( 'NONE',  ( -2.220446049250310123E-16, 0.0000000000000000000, 1.000000000000000000 ) ) ;
#1287 = ORIENTED_EDGE ( 'NONE', *, *, #2584, .T. ) ;
#1288 = EDGE_CURVE ( 'NONE', #563, #1732, #2546, .T. ) ;
#1289 = CARTESIAN_POINT ( 'NONE',  ( -1.675000024437900192, 8.650504516109080555, 0.6999999999999999556 ) ) ;
#1290 = CARTESIAN_POINT ( 'NONE',  ( -5.600000024437900237, 9.199999999999999289, 4.212443588391679700E-09 ) ) ;
#1291 = LINE ( 'NONE', #2289, #1189 ) ;
#1292 = CARTESIAN_POINT ( 'NONE',  ( 1.674999975562099896, 9.199999999999999289, 0.9000000000000001332 ) ) ;
#1293 = ORIENTED_EDGE ( 'NONE', *, *, #2347, .T. ) ;
#1294 = EDGE_CURVE ( 'NONE', #2425, #3363, #2803, .T. ) ;
#1295 = LINE ( 'NONE', #356, #2414 ) ;
#1296 = LINE ( 'NONE', #3570, #1186 ) ;
#1297 = ADVANCED_FACE ( 'NONE', ( #2573 ), #2197, .F. ) ;
#1298 = ORIENTED_EDGE ( 'NONE', *, *, #1575, .T. ) ;
#1299 = CARTESIAN_POINT ( 'NONE',  ( -6.850000024437910007, 5.421010862427522170E-17, 2.999999999999999556 ) ) ;
#1300 = EDGE_LOOP ( 'NONE', ( #3812, #3017, #2917, #1211 ) ) ;
#1301 = LINE ( 'NONE', #977, #1111 ) ;
#1302 = DIRECTION ( 'NONE',  ( 0.0000000000000000000, -0.0000000000000000000, 1.000000000000000000 ) ) ;
#1303 =( LENGTH_UNIT ( ) NAMED_UNIT ( * ) SI_UNIT ( .MILLI., .METRE. ) );
#1304 = ORIENTED_EDGE ( 'NONE', *, *, #3207, .F. ) ;
#1305 = EDGE_LOOP ( 'NONE', ( #3426, #3900, #3567, #1304 ) ) ;
#1306 = FACE_OUTER_BOUND ( 'NONE', #2518, .T. ) ;
#1307 = CARTESIAN_POINT ( 'NONE',  ( -7.850000024437909119, 11.00000000000000000, 2.399999999999999911 ) ) ;
#1308 = CARTESIAN_POINT ( 'NONE',  ( 1.674999975562099896, 8.101009032218149386, 1.800000000000000266 ) ) ;
#1309 = VERTEX_POINT ( 'NONE', #3142 ) ;
#1310 =( NAMED_UNIT ( * ) PLANE_ANGLE_UNIT ( ) SI_UNIT ( $, .RADIAN. ) );
#1311 = DIRECTION ( 'NONE',  ( -1.000000000000000000, 0.0000000000000000000, -2.220446049250310123E-16 ) ) ;
#1312 = LINE ( 'NONE', #3909, #714 ) ;
#1313 = CARTESIAN_POINT ( 'NONE',  ( 2.399999999999999911, 11.00000000000000000, 2.500000000000000000 ) ) ;
#1314 = ADVANCED_FACE ( 'NONE', ( #2247 ), #3509, .F. ) ;
#1315 = VERTEX_POINT ( 'NONE', #869 ) ;
#1316 = DIRECTION ( 'NONE',  ( -1.000000000000000000, 0.0000000000000000000, 0.0000000000000000000 ) ) ;
#1317 = SURFACE_SIDE_STYLE ('',( #2014 ) ) ;
#1318 = ADVANCED_FACE ( 'NONE', ( #3187 ), #933, .T. ) ;
#1319 = ORIENTED_EDGE ( 'NONE', *, *, #4094, .T. ) ;
#1320 = CARTESIAN_POINT ( 'NONE',  ( -6.000000024437906809, 8.101009032218147610, -0.3249999957875560064 ) ) ;
#1321 = ORIENTED_EDGE ( 'NONE', *, *, #3764, .T. ) ;
#1322 = DIRECTION ( 'NONE',  ( 0.0000000000000000000, 0.0000000000000000000, -1.000000000000000000 ) ) ;
#1323 = PLANE ( 'NONE',  #2151 ) ;
#1324 = ADVANCED_FACE ( 'NONE', ( #3788 ), #272, .F. ) ;
#1325 = ORIENTED_EDGE ( 'NONE', *, *, #2188, .T. ) ;
#1326 = ORIENTED_EDGE ( 'NONE', *, *, #2015, .F. ) ;
#1327 = VECTOR ( 'NONE', #486, 1000.000000000000000 ) ;
#1328 = DIRECTION ( 'NONE',  ( 0.0000000000000000000, 0.8660254037844371533, 0.5000000000000026645 ) ) ;
#1329 = CARTESIAN_POINT ( 'NONE',  ( -2.000000024437909918, 1.889999999999999902, 1.300000000000000044 ) ) ;
#1330 =( NAMED_UNIT ( * ) SI_UNIT ( $, .STERADIAN. ) SOLID_ANGLE_UNIT ( ) );
#1331 = AXIS2_PLACEMENT_3D ( 'NONE', #2225, #4104, #629 ) ;
#1332 = VECTOR ( 'NONE', #1892, 1000.000000000000000 ) ;
#1333 = EDGE_LOOP ( 'NONE', ( #2318, #1753, #2127, #2391 ) ) ;
#1334 = VECTOR ( 'NONE', #961, 1000.000000000000000 ) ;
#1335 = VECTOR ( 'NONE', #2033, 1000.000000000000000 ) ;
#1336 = CARTESIAN_POINT ( 'NONE',  ( 2.324999975562100030, 4.200000000000000178, 1.149999999999999911 ) ) ;
#1337 = DIRECTION ( 'NONE',  ( 0.0000000000000000000, 0.0000000000000000000, -1.000000000000000000 ) ) ;
#1338 = CARTESIAN_POINT ( 'NONE',  ( 2.149999975562100207, -4.799999999999999822, 1.300000000000000488 ) ) ;
#1339 = AXIS2_PLACEMENT_3D ( 'NONE', #3015, #1727, #1435 ) ;
#1340 = ORIENTED_EDGE ( 'NONE', *, *, #3341, .F. ) ;
#1341 = ADVANCED_FACE ( 'NONE', ( #3530 ), #2162, .T. ) ;
#1342 = DIRECTION ( 'NONE',  ( -0.0000000000000000000, -1.000000000000000000, -0.0000000000000000000 ) ) ;
#1343 = AXIS2_PLACEMENT_3D ( 'NONE', #3022, #1397, #2367 ) ;
#1344 = EDGE_LOOP ( 'NONE', ( #1856, #1415, #1820, #2235 ) ) ;
#1345 = ADVANCED_FACE ( 'NONE', ( #1911 ), #3076, .T. ) ;
#1346 = CARTESIAN_POINT ( 'NONE',  ( -7.435786462064813307, 0.1656854249492380471, 3.399999999999999467 ) ) ;
#1347 = ORIENTED_EDGE ( 'NONE', *, *, #2041, .F. ) ;
#1348 = DIRECTION ( 'NONE',  ( 0.0000000000000000000, 1.000000000000000000, 0.0000000000000000000 ) ) ;
#1349 = CARTESIAN_POINT ( 'NONE',  ( 5.799999975562100119, -4.280384757729341239, -0.2999999999999999889 ) ) ;
#1350 = AXIS2_PLACEMENT_3D ( 'NONE', #666, #2343, #2920 ) ;
#1351 = VERTEX_POINT ( 'NONE', #2611 ) ;
#1352 = EDGE_CURVE ( 'NONE', #846, #278, #377, .T. ) ;
#1353 = CARTESIAN_POINT ( 'NONE',  ( -2.399999999999999911, 11.00000000000000000, 3.399999999999999911 ) ) ;
#1354 = FACE_OUTER_BOUND ( 'NONE', #75, .T. ) ;
#1355 = MANIFOLD_SOLID_BREP ( 'K\X\F6rper13', #2132 ) ;
#1356 = LINE ( 'NONE', #59, #3728 ) ;
#1357 = AXIS2_PLACEMENT_3D ( 'NONE', #2189, #1841, #3134 ) ;
#1358 = VERTEX_POINT ( 'NONE', #1641 ) ;
#1359 = EDGE_CURVE ( 'NONE', #2454, #3148, #2066, .T. ) ;
#1360 = LINE ( 'NONE', #2046, #929 ) ;
#1361 =( GEOMETRIC_REPRESENTATION_CONTEXT ( 3 ) GLOBAL_UNCERTAINTY_ASSIGNED_CONTEXT ( ( #853 ) ) GLOBAL_UNIT_ASSIGNED_CONTEXT ( ( #2830, #568, #1876 ) ) REPRESENTATION_CONTEXT ( 'NONE', 'WORKASPACE' ) );
#1362 = FACE_OUTER_BOUND ( 'NONE', #1604, .T. ) ;
#1363 = DIRECTION ( 'NONE',  ( 0.0000000000000000000, 0.0000000000000000000, -1.000000000000000000 ) ) ;
#1364 = PLANE ( 'NONE',  #1953 ) ;
#1365 = MANIFOLD_SOLID_BREP ( 'K\X\F6rper5', #4112 ) ;
#1366 = VERTEX_POINT ( 'NONE', #2268 ) ;
#1367 = PLANE ( 'NONE',  #3637 ) ;
#1368 = SURFACE_SIDE_STYLE ('',( #2316 ) ) ;
#1369 = EDGE_CURVE ( 'NONE', #3671, #1833, #2, .T. ) ;
#1370 = ORIENTED_EDGE ( 'NONE', *, *, #2714, .F. ) ;
#1371 = FACE_OUTER_BOUND ( 'NONE', #4188, .T. ) ;
#1372 = EDGE_LOOP ( 'NONE', ( #2951, #1409, #1809, #3202 ) ) ;
#1373 = CARTESIAN_POINT ( 'NONE',  ( 2.299999975562100119, 4.200000000000000178, 0.6999999999999991784 ) ) ;
#1374 = EDGE_CURVE ( 'NONE', #2902, #2035, #21, .T. ) ;
#1375 = ORIENTED_EDGE ( 'NONE', *, *, #3544, .T. ) ;
#1376 = PLANE ( 'NONE',  #1674 ) ;
#1377 = CARTESIAN_POINT ( 'NONE',  ( -7.850000024437909119, 0.4000000000000000222, -2.399999999999999911 ) ) ;
#1378 = DIRECTION ( 'NONE',  ( 0.0000000000000000000, 0.0000000000000000000, 1.000000000000000000 ) ) ;
#1379 = EDGE_CURVE ( 'NONE', #1358, #1581, #1296, .T. ) ;
#1380 = VERTEX_POINT ( 'NONE', #3255 ) ;
#1381 = CARTESIAN_POINT ( 'NONE',  ( 6.849999975562099941, 1.355252715606880543E-17, 2.999999999999999556 ) ) ;
#1382 = LINE ( 'NONE', #117, #3710 ) ;
#1383 = DIRECTION ( 'NONE',  ( 0.0000000000000000000, -1.000000000000000000, 0.0000000000000000000 ) ) ;
#1384 = EDGE_CURVE ( 'NONE', #1688, #3050, #3997, .T. ) ;
#1385 = ORIENTED_EDGE ( 'NONE', *, *, #3941, .F. ) ;
#1386 = CARTESIAN_POINT ( 'NONE',  ( -2.300000024437899970, 4.200000000000000178, 0.7000000000000009548 ) ) ;
#1387 = LINE ( 'NONE', #3009, #2894 ) ;
#1388 = ORIENTED_EDGE ( 'NONE', *, *, #3149, .F. ) ;
#1389 = CARTESIAN_POINT ( 'NONE',  ( 6.849999975562099941, 0.0000000000000000000, -3.000000000000000000 ) ) ;
#1390 = ORIENTED_EDGE ( 'NONE', *, *, #3806, .T. ) ;
#1391 = DIRECTION ( 'NONE',  ( 0.0000000000000000000, 1.000000000000000000, 0.0000000000000000000 ) ) ;
#1392 = LINE ( 'NONE', #3966, #1137 ) ;
#1393 = EDGE_CURVE ( 'NONE', #3618, #850, #4035, .T. ) ;
#1394 = DIRECTION ( 'NONE',  ( -0.0000000000000000000, 0.0000000000000000000, -1.000000000000000000 ) ) ;
#1395 = AXIS2_PLACEMENT_3D ( 'NONE', #3876, #3235, #567 ) ;
#1396 = VERTEX_POINT ( 'NONE', #497 ) ;
#1397 = DIRECTION ( 'NONE',  ( 0.0000000000000000000, -1.000000000000000000, 0.0000000000000000000 ) ) ;
#1398 = ADVANCED_FACE ( 'NONE', ( #1162 ), #3677, .T. ) ;
#1399 = AXIS2_PLACEMENT_3D ( 'NONE', #2658, #1973, #655 ) ;
#1400 = LINE ( 'NONE', #1422, #106 ) ;
#1401 = PLANE ( 'NONE',  #4197 ) ;
#1402 = ORIENTED_EDGE ( 'NONE', *, *, #1556, .F. ) ;
#1403 = VECTOR ( 'NONE', #2752, 1000.000000000000000 ) ;
#1404 = VECTOR ( 'NONE', #3392, 1000.000000000000000 ) ;
#1405 = EDGE_CURVE ( 'NONE', #3521, #2887, #2051, .T. ) ;
#1406 = CARTESIAN_POINT ( 'NONE',  ( 7.449999975562099586, 0.4000000000000000222, -2.399999999999999467 ) ) ;
#1407 = PLANE ( 'NONE',  #2341 ) ;
#1408 = VECTOR ( 'NONE', #564, 1000.000000000000000 ) ;
#1409 = ORIENTED_EDGE ( 'NONE', *, *, #2091, .F. ) ;
#1410 = DIRECTION ( 'NONE',  ( -1.000000000000000000, 0.0000000000000000000, -1.797123601011940016E-16 ) ) ;
#1411 = PLANE ( 'NONE',  #102 ) ;
#1412 = SURFACE_STYLE_FILL_AREA ( #3058 ) ;
#1413 = VERTEX_POINT ( 'NONE', #1743 ) ;
#1414 = CARTESIAN_POINT ( 'NONE',  ( 5.349999975562099941, 4.200000000000000178, 0.0000000000000000000 ) ) ;
#1415 = ORIENTED_EDGE ( 'NONE', *, *, #2750, .F. ) ;
#1416 = AXIS2_PLACEMENT_3D ( 'NONE', #4155, #3492, #918 ) ;
#1417 = FILL_AREA_STYLE_COLOUR ( '', #2979 ) ;
#1418 = VECTOR ( 'NONE', #2390, 1000.000000000000000 ) ;
#1419 = ORIENTED_EDGE ( 'NONE', *, *, #145, .F. ) ;
#1420 = SURFACE_STYLE_USAGE ( .BOTH. , #3289 ) ;
#1421 = MECHANICAL_DESIGN_GEOMETRIC_PRESENTATION_REPRESENTATION (  '', ( #259 ), #196 ) ;
#1422 = CARTESIAN_POINT ( 'NONE',  ( -4.900000024437900059, -4.280384757729341239, -0.2999999999999999889 ) ) ;
#1423 = LINE ( 'NONE', #1441, #593 ) ;
#1424 = VERTEX_POINT ( 'NONE', #2457 ) ;
#1425 = VECTOR ( 'NONE', #550, 1000.000000000000000 ) ;
#1426 = CARTESIAN_POINT ( 'NONE',  ( -2.325000024437899881, 9.199999999999999289, 0.8999999999999996891 ) ) ;
#1427 = CARTESIAN_POINT ( 'NONE',  ( -2.300000024437899970, 4.200000000000000178, -1.149999999999999911 ) ) ;
#1428 = CARTESIAN_POINT ( 'NONE',  ( -2.000000024437900148, 9.199999999999999289, -1.399999999999999911 ) ) ;
#1429 = ADVANCED_FACE ( 'NONE', ( #2717 ), #4018, .T. ) ;
#1430 = ORIENTED_EDGE ( 'NONE', *, *, #3487, .T. ) ;
#1431 = LINE ( 'NONE', #4158, #1265 ) ;
#1432 = DIRECTION ( 'NONE',  ( 0.0000000000000000000, -0.0000000000000000000, 1.000000000000000000 ) ) ;
#1433 = CARTESIAN_POINT ( 'NONE',  ( 5.799999975562100119, 4.200000000000000178, -0.2999999999999999889 ) ) ;
#1434 = ORIENTED_EDGE ( 'NONE', *, *, #3293, .F. ) ;
#1435 = DIRECTION ( 'NONE',  ( 0.0000000000000000000, -0.8660254037844380415, -0.5000000000000009992 ) ) ;
#1436 = VERTEX_POINT ( 'NONE', #3032 ) ;
#1437 = DIRECTION ( 'NONE',  ( 0.0000000000000000000, 0.9396926207859083169, 0.3420201433256691015 ) ) ;
#1438 = VERTEX_POINT ( 'NONE', #820 ) ;
#1439 = FACE_OUTER_BOUND ( 'NONE', #3172, .T. ) ;
#1440 = CARTESIAN_POINT ( 'NONE',  ( 2.299999975562100119, 4.200000000000000178, 1.600000000000000089 ) ) ;
#1441 = CARTESIAN_POINT ( 'NONE',  ( -2.300000024437899970, 4.200000000000000178, 0.7000000000000009548 ) ) ;
#1442 = VERTEX_POINT ( 'NONE', #2374 ) ;
#1443 = CARTESIAN_POINT ( 'NONE',  ( -5.650000024437909829, -4.540192378864669642, 0.2999999999999999889 ) ) ;
#1444 = EDGE_CURVE ( 'NONE', #4201, #1732, #1445, .T. ) ;
#1445 = LINE ( 'NONE', #1094, #2815 ) ;
#1446 = CARTESIAN_POINT ( 'NONE',  ( 6.849999975562099941, 0.0000000000000000000, -2.399999999999999911 ) ) ;
#1447 = ORIENTED_EDGE ( 'NONE', *, *, #2676, .F. ) ;
#1448 = CARTESIAN_POINT ( 'NONE',  ( 3.999999975562099408, 0.0000000000000000000, -2.500000000000000000 ) ) ;
#1449 = LINE ( 'NONE', #2422, #3362 ) ;
#1450 = EDGE_CURVE ( 'NONE', #1983, #299, #1076, .T. ) ;
#1451 = DIRECTION ( 'NONE',  ( -0.0000000000000000000, -1.000000000000000000, -0.0000000000000000000 ) ) ;
#1452 = VERTEX_POINT ( 'NONE', #2416 ) ;
#1453 = LINE ( 'NONE', #2042, #109 ) ;
#1454 = ORIENTED_EDGE ( 'NONE', *, *, #840, .F. ) ;
#1455 = ADVANCED_FACE ( 'NONE', ( #417 ), #2439, .T. ) ;
#1456 = PLANE ( 'NONE',  #3916 ) ;
#1457 =( LENGTH_UNIT ( ) NAMED_UNIT ( * ) SI_UNIT ( .MILLI., .METRE. ) );
#1458 = ORIENTED_EDGE ( 'NONE', *, *, #734, .T. ) ;
#1459 =( NAMED_UNIT ( * ) SI_UNIT ( $, .STERADIAN. ) SOLID_ANGLE_UNIT ( ) );
#1460 = DIRECTION ( 'NONE',  ( 0.0000000000000000000, -1.000000000000000000, 0.0000000000000000000 ) ) ;
#1461 = CARTESIAN_POINT ( 'NONE',  ( -2.000000024437900148, 0.0000000000000000000, -1.000000000000000000 ) ) ;
#1462 = AXIS2_PLACEMENT_3D ( 'NONE', #3281, #1666, #3665 ) ;
#1463 = ORIENTED_EDGE ( 'NONE', *, *, #1078, .T. ) ;
#1464 = VECTOR ( 'NONE', #3381, 1000.000000000000000 ) ;
#1465 = DIRECTION ( 'NONE',  ( 1.000000000000000000, -0.0000000000000000000, 0.0000000000000000000 ) ) ;
#1466 = LINE ( 'NONE', #801, #1533 ) ;
#1467 = DIRECTION ( 'NONE',  ( -0.0000000000000000000, -1.000000000000000000, -0.0000000000000000000 ) ) ;
#1468 = VECTOR ( 'NONE', #587, 1000.000000000000000 ) ;
#1469 = VERTEX_POINT ( 'NONE', #3052 ) ;
#1470 = EDGE_CURVE ( 'NONE', #175, #4089, #1466, .T. ) ;
#1471 = PRODUCT ( '5449AF4E-04E1-446F-A4BC-5A4ED5C8B59B', '5449AF4E-04E1-446F-A4BC-5A4ED5C8B59B', '', ( #1255 ) ) ;
#1472 = CARTESIAN_POINT ( 'NONE',  ( 7.449999975562100474, 5.421010862427522170E-17, 2.400000000000000355 ) ) ;
#1473 = CARTESIAN_POINT ( 'NONE',  ( 5.349999975562099941, 4.200000000000000178, 0.0000000000000000000 ) ) ;
#1474 = AXIS2_PLACEMENT_3D ( 'NONE', #15, #1311, #4180 ) ;
#1475 = VERTEX_POINT ( 'NONE', #3337 ) ;
#1476 = EDGE_LOOP ( 'NONE', ( #4008, #964, #3826, #1553 ) ) ;
#1477 = DIRECTION ( 'NONE',  ( 0.9396926207859083169, 0.3420201433256691015, 0.0000000000000000000 ) ) ;
#1478 = AXIS2_PLACEMENT_3D ( 'NONE', #2810, #1156, #2388 ) ;
#1479 = CARTESIAN_POINT ( 'NONE',  ( 6.849999975562099941, 0.4000000000000000222, 2.999999999999999556 ) ) ;
#1480 = EDGE_CURVE ( 'NONE', #633, #275, #2617, .T. ) ;
#1481 = ORIENTED_EDGE ( 'NONE', *, *, #724, .F. ) ;
#1482 = VECTOR ( 'NONE', #2718, 1000.000000000000000 ) ;
#1483 = CYLINDRICAL_SURFACE ( 'NONE', #1478, 1.000000000000000000 ) ;
#1484 = DIRECTION ( 'NONE',  ( -1.000000000000000000, -0.0000000000000000000, -0.0000000000000000000 ) ) ;
#1485 = EDGE_CURVE ( 'NONE', #597, #3346, #3401, .T. ) ;
#1486 = ORIENTED_EDGE ( 'NONE', *, *, #1705, .T. ) ;
#1487 = VECTOR ( 'NONE', #1180, 1000.000000000000000 ) ;
#1488 = CARTESIAN_POINT ( 'NONE',  ( 5.049999975562090349, -4.540192378864669642, 0.1499999999999999944 ) ) ;
#1489 = DIRECTION ( 'NONE',  ( -0.0000000000000000000, 0.0000000000000000000, -1.000000000000000000 ) ) ;
#1490 = DIRECTION ( 'NONE',  ( -0.3420201433256684354, -0.9396926207859085389, -2.548248718302273676E-09 ) ) ;
#1491 = STYLED_ITEM ( 'NONE', ( #766 ), #4086 ) ;
#1492 = ORIENTED_EDGE ( 'NONE', *, *, #690, .T. ) ;
#1493 = FACE_OUTER_BOUND ( 'NONE', #1246, .T. ) ;
#1494 = CARTESIAN_POINT ( 'NONE',  ( -1.837500024437900059, 8.650504516109080555, -1.600000000000000089 ) ) ;
#1495 = EDGE_CURVE ( 'NONE', #3143, #2326, #2757, .T. ) ;
#1496 = ORIENTED_EDGE ( 'NONE', *, *, #814, .F. ) ;
#1497 = FACE_OUTER_BOUND ( 'NONE', #39, .T. ) ;
#1498 = VERTEX_POINT ( 'NONE', #4062 ) ;
#1499 = CARTESIAN_POINT ( 'NONE',  ( -6.850000024437910007, 0.4000000000000000222, -2.399999999999999911 ) ) ;
#1500 = EDGE_CURVE ( 'NONE', #542, #299, #1141, .T. ) ;
#1501 = DIRECTION ( 'NONE',  ( 0.0000000000000000000, 0.0000000000000000000, 1.000000000000000000 ) ) ;
#1502 = ORIENTED_EDGE ( 'NONE', *, *, #171, .T. ) ;
#1503 = ORIENTED_EDGE ( 'NONE', *, *, #1082, .T. ) ;
#1504 = SURFACE_STYLE_FILL_AREA ( #2152 ) ;
#1505 = EDGE_CURVE ( 'NONE', #1217, #1096, #1720, .T. ) ;
#1506 = DIRECTION ( 'NONE',  ( 1.000000000000000000, 0.0000000000000000000, -0.0000000000000000000 ) ) ;
#1507 = VERTEX_POINT ( 'NONE', #3096 ) ;
#1508 = FACE_BOUND ( 'NONE', #1883, .T. ) ;
#1509 = EDGE_CURVE ( 'NONE', #1843, #275, #186, .T. ) ;
#1510 = DIRECTION ( 'NONE',  ( 0.0000000000000000000, 0.0000000000000000000, -1.000000000000000000 ) ) ;
#1511 = LINE ( 'NONE', #2799, #3995 ) ;
#1512 = EDGE_LOOP ( 'NONE', ( #2380, #1535, #201, #3482 ) ) ;
#1513 = FACE_OUTER_BOUND ( 'NONE', #2305, .T. ) ;
#1514 = DIRECTION ( 'NONE',  ( 1.000000000000000000, 0.0000000000000000000, -3.083952846180979927E-16 ) ) ;
#1515 = ORIENTED_EDGE ( 'NONE', *, *, #74, .T. ) ;
#1516 = DIRECTION ( 'NONE',  ( 0.0000000000000000000, -1.000000000000000000, 0.0000000000000000000 ) ) ;
#1517 = ORIENTED_EDGE ( 'NONE', *, *, #3554, .T. ) ;
#1518 = CARTESIAN_POINT ( 'NONE',  ( 1.674999975562099896, 8.101009032218147610, -1.800000000000000711 ) ) ;
#1519 = FILL_AREA_STYLE ('',( #1900 ) ) ;
#1520 = ORIENTED_EDGE ( 'NONE', *, *, #2996, .F. ) ;
#1521 = ADVANCED_FACE ( 'NONE', ( #101 ), #1407, .T. ) ;
#1522 = PLANE ( 'NONE',  #3031 ) ;
#1523 = LINE ( 'NONE', #3800, #2223 ) ;
#1524 = VERTEX_POINT ( 'NONE', #2174 ) ;
#1525 = EDGE_CURVE ( 'NONE', #3363, #1558, #1244, .T. ) ;
#1526 = CARTESIAN_POINT ( 'NONE',  ( 1.674999975562099896, 4.200000000000000178, 0.5000000000000000000 ) ) ;
#1527 = CARTESIAN_POINT ( 'NONE',  ( 4.899999975562089993, 4.200000000000000178, -0.2999999999999999889 ) ) ;
#1528 = DIRECTION ( 'NONE',  ( -0.0000000000000000000, -1.000000000000000000, 0.0000000000000000000 ) ) ;
#1529 = VERTEX_POINT ( 'NONE', #3842 ) ;
#1530 = EDGE_CURVE ( 'NONE', #2523, #1498, #646, .T. ) ;
#1531 = DIRECTION ( 'NONE',  ( 0.0000000000000000000, -1.000000000000000000, 0.0000000000000000000 ) ) ;
#1532 = CARTESIAN_POINT ( 'NONE',  ( 7.449999975562100474, 0.0000000000000000000, -2.399999999999997691 ) ) ;
#1533 = VECTOR ( 'NONE', #3352, 1000.000000000000000 ) ;
#1534 = AXIS2_PLACEMENT_3D ( 'NONE', #3037, #3103, #128 ) ;
#1535 = ORIENTED_EDGE ( 'NONE', *, *, #161, .T. ) ;
#1536 = VECTOR ( 'NONE', #927, 1000.000000000000000 ) ;
#1537 = DIRECTION ( 'NONE',  ( 0.0000000000000000000, -1.000000000000000000, 0.0000000000000000000 ) ) ;
#1538 = VECTOR ( 'NONE', #2107, 1000.000000000000000 ) ;
#1539 = EDGE_LOOP ( 'NONE', ( #3615, #882, #1049, #2131 ) ) ;
#1540 = DIRECTION ( 'NONE',  ( -0.0000000000000000000, -1.000000000000000000, -0.0000000000000000000 ) ) ;
#1541 = DIRECTION ( 'NONE',  ( -1.000000000000000000, -0.0000000000000000000, 3.535742116640630070E-17 ) ) ;
#1542 = VECTOR ( 'NONE', #90, 1000.000000000000000 ) ;
#1543 = ORIENTED_EDGE ( 'NONE', *, *, #1990, .T. ) ;
#1544 = DIRECTION ( 'NONE',  ( 0.0000000000000000000, 1.000000000000000000, -0.0000000000000000000 ) ) ;
#1545 = CARTESIAN_POINT ( 'NONE',  ( 4.699999975562099586, 4.200000000000000178, -0.3250000000000000666 ) ) ;
#1546 = EDGE_CURVE ( 'NONE', #2887, #1688, #1224, .T. ) ;
#1547 = VERTEX_POINT ( 'NONE', #2521 ) ;
#1548 = PLANE ( 'NONE',  #991 ) ;
#1549 = VECTOR ( 'NONE', #1467, 1000.000000000000000 ) ;
#1550 = CARTESIAN_POINT ( 'NONE',  ( 5.999999975562100296, 4.200000000000000178, -0.3250000000000000666 ) ) ;
#1551 = LINE ( 'NONE', #2842, #2297 ) ;
#1552 = EDGE_CURVE ( 'NONE', #452, #555, #3480, .T. ) ;
#1553 = ORIENTED_EDGE ( 'NONE', *, *, #1725, .T. ) ;
#1554 = VECTOR ( 'NONE', #1484, 1000.000000000000000 ) ;
#1555 = FACE_OUTER_BOUND ( 'NONE', #1150, .T. ) ;
#1556 = EDGE_CURVE ( 'NONE', #3446, #1524, #2621, .T. ) ;
#1557 = AXIS2_PLACEMENT_3D ( 'NONE', #3217, #302, #3608 ) ;
#1558 = VERTEX_POINT ( 'NONE', #2502 ) ;
#1559 = DIRECTION ( 'NONE',  ( 0.0000000000000000000, 0.0000000000000000000, -1.000000000000000000 ) ) ;
#1560 = ORIENTED_EDGE ( 'NONE', *, *, #1288, .F. ) ;
#1561 = CARTESIAN_POINT ( 'NONE',  ( 2.324999975562100030, 9.199999999999999289, 1.149999999999999911 ) ) ;
#1562 = ADVANCED_FACE ( 'NONE', ( #4181 ), #2478, .T. ) ;
#1563 = ORIENTED_EDGE ( 'NONE', *, *, #972, .T. ) ;
#1564 = CARTESIAN_POINT ( 'NONE',  ( 5.999999975562100296, 4.200000000000000178, 0.3250000000000000666 ) ) ;
#1565 = CARTESIAN_POINT ( 'NONE',  ( 6.849999975562099053, 0.0000000000000000000, -3.400000000000001688 ) ) ;
#1566 = ORIENTED_EDGE ( 'NONE', *, *, #2222, .F. ) ;
#1567 = SURFACE_SIDE_STYLE ('',( #622 ) ) ;
#1568 = PLANE ( 'NONE',  #1862 ) ;
#1569 = DIRECTION ( 'NONE',  ( 0.0000000000000000000, 1.000000000000000000, 0.0000000000000000000 ) ) ;
#1570 = CARTESIAN_POINT ( 'NONE',  ( -5.100000024437910007, 9.199999999999999289, -0.3249999957875560064 ) ) ;
#1571 = ORIENTED_EDGE ( 'NONE', *, *, #1945, .F. ) ;
#1572 = EDGE_CURVE ( 'NONE', #1625, #3354, #3158, .T. ) ;
#1573 = FACE_OUTER_BOUND ( 'NONE', #1372, .T. ) ;
#1574 = DIRECTION ( 'NONE',  ( 0.0000000000000000000, 0.0000000000000000000, -1.000000000000000000 ) ) ;
#1575 = EDGE_CURVE ( 'NONE', #669, #3679, #4046, .T. ) ;
#1576 = DIRECTION ( 'NONE',  ( -1.000000000000000000, 0.0000000000000000000, -0.0000000000000000000 ) ) ;
#1577 = EDGE_LOOP ( 'NONE', ( #198, #1779, #621, #701 ) ) ;
#1578 = LINE ( 'NONE', #1236, #3221 ) ;
#1579 = DIRECTION ( 'NONE',  ( 1.000000000000000000, 0.0000000000000000000, -0.0000000000000000000 ) ) ;
#1580 = FILL_AREA_STYLE_COLOUR ( '', #1017 ) ;
#1581 = VERTEX_POINT ( 'NONE', #1550 ) ;
#1582 = EDGE_CURVE ( 'NONE', #312, #1096, #286, .T. ) ;
#1583 = LINE ( 'NONE', #3538, #3448 ) ;
#1584 = CARTESIAN_POINT ( 'NONE',  ( -2.162500024437899793, 8.650504516109080555, -0.6999999999999999556 ) ) ;
#1585 = EDGE_LOOP ( 'NONE', ( #3062, #1751, #2245, #3588, #1895, #3416, #3901, #3581 ) ) ;
#1586 = SURFACE_STYLE_FILL_AREA ( #1222 ) ;
#1587 = CARTESIAN_POINT ( 'NONE',  ( 2.324999975562100030, 8.101009032218149386, -1.800000000000000266 ) ) ;
#1588 = DIRECTION ( 'NONE',  ( 1.000000000000000000, 0.0000000000000000000, -1.441848083928770031E-16 ) ) ;
#1589 = DIRECTION ( 'NONE',  ( 0.0000000000000000000, -1.000000000000000000, 0.0000000000000000000 ) ) ;
#1590 = VERTEX_POINT ( 'NONE', #267 ) ;
#1591 = CARTESIAN_POINT ( 'NONE',  ( -5.350000024437900237, 0.0000000000000000000, 0.1499999999999999944 ) ) ;
#1592 = CARTESIAN_POINT ( 'NONE',  ( -4.000000024437910362, 0.0000000000000000000, -3.399999999999999911 ) ) ;
#1593 = ADVANCED_FACE ( 'NONE', ( #3803 ), #1179, .T. ) ;
#1594 = VECTOR ( 'NONE', #760, 1000.000000000000000 ) ;
#1595 = ORIENTED_EDGE ( 'NONE', *, *, #3661, .T. ) ;
#1596 = DIRECTION ( 'NONE',  ( -0.0000000000000000000, 0.8660254037844380415, 0.5000000000000009992 ) ) ;
#1597 = ORIENTED_EDGE ( 'NONE', *, *, #1057, .T. ) ;
#1598 = COLOUR_RGB ( '',0.9529411764705881804, 0.8980392156862745390, 0.6549019607843137303 ) ;
#1599 = DIRECTION ( 'NONE',  ( 1.000000000000000000, 0.0000000000000000000, -0.0000000000000000000 ) ) ;
#1600 = DIRECTION ( 'NONE',  ( 0.0000000000000000000, -1.000000000000000000, -0.0000000000000000000 ) ) ;
#1601 = ADVANCED_FACE ( 'NONE', ( #903 ), #3759, .F. ) ;
#1602 = ORIENTED_EDGE ( 'NONE', *, *, #4199, .T. ) ;
#1603 = VECTOR ( 'NONE', #4159, 1000.000000000000000 ) ;
#1604 = EDGE_LOOP ( 'NONE', ( #4184, #4124, #2348, #3798 ) ) ;
#1605 = DIRECTION ( 'NONE',  ( 2.822600910063960139E-16, -0.0000000000000000000, 1.000000000000000000 ) ) ;
#1606 = AXIS2_PLACEMENT_3D ( 'NONE', #71, #1955, #360 ) ;
#1607 = FILL_AREA_STYLE_COLOUR ( '', #2156 ) ;
#1608 = EDGE_CURVE ( 'NONE', #738, #2319, #4115, .T. ) ;
#1609 = ORIENTED_EDGE ( 'NONE', *, *, #1546, .F. ) ;
#1610 = FILL_AREA_STYLE ('',( #3199 ) ) ;
#1611 = CARTESIAN_POINT ( 'NONE',  ( 5.599999975562099941, 9.199999999999999289, -0.3250000000000000666 ) ) ;
#1612 = DIRECTION ( 'NONE',  ( 0.0000000000000000000, 0.0000000000000000000, 1.000000000000000000 ) ) ;
#1613 = CARTESIAN_POINT ( 'NONE',  ( -1.700000024437900104, -4.280384757729339462, 0.7000000000000011768 ) ) ;
#1614 = EDGE_CURVE ( 'NONE', #2435, #1625, #4160, .T. ) ;
#1615 = ORIENTED_EDGE ( 'NONE', *, *, #3420, .T. ) ;
#1616 = VECTOR ( 'NONE', #1600, 1000.000000000000000 ) ;
#1617 = CARTESIAN_POINT ( 'NONE',  ( 1.699999975562090038, 4.200000000000000178, -0.7000000000000009548 ) ) ;
#1618 = VECTOR ( 'NONE', #2264, 1000.000000000000000 ) ;
#1619 = ORIENTED_EDGE ( 'NONE', *, *, #1078, .F. ) ;
#1620 = CARTESIAN_POINT ( 'NONE',  ( -7.850000024437908230, 0.1656854249492380471, 2.985786437626903655 ) ) ;
#1621 = DIRECTION ( 'NONE',  ( 0.0000000000000000000, 0.0000000000000000000, 1.000000000000000000 ) ) ;
#1622 = VECTOR ( 'NONE', #1394, 1000.000000000000000 ) ;
#1623 = DIRECTION ( 'NONE',  ( -0.9396926207859083169, 0.3420201433256691015, 0.0000000000000000000 ) ) ;
#1624 = CARTESIAN_POINT ( 'NONE',  ( -5.500000024437910362, -4.800000000000000711, -0.2999999999999999889 ) ) ;
#1625 = VERTEX_POINT ( 'NONE', #604 ) ;
#1626 = VECTOR ( 'NONE', #2149, 1000.000000000000000 ) ;
#1627 = VERTEX_POINT ( 'NONE', #1527 ) ;
#1628 = LINE ( 'NONE', #2283, #579 ) ;
#1629 = CARTESIAN_POINT ( 'NONE',  ( -2.300000024437902635, -4.280384757729341239, -1.599999999999999645 ) ) ;
#1630 = ADVANCED_FACE ( 'NONE', ( #1907 ), #3120, .T. ) ;
#1631 = DIRECTION ( 'NONE',  ( 0.0000000000000000000, -0.8660254037844380415, -0.5000000000000009992 ) ) ;
#1632 = APPLICATION_CONTEXT ( 'automotive_design' ) ;
#1633 = EDGE_LOOP ( 'NONE', ( #1067, #1287, #344, #3761, #2514, #1085 ) ) ;
#1634 = EDGE_CURVE ( 'NONE', #1442, #288, #207, .T. ) ;
#1635 = CARTESIAN_POINT ( 'NONE',  ( 6.849999975562099941, 11.00000000000000000, -2.399999999999999911 ) ) ;
#1636 = CARTESIAN_POINT ( 'NONE',  ( 1.999999975562100074, 1.889999999999999902, 1.149999999999999911 ) ) ;
#1637 = DIRECTION ( 'NONE',  ( 0.0000000000000000000, -1.000000000000000000, 0.0000000000000000000 ) ) ;
#1638 = ORIENTED_EDGE ( 'NONE', *, *, #1045, .F. ) ;
#1639 = EDGE_CURVE ( 'NONE', #923, #1976, #1312, .T. ) ;
#1640 = CARTESIAN_POINT ( 'NONE',  ( -7.435786462064815083, 0.4000000000000000777, -3.399999999999998579 ) ) ;
#1641 = CARTESIAN_POINT ( 'NONE',  ( 5.999999975562101184, 8.101009032218147610, -0.3250000000000000666 ) ) ;
#1642 = EDGE_LOOP ( 'NONE', ( #2656, #1238, #1319, #2488, #2450, #2387, #2165, #630 ) ) ;
#1643 = LINE ( 'NONE', #3300, #3232 ) ;
#1644 = ORIENTED_EDGE ( 'NONE', *, *, #4082, .F. ) ;
#1645 = LINE ( 'NONE', #149, #3973 ) ;
#1646 = CARTESIAN_POINT ( 'NONE',  ( -5.800000024437910184, 4.200000000000000178, 0.0000000000000000000 ) ) ;
#1647 = PRESENTATION_STYLE_ASSIGNMENT (( #2599 ) ) ;
#1648 = ORIENTED_EDGE ( 'NONE', *, *, #1889, .F. ) ;
#1649 = ORIENTED_EDGE ( 'NONE', *, *, #74, .F. ) ;
#1650 = PLANE ( 'NONE',  #3844 ) ;
#1651 = PLANE ( 'NONE',  #1350 ) ;
#1652 = LINE ( 'NONE', #2964, #397 ) ;
#1653 = EDGE_CURVE ( 'NONE', #1469, #2281, #3272, .T. ) ;
#1654 = ORIENTED_EDGE ( 'NONE', *, *, #3764, .F. ) ;
#1655 = FILL_AREA_STYLE_COLOUR ( '', #792 ) ;
#1656 = LINE ( 'NONE', #285, #4116 ) ;
#1657 = LINE ( 'NONE', #1987, #2751 ) ;
#1658 = CARTESIAN_POINT ( 'NONE',  ( 5.049999975562090349, -4.540192378864669642, 0.2999999999999999889 ) ) ;
#1659 = ADVANCED_FACE ( 'NONE', ( #81 ), #711, .T. ) ;
#1660 = ORIENTED_EDGE ( 'NONE', *, *, #3395, .T. ) ;
#1661 = FACE_OUTER_BOUND ( 'NONE', #3553, .T. ) ;
#1662 =( NAMED_UNIT ( * ) PLANE_ANGLE_UNIT ( ) SI_UNIT ( $, .RADIAN. ) );
#1663 = ORIENTED_EDGE ( 'NONE', *, *, #1495, .T. ) ;
#1664 = CARTESIAN_POINT ( 'NONE',  ( -7.850000024437909119, 0.4000000000000000222, 2.399999999999999467 ) ) ;
#1665 = ORIENTED_EDGE ( 'NONE', *, *, #2904, .T. ) ;
#1666 = DIRECTION ( 'NONE',  ( 0.0000000000000000000, 1.000000000000000000, -0.0000000000000000000 ) ) ;
#1667 = DIRECTION ( 'NONE',  ( 0.3420201433256691015, -0.9396926207859083169, -0.0000000000000000000 ) ) ;
#1668 = VECTOR ( 'NONE', #3682, 1000.000000000000000 ) ;
#1669 = SURFACE_STYLE_FILL_AREA ( #2234 ) ;
#1670 = VERTEX_POINT ( 'NONE', #3316 ) ;
#1671 = COLOUR_RGB ( '',0.9529411764705881804, 0.8980392156862745390, 0.6549019607843137303 ) ;
#1672 = CARTESIAN_POINT ( 'NONE',  ( 1.999999975562100074, 0.0000000000000000000, -1.300000000000000044 ) ) ;
#1673 = FACE_OUTER_BOUND ( 'NONE', #1333, .T. ) ;
#1674 = AXIS2_PLACEMENT_3D ( 'NONE', #1353, #3965, #1028 ) ;
#1675 = VECTOR ( 'NONE', #502, 1000.000000000000000 ) ;
#1676 = ORIENTED_EDGE ( 'NONE', *, *, #1608, .F. ) ;
#1677 =( NAMED_UNIT ( * ) SI_UNIT ( $, .STERADIAN. ) SOLID_ANGLE_UNIT ( ) );
#1678 = VECTOR ( 'NONE', #2105, 1000.000000000000000 ) ;
#1679 = VECTOR ( 'NONE', #1140, 1000.000000000000000 ) ;
#1680 = CARTESIAN_POINT ( 'NONE',  ( -2.000000024437900148, 0.0000000000000000000, -1.300000000000000044 ) ) ;
#1681 = EDGE_CURVE ( 'NONE', #1914, #1218, #3955, .T. ) ;
#1682 = CARTESIAN_POINT ( 'NONE',  ( -2.300000024437902635, 4.200000000000000178, -1.600000000000000089 ) ) ;
#1683 = CARTESIAN_POINT ( 'NONE',  ( 1.674999975562099896, 4.200000000000000178, -1.800000000000000266 ) ) ;
#1684 = VECTOR ( 'NONE', #787, 1000.000000000000000 ) ;
#1685 = ORIENTED_EDGE ( 'NONE', *, *, #2271, .F. ) ;
#1686 = EDGE_CURVE ( 'NONE', #555, #2463, #2567, .T. ) ;
#1687 = FILL_AREA_STYLE ('',( #400 ) ) ;
#1688 = VERTEX_POINT ( 'NONE', #1682 ) ;
#1689 = CARTESIAN_POINT ( 'NONE',  ( 2.299999975562100119, -4.540192378864669642, -0.8500000000000010880 ) ) ;
#1690 = VERTEX_POINT ( 'NONE', #1924 ) ;
#1691 = EDGE_CURVE ( 'NONE', #2447, #2562, #1657, .T. ) ;
#1692 = DIRECTION ( 'NONE',  ( -1.000000000000000000, 0.0000000000000000000, 0.0000000000000000000 ) ) ;
#1693 = AXIS2_PLACEMENT_3D ( 'NONE', #3898, #939, #296 ) ;
#1694 = ORIENTED_EDGE ( 'NONE', *, *, #2324, .T. ) ;
#1695 = VECTOR ( 'NONE', #2069, 1000.000000000000000 ) ;
#1696 = CARTESIAN_POINT ( 'NONE',  ( -2.300000024437910628, -4.800000000000000711, -0.6999999999999990674 ) ) ;
#1697 = CARTESIAN_POINT ( 'NONE',  ( 2.324999975562100030, 4.200000000000000178, -1.800000000000000266 ) ) ;
#1698 =( LENGTH_UNIT ( ) NAMED_UNIT ( * ) SI_UNIT ( .MILLI., .METRE. ) );
#1699 = MECHANICAL_DESIGN_GEOMETRIC_PRESENTATION_REPRESENTATION (  '', ( #1491 ), #2226 ) ;
#1700 = ORIENTED_EDGE ( 'NONE', *, *, #3305, .T. ) ;
#1701 = DIRECTION ( 'NONE',  ( 1.000000000000000000, 0.0000000000000000000, -0.0000000000000000000 ) ) ;
#1702 = DIRECTION ( 'NONE',  ( 0.0000000000000000000, 1.000000000000000000, -0.0000000000000000000 ) ) ;
#1703 = VERTEX_POINT ( 'NONE', #2263 ) ;
#1704 = DIRECTION ( 'NONE',  ( -2.220446049250310123E-16, 0.0000000000000000000, 1.000000000000000000 ) ) ;
#1705 = EDGE_CURVE ( 'NONE', #1690, #531, #3591, .T. ) ;
#1706 = CARTESIAN_POINT ( 'NONE',  ( 7.849999975562101717, 0.4000000000000000222, 2.399999999999999911 ) ) ;
#1707 = ORIENTED_EDGE ( 'NONE', *, *, #1729, .F. ) ;
#1708 = DIRECTION ( 'NONE',  ( -1.000000000000000000, 0.0000000000000000000, -2.220446049250310123E-16 ) ) ;
#1709 = EDGE_CURVE ( 'NONE', #1983, #2604, #3291, .T. ) ;
#1710 = ORIENTED_EDGE ( 'NONE', *, *, #889, .T. ) ;
#1711 = DIRECTION ( 'NONE',  ( -0.0000000000000000000, -1.000000000000000000, -0.0000000000000000000 ) ) ;
#1712 = CARTESIAN_POINT ( 'NONE',  ( 7.849999975562099941, 0.4000000000000000222, -2.399999999999999467 ) ) ;
#1713 = ADVANCED_FACE ( 'NONE', ( #3545 ), #3222, .F. ) ;
#1714 = ORIENTED_EDGE ( 'NONE', *, *, #2406, .F. ) ;
#1715 =( NAMED_UNIT ( * ) PLANE_ANGLE_UNIT ( ) SI_UNIT ( $, .RADIAN. ) );
#1716 = LINE ( 'NONE', #1781, #2885 ) ;
#1717 = DIRECTION ( 'NONE',  ( -2.220446049250310123E-16, 0.0000000000000000000, 1.000000000000000000 ) ) ;
#1718 = EDGE_LOOP ( 'NONE', ( #3917, #959, #1015, #254 ) ) ;
#1719 = CARTESIAN_POINT ( 'NONE',  ( 2.299999975562100119, 4.200000000000000178, -1.149999999999999911 ) ) ;
#1720 = LINE ( 'NONE', #1806, #1803 ) ;
#1721 = ORIENTED_EDGE ( 'NONE', *, *, #1126, .T. ) ;
#1722 = CARTESIAN_POINT ( 'NONE',  ( -1.675000024437900192, 9.199999999999999289, 0.8999999999999998002 ) ) ;
#1723 = DIRECTION ( 'NONE',  ( 0.0000000000000000000, 1.000000000000000000, -0.0000000000000000000 ) ) ;
#1724 = LINE ( 'NONE', #2935, #1048 ) ;
#1725 = EDGE_CURVE ( 'NONE', #2319, #738, #2413, .T. ) ;
#1726 = EDGE_LOOP ( 'NONE', ( #2205, #3055, #3620, #1390 ) ) ;
#1727 = DIRECTION ( 'NONE',  ( -1.922962686383560119E-16, -0.5000000000000009992, 0.8660254037844380415 ) ) ;
#1728 = ORIENTED_EDGE ( 'NONE', *, *, #1485, .F. ) ;
#1729 = EDGE_CURVE ( 'NONE', #3195, #1590, #2926, .T. ) ;
#1730 = CARTESIAN_POINT ( 'NONE',  ( -2.000000024437900148, 4.200000000000000178, -1.300000000000000044 ) ) ;
#1731 = VECTOR ( 'NONE', #3945, 1000.000000000000000 ) ;
#1732 = VERTEX_POINT ( 'NONE', #2905 ) ;
#1733 = EDGE_CURVE ( 'NONE', #563, #410, #2329, .T. ) ;
#1734 =( GEOMETRIC_REPRESENTATION_CONTEXT ( 3 ) GLOBAL_UNCERTAINTY_ASSIGNED_CONTEXT ( ( #3064 ) ) GLOBAL_UNIT_ASSIGNED_CONTEXT ( ( #3166, #952, #251 ) ) REPRESENTATION_CONTEXT ( 'NONE', 'WORKASPACE' ) );
#1735 = AXIS2_PLACEMENT_3D ( 'NONE', #3847, #1531, #4147 ) ;
#1736 = CARTESIAN_POINT ( 'NONE',  ( 5.099999975562099053, 9.199999999999999289, 0.3249999925494191366 ) ) ;
#1737 = CARTESIAN_POINT ( 'NONE',  ( -3.925000024437899970, 0.4000000000000000222, 3.000000000000000000 ) ) ;
#1738 = ORIENTED_EDGE ( 'NONE', *, *, #3078, .F. ) ;
#1739 = VECTOR ( 'NONE', #2967, 1000.000000000000000 ) ;
#1740 = VECTOR ( 'NONE', #351, 1000.000000000000000 ) ;
#1741 = DIRECTION ( 'NONE',  ( 1.000000000000000000, 0.0000000000000000000, 0.0000000000000000000 ) ) ;
#1742 = ADVANCED_FACE ( 'NONE', ( #1969 ), #2987, .T. ) ;
#1743 = CARTESIAN_POINT ( 'NONE',  ( 1.999999975562100074, 0.0000000000000000000, 1.000000000000000000 ) ) ;
#1744 = CARTESIAN_POINT ( 'NONE',  ( 5.099999975562099941, 9.199999999999999289, 0.3249999932944773184 ) ) ;
#1745 = CIRCLE ( 'NONE', #3306, 0.1499999999999999944 ) ;
#1746 = ORIENTED_EDGE ( 'NONE', *, *, #1102, .T. ) ;
#1747 = CARTESIAN_POINT ( 'NONE',  ( 2.324999975562100030, 9.199999999999999289, -0.5000000000000000000 ) ) ;
#1748 = CARTESIAN_POINT ( 'NONE',  ( -1.675000024437900192, 4.200000000000000178, -0.5000000000000000000 ) ) ;
#1749 = FILL_AREA_STYLE_COLOUR ( '', #1598 ) ;
#1750 = VECTOR ( 'NONE', #4198, 1000.000000000000000 ) ;
#1751 = ORIENTED_EDGE ( 'NONE', *, *, #2801, .F. ) ;
#1752 = DIRECTION ( 'NONE',  ( 0.0000000000000000000, 0.0000000000000000000, 1.000000000000000000 ) ) ;
#1753 = ORIENTED_EDGE ( 'NONE', *, *, #1393, .T. ) ;
#1754 = VECTOR ( 'NONE', #3928, 1000.000000000000000 ) ;
#1755 = PLANE ( 'NONE',  #107 ) ;
#1756 = UNCERTAINTY_MEASURE_WITH_UNIT (LENGTH_MEASURE( 1.000000000000000082E-05 ), #1698, 'distance_accuracy_value', 'NONE');
#1757 = DIRECTION ( 'NONE',  ( 0.0000000000000000000, 0.0000000000000000000, 1.000000000000000000 ) ) ;
#1758 = VECTOR ( 'NONE', #3273, 1000.000000000000000 ) ;
#1759 = ORIENTED_EDGE ( 'NONE', *, *, #824, .T. ) ;
#1760 = EDGE_CURVE ( 'NONE', #2737, #3748, #1291, .T. ) ;
#1761 = DIRECTION ( 'NONE',  ( 0.0000000000000000000, 0.0000000000000000000, -1.000000000000000000 ) ) ;
#1762 = COLOUR_RGB ( '',0.9529411764705881804, 0.8980392156862745390, 0.6549019607843137303 ) ;
#1763 = CARTESIAN_POINT ( 'NONE',  ( -5.350000024437900237, 4.200000000000000178, 0.1499999999999999944 ) ) ;
#1764 = LINE ( 'NONE', #3049, #1206 ) ;
#1765 = EDGE_LOOP ( 'NONE', ( #768, #2782, #14, #2938 ) ) ;
#1766 = EDGE_CURVE ( 'NONE', #2004, #850, #2944, .T. ) ;
#1767 = FACE_OUTER_BOUND ( 'NONE', #2181, .T. ) ;
#1768 = CARTESIAN_POINT ( 'NONE',  ( -5.800000024437901303, 8.650504516109080555, -0.1624999957875560008 ) ) ;
#1769 = CARTESIAN_POINT ( 'NONE',  ( -1.700000024437900104, -4.280384757729340350, -0.6999999999999990674 ) ) ;
#1770 = ORIENTED_EDGE ( 'NONE', *, *, #1653, .F. ) ;
#1771 = ADVANCED_FACE ( 'NONE', ( #649 ), #333, .F. ) ;
#1772 = CARTESIAN_POINT ( 'NONE',  ( 7.684314550612863393, -4.050590784877329242E-16, 2.400000000000000355 ) ) ;
#1773 = PLANE ( 'NONE',  #987 ) ;
#1774 = LINE ( 'NONE', #827, #3491 ) ;
#1775 = ORIENTED_EDGE ( 'NONE', *, *, #385, .T. ) ;
#1776 = DIRECTION ( 'NONE',  ( -0.0000000000000000000, -0.0000000000000000000, -1.000000000000000000 ) ) ;
#1777 = CARTESIAN_POINT ( 'NONE',  ( -6.000000024437910362, 8.101009032218149386, -0.3249999957875560064 ) ) ;
#1778 = DIRECTION ( 'NONE',  ( 0.0000000000000000000, 1.000000000000000000, -0.0000000000000000000 ) ) ;
#1779 = ORIENTED_EDGE ( 'NONE', *, *, #1842, .F. ) ;
#1780 = FACE_OUTER_BOUND ( 'NONE', #3001, .T. ) ;
#1781 = CARTESIAN_POINT ( 'NONE',  ( 7.849999975562099941, 0.4000000000000000222, 3.399999999999999911 ) ) ;
#1782 = DIRECTION ( 'NONE',  ( -0.0000000000000000000, 0.3420201433256691015, 0.9396926207859083169 ) ) ;
#1783 = VERTEX_POINT ( 'NONE', #2631 ) ;
#1784 = CARTESIAN_POINT ( 'NONE',  ( 2.162499975562099941, 8.650504516109080555, -1.600000000000000089 ) ) ;
#1785 = DIRECTION ( 'NONE',  ( -0.9396926207859083169, 0.3420201433256691015, 0.0000000000000000000 ) ) ;
#1786 = LINE ( 'NONE', #3073, #3855 ) ;
#1787 = EDGE_LOOP ( 'NONE', ( #368, #231, #359, #3484 ) ) ;
#1788 = CARTESIAN_POINT ( 'NONE',  ( 4.699999975562099586, 4.200000000000000178, 0.3249999903142449242 ) ) ;
#1789 = LINE ( 'NONE', #2055, #3303 ) ;
#1790 = DIRECTION ( 'NONE',  ( 4.012570706411051586E-16, 0.3420201433256691015, -0.9396926207859083169 ) ) ;
#1791 = EDGE_CURVE ( 'NONE', #2562, #312, #1019, .T. ) ;
#1792 = ORIENTED_EDGE ( 'NONE', *, *, #2700, .F. ) ;
#1793 = CARTESIAN_POINT ( 'NONE',  ( -4.000000024437910362, 11.00000000000000000, -2.500000000000000000 ) ) ;
#1794 = ORIENTED_EDGE ( 'NONE', *, *, #4191, .T. ) ;
#1795 = FACE_OUTER_BOUND ( 'NONE', #547, .T. ) ;
#1796 = EDGE_CURVE ( 'NONE', #428, #2953, #1716, .T. ) ;
#1797 = ORIENTED_EDGE ( 'NONE', *, *, #1705, .F. ) ;
#1798 = CARTESIAN_POINT ( 'NONE',  ( 2.324999975562100030, 8.101009032218147610, -1.800000000000000933 ) ) ;
#1799 = CARTESIAN_POINT ( 'NONE',  ( 1.999999975562100074, 9.199999999999999289, -0.9000000000000001332 ) ) ;
#1800 = VECTOR ( 'NONE', #876, 1000.000000000000000 ) ;
#1801 = ORIENTED_EDGE ( 'NONE', *, *, #3176, .F. ) ;
#1802 = ADVANCED_FACE ( 'NONE', ( #3714 ), #1109, .T. ) ;
#1803 = VECTOR ( 'NONE', #2698, 1000.000000000000000 ) ;
#1804 = AXIS2_PLACEMENT_3D ( 'NONE', #42, #2930, #1704 ) ;
#1805 = CARTESIAN_POINT ( 'NONE',  ( 2.324999975562100030, 9.199999999999999289, -0.8999999999999992450 ) ) ;
#1806 = CARTESIAN_POINT ( 'NONE',  ( 5.799999975562100119, 4.200000000000000178, -0.2999999999999999889 ) ) ;
#1807 = CARTESIAN_POINT ( 'NONE',  ( 5.999999975562100296, 4.200000000000000178, -0.3250000000000000666 ) ) ;
#1808 = AXIS2_PLACEMENT_3D ( 'NONE', #3866, #624, #4205 ) ;
#1809 = ORIENTED_EDGE ( 'NONE', *, *, #1525, .F. ) ;
#1810 = ADVANCED_FACE ( 'NONE', ( #3348 ), #3691, .T. ) ;
#1811 = FACE_OUTER_BOUND ( 'NONE', #2651, .T. ) ;
#1812 = DIRECTION ( 'NONE',  ( 0.0000000000000000000, 0.0000000000000000000, 1.000000000000000000 ) ) ;
#1813 = VECTOR ( 'NONE', #935, 1000.000000000000000 ) ;
#1814 = CARTESIAN_POINT ( 'NONE',  ( -2.325000024437899881, 9.199999999999999289, -1.149999999999999911 ) ) ;
#1815 = VECTOR ( 'NONE', #3864, 1000.000000000000000 ) ;
#1816 = VERTEX_POINT ( 'NONE', #2729 ) ;
#1817 = ORIENTED_EDGE ( 'NONE', *, *, #3215, .T. ) ;
#1818 = LINE ( 'NONE', #1777, #2482 ) ;
#1819 = AXIS2_PLACEMENT_3D ( 'NONE', #3242, #4136, #2258 ) ;
#1820 = ORIENTED_EDGE ( 'NONE', *, *, #2606, .F. ) ;
#1821 = AXIS2_PLACEMENT_3D ( 'NONE', #2555, #1282, #978 ) ;
#1822 = PRESENTATION_STYLE_ASSIGNMENT (( #219 ) ) ;
#1823 = CARTESIAN_POINT ( 'NONE',  ( -2.443790392270270082E-08, 11.00000000000000000, -2.500000000000000000 ) ) ;
#1824 = VECTOR ( 'NONE', #2730, 1000.000000000000000 ) ;
#1825 = ORIENTED_EDGE ( 'NONE', *, *, #1552, .T. ) ;
#1826 = DIRECTION ( 'NONE',  ( -0.0000000000000000000, -1.000000000000000000, 0.0000000000000000000 ) ) ;
#1827 = DIRECTION ( 'NONE',  ( 0.0000000000000000000, 0.0000000000000000000, -1.000000000000000000 ) ) ;
#1828 = DIRECTION ( 'NONE',  ( 0.0000000000000000000, 0.0000000000000000000, -1.000000000000000000 ) ) ;
#1829 = ORIENTED_EDGE ( 'NONE', *, *, #3193, .F. ) ;
#1830 = CARTESIAN_POINT ( 'NONE',  ( -7.450000024437909651, 0.0000000000000000000, -2.751471862576142513 ) ) ;
#1831 = LINE ( 'NONE', #4004, #1668 ) ;
#1832 = ADVANCED_FACE ( 'NONE', ( #795 ), #4031, .T. ) ;
#1833 = VERTEX_POINT ( 'NONE', #3970 ) ;
#1834 = CARTESIAN_POINT ( 'NONE',  ( 1.674999975562099896, 4.200000000000000178, 0.5000000000000000000 ) ) ;
#1835 = ORIENTED_EDGE ( 'NONE', *, *, #4027, .F. ) ;
#1836 = DIRECTION ( 'NONE',  ( 0.0000000000000000000, 1.000000000000000000, 0.0000000000000000000 ) ) ;
#1837 = ADVANCED_FACE ( 'NONE', ( #2350 ), #2672, .T. ) ;
#1838 = ORIENTED_EDGE ( 'NONE', *, *, #2850, .T. ) ;
#1839 = ORIENTED_EDGE ( 'NONE', *, *, #1725, .F. ) ;
#1840 = DIRECTION ( 'NONE',  ( -0.0000000000000000000, -1.000000000000000000, -0.0000000000000000000 ) ) ;
#1841 = DIRECTION ( 'NONE',  ( 0.9396926207859083169, 0.3420201433256691015, 0.0000000000000000000 ) ) ;
#1842 = EDGE_CURVE ( 'NONE', #2490, #1027, #453, .T. ) ;
#1843 = VERTEX_POINT ( 'NONE', #1763 ) ;
#1844 = FACE_BOUND ( 'NONE', #226, .T. ) ;
#1845 = CARTESIAN_POINT ( 'NONE',  ( -1.700000024437900104, 4.200000000000000178, -1.600000000000000089 ) ) ;
#1846 = DIRECTION ( 'NONE',  ( 0.0000000000000000000, -0.0000000000000000000, 1.000000000000000000 ) ) ;
#1847 = VERTEX_POINT ( 'NONE', #3002 ) ;
#1848 = DIRECTION ( 'NONE',  ( -1.000000000000000000, -0.0000000000000000000, 3.535742116640630070E-17 ) ) ;
#1849 = CARTESIAN_POINT ( 'NONE',  ( 7.449999975562101362, 0.0000000000000000000, -2.751471862576140293 ) ) ;
#1850 = ORIENTED_EDGE ( 'NONE', *, *, #784, .F. ) ;
#1851 = CARTESIAN_POINT ( 'NONE',  ( 2.299999975562100119, 4.200000000000000178, -0.7000000000000009548 ) ) ;
#1852 = VERTEX_POINT ( 'NONE', #1736 ) ;
#1853 = PRODUCT_DEFINITION ( 'UNKNOWN', '', #3596, #524 ) ;
#1854 = FACE_OUTER_BOUND ( 'NONE', #810, .T. ) ;
#1855 =( LENGTH_UNIT ( ) NAMED_UNIT ( * ) SI_UNIT ( .MILLI., .METRE. ) );
#1856 = ORIENTED_EDGE ( 'NONE', *, *, #1034, .T. ) ;
#1857 = LINE ( 'NONE', #1564, #1001 ) ;
#1858 = LINE ( 'NONE', #517, #3253 ) ;
#1859 = VERTEX_POINT ( 'NONE', #2047 ) ;
#1860 = ADVANCED_FACE ( 'NONE', ( #2410 ), #475, .F. ) ;
#1861 = CARTESIAN_POINT ( 'NONE',  ( -6.000000024437910362, 4.200000000000000178, -0.3249999957875560064 ) ) ;
#1862 = AXIS2_PLACEMENT_3D ( 'NONE', #1488, #1243, #4081 ) ;
#1863 = CARTESIAN_POINT ( 'NONE',  ( -6.850000024437910007, 0.4000000000000000222, 2.399999999999999911 ) ) ;
#1864 = LINE ( 'NONE', #3823, #664 ) ;
#1865 = EDGE_LOOP ( 'NONE', ( #3884, #110, #3850, #2011 ) ) ;
#1866 = AXIS2_PLACEMENT_3D ( 'NONE', #3044, #133, #1437 ) ;
#1867 = LINE ( 'NONE', #4163, #174 ) ;
#1868 = AXIS2_PLACEMENT_3D ( 'NONE', #211, #1185, #1574 ) ;
#1869 = CIRCLE ( 'NONE', #41, 0.1499999999999999667 ) ;
#1870 = ORIENTED_EDGE ( 'NONE', *, *, #2091, .T. ) ;
#1871 = VECTOR ( 'NONE', #1981, 1000.000000000000000 ) ;
#1872 = CARTESIAN_POINT ( 'NONE',  ( 2.299999975562100119, -4.800000000000000711, -1.300000000000000266 ) ) ;
#1873 = VECTOR ( 'NONE', #313, 1000.000000000000000 ) ;
#1874 = ORIENTED_EDGE ( 'NONE', *, *, #2141, .T. ) ;
#1875 = CARTESIAN_POINT ( 'NONE',  ( -2.325000024437899881, 4.200000000000000178, -0.5000000000000000000 ) ) ;
#1876 =( NAMED_UNIT ( * ) SI_UNIT ( $, .STERADIAN. ) SOLID_ANGLE_UNIT ( ) );
#1877 = VECTOR ( 'NONE', #2528, 1000.000000000000000 ) ;
#1878 = EDGE_LOOP ( 'NONE', ( #2470, #2825, #473, #708, #3750, #3042 ) ) ;
#1879 = CARTESIAN_POINT ( 'NONE',  ( 7.849999975562099941, 0.0000000000000000000, -2.399999999999999911 ) ) ;
#1880 = DIRECTION ( 'NONE',  ( 0.0000000000000000000, 1.000000000000000000, 0.0000000000000000000 ) ) ;
#1881 = EDGE_CURVE ( 'NONE', #2647, #1852, #3067, .T. ) ;
#1882 = AXIS2_PLACEMENT_3D ( 'NONE', #3628, #116, #2711 ) ;
#1883 = EDGE_LOOP ( 'NONE', ( #2077, #1897 ) ) ;
#1884 = SURFACE_STYLE_USAGE ( .BOTH. , #1567 ) ;
#1885 = FACE_BOUND ( 'NONE', #2360, .T. ) ;
#1886 = VECTOR ( 'NONE', #559, 1000.000000000000000 ) ;
#1887 = DIRECTION ( 'NONE',  ( -0.0000000000000000000, 0.0000000000000000000, -1.000000000000000000 ) ) ;
#1888 = CARTESIAN_POINT ( 'NONE',  ( 4.699999975562099586, 9.199999999999999289, 0.3249999903142449797 ) ) ;
#1889 = EDGE_CURVE ( 'NONE', #3280, #2463, #1382, .T. ) ;
#1890 = ORIENTED_EDGE ( 'NONE', *, *, #3447, .T. ) ;
#1891 = VECTOR ( 'NONE', #2111, 1000.000000000000000 ) ;
#1892 = DIRECTION ( 'NONE',  ( 0.0000000000000000000, 1.000000000000000000, 0.0000000000000000000 ) ) ;
#1893 = PRESENTATION_STYLE_ASSIGNMENT (( #562 ) ) ;
#1894 = VECTOR ( 'NONE', #667, 1000.000000000000000 ) ;
#1895 = ORIENTED_EDGE ( 'NONE', *, *, #2215, .F. ) ;
#1896 = VECTOR ( 'NONE', #1541, 1000.000000000000000 ) ;
#1897 = ORIENTED_EDGE ( 'NONE', *, *, #2946, .F. ) ;
#1898 = DIRECTION ( 'NONE',  ( 1.000000000000000000, 0.0000000000000000000, -3.535742116640630070E-17 ) ) ;
#1899 = DIRECTION ( 'NONE',  ( -0.0000000000000000000, 0.8660254037844380415, 0.5000000000000009992 ) ) ;
#1900 = FILL_AREA_STYLE_COLOUR ( '', #870 ) ;
#1901 = ORIENTED_EDGE ( 'NONE', *, *, #3752, .T. ) ;
#1902 = CARTESIAN_POINT ( 'NONE',  ( -1.675000024437900192, 9.199999999999999289, -0.5000000000000000000 ) ) ;
#1903 = FACE_OUTER_BOUND ( 'NONE', #680, .T. ) ;
#1904 = ORIENTED_EDGE ( 'NONE', *, *, #2455, .T. ) ;
#1905 = CARTESIAN_POINT ( 'NONE',  ( 5.199999975562099586, -4.799999999999999822, 0.0000000000000000000 ) ) ;
#1906 = CARTESIAN_POINT ( 'NONE',  ( -6.850000024437910007, 0.0000000000000000000, 3.000000000000000000 ) ) ;
#1907 = FACE_OUTER_BOUND ( 'NONE', #1787, .T. ) ;
#1908 = LINE ( 'NONE', #948, #63 ) ;
#1909 = ORIENTED_EDGE ( 'NONE', *, *, #1208, .T. ) ;
#1910 = PLANE ( 'NONE',  #2003 ) ;
#1911 = FACE_OUTER_BOUND ( 'NONE', #1344, .T. ) ;
#1912 = ORIENTED_EDGE ( 'NONE', *, *, #976, .F. ) ;
#1913 = CARTESIAN_POINT ( 'NONE',  ( -5.350000024437900237, 1.889999999999999902, 0.0000000000000000000 ) ) ;
#1914 = VERTEX_POINT ( 'NONE', #3653 ) ;
#1915 = CARTESIAN_POINT ( 'NONE',  ( 5.499999975562100296, -4.800000000000000711, 0.2999999999999999889 ) ) ;
#1916 = LINE ( 'NONE', #682, #1616 ) ;
#1917 = DIRECTION ( 'NONE',  ( 1.000000000000000000, 0.0000000000000000000, 0.0000000000000000000 ) ) ;
#1918 = ORIENTED_EDGE ( 'NONE', *, *, #1582, .T. ) ;
#1919 = ORIENTED_EDGE ( 'NONE', *, *, #3078, .T. ) ;
#1920 = FACE_OUTER_BOUND ( 'NONE', #3338, .T. ) ;
#1921 = CARTESIAN_POINT ( 'NONE',  ( 2.324999975562100030, 9.199999999999999289, 1.400000000000000799 ) ) ;
#1922 = ORIENTED_EDGE ( 'NONE', *, *, #1681, .T. ) ;
#1923 = CARTESIAN_POINT ( 'NONE',  ( 1.674999975562099896, 4.200000000000000178, -0.5000000000000000000 ) ) ;
#1924 = CARTESIAN_POINT ( 'NONE',  ( -5.200000024437907875, -4.800000000000001599, 0.3000000000000000444 ) ) ;
#1925 = CARTESIAN_POINT ( 'NONE',  ( 1.674999975562099896, 4.200000000000000178, -0.5000000000000000000 ) ) ;
#1926 = ORIENTED_EDGE ( 'NONE', *, *, #1352, .F. ) ;
#1927 = CARTESIAN_POINT ( 'NONE',  ( 3.999999975562090082, 11.00000000000000178, -3.400000000000000355 ) ) ;
#1928 = AXIS2_PLACEMENT_3D ( 'NONE', #1216, #232, #295 ) ;
#1929 = EDGE_CURVE ( 'NONE', #2352, #463, #736, .T. ) ;
#1930 = VERTEX_POINT ( 'NONE', #3333 ) ;
#1931 = FACE_OUTER_BOUND ( 'NONE', #156, .T. ) ;
#1932 = CARTESIAN_POINT ( 'NONE',  ( -2.300000024437899970, 4.200000000000000178, 1.149999999999999911 ) ) ;
#1933 = STYLED_ITEM ( 'NONE', ( #1893 ), #1232 ) ;
#1934 = CLOSED_SHELL ( 'NONE', ( #297, #4102, #1108, #1802, #2788, #3029, #695, #3113 ) ) ;
#1935 = CARTESIAN_POINT ( 'NONE',  ( -6.850000024437910007, 11.00000000000000000, -3.399999999999999467 ) ) ;
#1936 = FACE_OUTER_BOUND ( 'NONE', #1256, .T. ) ;
#1937 = ORIENTED_EDGE ( 'NONE', *, *, #4164, .T. ) ;
#1938 = VECTOR ( 'NONE', #2029, 1000.000000000000000 ) ;
#1939 = AXIS2_PLACEMENT_3D ( 'NONE', #4049, #1131, #2427 ) ;
#1940 = ORIENTED_EDGE ( 'NONE', *, *, #1045, .T. ) ;
#1941 = FACE_OUTER_BOUND ( 'NONE', #1112, .T. ) ;
#1942 = CARTESIAN_POINT ( 'NONE',  ( 2.299999975562100119, 4.200000000000000178, -0.7000000000000009548 ) ) ;
#1943 = VECTOR ( 'NONE', #317, 1000.000000000000000 ) ;
#1944 = DIRECTION ( 'NONE',  ( 0.0000000000000000000, -0.0000000000000000000, 1.000000000000000000 ) ) ;
#1945 = EDGE_CURVE ( 'NONE', #1194, #565, #1400, .T. ) ;
#1946 = ORIENTED_EDGE ( 'NONE', *, *, #2663, .T. ) ;
#1947 = LINE ( 'NONE', #1290, #3369 ) ;
#1948 = CARTESIAN_POINT ( 'NONE',  ( 5.349999975562099941, 0.0000000000000000000, 0.0000000000000000000 ) ) ;
#1949 = CARTESIAN_POINT ( 'NONE',  ( 1.999999975562100074, 1.889999999999999902, 1.000000000000000000 ) ) ;
#1950 = PRESENTATION_LAYER_ASSIGNMENT (  '', '', ( #3243 ) ) ;
#1951 = EDGE_LOOP ( 'NONE', ( #415, #2981, #146, #1922 ) ) ;
#1952 = VECTOR ( 'NONE', #1490, 1000.000000000000000 ) ;
#1953 = AXIS2_PLACEMENT_3D ( 'NONE', #2988, #673, #373 ) ;
#1954 = EDGE_LOOP ( 'NONE', ( #1159, #1010, #2745, #3224 ) ) ;
#1955 = DIRECTION ( 'NONE',  ( 0.0000000000000000000, 1.000000000000000000, 0.0000000000000000000 ) ) ;
#1956 = FACE_OUTER_BOUND ( 'NONE', #1128, .T. ) ;
#1957 = PRESENTATION_LAYER_ASSIGNMENT (  '', '', ( #3797 ) ) ;
#1958 = DIRECTION ( 'NONE',  ( 1.922962686383560119E-16, -0.5000000000000009992, -0.8660254037844380415 ) ) ;
#1959 = DIRECTION ( 'NONE',  ( 0.0000000000000000000, 1.000000000000000000, -0.0000000000000000000 ) ) ;
#1960 = ORIENTED_EDGE ( 'NONE', *, *, #1980, .T. ) ;
#1961 = ORIENTED_EDGE ( 'NONE', *, *, #3046, .F. ) ;
#1962 = DIRECTION ( 'NONE',  ( 0.0000000000000000000, 0.0000000000000000000, -1.000000000000000000 ) ) ;
#1963 = CARTESIAN_POINT ( 'NONE',  ( -2.325000024437899881, 4.200000000000000178, 1.800000000000000266 ) ) ;
#1964 = SURFACE_SIDE_STYLE ('',( #641 ) ) ;
#1965 = ORIENTED_EDGE ( 'NONE', *, *, #3046, .T. ) ;
#1966 = DIRECTION ( 'NONE',  ( -0.0000000000000000000, -0.9396926207859083169, -0.3420201433256691015 ) ) ;
#1967 = CARTESIAN_POINT ( 'NONE',  ( -7.450000024437909651, 5.421010862427522170E-17, 2.751471862576142069 ) ) ;
#1968 = EDGE_CURVE ( 'NONE', #1380, #1039, #1071, .T. ) ;
#1969 = FACE_OUTER_BOUND ( 'NONE', #1979, .T. ) ;
#1970 = LINE ( 'NONE', #1020, #2022 ) ;
#1971 = ORIENTED_EDGE ( 'NONE', *, *, #3207, .T. ) ;
#1972 = LINE ( 'NONE', #951, #46 ) ;
#1973 = DIRECTION ( 'NONE',  ( 0.0000000000000000000, -1.000000000000000000, 0.0000000000000000000 ) ) ;
#1974 = ORIENTED_EDGE ( 'NONE', *, *, #2892, .F. ) ;
#1975 = DIRECTION ( 'NONE',  ( -1.000000000000000000, 0.0000000000000000000, -2.220446049250310123E-16 ) ) ;
#1976 = VERTEX_POINT ( 'NONE', #1672 ) ;
#1977 = CARTESIAN_POINT ( 'NONE',  ( -4.000000024437910362, 0.4000000000000000222, -3.399999999999999911 ) ) ;
#1978 = CARTESIAN_POINT ( 'NONE',  ( 3.999999975562093635, 4.200000000000000178, -3.400000000000000355 ) ) ;
#1979 = EDGE_LOOP ( 'NONE', ( #54, #1419, #3873, #4101 ) ) ;
#1980 = EDGE_CURVE ( 'NONE', #160, #491, #2961, .T. ) ;
#1981 = DIRECTION ( 'NONE',  ( -1.000000000000000000, 0.0000000000000000000, -0.0000000000000000000 ) ) ;
#1982 = LINE ( 'NONE', #3669, #3587 ) ;
#1983 = VERTEX_POINT ( 'NONE', #2939 ) ;
#1984 = EDGE_CURVE ( 'NONE', #2459, #354, #1046, .T. ) ;
#1985 = CARTESIAN_POINT ( 'NONE',  ( -1.675000024437900192, 8.101009032218149386, -1.800000000000001377 ) ) ;
#1986 = DIRECTION ( 'NONE',  ( 0.0000000000000000000, -0.0000000000000000000, 1.000000000000000000 ) ) ;
#1987 = CARTESIAN_POINT ( 'NONE',  ( 4.899999975562089993, -4.280384757729341239, 0.2999999999999999889 ) ) ;
#1988 = DIRECTION ( 'NONE',  ( 1.000000000000000000, 0.0000000000000000000, -0.0000000000000000000 ) ) ;
#1989 = ORIENTED_EDGE ( 'NONE', *, *, #3163, .F. ) ;
#1990 = EDGE_CURVE ( 'NONE', #1194, #531, #2648, .T. ) ;
#1991 = CARTESIAN_POINT ( 'NONE',  ( -7.850000024437909119, 0.1656854249492379916, -2.400000000000000355 ) ) ;
#1992 = EDGE_CURVE ( 'NONE', #3521, #2352, #325, .T. ) ;
#1993 = ORIENTED_EDGE ( 'NONE', *, *, #3841, .T. ) ;
#1994 = DIRECTION ( 'NONE',  ( -0.0000000000000000000, 0.0000000000000000000, -1.000000000000000000 ) ) ;
#1995 = ORIENTED_EDGE ( 'NONE', *, *, #1881, .F. ) ;
#1996 = CARTESIAN_POINT ( 'NONE',  ( 2.324999975562100030, 4.200000000000000178, 1.800000000000000266 ) ) ;
#1997 = STYLED_ITEM ( 'NONE', ( #2741 ), #1226 ) ;
#1998 = VERTEX_POINT ( 'NONE', #2684 ) ;
#1999 = VECTOR ( 'NONE', #609, 1000.000000000000000 ) ;
#2000 = CARTESIAN_POINT ( 'NONE',  ( -6.950000024437909651, 4.200000000000000178, 2.499999999999999556 ) ) ;
#2001 = DIRECTION ( 'NONE',  ( 1.000000000000000000, 0.0000000000000000000, -0.0000000000000000000 ) ) ;
#2002 = AXIS2_PLACEMENT_3D ( 'NONE', #1948, #692, #1363 ) ;
#2003 = AXIS2_PLACEMENT_3D ( 'NONE', #2802, #2224, #2863 ) ;
#2004 = VERTEX_POINT ( 'NONE', #55 ) ;
#2005 = DIRECTION ( 'NONE',  ( 0.0000000000000000000, 0.0000000000000000000, -1.000000000000000000 ) ) ;
#2006 = AXIS2_PLACEMENT_3D ( 'NONE', #829, #4025, #509 ) ;
#2007 = CARTESIAN_POINT ( 'NONE',  ( -1.700000024437900104, 4.200000000000000178, 1.600000000000000089 ) ) ;
#2008 = DIRECTION ( 'NONE',  ( 0.0000000000000000000, 0.0000000000000000000, 1.000000000000000000 ) ) ;
#2009 = EDGE_CURVE ( 'NONE', #980, #4201, #3647, .T. ) ;
#2010 = VECTOR ( 'NONE', #419, 1000.000000000000000 ) ;
#2011 = ORIENTED_EDGE ( 'NONE', *, *, #734, .F. ) ;
#2012 = CARTESIAN_POINT ( 'NONE',  ( -6.000000024437910362, 4.200000000000000178, -0.3249999957875560064 ) ) ;
#2013 = CIRCLE ( 'NONE', #1819, 0.1499999999999999667 ) ;
#2014 = SURFACE_STYLE_FILL_AREA ( #1687 ) ;
#2015 = EDGE_CURVE ( 'NONE', #2435, #1688, #704, .T. ) ;
#2016 = VECTOR ( 'NONE', #2758, 1000.000000000000000 ) ;
#2017 = EDGE_LOOP ( 'NONE', ( #2060, #1447, #2376, #1496 ) ) ;
#2018 = CARTESIAN_POINT ( 'NONE',  ( -6.850000024437910007, 0.1656854249492380471, 3.399999999999999467 ) ) ;
#2019 = ORIENTED_EDGE ( 'NONE', *, *, #3425, .F. ) ;
#2020 = DIRECTION ( 'NONE',  ( -0.0000000000000000000, -1.000000000000000000, -0.0000000000000000000 ) ) ;
#2021 = EDGE_CURVE ( 'NONE', #214, #2902, #2624, .T. ) ;
#2022 = VECTOR ( 'NONE', #2313, 1000.000000000000000 ) ;
#2023 = ORIENTED_EDGE ( 'NONE', *, *, #171, .F. ) ;
#2024 = VECTOR ( 'NONE', #1846, 1000.000000000000000 ) ;
#2025 = CARTESIAN_POINT ( 'NONE',  ( -6.850000024437900237, 0.0000000000000000000, 3.399999999999999911 ) ) ;
#2026 = DIRECTION ( 'NONE',  ( 0.0000000000000000000, -1.000000000000000000, 0.0000000000000000000 ) ) ;
#2027 = VECTOR ( 'NONE', #3476, 1000.000000000000000 ) ;
#2028 = EDGE_LOOP ( 'NONE', ( #3178, #151, #2787, #3190 ) ) ;
#2029 = DIRECTION ( 'NONE',  ( 0.0000000000000000000, 0.8660254037844371533, 0.5000000000000026645 ) ) ;
#2030 = DIRECTION ( 'NONE',  ( 0.0000000000000000000, 0.9396926207859085389, -0.3420201433256684354 ) ) ;
#2031 = EDGE_LOOP ( 'NONE', ( #2827, #3170, #4045, #2549 ) ) ;
#2032 = EDGE_CURVE ( 'NONE', #433, #4000, #2919, .T. ) ;
#2033 = DIRECTION ( 'NONE',  ( 1.000000000000000000, -0.0000000000000000000, 2.220446049250310123E-16 ) ) ;
#2034 = CARTESIAN_POINT ( 'NONE',  ( 2.299999975562100119, -4.540192378864669642, 0.8499999999999990896 ) ) ;
#2035 = VERTEX_POINT ( 'NONE', #3624 ) ;
#2036 = ADVANCED_FACE ( 'NONE', ( #76 ), #1376, .F. ) ;
#2037 = LINE ( 'NONE', #1747, #2144 ) ;
#2038 = DIRECTION ( 'NONE',  ( 1.000000000000000000, 0.0000000000000000000, 2.220446049250310123E-16 ) ) ;
#2039 = CARTESIAN_POINT ( 'NONE',  ( 7.449999975562101362, 0.0000000000000000000, -2.751471862576142069 ) ) ;
#2040 = ORIENTED_EDGE ( 'NONE', *, *, #2183, .T. ) ;
#2041 = EDGE_CURVE ( 'NONE', #1309, #551, #2322, .T. ) ;
#2042 = CARTESIAN_POINT ( 'NONE',  ( 6.949999975562099586, 0.0000000000000000000, -2.500000000000000000 ) ) ;
#2043 = CARTESIAN_POINT ( 'NONE',  ( 5.349999975562099941, 4.200000000000000178, 0.3249999903142449797 ) ) ;
#2044 = LINE ( 'NONE', #155, #527 ) ;
#2045 = ORIENTED_EDGE ( 'NONE', *, *, #3841, .F. ) ;
#2046 = CARTESIAN_POINT ( 'NONE',  ( -2.443790392270270082E-08, 11.00000000000000000, -3.399999999999999911 ) ) ;
#2047 = CARTESIAN_POINT ( 'NONE',  ( -6.950000024437909651, 11.00000000000000000, -2.500000000000000000 ) ) ;
#2048 = FACE_OUTER_BOUND ( 'NONE', #865, .T. ) ;
#2049 = ORIENTED_EDGE ( 'NONE', *, *, #589, .T. ) ;
#2050 = CARTESIAN_POINT ( 'NONE',  ( 6.849999975562099941, 0.4000000000000000222, 2.399999999999999911 ) ) ;
#2051 = LINE ( 'NONE', #4083, #1464 ) ;
#2052 = DIRECTION ( 'NONE',  ( 0.0000000000000000000, -1.000000000000000000, 0.0000000000000000000 ) ) ;
#2053 = ORIENTED_EDGE ( 'NONE', *, *, #3993, .T. ) ;
#2054 = CARTESIAN_POINT ( 'NONE',  ( 2.324999975562100030, 8.101009032218147610, 1.800000000000001599 ) ) ;
#2055 = CARTESIAN_POINT ( 'NONE',  ( -1.675000024437900192, 8.101009032218149386, -1.800000000000000266 ) ) ;
#2056 = CARTESIAN_POINT ( 'NONE',  ( 2.162499975562099941, 9.199999999999999289, 0.8999999999999983569 ) ) ;
#2057 = EDGE_CURVE ( 'NONE', #2123, #1524, #388, .T. ) ;
#2058 = ORIENTED_EDGE ( 'NONE', *, *, #2432, .T. ) ;
#2059 = CARTESIAN_POINT ( 'NONE',  ( 6.849999975562099941, 1.355252715606880543E-17, 2.999999999999999556 ) ) ;
#2060 = ORIENTED_EDGE ( 'NONE', *, *, #3125, .T. ) ;
#2061 = LINE ( 'NONE', #3751, #442 ) ;
#2062 = LINE ( 'NONE', #2687, #3999 ) ;
#2063 = VECTOR ( 'NONE', #4028, 1000.000000000000000 ) ;
#2064 = VERTEX_POINT ( 'NONE', #365 ) ;
#2065 = CARTESIAN_POINT ( 'NONE',  ( 2.324999975562100030, 4.200000000000000178, -0.5000000000000000000 ) ) ;
#2066 = CIRCLE ( 'NONE', #1399, 0.1499999999999999667 ) ;
#2067 = VECTOR ( 'NONE', #3423, 1000.000000000000000 ) ;
#2068 = DIRECTION ( 'NONE',  ( 1.000000000000000000, -0.0000000000000000000, 0.0000000000000000000 ) ) ;
#2069 = DIRECTION ( 'NONE',  ( 0.0000000000000000000, -1.000000000000000000, 0.0000000000000000000 ) ) ;
#2070 = VERTEX_POINT ( 'NONE', #2000 ) ;
#2071 = VECTOR ( 'NONE', #3949, 1000.000000000000000 ) ;
#2072 = AXIS2_PLACEMENT_3D ( 'NONE', #1499, #1836, #3411 ) ;
#2073 = FACE_OUTER_BOUND ( 'NONE', #3218, .T. ) ;
#2074 = DIRECTION ( 'NONE',  ( -1.233581138472400057E-15, -0.0000000000000000000, -1.000000000000000000 ) ) ;
#2075 = LINE ( 'NONE', #3382, #3723 ) ;
#2076 = CIRCLE ( 'NONE', #2006, 0.1499999999999999667 ) ;
#2077 = ORIENTED_EDGE ( 'NONE', *, *, #2738, .F. ) ;
#2078 = PLANE ( 'NONE',  #3644 ) ;
#2079 = PLANE ( 'NONE',  #1534 ) ;
#2080 = PLANE ( 'NONE',  #2404 ) ;
#2081 = AXIS2_PLACEMENT_3D ( 'NONE', #2327, #709, #2005 ) ;
#2082 = VERTEX_POINT ( 'NONE', #3330 ) ;
#2083 = CARTESIAN_POINT ( 'NONE',  ( 7.449999975562100474, 5.421010862427522170E-17, 2.751471862576142513 ) ) ;
#2084 = ORIENTED_EDGE ( 'NONE', *, *, #724, .T. ) ;
#2085 = EDGE_CURVE ( 'NONE', #1284, #531, #1628, .T. ) ;
#2086 = VECTOR ( 'NONE', #268, 1000.000000000000000 ) ;
#2087 = DIRECTION ( 'NONE',  ( 1.000000000000000000, 0.0000000000000000000, 2.220446049250310123E-16 ) ) ;
#2088 = CARTESIAN_POINT ( 'NONE',  ( 1.674999975562099896, 4.200000000000000178, 1.800000000000000266 ) ) ;
#2089 = VECTOR ( 'NONE', #2370, 1000.000000000000000 ) ;
#2090 = EDGE_LOOP ( 'NONE', ( #8, #2500, #9, #3490 ) ) ;
#2091 = EDGE_CURVE ( 'NONE', #1558, #1315, #2998, .T. ) ;
#2092 = AXIS2_PLACEMENT_3D ( 'NONE', #2153, #3459, #536 ) ;
#2093 = DIRECTION ( 'NONE',  ( 0.0000000000000000000, -1.000000000000000000, 0.0000000000000000000 ) ) ;
#2094 = CARTESIAN_POINT ( 'NONE',  ( -2.443790392270270082E-08, 11.00000000000000000, 1.665334536937730077E-15 ) ) ;
#2095 = ORIENTED_EDGE ( 'NONE', *, *, #3739, .T. ) ;
#2096 = STYLED_ITEM ( 'NONE', ( #1647 ), #3043 ) ;
#2097 = ADVANCED_FACE ( 'NONE', ( #1306 ), #1650, .T. ) ;
#2098 = CARTESIAN_POINT ( 'NONE',  ( -2.325000024437899881, 4.200000000000000178, -1.149999999999999911 ) ) ;
#2099 = DIRECTION ( 'NONE',  ( 0.0000000000000000000, 0.0000000000000000000, -1.000000000000000000 ) ) ;
#2100 = DIRECTION ( 'NONE',  ( -1.000000000000000000, 0.0000000000000000000, -4.270088556250600220E-16 ) ) ;
#2101 = EDGE_LOOP ( 'NONE', ( #1079, #1272, #2419, #684 ) ) ;
#2102 = DIRECTION ( 'NONE',  ( 1.000000000000000000, 0.0000000000000000000, 2.822600910063960139E-16 ) ) ;
#2103 = DIRECTION ( 'NONE',  ( 0.0000000000000000000, 1.000000000000000000, 0.0000000000000000000 ) ) ;
#2104 = ORIENTED_EDGE ( 'NONE', *, *, #3527, .F. ) ;
#2105 = DIRECTION ( 'NONE',  ( -0.0000000000000000000, 0.0000000000000000000, -1.000000000000000000 ) ) ;
#2106 = ORIENTED_EDGE ( 'NONE', *, *, #2396, .F. ) ;
#2107 = DIRECTION ( 'NONE',  ( -2.220446049250310123E-16, 0.0000000000000000000, 1.000000000000000000 ) ) ;
#2108 = ADVANCED_FACE ( 'NONE', ( #1941 ), #3241, .T. ) ;
#2109 = VERTEX_POINT ( 'NONE', #3583 ) ;
#2110 =( NAMED_UNIT ( * ) PLANE_ANGLE_UNIT ( ) SI_UNIT ( $, .RADIAN. ) );
#2111 = DIRECTION ( 'NONE',  ( 1.000000000000000000, 0.0000000000000000000, -0.0000000000000000000 ) ) ;
#2112 = EDGE_CURVE ( 'NONE', #3446, #2785, #3508, .T. ) ;
#2113 = ORIENTED_EDGE ( 'NONE', *, *, #3627, .T. ) ;
#2114 = DIRECTION ( 'NONE',  ( 0.0000000000000000000, -1.000000000000000000, 0.0000000000000000000 ) ) ;
#2115 = CARTESIAN_POINT ( 'NONE',  ( -2.399999999999999911, 11.00000000000000000, 1.665334536937730077E-15 ) ) ;
#2116 = CARTESIAN_POINT ( 'NONE',  ( -5.350000024437900237, 0.0000000000000000000, 0.0000000000000000000 ) ) ;
#2117 = ADVANCED_FACE ( 'NONE', ( #2744 ), #3081, .T. ) ;
#2118 = VERTEX_POINT ( 'NONE', #2424 ) ;
#2119 = CARTESIAN_POINT ( 'NONE',  ( 7.849999975562100829, 0.1656854249492377695, 2.400000000000000355 ) ) ;
#2120 = CARTESIAN_POINT ( 'NONE',  ( 2.162499975562099941, 8.101009032218149386, -1.800000000000002709 ) ) ;
#2121 = CARTESIAN_POINT ( 'NONE',  ( -4.900000024437900947, -4.280384757729341239, -0.2999999999999999889 ) ) ;
#2122 = EDGE_CURVE ( 'NONE', #2425, #1315, #3685, .T. ) ;
#2123 = VERTEX_POINT ( 'NONE', #3749 ) ;
#2124 = CARTESIAN_POINT ( 'NONE',  ( 7.449999975562099586, 0.0000000000000000000, 1.665334536937730077E-15 ) ) ;
#2125 = ORIENTED_EDGE ( 'NONE', *, *, #215, .F. ) ;
#2126 = DIRECTION ( 'NONE',  ( -2.135044278125300110E-16, 0.0000000000000000000, 1.000000000000000000 ) ) ;
#2127 = ORIENTED_EDGE ( 'NONE', *, *, #161, .F. ) ;
#2128 =( LENGTH_UNIT ( ) NAMED_UNIT ( * ) SI_UNIT ( .MILLI., .METRE. ) );
#2129 = CARTESIAN_POINT ( 'NONE',  ( 1.999999975562100074, 1.889999999999999902, -1.149999999999999911 ) ) ;
#2130 = AXIS2_PLACEMENT_3D ( 'NONE', #2789, #4092, #1170 ) ;
#2131 = ORIENTED_EDGE ( 'NONE', *, *, #3638, .T. ) ;
#2132 = CLOSED_SHELL ( 'NONE', ( #3106, #835, #1713, #3809, #482, #3969, #3059, #2097 ) ) ;
#2133 = DIRECTION ( 'NONE',  ( 0.0000000000000000000, 0.0000000000000000000, 1.000000000000000000 ) ) ;
#2134 = ADVANCED_FACE ( 'NONE', ( #1497 ), #4072, .T. ) ;
#2135 = CARTESIAN_POINT ( 'NONE',  ( -4.900000024437900059, 4.200000000000000178, -0.2999999999999999889 ) ) ;
#2136 = DIRECTION ( 'NONE',  ( -0.0000000000000000000, -1.000000000000000000, 0.0000000000000000000 ) ) ;
#2137 = VECTOR ( 'NONE', #3250, 1000.000000000000000 ) ;
#2138 = VECTOR ( 'NONE', #623, 1000.000000000000000 ) ;
#2139 = ORIENTED_EDGE ( 'NONE', *, *, #448, .T. ) ;
#2140 = LINE ( 'NONE', #868, #3839 ) ;
#2141 = EDGE_CURVE ( 'NONE', #1475, #2543, #2963, .T. ) ;
#2142 = VECTOR ( 'NONE', #4106, 1000.000000000000000 ) ;
#2143 = CARTESIAN_POINT ( 'NONE',  ( -2.300000024437899970, -4.800000000000000711, 1.000000000000000000 ) ) ;
#2144 = VECTOR ( 'NONE', #3036, 1000.000000000000000 ) ;
#2145 = ORIENTED_EDGE ( 'NONE', *, *, #2571, .F. ) ;
#2146 = LINE ( 'NONE', #2805, #2202 ) ;
#2147 = ORIENTED_EDGE ( 'NONE', *, *, #3835, .F. ) ;
#2148 = CARTESIAN_POINT ( 'NONE',  ( 5.599999975562099941, 9.199999999999999289, -6.938893903907229610E-17 ) ) ;
#2149 = DIRECTION ( 'NONE',  ( 0.0000000000000000000, 1.000000000000000000, 0.0000000000000000000 ) ) ;
#2150 = ORIENTED_EDGE ( 'NONE', *, *, #271, .F. ) ;
#2151 = AXIS2_PLACEMENT_3D ( 'NONE', #3261, #1959, #321 ) ;
#2152 = FILL_AREA_STYLE ('',( #3133 ) ) ;
#2153 = CARTESIAN_POINT ( 'NONE',  ( -6.850000024437910007, 0.4000000000000000222, 2.999999999999999556 ) ) ;
#2154 = VECTOR ( 'NONE', #2243, 1000.000000000000000 ) ;
#2155 = ORIENTED_EDGE ( 'NONE', *, *, #3857, .T. ) ;
#2156 = COLOUR_RGB ( '',0.9529411764705881804, 0.8980392156862745390, 0.6549019607843137303 ) ;
#2157 = CARTESIAN_POINT ( 'NONE',  ( -2.300000024437899970, -4.540192378864669642, 0.8500000000000010880 ) ) ;
#2158 = CARTESIAN_POINT ( 'NONE',  ( 5.349999975562099941, 4.200000000000000178, 0.2999999999999999889 ) ) ;
#2159 = LINE ( 'NONE', #2479, #2566 ) ;
#2160 = EDGE_LOOP ( 'NONE', ( #499, #3528, #886, #637 ) ) ;
#2161 = CARTESIAN_POINT ( 'NONE',  ( -2.325000024437899881, 8.650504516109080555, -1.600000000000000311 ) ) ;
#2162 = PLANE ( 'NONE',  #4111 ) ;
#2163 = ORIENTED_EDGE ( 'NONE', *, *, #3275, .F. ) ;
#2164 = FACE_OUTER_BOUND ( 'NONE', #3540, .T. ) ;
#2165 = ORIENTED_EDGE ( 'NONE', *, *, #3863, .T. ) ;
#2166 = CARTESIAN_POINT ( 'NONE',  ( 7.449999975562100474, 0.4000000000000000222, 2.399999999999999467 ) ) ;
#2167 = EDGE_CURVE ( 'NONE', #288, #3455, #111, .T. ) ;
#2168 = ORIENTED_EDGE ( 'NONE', *, *, #1374, .T. ) ;
#2169 = CARTESIAN_POINT ( 'NONE',  ( -4.000000024437910362, 0.0000000000000000000, -3.399999999999999911 ) ) ;
#2170 = DIRECTION ( 'NONE',  ( 1.000000000000000000, 0.0000000000000000000, 0.0000000000000000000 ) ) ;
#2171 =( BOUNDED_CURVE ( )  B_SPLINE_CURVE ( 3, ( #2059, #446, #2083, #809 ),
 .UNSPECIFIED., .F., .T. ) 
 B_SPLINE_CURVE_WITH_KNOTS ( ( 4, 4 ),
 ( 0.0000000000000000000, 1.000000000000000000 ),
 .UNSPECIFIED. ) 
 CURVE ( )  GEOMETRIC_REPRESENTATION_ITEM ( )  RATIONAL_B_SPLINE_CURVE ( ( 1.000000000000000000, 0.8047378541243649375, 0.8047378541243649375, 1.000000000000000000 ) ) 
 REPRESENTATION_ITEM ( '' )  );
#2172 = ORIENTED_EDGE ( 'NONE', *, *, #1008, .T. ) ;
#2173 = PLANE ( 'NONE',  #4179 ) ;
#2174 = CARTESIAN_POINT ( 'NONE',  ( -6.850000024437905566, 0.4000000000000000222, 3.399999999999999911 ) ) ;
#2175 = LINE ( 'NONE', #1888, #3858 ) ;
#2176 = ORIENTED_EDGE ( 'NONE', *, *, #2324, .F. ) ;
#2177 = DIRECTION ( 'NONE',  ( -0.0000000000000000000, -0.0000000000000000000, -1.000000000000000000 ) ) ;
#2178 = CARTESIAN_POINT ( 'NONE',  ( 7.684314550612861616, 7.894097067757432490E-16, -2.888730162779188149 ) ) ;
#2179 = ORIENTED_EDGE ( 'NONE', *, *, #1509, .F. ) ;
#2180 = DIRECTION ( 'NONE',  ( -1.000000000000000000, 0.0000000000000000000, 0.0000000000000000000 ) ) ;
#2181 = EDGE_LOOP ( 'NONE', ( #878, #1104, #19, #3962, #1221, #1173 ) ) ;
#2182 = DIRECTION ( 'NONE',  ( -1.000000000000000000, -0.0000000000000000000, 0.0000000000000000000 ) ) ;
#2183 = EDGE_CURVE ( 'NONE', #4165, #2887, #4007, .T. ) ;
#2184 = DIRECTION ( 'NONE',  ( 0.0000000000000000000, -0.0000000000000000000, 1.000000000000000000 ) ) ;
#2185 = ORIENTED_EDGE ( 'NONE', *, *, #1231, .F. ) ;
#2186 = ORIENTED_EDGE ( 'NONE', *, *, #2373, .T. ) ;
#2187 = PLANE ( 'NONE',  #1416 ) ;
#2188 = EDGE_CURVE ( 'NONE', #2064, #1847, #1084, .T. ) ;
#2189 = CARTESIAN_POINT ( 'NONE',  ( 5.799999975562100119, 8.650504516109080555, 0.1625000000000000333 ) ) ;
#2190 = ORIENTED_EDGE ( 'NONE', *, *, #88, .T. ) ;
#2191 = CARTESIAN_POINT ( 'NONE',  ( 5.999999975562100296, 8.101009032218149386, 0.3250000000000000666 ) ) ;
#2192 = VECTOR ( 'NONE', #3364, 1000.000000000000000 ) ;
#2193 = CARTESIAN_POINT ( 'NONE',  ( -5.350000024437900237, 1.889999999999999902, 0.0000000000000000000 ) ) ;
#2194 = EDGE_LOOP ( 'NONE', ( #3828, #381, #2861, #3689 ) ) ;
#2195 = MECHANICAL_DESIGN_GEOMETRIC_PRESENTATION_REPRESENTATION (  '', ( #4043 ), #3976 ) ;
#2196 = CYLINDRICAL_SURFACE ( 'NONE', #1735, 0.1499999999999999944 ) ;
#2197 = CYLINDRICAL_SURFACE ( 'NONE', #569, 0.1499999999999999667 ) ;
#2198 = VECTOR ( 'NONE', #407, 1000.000000000000000 ) ;
#2199 = AXIS2_PLACEMENT_3D ( 'NONE', #2378, #1081, #781 ) ;
#2200 =( BOUNDED_SURFACE ( )  B_SPLINE_SURFACE ( 3, 3, ( 
 ( #1299, #3576, #2576, #3258 ),
 ( #2595, #3640, #974, #3619 ),
 ( #2018, #1346, #1620, #23 ),
 ( #4, #3325, #1003, #1664 ) ),
 .UNSPECIFIED., .F., .F., .T. ) 
 B_SPLINE_SURFACE_WITH_KNOTS ( ( 4, 4 ),
 ( 4, 4 ),
 ( 0.0000000000000000000, 1.000000000000000000 ),
 ( 0.0000000000000000000, 1.000000000000000000 ),
 .UNSPECIFIED. ) 
 GEOMETRIC_REPRESENTATION_ITEM ( )  RATIONAL_B_SPLINE_SURFACE ( (
 ( 1.000000000000000000, 0.8047378541243649375, 0.8047378541243649375, 1.000000000000000000),
 ( 0.8047378541243649375, 0.6476030138606876374, 0.6476030138606876374, 0.8047378541243649375),
 ( 0.8047378541243649375, 0.6476030138606876374, 0.6476030138606876374, 0.8047378541243649375),
 ( 1.000000000000000000, 0.8047378541243649375, 0.8047378541243649375, 1.000000000000000000) ) ) 
 REPRESENTATION_ITEM ( '' )  SURFACE ( )  );
#2201 = ORIENTED_EDGE ( 'NONE', *, *, #2347, .F. ) ;
#2202 = VECTOR ( 'NONE', #1576, 1000.000000000000000 ) ;
#2203 = DIRECTION ( 'NONE',  ( 0.0000000000000000000, 0.0000000000000000000, 1.000000000000000000 ) ) ;
#2204 = AXIS2_PLACEMENT_3D ( 'NONE', #309, #2966, #4009 ) ;
#2205 = ORIENTED_EDGE ( 'NONE', *, *, #1681, .F. ) ;
#2206 = PLANE ( 'NONE',  #1248 ) ;
#2207 = DIRECTION ( 'NONE',  ( 0.5000000000000009992, 0.8660254037844380415, 0.0000000000000000000 ) ) ;
#2208 = APPLICATION_PROTOCOL_DEFINITION ( 'draft international standard', 'automotive_design', 1998, #1055 ) ;
#2209 = ORIENTED_EDGE ( 'NONE', *, *, #3130, .F. ) ;
#2210 = EDGE_CURVE ( 'NONE', #2281, #112, #152, .T. ) ;
#2211 = DIRECTION ( 'NONE',  ( 1.000000000000000000, -0.0000000000000000000, 0.0000000000000000000 ) ) ;
#2212 = LINE ( 'NONE', #1175, #2027 ) ;
#2213 = AXIS2_PLACEMENT_3D ( 'NONE', #3818, #3881, #573 ) ;
#2214 = VERTEX_POINT ( 'NONE', #1068 ) ;
#2215 = EDGE_CURVE ( 'NONE', #1167, #3383, #762, .T. ) ;
#2216 = SURFACE_SIDE_STYLE ('',( #1586 ) ) ;
#2217 = DIRECTION ( 'NONE',  ( 2.220446049250310123E-16, 0.0000000000000000000, -1.000000000000000000 ) ) ;
#2218 = CIRCLE ( 'NONE', #60, 0.1499999999999999667 ) ;
#2219 = DIRECTION ( 'NONE',  ( 1.000000000000000000, 0.0000000000000000000, -0.0000000000000000000 ) ) ;
#2220 = DIRECTION ( 'NONE',  ( 0.0000000000000000000, 0.0000000000000000000, -1.000000000000000000 ) ) ;
#2221 = ORIENTED_EDGE ( 'NONE', *, *, #241, .T. ) ;
#2222 = EDGE_CURVE ( 'NONE', #2249, #1413, #2076, .T. ) ;
#2223 = VECTOR ( 'NONE', #922, 1000.000000000000000 ) ;
#2224 = DIRECTION ( 'NONE',  ( 1.000000000000000000, -0.0000000000000000000, 0.0000000000000000000 ) ) ;
#2225 = CARTESIAN_POINT ( 'NONE',  ( 5.999999975562100296, 4.200000000000000178, -0.3250000000000000666 ) ) ;
#2226 =( GEOMETRIC_REPRESENTATION_CONTEXT ( 3 ) GLOBAL_UNCERTAINTY_ASSIGNED_CONTEXT ( ( #134 ) ) GLOBAL_UNIT_ASSIGNED_CONTEXT ( ( #177, #3393, #2344 ) ) REPRESENTATION_CONTEXT ( 'NONE', 'WORKASPACE' ) );
#2227 = EDGE_CURVE ( 'NONE', #2683, #1167, #2171, .T. ) ;
#2228 = ORIENTED_EDGE ( 'NONE', *, *, #204, .T. ) ;
#2229 =( GEOMETRIC_REPRESENTATION_CONTEXT ( 3 ) GLOBAL_UNCERTAINTY_ASSIGNED_CONTEXT ( ( #822 ) ) GLOBAL_UNIT_ASSIGNED_CONTEXT ( ( #1303, #3878, #979 ) ) REPRESENTATION_CONTEXT ( 'NONE', 'WORKASPACE' ) );
#2230 = FACE_BOUND ( 'NONE', #832, .T. ) ;
#2231 = EDGE_LOOP ( 'NONE', ( #2019, #2847, #3852, #901 ) ) ;
#2232 = PLANE ( 'NONE',  #2812 ) ;
#2233 = CARTESIAN_POINT ( 'NONE',  ( 2.299999975562100119, -4.799999999999999822, 1.149999999999999911 ) ) ;
#2234 = FILL_AREA_STYLE ('',( #1580 ) ) ;
#2235 = ORIENTED_EDGE ( 'NONE', *, *, #378, .F. ) ;
#2236 = DIRECTION ( 'NONE',  ( -1.000000000000000000, 0.0000000000000000000, 1.441848083928770031E-16 ) ) ;
#2237 = CARTESIAN_POINT ( 'NONE',  ( 2.149999975562100207, -4.540192378864669642, -0.8500000000000010880 ) ) ;
#2238 = EDGE_CURVE ( 'NONE', #2628, #1859, #197, .T. ) ;
#2239 = ORIENTED_EDGE ( 'NONE', *, *, #2899, .T. ) ;
#2240 = LINE ( 'NONE', #2191, #3027 ) ;
#2241 = FACE_OUTER_BOUND ( 'NONE', #3428, .T. ) ;
#2242 = CARTESIAN_POINT ( 'NONE',  ( -4.900000024437900059, 8.650504516109080555, 0.3250000016201710085 ) ) ;
#2243 = DIRECTION ( 'NONE',  ( 0.0000000000000000000, -1.000000000000000000, -0.0000000000000000000 ) ) ;
#2244 = ADVANCED_FACE ( 'NONE', ( #3668 ), #3390, .T. ) ;
#2245 = ORIENTED_EDGE ( 'NONE', *, *, #3297, .F. ) ;
#2246 = LINE ( 'NONE', #3227, #1873 ) ;
#2247 = FACE_OUTER_BOUND ( 'NONE', #2754, .T. ) ;
#2248 = EDGE_CURVE ( 'NONE', #2604, #1590, #1453, .T. ) ;
#2249 = VERTEX_POINT ( 'NONE', #3361 ) ;
#2250 = FACE_OUTER_BOUND ( 'NONE', #2160, .T. ) ;
#2251 = ORIENTED_EDGE ( 'NONE', *, *, #3627, .F. ) ;
#2252 = FACE_OUTER_BOUND ( 'NONE', #3394, .T. ) ;
#2253 = CARTESIAN_POINT ( 'NONE',  ( -5.050000024437900414, -4.540192378864669642, -0.1499999999999999944 ) ) ;
#2254 = EDGE_CURVE ( 'NONE', #3679, #669, #243, .T. ) ;
#2255 = ORIENTED_EDGE ( 'NONE', *, *, #1686, .F. ) ;
#2256 = ORIENTED_EDGE ( 'NONE', *, *, #4069, .T. ) ;
#2257 = CARTESIAN_POINT ( 'NONE',  ( 1.699999975562100030, -4.800000000000000711, 1.300000000000000266 ) ) ;
#2258 = DIRECTION ( 'NONE',  ( 0.0000000000000000000, 0.0000000000000000000, -1.000000000000000000 ) ) ;
#2259 = CARTESIAN_POINT ( 'NONE',  ( -2.325000024437900326, 8.101009032218149386, -0.4999999999999989453 ) ) ;
#2260 = ORIENTED_EDGE ( 'NONE', *, *, #4075, .F. ) ;
#2261 = DIRECTION ( 'NONE',  ( 0.0000000000000000000, 1.000000000000000000, -0.0000000000000000000 ) ) ;
#2262 = DIRECTION ( 'NONE',  ( 0.0000000000000000000, 1.000000000000000000, 0.0000000000000000000 ) ) ;
#2263 = CARTESIAN_POINT ( 'NONE',  ( 5.999999975562100296, 4.200000000000000178, 0.3249999975785612949 ) ) ;
#2264 = DIRECTION ( 'NONE',  ( 0.0000000000000000000, 1.000000000000000000, 0.0000000000000000000 ) ) ;
#2265 = EDGE_LOOP ( 'NONE', ( #3968, #3246, #1746, #1321 ) ) ;
#2266 = EDGE_CURVE ( 'NONE', #433, #2553, #2402, .T. ) ;
#2267 = FACE_OUTER_BOUND ( 'NONE', #3816, .T. ) ;
#2268 = CARTESIAN_POINT ( 'NONE',  ( -2.325000024437899881, 9.199999999999999289, -1.400000000000001021 ) ) ;
#2269 = AXIS2_PLACEMENT_3D ( 'NONE', #3328, #404, #2995 ) ;
#2270 = EDGE_LOOP ( 'NONE', ( #2045, #1088, #2335, #2527, #3810, #2441 ) ) ;
#2271 = EDGE_CURVE ( 'NONE', #565, #1690, #3729, .T. ) ;
#2272 = DIRECTION ( 'NONE',  ( 0.0000000000000000000, -1.000000000000000000, 0.0000000000000000000 ) ) ;
#2273 = ORIENTED_EDGE ( 'NONE', *, *, #2167, .T. ) ;
#2274 = CLOSED_SHELL ( 'NONE', ( #2639, #1201, #327, #1341, #867, #578, #895, #127 ) ) ;
#2275 = DIRECTION ( 'NONE',  ( 0.0000000000000000000, 1.000000000000000000, 0.0000000000000000000 ) ) ;
#2276 = CARTESIAN_POINT ( 'NONE',  ( 2.299999975562100119, -4.540192378864669642, 1.449999999999999956 ) ) ;
#2277 = CARTESIAN_POINT ( 'NONE',  ( 0.0000000000000000000, 0.0000000000000000000, 0.0000000000000000000 ) ) ;
#2278 = VERTEX_POINT ( 'NONE', #874 ) ;
#2279 = VECTOR ( 'NONE', #2982, 1000.000000000000000 ) ;
#2280 = VECTOR ( 'NONE', #648, 1000.000000000000000 ) ;
#2281 = VERTEX_POINT ( 'NONE', #2551 ) ;
#2282 = ADVANCED_FACE ( 'NONE', ( #3208 ), #3189, .F. ) ;
#2283 = CARTESIAN_POINT ( 'NONE',  ( -4.900000024437900059, 4.200000000000000178, 0.2999999999999999889 ) ) ;
#2284 = DIRECTION ( 'NONE',  ( 0.0000000000000000000, -0.0000000000000000000, -1.000000000000000000 ) ) ;
#2285 = AXIS2_PLACEMENT_3D ( 'NONE', #665, #1011, #685 ) ;
#2286 = DIRECTION ( 'NONE',  ( 0.0000000000000000000, 1.000000000000000000, 0.0000000000000000000 ) ) ;
#2287 = VERTEX_POINT ( 'NONE', #2826 ) ;
#2288 = CARTESIAN_POINT ( 'NONE',  ( -5.800000024437909296, -4.280384757729340350, 0.2999999999999999889 ) ) ;
#2289 = CARTESIAN_POINT ( 'NONE',  ( -1.675000024437900192, 8.101009032218149386, -1.800000000000000266 ) ) ;
#2290 = LINE ( 'NONE', #2351, #3177 ) ;
#2291 =( GEOMETRIC_REPRESENTATION_CONTEXT ( 3 ) GLOBAL_UNCERTAINTY_ASSIGNED_CONTEXT ( ( #4050 ) ) GLOBAL_UNIT_ASSIGNED_CONTEXT ( ( #1242, #1310, #4012 ) ) REPRESENTATION_CONTEXT ( 'NONE', 'WORKASPACE' ) );
#2292 = ORIENTED_EDGE ( 'NONE', *, *, #2871, .F. ) ;
#2293 = AXIS2_PLACEMENT_3D ( 'NONE', #2375, #4063, #1142 ) ;
#2294 = CARTESIAN_POINT ( 'NONE',  ( -1.700000024437900104, -4.800000000000000711, 1.300000000000000266 ) ) ;
#2295 = CARTESIAN_POINT ( 'NONE',  ( 7.849999975562099941, 0.4000000000000000222, -2.399999999999997691 ) ) ;
#2296 = ADVANCED_FACE ( 'NONE', ( #1168 ), #2786, .T. ) ;
#2297 = VECTOR ( 'NONE', #2503, 1000.000000000000000 ) ;
#2298 = VERTEX_POINT ( 'NONE', #274 ) ;
#2299 = CARTESIAN_POINT ( 'NONE',  ( -2.000000024437909918, 4.200000000000000178, 1.300000000000000044 ) ) ;
#2300 = ORIENTED_EDGE ( 'NONE', *, *, #3400, .F. ) ;
#2301 = PLANE ( 'NONE',  #1462 ) ;
#2302 = PLANE ( 'NONE',  #521 ) ;
#2303 = EDGE_CURVE ( 'NONE', #2831, #2680, #2146, .T. ) ;
#2304 = ORIENTED_EDGE ( 'NONE', *, *, #3736, .T. ) ;
#2305 = EDGE_LOOP ( 'NONE', ( #1056, #2209, #3473, #3118 ) ) ;
#2306 = CARTESIAN_POINT ( 'NONE',  ( -4.000000024437899704, 0.0000000000000000000, -2.500000000000000888 ) ) ;
#2307 = CARTESIAN_POINT ( 'NONE',  ( 1.999999975562100074, 4.200000000000000178, -1.149999999999999911 ) ) ;
#2308 =( NAMED_UNIT ( * ) PLANE_ANGLE_UNIT ( ) SI_UNIT ( $, .RADIAN. ) );
#2309 = EDGE_CURVE ( 'NONE', #2082, #2708, #2867, .T. ) ;
#2310 = VERTEX_POINT ( 'NONE', #1250 ) ;
#2311 = DIRECTION ( 'NONE',  ( 1.000000000000000000, 0.0000000000000000000, -1.441848083928770031E-16 ) ) ;
#2312 = CARTESIAN_POINT ( 'NONE',  ( 4.899999975562089993, 4.200000000000000178, 0.2999999999999999889 ) ) ;
#2313 = DIRECTION ( 'NONE',  ( 1.000000000000000000, 0.0000000000000000000, 0.0000000000000000000 ) ) ;
#2314 = ORIENTED_EDGE ( 'NONE', *, *, #281, .F. ) ;
#2315 = CARTESIAN_POINT ( 'NONE',  ( -2.000000024437900148, 4.200000000000000178, 1.149999999999999911 ) ) ;
#2316 = SURFACE_STYLE_FILL_AREA ( #357 ) ;
#2317 = UNCERTAINTY_MEASURE_WITH_UNIT (LENGTH_MEASURE( 1.000000000000000082E-05 ), #1125, 'distance_accuracy_value', 'NONE');
#2318 = ORIENTED_EDGE ( 'NONE', *, *, #355, .T. ) ;
#2319 = VERTEX_POINT ( 'NONE', #3144 ) ;
#2320 = CARTESIAN_POINT ( 'NONE',  ( -5.350000024437900237, 4.200000000000000178, -0.1499999999999999944 ) ) ;
#2321 = ORIENTED_EDGE ( 'NONE', *, *, #2041, .T. ) ;
#2322 = LINE ( 'NONE', #727, #2198 ) ;
#2323 = CARTESIAN_POINT ( 'NONE',  ( -1.700000024437900104, 4.200000000000000178, 0.7000000000000009548 ) ) ;
#2324 = EDGE_CURVE ( 'NONE', #1833, #2331, #3454, .T. ) ;
#2325 = PLANE ( 'NONE',  #462 ) ;
#2326 = VERTEX_POINT ( 'NONE', #3851 ) ;
#2327 = CARTESIAN_POINT ( 'NONE',  ( -2.000000024437909918, 1.889999999999999902, 1.149999999999999911 ) ) ;
#2328 = EDGE_CURVE ( 'NONE', #354, #1914, #3485, .T. ) ;
#2329 = LINE ( 'NONE', #3629, #508 ) ;
#2330 = CARTESIAN_POINT ( 'NONE',  ( -2.300000024437905299, -4.800000000000000711, -1.300000000000000266 ) ) ;
#2331 = VERTEX_POINT ( 'NONE', #1851 ) ;
#2332 = ADVANCED_FACE ( 'NONE', ( #2230, #3532, #3469, #3169, #1213, #293, #612 ), #4090, .T. ) ;
#2333 = PLANE ( 'NONE',  #2882 ) ;
#2334 = CARTESIAN_POINT ( 'NONE',  ( 6.849999975562099941, 0.1656854249492387132, -3.399999999999999023 ) ) ;
#2335 = ORIENTED_EDGE ( 'NONE', *, *, #194, .F. ) ;
#2336 = CARTESIAN_POINT ( 'NONE',  ( 1.999999975562100074, 1.889999999999999902, -1.149999999999999911 ) ) ;
#2337 = VERTEX_POINT ( 'NONE', #1872 ) ;
#2338 = DIRECTION ( 'NONE',  ( -1.000000000000000000, -0.0000000000000000000, 3.535742116640630070E-17 ) ) ;
#2339 = AXIS2_PLACEMENT_3D ( 'NONE', #1147, #1100, #3038 ) ;
#2340 = ORIENTED_EDGE ( 'NONE', *, *, #1187, .F. ) ;
#2341 = AXIS2_PLACEMENT_3D ( 'NONE', #2135, #2219, #1887 ) ;
#2342 = CARTESIAN_POINT ( 'NONE',  ( -4.900000024437900947, -4.280384757729340350, -0.1499999999999999944 ) ) ;
#2343 = DIRECTION ( 'NONE',  ( 1.000000000000000000, 0.0000000000000000000, 2.220446049250310123E-16 ) ) ;
#2344 =( NAMED_UNIT ( * ) SI_UNIT ( $, .STERADIAN. ) SOLID_ANGLE_UNIT ( ) );
#2345 = VECTOR ( 'NONE', #4099, 1000.000000000000000 ) ;
#2346 = AXIS2_PLACEMENT_3D ( 'NONE', #1086, #2262, #992 ) ;
#2347 = EDGE_CURVE ( 'NONE', #4135, #1670, #2823, .T. ) ;
#2348 = ORIENTED_EDGE ( 'NONE', *, *, #1485, .T. ) ;
#2349 = VECTOR ( 'NONE', #2641, 1000.000000000000227 ) ;
#2350 = FACE_OUTER_BOUND ( 'NONE', #1726, .T. ) ;
#2351 = CARTESIAN_POINT ( 'NONE',  ( -3.925000024437899970, 0.0000000000000000000, 3.000000000000000000 ) ) ;
#2352 = VERTEX_POINT ( 'NONE', #255 ) ;
#2353 = DIRECTION ( 'NONE',  ( -1.000000000000000000, 0.0000000000000000000, -2.220446049250310123E-16 ) ) ;
#2354 = ADVANCED_FACE ( 'NONE', ( #848 ), #3811, .T. ) ;
#2355 = VECTOR ( 'NONE', #728, 1000.000000000000000 ) ;
#2356 = CARTESIAN_POINT ( 'NONE',  ( 5.799999975562100119, 4.200000000000000178, -0.2999999999999999889 ) ) ;
#2357 = LINE ( 'NONE', #1146, #643 ) ;
#2358 = DIRECTION ( 'NONE',  ( 0.0000000000000000000, 0.0000000000000000000, 1.000000000000000000 ) ) ;
#2359 = EDGE_CURVE ( 'NONE', #491, #1380, #530, .T. ) ;
#2360 = EDGE_LOOP ( 'NONE', ( #3905, #3080 ) ) ;
#2361 = PRESENTATION_LAYER_ASSIGNMENT (  '', '', ( #1491 ) ) ;
#2362 = CARTESIAN_POINT ( 'NONE',  ( -4.700000024437909651, 4.200000000000000178, 0.3250000042124440158 ) ) ;
#2363 = PLANE ( 'NONE',  #2426 ) ;
#2364 = DIRECTION ( 'NONE',  ( -1.000000000000000000, 0.0000000000000000000, -2.220446049250310123E-16 ) ) ;
#2365 = PRESENTATION_LAYER_ASSIGNMENT (  '', '', ( #2096 ) ) ;
#2366 = ORIENTED_EDGE ( 'NONE', *, *, #4203, .T. ) ;
#2367 = DIRECTION ( 'NONE',  ( 0.0000000000000000000, 0.0000000000000000000, -1.000000000000000000 ) ) ;
#2368 = EDGE_CURVE ( 'NONE', #2326, #2507, #3127, .T. ) ;
#2369 = CARTESIAN_POINT ( 'NONE',  ( 1.674999975562099896, 4.200000000000000178, 1.800000000000000266 ) ) ;
#2370 = DIRECTION ( 'NONE',  ( 0.0000000000000000000, 1.000000000000000000, 0.0000000000000000000 ) ) ;
#2371 = EDGE_LOOP ( 'NONE', ( #2185, #1694, #3047, #2163 ) ) ;
#2372 = FACE_OUTER_BOUND ( 'NONE', #2577, .T. ) ;
#2373 = EDGE_CURVE ( 'NONE', #2214, #3675, #4151, .T. ) ;
#2374 = CARTESIAN_POINT ( 'NONE',  ( 1.699999975562097587, 4.200000000000000178, -1.600000000000000089 ) ) ;
#2375 = CARTESIAN_POINT ( 'NONE',  ( 1.999999975562100074, 4.200000000000000178, -1.149999999999999911 ) ) ;
#2376 = ORIENTED_EDGE ( 'NONE', *, *, #585, .F. ) ;
#2377 = CARTESIAN_POINT ( 'NONE',  ( -2.000000024437909918, 0.0000000000000000000, 1.000000000000000000 ) ) ;
#2378 = CARTESIAN_POINT ( 'NONE',  ( -6.850000024437910007, 11.00000000000000000, -2.399999999999999911 ) ) ;
#2379 = CARTESIAN_POINT ( 'NONE',  ( 1.699999975562090038, 4.200000000000000178, -0.7000000000000009548 ) ) ;
#2380 = ORIENTED_EDGE ( 'NONE', *, *, #674, .F. ) ;
#2381 = DIRECTION ( 'NONE',  ( -0.0000000000000000000, 0.0000000000000000000, -1.000000000000000000 ) ) ;
#2382 = EDGE_LOOP ( 'NONE', ( #1890, #4167, #3403, #996 ) ) ;
#2383 = ADVANCED_FACE ( 'NONE', ( #2164 ), #382, .F. ) ;
#2384 = CARTESIAN_POINT ( 'NONE',  ( -7.201471887014051276, 5.421010862427522170E-17, 3.000000000000000000 ) ) ;
#2385 = UNCERTAINTY_MEASURE_WITH_UNIT (LENGTH_MEASURE( 1.000000000000000082E-05 ), #2942, 'distance_accuracy_value', 'NONE');
#2386 = SURFACE_STYLE_FILL_AREA ( #3708 ) ;
#2387 = ORIENTED_EDGE ( 'NONE', *, *, #1157, .T. ) ;
#2388 = DIRECTION ( 'NONE',  ( 0.0000000000000000000, 0.0000000000000000000, 1.000000000000000000 ) ) ;
#2389 = DIRECTION ( 'NONE',  ( -1.000000000000000000, -0.0000000000000000000, 0.0000000000000000000 ) ) ;
#2390 = DIRECTION ( 'NONE',  ( 0.0000000000000000000, -0.8660254037844380415, -0.5000000000000009992 ) ) ;
#2391 = ORIENTED_EDGE ( 'NONE', *, *, #1073, .F. ) ;
#2392 = LINE ( 'NONE', #1719, #3161 ) ;
#2393 = DIRECTION ( 'NONE',  ( 0.0000000000000000000, 0.0000000000000000000, 1.000000000000000000 ) ) ;
#2394 = DIRECTION ( 'NONE',  ( 0.0000000000000000000, -1.000000000000000000, 0.0000000000000000000 ) ) ;
#2395 = ORIENTED_EDGE ( 'NONE', *, *, #2112, .T. ) ;
#2396 = EDGE_CURVE ( 'NONE', #3262, #3671, #955, .T. ) ;
#2397 = CARTESIAN_POINT ( 'NONE',  ( 5.349999975562099941, 4.200000000000000178, 0.1499999999999999944 ) ) ;
#2398 = DIRECTION ( 'NONE',  ( 0.0000000000000000000, 0.0000000000000000000, 1.000000000000000000 ) ) ;
#2399 = DIRECTION ( 'NONE',  ( -1.000000000000000000, -0.0000000000000000000, 0.0000000000000000000 ) ) ;
#2400 = EDGE_CURVE ( 'NONE', #761, #112, #632, .T. ) ;
#2401 = ORIENTED_EDGE ( 'NONE', *, *, #3498, .F. ) ;
#2402 = LINE ( 'NONE', #3704, #2626 ) ;
#2403 = ORIENTED_EDGE ( 'NONE', *, *, #3054, .F. ) ;
#2404 = AXIS2_PLACEMENT_3D ( 'NONE', #1494, #1790, #443 ) ;
#2405 = CARTESIAN_POINT ( 'NONE',  ( -1.700000024437900326, -4.280384757729341239, -0.6999999999999990674 ) ) ;
#2406 = EDGE_CURVE ( 'NONE', #2543, #1475, #1745, .T. ) ;
#2407 = CIRCLE ( 'NONE', #908, 0.1499999999999999667 ) ;
#2408 = EDGE_LOOP ( 'NONE', ( #212, #364 ) ) ;
#2409 = DIRECTION ( 'NONE',  ( 0.0000000000000000000, 0.0000000000000000000, -1.000000000000000000 ) ) ;
#2410 = FACE_OUTER_BOUND ( 'NONE', #3185, .T. ) ;
#2411 = CYLINDRICAL_SURFACE ( 'NONE', #1276, 0.4000000000000001887 ) ;
#2412 = ORIENTED_EDGE ( 'NONE', *, *, #3327, .T. ) ;
#2413 = CIRCLE ( 'NONE', #2002, 0.1499999999999999944 ) ;
#2414 = VECTOR ( 'NONE', #2572, 1000.000000000000000 ) ;
#2415 = LINE ( 'NONE', #2716, #1335 ) ;
#2416 = CARTESIAN_POINT ( 'NONE',  ( 5.499999975562100296, -4.800000000000000711, -0.2999999999999999889 ) ) ;
#2417 = LINE ( 'NONE', #3721, #1886 ) ;
#2418 = VECTOR ( 'NONE', #1596, 1000.000000000000000 ) ;
#2419 = ORIENTED_EDGE ( 'NONE', *, *, #3993, .F. ) ;
#2420 = COLOUR_RGB ( '',0.9529411764705881804, 0.8980392156862745390, 0.6549019607843137303 ) ;
#2421 = LINE ( 'NONE', #2356, #1062 ) ;
#2422 = CARTESIAN_POINT ( 'NONE',  ( -2.000000024437900148, -4.799999999999999822, 1.300000000000000266 ) ) ;
#2423 = ADVANCED_FACE ( 'NONE', ( #3943 ), #1023, .T. ) ;
#2424 = CARTESIAN_POINT ( 'NONE',  ( -5.100000024437908230, 9.199999999999999289, -0.3249999957875560064 ) ) ;
#2425 = VERTEX_POINT ( 'NONE', #721 ) ;
#2426 = AXIS2_PLACEMENT_3D ( 'NONE', #2307, #77, #1069 ) ;
#2427 = DIRECTION ( 'NONE',  ( 0.0000000000000000000, 0.0000000000000000000, -1.000000000000000000 ) ) ;
#2428 = ADVANCED_FACE ( 'NONE', ( #1040 ), #2200, .T. ) ;
#2429 = VECTOR ( 'NONE', #3003, 1000.000000000000000 ) ;
#2430 = ORIENTED_EDGE ( 'NONE', *, *, #1151, .F. ) ;
#2431 = CARTESIAN_POINT ( 'NONE',  ( -5.800000024437910184, 4.200000000000000178, -0.2999999999999999889 ) ) ;
#2432 = EDGE_CURVE ( 'NONE', #2853, #788, #700, .T. ) ;
#2433 = AXIS2_PLACEMENT_3D ( 'NONE', #12, #3733, #3367 ) ;
#2434 = CARTESIAN_POINT ( 'NONE',  ( -1.675000024437900192, 9.199999999999999289, -1.400000000000001021 ) ) ;
#2435 = VERTEX_POINT ( 'NONE', #3895 ) ;
#2436 = AXIS2_PLACEMENT_3D ( 'NONE', #2277, #617, #1917 ) ;
#2437 = LINE ( 'NONE', #3051, #921 ) ;
#2438 = ADVANCED_FACE ( 'NONE', ( #1371 ), #2889, .T. ) ;
#2439 = PLANE ( 'NONE',  #2544 ) ;
#2440 = CARTESIAN_POINT ( 'NONE',  ( -1.700000024437900104, 4.200000000000000178, 0.7000000000000009548 ) ) ;
#2441 = ORIENTED_EDGE ( 'NONE', *, *, #3237, .F. ) ;
#2442 = CARTESIAN_POINT ( 'NONE',  ( -2.399999999999999911, 8.699999999999999289, 2.500000000000000000 ) ) ;
#2443 = DIRECTION ( 'NONE',  ( 1.000000000000000000, -0.0000000000000000000, 0.0000000000000000000 ) ) ;
#2444 = FACE_OUTER_BOUND ( 'NONE', #387, .T. ) ;
#2445 = ORIENTED_EDGE ( 'NONE', *, *, #2032, .T. ) ;
#2446 = DIRECTION ( 'NONE',  ( -0.0000000000000000000, -1.000000000000000000, -0.0000000000000000000 ) ) ;
#2447 = VERTEX_POINT ( 'NONE', #3961 ) ;
#2448 = CARTESIAN_POINT ( 'NONE',  ( 1.999999975562100074, 4.200000000000000178, 1.300000000000000044 ) ) ;
#2449 = LINE ( 'NONE', #2852, #1425 ) ;
#2450 = ORIENTED_EDGE ( 'NONE', *, *, #1294, .T. ) ;
#2451 = ADVANCED_FACE ( 'NONE', ( #2250 ), #4189, .T. ) ;
#2452 = DIRECTION ( 'NONE',  ( 1.000000000000000000, -0.0000000000000000000, 0.0000000000000000000 ) ) ;
#2453 = CARTESIAN_POINT ( 'NONE',  ( 5.349999975562099941, 1.889999999999999902, 0.1499999999999999944 ) ) ;
#2454 = VERTEX_POINT ( 'NONE', #2299 ) ;
#2455 = EDGE_CURVE ( 'NONE', #3458, #1558, #1643, .T. ) ;
#2456 = CARTESIAN_POINT ( 'NONE',  ( 1.999999975562100074, 1.889999999999999902, 1.149999999999999911 ) ) ;
#2457 = CARTESIAN_POINT ( 'NONE',  ( -6.850000024437910007, 0.0000000000000000000, 3.000000000000000000 ) ) ;
#2458 = CARTESIAN_POINT ( 'NONE',  ( 7.849999975562099941, 11.00000000000000000, 2.399999999999999911 ) ) ;
#2459 = VERTEX_POINT ( 'NONE', #2977 ) ;
#2460 = EDGE_CURVE ( 'NONE', #1452, #2298, #1278, .T. ) ;
#2461 = CARTESIAN_POINT ( 'NONE',  ( -2.000000024437900148, 1.889999999999999902, -1.000000000000000000 ) ) ;
#2462 = DIRECTION ( 'NONE',  ( -1.000000000000000000, -0.0000000000000000000, 0.0000000000000000000 ) ) ;
#2463 = VERTEX_POINT ( 'NONE', #1320 ) ;
#2464 = CARTESIAN_POINT ( 'NONE',  ( -2.443790503292580154E-08, 4.200000000000000178, -0.4499999999999990119 ) ) ;
#2465 = ORIENTED_EDGE ( 'NONE', *, *, #1729, .T. ) ;
#2466 = CARTESIAN_POINT ( 'NONE',  ( 1.999999975562100074, 4.200000000000000178, 1.149999999999999911 ) ) ;
#2467 = UNCERTAINTY_MEASURE_WITH_UNIT (LENGTH_MEASURE( 1.000000000000000082E-05 ), #1855, 'distance_accuracy_value', 'NONE');
#2468 = DIRECTION ( 'NONE',  ( 0.0000000000000000000, -0.8660254037844380415, -0.5000000000000009992 ) ) ;
#2469 = ORIENTED_EDGE ( 'NONE', *, *, #2862, .T. ) ;
#2470 = ORIENTED_EDGE ( 'NONE', *, *, #852, .T. ) ;
#2471 = LINE ( 'NONE', #1545, #2838 ) ;
#2472 = ADVANCED_FACE ( 'NONE', ( #1931 ), #3598, .T. ) ;
#2473 = AXIS2_PLACEMENT_3D ( 'NONE', #2166, #548, #2851 ) ;
#2474 = ORIENTED_EDGE ( 'NONE', *, *, #2460, .T. ) ;
#2475 = MECHANICAL_DESIGN_GEOMETRIC_PRESENTATION_REPRESENTATION (  '', ( #1933 ), #1734 ) ;
#2476 = CLOSED_SHELL ( 'NONE', ( #2796, #533, #472, #2976, #3287, #719, #3780, #3184 ) ) ;
#2477 = DIRECTION ( 'NONE',  ( 0.0000000000000000000, -1.000000000000000000, 0.0000000000000000000 ) ) ;
#2478 = PLANE ( 'NONE',  #3773 ) ;
#2479 = CARTESIAN_POINT ( 'NONE',  ( -2.000000024437900148, 4.200000000000000178, -0.5000000000000000000 ) ) ;
#2480 = EDGE_CURVE ( 'NONE', #592, #4011, #4040, .T. ) ;
#2481 = VECTOR ( 'NONE', #947, 1000.000000000000114 ) ;
#2482 = VECTOR ( 'NONE', #216, 1000.000000000000114 ) ;
#2483 = ORIENTED_EDGE ( 'NONE', *, *, #2813, .F. ) ;
#2484 = CARTESIAN_POINT ( 'NONE',  ( -7.201471887014052164, 0.0000000000000000000, -2.999999999999999112 ) ) ;
#2485 = AXIS2_PLACEMENT_3D ( 'NONE', #488, #131, #2707 ) ;
#2486 = CARTESIAN_POINT ( 'NONE',  ( 2.399999999999999911, 11.00000000000000000, 2.500000000000000000 ) ) ;
#2487 = COLOUR_RGB ( '',0.9529411764705881804, 0.8980392156862745390, 0.6549019607843137303 ) ;
#2488 = ORIENTED_EDGE ( 'NONE', *, *, #2719, .F. ) ;
#2489 = DIRECTION ( 'NONE',  ( 0.0000000000000000000, -0.0000000000000000000, 1.000000000000000000 ) ) ;
#2490 = VERTEX_POINT ( 'NONE', #2054 ) ;
#2491 = CARTESIAN_POINT ( 'NONE',  ( 4.899999975562089993, 4.200000000000000178, -0.2999999999999999889 ) ) ;
#2492 = EDGE_CURVE ( 'NONE', #584, #3263, #147, .T. ) ;
#2493 = PRESENTATION_LAYER_ASSIGNMENT (  '', '', ( #859 ) ) ;
#2494 = CARTESIAN_POINT ( 'NONE',  ( -1.675000024437900192, 8.101009032218147610, 1.800000000000001599 ) ) ;
#2495 = ORIENTED_EDGE ( 'NONE', *, *, #332, .T. ) ;
#2496 = CIRCLE ( 'NONE', #4194, 0.1499999999999999944 ) ;
#2497 = CARTESIAN_POINT ( 'NONE',  ( 3.999999975562099408, 4.200000000000000178, -0.4499999999999990119 ) ) ;
#2498 = PLANE ( 'NONE',  #393 ) ;
#2499 = VECTOR ( 'NONE', #334, 1000.000000000000000 ) ;
#2500 = ORIENTED_EDGE ( 'NONE', *, *, #3431, .F. ) ;
#2501 = FACE_OUTER_BOUND ( 'NONE', #3894, .T. ) ;
#2502 = CARTESIAN_POINT ( 'NONE',  ( -4.000000024437899704, 4.200000000000000178, -2.500000000000000000 ) ) ;
#2503 = DIRECTION ( 'NONE',  ( -0.0000000000000000000, -0.0000000000000000000, 1.000000000000000000 ) ) ;
#2504 = ORIENTED_EDGE ( 'NONE', *, *, #223, .T. ) ;
#2505 = EDGE_CURVE ( 'NONE', #1627, #312, #1121, .T. ) ;
#2506 = DIRECTION ( 'NONE',  ( 1.000000000000000000, 0.0000000000000000000, 7.450580804023120685E-09 ) ) ;
#2507 = VERTEX_POINT ( 'NONE', #2442 ) ;
#2508 = ADVANCED_FACE ( 'NONE', ( #805 ), #2078, .T. ) ;
#2509 = DIRECTION ( 'NONE',  ( 0.0000000000000000000, -0.0000000000000000000, 1.000000000000000000 ) ) ;
#2510 = EDGE_LOOP ( 'NONE', ( #2403, #1638, #2113, #3862 ) ) ;
#2511 = LINE ( 'NONE', #1915, #36 ) ;
#2512 = UNCERTAINTY_MEASURE_WITH_UNIT (LENGTH_MEASURE( 1.000000000000000082E-05 ), #190, 'distance_accuracy_value', 'NONE');
#2513 = PRESENTATION_STYLE_ASSIGNMENT (( #877 ) ) ;
#2514 = ORIENTED_EDGE ( 'NONE', *, *, #1352, .T. ) ;
#2515 = ORIENTED_EDGE ( 'NONE', *, *, #3379, .F. ) ;
#2516 = FACE_OUTER_BOUND ( 'NONE', #3319, .T. ) ;
#2517 = DIRECTION ( 'NONE',  ( 0.0000000000000000000, 0.0000000000000000000, -1.000000000000000000 ) ) ;
#2518 = EDGE_LOOP ( 'NONE', ( #936, #3274, #2483, #763, #1037, #1074 ) ) ;
#2519 = CARTESIAN_POINT ( 'NONE',  ( 2.324999975562100030, 4.200000000000000178, 0.5000000000000000000 ) ) ;
#2520 = CARTESIAN_POINT ( 'NONE',  ( 2.324999975562100030, 8.101009032218149386, 0.5000000000000000000 ) ) ;
#2521 = CARTESIAN_POINT ( 'NONE',  ( -2.300000024437899970, -4.280384757729341239, 0.7000000000000015099 ) ) ;
#2522 = LINE ( 'NONE', #928, #862 ) ;
#2523 = VERTEX_POINT ( 'NONE', #2377 ) ;
#2524 = LINE ( 'NONE', #2844, #1332 ) ;
#2525 = CARTESIAN_POINT ( 'NONE',  ( -2.000000024437900148, 9.199999999999999289, 1.399999999999999911 ) ) ;
#2526 = EDGE_CURVE ( 'NONE', #1507, #2352, #3385, .T. ) ;
#2527 = ORIENTED_EDGE ( 'NONE', *, *, #1126, .F. ) ;
#2528 = DIRECTION ( 'NONE',  ( -0.0000000000000000000, 0.0000000000000000000, 1.000000000000000000 ) ) ;
#2529 = ORIENTED_EDGE ( 'NONE', *, *, #585, .T. ) ;
#2530 = FACE_OUTER_BOUND ( 'NONE', #269, .T. ) ;
#2531 = PLANE ( 'NONE',  #4137 ) ;
#2532 = EDGE_CURVE ( 'NONE', #1083, #2070, #1098, .T. ) ;
#2533 = ORIENTED_EDGE ( 'NONE', *, *, #2558, .T. ) ;
#2534 = DIRECTION ( 'NONE',  ( -0.0000000000000000000, -0.0000000000000000000, -1.000000000000000000 ) ) ;
#2535 = CARTESIAN_POINT ( 'NONE',  ( 7.449999975562099586, 0.4000000000000000222, 1.699999999999999956 ) ) ;
#2536 = EDGE_CURVE ( 'NONE', #1217, #209, #2421, .T. ) ;
#2537 = ORIENTED_EDGE ( 'NONE', *, *, #2009, .F. ) ;
#2538 = PLANE ( 'NONE',  #1262 ) ;
#2539 = VECTOR ( 'NONE', #1540, 1000.000000000000000 ) ;
#2540 = DIRECTION ( 'NONE',  ( -2.220446049250310123E-16, -0.0000000000000000000, 1.000000000000000000 ) ) ;
#2541 = DIRECTION ( 'NONE',  ( -1.000000000000000000, -0.0000000000000000000, -7.450580804023120685E-09 ) ) ;
#2542 = EDGE_CURVE ( 'NONE', #3455, #3262, #3698, .T. ) ;
#2543 = VERTEX_POINT ( 'NONE', #2397 ) ;
#2544 = AXIS2_PLACEMENT_3D ( 'NONE', #3720, #460, #741 ) ;
#2545 = CARTESIAN_POINT ( 'NONE',  ( 2.299999975562100119, 4.200000000000000178, -1.599999999999999867 ) ) ;
#2546 = LINE ( 'NONE', #2525, #3433 ) ;
#2547 = AXIS2_PLACEMENT_3D ( 'NONE', #2817, #1588, #838 ) ;
#2548 = AXIS2_PLACEMENT_3D ( 'NONE', #403, #1041, #3326 ) ;
#2549 = ORIENTED_EDGE ( 'NONE', *, *, #1980, .F. ) ;
#2550 = VECTOR ( 'NONE', #2767, 1000.000000000000000 ) ;
#2551 = CARTESIAN_POINT ( 'NONE',  ( -4.700000024437904322, 8.101009032218154715, 0.3250000029163073179 ) ) ;
#2552 = AXIS2_PLACEMENT_3D ( 'NONE', #1406, #2697, #3676 ) ;
#2553 = VERTEX_POINT ( 'NONE', #3978 ) ;
#2554 = CARTESIAN_POINT ( 'NONE',  ( 2.299999975562100119, -4.280384757729341239, -1.599999999999999645 ) ) ;
#2555 = CARTESIAN_POINT ( 'NONE',  ( 1.674999975562099896, 4.200000000000000178, 0.5000000000000000000 ) ) ;
#2556 = EDGE_LOOP ( 'NONE', ( #3082, #1385, #675, #2150 ) ) ;
#2557 = CARTESIAN_POINT ( 'NONE',  ( -5.600000024437901125, 9.199999999999999289, 0.3249999970836924823 ) ) ;
#2558 = EDGE_CURVE ( 'NONE', #1039, #2490, #464, .T. ) ;
#2559 = MECHANICAL_DESIGN_GEOMETRIC_PRESENTATION_REPRESENTATION (  '', ( #859 ), #725 ) ;
#2560 = DIRECTION ( 'NONE',  ( 0.0000000000000000000, 0.0000000000000000000, 1.000000000000000000 ) ) ;
#2561 = VECTOR ( 'NONE', #1095, 1000.000000000000000 ) ;
#2562 = VERTEX_POINT ( 'NONE', #167 ) ;
#2563 = LINE ( 'NONE', #4202, #314 ) ;
#2564 = ADVANCED_FACE ( 'NONE', ( #825 ), #3979, .T. ) ;
#2565 = FACE_OUTER_BOUND ( 'NONE', #1718, .T. ) ;
#2566 = VECTOR ( 'NONE', #3201, 1000.000000000000000 ) ;
#2567 = LINE ( 'NONE', #3936, #2137 ) ;
#2568 = LINE ( 'NONE', #583, #2024 ) ;
#2569 = ORIENTED_EDGE ( 'NONE', *, *, #879, .T. ) ;
#2570 = AXIS2_PLACEMENT_3D ( 'NONE', #3649, #3412, #1106 ) ;
#2571 = EDGE_CURVE ( 'NONE', #2791, #2064, #1387, .T. ) ;
#2572 = DIRECTION ( 'NONE',  ( -1.000000000000000000, 0.0000000000000000000, -0.0000000000000000000 ) ) ;
#2573 = FACE_OUTER_BOUND ( 'NONE', #1182, .T. ) ;
#2574 = VECTOR ( 'NONE', #2984, 1000.000000000000000 ) ;
#2575 = ORIENTED_EDGE ( 'NONE', *, *, #2368, .T. ) ;
#2576 = CARTESIAN_POINT ( 'NONE',  ( -7.450000024437909651, 5.421010862427522170E-17, 2.751471862576141625 ) ) ;
#2577 = EDGE_LOOP ( 'NONE', ( #911, #1148, #2401, #340 ) ) ;
#2578 = PLANE ( 'NONE',  #3564 ) ;
#2579 = CARTESIAN_POINT ( 'NONE',  ( -5.500000024437910362, -4.800000000000000711, -0.3000000000000000444 ) ) ;
#2580 = ORIENTED_EDGE ( 'NONE', *, *, #3573, .F. ) ;
#2581 = VERTEX_POINT ( 'NONE', #1722 ) ;
#2582 = CARTESIAN_POINT ( 'NONE',  ( 2.299999975562100119, -4.800000000000000711, -1.000000000000000000 ) ) ;
#2583 = DIRECTION ( 'NONE',  ( -1.922962686383560119E-16, -0.5000000000000009992, 0.8660254037844380415 ) ) ;
#2584 = EDGE_CURVE ( 'NONE', #136, #571, #2037, .T. ) ;
#2585 = ORIENTED_EDGE ( 'NONE', *, *, #3701, .F. ) ;
#2586 = DIRECTION ( 'NONE',  ( -0.0000000000000000000, -0.9396926207859083169, -0.3420201433256691015 ) ) ;
#2587 = DIRECTION ( 'NONE',  ( 1.000000000000000000, 0.0000000000000000000, -0.0000000000000000000 ) ) ;
#2588 = DIRECTION ( 'NONE',  ( 0.0000000000000000000, 0.0000000000000000000, 1.000000000000000000 ) ) ;
#2589 = LINE ( 'NONE', #3937, #3726 ) ;
#2590 = EDGE_CURVE ( 'NONE', #4011, #1284, #1431, .T. ) ;
#2591 = ORIENTED_EDGE ( 'NONE', *, *, #2222, .T. ) ;
#2592 = LINE ( 'NONE', #1443, #1679 ) ;
#2593 = EDGE_CURVE ( 'NONE', #1783, #2932, #2837, .T. ) ;
#2594 = ORIENTED_EDGE ( 'NONE', *, *, #411, .F. ) ;
#2595 = CARTESIAN_POINT ( 'NONE',  ( -6.850000024437910007, 1.116721947485203638E-17, 3.234314575050762031 ) ) ;
#2596 = LINE ( 'NONE', #3896, #3226 ) ;
#2597 = LINE ( 'NONE', #2618, #3633 ) ;
#2598 = PLANE ( 'NONE',  #3992 ) ;
#2599 = SURFACE_STYLE_USAGE ( .BOTH. , #3536 ) ;
#2600 = ORIENTED_EDGE ( 'NONE', *, *, #3863, .F. ) ;
#2601 = EDGE_LOOP ( 'NONE', ( #2778, #1279, #3231, #66 ) ) ;
#2602 = CARTESIAN_POINT ( 'NONE',  ( 5.649999975562099763, -4.540192378864669642, -0.1499999999999999944 ) ) ;
#2603 = DIRECTION ( 'NONE',  ( 1.000000000000000000, 0.0000000000000000000, 2.220446049250310123E-16 ) ) ;
#2604 = VERTEX_POINT ( 'NONE', #3179 ) ;
#2605 = PLANE ( 'NONE',  #2204 ) ;
#2606 = EDGE_CURVE ( 'NONE', #2953, #3837, #3098, .T. ) ;
#2607 = CARTESIAN_POINT ( 'NONE',  ( -5.200000024437909651, -4.800000000000000711, 0.2999999999999999889 ) ) ;
#2608 = LINE ( 'NONE', #1338, #799 ) ;
#2609 = ORIENTED_EDGE ( 'NONE', *, *, #4082, .T. ) ;
#2610 = DIRECTION ( 'NONE',  ( 0.0000000000000000000, 0.0000000000000000000, 1.000000000000000000 ) ) ;
#2611 = CARTESIAN_POINT ( 'NONE',  ( 6.949999975562099586, 11.00000000000000000, 2.500000000000000000 ) ) ;
#2612 = AXIS2_PLACEMENT_3D ( 'NONE', #2891, #1623, #594 ) ;
#2613 = ORIENTED_EDGE ( 'NONE', *, *, #2840, .F. ) ;
#2614 = CARTESIAN_POINT ( 'NONE',  ( 1.699999975562090038, -4.800000000000000711, -1.000000000000000000 ) ) ;
#2615 = ORIENTED_EDGE ( 'NONE', *, *, #3487, .F. ) ;
#2616 = EDGE_CURVE ( 'NONE', #2581, #2791, #3906, .T. ) ;
#2617 = CIRCLE ( 'NONE', #777, 0.1499999999999999944 ) ;
#2618 = CARTESIAN_POINT ( 'NONE',  ( 1.674999975562099896, 8.650504516109080555, -0.6999999999999999556 ) ) ;
#2619 = CARTESIAN_POINT ( 'NONE',  ( 5.799999975562100119, 8.650504516109080555, 0.3249999970197680610 ) ) ;
#2620 = ORIENTED_EDGE ( 'NONE', *, *, #1393, .F. ) ;
#2621 = CIRCLE ( 'NONE', #4178, 1.000000000000000000 ) ;
#2622 = AXIS2_PLACEMENT_3D ( 'NONE', #1635, #3907, #3865 ) ;
#2623 = ORIENTED_EDGE ( 'NONE', *, *, #4058, .F. ) ;
#2624 = LINE ( 'NONE', #2257, #574 ) ;
#2625 = CARTESIAN_POINT ( 'NONE',  ( 5.199999975562096033, -4.800000000000002487, -0.3000000000000000444 ) ) ;
#2626 = VECTOR ( 'NONE', #1776, 1000.000000000000000 ) ;
#2627 = CARTESIAN_POINT ( 'NONE',  ( 2.299999975562100119, 4.200000000000000178, -0.7000000000000009548 ) ) ;
#2628 = VERTEX_POINT ( 'NONE', #3885 ) ;
#2629 = AXIS2_PLACEMENT_3D ( 'NONE', #2924, #945, #1266 ) ;
#2630 = PLANE ( 'NONE',  #3845 ) ;
#2631 = CARTESIAN_POINT ( 'NONE',  ( -2.325000024437899881, 4.200000000000000178, 1.800000000000000266 ) ) ;
#2632 = DIRECTION ( 'NONE',  ( -0.0000000000000000000, 0.0000000000000000000, 1.000000000000000000 ) ) ;
#2633 = AXIS2_PLACEMENT_3D ( 'NONE', #2065, #2452, #3371 ) ;
#2634 = ORIENTED_EDGE ( 'NONE', *, *, #757, .T. ) ;
#2635 = AXIS2_PLACEMENT_3D ( 'NONE', #7, #2870, #1579 ) ;
#2636 = DIRECTION ( 'NONE',  ( 0.0000000000000000000, 0.0000000000000000000, 1.000000000000000000 ) ) ;
#2637 = CARTESIAN_POINT ( 'NONE',  ( 7.684314550612860728, 7.894097067757433476E-16, -2.399999999999997691 ) ) ;
#2638 = AXIS2_PLACEMENT_3D ( 'NONE', #2094, #3349, #2776 ) ;
#2639 = ADVANCED_FACE ( 'NONE', ( #1811 ), #989, .T. ) ;
#2640 = ORIENTED_EDGE ( 'NONE', *, *, #1608, .T. ) ;
#2641 = DIRECTION ( 'NONE',  ( 0.0000000000000000000, 0.8660254037844377084, 0.5000000000000015543 ) ) ;
#2642 = ORIENTED_EDGE ( 'NONE', *, *, #3815, .F. ) ;
#2643 = VECTOR ( 'NONE', #1944, 1000.000000000000000 ) ;
#2644 = CARTESIAN_POINT ( 'NONE',  ( -7.850000024437909119, 8.699999999999999289, 3.399999999999999911 ) ) ;
#2645 = LINE ( 'NONE', #481, #4129 ) ;
#2646 = EDGE_CURVE ( 'NONE', #1983, #3195, #2563, .T. ) ;
#2647 = VERTEX_POINT ( 'NONE', #306 ) ;
#2648 = LINE ( 'NONE', #2342, #2071 ) ;
#2649 = LINE ( 'NONE', #2667, #1754 ) ;
#2650 = LINE ( 'NONE', #3951, #1894 ) ;
#2651 = EDGE_LOOP ( 'NONE', ( #678, #2912, #3140, #3107, #2155, #2868 ) ) ;
#2652 = DIRECTION ( 'NONE',  ( -0.0000000000000000000, 0.0000000000000000000, -1.000000000000000000 ) ) ;
#2653 = PLANE ( 'NONE',  #239 ) ;
#2654 = DIRECTION ( 'NONE',  ( -2.220446049250310123E-16, 0.0000000000000000000, 1.000000000000000000 ) ) ;
#2655 = FACE_OUTER_BOUND ( 'NONE', #560, .T. ) ;
#2656 = ORIENTED_EDGE ( 'NONE', *, *, #3835, .T. ) ;
#2657 = PLANE ( 'NONE',  #1804 ) ;
#2658 = CARTESIAN_POINT ( 'NONE',  ( -2.000000024437909918, 4.200000000000000178, 1.149999999999999911 ) ) ;
#2659 = EDGE_LOOP ( 'NONE', ( #202, #1721, #2190, #2715 ) ) ;
#2660 = DIRECTION ( 'NONE',  ( -2.220446049250310123E-16, 0.0000000000000000000, 1.000000000000000000 ) ) ;
#2661 = ORIENTED_EDGE ( 'NONE', *, *, #1359, .F. ) ;
#2662 = LINE ( 'NONE', #3897, #773 ) ;
#2663 = EDGE_CURVE ( 'NONE', #3399, #160, #645, .T. ) ;
#2664 = MANIFOLD_SOLID_BREP ( 'K\X\F6rper3', #1934 ) ;
#2665 = ORIENTED_EDGE ( 'NONE', *, *, #1450, .T. ) ;
#2666 = CARTESIAN_POINT ( 'NONE',  ( -1.700000024437900326, -4.280384757729341239, 1.600000000000000089 ) ) ;
#2667 = CARTESIAN_POINT ( 'NONE',  ( -1.700000024437900104, -4.800000000000000711, -1.600000000000000089 ) ) ;
#2668 = EDGE_CURVE ( 'NONE', #1436, #2970, #3219, .T. ) ;
#2669 = PLANE ( 'NONE',  #1210 ) ;
#2670 = ORIENTED_EDGE ( 'NONE', *, *, #1881, .T. ) ;
#2671 = FACE_OUTER_BOUND ( 'NONE', #1065, .T. ) ;
#2672 = PLANE ( 'NONE',  #3571 ) ;
#2673 = LINE ( 'NONE', #1054, #3388 ) ;
#2674 = VERTEX_POINT ( 'NONE', #602 ) ;
#2675 = DIRECTION ( 'NONE',  ( -0.0000000000000000000, -0.0000000000000000000, -1.000000000000000000 ) ) ;
#2676 = EDGE_CURVE ( 'NONE', #1358, #3468, #2240, .T. ) ;
#2677 = MANIFOLD_SOLID_BREP ( 'K\X\F6rper9', #2954 ) ;
#2678 =( LENGTH_UNIT ( ) NAMED_UNIT ( * ) SI_UNIT ( .MILLI., .METRE. ) );
#2679 = DIRECTION ( 'NONE',  ( -0.0000000000000000000, -1.000000000000000000, -0.0000000000000000000 ) ) ;
#2680 = VERTEX_POINT ( 'NONE', #33 ) ;
#2681 = PLANE ( 'NONE',  #2269 ) ;
#2682 = VECTOR ( 'NONE', #2087, 1000.000000000000000 ) ;
#2683 = VERTEX_POINT ( 'NONE', #1381 ) ;
#2684 = CARTESIAN_POINT ( 'NONE',  ( -2.325000024437899881, 8.101009032218149386, 0.4999999999999988343 ) ) ;
#2685 = VECTOR ( 'NONE', #1812, 1000.000000000000000 ) ;
#2686 = FACE_OUTER_BOUND ( 'NONE', #2371, .T. ) ;
#2687 = CARTESIAN_POINT ( 'NONE',  ( 1.699999975562100030, -4.280384757729341239, 0.6999999999999990674 ) ) ;
#2688 = VECTOR ( 'NONE', #770, 1000.000000000000000 ) ;
#2689 = AXIS2_PLACEMENT_3D ( 'NONE', #3821, #2858, #3461 ) ;
#2690 = ORIENTED_EDGE ( 'NONE', *, *, #3549, .T. ) ;
#2691 = ADVANCED_FACE ( 'NONE', ( #2671 ), #580, .F. ) ;
#2692 = CARTESIAN_POINT ( 'NONE',  ( -5.800000024437901303, 8.650504516109080555, 0.3249999957875560064 ) ) ;
#2693 = AXIS2_PLACEMENT_3D ( 'NONE', #2336, #49, #3233 ) ;
#2694 = DIRECTION ( 'NONE',  ( 0.0000000000000000000, -0.0000000000000000000, -1.000000000000000000 ) ) ;
#2695 = CARTESIAN_POINT ( 'NONE',  ( 2.324999975562100030, 9.199999999999999289, -0.9000000000000001332 ) ) ;
#2696 = EDGE_LOOP ( 'NONE', ( #626, #1164, #1458, #2895 ) ) ;
#2697 = DIRECTION ( 'NONE',  ( 0.0000000000000000000, 0.0000000000000000000, 1.000000000000000000 ) ) ;
#2698 = DIRECTION ( 'NONE',  ( 0.0000000000000000000, -0.0000000000000000000, 1.000000000000000000 ) ) ;
#2699 = VERTEX_POINT ( 'NONE', #80 ) ;
#2700 = EDGE_CURVE ( 'NONE', #3234, #141, #3954, .T. ) ;
#2701 = VECTOR ( 'NONE', #2136, 1000.000000000000000 ) ;
#2702 = CARTESIAN_POINT ( 'NONE',  ( 1.699999975562090038, -4.800000000000000711, -0.7000000000000009548 ) ) ;
#2703 = DIRECTION ( 'NONE',  ( 2.220446049250310123E-16, 0.0000000000000000000, -1.000000000000000000 ) ) ;
#2704 = VECTOR ( 'NONE', #2632, 1000.000000000000000 ) ;
#2705 = ORIENTED_EDGE ( 'NONE', *, *, #3373, .F. ) ;
#2706 = VECTOR ( 'NONE', #1501, 1000.000000000000000 ) ;
#2707 = DIRECTION ( 'NONE',  ( 0.0000000000000000000, 0.0000000000000000000, 1.000000000000000000 ) ) ;
#2708 = VERTEX_POINT ( 'NONE', #3672 ) ;
#2709 = FILL_AREA_STYLE ('',( #812 ) ) ;
#2710 = ORIENTED_EDGE ( 'NONE', *, *, #2590, .F. ) ;
#2711 = DIRECTION ( 'NONE',  ( 0.0000000000000000000, 0.0000000000000000000, 1.000000000000000000 ) ) ;
#2712 = CARTESIAN_POINT ( 'NONE',  ( -2.000000024437900148, 1.889999999999999902, -1.149999999999999911 ) ) ;
#2713 = DIRECTION ( 'NONE',  ( 0.0000000000000000000, 0.0000000000000000000, 1.000000000000000000 ) ) ;
#2714 = EDGE_CURVE ( 'NONE', #3280, #2843, #733, .T. ) ;
#2715 = ORIENTED_EDGE ( 'NONE', *, *, #3830, .F. ) ;
#2716 = CARTESIAN_POINT ( 'NONE',  ( 1.699999975562100030, 4.200000000000000178, 0.6999999999999990674 ) ) ;
#2717 = FACE_OUTER_BOUND ( 'NONE', #4119, .T. ) ;
#2718 = DIRECTION ( 'NONE',  ( 0.0000000000000000000, -1.000000000000000000, -0.0000000000000000000 ) ) ;
#2719 = EDGE_CURVE ( 'NONE', #2425, #950, #1360, .T. ) ;
#2720 = ORIENTED_EDGE ( 'NONE', *, *, #2373, .F. ) ;
#2721 = CARTESIAN_POINT ( 'NONE',  ( 6.849999975562099941, -4.050590784877329242E-16, 3.234314575050764251 ) ) ;
#2722 = CARTESIAN_POINT ( 'NONE',  ( -4.700000024437909651, 4.200000000000000178, 0.3250000021062218747 ) ) ;
#2723 = FILL_AREA_STYLE ('',( #1749 ) ) ;
#2724 = ADVANCED_FACE ( 'NONE', ( #1033 ), #749, .F. ) ;
#2725 = ORIENTED_EDGE ( 'NONE', *, *, #2406, .T. ) ;
#2726 = ORIENTED_EDGE ( 'NONE', *, *, #406, .T. ) ;
#2727 = CARTESIAN_POINT ( 'NONE',  ( 5.349999975562099941, 1.889999999999999902, -0.1499999999999999944 ) ) ;
#2728 = ORIENTED_EDGE ( 'NONE', *, *, #2646, .T. ) ;
#2729 = CARTESIAN_POINT ( 'NONE',  ( 2.399999999999999467, 8.699999999999999289, 3.399999999999999023 ) ) ;
#2730 = DIRECTION ( 'NONE',  ( 0.0000000000000000000, -0.0000000000000000000, -1.000000000000000000 ) ) ;
#2731 = ORIENTED_EDGE ( 'NONE', *, *, #2400, .T. ) ;
#2732 = EDGE_CURVE ( 'NONE', #3964, #3399, #3989, .T. ) ;
#2733 = LINE ( 'NONE', #2098, #3504 ) ;
#2734 = MANIFOLD_SOLID_BREP ( 'K\X\F6rper12', #3771 ) ;
#2735 = DIRECTION ( 'NONE',  ( -0.0000000000000000000, 0.9396926207859083169, -0.3420201433256691015 ) ) ;
#2736 = CARTESIAN_POINT ( 'NONE',  ( -2.000000024437900148, 4.200000000000000178, -1.149999999999999911 ) ) ;
#2737 = VERTEX_POINT ( 'NONE', #1985 ) ;
#2738 = EDGE_CURVE ( 'NONE', #1976, #2766, #3313, .T. ) ;
#2739 = DIRECTION ( 'NONE',  ( 0.0000000000000000000, 0.0000000000000000000, 1.000000000000000000 ) ) ;
#2740 = DIRECTION ( 'NONE',  ( -1.000000000000000000, -0.0000000000000000000, -0.0000000000000000000 ) ) ;
#2741 = PRESENTATION_STYLE_ASSIGNMENT (( #4088 ) ) ;
#2742 = MANIFOLD_SOLID_BREP ( 'K\X\F6rper10', #3569 ) ;
#2743 = ORIENTED_EDGE ( 'NONE', *, *, #687, .T. ) ;
#2744 = FACE_OUTER_BOUND ( 'NONE', #2601, .T. ) ;
#2745 = ORIENTED_EDGE ( 'NONE', *, *, #1470, .T. ) ;
#2746 = VECTOR ( 'NONE', #2338, 1000.000000000000000 ) ;
#2747 = FACE_OUTER_BOUND ( 'NONE', #3533, .T. ) ;
#2748 = STYLED_ITEM ( 'NONE', ( #3660 ), #1365 ) ;
#2749 = ORIENTED_EDGE ( 'NONE', *, *, #3305, .F. ) ;
#2750 = EDGE_CURVE ( 'NONE', #3837, #469, #931, .T. ) ;
#2751 = VECTOR ( 'NONE', #2588, 1000.000000000000000 ) ;
#2752 = DIRECTION ( 'NONE',  ( 0.0000000000000000000, -0.0000000000000000000, 1.000000000000000000 ) ) ;
#2753 = FACE_OUTER_BOUND ( 'NONE', #3582, .T. ) ;
#2754 = EDGE_LOOP ( 'NONE', ( #890, #3505, #79, #2720 ) ) ;
#2755 = AXIS2_PLACEMENT_3D ( 'NONE', #2848, #2180, #2203 ) ;
#2756 = DIRECTION ( 'NONE',  ( 0.0000000000000000000, 0.9396926207859083169, 0.3420201433256691015 ) ) ;
#2757 = LINE ( 'NONE', #2115, #3155 ) ;
#2758 = DIRECTION ( 'NONE',  ( -1.000000000000000000, 0.0000000000000000000, -0.0000000000000000000 ) ) ;
#2759 = VERTEX_POINT ( 'NONE', #857 ) ;
#2760 =( GEOMETRIC_REPRESENTATION_CONTEXT ( 3 ) GLOBAL_UNCERTAINTY_ASSIGNED_CONTEXT ( ( #3366 ) ) GLOBAL_UNIT_ASSIGNED_CONTEXT ( ( #2128, #2110, #3116 ) ) REPRESENTATION_CONTEXT ( 'NONE', 'WORKASPACE' ) );
#2761 = CARTESIAN_POINT ( 'NONE',  ( 7.201471838138242987, 5.421010862427522170E-17, 3.000000000000001776 ) ) ;
#2762 = DIRECTION ( 'NONE',  ( 0.0000000000000000000, -0.0000000000000000000, 1.000000000000000000 ) ) ;
#2763 = LINE ( 'NONE', #4068, #3429 ) ;
#2764 = EDGE_CURVE ( 'NONE', #3727, #47, #3436, .T. ) ;
#2765 = MANIFOLD_SOLID_BREP ( 'K\X\F6rper14', #303 ) ;
#2766 = VERTEX_POINT ( 'NONE', #1134 ) ;
#2767 = DIRECTION ( 'NONE',  ( -1.000000000000000000, 0.0000000000000000000, -0.0000000000000000000 ) ) ;
#2768 = ORIENTED_EDGE ( 'NONE', *, *, #1634, .T. ) ;
#2769 = VECTOR ( 'NONE', #1667, 1000.000000000000000 ) ;
#2770 = PLANE ( 'NONE',  #2130 ) ;
#2771 = ADVANCED_FACE ( 'NONE', ( #535 ), #1522, .T. ) ;
#2772 = AXIS2_PLACEMENT_3D ( 'NONE', #3292, #395, #1036 ) ;
#2773 = ORIENTED_EDGE ( 'NONE', *, *, #3365, .T. ) ;
#2774 = DIRECTION ( 'NONE',  ( 0.0000000000000000000, -0.8660254037844380415, -0.5000000000000009992 ) ) ;
#2775 = AXIS2_PLACEMENT_3D ( 'NONE', #2535, #2560, #2170 ) ;
#2776 = DIRECTION ( 'NONE',  ( 0.0000000000000000000, -0.0000000000000000000, 1.000000000000000000 ) ) ;
#2777 = ADVANCED_FACE ( 'NONE', ( #1780 ), #1483, .T. ) ;
#2778 = ORIENTED_EDGE ( 'NONE', *, *, #852, .F. ) ;
#2779 = CARTESIAN_POINT ( 'NONE',  ( -5.500000024437910362, -4.800000000000000711, 0.2999999999999999889 ) ) ;
#2780 = CARTESIAN_POINT ( 'NONE',  ( -5.350000024437900237, 1.889999999999999902, 0.1499999999999999944 ) ) ;
#2781 = FACE_OUTER_BOUND ( 'NONE', #3890, .T. ) ;
#2782 = ORIENTED_EDGE ( 'NONE', *, *, #3442, .F. ) ;
#2783 = PLANE ( 'NONE',  #4047 ) ;
#2784 = SURFACE_SIDE_STYLE ('',( #1412 ) ) ;
#2785 = VERTEX_POINT ( 'NONE', #3690 ) ;
#2786 = PLANE ( 'NONE',  #3165 ) ;
#2787 = ORIENTED_EDGE ( 'NONE', *, *, #3756, .T. ) ;
#2788 = ADVANCED_FACE ( 'NONE', ( #1439 ), #3713, .T. ) ;
#2789 = CARTESIAN_POINT ( 'NONE',  ( 1.674999975562099896, 4.200000000000000178, 1.800000000000000266 ) ) ;
#2790 = SURFACE_STYLE_FILL_AREA ( #1519 ) ;
#2791 = VERTEX_POINT ( 'NONE', #492 ) ;
#2792 = EDGE_LOOP ( 'NONE', ( #3783, #3697, #2726, #4132 ) ) ;
#2793 = SURFACE_SIDE_STYLE ('',( #1504 ) ) ;
#2794 = LINE ( 'NONE', #3117, #2974 ) ;
#2795 = VERTEX_POINT ( 'NONE', #1798 ) ;
#2796 = ADVANCED_FACE ( 'NONE', ( #3754 ), #769, .T. ) ;
#2797 = FACE_OUTER_BOUND ( 'NONE', #683, .T. ) ;
#2798 = CARTESIAN_POINT ( 'NONE',  ( 1.699999975562090260, 4.200000000000000178, -1.600000000000000089 ) ) ;
#2799 = CARTESIAN_POINT ( 'NONE',  ( -1.700000024437900104, -4.800000000000000711, -1.300000000000000266 ) ) ;
#2800 = ORIENTED_EDGE ( 'NONE', *, *, #3506, .F. ) ;
#2801 = EDGE_CURVE ( 'NONE', #3646, #447, #628, .T. ) ;
#2802 = CARTESIAN_POINT ( 'NONE',  ( -4.000000024437910362, 0.0000000000000000000, -2.500000000000000000 ) ) ;
#2803 = LINE ( 'NONE', #1592, #3360 ) ;
#2804 = ORIENTED_EDGE ( 'NONE', *, *, #2266, .F. ) ;
#2805 = CARTESIAN_POINT ( 'NONE',  ( -2.000000024437900148, 4.200000000000000178, 0.7000000000000009548 ) ) ;
#2806 = ORIENTED_EDGE ( 'NONE', *, *, #3573, .T. ) ;
#2807 = FACE_OUTER_BOUND ( 'NONE', #2090, .T. ) ;
#2808 = CARTESIAN_POINT ( 'NONE',  ( 5.799999975562099230, -4.280384757729340350, -0.1499999999999999944 ) ) ;
#2809 = ORIENTED_EDGE ( 'NONE', *, *, #3857, .F. ) ;
#2810 = CARTESIAN_POINT ( 'NONE',  ( -6.850000024437910007, 0.0000000000000000000, 2.399999999999999911 ) ) ;
#2811 = FACE_OUTER_BOUND ( 'NONE', #3921, .T. ) ;
#2812 = AXIS2_PLACEMENT_3D ( 'NONE', #2491, #614, #258 ) ;
#2813 = EDGE_CURVE ( 'NONE', #2490, #4000, #815, .T. ) ;
#2814 = ORIENTED_EDGE ( 'NONE', *, *, #2210, .T. ) ;
#2815 = VECTOR ( 'NONE', #2735, 1000.000000000000000 ) ;
#2816 = DIRECTION ( 'NONE',  ( 1.000000000000000000, -0.0000000000000000000, 1.067522139062650055E-16 ) ) ;
#2817 = CARTESIAN_POINT ( 'NONE',  ( -2.000000024437900148, 0.4000000000000000222, -3.000000000000000000 ) ) ;
#2818 = FACE_OUTER_BOUND ( 'NONE', #3021, .T. ) ;
#2819 = EDGE_CURVE ( 'NONE', #3748, #1438, #1285, .T. ) ;
#2820 = AXIS2_PLACEMENT_3D ( 'NONE', #3525, #1569, #3822 ) ;
#2821 = ORIENTED_EDGE ( 'NONE', *, *, #3554, .F. ) ;
#2822 = DIRECTION ( 'NONE',  ( 0.0000000000000000000, 0.0000000000000000000, -1.000000000000000000 ) ) ;
#2823 = CIRCLE ( 'NONE', #3575, 0.1499999999999999667 ) ;
#2824 = DIRECTION ( 'NONE',  ( 0.0000000000000000000, 0.0000000000000000000, -1.000000000000000000 ) ) ;
#2825 = ORIENTED_EDGE ( 'NONE', *, *, #2996, .T. ) ;
#2826 = CARTESIAN_POINT ( 'NONE',  ( -2.325000024437900326, 4.200000000000000178, -0.5000000000000000000 ) ) ;
#2827 = ORIENTED_EDGE ( 'NONE', *, *, #616, .F. ) ;
#2828 = LINE ( 'NONE', #1561, #3012 ) ;
#2829 = VECTOR ( 'NONE', #261, 1000.000000000000000 ) ;
#2830 =( LENGTH_UNIT ( ) NAMED_UNIT ( * ) SI_UNIT ( .MILLI., .METRE. ) );
#2831 = VERTEX_POINT ( 'NONE', #2833 ) ;
#2832 = VECTOR ( 'NONE', #3353, 1000.000000000000000 ) ;
#2833 = CARTESIAN_POINT ( 'NONE',  ( -1.700000024437900104, 4.200000000000000178, 0.7000000000000009548 ) ) ;
#2834 = PLANE ( 'NONE',  #1357 ) ;
#2835 = AXIS2_PLACEMENT_3D ( 'NONE', #3755, #1782, #3068 ) ;
#2836 = ORIENTED_EDGE ( 'NONE', *, *, #1208, .F. ) ;
#2837 = LINE ( 'NONE', #3497, #1132 ) ;
#2838 = VECTOR ( 'NONE', #3819, 1000.000000000000000 ) ;
#2839 = FACE_OUTER_BOUND ( 'NONE', #3717, .T. ) ;
#2840 = EDGE_CURVE ( 'NONE', #3468, #1703, #1857, .T. ) ;
#2841 = DIRECTION ( 'NONE',  ( 1.000000000000000000, 0.0000000000000000000, 0.0000000000000000000 ) ) ;
#2842 = CARTESIAN_POINT ( 'NONE',  ( -4.700000024437909651, 8.101009032218149386, 0.3250000042124440158 ) ) ;
#2843 = VERTEX_POINT ( 'NONE', #2557 ) ;
#2844 = CARTESIAN_POINT ( 'NONE',  ( 7.849999975562099941, 0.0000000000000000000, 2.399999999999999911 ) ) ;
#2845 = ADVANCED_FACE ( 'NONE', ( #1920 ), #619, .T. ) ;
#2846 = CARTESIAN_POINT ( 'NONE',  ( 1.999999975562100074, 4.200000000000000178, -0.5000000000000000000 ) ) ;
#2847 = ORIENTED_EDGE ( 'NONE', *, *, #1733, .F. ) ;
#2848 = CARTESIAN_POINT ( 'NONE',  ( 6.949999975562099586, 0.0000000000000000000, -2.500000000000000000 ) ) ;
#2849 = ORIENTED_EDGE ( 'NONE', *, *, #1552, .F. ) ;
#2850 = EDGE_CURVE ( 'NONE', #1436, #2298, #3560, .T. ) ;
#2851 = DIRECTION ( 'NONE',  ( 1.000000000000000000, 0.0000000000000000000, 0.0000000000000000000 ) ) ;
#2852 = CARTESIAN_POINT ( 'NONE',  ( -7.850000024437909119, 0.0000000000000000000, 2.399999999999999911 ) ) ;
#2853 = VERTEX_POINT ( 'NONE', #2582 ) ;
#2854 = DIRECTION ( 'NONE',  ( 0.0000000000000000000, -0.0000000000000000000, -1.000000000000000000 ) ) ;
#2855 = CARTESIAN_POINT ( 'NONE',  ( 6.849999975562099053, 0.4000000000000000222, -3.400000000000001688 ) ) ;
#2856 = VERTEX_POINT ( 'NONE', #1260 ) ;
#2857 = PRESENTATION_STYLE_ASSIGNMENT (( #1884 ) ) ;
#2858 = DIRECTION ( 'NONE',  ( 1.003142676602760678E-16, 0.3420201433256691015, -0.9396926207859083169 ) ) ;
#2859 = DIRECTION ( 'NONE',  ( 0.0000000000000000000, -1.000000000000000000, 0.0000000000000000000 ) ) ;
#2860 = LINE ( 'NONE', #885, #121 ) ;
#2861 = ORIENTED_EDGE ( 'NONE', *, *, #448, .F. ) ;
#2862 = EDGE_CURVE ( 'NONE', #1413, #2249, #4061, .T. ) ;
#2863 = DIRECTION ( 'NONE',  ( 0.0000000000000000000, 0.0000000000000000000, -1.000000000000000000 ) ) ;
#2864 = CARTESIAN_POINT ( 'NONE',  ( -1.675000024437900192, 4.200000000000000178, 0.5000000000000000000 ) ) ;
#2865 = ADVANCED_FACE ( 'NONE', ( #237 ), #3216, .T. ) ;
#2866 = ORIENTED_EDGE ( 'NONE', *, *, #2536, .T. ) ;
#2867 = LINE ( 'NONE', #4131, #379 ) ;
#2868 = ORIENTED_EDGE ( 'NONE', *, *, #503, .T. ) ;
#2869 = DIRECTION ( 'NONE',  ( -0.0000000000000000000, 0.3420201433256691015, 0.9396926207859083169 ) ) ;
#2870 = DIRECTION ( 'NONE',  ( 0.0000000000000000000, 0.0000000000000000000, 1.000000000000000000 ) ) ;
#2871 = EDGE_CURVE ( 'NONE', #788, #2331, #640, .T. ) ;
#2872 = ORIENTED_EDGE ( 'NONE', *, *, #1165, .F. ) ;
#2873 = DIRECTION ( 'NONE',  ( 1.000000000000000000, 0.0000000000000000000, -2.822600910063960139E-16 ) ) ;
#2874 = LINE ( 'NONE', #899, #1014 ) ;
#2875 = EDGE_CURVE ( 'NONE', #786, #2876, #2013, .T. ) ;
#2876 = VERTEX_POINT ( 'NONE', #2897 ) ;
#2877 = CARTESIAN_POINT ( 'NONE',  ( -6.850000024437910007, 0.4000000000000000222, -2.999999999999999112 ) ) ;
#2878 =( GEOMETRIC_REPRESENTATION_CONTEXT ( 3 ) GLOBAL_UNCERTAINTY_ASSIGNED_CONTEXT ( ( #2317 ) ) GLOBAL_UNIT_ASSIGNED_CONTEXT ( ( #1125, #169, #3387 ) ) REPRESENTATION_CONTEXT ( 'NONE', 'WORKASPACE' ) );
#2879 = DIRECTION ( 'NONE',  ( 0.0000000000000000000, 0.0000000000000000000, 1.000000000000000000 ) ) ;
#2880 = DIRECTION ( 'NONE',  ( 1.000000000000000000, -0.0000000000000000000, 0.0000000000000000000 ) ) ;
#2881 = VERTEX_POINT ( 'NONE', #301 ) ;
#2882 = AXIS2_PLACEMENT_3D ( 'NONE', #3321, #2636, #3548 ) ;
#2883 = DIRECTION ( 'NONE',  ( -1.000000000000000000, 0.0000000000000000000, 1.233581138472400057E-15 ) ) ;
#2884 = DIRECTION ( 'NONE',  ( -3.083952846180979927E-16, 0.0000000000000000000, -1.000000000000000000 ) ) ;
#2885 = VECTOR ( 'NONE', #138, 1000.000000000000000 ) ;
#2886 = AXIS2_PLACEMENT_3D ( 'NONE', #3290, #966, #331 ) ;
#2887 = VERTEX_POINT ( 'NONE', #1629 ) ;
#2888 = VECTOR ( 'NONE', #1410, 1000.000000000000000 ) ;
#2889 = PLANE ( 'NONE',  #178 ) ;
#2890 = ORIENTED_EDGE ( 'NONE', *, *, #2309, .T. ) ;
#2891 = CARTESIAN_POINT ( 'NONE',  ( 4.899999975562100651, 8.650504516109080555, -0.1625000000000000333 ) ) ;
#2892 = EDGE_CURVE ( 'NONE', #1627, #1217, #4114, .T. ) ;
#2893 = PLANE ( 'NONE',  #1693 ) ;
#2894 = VECTOR ( 'NONE', #2679, 1000.000000000000000 ) ;
#2895 = ORIENTED_EDGE ( 'NONE', *, *, #3612, .T. ) ;
#2896 = ORIENTED_EDGE ( 'NONE', *, *, #4038, .T. ) ;
#2897 = CARTESIAN_POINT ( 'NONE',  ( 1.999999975562100074, 4.200000000000000178, 1.000000000000000000 ) ) ;
#2898 = COLOUR_RGB ( '',0.9529411764705881804, 0.8980392156862745390, 0.6549019607843137303 ) ;
#2899 = EDGE_CURVE ( 'NONE', #2953, #141, #598, .T. ) ;
#2900 = FILL_AREA_STYLE ('',( #1607 ) ) ;
#2901 = CIRCLE ( 'NONE', #3173, 0.1499999999999999667 ) ;
#2902 = VERTEX_POINT ( 'NONE', #942 ) ;
#2903 = DIRECTION ( 'NONE',  ( 0.0000000000000000000, 0.8660254037844380415, -0.5000000000000009992 ) ) ;
#2904 = EDGE_CURVE ( 'NONE', #3195, #3194, #1219, .T. ) ;
#2905 = CARTESIAN_POINT ( 'NONE',  ( -1.675000024437900192, 9.199999999999999289, 1.400000000000000799 ) ) ;
#2906 = LINE ( 'NONE', #2968, #937 ) ;
#2907 = ORIENTED_EDGE ( 'NONE', *, *, #2732, .T. ) ;
#2908 =( GEOMETRIC_REPRESENTATION_CONTEXT ( 3 ) GLOBAL_UNCERTAINTY_ASSIGNED_CONTEXT ( ( #1153 ) ) GLOBAL_UNIT_ASSIGNED_CONTEXT ( ( #1457, #730, #3000 ) ) REPRESENTATION_CONTEXT ( 'NONE', 'WORKASPACE' ) );
#2909 = CARTESIAN_POINT ( 'NONE',  ( -7.850000024437909119, 0.4000000000000000222, -2.400000000000000355 ) ) ;
#2910 = CARTESIAN_POINT ( 'NONE',  ( 2.299999975562100119, -4.280384757729341239, 1.600000000000000089 ) ) ;
#2911 =( GEOMETRIC_REPRESENTATION_CONTEXT ( 3 ) GLOBAL_UNCERTAINTY_ASSIGNED_CONTEXT ( ( #2467 ) ) GLOBAL_UNIT_ASSIGNED_CONTEXT ( ( #1855, #217, #1171 ) ) REPRESENTATION_CONTEXT ( 'NONE', 'WORKASPACE' ) );
#2912 = ORIENTED_EDGE ( 'NONE', *, *, #2593, .T. ) ;
#2913 = CARTESIAN_POINT ( 'NONE',  ( 5.349999975562099941, 4.200000000000000178, 0.0000000000000000000 ) ) ;
#2914 = ORIENTED_EDGE ( 'NONE', *, *, #1760, .F. ) ;
#2915 = DIRECTION ( 'NONE',  ( 0.0000000000000000000, 0.0000000000000000000, -1.000000000000000000 ) ) ;
#2916 = EDGE_LOOP ( 'NONE', ( #1940, #3377 ) ) ;
#2917 = ORIENTED_EDGE ( 'NONE', *, *, #2368, .F. ) ;
#2918 = ADVANCED_FACE ( 'NONE', ( #3196 ), #880, .T. ) ;
#2919 = LINE ( 'NONE', #3927, #3503 ) ;
#2920 = DIRECTION ( 'NONE',  ( 2.220446049250310123E-16, 0.0000000000000000000, -1.000000000000000000 ) ) ;
#2921 = CARTESIAN_POINT ( 'NONE',  ( -4.700000024437904322, 8.101009032218151162, -0.3249999957875560064 ) ) ;
#2922 = ORIENTED_EDGE ( 'NONE', *, *, #145, .T. ) ;
#2923 = EDGE_CURVE ( 'NONE', #3671, #788, #1583, .T. ) ;
#2924 = CARTESIAN_POINT ( 'NONE',  ( 6.849999975562099941, 0.4000000000000000222, -2.399999999999999911 ) ) ;
#2925 = PLANE ( 'NONE',  #1474 ) ;
#2926 = LINE ( 'NONE', #993, #915 ) ;
#2927 = CARTESIAN_POINT ( 'NONE',  ( 1.699999975562090038, -4.280384757729339462, -0.7000000000000011768 ) ) ;
#2928 = ORIENTED_EDGE ( 'NONE', *, *, #355, .F. ) ;
#2929 = ADVANCED_FACE ( 'NONE', ( #2516 ), #2187, .T. ) ;
#2930 = DIRECTION ( 'NONE',  ( -1.000000000000000000, 0.0000000000000000000, -2.220446049250310123E-16 ) ) ;
#2931 = EDGE_CURVE ( 'NONE', #3702, #2004, #3174, .T. ) ;
#2932 = VERTEX_POINT ( 'NONE', #3834 ) ;
#2933 = CARTESIAN_POINT ( 'NONE',  ( -5.350000024437900237, 4.200000000000000178, 0.3249999957875560064 ) ) ;
#2934 = PLANE ( 'NONE',  #2548 ) ;
#2935 = CARTESIAN_POINT ( 'NONE',  ( -7.850000024437909119, 0.4000000000000000222, 3.399999999999999911 ) ) ;
#2936 = LINE ( 'NONE', #2233, #3320 ) ;
#2937 = ORIENTED_EDGE ( 'NONE', *, *, #3756, .F. ) ;
#2938 = ORIENTED_EDGE ( 'NONE', *, *, #2015, .T. ) ;
#2939 = CARTESIAN_POINT ( 'NONE',  ( 3.999999975562095411, 11.00000000000000000, -2.500000000000000000 ) ) ;
#2940 = CARTESIAN_POINT ( 'NONE',  ( -2.325000024437899881, 9.199999999999999289, -0.8999999999999998002 ) ) ;
#2941 = ORIENTED_EDGE ( 'NONE', *, *, #2057, .F. ) ;
#2942 =( LENGTH_UNIT ( ) NAMED_UNIT ( * ) SI_UNIT ( .MILLI., .METRE. ) );
#2943 = DIRECTION ( 'NONE',  ( -1.000000000000000000, 0.0000000000000000000, -0.0000000000000000000 ) ) ;
#2944 = LINE ( 'NONE', #3565, #3915 ) ;
#2945 = DIRECTION ( 'NONE',  ( 2.220446049250310123E-16, 0.0000000000000000000, -1.000000000000000000 ) ) ;
#2946 = EDGE_CURVE ( 'NONE', #2766, #1976, #2218, .T. ) ;
#2947 = VERTEX_POINT ( 'NONE', #366 ) ;
#2948 = VECTOR ( 'NONE', #3407, 1000.000000000000000 ) ;
#2949 = CARTESIAN_POINT ( 'NONE',  ( -7.850000024437908230, 0.1656854249492380193, -2.985786437626904988 ) ) ;
#2950 = ADVANCED_FACE ( 'NONE', ( #1354 ), #1651, .T. ) ;
#2951 = ORIENTED_EDGE ( 'NONE', *, *, #2122, .T. ) ;
#2952 = DIRECTION ( 'NONE',  ( 1.000000000000000000, 0.0000000000000000000, -0.0000000000000000000 ) ) ;
#2953 = VERTEX_POINT ( 'NONE', #1712 ) ;
#2954 = CLOSED_SHELL ( 'NONE', ( #2771, #1455, #3083, #1521, #925, #1742, #95, #3154 ) ) ;
#2955 = CARTESIAN_POINT ( 'NONE',  ( 2.324999975562100030, 4.200000000000000178, -1.800000000000000266 ) ) ;
#2956 = DIRECTION ( 'NONE',  ( -0.0000000000000000000, -0.0000000000000000000, 1.000000000000000000 ) ) ;
#2957 = EDGE_CURVE ( 'NONE', #1783, #980, #91, .T. ) ;
#2958 = SHAPE_DEFINITION_REPRESENTATION ( #3776, #3043 ) ;
#2959 = AXIS2_PLACEMENT_3D ( 'NONE', #3070, #122, #819 ) ;
#2960 = ORIENTED_EDGE ( 'NONE', *, *, #1968, .T. ) ;
#2961 = LINE ( 'NONE', #3284, #2279 ) ;
#2962 = DIRECTION ( 'NONE',  ( -1.000000000000000000, 0.0000000000000000000, -0.0000000000000000000 ) ) ;
#2963 = CIRCLE ( 'NONE', #855, 0.1499999999999999944 ) ;
#2964 = CARTESIAN_POINT ( 'NONE',  ( 1.699999975562100030, -4.280384757729341239, -1.600000000000000089 ) ) ;
#2965 = ORIENTED_EDGE ( 'NONE', *, *, #3163, .T. ) ;
#2966 = DIRECTION ( 'NONE',  ( 1.922962686383560119E-16, -0.5000000000000009992, -0.8660254037844380415 ) ) ;
#2967 = DIRECTION ( 'NONE',  ( 0.3420201433256691015, -0.9396926207859083169, -0.0000000000000000000 ) ) ;
#2968 = CARTESIAN_POINT ( 'NONE',  ( -2.000000024437909918, 1.889999999999999902, 1.000000000000000000 ) ) ;
#2969 = COLOUR_RGB ( '',0.9529411764705881804, 0.8980392156862745390, 0.6549019607843137303 ) ;
#2970 = VERTEX_POINT ( 'NONE', #2625 ) ;
#2971 = EDGE_CURVE ( 'NONE', #584, #1703, #705, .T. ) ;
#2972 = AXIS2_PLACEMENT_3D ( 'NONE', #3192, #2956, #3854 ) ;
#2973 = PRESENTATION_STYLE_ASSIGNMENT (( #44 ) ) ;
#2974 = VECTOR ( 'NONE', #1880, 1000.000000000000000 ) ;
#2975 = EDGE_LOOP ( 'NONE', ( #1325, #836, #1775, #361 ) ) ;
#2976 = ADVANCED_FACE ( 'NONE', ( #1673 ), #389, .T. ) ;
#2977 = CARTESIAN_POINT ( 'NONE',  ( -1.700000024437900104, -4.280384757729341239, 1.599999999999999645 ) ) ;
#2978 = ORIENTED_EDGE ( 'NONE', *, *, #1228, .F. ) ;
#2979 = COLOUR_RGB ( '',0.9529411764705881804, 0.8980392156862745390, 0.6549019607843137303 ) ;
#2980 = DIRECTION ( 'NONE',  ( 0.0000000000000000000, -1.000000000000000000, 0.0000000000000000000 ) ) ;
#2981 = ORIENTED_EDGE ( 'NONE', *, *, #1102, .F. ) ;
#2982 = DIRECTION ( 'NONE',  ( -1.000000000000000000, 0.0000000000000000000, -0.0000000000000000000 ) ) ;
#2983 = DIRECTION ( 'NONE',  ( 0.0000000000000000000, 0.0000000000000000000, -1.000000000000000000 ) ) ;
#2984 = DIRECTION ( 'NONE',  ( -0.0000000000000000000, 0.0000000000000000000, 1.000000000000000000 ) ) ;
#2985 = EDGE_LOOP ( 'NONE', ( #1169, #2609, #2256, #973, #3268, #3359 ) ) ;
#2986 = ADVANCED_FACE ( 'NONE', ( #56 ), #3265, .T. ) ;
#2987 = PLANE ( 'NONE',  #1808 ) ;
#2988 = CARTESIAN_POINT ( 'NONE',  ( 5.349999975562099941, 9.199999999999999289, -6.938893903907229610E-17 ) ) ;
#2989 = EDGE_LOOP ( 'NONE', ( #2623, #1214, #93, #1233 ) ) ;
#2990 = LINE ( 'NONE', #162, #3572 ) ;
#2991 = CARTESIAN_POINT ( 'NONE',  ( 6.849999975562100829, 0.4000000000000000222, -3.399999999999999023 ) ) ;
#2992 = ADVANCED_FACE ( 'NONE', ( #2686 ), #2363, .T. ) ;
#2993 = CARTESIAN_POINT ( 'NONE',  ( 7.849999975562100829, 0.4000000000000000777, 2.985786437626906320 ) ) ;
#2994 = ORIENTED_EDGE ( 'NONE', *, *, #2590, .T. ) ;
#2995 = DIRECTION ( 'NONE',  ( 1.000000000000000000, 0.0000000000000000000, 2.220446049250310123E-16 ) ) ;
#2996 = EDGE_CURVE ( 'NONE', #1507, #2109, #2649, .T. ) ;
#2997 = VERTEX_POINT ( 'NONE', #1377 ) ;
#2998 = LINE ( 'NONE', #2306, #1127 ) ;
#2999 = CARTESIAN_POINT ( 'NONE',  ( 1.999999975562100074, -4.799999999999999822, 1.149999999999999911 ) ) ;
#3000 =( NAMED_UNIT ( * ) SI_UNIT ( $, .STERADIAN. ) SOLID_ANGLE_UNIT ( ) );
#3001 = EDGE_LOOP ( 'NONE', ( #3980, #2941, #3240, #2366 ) ) ;
#3002 = CARTESIAN_POINT ( 'NONE',  ( -2.325000024437899881, 4.200000000000000178, 0.5000000000000000000 ) ) ;
#3003 = DIRECTION ( 'NONE',  ( 0.0000000000000000000, -1.000000000000000000, 0.0000000000000000000 ) ) ;
#3004 = EDGE_CURVE ( 'NONE', #3257, #3984, #1392, .T. ) ;
#3005 = ORIENTED_EDGE ( 'NONE', *, *, #1639, .F. ) ;
#3006 = PLANE ( 'NONE',  #718 ) ;
#3007 = DIRECTION ( 'NONE',  ( 0.0000000000000000000, -1.000000000000000000, 0.0000000000000000000 ) ) ;
#3008 = ORIENTED_EDGE ( 'NONE', *, *, #2819, .F. ) ;
#3009 = CARTESIAN_POINT ( 'NONE',  ( -1.675000024437900192, 4.200000000000000178, 0.5000000000000000000 ) ) ;
#3010 = CARTESIAN_POINT ( 'NONE',  ( 2.299999975562100119, 4.200000000000000178, 1.600000000000000089 ) ) ;
#3011 = DIRECTION ( 'NONE',  ( 0.0000000000000000000, -0.0000000000000000000, 1.000000000000000000 ) ) ;
#3012 = VECTOR ( 'NONE', #4133, 1000.000000000000000 ) ;
#3013 = VERTEX_POINT ( 'NONE', #686 ) ;
#3014 = PRESENTATION_LAYER_ASSIGNMENT (  '', '', ( #2748 ) ) ;
#3015 = CARTESIAN_POINT ( 'NONE',  ( -1.850000024437900237, -4.540192378864669642, -0.8499999999999989786 ) ) ;
#3016 = VECTOR ( 'NONE', #1723, 1000.000000000000000 ) ;
#3017 = ORIENTED_EDGE ( 'NONE', *, *, #4145, .F. ) ;
#3018 = LINE ( 'NONE', #3045, #2706 ) ;
#3019 = AXIS2_PLACEMENT_3D ( 'NONE', #3200, #522, #1827 ) ;
#3020 = VECTOR ( 'NONE', #1274, 1000.000000000000000 ) ;
#3021 = EDGE_LOOP ( 'NONE', ( #3391, #3925, #3577, #3034 ) ) ;
#3022 = CARTESIAN_POINT ( 'NONE',  ( 1.999999975562100074, 0.0000000000000000000, -1.149999999999999911 ) ) ;
#3023 = EDGE_CURVE ( 'NONE', #4165, #2435, #1982, .T. ) ;
#3024 = AXIS2_PLACEMENT_3D ( 'NONE', #2602, #3902, #29 ) ;
#3025 = DIRECTION ( 'NONE',  ( 0.0000000000000000000, 0.0000000000000000000, -1.000000000000000000 ) ) ;
#3026 = LINE ( 'NONE', #97, #1824 ) ;
#3027 = VECTOR ( 'NONE', #264, 1000.000000000000000 ) ;
#3028 = VERTEX_POINT ( 'NONE', #1307 ) ;
#3029 = ADVANCED_FACE ( 'NONE', ( #3344 ), #747, .T. ) ;
#3030 = CARTESIAN_POINT ( 'NONE',  ( 7.849999975562099941, 0.4000000000000000222, 2.399999999999999467 ) ) ;
#3031 = AXIS2_PLACEMENT_3D ( 'NONE', #2431, #1761, #137 ) ;
#3032 = CARTESIAN_POINT ( 'NONE',  ( 5.199999975562097809, -4.800000000000001599, 0.2999999999999999889 ) ) ;
#3033 = CYLINDRICAL_SURFACE ( 'NONE', #3931, 1.000000000000000222 ) ;
#3034 = ORIENTED_EDGE ( 'NONE', *, *, #3477, .T. ) ;
#3035 = CIRCLE ( 'NONE', #1202, 0.1499999999999999944 ) ;
#3036 = DIRECTION ( 'NONE',  ( -0.0000000000000000000, -0.0000000000000000000, 1.000000000000000000 ) ) ;
#3037 = CARTESIAN_POINT ( 'NONE',  ( -5.650000024437909829, -4.540192378864669642, 0.1499999999999999944 ) ) ;
#3038 = DIRECTION ( 'NONE',  ( 1.000000000000000000, 0.0000000000000000000, -0.0000000000000000000 ) ) ;
#3039 = VECTOR ( 'NONE', #1637, 1000.000000000000000 ) ;
#3040 = VERTEX_POINT ( 'NONE', #2940 ) ;
#3041 = DIRECTION ( 'NONE',  ( 0.0000000000000000000, -1.000000000000000000, 0.0000000000000000000 ) ) ;
#3042 = ORIENTED_EDGE ( 'NONE', *, *, #1572, .T. ) ;
#3043 = ADVANCED_BREP_SHAPE_REPRESENTATION ( '5449AF4E-04E1-446F-A4BC-5A4ED5C8B59B', ( #2664, #2765, #1232, #2742, #2677, #4086, #1365, #2734, #4109, #4041, #1226, #4146, #1355, #2436 ), #1361 ) ;
#3044 = CARTESIAN_POINT ( 'NONE',  ( -1.837500024437900059, 8.650504516109080555, 0.6999999999999999556 ) ) ;
#3045 = CARTESIAN_POINT ( 'NONE',  ( -2.399999999999999911, 8.699999999999999289, 3.399999999999999911 ) ) ;
#3046 = EDGE_CURVE ( 'NONE', #2831, #975, #1029, .T. ) ;
#3047 = ORIENTED_EDGE ( 'NONE', *, *, #411, .T. ) ;
#3048 = DIRECTION ( 'NONE',  ( -2.220446049250310123E-16, 0.0000000000000000000, 1.000000000000000000 ) ) ;
#3049 = CARTESIAN_POINT ( 'NONE',  ( 4.699999975562099586, 8.101009032218149386, -0.3250000000000000666 ) ) ;
#3050 = VERTEX_POINT ( 'NONE', #3648 ) ;
#3051 = CARTESIAN_POINT ( 'NONE',  ( 1.999999975562100074, 1.889999999999999902, 1.300000000000000044 ) ) ;
#3052 = CARTESIAN_POINT ( 'NONE',  ( -5.100000024437908230, 9.199999999999999289, 0.3249999999999998446 ) ) ;
#3053 = CARTESIAN_POINT ( 'NONE',  ( -4.000000024437906809, 4.200000000000000178, -3.399999999999999911 ) ) ;
#3054 = EDGE_CURVE ( 'NONE', #2454, #1498, #30, .T. ) ;
#3055 = ORIENTED_EDGE ( 'NONE', *, *, #2328, .F. ) ;
#3056 = DIRECTION ( 'NONE',  ( 0.0000000000000000000, 1.000000000000000000, -0.0000000000000000000 ) ) ;
#3057 = CARTESIAN_POINT ( 'NONE',  ( 6.849999975562099053, 0.4000000000000000222, 3.399999999999999467 ) ) ;
#3058 = FILL_AREA_STYLE ('',( #192 ) ) ;
#3059 = ADVANCED_FACE ( 'NONE', ( #3903 ), #408, .T. ) ;
#3060 = ORIENTED_EDGE ( 'NONE', *, *, #332, .F. ) ;
#3061 = CARTESIAN_POINT ( 'NONE',  ( 1.699999975562090260, -4.280384757729341239, -1.600000000000000089 ) ) ;
#3062 = ORIENTED_EDGE ( 'NONE', *, *, #3477, .F. ) ;
#3063 = DIRECTION ( 'NONE',  ( -1.000000000000000000, 0.0000000000000000000, -2.135044278125300110E-16 ) ) ;
#3064 = UNCERTAINTY_MEASURE_WITH_UNIT (LENGTH_MEASURE( 1.000000000000000082E-05 ), #3166, 'distance_accuracy_value', 'NONE');
#3065 = ORIENTED_EDGE ( 'NONE', *, *, #2009, .T. ) ;
#3066 = CARTESIAN_POINT ( 'NONE',  ( 2.149999975562100207, -4.540192378864669642, 1.449999999999999956 ) ) ;
#3067 = LINE ( 'NONE', #96, #1403 ) ;
#3068 = DIRECTION ( 'NONE',  ( 0.0000000000000000000, -0.9396926207859083169, 0.3420201433256691015 ) ) ;
#3069 = ORIENTED_EDGE ( 'NONE', *, *, #3893, .T. ) ;
#3070 = CARTESIAN_POINT ( 'NONE',  ( -2.150000024437900059, -4.540192378864669642, -1.449999999999999956 ) ) ;
#3071 = ADVANCED_FACE ( 'NONE', ( #1012 ), #3285, .T. ) ;
#3072 = CARTESIAN_POINT ( 'NONE',  ( -5.350000024437900237, 0.0000000000000000000, 0.0000000000000000000 ) ) ;
#3073 = CARTESIAN_POINT ( 'NONE',  ( 1.699999975562100030, 4.200000000000000178, -1.600000000000000089 ) ) ;
#3074 = VERTEX_POINT ( 'NONE', #2579 ) ;
#3075 = CARTESIAN_POINT ( 'NONE',  ( 4.899999975562089993, 4.200000000000000178, 0.0000000000000000000 ) ) ;
#3076 =( BOUNDED_SURFACE ( )  B_SPLINE_SURFACE ( 3, 3, ( 
 ( #3466, #544, #1849, #1532 ),
 ( #4127, #888, #2178, #2637 ),
 ( #2334, #1061, #677, #697 ),
 ( #2991, #3595, #3323, #2295 ) ),
 .UNSPECIFIED., .F., .F., .F. ) 
 B_SPLINE_SURFACE_WITH_KNOTS ( ( 4, 4 ),
 ( 4, 4 ),
 ( 0.0000000000000000000, 1.000000000000000000 ),
 ( 0.0000000000000000000, 1.000000000000000000 ),
 .UNSPECIFIED. ) 
 GEOMETRIC_REPRESENTATION_ITEM ( )  RATIONAL_B_SPLINE_SURFACE ( (
 ( 1.000000000000000000, 0.8047378541243649375, 0.8047378541243649375, 1.000000000000000000),
 ( 0.8047378541243658256, 0.6476030138606884146, 0.6476030138606884146, 0.8047378541243658256),
 ( 0.8047378541243658256, 0.6476030138606884146, 0.6476030138606884146, 0.8047378541243658256),
 ( 1.000000000000000000, 0.8047378541243649375, 0.8047378541243649375, 1.000000000000000000) ) ) 
 REPRESENTATION_ITEM ( '' )  SURFACE ( )  );
#3077 = FACE_OUTER_BOUND ( 'NONE', #4130, .T. ) ;
#3078 = EDGE_CURVE ( 'NONE', #209, #1452, #4193, .T. ) ;
#3079 = PLANE ( 'NONE',  #2339 ) ;
#3080 = ORIENTED_EDGE ( 'NONE', *, *, #3266, .F. ) ;
#3081 = PLANE ( 'NONE',  #1339 ) ;
#3082 = ORIENTED_EDGE ( 'NONE', *, *, #2957, .F. ) ;
#3083 = ADVANCED_FACE ( 'NONE', ( #3282 ), #2598, .T. ) ;
#3084 = CARTESIAN_POINT ( 'NONE',  ( -5.800000024437910184, 4.200000000000000178, -0.2999999999999999889 ) ) ;
#3085 = DIRECTION ( 'NONE',  ( -1.000000000000000000, 0.0000000000000000000, 3.535742116640630070E-17 ) ) ;
#3086 = VECTOR ( 'NONE', #3418, 1000.000000000000000 ) ;
#3087 = VECTOR ( 'NONE', #3825, 1000.000000000000000 ) ;
#3088 = ORIENTED_EDGE ( 'NONE', *, *, #1450, .F. ) ;
#3089 = AXIS2_PLACEMENT_3D ( 'NONE', #2007, #2654, #352 ) ;
#3090 = VECTOR ( 'NONE', #290, 1000.000000000000000 ) ;
#3091 = CARTESIAN_POINT ( 'NONE',  ( -2.300000024437899970, -4.540192378864669642, 1.449999999999999956 ) ) ;
#3092 = ORIENTED_EDGE ( 'NONE', *, *, #18, .F. ) ;
#3093 = VECTOR ( 'NONE', #1190, 1000.000000000000000 ) ;
#3094 = CIRCLE ( 'NONE', #380, 1.000000000000000000 ) ;
#3095 = FACE_OUTER_BOUND ( 'NONE', #3510, .T. ) ;
#3096 = CARTESIAN_POINT ( 'NONE',  ( -1.700000024437900104, -4.800000000000000711, -0.9999999999999986677 ) ) ;
#3097 = PLANE ( 'NONE',  #2293 ) ;
#3098 = CIRCLE ( 'NONE', #2629, 1.000000000000000222 ) ;
#3099 = EDGE_LOOP ( 'NONE', ( #72, #3421, #418, #3911 ) ) ;
#3100 = EDGE_CURVE ( 'NONE', #860, #4011, #3514, .T. ) ;
#3101 = AXIS2_PLACEMENT_3D ( 'NONE', #3314, #182, #2409 ) ;
#3102 = CARTESIAN_POINT ( 'NONE',  ( -2.325000024437899881, 4.200000000000000178, 0.5000000000000000000 ) ) ;
#3103 = DIRECTION ( 'NONE',  ( -0.8660254037844380415, -0.5000000000000009992, 0.0000000000000000000 ) ) ;
#3104 = FACE_OUTER_BOUND ( 'NONE', #483, .T. ) ;
#3105 = VECTOR ( 'NONE', #4169, 1000.000000000000000 ) ;
#3106 = ADVANCED_FACE ( 'NONE', ( #660 ), #615, .T. ) ;
#3107 = ORIENTED_EDGE ( 'NONE', *, *, #1733, .T. ) ;
#3108 = DIRECTION ( 'NONE',  ( -0.0000000000000000000, -0.0000000000000000000, 1.000000000000000000 ) ) ;
#3109 = ORIENTED_EDGE ( 'NONE', *, *, #3004, .T. ) ;
#3110 = VECTOR ( 'NONE', #1988, 1000.000000000000000 ) ;
#3111 = DIRECTION ( 'NONE',  ( -0.0000000000000000000, -1.000000000000000000, 0.0000000000000000000 ) ) ;
#3112 = LINE ( 'NONE', #3147, #1896 ) ;
#3113 = ADVANCED_FACE ( 'NONE', ( #1936 ), #2893, .T. ) ;
#3114 = STYLED_ITEM ( 'NONE', ( #409 ), #4109 ) ;
#3115 = EDGE_LOOP ( 'NONE', ( #2705, #4149, #2168, #1502 ) ) ;
#3116 =( NAMED_UNIT ( * ) SI_UNIT ( $, .STERADIAN. ) SOLID_ANGLE_UNIT ( ) );
#3117 = CARTESIAN_POINT ( 'NONE',  ( -1.675000024437900192, 4.200000000000000178, -1.800000000000000266 ) ) ;
#3118 = ORIENTED_EDGE ( 'NONE', *, *, #707, .F. ) ;
#3119 = LINE ( 'NONE', #2520, #3645 ) ;
#3120 = CYLINDRICAL_SURFACE ( 'NONE', #2547, 0.4000000000000001887 ) ;
#3121 = DIRECTION ( 'NONE',  ( -0.0000000000000000000, 1.000000000000000000, 0.0000000000000000000 ) ) ;
#3122 = EDGE_LOOP ( 'NONE', ( #494, #1566 ) ) ;
#3123 = DIRECTION ( 'NONE',  ( 0.0000000000000000000, 0.9396926207859083169, 0.3420201433256691015 ) ) ;
#3124 = DIRECTION ( 'NONE',  ( -0.0000000000000000000, -1.000000000000000000, -0.0000000000000000000 ) ) ;
#3125 = EDGE_CURVE ( 'NONE', #467, #3468, #3923, .T. ) ;
#3126 = ORIENTED_EDGE ( 'NONE', *, *, #3453, .F. ) ;
#3127 = LINE ( 'NONE', #213, #3093 ) ;
#3128 = ORIENTED_EDGE ( 'NONE', *, *, #3806, .F. ) ;
#3129 = CARTESIAN_POINT ( 'NONE',  ( -7.850000024437909119, 0.0000000000000000000, -2.399999999999999911 ) ) ;
#3130 = EDGE_CURVE ( 'NONE', #2997, #447, #797, .T. ) ;
#3131 = SURFACE_SIDE_STYLE ('',( #2790 ) ) ;
#3132 = ORIENTED_EDGE ( 'NONE', *, *, #1151, .T. ) ;
#3133 = FILL_AREA_STYLE_COLOUR ( '', #2898 ) ;
#3134 = DIRECTION ( 'NONE',  ( -0.3420201433256691015, 0.9396926207859083169, 0.0000000000000000000 ) ) ;
#3135 = EDGE_LOOP ( 'NONE', ( #3408, #2768, #2273, #3574, #905, #3650 ) ) ;
#3136 = DIRECTION ( 'NONE',  ( 0.0000000000000000000, -0.0000000000000000000, 1.000000000000000000 ) ) ;
#3137 = ADVANCED_FACE ( 'NONE', ( #1006 ), #1323, .F. ) ;
#3138 = DIRECTION ( 'NONE',  ( 0.0000000000000000000, -0.0000000000000000000, -1.000000000000000000 ) ) ;
#3139 = LINE ( 'NONE', #246, #2086 ) ;
#3140 = ORIENTED_EDGE ( 'NONE', *, *, #3632, .T. ) ;
#3141 = CARTESIAN_POINT ( 'NONE',  ( -7.338730187217100465, -4.304288914942318686E-17, -3.234314575050760698 ) ) ;
#3142 = CARTESIAN_POINT ( 'NONE',  ( -2.300000024437899970, 4.200000000000000178, 1.599999999999999867 ) ) ;
#3143 = VERTEX_POINT ( 'NONE', #3602 ) ;
#3144 = CARTESIAN_POINT ( 'NONE',  ( 5.349999975562099941, 0.0000000000000000000, -0.1499999999999999944 ) ) ;
#3145 = ORIENTED_EDGE ( 'NONE', *, *, #1509, .T. ) ;
#3146 = CARTESIAN_POINT ( 'NONE',  ( -1.675000024437900192, 4.200000000000000178, 1.800000000000000266 ) ) ;
#3147 = CARTESIAN_POINT ( 'NONE',  ( -7.850000024437909119, 11.00000000000000000, 3.399999999999999911 ) ) ;
#3148 = VERTEX_POINT ( 'NONE', #277 ) ;
#3149 = EDGE_CURVE ( 'NONE', #3346, #1396, #2936, .T. ) ;
#3150 = DIRECTION ( 'NONE',  ( -0.0000000000000000000, -1.000000000000000000, -0.0000000000000000000 ) ) ;
#3151 = FACE_OUTER_BOUND ( 'NONE', #2017, .T. ) ;
#3152 = VECTOR ( 'NONE', #4023, 1000.000000000000000 ) ;
#3153 = ORIENTED_EDGE ( 'NONE', *, *, #1505, .F. ) ;
#3154 = ADVANCED_FACE ( 'NONE', ( #3556 ), #3236, .T. ) ;
#3155 = VECTOR ( 'NONE', #1489, 1000.000000000000000 ) ;
#3156 = AXIS2_PLACEMENT_3D ( 'NONE', #743, #2038, #2703 ) ;
#3157 = FACE_BOUND ( 'NONE', #3122, .T. ) ;
#3158 = LINE ( 'NONE', #884, #3302 ) ;
#3159 = LINE ( 'NONE', #1570, #189 ) ;
#3160 = VECTOR ( 'NONE', #16, 1000.000000000000000 ) ;
#3161 = VECTOR ( 'NONE', #2675, 1000.000000000000000 ) ;
#3162 = ORIENTED_EDGE ( 'NONE', *, *, #2957, .T. ) ;
#3163 = EDGE_CURVE ( 'NONE', #1396, #2035, #595, .T. ) ;
#3164 = CARTESIAN_POINT ( 'NONE',  ( -7.450000024437909651, 0.0000000000000000000, -2.400000000000000355 ) ) ;
#3165 = AXIS2_PLACEMENT_3D ( 'NONE', #910, #546, #4166 ) ;
#3166 =( LENGTH_UNIT ( ) NAMED_UNIT ( * ) SI_UNIT ( .MILLI., .METRE. ) );
#3167 =( GEOMETRIC_REPRESENTATION_CONTEXT ( 3 ) GLOBAL_UNCERTAINTY_ASSIGNED_CONTEXT ( ( #2512 ) ) GLOBAL_UNIT_ASSIGNED_CONTEXT ( ( #190, #4140, #501 ) ) REPRESENTATION_CONTEXT ( 'NONE', 'WORKASPACE' ) );
#3168 = ORIENTED_EDGE ( 'NONE', *, *, #2303, .T. ) ;
#3169 = FACE_BOUND ( 'NONE', #804, .T. ) ;
#3170 = ORIENTED_EDGE ( 'NONE', *, *, #1968, .F. ) ;
#3171 = DIRECTION ( 'NONE',  ( 3.535742116640630070E-17, -0.0000000000000000000, 1.000000000000000000 ) ) ;
#3172 = EDGE_LOOP ( 'NONE', ( #2965, #4020, #577, #2690 ) ) ;
#3173 = AXIS2_PLACEMENT_3D ( 'NONE', #2736, #2394, #3696 ) ;
#3174 = LINE ( 'NONE', #1239, #322 ) ;
#3175 = CARTESIAN_POINT ( 'NONE',  ( -6.000000024437910362, 4.200000000000000178, 0.3249999957875560064 ) ) ;
#3176 = EDGE_CURVE ( 'NONE', #3074, #478, #3535, .T. ) ;
#3177 = VECTOR ( 'NONE', #311, 1000.000000000000000 ) ;
#3178 = ORIENTED_EDGE ( 'NONE', *, *, #1984, .F. ) ;
#3179 = CARTESIAN_POINT ( 'NONE',  ( 6.949999975562099586, 11.00000000000000000, -2.499999999999999556 ) ) ;
#3180 = CIRCLE ( 'NONE', #2092, 0.3999999999999997446 ) ;
#3181 = DIRECTION ( 'NONE',  ( 0.0000000000000000000, -0.0000000000000000000, 1.000000000000000000 ) ) ;
#3182 = CARTESIAN_POINT ( 'NONE',  ( 5.349999975562099941, 0.0000000000000000000, 0.0000000000000000000 ) ) ;
#3183 = CARTESIAN_POINT ( 'NONE',  ( -7.850000024437909119, 0.4000000000000000222, 2.399999999999999911 ) ) ;
#3184 = ADVANCED_FACE ( 'NONE', ( #3579 ), #2302, .T. ) ;
#3185 = EDGE_LOOP ( 'NONE', ( #2314, #2201, #3312, #1298 ) ) ;
#3186 = CARTESIAN_POINT ( 'NONE',  ( 1.699999975562100030, -4.800000000000000711, 1.300000000000000266 ) ) ;
#3187 = FACE_OUTER_BOUND ( 'NONE', #98, .T. ) ;
#3188 = EDGE_LOOP ( 'NONE', ( #954, #2728, #2465, #3743 ) ) ;
#3189 = CYLINDRICAL_SURFACE ( 'NONE', #785, 0.1499999999999999944 ) ;
#3190 = ORIENTED_EDGE ( 'NONE', *, *, #140, .F. ) ;
#3191 = FACE_OUTER_BOUND ( 'NONE', #2382, .T. ) ;
#3192 = CARTESIAN_POINT ( 'NONE',  ( -7.450000024437909651, 0.4000000000000000222, -2.399999999999999911 ) ) ;
#3193 = EDGE_CURVE ( 'NONE', #975, #2459, #1916, .T. ) ;
#3194 = VERTEX_POINT ( 'NONE', #1978 ) ;
#3195 = VERTEX_POINT ( 'NONE', #342 ) ;
#3196 = FACE_OUTER_BOUND ( 'NONE', #1642, .T. ) ;
#3197 = LINE ( 'NONE', #1565, #1139 ) ;
#3198 = ORIENTED_EDGE ( 'NONE', *, *, #2646, .F. ) ;
#3199 = FILL_AREA_STYLE_COLOUR ( '', #2420 ) ;
#3200 = CARTESIAN_POINT ( 'NONE',  ( -2.000000024437900148, 0.0000000000000000000, -1.149999999999999911 ) ) ;
#3201 = DIRECTION ( 'NONE',  ( 1.000000000000000000, -0.0000000000000000000, 0.0000000000000000000 ) ) ;
#3202 = ORIENTED_EDGE ( 'NONE', *, *, #1294, .F. ) ;
#3203 = EDGE_CURVE ( 'NONE', #1096, #2278, #3211, .T. ) ;
#3204 = CARTESIAN_POINT ( 'NONE',  ( -1.675000024437900192, 4.200000000000000178, 1.149999999999999911 ) ) ;
#3205 = CARTESIAN_POINT ( 'NONE',  ( -4.900000024437900059, 4.200000000000000178, 0.2999999999999999889 ) ) ;
#3206 = EDGE_LOOP ( 'NONE', ( #652, #1492, #164, #2922, #4195, #722 ) ) ;
#3207 = EDGE_CURVE ( 'NONE', #1351, #1083, #1077, .T. ) ;
#3208 = FACE_OUTER_BOUND ( 'NONE', #1009, .T. ) ;
#3209 = ORIENTED_EDGE ( 'NONE', *, *, #3926, .F. ) ;
#3210 = CARTESIAN_POINT ( 'NONE',  ( -2.162500024437899793, 8.650504516109080555, 1.600000000000000089 ) ) ;
#3211 = LINE ( 'NONE', #26, #3384 ) ;
#3212 = APPLICATION_PROTOCOL_DEFINITION ( 'draft international standard', 'automotive_design', 1998, #1632 ) ;
#3213 = ORIENTED_EDGE ( 'NONE', *, *, #1268, .T. ) ;
#3214 = ORIENTED_EDGE ( 'NONE', *, *, #3493, .F. ) ;
#3215 = EDGE_CURVE ( 'NONE', #3641, #2831, #802, .T. ) ;
#3216 = PLANE ( 'NONE',  #315 ) ;
#3217 = CARTESIAN_POINT ( 'NONE',  ( 1.999999975562100074, 4.200000000000000178, -1.149999999999999911 ) ) ;
#3218 = EDGE_LOOP ( 'NONE', ( #1340, #3308, #515, #752 ) ) ;
#3219 = LINE ( 'NONE', #1905, #113 ) ;
#3220 = DIRECTION ( 'NONE',  ( 0.0000000000000000000, 0.0000000000000000000, 1.000000000000000000 ) ) ;
#3221 = VECTOR ( 'NONE', #3488, 1000.000000000000000 ) ;
#3222 = PLANE ( 'NONE',  #1123 ) ;
#3223 = DIRECTION ( 'NONE',  ( 1.000000000000000000, -0.0000000000000000000, 0.0000000000000000000 ) ) ;
#3224 = ORIENTED_EDGE ( 'NONE', *, *, #432, .F. ) ;
#3225 =( GEOMETRIC_REPRESENTATION_CONTEXT ( 3 ) GLOBAL_UNCERTAINTY_ASSIGNED_CONTEXT ( ( #698 ) ) GLOBAL_UNIT_ASSIGNED_CONTEXT ( ( #2678, #1662, #3975 ) ) REPRESENTATION_CONTEXT ( 'NONE', 'WORKASPACE' ) );
#3226 = VECTOR ( 'NONE', #24, 1000.000000000000000 ) ;
#3227 = CARTESIAN_POINT ( 'NONE',  ( -2.399999999999999467, 0.0000000000000000000, 3.399999999999999911 ) ) ;
#3228 = VECTOR ( 'NONE', #2389, 1000.000000000000000 ) ;
#3229 = VECTOR ( 'NONE', #3111, 1000.000000000000000 ) ;
#3230 = EDGE_CURVE ( 'NONE', #1581, #50, #839, .T. ) ;
#3231 = ORIENTED_EDGE ( 'NONE', *, *, #1929, .F. ) ;
#3232 = VECTOR ( 'NONE', #3279, 1000.000000000000000 ) ;
#3233 = DIRECTION ( 'NONE',  ( 0.0000000000000000000, 0.0000000000000000000, -1.000000000000000000 ) ) ;
#3234 = VERTEX_POINT ( 'NONE', #2458 ) ;
#3235 = DIRECTION ( 'NONE',  ( 1.000000000000000000, -0.0000000000000000000, 0.0000000000000000000 ) ) ;
#3236 = PLANE ( 'NONE',  #2635 ) ;
#3237 = EDGE_CURVE ( 'NONE', #4059, #2287, #208, .T. ) ;
#3238 = AXIS2_PLACEMENT_3D ( 'NONE', #3102, #3247, #3422 ) ;
#3239 = EDGE_LOOP ( 'NONE', ( #1965, #3350, #529, #3486, #2049, #1817 ) ) ;
#3240 = ORIENTED_EDGE ( 'NONE', *, *, #4075, .T. ) ;
#3241 = PLANE ( 'NONE',  #3024 ) ;
#3242 = CARTESIAN_POINT ( 'NONE',  ( 1.999999975562100074, 4.200000000000000178, 1.149999999999999911 ) ) ;
#3243 = STYLED_ITEM ( 'NONE', ( #1822 ), #2765 ) ;
#3244 = DIRECTION ( 'NONE',  ( 0.0000000000000000000, 0.9396926207859085389, -0.3420201433256684354 ) ) ;
#3245 = AXIS2_PLACEMENT_3D ( 'NONE', #425, #347, #3606 ) ;
#3246 = ORIENTED_EDGE ( 'NONE', *, *, #3215, .F. ) ;
#3247 = DIRECTION ( 'NONE',  ( -1.000000000000000000, 0.0000000000000000000, 0.0000000000000000000 ) ) ;
#3248 = PLANE ( 'NONE',  #2886 ) ;
#3249 = VECTOR ( 'NONE', #771, 1000.000000000000000 ) ;
#3250 = DIRECTION ( 'NONE',  ( 0.0000000000000000000, 1.000000000000000000, 0.0000000000000000000 ) ) ;
#3251 = PLANE ( 'NONE',  #458 ) ;
#3252 = ORIENTED_EDGE ( 'NONE', *, *, #4054, .F. ) ;
#3253 = VECTOR ( 'NONE', #3775, 1000.000000000000000 ) ;
#3254 = PLANE ( 'NONE',  #3434 ) ;
#3255 = CARTESIAN_POINT ( 'NONE',  ( 1.674999975562099896, 4.200000000000000178, 1.800000000000000266 ) ) ;
#3256 = AXIS2_PLACEMENT_3D ( 'NONE', #894, #1193, #3489 ) ;
#3257 = VERTEX_POINT ( 'NONE', #3402 ) ;
#3258 = CARTESIAN_POINT ( 'NONE',  ( -7.450000024437908763, 5.421010862427522170E-17, 2.399999999999999467 ) ) ;
#3259 = ORIENTED_EDGE ( 'NONE', *, *, #3815, .T. ) ;
#3260 = DIRECTION ( 'NONE',  ( 0.0000000000000000000, 0.8660254037844380415, -0.5000000000000009992 ) ) ;
#3261 = CARTESIAN_POINT ( 'NONE',  ( 5.349999975562099941, 4.200000000000000178, -6.938893903907229610E-17 ) ) ;
#3262 = VERTEX_POINT ( 'NONE', #4036 ) ;
#3263 = VERTEX_POINT ( 'NONE', #144 ) ;
#3264 = DIRECTION ( 'NONE',  ( 0.0000000000000000000, -0.8660254037844371533, -0.5000000000000026645 ) ) ;
#3265 = PLANE ( 'NONE',  #3245 ) ;
#3266 = EDGE_CURVE ( 'NONE', #275, #633, #2496, .T. ) ;
#3267 = PRESENTATION_STYLE_ASSIGNMENT (( #688 ) ) ;
#3268 = ORIENTED_EDGE ( 'NONE', *, *, #3655, .T. ) ;
#3269 = FILL_AREA_STYLE ('',( #1655 ) ) ;
#3270 = EDGE_CURVE ( 'NONE', #830, #944, #2645, .T. ) ;
#3271 = CARTESIAN_POINT ( 'NONE',  ( -1.700000024437900104, -4.800000000000000711, 1.000000000000000000 ) ) ;
#3272 = LINE ( 'NONE', #2242, #1739 ) ;
#3273 = DIRECTION ( 'NONE',  ( -0.0000000000000000000, -1.000000000000000000, -0.0000000000000000000 ) ) ;
#3274 = ORIENTED_EDGE ( 'NONE', *, *, #984, .F. ) ;
#3275 = EDGE_CURVE ( 'NONE', #1442, #2881, #1786, .T. ) ;
#3276 = LINE ( 'NONE', #627, #3020 ) ;
#3277 = FILL_AREA_STYLE_COLOUR ( '', #371 ) ;
#3278 = ORIENTED_EDGE ( 'NONE', *, *, #889, .F. ) ;
#3279 = DIRECTION ( 'NONE',  ( 1.000000000000000000, 0.0000000000000000000, -2.822600910063960139E-16 ) ) ;
#3280 = VERTEX_POINT ( 'NONE', #3946 ) ;
#3281 = CARTESIAN_POINT ( 'NONE',  ( 1.999999975562100074, 4.200000000000000178, 1.149999999999999911 ) ) ;
#3282 = FACE_OUTER_BOUND ( 'NONE', #756, .T. ) ;
#3283 = ORIENTED_EDGE ( 'NONE', *, *, #1181, .T. ) ;
#3284 = CARTESIAN_POINT ( 'NONE',  ( 1.999999975562100074, 4.200000000000000178, 0.5000000000000000000 ) ) ;
#3285 = PLANE ( 'NONE',  #253 ) ;
#3286 = DIRECTION ( 'NONE',  ( 0.0000000000000000000, -0.0000000000000000000, 1.000000000000000000 ) ) ;
#3287 = ADVANCED_FACE ( 'NONE', ( #3419 ), #3097, .F. ) ;
#3288 = ORIENTED_EDGE ( 'NONE', *, *, #2215, .T. ) ;
#3289 = SURFACE_SIDE_STYLE ('',( #429 ) ) ;
#3290 = CARTESIAN_POINT ( 'NONE',  ( 4.899999975562089993, 4.200000000000000178, 0.2999999999999999889 ) ) ;
#3291 = LINE ( 'NONE', #1035, #990 ) ;
#3292 = CARTESIAN_POINT ( 'NONE',  ( -7.450000024437909651, 0.4000000000000000222, -1.699999999999999956 ) ) ;
#3293 = EDGE_CURVE ( 'NONE', #3748, #1366, #3742, .T. ) ;
#3294 = ORIENTED_EDGE ( 'NONE', *, *, #3655, .F. ) ;
#3295 = VECTOR ( 'NONE', #52, 1000.000000000000000 ) ;
#3296 = DIRECTION ( 'NONE',  ( 0.0000000000000000000, 0.0000000000000000000, 1.000000000000000000 ) ) ;
#3297 = EDGE_CURVE ( 'NONE', #469, #3646, #437, .T. ) ;
#3298 = VECTOR ( 'NONE', #754, 1000.000000000000000 ) ;
#3299 = ORIENTED_EDGE ( 'NONE', *, *, #1268, .F. ) ;
#3300 = CARTESIAN_POINT ( 'NONE',  ( -6.950000024437909651, 4.200000000000000178, -2.500000000000000000 ) ) ;
#3301 = CARTESIAN_POINT ( 'NONE',  ( -2.443790392270270082E-08, 11.00000000000000000, 2.500000000000000000 ) ) ;
#3302 = VECTOR ( 'NONE', #582, 1000.000000000000000 ) ;
#3303 = VECTOR ( 'NONE', #3746, 1000.000000000000000 ) ;
#3304 = CARTESIAN_POINT ( 'NONE',  ( 5.799999975562100119, 4.200000000000000178, 0.2999999999999999889 ) ) ;
#3305 = EDGE_CURVE ( 'NONE', #1852, #3263, #523, .T. ) ;
#3306 = AXIS2_PLACEMENT_3D ( 'NONE', #2913, #2272, #3920 ) ;
#3307 = AXIS2_PLACEMENT_3D ( 'NONE', #1386, #1060, #2353 ) ;
#3308 = ORIENTED_EDGE ( 'NONE', *, *, #281, .T. ) ;
#3309 = DIRECTION ( 'NONE',  ( 1.000000000000000000, 0.0000000000000000000, -0.0000000000000000000 ) ) ;
#3310 = DIRECTION ( 'NONE',  ( 0.0000000000000000000, -1.000000000000000000, 0.0000000000000000000 ) ) ;
#3311 = FACE_OUTER_BOUND ( 'NONE', #1133, .T. ) ;
#3312 = ORIENTED_EDGE ( 'NONE', *, *, #3731, .T. ) ;
#3313 = CIRCLE ( 'NONE', #1343, 0.1499999999999999667 ) ;
#3314 = CARTESIAN_POINT ( 'NONE',  ( 6.849999975562100829, 0.4000000000000000222, -3.000000000000001332 ) ) ;
#3315 = ADVANCED_FACE ( 'NONE', ( #2781 ), #3033, .T. ) ;
#3316 = CARTESIAN_POINT ( 'NONE',  ( -2.000000024437900148, 4.200000000000000178, -1.000000000000000000 ) ) ;
#3317 = CARTESIAN_POINT ( 'NONE',  ( 2.299999975562100119, -4.799999999999999822, -1.149999999999999911 ) ) ;
#3318 = VECTOR ( 'NONE', #2026, 1000.000000000000000 ) ;
#3319 = EDGE_LOOP ( 'NONE', ( #2239, #1792, #318, #3460 ) ) ;
#3320 = VECTOR ( 'NONE', #53, 1000.000000000000000 ) ;
#3321 = CARTESIAN_POINT ( 'NONE',  ( 5.799999975562100119, 4.200000000000000178, 0.2999999999999999889 ) ) ;
#3322 = EDGE_CURVE ( 'NONE', #3984, #875, #1163, .T. ) ;
#3323 = CARTESIAN_POINT ( 'NONE',  ( 7.849999975562100829, 0.4000000000000000777, -2.985786437626901879 ) ) ;
#3324 = ORIENTED_EDGE ( 'NONE', *, *, #4128, .T. ) ;
#3325 = CARTESIAN_POINT ( 'NONE',  ( -7.435786462064815083, 0.4000000000000000777, 3.399999999999999467 ) ) ;
#3326 = DIRECTION ( 'NONE',  ( -1.000000000000000000, 0.0000000000000000000, -0.0000000000000000000 ) ) ;
#3327 = EDGE_CURVE ( 'NONE', #1529, #2766, #755, .T. ) ;
#3328 = CARTESIAN_POINT ( 'NONE',  ( -1.700000024437900104, 4.200000000000000178, -0.6999999999999990674 ) ) ;
#3329 = ORIENTED_EDGE ( 'NONE', *, *, #2606, .T. ) ;
#3330 = CARTESIAN_POINT ( 'NONE',  ( 2.324999975562100030, 8.101009032218149386, -0.4999999999999988343 ) ) ;
#3331 = CARTESIAN_POINT ( 'NONE',  ( 1.837499975562100207, 8.650504516109080555, 1.600000000000000089 ) ) ;
#3332 = ORIENTED_EDGE ( 'NONE', *, *, #512, .F. ) ;
#3333 = CARTESIAN_POINT ( 'NONE',  ( -4.900000024437900059, 4.200000000000000178, -0.2999999999999999889 ) ) ;
#3334 = LINE ( 'NONE', #3091, #1418 ) ;
#3335 = ORIENTED_EDGE ( 'NONE', *, *, #3431, .T. ) ;
#3336 = CARTESIAN_POINT ( 'NONE',  ( 1.674999975562099896, 9.199999999999999289, 1.400000000000001021 ) ) ;
#3337 = CARTESIAN_POINT ( 'NONE',  ( 5.349999975562099941, 4.200000000000000178, -0.1499999999999999944 ) ) ;
#3338 = EDGE_LOOP ( 'NONE', ( #2642, #1517, #1904, #1870 ) ) ;
#3339 = LINE ( 'NONE', #420, #3016 ) ;
#3340 = LINE ( 'NONE', #3963, #3295 ) ;
#3341 = EDGE_CURVE ( 'NONE', #1670, #4135, #2901, .T. ) ;
#3342 = ORIENTED_EDGE ( 'NONE', *, *, #18, .T. ) ;
#3343 = DIRECTION ( 'NONE',  ( 0.0000000000000000000, -0.8660254037844371533, 0.5000000000000026645 ) ) ;
#3344 = FACE_OUTER_BOUND ( 'NONE', #2792, .T. ) ;
#3345 = EDGE_CURVE ( 'NONE', #50, #584, #2075, .T. ) ;
#3346 = VERTEX_POINT ( 'NONE', #1116 ) ;
#3347 = FILL_AREA_STYLE ('',( #3933 ) ) ;
#3348 = FACE_OUTER_BOUND ( 'NONE', #3817, .T. ) ;
#3349 = DIRECTION ( 'NONE',  ( 0.0000000000000000000, 1.000000000000000000, 0.0000000000000000000 ) ) ;
#3350 = ORIENTED_EDGE ( 'NONE', *, *, #3193, .T. ) ;
#3351 = CARTESIAN_POINT ( 'NONE',  ( -4.700000024437909651, 4.200000000000000178, -0.3249999957875560064 ) ) ;
#3352 = DIRECTION ( 'NONE',  ( -0.0000000000000000000, -0.0000000000000000000, -1.000000000000000000 ) ) ;
#3353 = DIRECTION ( 'NONE',  ( -1.000000000000000000, -0.0000000000000000000, -0.0000000000000000000 ) ) ;
#3354 = VERTEX_POINT ( 'NONE', #1769 ) ;
#3355 = DIRECTION ( 'NONE',  ( -0.0000000000000000000, -1.000000000000000000, -0.0000000000000000000 ) ) ;
#3356 = CARTESIAN_POINT ( 'NONE',  ( -7.850000024437909119, 0.4000000000000000222, -3.399999999999999911 ) ) ;
#3357 = LINE ( 'NONE', #3808, #1999 ) ;
#3358 = AXIS2_PLACEMENT_3D ( 'NONE', #681, #1692, #2358 ) ;
#3359 = ORIENTED_EDGE ( 'NONE', *, *, #3506, .T. ) ;
#3360 = VECTOR ( 'NONE', #3124, 1000.000000000000000 ) ;
#3361 = CARTESIAN_POINT ( 'NONE',  ( 1.999999975562100074, 0.0000000000000000000, 1.300000000000000044 ) ) ;
#3362 = VECTOR ( 'NONE', #2740, 1000.000000000000000 ) ;
#3363 = VERTEX_POINT ( 'NONE', #3053 ) ;
#3364 = DIRECTION ( 'NONE',  ( 0.0000000000000000000, -0.8660254037844371533, -0.5000000000000026645 ) ) ;
#3365 = EDGE_CURVE ( 'NONE', #4201, #2932, #2417, .T. ) ;
#3366 = UNCERTAINTY_MEASURE_WITH_UNIT (LENGTH_MEASURE( 1.000000000000000082E-05 ), #2128, 'distance_accuracy_value', 'NONE');
#3367 = DIRECTION ( 'NONE',  ( 0.0000000000000000000, 0.0000000000000000000, 1.000000000000000000 ) ) ;
#3368 = VECTOR ( 'NONE', #3264, 1000.000000000000000 ) ;
#3369 = VECTOR ( 'NONE', #1986, 1000.000000000000000 ) ;
#3370 = ORIENTED_EDGE ( 'NONE', *, *, #2432, .F. ) ;
#3371 = DIRECTION ( 'NONE',  ( 0.0000000000000000000, 0.0000000000000000000, -1.000000000000000000 ) ) ;
#3372 = VECTOR ( 'NONE', #1145, 1000.000000000000000 ) ;
#3373 = EDGE_CURVE ( 'NONE', #3257, #175, #3139, .T. ) ;
#3374 = DIRECTION ( 'NONE',  ( 0.0000000000000000000, -0.0000000000000000000, -1.000000000000000000 ) ) ;
#3375 = CARTESIAN_POINT ( 'NONE',  ( 6.849999975562099053, 0.0000000000000000000, 3.399999999999999467 ) ) ;
#3376 = MECHANICAL_DESIGN_GEOMETRIC_PRESENTATION_REPRESENTATION (  '', ( #1196 ), #2291 ) ;
#3377 = ORIENTED_EDGE ( 'NONE', *, *, #1359, .T. ) ;
#3378 = DIRECTION ( 'NONE',  ( 0.0000000000000000000, -1.000000000000000000, 0.0000000000000000000 ) ) ;
#3379 = EDGE_CURVE ( 'NONE', #2843, #1469, #2522, .T. ) ;
#3380 = MECHANICAL_DESIGN_GEOMETRIC_PRESENTATION_REPRESENTATION (  '', ( #586 ), #3719 ) ;
#3381 = DIRECTION ( 'NONE',  ( 0.0000000000000000000, 0.8660254037844380415, -0.5000000000000009992 ) ) ;
#3382 = CARTESIAN_POINT ( 'NONE',  ( 4.699999975562099586, 4.200000000000000178, -0.3250000000000000666 ) ) ;
#3383 = VERTEX_POINT ( 'NONE', #541 ) ;
#3384 = VECTOR ( 'NONE', #776, 1000.000000000000000 ) ;
#3385 = LINE ( 'NONE', #4066, #514 ) ;
#3386 = CARTESIAN_POINT ( 'NONE',  ( 6.849999975562099941, 11.00000000000000000, 2.399999999999999911 ) ) ;
#3387 =( NAMED_UNIT ( * ) SI_UNIT ( $, .STERADIAN. ) SOLID_ANGLE_UNIT ( ) );
#3388 = VECTOR ( 'NONE', #2030, 1000.000000000000000 ) ;
#3389 = EDGE_LOOP ( 'NONE', ( #2907, #3332, #3294, #3283 ) ) ;
#3390 = CYLINDRICAL_SURFACE ( 'NONE', #3983, 1.000000000000000000 ) ;
#3391 = ORIENTED_EDGE ( 'NONE', *, *, #2112, .F. ) ;
#3392 = DIRECTION ( 'NONE',  ( 1.000000000000000000, 0.0000000000000000000, 0.0000000000000000000 ) ) ;
#3393 =( NAMED_UNIT ( * ) PLANE_ANGLE_UNIT ( ) SI_UNIT ( $, .RADIAN. ) );
#3394 = EDGE_LOOP ( 'NONE', ( #316, #658, #2749, #1995 ) ) ;
#3395 = EDGE_CURVE ( 'NONE', #875, #405, #1204, .T. ) ;
#3396 = CARTESIAN_POINT ( 'NONE',  ( 2.324999975562100030, 8.650504516109080555, 1.600000000000000089 ) ) ;
#3397 = CARTESIAN_POINT ( 'NONE',  ( -2.000000024437900148, -4.799999999999999822, 1.149999999999999911 ) ) ;
#3398 = CARTESIAN_POINT ( 'NONE',  ( -1.675000024437900192, 8.101009032218149386, -0.4999999999999988343 ) ) ;
#3399 = VERTEX_POINT ( 'NONE', #4161 ) ;
#3400 = EDGE_CURVE ( 'NONE', #1022, #1843, #3035, .T. ) ;
#3401 = LINE ( 'NONE', #2034, #710 ) ;
#3402 = CARTESIAN_POINT ( 'NONE',  ( 1.699999975562100030, 4.200000000000000178, 1.599999999999999867 ) ) ;
#3403 = ORIENTED_EDGE ( 'NONE', *, *, #1228, .T. ) ;
#3404 = EDGE_CURVE ( 'NONE', #2118, #4073, #3159, .T. ) ;
#3405 = CARTESIAN_POINT ( 'NONE',  ( 2.324999975562100030, 4.200000000000000178, 1.800000000000000266 ) ) ;
#3406 = DIRECTION ( 'NONE',  ( 0.0000000000000000000, 1.000000000000000000, 0.0000000000000000000 ) ) ;
#3407 = DIRECTION ( 'NONE',  ( 1.000000000000000000, -3.430950020277714625E-17, 9.426457707990388784E-17 ) ) ;
#3408 = ORIENTED_EDGE ( 'NONE', *, *, #1231, .T. ) ;
#3409 = CARTESIAN_POINT ( 'NONE',  ( -2.300000024437899970, -4.280384757729341239, -1.600000000000000089 ) ) ;
#3410 = ORIENTED_EDGE ( 'NONE', *, *, #345, .T. ) ;
#3411 = DIRECTION ( 'NONE',  ( 0.0000000000000000000, 0.0000000000000000000, 1.000000000000000000 ) ) ;
#3412 = DIRECTION ( 'NONE',  ( 2.220446049250310123E-16, 0.0000000000000000000, -1.000000000000000000 ) ) ;
#3413 = ORIENTED_EDGE ( 'NONE', *, *, #610, .F. ) ;
#3414 = LINE ( 'NONE', #1090, #257 ) ;
#3415 = EDGE_CURVE ( 'NONE', #3013, #2118, #1864, .T. ) ;
#3416 = ORIENTED_EDGE ( 'NONE', *, *, #2227, .F. ) ;
#3417 = CARTESIAN_POINT ( 'NONE',  ( 6.849999975562099941, 0.0000000000000000000, -3.000000000000000000 ) ) ;
#3418 = DIRECTION ( 'NONE',  ( -1.000000000000000000, -0.0000000000000000000, 0.0000000000000000000 ) ) ;
#3419 = FACE_OUTER_BOUND ( 'NONE', #909, .T. ) ;
#3420 = EDGE_CURVE ( 'NONE', #3262, #2853, #605, .T. ) ;
#3421 = ORIENTED_EDGE ( 'NONE', *, *, #223, .F. ) ;
#3422 = DIRECTION ( 'NONE',  ( 0.0000000000000000000, 0.0000000000000000000, 1.000000000000000000 ) ) ;
#3423 = DIRECTION ( 'NONE',  ( -1.000000000000000000, 0.0000000000000000000, -0.0000000000000000000 ) ) ;
#3424 = LINE ( 'NONE', #129, #3700 ) ;
#3425 = EDGE_CURVE ( 'NONE', #410, #2581, #2860, .T. ) ;
#3426 = ORIENTED_EDGE ( 'NONE', *, *, #1057, .F. ) ;
#3427 = CARTESIAN_POINT ( 'NONE',  ( -2.000000024437900148, 4.200000000000000178, 0.5000000000000000000 ) ) ;
#3428 = EDGE_LOOP ( 'NONE', ( #3213, #713, #2890, #1188 ) ) ;
#3429 = VECTOR ( 'NONE', #2462, 1000.000000000000000 ) ;
#3430 = CARTESIAN_POINT ( 'NONE',  ( -2.325000024437899881, 4.200000000000000178, -1.800000000000000266 ) ) ;
#3431 = EDGE_CURVE ( 'NONE', #4073, #2281, #1551, .T. ) ;
#3432 = LINE ( 'NONE', #1154, #3940 ) ;
#3433 = VECTOR ( 'NONE', #907, 1000.000000000000000 ) ;
#3434 = AXIS2_PLACEMENT_3D ( 'NONE', #2315, #676, #997 ) ;
#3435 = ORIENTED_EDGE ( 'NONE', *, *, #1237, .F. ) ;
#3436 = LINE ( 'NONE', #1174, #3785 ) ;
#3437 = AXIS2_PLACEMENT_3D ( 'NONE', #1636, #37, #1337 ) ;
#3438 = AXIS2_PLACEMENT_3D ( 'NONE', #2456, #2477, #3779 ) ;
#3439 = DIRECTION ( 'NONE',  ( 0.0000000000000000000, -0.0000000000000000000, 1.000000000000000000 ) ) ;
#3440 = ORIENTED_EDGE ( 'NONE', *, *, #1181, .F. ) ;
#3441 = VECTOR ( 'NONE', #3663, 1000.000000000000000 ) ;
#3442 = EDGE_CURVE ( 'NONE', #1625, #3050, #1908, .T. ) ;
#3443 = DIRECTION ( 'NONE',  ( 0.0000000000000000000, 1.000000000000000000, 0.0000000000000000000 ) ) ;
#3444 = DIRECTION ( 'NONE',  ( 0.0000000000000000000, -0.0000000000000000000, 1.000000000000000000 ) ) ;
#3445 = DIRECTION ( 'NONE',  ( 1.000000000000000000, -0.0000000000000000000, 2.220446049250310123E-16 ) ) ;
#3446 = VERTEX_POINT ( 'NONE', #3183 ) ;
#3447 = EDGE_CURVE ( 'NONE', #2287, #47, #2159, .T. ) ;
#3448 = VECTOR ( 'NONE', #552, 1000.000000000000000 ) ;
#3449 = DIRECTION ( 'NONE',  ( 0.0000000000000000000, -1.000000000000000000, 0.0000000000000000000 ) ) ;
#3450 = LINE ( 'NONE', #2056, #2948 ) ;
#3451 = AXIS2_PLACEMENT_3D ( 'NONE', #2999, #3625, #2284 ) ;
#3452 = ORIENTED_EDGE ( 'NONE', *, *, #3947, .T. ) ;
#3453 = EDGE_CURVE ( 'NONE', #2708, #4015, #4143, .T. ) ;
#3454 = LINE ( 'NONE', #3511, #2142 ) ;
#3455 = VERTEX_POINT ( 'NONE', #287 ) ;
#3456 = VECTOR ( 'NONE', #625, 1000.000000000000000 ) ;
#3457 = LINE ( 'NONE', #2148, #647 ) ;
#3458 = VERTEX_POINT ( 'NONE', #4100 ) ;
#3459 = DIRECTION ( 'NONE',  ( -1.000000000000000000, 0.0000000000000000000, 1.224646799147353207E-16 ) ) ;
#3460 = ORIENTED_EDGE ( 'NONE', *, *, #1796, .T. ) ;
#3461 = DIRECTION ( 'NONE',  ( 0.0000000000000000000, 0.9396926207859083169, 0.3420201433256691015 ) ) ;
#3462 = CARTESIAN_POINT ( 'NONE',  ( -4.700000024437909651, 4.200000000000000178, -0.3249999957875560064 ) ) ;
#3463 = LINE ( 'NONE', #225, #731 ) ;
#3464 = ORIENTED_EDGE ( 'NONE', *, *, #4094, .F. ) ;
#3465 = CARTESIAN_POINT ( 'NONE',  ( -7.684314599488670794, -4.304288914942318686E-17, -2.400000000000000355 ) ) ;
#3466 = CARTESIAN_POINT ( 'NONE',  ( 6.849999975562100829, 0.0000000000000000000, -3.000000000000000000 ) ) ;
#3467 = EDGE_CURVE ( 'NONE', #478, #592, #1225, .T. ) ;
#3468 = VERTEX_POINT ( 'NONE', #1245 ) ;
#3469 = FACE_BOUND ( 'NONE', #2916, .T. ) ;
#3470 = ORIENTED_EDGE ( 'NONE', *, *, #3442, .T. ) ;
#3471 = CARTESIAN_POINT ( 'NONE',  ( 1.999999975562100074, 4.200000000000000178, -1.300000000000000044 ) ) ;
#3472 = DIRECTION ( 'NONE',  ( -0.0000000000000000000, 0.0000000000000000000, 1.000000000000000000 ) ) ;
#3473 = ORIENTED_EDGE ( 'NONE', *, *, #824, .F. ) ;
#3474 = ORIENTED_EDGE ( 'NONE', *, *, #1572, .F. ) ;
#3475 = DIRECTION ( 'NONE',  ( -1.441848083928770031E-16, 0.0000000000000000000, -1.000000000000000000 ) ) ;
#3476 = DIRECTION ( 'NONE',  ( 0.0000000000000000000, -0.0000000000000000000, -1.000000000000000000 ) ) ;
#3477 = EDGE_CURVE ( 'NONE', #447, #2785, #2568, .T. ) ;
#3478 = ORIENTED_EDGE ( 'NONE', *, *, #241, .F. ) ;
#3479 = FACE_OUTER_BOUND ( 'NONE', #534, .T. ) ;
#3480 = LINE ( 'NONE', #3462, #1536 ) ;
#3481 = CARTESIAN_POINT ( 'NONE',  ( 1.699999975562100252, -4.280384757729341239, 0.6999999999999990674 ) ) ;
#3482 = ORIENTED_EDGE ( 'NONE', *, *, #1000, .F. ) ;
#3483 = DIRECTION ( 'NONE',  ( 0.0000000000000000000, 0.0000000000000000000, -1.000000000000000000 ) ) ;
#3484 = ORIENTED_EDGE ( 'NONE', *, *, #3297, .T. ) ;
#3485 = LINE ( 'NONE', #891, #1813 ) ;
#3486 = ORIENTED_EDGE ( 'NONE', *, *, #2328, .T. ) ;
#3487 = EDGE_CURVE ( 'NONE', #467, #1852, #2175, .T. ) ;
#3488 = DIRECTION ( 'NONE',  ( 1.000000000000000000, -0.0000000000000000000, 0.0000000000000000000 ) ) ;
#3489 = DIRECTION ( 'NONE',  ( 0.0000000000000000000, 0.0000000000000000000, -1.000000000000000000 ) ) ;
#3490 = ORIENTED_EDGE ( 'NONE', *, *, #4058, .T. ) ;
#3491 = VECTOR ( 'NONE', #1451, 1000.000000000000000 ) ;
#3492 = DIRECTION ( 'NONE',  ( 1.000000000000000000, -0.0000000000000000000, 0.0000000000000000000 ) ) ;
#3493 = EDGE_CURVE ( 'NONE', #2070, #3458, #3843, .T. ) ;
#3494 = DIRECTION ( 'NONE',  ( 0.0000000000000000000, -0.9396926207859083169, 0.3420201433256691015 ) ) ;
#3495 = AXIS2_PLACEMENT_3D ( 'NONE', #2486, #1514, #2884 ) ;
#3496 = ORIENTED_EDGE ( 'NONE', *, *, #4183, .T. ) ;
#3497 = CARTESIAN_POINT ( 'NONE',  ( -2.325000024437899881, 4.200000000000000178, 1.800000000000000266 ) ) ;
#3498 = EDGE_CURVE ( 'NONE', #2109, #4165, #1511, .T. ) ;
#3499 = AXIS2_PLACEMENT_3D ( 'NONE', #863, #224, #558 ) ;
#3500 = CIRCLE ( 'NONE', #2199, 1.000000000000000000 ) ;
#3501 = DIRECTION ( 'NONE',  ( 0.0000000000000000000, -1.000000000000000000, 0.0000000000000000000 ) ) ;
#3502 = DIRECTION ( 'NONE',  ( 0.0000000000000000000, 0.0000000000000000000, 1.000000000000000000 ) ) ;
#3503 = VECTOR ( 'NONE', #10, 1000.000000000000000 ) ;
#3504 = VECTOR ( 'NONE', #3740, 1000.000000000000000 ) ;
#3505 = ORIENTED_EDGE ( 'NONE', *, *, #4054, .T. ) ;
#3506 = EDGE_CURVE ( 'NONE', #3, #491, #3463, .T. ) ;
#3507 = LINE ( 'NONE', #2545, #1468 ) ;
#3508 = CIRCLE ( 'NONE', #2285, 0.3999999999999993006 ) ;
#3509 = PLANE ( 'NONE',  #3495 ) ;
#3510 = EDGE_LOOP ( 'NONE', ( #4113, #1454, #3753, #2469 ) ) ;
#3511 = CARTESIAN_POINT ( 'NONE',  ( 1.999999975562100074, 4.200000000000000178, -0.7000000000000009548 ) ) ;
#3512 = ORIENTED_EDGE ( 'NONE', *, *, #2700, .T. ) ;
#3513 = DIRECTION ( 'NONE',  ( 0.5000000000000026645, 0.8660254037844371533, 0.0000000000000000000 ) ) ;
#3514 = LINE ( 'NONE', #1646, #1007 ) ;
#3515 = VECTOR ( 'NONE', #4172, 1000.000000000000000 ) ;
#3516 = ORIENTED_EDGE ( 'NONE', *, *, #794, .T. ) ;
#3517 = CARTESIAN_POINT ( 'NONE',  ( 1.999999975562100074, 0.0000000000000000000, -1.149999999999999911 ) ) ;
#3518 = DIRECTION ( 'NONE',  ( -0.0000000000000000000, -1.000000000000000000, -0.0000000000000000000 ) ) ;
#3519 = VECTOR ( 'NONE', #3494, 1000.000000000000000 ) ;
#3520 = ADVANCED_FACE ( 'NONE', ( #2818 ), #4123, .T. ) ;
#3521 = VERTEX_POINT ( 'NONE', #2330 ) ;
#3522 = DIRECTION ( 'NONE',  ( -0.0000000000000000000, -1.000000000000000000, 0.0000000000000000000 ) ) ;
#3523 = CIRCLE ( 'NONE', #2433, 1.000000000000000000 ) ;
#3524 = CARTESIAN_POINT ( 'NONE',  ( -5.200000024437906099, -4.800000000000002487, -0.2999999999999999889 ) ) ;
#3525 = CARTESIAN_POINT ( 'NONE',  ( -2.000000024437900148, 9.199999999999999289, -1.149999999999999911 ) ) ;
#3526 = DIRECTION ( 'NONE',  ( 0.3420201433256691015, -0.9396926207859083169, 0.0000000000000000000 ) ) ;
#3527 = EDGE_CURVE ( 'NONE', #511, #1690, #3654, .T. ) ;
#3528 = ORIENTED_EDGE ( 'NONE', *, *, #3203, .T. ) ;
#3529 = LINE ( 'NONE', #3204, #3090 ) ;
#3530 = FACE_OUTER_BOUND ( 'NONE', #2975, .T. ) ;
#3531 = ORIENTED_EDGE ( 'NONE', *, *, #1379, .F. ) ;
#3532 = FACE_BOUND ( 'NONE', #4078, .T. ) ;
#3533 = EDGE_LOOP ( 'NONE', ( #335, #507, #2809, #4157 ) ) ;
#3534 = CARTESIAN_POINT ( 'NONE',  ( 2.324999975562100030, 4.200000000000000178, -0.5000000000000000000 ) ) ;
#3535 = LINE ( 'NONE', #1624, #3105 ) ;
#3536 = SURFACE_SIDE_STYLE ('',( #1669 ) ) ;
#3537 = ORIENTED_EDGE ( 'NONE', *, *, #3926, .T. ) ;
#3538 = CARTESIAN_POINT ( 'NONE',  ( 2.299999975562100119, -4.280384757729341239, -0.7000000000000009548 ) ) ;
#3539 = FACE_OUTER_BOUND ( 'NONE', #1765, .T. ) ;
#3540 = EDGE_LOOP ( 'NONE', ( #1835, #2412, #613, #3005 ) ) ;
#3541 =( BOUNDED_CURVE ( )  B_SPLINE_CURVE ( 3, ( #421, #2039, #25, #1389 ),
 .UNSPECIFIED., .F., .T. ) 
 B_SPLINE_CURVE_WITH_KNOTS ( ( 4, 4 ),
 ( 0.0000000000000000000, 1.000000000000000000 ),
 .UNSPECIFIED. ) 
 CURVE ( )  GEOMETRIC_REPRESENTATION_ITEM ( )  RATIONAL_B_SPLINE_CURVE ( ( 1.000000000000000000, 0.8047378541243644934, 0.8047378541243644934, 1.000000000000000000 ) ) 
 REPRESENTATION_ITEM ( '' )  );
#3542 = PRESENTATION_STYLE_ASSIGNMENT (( #4177 ) ) ;
#3543 = CARTESIAN_POINT ( 'NONE',  ( -5.350000024437900237, 0.0000000000000000000, -0.1499999999999999944 ) ) ;
#3544 = EDGE_CURVE ( 'NONE', #3521, #2109, #1970, .T. ) ;
#3545 = FACE_OUTER_BOUND ( 'NONE', #2031, .T. ) ;
#3546 = CARTESIAN_POINT ( 'NONE',  ( -6.950000024437909651, 4.200000000000000178, 2.500000000000000000 ) ) ;
#3547 = ORIENTED_EDGE ( 'NONE', *, *, #1582, .F. ) ;
#3548 = DIRECTION ( 'NONE',  ( 1.000000000000000000, 0.0000000000000000000, -0.0000000000000000000 ) ) ;
#3549 = EDGE_CURVE ( 'NONE', #214, #1396, #2608, .T. ) ;
#3550 = SURFACE_STYLE_FILL_AREA ( #2723 ) ;
#3551 = EDGE_LOOP ( 'NONE', ( #2260, #941, #1663, #1144, #3667, #3259, #1264, #1227, #3693, #4064 ) ) ;
#3552 = DIRECTION ( 'NONE',  ( -0.0000000000000000000, 0.0000000000000000000, 1.000000000000000000 ) ) ;
#3553 = EDGE_LOOP ( 'NONE', ( #3252, #348, #27, #188 ) ) ;
#3554 = EDGE_CURVE ( 'NONE', #1859, #3458, #3956, .T. ) ;
#3555 = LINE ( 'NONE', #3853, #1800 ) ;
#3556 = FACE_OUTER_BOUND ( 'NONE', #229, .T. ) ;
#3557 = ORIENTED_EDGE ( 'NONE', *, *, #1384, .F. ) ;
#3558 = ORIENTED_EDGE ( 'NONE', *, *, #537, .T. ) ;
#3559 = CARTESIAN_POINT ( 'NONE',  ( 2.324999975562100030, 4.200000000000000178, 1.800000000000000266 ) ) ;
#3560 = LINE ( 'NONE', #326, #3515 ) ;
#3561 = LINE ( 'NONE', #1308, #803 ) ;
#3562 = ORIENTED_EDGE ( 'NONE', *, *, #3415, .T. ) ;
#3563 = LINE ( 'NONE', #1611, #2280 ) ;
#3564 = AXIS2_PLACEMENT_3D ( 'NONE', #3210, #2869, #4192 ) ;
#3565 = CARTESIAN_POINT ( 'NONE',  ( 1.674999975562099896, 9.199999999999999289, -1.399999999999999911 ) ) ;
#3566 = CARTESIAN_POINT ( 'NONE',  ( 4.699999975562098697, 8.101009032218147610, -0.3250000000000000666 ) ) ;
#3567 = ORIENTED_EDGE ( 'NONE', *, *, #1050, .T. ) ;
#3568 = VECTOR ( 'NONE', #2393, 1000.000000000000000 ) ;
#3569 = CLOSED_SHELL ( 'NONE', ( #912, #1832, #2108, #2451, #150, #606, #549, #320 ) ) ;
#3570 = CARTESIAN_POINT ( 'NONE',  ( 5.999999975562100296, 4.200000000000000178, -0.3250000000000000666 ) ) ;
#3571 = AXIS2_PLACEMENT_3D ( 'NONE', #3397, #1460, #2694 ) ;
#3572 = VECTOR ( 'NONE', #1465, 1000.000000000000000 ) ;
#3573 = EDGE_CURVE ( 'NONE', #1436, #2562, #65, .T. ) ;
#3574 = ORIENTED_EDGE ( 'NONE', *, *, #2542, .T. ) ;
#3575 = AXIS2_PLACEMENT_3D ( 'NONE', #3791, #1516, #230 ) ;
#3576 = CARTESIAN_POINT ( 'NONE',  ( -7.201471887014052164, 5.421010862427522170E-17, 2.999999999999999112 ) ) ;
#3577 = ORIENTED_EDGE ( 'NONE', *, *, #3130, .T. ) ;
#3578 = PLANE ( 'NONE',  #31 ) ;
#3579 = FACE_OUTER_BOUND ( 'NONE', #3597, .T. ) ;
#3580 = ADVANCED_FACE ( 'NONE', ( #3614 ), #353, .T. ) ;
#3581 = ORIENTED_EDGE ( 'NONE', *, *, #687, .F. ) ;
#3582 = EDGE_LOOP ( 'NONE', ( #3557, #1609, #3880, #256, #798, #2836 ) ) ;
#3583 = CARTESIAN_POINT ( 'NONE',  ( -1.700000024437900104, -4.800000000000000711, -1.300000000000000266 ) ) ;
#3584 = DIRECTION ( 'NONE',  ( 0.0000000000000000000, -0.9396926207859083169, 0.3420201433256691015 ) ) ;
#3585 = AXIS2_PLACEMENT_3D ( 'NONE', #3066, #793, #2774 ) ;
#3586 = CARTESIAN_POINT ( 'NONE',  ( 1.699999975562100030, 4.200000000000000178, 0.6999999999999990674 ) ) ;
#3587 = VECTOR ( 'NONE', #1047, 1000.000000000000000 ) ;
#3588 = ORIENTED_EDGE ( 'NONE', *, *, #1034, .F. ) ;
#3589 = CARTESIAN_POINT ( 'NONE',  ( 7.849999975562099941, 11.00000000000000000, 1.665334536937730077E-15 ) ) ;
#3590 = LINE ( 'NONE', #1336, #2138 ) ;
#3591 = LINE ( 'NONE', #2607, #2481 ) ;
#3592 = CARTESIAN_POINT ( 'NONE',  ( 2.399999999999999467, 11.00000000000000178, 3.399999999999999023 ) ) ;
#3593 = ORIENTED_EDGE ( 'NONE', *, *, #35, .T. ) ;
#3594 = DIRECTION ( 'NONE',  ( 0.0000000000000000000, -0.0000000000000000000, -1.000000000000000000 ) ) ;
#3595 = CARTESIAN_POINT ( 'NONE',  ( 7.435786413189005017, 0.4000000000000000777, -3.399999999999998579 ) ) ;
#3596 = PRODUCT_DEFINITION_FORMATION_WITH_SPECIFIED_SOURCE ( 'ANY', '', #1471, .NOT_KNOWN. ) ;
#3597 = EDGE_LOOP ( 'NONE', ( #3712, #3126, #1619, #61, #871, #2620 ) ) ;
#3598 = CYLINDRICAL_SURFACE ( 'NONE', #717, 1.000000000000000000 ) ;
#3599 = ORIENTED_EDGE ( 'NONE', *, *, #1470, .F. ) ;
#3600 = DIRECTION ( 'NONE',  ( 0.0000000000000000000, -0.9396926207859083169, 0.3420201433256691015 ) ) ;
#3601 = ADVANCED_FACE ( 'NONE', ( #2655 ), #1364, .T. ) ;
#3602 = CARTESIAN_POINT ( 'NONE',  ( -2.399999999999999467, 11.00000000000000178, 3.399999999999999911 ) ) ;
#3603 = ORIENTED_EDGE ( 'NONE', *, *, #3467, .F. ) ;
#3604 = ORIENTED_EDGE ( 'NONE', *, *, #1796, .F. ) ;
#3605 = CARTESIAN_POINT ( 'NONE',  ( -2.000000024437900148, 4.200000000000000178, -1.600000000000000089 ) ) ;
#3606 = DIRECTION ( 'NONE',  ( -1.000000000000000000, 0.0000000000000000000, -4.270088556250600220E-16 ) ) ;
#3607 = EDGE_CURVE ( 'NONE', #3757, #2214, #693, .T. ) ;
#3608 = DIRECTION ( 'NONE',  ( 0.0000000000000000000, 0.0000000000000000000, -1.000000000000000000 ) ) ;
#3609 = EDGE_LOOP ( 'NONE', ( #4096, #2321, #2569, #1829 ) ) ;
#3610 = DIRECTION ( 'NONE',  ( -1.000000000000000000, -0.0000000000000000000, 0.0000000000000000000 ) ) ;
#3611 = DIRECTION ( 'NONE',  ( 0.0000000000000000000, 0.8660254037844377084, -0.5000000000000015543 ) ) ;
#3612 = EDGE_CURVE ( 'NONE', #2337, #2853, #82, .T. ) ;
#3613 = CARTESIAN_POINT ( 'NONE',  ( -2.150000024437900059, -4.799999999999999822, 1.000000000000000444 ) ) ;
#3614 = FACE_OUTER_BOUND ( 'NONE', #3626, .T. ) ;
#3615 = ORIENTED_EDGE ( 'NONE', *, *, #4097, .T. ) ;
#3616 = CARTESIAN_POINT ( 'NONE',  ( 4.899999975562089993, 4.200000000000000178, 0.2999999999999999889 ) ) ;
#3617 = SURFACE_STYLE_USAGE ( .BOTH. , #1368 ) ;
#3618 = VERTEX_POINT ( 'NONE', #1683 ) ;
#3619 = CARTESIAN_POINT ( 'NONE',  ( -7.684314599488670794, 1.116721947485203638E-17, 2.399999999999999467 ) ) ;
#3620 = ORIENTED_EDGE ( 'NONE', *, *, #140, .T. ) ;
#3621 = CARTESIAN_POINT ( 'NONE',  ( 6.949999975562099586, 4.200000000000000178, 2.500000000000000000 ) ) ;
#3622 = ORIENTED_EDGE ( 'NONE', *, *, #690, .F. ) ;
#3623 = ADVANCED_FACE ( 'NONE', ( #737 ), #3251, .T. ) ;
#3624 = CARTESIAN_POINT ( 'NONE',  ( 2.299999975562100119, -4.280384757729339462, 1.599999999999999867 ) ) ;
#3625 = DIRECTION ( 'NONE',  ( 0.0000000000000000000, -1.000000000000000000, 0.0000000000000000000 ) ) ;
#3626 = EDGE_LOOP ( 'NONE', ( #3342, #4033, #1961, #3168 ) ) ;
#3627 = EDGE_CURVE ( 'NONE', #3148, #2523, #2906, .T. ) ;
#3628 = CARTESIAN_POINT ( 'NONE',  ( -5.350000024437900237, 4.200000000000000178, 4.212443588391679700E-09 ) ) ;
#3629 = CARTESIAN_POINT ( 'NONE',  ( -2.325000024437899881, 9.199999999999999289, 0.5000000000000000000 ) ) ;
#3630 = DIRECTION ( 'NONE',  ( 1.000000000000000000, -9.614813431917820315E-17, 1.665334536937730373E-16 ) ) ;
#3631 = VERTEX_POINT ( 'NONE', #3566 ) ;
#3632 = EDGE_CURVE ( 'NONE', #2932, #563, #2673, .T. ) ;
#3633 = VECTOR ( 'NONE', #3600, 1000.000000000000000 ) ;
#3634 = CARTESIAN_POINT ( 'NONE',  ( -7.850000024437909119, 11.00000000000000000, -2.399999999999999911 ) ) ;
#3635 = CARTESIAN_POINT ( 'NONE',  ( 2.324999975562100030, 4.200000000000000178, -0.5000000000000000000 ) ) ;
#3636 = AXIS2_PLACEMENT_3D ( 'NONE', #1768, #1785, #1115 ) ;
#3637 = AXIS2_PLACEMENT_3D ( 'NONE', #971, #3958, #3594 ) ;
#3638 = EDGE_CURVE ( 'NONE', #1424, #2683, #2290, .T. ) ;
#3639 = ORIENTED_EDGE ( 'NONE', *, *, #3270, .F. ) ;
#3640 = CARTESIAN_POINT ( 'NONE',  ( -7.338730187217100465, 1.116721947485204100E-17, 3.234314575050761142 ) ) ;
#3641 = VERTEX_POINT ( 'NONE', #1613 ) ;
#3642 = AXIS2_PLACEMENT_3D ( 'NONE', #1784, #1114, #2756 ) ;
#3643 = LINE ( 'NONE', #2955, #300 ) ;
#3644 = AXIS2_PLACEMENT_3D ( 'NONE', #1448, #104, #2102 ) ;
#3645 = VECTOR ( 'NONE', #2816, 1000.000000000000000 ) ;
#3646 = VERTEX_POINT ( 'NONE', #38 ) ;
#3647 = LINE ( 'NONE', #346, #1334 ) ;
#3648 = CARTESIAN_POINT ( 'NONE',  ( -2.300000024437905299, 4.200000000000000178, -0.6999999999999990674 ) ) ;
#3649 = CARTESIAN_POINT ( 'NONE',  ( 1.699999975562100030, 4.200000000000000178, 0.6999999999999990674 ) ) ;
#3650 = ORIENTED_EDGE ( 'NONE', *, *, #1369, .T. ) ;
#3651 = VECTOR ( 'NONE', #898, 1000.000000000000000 ) ;
#3652 = SURFACE_STYLE_FILL_AREA ( #3269 ) ;
#3653 = CARTESIAN_POINT ( 'NONE',  ( -1.700000024437900104, -4.800000000000000711, 1.000000000000000000 ) ) ;
#3654 = LINE ( 'NONE', #3888, #3110 ) ;
#3655 = EDGE_CURVE ( 'NONE', #2553, #3, #4206, .T. ) ;
#3656 = VECTOR ( 'NONE', #958, 1000.000000000000000 ) ;
#3657 = EDGE_LOOP ( 'NONE', ( #656, #2104, #689, #3622 ) ) ;
#3658 = AXIS2_PLACEMENT_3D ( 'NONE', #139, #476, #1717 ) ;
#3659 = CARTESIAN_POINT ( 'NONE',  ( -5.800000024437909296, -4.280384757729340350, -0.3000000000000000444 ) ) ;
#3660 = PRESENTATION_STYLE_ASSIGNMENT (( #3617 ) ) ;
#3661 = EDGE_CURVE ( 'NONE', #2507, #3757, #2589, .T. ) ;
#3662 = MECHANICAL_DESIGN_GEOMETRIC_PRESENTATION_REPRESENTATION (  '', ( #3114 ), #2908 ) ;
#3663 = DIRECTION ( 'NONE',  ( -2.220446049250310123E-16, 0.0000000000000000000, 1.000000000000000000 ) ) ;
#3664 = PLANE ( 'NONE',  #3156 ) ;
#3665 = DIRECTION ( 'NONE',  ( 0.0000000000000000000, 0.0000000000000000000, 1.000000000000000000 ) ) ;
#3666 = EDGE_CURVE ( 'NONE', #2876, #1413, #650, .T. ) ;
#3667 = ORIENTED_EDGE ( 'NONE', *, *, #2238, .T. ) ;
#3668 = FACE_OUTER_BOUND ( 'NONE', #1107, .T. ) ;
#3669 = CARTESIAN_POINT ( 'NONE',  ( -1.700000024437900104, 4.200000000000000178, -1.600000000000000089 ) ) ;
#3670 = SURFACE_STYLE_USAGE ( .BOTH. , #451 ) ;
#3671 = VERTEX_POINT ( 'NONE', #2927 ) ;
#3672 = CARTESIAN_POINT ( 'NONE',  ( 1.674999975562099896, 8.101009032218151162, -0.4999999999999989453 ) ) ;
#3673 = CARTESIAN_POINT ( 'NONE',  ( 5.349999975562099941, -4.799999999999999822, 0.0000000000000000000 ) ) ;
#3674 = DIRECTION ( 'NONE',  ( 1.067522139062650055E-16, 0.0000000000000000000, -1.000000000000000000 ) ) ;
#3675 = VERTEX_POINT ( 'NONE', #3592 ) ;
#3676 = DIRECTION ( 'NONE',  ( 1.000000000000000000, 0.0000000000000000000, 0.0000000000000000000 ) ) ;
#3677 = PLANE ( 'NONE',  #438 ) ;
#3678 = DIRECTION ( 'NONE',  ( -1.000000000000000000, -0.0000000000000000000, 0.0000000000000000000 ) ) ;
#3679 = VERTEX_POINT ( 'NONE', #1461 ) ;
#3680 = CARTESIAN_POINT ( 'NONE',  ( 6.849999975562099053, 5.421010862427522170E-17, 3.000000000000000888 ) ) ;
#3681 = CARTESIAN_POINT ( 'NONE',  ( 2.324999975562100030, 9.199999999999999289, -1.400000000000001021 ) ) ;
#3682 = DIRECTION ( 'NONE',  ( -0.0000000000000000000, -1.000000000000000000, 0.0000000000000000000 ) ) ;
#3683 = ORIENTED_EDGE ( 'NONE', *, *, #3736, .F. ) ;
#3684 = ADVANCED_FACE ( 'NONE', ( #431 ), #454, .T. ) ;
#3685 = LINE ( 'NONE', #1793, #3919 ) ;
#3686 = ORIENTED_EDGE ( 'NONE', *, *, #2400, .F. ) ;
#3687 = CARTESIAN_POINT ( 'NONE',  ( 2.324999975562100030, 4.200000000000000178, -0.5000000000000000000 ) ) ;
#3688 = SURFACE_SIDE_STYLE ('',( #1087 ) ) ;
#3689 = ORIENTED_EDGE ( 'NONE', *, *, #4097, .F. ) ;
#3690 = CARTESIAN_POINT ( 'NONE',  ( -7.450000024437909651, 0.0000000000000000000, 2.400000000000000355 ) ) ;
#3691 = PLANE ( 'NONE',  #782 ) ;
#3692 = CARTESIAN_POINT ( 'NONE',  ( 1.674999975562099896, 9.199999999999999289, -0.8999999999999998002 ) ) ;
#3693 = ORIENTED_EDGE ( 'NONE', *, *, #51, .F. ) ;
#3694 = CARTESIAN_POINT ( 'NONE',  ( 5.599999975562100829, 9.199999999999999289, 0.3249999960884450978 ) ) ;
#3695 = DIRECTION ( 'NONE',  ( 1.000000000000000000, 0.0000000000000000000, 2.220446049250310123E-16 ) ) ;
#3696 = DIRECTION ( 'NONE',  ( 0.0000000000000000000, 0.0000000000000000000, -1.000000000000000000 ) ) ;
#3697 = ORIENTED_EDGE ( 'NONE', *, *, #794, .F. ) ;
#3698 = LINE ( 'NONE', #2702, #3441 ) ;
#3699 = DIRECTION ( 'NONE',  ( 0.0000000000000000000, 0.0000000000000000000, -1.000000000000000000 ) ) ;
#3700 = VECTOR ( 'NONE', #526, 1000.000000000000000 ) ;
#3701 = EDGE_CURVE ( 'NONE', #3702, #571, #796, .T. ) ;
#3702 = VERTEX_POINT ( 'NONE', #3692 ) ;
#3703 = MECHANICAL_DESIGN_GEOMETRIC_PRESENTATION_REPRESENTATION (  '', ( #2748 ), #3225 ) ;
#3704 = CARTESIAN_POINT ( 'NONE',  ( 1.674999975562099896, 9.199999999999999289, 0.5000000000000000000 ) ) ;
#3705 = AXIS2_PLACEMENT_3D ( 'NONE', #3807, #2883, #3762 ) ;
#3706 = ORIENTED_EDGE ( 'NONE', *, *, #2923, .F. ) ;
#3707 = LINE ( 'NONE', #789, #2682 ) ;
#3708 = FILL_AREA_STYLE ('',( #1417 ) ) ;
#3709 = ADVANCED_FACE ( 'NONE', ( #816 ), #2411, .T. ) ;
#3710 = VECTOR ( 'NONE', #1053, 1000.000000000000000 ) ;
#3711 = AXIS2_PLACEMENT_3D ( 'NONE', #3840, #2217, #4098 ) ;
#3712 = ORIENTED_EDGE ( 'NONE', *, *, #215, .T. ) ;
#3713 = PLANE ( 'NONE',  #3585 ) ;
#3714 = FACE_OUTER_BOUND ( 'NONE', #3115, .T. ) ;
#3715 = LINE ( 'NONE', #2453, #2429 ) ;
#3716 = EDGE_CURVE ( 'NONE', #571, #2082, #4014, .T. ) ;
#3717 = EDGE_LOOP ( 'NONE', ( #1326, #4107, #2040, #4162 ) ) ;
#3718 = PLANE ( 'NONE',  #3307 ) ;
#3719 =( GEOMETRIC_REPRESENTATION_CONTEXT ( 3 ) GLOBAL_UNCERTAINTY_ASSIGNED_CONTEXT ( ( #2385 ) ) GLOBAL_UNIT_ASSIGNED_CONTEXT ( ( #2942, #1715, #1677 ) ) REPRESENTATION_CONTEXT ( 'NONE', 'WORKASPACE' ) );
#3720 = CARTESIAN_POINT ( 'NONE',  ( -5.350000024437910007, -4.799999999999999822, 0.0000000000000000000 ) ) ;
#3721 = CARTESIAN_POINT ( 'NONE',  ( -2.325000024437899881, 8.101009032218149386, 1.800000000000000266 ) ) ;
#3722 = EDGE_LOOP ( 'NONE', ( #988, #89 ) ) ;
#3723 = VECTOR ( 'NONE', #461, 1000.000000000000000 ) ;
#3724 = DIRECTION ( 'NONE',  ( 0.0000000000000000000, 1.000000000000000000, 0.0000000000000000000 ) ) ;
#3725 = CARTESIAN_POINT ( 'NONE',  ( 7.849999975562099941, 11.00000000000000000, -2.399999999999999911 ) ) ;
#3726 = VECTOR ( 'NONE', #969, 1000.000000000000000 ) ;
#3727 = VERTEX_POINT ( 'NONE', #3398 ) ;
#3728 = VECTOR ( 'NONE', #3904, 1000.000000000000000 ) ;
#3729 = LINE ( 'NONE', #591, #1877 ) ;
#3730 = ORIENTED_EDGE ( 'NONE', *, *, #600, .F. ) ;
#3731 = EDGE_CURVE ( 'NONE', #4135, #669, #493, .T. ) ;
#3732 = CARTESIAN_POINT ( 'NONE',  ( 2.299999975562100119, -4.280384757729341239, -0.7000000000000015099 ) ) ;
#3733 = DIRECTION ( 'NONE',  ( -0.0000000000000000000, -1.000000000000000000, -0.0000000000000000000 ) ) ;
#3734 = ORIENTED_EDGE ( 'NONE', *, *, #900, .T. ) ;
#3735 = CARTESIAN_POINT ( 'NONE',  ( -7.450000024437909651, 0.0000000000000000000, -2.399999999999999911 ) ) ;
#3736 = EDGE_CURVE ( 'NONE', #114, #2856, #1072, .T. ) ;
#3737 = PLANE ( 'NONE',  #2835 ) ;
#3738 = EDGE_LOOP ( 'NONE', ( #2084, #456, #126, #1199 ) ) ;
#3739 = EDGE_CURVE ( 'NONE', #2070, #2628, #3414, .T. ) ;
#3740 = DIRECTION ( 'NONE',  ( 0.0000000000000000000, 0.0000000000000000000, 1.000000000000000000 ) ) ;
#3741 = CARTESIAN_POINT ( 'NONE',  ( -2.443790392270270082E-08, 11.00000000000000000, -3.399999999999999911 ) ) ;
#3742 = LINE ( 'NONE', #1428, #455 ) ;
#3743 = ORIENTED_EDGE ( 'NONE', *, *, #2248, .F. ) ;
#3744 = ADVANCED_FACE ( 'NONE', ( #2753 ), #1158, .T. ) ;
#3745 = DIRECTION ( 'NONE',  ( 0.0000000000000000000, 1.000000000000000000, -0.0000000000000000000 ) ) ;
#3746 = DIRECTION ( 'NONE',  ( 1.000000000000000000, -0.0000000000000000000, 4.270088556250600220E-16 ) ) ;
#3747 = DIRECTION ( 'NONE',  ( 0.0000000000000000000, -1.000000000000000000, 0.0000000000000000000 ) ) ;
#3748 = VERTEX_POINT ( 'NONE', #2434 ) ;
#3749 = CARTESIAN_POINT ( 'NONE',  ( -6.850000024437904678, 11.00000000000000000, 3.399999999999999911 ) ) ;
#3750 = ORIENTED_EDGE ( 'NONE', *, *, #1614, .T. ) ;
#3751 = CARTESIAN_POINT ( 'NONE',  ( -5.800000024437910184, 4.200000000000000178, -0.2999999999999999889 ) ) ;
#3752 = EDGE_CURVE ( 'NONE', #2543, #738, #3715, .T. ) ;
#3753 = ORIENTED_EDGE ( 'NONE', *, *, #3666, .T. ) ;
#3754 = FACE_OUTER_BOUND ( 'NONE', #1633, .T. ) ;
#3755 = CARTESIAN_POINT ( 'NONE',  ( 1.837499975562100207, 8.650504516109080555, -0.6999999999999999556 ) ) ;
#3756 = EDGE_CURVE ( 'NONE', #551, #2674, #3334, .T. ) ;
#3757 = VERTEX_POINT ( 'NONE', #1110 ) ;
#3758 = LINE ( 'NONE', #2157, #4053 ) ;
#3759 = CYLINDRICAL_SURFACE ( 'NONE', #3838, 0.1499999999999999944 ) ;
#3760 = CARTESIAN_POINT ( 'NONE',  ( 1.699999975562100252, 4.200000000000000178, 0.6999999999999990674 ) ) ;
#3761 = ORIENTED_EDGE ( 'NONE', *, *, #943, .T. ) ;
#3762 = DIRECTION ( 'NONE',  ( 1.233581138472400057E-15, 0.0000000000000000000, 1.000000000000000000 ) ) ;
#3763 = LINE ( 'NONE', #1814, #1327 ) ;
#3764 = EDGE_CURVE ( 'NONE', #1547, #2680, #1423, .T. ) ;
#3765 = ORIENTED_EDGE ( 'NONE', *, *, #3632, .F. ) ;
#3766 = DIRECTION ( 'NONE',  ( 0.0000000000000000000, 1.000000000000000000, 0.0000000000000000000 ) ) ;
#3767 = ORIENTED_EDGE ( 'NONE', *, *, #3793, .T. ) ;
#3768 = AXIS2_PLACEMENT_3D ( 'NONE', #3795, #3171, #1898 ) ;
#3769 = DIRECTION ( 'NONE',  ( 0.0000000000000000000, 0.0000000000000000000, -1.000000000000000000 ) ) ;
#3770 = DIRECTION ( 'NONE',  ( -1.922962686383560119E-16, -0.5000000000000009992, 0.8660254037844380415 ) ) ;
#3771 = CLOSED_SHELL ( 'NONE', ( #422, #2986, #553, #949, #3918, #1593, #1176, #767 ) ) ;
#3772 = ORIENTED_EDGE ( 'NONE', *, *, #2593, .F. ) ;
#3773 = AXIS2_PLACEMENT_3D ( 'NONE', #540, #1203, #3138 ) ;
#3774 = CIRCLE ( 'NONE', #1939, 0.1499999999999999944 ) ;
#3775 = DIRECTION ( 'NONE',  ( 0.0000000000000000000, 0.0000000000000000000, 1.000000000000000000 ) ) ;
#3776 = PRODUCT_DEFINITION_SHAPE ( 'NONE', 'NONE',  #1853 ) ;
#3777 = ORIENTED_EDGE ( 'NONE', *, *, #2492, .T. ) ;
#3778 = VECTOR ( 'NONE', #2489, 1000.000000000000000 ) ;
#3779 = DIRECTION ( 'NONE',  ( 0.0000000000000000000, 0.0000000000000000000, -1.000000000000000000 ) ) ;
#3780 = ADVANCED_FACE ( 'NONE', ( #1135 ), #3737, .T. ) ;
#3781 = DIRECTION ( 'NONE',  ( 0.0000000000000000000, 0.0000000000000000000, -1.000000000000000000 ) ) ;
#3782 = DIRECTION ( 'NONE',  ( 0.0000000000000000000, 0.8660254037844371533, -0.5000000000000026645 ) ) ;
#3783 = ORIENTED_EDGE ( 'NONE', *, *, #3549, .F. ) ;
#3784 =( BOUNDED_SURFACE ( )  B_SPLINE_SURFACE ( 3, 3, ( 
 ( #3164, #1830, #2484, #3786 ),
 ( #3465, #543, #3141, #228 ),
 ( #1991, #2949, #67, #696 ),
 ( #2909, #3891, #1640, #653 ) ),
 .UNSPECIFIED., .F., .F., .T. ) 
 B_SPLINE_SURFACE_WITH_KNOTS ( ( 4, 4 ),
 ( 4, 4 ),
 ( 0.0000000000000000000, 1.000000000000000000 ),
 ( 0.0000000000000000000, 1.000000000000000000 ),
 .UNSPECIFIED. ) 
 GEOMETRIC_REPRESENTATION_ITEM ( )  RATIONAL_B_SPLINE_SURFACE ( (
 ( 1.000000000000000000, 0.8047378541243649375, 0.8047378541243649375, 1.000000000000000000),
 ( 0.8047378541243649375, 0.6476030138606876374, 0.6476030138606876374, 0.8047378541243649375),
 ( 0.8047378541243649375, 0.6476030138606876374, 0.6476030138606876374, 0.8047378541243649375),
 ( 1.000000000000000000, 0.8047378541243649375, 0.8047378541243649375, 1.000000000000000000) ) ) 
 REPRESENTATION_ITEM ( '' )  SURFACE ( )  );
#3785 = VECTOR ( 'NONE', #1840, 1000.000000000000000 ) ;
#3786 = CARTESIAN_POINT ( 'NONE',  ( -6.850000024437910007, 0.0000000000000000000, -2.999999999999999112 ) ) ;
#3787 = EDGE_CURVE ( 'NONE', #3631, #2647, #1764, .T. ) ;
#3788 = FACE_OUTER_BOUND ( 'NONE', #1476, .T. ) ;
#3789 = VECTOR ( 'NONE', #11, 1000.000000000000000 ) ;
#3790 = ORIENTED_EDGE ( 'NONE', *, *, #3787, .T. ) ;
#3791 = CARTESIAN_POINT ( 'NONE',  ( -2.000000024437900148, 4.200000000000000178, -1.149999999999999911 ) ) ;
#3792 = EDGE_LOOP ( 'NONE', ( #3109, #970, #1660, #3516, #699, #3558 ) ) ;
#3793 = EDGE_CURVE ( 'NONE', #1438, #3040, #3991, .T. ) ;
#3794 = VECTOR ( 'NONE', #3502, 1000.000000000000000 ) ;
#3795 = CARTESIAN_POINT ( 'NONE',  ( -7.850000024437909119, 0.0000000000000000000, 3.399999999999999911 ) ) ;
#3796 = CARTESIAN_POINT ( 'NONE',  ( 4.899999975562089993, 4.200000000000000178, -0.2999999999999999889 ) ) ;
#3797 = STYLED_ITEM ( 'NONE', ( #2513 ), #4146 ) ;
#3798 = ORIENTED_EDGE ( 'NONE', *, *, #406, .F. ) ;
#3799 = DIRECTION ( 'NONE',  ( -0.0000000000000000000, 0.0000000000000000000, -1.000000000000000000 ) ) ;
#3800 = CARTESIAN_POINT ( 'NONE',  ( 3.999999975562090082, 0.0000000000000000000, -3.400000000000001243 ) ) ;
#3801 = ORIENTED_EDGE ( 'NONE', *, *, #3893, .F. ) ;
#3802 = CARTESIAN_POINT ( 'NONE',  ( -2.000000024437900148, 4.200000000000000178, -1.149999999999999911 ) ) ;
#3803 = FACE_OUTER_BOUND ( 'NONE', #519, .T. ) ;
#3804 = CARTESIAN_POINT ( 'NONE',  ( -5.350000024437900237, 4.200000000000000178, 0.0000000000000000000 ) ) ;
#3805 = ORIENTED_EDGE ( 'NONE', *, *, #2714, .T. ) ;
#3806 = EDGE_CURVE ( 'NONE', #2674, #1218, #3026, .T. ) ;
#3807 = CARTESIAN_POINT ( 'NONE',  ( 3.999999975562090082, 0.0000000000000000000, -3.399999999999999911 ) ) ;
#3808 = CARTESIAN_POINT ( 'NONE',  ( 4.699999975562097809, 8.101009032218149386, -0.1625000000000000333 ) ) ;
#3809 = ADVANCED_FACE ( 'NONE', ( #2048 ), #1401, .T. ) ;
#3810 = ORIENTED_EDGE ( 'NONE', *, *, #457, .T. ) ;
#3811 = PLANE ( 'NONE',  #2755 ) ;
#3812 = ORIENTED_EDGE ( 'NONE', *, *, #358, .F. ) ;
#3813 = LINE ( 'NONE', #893, #367 ) ;
#3814 = FACE_OUTER_BOUND ( 'NONE', #2028, .T. ) ;
#3815 = EDGE_CURVE ( 'NONE', #1859, #1315, #118, .T. ) ;
#3816 = EDGE_LOOP ( 'NONE', ( #3547, #1101, #2580, #1838, #3734, #3942 ) ) ;
#3817 = EDGE_LOOP ( 'NONE', ( #3875, #732, #4085, #2821 ) ) ;
#3818 = CARTESIAN_POINT ( 'NONE',  ( 1.999999975562100074, 0.0000000000000000000, 1.149999999999999911 ) ) ;
#3819 = DIRECTION ( 'NONE',  ( 0.0000000000000000000, 1.000000000000000000, 0.0000000000000000000 ) ) ;
#3820 = ORIENTED_EDGE ( 'NONE', *, *, #4118, .F. ) ;
#3821 = CARTESIAN_POINT ( 'NONE',  ( 2.162499975562099941, 8.650504516109080555, 0.6999999999999999556 ) ) ;
#3822 = DIRECTION ( 'NONE',  ( 0.0000000000000000000, -0.0000000000000000000, 1.000000000000000000 ) ) ;
#3823 = CARTESIAN_POINT ( 'NONE',  ( -4.700000024437909651, 9.199999999999999289, -0.3249999957875560064 ) ) ;
#3824 = ORIENTED_EDGE ( 'NONE', *, *, #2899, .F. ) ;
#3825 = DIRECTION ( 'NONE',  ( 0.0000000000000000000, 0.0000000000000000000, 1.000000000000000000 ) ) ;
#3826 = ORIENTED_EDGE ( 'NONE', *, *, #872, .T. ) ;
#3827 = CARTESIAN_POINT ( 'NONE',  ( 2.399999999999999911, 11.00000000000000000, 1.665334536937730077E-15 ) ) ;
#3828 = ORIENTED_EDGE ( 'NONE', *, *, #2227, .T. ) ;
#3829 = PLANE ( 'NONE',  #1928 ) ;
#3830 = EDGE_CURVE ( 'NONE', #830, #2737, #2794, .T. ) ;
#3831 = DIRECTION ( 'NONE',  ( 0.8660254037844380415, -0.5000000000000009992, 0.0000000000000000000 ) ) ;
#3832 = ORIENTED_EDGE ( 'NONE', *, *, #1525, .T. ) ;
#3833 = COLOUR_RGB ( '',0.9529411764705881804, 0.8980392156862745390, 0.6549019607843137303 ) ;
#3834 = CARTESIAN_POINT ( 'NONE',  ( -2.325000024437899881, 8.101009032218149386, 1.800000000000001377 ) ) ;
#3835 = EDGE_CURVE ( 'NONE', #542, #3837, #3197, .T. ) ;
#3836 = LINE ( 'NONE', #1197, #3939 ) ;
#3837 = VERTEX_POINT ( 'NONE', #2855 ) ;
#3838 = AXIS2_PLACEMENT_3D ( 'NONE', #2193, #3501, #3781 ) ;
#3839 = VECTOR ( 'NONE', #3483, 1000.000000000000000 ) ;
#3840 = CARTESIAN_POINT ( 'NONE',  ( -2.300000024437899970, 4.200000000000000178, -1.600000000000000089 ) ) ;
#3841 = EDGE_CURVE ( 'NONE', #3040, #4059, #858, .T. ) ;
#3842 = CARTESIAN_POINT ( 'NONE',  ( 1.999999975562100074, 4.200000000000000178, -1.000000000000000000 ) ) ;
#3843 = LINE ( 'NONE', #3546, #3456 ) ;
#3844 = AXIS2_PLACEMENT_3D ( 'NONE', #3559, #639, #1962 ) ;
#3845 = AXIS2_PLACEMENT_3D ( 'NONE', #946, #3934, #2903 ) ;
#3846 = ORIENTED_EDGE ( 'NONE', *, *, #3612, .F. ) ;
#3847 = CARTESIAN_POINT ( 'NONE',  ( 5.349999975562099941, 1.889999999999999902, 0.0000000000000000000 ) ) ;
#3848 = CARTESIAN_POINT ( 'NONE',  ( -2.000000024437909918, 1.889999999999999902, 1.149999999999999911 ) ) ;
#3849 = VECTOR ( 'NONE', #1544, 1000.000000000000000 ) ;
#3850 = ORIENTED_EDGE ( 'NONE', *, *, #1165, .T. ) ;
#3851 = CARTESIAN_POINT ( 'NONE',  ( -2.399999999999999911, 11.00000000000000178, 2.500000000000000000 ) ) ;
#3852 = ORIENTED_EDGE ( 'NONE', *, *, #1288, .T. ) ;
#3853 = CARTESIAN_POINT ( 'NONE',  ( 2.399999999999999467, 0.0000000000000000000, 3.399999999999999467 ) ) ;
#3854 = DIRECTION ( 'NONE',  ( -1.000000000000000000, 0.0000000000000000000, 0.0000000000000000000 ) ) ;
#3855 = VECTOR ( 'NONE', #3445, 1000.000000000000000 ) ;
#3856 = EDGE_LOOP ( 'NONE', ( #3440, #2804, #2445, #3868 ) ) ;
#3857 = EDGE_CURVE ( 'NONE', #410, #1998, #4156, .T. ) ;
#3858 = VECTOR ( 'NONE', #2541, 1000.000000000000000 ) ;
#3859 = CARTESIAN_POINT ( 'NONE',  ( 4.899999975562089993, 4.200000000000000178, -0.2999999999999999889 ) ) ;
#3860 = DIRECTION ( 'NONE',  ( -0.0000000000000000000, 0.3420201433256691015, 0.9396926207859083169 ) ) ;
#3861 = VECTOR ( 'NONE', #712, 1000.000000000000000 ) ;
#3862 = ORIENTED_EDGE ( 'NONE', *, *, #1530, .T. ) ;
#3863 = EDGE_CURVE ( 'NONE', #3194, #299, #1523, .T. ) ;
#3864 = DIRECTION ( 'NONE',  ( -0.0000000000000000000, -1.000000000000000000, -0.0000000000000000000 ) ) ;
#3865 = DIRECTION ( 'NONE',  ( 0.0000000000000000000, 0.0000000000000000000, 1.000000000000000000 ) ) ;
#3866 = CARTESIAN_POINT ( 'NONE',  ( -5.800000024437910184, 4.200000000000000178, 0.2999999999999999889 ) ) ;
#3867 = CARTESIAN_POINT ( 'NONE',  ( 2.149999975562100207, -4.799999999999999822, -1.000000000000000444 ) ) ;
#3868 = ORIENTED_EDGE ( 'NONE', *, *, #984, .T. ) ;
#3869 = ADVANCED_FACE ( 'NONE', ( #2811 ), #2498, .T. ) ;
#3870 = FACE_OUTER_BOUND ( 'NONE', #3792, .T. ) ;
#3871 = DIRECTION ( 'NONE',  ( 0.0000000000000000000, 0.0000000000000000000, -1.000000000000000000 ) ) ;
#3872 = ADVANCED_FACE ( 'NONE', ( #881 ), #240, .F. ) ;
#3873 = ORIENTED_EDGE ( 'NONE', *, *, #3467, .T. ) ;
#3874 = CARTESIAN_POINT ( 'NONE',  ( 5.499999975562100296, -4.799999999999999822, 0.0000000000000000000 ) ) ;
#3875 = ORIENTED_EDGE ( 'NONE', *, *, #2238, .F. ) ;
#3876 = CARTESIAN_POINT ( 'NONE',  ( -4.700000024437909651, 4.200000000000000178, 0.3250000042124440158 ) ) ;
#3877 = CARTESIAN_POINT ( 'NONE',  ( 5.999999975562100296, 4.200000000000000178, 0.3250000000000000666 ) ) ;
#3878 =( NAMED_UNIT ( * ) PLANE_ANGLE_UNIT ( ) SI_UNIT ( $, .RADIAN. ) );
#3879 = ORIENTED_EDGE ( 'NONE', *, *, #2532, .F. ) ;
#3880 = ORIENTED_EDGE ( 'NONE', *, *, #1405, .F. ) ;
#3881 = DIRECTION ( 'NONE',  ( 0.0000000000000000000, -1.000000000000000000, 0.0000000000000000000 ) ) ;
#3882 = CARTESIAN_POINT ( 'NONE',  ( -5.100000024437900237, 9.200000000000002842, 0.1625000042124440380 ) ) ;
#3883 = ADVANCED_FACE ( 'NONE', ( #1903 ), #4173, .T. ) ;
#3884 = ORIENTED_EDGE ( 'NONE', *, *, #2167, .F. ) ;
#3885 = CARTESIAN_POINT ( 'NONE',  ( -6.950000024437909651, 11.00000000000000000, 2.499999999999998668 ) ) ;
#3886 = LINE ( 'NONE', #3129, #3229 ) ;
#3887 = DIRECTION ( 'NONE',  ( 0.0000000000000000000, 0.9396926207859085389, 0.3420201433256684354 ) ) ;
#3888 = CARTESIAN_POINT ( 'NONE',  ( -4.900000024437900059, -4.800000000000000711, 0.2999999999999999889 ) ) ;
#3889 = EDGE_CURVE ( 'NONE', #511, #3074, #2212, .T. ) ;
#3890 = EDGE_LOOP ( 'NONE', ( #3329, #2147, #808, #3824 ) ) ;
#3891 = CARTESIAN_POINT ( 'NONE',  ( -7.850000024437909119, 0.4000000000000000777, -2.985786437626904100 ) ) ;
#3892 =( LENGTH_UNIT ( ) NAMED_UNIT ( * ) SI_UNIT ( .MILLI., .METRE. ) );
#3893 = EDGE_CURVE ( 'NONE', #50, #3631, #2471, .T. ) ;
#3894 = EDGE_LOOP ( 'NONE', ( #779, #1205, #242, #981 ) ) ;
#3895 = CARTESIAN_POINT ( 'NONE',  ( -1.700000024437900104, 4.200000000000000178, -1.599999999999999867 ) ) ;
#3896 = CARTESIAN_POINT ( 'NONE',  ( -4.900000024437900059, 4.200000000000000178, -0.2999999999999999889 ) ) ;
#3897 = CARTESIAN_POINT ( 'NONE',  ( 6.949999975562099586, 11.00000000000000000, 1.665334536937730077E-15 ) ) ;
#3898 = CARTESIAN_POINT ( 'NONE',  ( 2.299999975562100119, 4.200000000000000178, 0.6999999999999990674 ) ) ;
#3899 = EDGE_CURVE ( 'NONE', #343, #3028, #3836, .T. ) ;
#3900 = ORIENTED_EDGE ( 'NONE', *, *, #2248, .T. ) ;
#3901 = ORIENTED_EDGE ( 'NONE', *, *, #3638, .F. ) ;
#3902 = DIRECTION ( 'NONE',  ( 0.8660254037844380415, -0.5000000000000009992, 0.0000000000000000000 ) ) ;
#3903 = FACE_OUTER_BOUND ( 'NONE', #1577, .T. ) ;
#3904 = DIRECTION ( 'NONE',  ( -0.0000000000000000000, -0.0000000000000000000, -1.000000000000000000 ) ) ;
#3905 = ORIENTED_EDGE ( 'NONE', *, *, #1480, .F. ) ;
#3906 = LINE ( 'NONE', #1289, #1063 ) ;
#3907 = DIRECTION ( 'NONE',  ( -0.0000000000000000000, -1.000000000000000000, -0.0000000000000000000 ) ) ;
#3908 = CIRCLE ( 'NONE', #1183, 0.1499999999999999667 ) ;
#3909 = CARTESIAN_POINT ( 'NONE',  ( 1.999999975562100074, 1.889999999999999902, -1.300000000000000044 ) ) ;
#3910 = CARTESIAN_POINT ( 'NONE',  ( -2.000000024437900148, 4.200000000000000178, 1.149999999999999911 ) ) ;
#3911 = ORIENTED_EDGE ( 'NONE', *, *, #2738, .T. ) ;
#3912 = VECTOR ( 'NONE', #68, 1000.000000000000000 ) ;
#3913 = VECTOR ( 'NONE', #1122, 1000.000000000000000 ) ;
#3914 = LINE ( 'NONE', #2012, #3977 ) ;
#3915 = VECTOR ( 'NONE', #968, 1000.000000000000000 ) ;
#3916 = AXIS2_PLACEMENT_3D ( 'NONE', #513, #1477, #490 ) ;
#3917 = ORIENTED_EDGE ( 'NONE', *, *, #2505, .F. ) ;
#3918 = ADVANCED_FACE ( 'NONE', ( #282 ), #554, .T. ) ;
#3919 = VECTOR ( 'NONE', #3108, 1000.000000000000000 ) ;
#3920 = DIRECTION ( 'NONE',  ( 0.0000000000000000000, 0.0000000000000000000, -1.000000000000000000 ) ) ;
#3921 = EDGE_LOOP ( 'NONE', ( #1770, #2515, #1370, #4030, #2731, #3924 ) ) ;
#3922 = LINE ( 'NONE', #702, #434 ) ;
#3923 = LINE ( 'NONE', #2619, #2769 ) ;
#3924 = ORIENTED_EDGE ( 'NONE', *, *, #2210, .F. ) ;
#3925 = ORIENTED_EDGE ( 'NONE', *, *, #69, .F. ) ;
#3926 = EDGE_CURVE ( 'NONE', #2970, #2447, #2874, .T. ) ;
#3927 = CARTESIAN_POINT ( 'NONE',  ( 1.999999975562100074, 9.199999999999999289, 1.399999999999999911 ) ) ;
#3928 = DIRECTION ( 'NONE',  ( 2.220446049250310123E-16, 0.0000000000000000000, -1.000000000000000000 ) ) ;
#3929 = VECTOR ( 'NONE', #2652, 1000.000000000000000 ) ;
#3930 = DIRECTION ( 'NONE',  ( -1.000000000000000000, 0.0000000000000000000, -2.220446049250310123E-16 ) ) ;
#3931 = AXIS2_PLACEMENT_3D ( 'NONE', #1446, #4084, #124 ) ;
#3932 = ORIENTED_EDGE ( 'NONE', *, *, #1990, .F. ) ;
#3933 = FILL_AREA_STYLE_COLOUR ( '', #2969 ) ;
#3934 = DIRECTION ( 'NONE',  ( 1.922962686383560119E-16, -0.5000000000000009992, -0.8660254037844380415 ) ) ;
#3935 = VECTOR ( 'NONE', #1506, 1000.000000000000000 ) ;
#3936 = CARTESIAN_POINT ( 'NONE',  ( -6.000000024437910362, 4.200000000000000178, -0.3249999957875560064 ) ) ;
#3937 = CARTESIAN_POINT ( 'NONE',  ( 5.551115123125779744E-16, 8.699999999999999289, 2.500000000000000000 ) ) ;
#3938 = ORIENTED_EDGE ( 'NONE', *, *, #3230, .T. ) ;
#3939 = VECTOR ( 'NONE', #3439, 1000.000000000000000 ) ;
#3940 = VECTOR ( 'NONE', #2184, 1000.000000000000000 ) ;
#3941 = EDGE_CURVE ( 'NONE', #1847, #1783, #1858, .T. ) ;
#3942 = ORIENTED_EDGE ( 'NONE', *, *, #3203, .F. ) ;
#3943 = FACE_OUTER_BOUND ( 'NONE', #2989, .T. ) ;
#3944 = CARTESIAN_POINT ( 'NONE',  ( 1.674999975562099896, 8.101009032218149386, 0.4999999999999987232 ) ) ;
#3945 = DIRECTION ( 'NONE',  ( -1.000000000000000000, 0.0000000000000000000, 1.441848083928770031E-16 ) ) ;
#3946 = CARTESIAN_POINT ( 'NONE',  ( -6.000000024437906809, 8.101009032218147610, 0.3249999957875560064 ) ) ;
#3947 = EDGE_CURVE ( 'NONE', #1424, #1524, #3180, .T. ) ;
#3948 = ORIENTED_EDGE ( 'NONE', *, *, #3266, .T. ) ;
#3949 = DIRECTION ( 'NONE',  ( -0.0000000000000000000, 0.0000000000000000000, 1.000000000000000000 ) ) ;
#3950 = DIRECTION ( 'NONE',  ( 2.220446049250310123E-16, -0.0000000000000000000, -1.000000000000000000 ) ) ;
#3951 = CARTESIAN_POINT ( 'NONE',  ( -1.700000024437900104, 4.200000000000000178, 1.600000000000000089 ) ) ;
#3952 = ADVANCED_FACE ( 'NONE', ( #3151 ), #2834, .T. ) ;
#3953 = ORIENTED_EDGE ( 'NONE', *, *, #1686, .T. ) ;
#3954 = LINE ( 'NONE', #3589, #3929 ) ;
#3955 = LINE ( 'NONE', #3613, #3160 ) ;
#3956 = LINE ( 'NONE', #3971, #1758 ) ;
#3957 = ORIENTED_EDGE ( 'NONE', *, *, #227, .T. ) ;
#3958 = DIRECTION ( 'NONE',  ( 0.0000000000000000000, -1.000000000000000000, 0.0000000000000000000 ) ) ;
#3959 =( NAMED_UNIT ( * ) SI_UNIT ( $, .STERADIAN. ) SOLID_ANGLE_UNIT ( ) );
#3960 = ORIENTED_EDGE ( 'NONE', *, *, #1082, .F. ) ;
#3961 = CARTESIAN_POINT ( 'NONE',  ( 4.899999975562089993, -4.280384757729341239, -0.3000000000000000444 ) ) ;
#3962 = ORIENTED_EDGE ( 'NONE', *, *, #2819, .T. ) ;
#3963 = CARTESIAN_POINT ( 'NONE',  ( 6.949999975562099586, 4.200000000000000178, -2.500000000000000000 ) ) ;
#3964 = VERTEX_POINT ( 'NONE', #221 ) ;
#3965 = DIRECTION ( 'NONE',  ( -1.000000000000000000, 0.0000000000000000000, 0.0000000000000000000 ) ) ;
#3966 = CARTESIAN_POINT ( 'NONE',  ( 1.699999975562100030, 4.200000000000000178, 1.600000000000000089 ) ) ;
#3967 = LINE ( 'NONE', #92, #1622 ) ;
#3968 = ORIENTED_EDGE ( 'NONE', *, *, #2303, .F. ) ;
#3969 = ADVANCED_FACE ( 'NONE', ( #4138 ), #262, .T. ) ;
#3970 = CARTESIAN_POINT ( 'NONE',  ( 1.699999975562092702, 4.200000000000000178, -0.7000000000000009548 ) ) ;
#3971 = CARTESIAN_POINT ( 'NONE',  ( -6.950000024437909651, 0.0000000000000000000, -2.500000000000000000 ) ) ;
#3972 = ORIENTED_EDGE ( 'NONE', *, *, #3345, .T. ) ;
#3973 = VECTOR ( 'NONE', #3747, 1000.000000000000000 ) ;
#3974 = CARTESIAN_POINT ( 'NONE',  ( -7.450000024437909651, 0.0000000000000000000, -2.399999999999999911 ) ) ;
#3975 =( NAMED_UNIT ( * ) SI_UNIT ( $, .STERADIAN. ) SOLID_ANGLE_UNIT ( ) );
#3976 =( GEOMETRIC_REPRESENTATION_CONTEXT ( 3 ) GLOBAL_UNCERTAINTY_ASSIGNED_CONTEXT ( ( #4010 ) ) GLOBAL_UNIT_ASSIGNED_CONTEXT ( ( #3892, #716, #3959 ) ) REPRESENTATION_CONTEXT ( 'NONE', 'WORKASPACE' ) );
#3977 = VECTOR ( 'NONE', #3296, 1000.000000000000000 ) ;
#3978 = CARTESIAN_POINT ( 'NONE',  ( 1.674999975562099896, 9.199999999999999289, 0.8999999999999996891 ) ) ;
#3979 =( BOUNDED_SURFACE ( )  B_SPLINE_SURFACE ( 3, 3, ( 
 ( #1472, #402, #2761, #3680 ),
 ( #1772, #742, #440, #2721 ),
 ( #2119, #758, #4021, #4001 ),
 ( #1706, #2993, #1064, #85 ) ),
 .UNSPECIFIED., .F., .F., .T. ) 
 B_SPLINE_SURFACE_WITH_KNOTS ( ( 4, 4 ),
 ( 4, 4 ),
 ( 0.0000000000000000000, 1.000000000000000000 ),
 ( 0.0000000000000000000, 1.000000000000000000 ),
 .UNSPECIFIED. ) 
 GEOMETRIC_REPRESENTATION_ITEM ( )  RATIONAL_B_SPLINE_SURFACE ( (
 ( 1.000000000000000000, 0.8047378541243648264, 0.8047378541243648264, 1.000000000000000000),
 ( 0.8047378541243646044, 0.6476030138606873043, 0.6476030138606873043, 0.8047378541243646044),
 ( 0.8047378541243646044, 0.6476030138606873043, 0.6476030138606873043, 0.8047378541243646044),
 ( 1.000000000000000000, 0.8047378541243648264, 0.8047378541243648264, 1.000000000000000000) ) ) 
 REPRESENTATION_ITEM ( '' )  SURFACE ( )  );
#3980 = ORIENTED_EDGE ( 'NONE', *, *, #1556, .T. ) ;
#3981 = VECTOR ( 'NONE', #2540, 1000.000000000000000 ) ;
#3982 = CIRCLE ( 'NONE', #2622, 1.000000000000000222 ) ;
#3983 = AXIS2_PLACEMENT_3D ( 'NONE', #468, #746, #1752 ) ;
#3984 = VERTEX_POINT ( 'NONE', #3586 ) ;
#3985 = CARTESIAN_POINT ( 'NONE',  ( -6.950000024437909651, 11.00000000000000000, 1.665334536937730077E-15 ) ) ;
#3986 = DIRECTION ( 'NONE',  ( 0.0000000000000000000, 0.0000000000000000000, -1.000000000000000000 ) ) ;
#3987 = ORIENTED_EDGE ( 'NONE', *, *, #1992, .F. ) ;
#3988 = VECTOR ( 'NONE', #2211, 1000.000000000000000 ) ;
#3989 = LINE ( 'NONE', #1051, #1198 ) ;
#3990 = DIRECTION ( 'NONE',  ( -0.5000000000000145439, -0.8660254037844301589, 0.0000000000000000000 ) ) ;
#3991 = LINE ( 'NONE', #414, #1554 ) ;
#3992 = AXIS2_PLACEMENT_3D ( 'NONE', #2253, #3831, #2207 ) ;
#3993 = EDGE_CURVE ( 'NONE', #1703, #1581, #1356, .T. ) ;
#3994 = ORIENTED_EDGE ( 'NONE', *, *, #1157, .F. ) ;
#3995 = VECTOR ( 'NONE', #3782, 1000.000000000000000 ) ;
#3996 = CARTESIAN_POINT ( 'NONE',  ( -1.675000024437900192, 4.200000000000000178, -0.5000000000000000000 ) ) ;
#3997 = LINE ( 'NONE', #1427, #3568 ) ;
#3998 = ADVANCED_FACE ( 'NONE', ( #963 ), #2325, .T. ) ;
#3999 = VECTOR ( 'NONE', #2364, 1000.000000000000000 ) ;
#4000 = VERTEX_POINT ( 'NONE', #1921 ) ;
#4001 = CARTESIAN_POINT ( 'NONE',  ( 6.849999975562099941, 0.1656854249492377695, 3.400000000000002576 ) ) ;
#4002 = FACE_OUTER_BOUND ( 'NONE', #607, .T. ) ;
#4003 = VECTOR ( 'NONE', #3472, 1000.000000000000000 ) ;
#4004 = CARTESIAN_POINT ( 'NONE',  ( -2.300000024437910628, 4.200000000000000178, -0.6999999999999991784 ) ) ;
#4005 = ADVANCED_FACE ( 'NONE', ( #3539 ), #2669, .T. ) ;
#4006 = ORIENTED_EDGE ( 'NONE', *, *, #872, .F. ) ;
#4007 = LINE ( 'NONE', #3409, #1684 ) ;
#4008 = ORIENTED_EDGE ( 'NONE', *, *, #3752, .F. ) ;
#4009 = DIRECTION ( 'NONE',  ( 0.0000000000000000000, 0.8660254037844380415, -0.5000000000000009992 ) ) ;
#4010 = UNCERTAINTY_MEASURE_WITH_UNIT (LENGTH_MEASURE( 1.000000000000000082E-05 ), #3892, 'distance_accuracy_value', 'NONE');
#4011 = VERTEX_POINT ( 'NONE', #985 ) ;
#4012 =( NAMED_UNIT ( * ) SI_UNIT ( $, .STERADIAN. ) SOLID_ANGLE_UNIT ( ) );
#4013 = DIRECTION ( 'NONE',  ( 1.000000000000000000, 0.0000000000000000000, 2.220446049250310123E-16 ) ) ;
#4014 = LINE ( 'NONE', #2695, #3249 ) ;
#4015 = VERTEX_POINT ( 'NONE', #390 ) ;
#4016 = CARTESIAN_POINT ( 'NONE',  ( -2.300000024437910628, -4.280384757729341239, -0.6999999999999992895 ) ) ;
#4017 = EDGE_CURVE ( 'NONE', #975, #1309, #2650, .T. ) ;
#4018 = PLANE ( 'NONE',  #3636 ) ;
#4019 = CARTESIAN_POINT ( 'NONE',  ( 1.999999975562100074, 1.889999999999999902, -1.000000000000000000 ) ) ;
#4020 = ORIENTED_EDGE ( 'NONE', *, *, #1374, .F. ) ;
#4021 = CARTESIAN_POINT ( 'NONE',  ( 7.435786413189004129, 0.1656854249492377695, 3.400000000000002576 ) ) ;
#4022 = CARTESIAN_POINT ( 'NONE',  ( -1.675000024437900192, 4.200000000000000178, 1.800000000000000266 ) ) ;
#4023 = DIRECTION ( 'NONE',  ( 1.000000000000000000, -0.0000000000000000000, -1.441848083928770031E-16 ) ) ;
#4024 = ORIENTED_EDGE ( 'NONE', *, *, #374, .F. ) ;
#4025 = DIRECTION ( 'NONE',  ( 0.0000000000000000000, -1.000000000000000000, 0.0000000000000000000 ) ) ;
#4026 = ORIENTED_EDGE ( 'NONE', *, *, #1691, .F. ) ;
#4027 = EDGE_CURVE ( 'NONE', #1529, #923, #1143, .T. ) ;
#4028 = DIRECTION ( 'NONE',  ( 0.0000000000000000000, -1.000000000000000000, 0.0000000000000000000 ) ) ;
#4029 = PLANE ( 'NONE',  #2570 ) ;
#4030 = ORIENTED_EDGE ( 'NONE', *, *, #345, .F. ) ;
#4031 = PLANE ( 'NONE',  #847 ) ;
#4032 = CARTESIAN_POINT ( 'NONE',  ( 2.324999975562100030, 4.200000000000000178, 0.5000000000000000000 ) ) ;
#4033 = ORIENTED_EDGE ( 'NONE', *, *, #4017, .F. ) ;
#4034 = FACE_OUTER_BOUND ( 'NONE', #1512, .T. ) ;
#4035 = LINE ( 'NONE', #163, #3298 ) ;
#4036 = CARTESIAN_POINT ( 'NONE',  ( 1.699999975562095145, -4.800000000000000711, -1.000000000000000000 ) ) ;
#4037 = ORIENTED_EDGE ( 'NONE', *, *, #120, .F. ) ;
#4038 = EDGE_CURVE ( 'NONE', #956, #288, #1652, .T. ) ;
#4039 = VECTOR ( 'NONE', #2399, 1000.000000000000000 ) ;
#4040 = LINE ( 'NONE', #484, #1261 ) ;
#4041 = MANIFOLD_SOLID_BREP ( 'K\X\F6rper4', #376 ) ;
#4042 = CARTESIAN_POINT ( 'NONE',  ( -2.443790392270270082E-08, 11.00000000000000000, 1.665334536937730077E-15 ) ) ;
#4043 = STYLED_ITEM ( 'NONE', ( #2973 ), #1355 ) ;
#4044 = ADVANCED_FACE ( 'NONE', ( #3311 ), #4200, .T. ) ;
#4045 = ORIENTED_EDGE ( 'NONE', *, *, #2359, .F. ) ;
#4046 = CIRCLE ( 'NONE', #3019, 0.1499999999999999667 ) ;
#4047 = AXIS2_PLACEMENT_3D ( 'NONE', #1473, #759, #2762 ) ;
#4048 = ORIENTED_EDGE ( 'NONE', *, *, #4164, .F. ) ;
#4049 = CARTESIAN_POINT ( 'NONE',  ( -5.350000024437900237, 4.200000000000000178, 0.0000000000000000000 ) ) ;
#4050 = UNCERTAINTY_MEASURE_WITH_UNIT (LENGTH_MEASURE( 1.000000000000000082E-05 ), #1242, 'distance_accuracy_value', 'NONE');
#4051 = FACE_OUTER_BOUND ( 'NONE', #1155, .T. ) ;
#4052 = AXIS2_PLACEMENT_3D ( 'NONE', #1129, #3041, #1103 ) ;
#4053 = VECTOR ( 'NONE', #837, 1000.000000000000000 ) ;
#4054 = EDGE_CURVE ( 'NONE', #3757, #1816, #328, .T. ) ;
#4055 = ORIENTED_EDGE ( 'NONE', *, *, #2892, .T. ) ;
#4056 = VECTOR ( 'NONE', #2381, 1000.000000000000000 ) ;
#4057 = DIRECTION ( 'NONE',  ( 0.0000000000000000000, 1.000000000000000000, 0.0000000000000000000 ) ) ;
#4058 = EDGE_CURVE ( 'NONE', #2118, #1469, #78, .T. ) ;
#4059 = VERTEX_POINT ( 'NONE', #2259 ) ;
#4060 = DIRECTION ( 'NONE',  ( 0.0000000000000000000, 0.0000000000000000000, 1.000000000000000000 ) ) ;
#4061 = CIRCLE ( 'NONE', #2213, 0.1499999999999999667 ) ;
#4062 = CARTESIAN_POINT ( 'NONE',  ( -2.000000024437909918, 0.0000000000000000000, 1.300000000000000044 ) ) ;
#4063 = DIRECTION ( 'NONE',  ( 0.0000000000000000000, 1.000000000000000000, -0.0000000000000000000 ) ) ;
#4064 = ORIENTED_EDGE ( 'NONE', *, *, #3899, .T. ) ;
#4065 = VECTOR ( 'NONE', #3121, 1000.000000000000000 ) ;
#4066 = CARTESIAN_POINT ( 'NONE',  ( -2.000000024437900148, -4.799999999999999822, -0.9999999999999988898 ) ) ;
#4067 = CARTESIAN_POINT ( 'NONE',  ( 2.324999975562100030, 4.200000000000000178, 0.5000000000000000000 ) ) ;
#4068 = CARTESIAN_POINT ( 'NONE',  ( -2.325000024437899881, 8.101009032218149386, -0.5000000000000000000 ) ) ;
#4069 = EDGE_CURVE ( 'NONE', #1027, #433, #3561, .T. ) ;
#4070 = VECTOR ( 'NONE', #4117, 1000.000000000000000 ) ;
#4071 = EDGE_LOOP ( 'NONE', ( #1293, #1002 ) ) ;
#4072 = PLANE ( 'NONE',  #2485 ) ;
#4073 = VERTEX_POINT ( 'NONE', #2921 ) ;
#4074 = DIRECTION ( 'NONE',  ( 0.0000000000000000000, -1.000000000000000000, 0.0000000000000000000 ) ) ;
#4075 = EDGE_CURVE ( 'NONE', #2123, #3028, #3523, .T. ) ;
#4076 = CARTESIAN_POINT ( 'NONE',  ( -1.850000024437900237, -4.540192378864669642, 1.449999999999999956 ) ) ;
#4077 = MECHANICAL_DESIGN_GEOMETRIC_PRESENTATION_REPRESENTATION (  '', ( #2096 ), #2229 ) ;
#4078 = EDGE_LOOP ( 'NONE', ( #180, #791 ) ) ;
#4079 = DIRECTION ( 'NONE',  ( -1.000000000000000000, 0.0000000000000000000, 3.535742116640630070E-17 ) ) ;
#4080 = ORIENTED_EDGE ( 'NONE', *, *, #51, .T. ) ;
#4081 = DIRECTION ( 'NONE',  ( 0.5000000000000009992, -0.8660254037844380415, 0.0000000000000000000 ) ) ;
#4082 = EDGE_CURVE ( 'NONE', #1380, #1027, #135, .T. ) ;
#4083 = CARTESIAN_POINT ( 'NONE',  ( -2.300000024437899970, -4.540192378864669642, -1.449999999999999956 ) ) ;
#4084 = DIRECTION ( 'NONE',  ( 0.0000000000000000000, 1.000000000000000000, 0.0000000000000000000 ) ) ;
#4085 = ORIENTED_EDGE ( 'NONE', *, *, #3493, .T. ) ;
#4086 = MANIFOLD_SOLID_BREP ( 'K\X\F6rper11', #2274 ) ;
#4087 = FACE_OUTER_BOUND ( 'NONE', #1878, .T. ) ;
#4088 = SURFACE_STYLE_USAGE ( .BOTH. , #2784 ) ;
#4089 = VERTEX_POINT ( 'NONE', #790 ) ;
#4090 = PLANE ( 'NONE',  #48 ) ;
#4091 = ORIENTED_EDGE ( 'NONE', *, *, #3322, .F. ) ;
#4092 = DIRECTION ( 'NONE',  ( 0.0000000000000000000, 0.0000000000000000000, 1.000000000000000000 ) ) ;
#4093 = ORIENTED_EDGE ( 'NONE', *, *, #1160, .T. ) ;
#4094 = EDGE_CURVE ( 'NONE', #2310, #950, #2044, .T. ) ;
#4095 = CARTESIAN_POINT ( 'NONE',  ( -2.325000024437899881, 8.650504516109080555, -0.6999999999999999556 ) ) ;
#4096 = ORIENTED_EDGE ( 'NONE', *, *, #4017, .T. ) ;
#4097 = EDGE_CURVE ( 'NONE', #2683, #114, #940, .T. ) ;
#4098 = DIRECTION ( 'NONE',  ( -1.000000000000000000, 0.0000000000000000000, -2.220446049250310123E-16 ) ) ;
#4099 = DIRECTION ( 'NONE',  ( -0.0000000000000000000, -1.000000000000000000, 0.0000000000000000000 ) ) ;
#4100 = CARTESIAN_POINT ( 'NONE',  ( -6.950000024437909651, 4.200000000000000178, -2.500000000000000000 ) ) ;
#4101 = ORIENTED_EDGE ( 'NONE', *, *, #2480, .T. ) ;
#4102 = ADVANCED_FACE ( 'NONE', ( #4051 ), #4029, .T. ) ;
#4103 = LINE ( 'NONE', #210, #3087 ) ;
#4104 = DIRECTION ( 'NONE',  ( 0.0000000000000000000, 0.0000000000000000000, -1.000000000000000000 ) ) ;
#4105 = ORIENTED_EDGE ( 'NONE', *, *, #2676, .T. ) ;
#4106 = DIRECTION ( 'NONE',  ( 1.000000000000000000, -0.0000000000000000000, 0.0000000000000000000 ) ) ;
#4107 = ORIENTED_EDGE ( 'NONE', *, *, #3023, .F. ) ;
#4108 = DIRECTION ( 'NONE',  ( 1.000000000000000000, -0.0000000000000000000, 0.0000000000000000000 ) ) ;
#4109 = MANIFOLD_SOLID_BREP ( 'K\X\F6rper15', #1052 ) ;
#4110 = CARTESIAN_POINT ( 'NONE',  ( -1.700000024437900104, -4.280384757729341239, -1.599999999999999645 ) ) ;
#4111 = AXIS2_PLACEMENT_3D ( 'NONE', #2864, #2824, #4186 ) ;
#4112 = CLOSED_SHELL ( 'NONE', ( #631, #3623, #2992, #3998, #4044, #2865, #1136, #2950 ) ) ;
#4113 = ORIENTED_EDGE ( 'NONE', *, *, #427, .F. ) ;
#4114 = LINE ( 'NONE', #3859, #3988 ) ;
#4115 = CIRCLE ( 'NONE', #307, 0.1499999999999999944 ) ;
#4116 = VECTOR ( 'NONE', #2943, 1000.000000000000000 ) ;
#4117 = DIRECTION ( 'NONE',  ( 0.0000000000000000000, -0.9396926207859085389, -0.3420201433256683243 ) ) ;
#4118 = EDGE_CURVE ( 'NONE', #1732, #2581, #3967, .T. ) ;
#4119 = EDGE_LOOP ( 'NONE', ( #1850, #1648, #3805, #3730 ) ) ;
#4120 = VECTOR ( 'NONE', #3552, 1000.000000000000000 ) ;
#4121 = FACE_BOUND ( 'NONE', #2408, .T. ) ;
#4122 = CARTESIAN_POINT ( 'NONE',  ( -2.300000024437899970, 4.200000000000000178, -1.600000000000000089 ) ) ;
#4123 = CYLINDRICAL_SURFACE ( 'NONE', #2772, 0.3999999999999993006 ) ;
#4124 = ORIENTED_EDGE ( 'NONE', *, *, #4128, .F. ) ;
#4125 = AXIS2_PLACEMENT_3D ( 'NONE', #280, #1605, #2873 ) ;
#4126 = PLANE ( 'NONE',  #1258 ) ;
#4127 = CARTESIAN_POINT ( 'NONE',  ( 6.849999975562099941, 7.894097067757433476E-16, -3.234314575050761142 ) ) ;
#4128 = EDGE_CURVE ( 'NONE', #597, #875, #2062, .T. ) ;
#4129 = VECTOR ( 'NONE', #2100, 1000.000000000000000 ) ;
#4130 = EDGE_LOOP ( 'NONE', ( #1120, #3603, #1801, #445 ) ) ;
#4131 = CARTESIAN_POINT ( 'NONE',  ( 1.674999975562099896, 8.101009032218149386, -0.5000000000000000000 ) ) ;
#4132 = ORIENTED_EDGE ( 'NONE', *, *, #3149, .T. ) ;
#4133 = DIRECTION ( 'NONE',  ( -0.0000000000000000000, 0.0000000000000000000, -1.000000000000000000 ) ) ;
#4134 = AXIS2_PLACEMENT_3D ( 'NONE', #1584, #3860, #576 ) ;
#4135 = VERTEX_POINT ( 'NONE', #1730 ) ;
#4136 = DIRECTION ( 'NONE',  ( 0.0000000000000000000, -1.000000000000000000, 0.0000000000000000000 ) ) ;
#4137 = AXIS2_PLACEMENT_3D ( 'NONE', #4076, #3770, #2468 ) ;
#4138 = FACE_OUTER_BOUND ( 'NONE', #3856, .T. ) ;
#4139 = ORIENTED_EDGE ( 'NONE', *, *, #2505, .T. ) ;
#4140 =( NAMED_UNIT ( * ) PLANE_ANGLE_UNIT ( ) SI_UNIT ( $, .RADIAN. ) );
#4141 = CARTESIAN_POINT ( 'NONE',  ( -4.900000024437900947, -4.280384757729342127, 0.3000000000000000444 ) ) ;
#4142 = CARTESIAN_POINT ( 'NONE',  ( -4.000000024437899704, 4.200000000000000178, -0.4499999999999990119 ) ) ;
#4143 = LINE ( 'NONE', #1925, #2154 ) ;
#4144 = EDGE_LOOP ( 'NONE', ( #2053, #3531, #4105, #828 ) ) ;
#4145 = EDGE_CURVE ( 'NONE', #2507, #2759, #3018, .T. ) ;
#4146 = MANIFOLD_SOLID_BREP ( 'K\X\F6rper2', #845 ) ;
#4147 = DIRECTION ( 'NONE',  ( 0.0000000000000000000, 0.0000000000000000000, -1.000000000000000000 ) ) ;
#4148 = SURFACE_SIDE_STYLE ('',( #3550 ) ) ;
#4149 = ORIENTED_EDGE ( 'NONE', *, *, #537, .F. ) ;
#4150 = ADVANCED_FACE ( 'NONE', ( #3814 ), #2531, .T. ) ;
#4151 = LINE ( 'NONE', #3827, #3778 ) ;
#4152 = ORIENTED_EDGE ( 'NONE', *, *, #814, .T. ) ;
#4153 = ORIENTED_EDGE ( 'NONE', *, *, #4154, .T. ) ;
#4154 = EDGE_CURVE ( 'NONE', #209, #2278, #233, .T. ) ;
#4155 = CARTESIAN_POINT ( 'NONE',  ( 7.849999975562099941, 0.0000000000000000000, 3.399999999999999911 ) ) ;
#4156 = LINE ( 'NONE', #1220, #4070 ) ;
#4157 = ORIENTED_EDGE ( 'NONE', *, *, #3425, .T. ) ;
#4158 = CARTESIAN_POINT ( 'NONE',  ( -5.350000024437910007, 4.200000000000000178, 0.2999999999999999889 ) ) ;
#4159 = DIRECTION ( 'NONE',  ( 0.0000000000000000000, 1.000000000000000000, -0.0000000000000000000 ) ) ;
#4160 = LINE ( 'NONE', #1845, #3981 ) ;
#4161 = CARTESIAN_POINT ( 'NONE',  ( 2.324999975562100030, 8.101009032218149386, 0.4999999999999989453 ) ) ;
#4162 = ORIENTED_EDGE ( 'NONE', *, *, #1546, .T. ) ;
#4163 = CARTESIAN_POINT ( 'NONE',  ( -7.850000024437909119, 11.00000000000000000, 3.399999999999999911 ) ) ;
#4164 = EDGE_CURVE ( 'NONE', #2856, #3675, #3112, .T. ) ;
#4165 = VERTEX_POINT ( 'NONE', #4110 ) ;
#4166 = DIRECTION ( 'NONE',  ( -1.000000000000000000, 0.0000000000000000000, -1.797123601011940016E-16 ) ) ;
#4167 = ORIENTED_EDGE ( 'NONE', *, *, #2764, .F. ) ;
#4168 = PLANE ( 'NONE',  #1395 ) ;
#4169 = DIRECTION ( 'NONE',  ( -0.5000000000000026645, 0.8660254037844371533, 0.0000000000000000000 ) ) ;
#4170 = EDGE_LOOP ( 'NONE', ( #439, #2221, #2896, #644 ) ) ;
#4171 = EDGE_LOOP ( 'NONE', ( #3496, #22, #3932, #662 ) ) ;
#4172 = DIRECTION ( 'NONE',  ( 1.000000000000000000, 0.0000000000000000000, -0.0000000000000000000 ) ) ;
#4173 = CYLINDRICAL_SURFACE ( 'NONE', #2775, 0.4000000000000001887 ) ;
#4174 = VECTOR ( 'NONE', #3007, 1000.000000000000000 ) ;
#4175 = AXIS2_PLACEMENT_3D ( 'NONE', #336, #1316, #2610 ) ;
#4176 = ORIENTED_EDGE ( 'NONE', *, *, #2480, .F. ) ;
#4177 = SURFACE_STYLE_USAGE ( .BOTH. , #2216 ) ;
#4178 = AXIS2_PLACEMENT_3D ( 'NONE', #1863, #1269, #2879 ) ;
#4179 = AXIS2_PLACEMENT_3D ( 'NONE', #902, #265, #3181 ) ;
#4180 = DIRECTION ( 'NONE',  ( -2.220446049250310123E-16, 0.0000000000000000000, 1.000000000000000000 ) ) ;
#4181 = FACE_OUTER_BOUND ( 'NONE', #292, .T. ) ;
#4182 = DIRECTION ( 'NONE',  ( -1.000000000000000000, -0.0000000000000000000, -2.220446049250310123E-16 ) ) ;
#4183 = EDGE_CURVE ( 'NONE', #1930, #1284, #3432, .T. ) ;
#4184 = ORIENTED_EDGE ( 'NONE', *, *, #3395, .F. ) ;
#4185 = DIRECTION ( 'NONE',  ( 0.0000000000000000000, 1.000000000000000000, -0.0000000000000000000 ) ) ;
#4186 = DIRECTION ( 'NONE',  ( -1.000000000000000000, 0.0000000000000000000, -0.0000000000000000000 ) ) ;
#4187 = VECTOR ( 'NONE', #3799, 1000.000000000000000 ) ;
#4188 = EDGE_LOOP ( 'NONE', ( #917, #3128, #2937, #1347, #3092, #1654 ) ) ;
#4189 = PLANE ( 'NONE',  #995 ) ;
#4190 = EDGE_LOOP ( 'NONE', ( #1918, #3153, #1974, #4139 ) ) ;
#4191 = EDGE_CURVE ( 'NONE', #2447, #1627, #854, .T. ) ;
#4192 = DIRECTION ( 'NONE',  ( 0.0000000000000000000, -0.9396926207859083169, 0.3420201433256691015 ) ) ;
#4193 = LINE ( 'NONE', #1349, #3656 ) ;
#4194 = AXIS2_PLACEMENT_3D ( 'NONE', #2116, #2052, #1828 ) ;
#4195 = ORIENTED_EDGE ( 'NONE', *, *, #740, .T. ) ;
#4196 = EDGE_LOOP ( 'NONE', ( #1021, #3214, #3879, #960, #1707, #1665, #3994, #3832 ) ) ;
#4197 = AXIS2_PLACEMENT_3D ( 'NONE', #4032, #3674, #751 ) ;
#4198 = DIRECTION ( 'NONE',  ( -0.0000000000000000000, 0.9396926207859083169, -0.3420201433256691015 ) ) ;
#4199 = EDGE_CURVE ( 'NONE', #1498, #2523, #1212, .T. ) ;
#4200 = PLANE ( 'NONE',  #125 ) ;
#4201 = VERTEX_POINT ( 'NONE', #2494 ) ;
#4202 = CARTESIAN_POINT ( 'NONE',  ( 3.999999975562099408, 0.0000000000000000000, -2.500000000000000000 ) ) ;
#4203 = EDGE_CURVE ( 'NONE', #3028, #3446, #2449, .T. ) ;
#4204 = DIRECTION ( 'NONE',  ( 0.0000000000000000000, 0.0000000000000000000, -1.000000000000000000 ) ) ;
#4205 = DIRECTION ( 'NONE',  ( 0.0000000000000000000, 0.0000000000000000000, 1.000000000000000000 ) ) ;
#4206 = LINE ( 'NONE', #1292, #2499 ) ;
ENDSEC;
END-ISO-10303-21;
