ISO-10303-21;
HEADER;
FILE_DESCRIPTION (( 'STEP AP214' ),
    '1' );
FILE_NAME ('keystone-PN3557.STEP',
    '2023-04-20T16:47:05',
    ( '' ),
    ( '' ),
    'SwSTEP 2.0',
    'SolidWorks 2021',
    '' );
FILE_SCHEMA (( 'AUTOMOTIVE_DESIGN' ));
ENDSEC;

DATA;
#1 = CARTESIAN_POINT ( 'NONE',  ( 0.05820701701425482627, 0.08927532069642873935, 0.07888097325551589323 ) ) ;
#2 = PLANE ( 'NONE',  #1328 ) ;
#3 = FACE_OUTER_BOUND ( 'NONE', #2668, .T. ) ;
#4 = CARTESIAN_POINT ( 'NONE',  ( -0.05820701701425484709, 0.09872467930357124721, 0.07888097325551590711 ) ) ;
#5 = CARTESIAN_POINT ( 'NONE',  ( -0.02886311778198095632, 0.2219999999999999751, 0.1519115809244790116 ) ) ;
#6 = EDGE_LOOP ( 'NONE', ( #2198, #940, #2194 ) ) ;
#7 = VERTEX_POINT ( 'NONE', #1999 ) ;
#8 = FACE_OUTER_BOUND ( 'NONE', #327, .T. ) ;
#9 = VERTEX_POINT ( 'NONE', #1167 ) ;
#10 = CARTESIAN_POINT ( 'NONE',  ( 0.04499999999999999833, 0.3740192378864669043, 0.1539999999999999702 ) ) ;
#11 = CARTESIAN_POINT ( 'NONE',  ( 0.05867589399233518604, 0.1114206575759040113, 0.06202161903426993417 ) ) ;
#12 = EDGE_LOOP ( 'NONE', ( #1225, #1611, #1056, #109, #1391, #1211 ) ) ;
#13 = DIRECTION ( 'NONE',  ( -1.388134143122087506E-16, -1.224646799147353207E-16, -1.000000000000000000 ) ) ;
#14 = LINE ( 'NONE', #844, #42 ) ;
#15 = CIRCLE ( 'NONE', #2133, 0.08747023572034699768 ) ;
#16 = DIRECTION ( 'NONE',  ( 0.000000000000000000, 1.000000000000000000, -6.829619984160659032E-16 ) ) ;
#17 = FACE_OUTER_BOUND ( 'NONE', #1582, .T. ) ;
#18 = CARTESIAN_POINT ( 'NONE',  ( -0.04400000000000001132, 0.4000000000000000222, 0.1539999999999999702 ) ) ;
#19 = ORIENTED_EDGE ( 'NONE', *, *, #2604, .F. ) ;
#20 = EDGE_LOOP ( 'NONE', ( #877, #288, #2355, #1114, #769 ) ) ;
#21 = ORIENTED_EDGE ( 'NONE', *, *, #878, .F. ) ;
#22 = DIRECTION ( 'NONE',  ( 0.000000000000000000, 1.000000000000000000, 0.000000000000000000 ) ) ;
#23 = CARTESIAN_POINT ( 'NONE',  ( 0.05900000000000002465, 0.4000000000000000222, 0.03200000000000000067 ) ) ;
#24 = CARTESIAN_POINT ( 'NONE',  ( -0.05806666666082013761, 0.09400000000000001410, 0.06202161903426994805 ) ) ;
#25 = ORIENTED_EDGE ( 'NONE', *, *, #1638, .T. ) ;
#26 = CARTESIAN_POINT ( 'NONE',  ( 0.04953937537483233539, 0.08720631335649717264, 0.05533812808711993658 ) ) ;
#27 = ADVANCED_FACE ( 'NONE', ( #1988, #2629 ), #1190, .T. ) ;
#28 = AXIS2_PLACEMENT_3D ( 'NONE', #729, #741, #2552 ) ;
#29 = CARTESIAN_POINT ( 'NONE',  ( -0.04953937537483234926, 0.08720631335649714488, 0.05533812808711992964 ) ) ;
#30 = EDGE_CURVE ( 'NONE', #1767, #1523, #1154, .T. ) ;
#31 = CARTESIAN_POINT ( 'NONE',  ( -0.05900000000000003852, 0.1900000000000000300, 0.08000000000000000167 ) ) ;
#32 = DIRECTION ( 'NONE',  ( 0.000000000000000000, 0.000000000000000000, 1.000000000000000000 ) ) ;
#33 = CARTESIAN_POINT ( 'NONE',  ( -0.01300000000000000461, 0.000000000000000000, 0.04260660171779821065 ) ) ;
#34 = ORIENTED_EDGE ( 'NONE', *, *, #439, .F. ) ;
#35 = AXIS2_PLACEMENT_3D ( 'NONE', #249, #888, #96 ) ;
#36 = B_SPLINE_CURVE_WITH_KNOTS ( 'NONE', 3,
 ( #188, #2291, #1020, #1839, #2665, #1604, #438, #1648, #1263, #1036, #405, #2277, #173, #230, #2073, #216, #2233, #2500, #2439, #1811, #1010, #644, #1825, #805, #599, #2651, #1851, #1415, #2248, #2681 ),
 .UNSPECIFIED., .F., .F.,
 ( 4, 1, 2, 2, 2, 1, 2, 2, 2, 1, 2, 2, 2, 1, 2, 2, 4 ),
 ( 0.000000000000000000, 0.06249999999999988898, 0.09374999999999987510, 0.1249999999999998612, 0.2499999999999990563, 0.3124999999999986677, 0.3437499999999984457, 0.3749999999999982236, 0.4999999999999982236, 0.5624999999999982236, 0.5937499999999983347, 0.6249999999999983347, 0.7499999999999987788, 0.8124999999999990008, 0.8437499999999991118, 0.8749999999999993339, 1.000000000000000000 ),
 .UNSPECIFIED. ) ;
#37 = LINE ( 'NONE', #669, #89 ) ;
#38 = DIRECTION ( 'NONE',  ( 0.000000000000000000, 1.000000000000000000, 6.124411260078198181E-17 ) ) ;
#39 = ADVANCED_FACE ( 'NONE', ( #158 ), #774, .F. ) ;
#40 = DIRECTION ( 'NONE',  ( 0.9914448613738101601, -3.822357609611925881E-15, 0.1305261922200539881 ) ) ;
#41 = CARTESIAN_POINT ( 'NONE',  ( -0.02518848844166052606, 0.3464000000000000412, 0.1239999999999999852 ) ) ;
#42 = VECTOR ( 'NONE', #1219, 39.37007874015748143 ) ;
#43 = LINE ( 'NONE', #1692, #510 ) ;
#44 = DIRECTION ( 'NONE',  ( 0.1305261922200536273, -0.000000000000000000, -0.9914448613738101601 ) ) ;
#45 = DIRECTION ( 'NONE',  ( 1.000000000000000000, 0.000000000000000000, 0.000000000000000000 ) ) ;
#46 = CYLINDRICAL_SURFACE ( 'NONE', #968, 0.01499999999999999424 ) ;
#47 = CARTESIAN_POINT ( 'NONE',  ( -0.05899999999415343754, 0.07568752492819427746, 0.02539666889065848865 ) ) ;
#48 = ORIENTED_EDGE ( 'NONE', *, *, #540, .T. ) ;
#49 = VECTOR ( 'NONE', #2689, 39.37007874015748143 ) ;
#50 = AXIS2_PLACEMENT_3D ( 'NONE', #1000, #799, #2443 ) ;
#51 = CARTESIAN_POINT ( 'NONE',  ( -0.05900000000000002465, 0.1035508623119633237, 0.07895937771469842270 ) ) ;
#52 = CARTESIAN_POINT ( 'NONE',  ( 0.07033333332748679945, 0.1004204534280860872, 0.04918071217809776019 ) ) ;
#53 = ORIENTED_EDGE ( 'NONE', *, *, #2431, .T. ) ;
#54 = CARTESIAN_POINT ( 'NONE',  ( -0.04953937537483234232, 0.08720631335649714488, 0.06870510998141998726 ) ) ;
#55 = CARTESIAN_POINT ( 'NONE',  ( 0.06705360590979918267, 0.09400000000000001410, 0.05945104559305840197 ) ) ;
#56 = CARTESIAN_POINT ( 'NONE',  ( 0.02899999999999998065, 0.3892384159717856007, 0.1627867965644035630 ) ) ;
#57 = CARTESIAN_POINT ( 'NONE',  ( 0.07033333332748681332, 0.09400000000000001410, 0.06844207246235604891 ) ) ;
#58 =( BOUNDED_CURVE ( )  B_SPLINE_CURVE ( 3, ( #1878, #225, #1086, #2450 ),
 .UNSPECIFIED., .F., .F. ) 
 B_SPLINE_CURVE_WITH_KNOTS ( ( 4, 4 ),
 ( 0.000000000000000000, 1.000000000000000000 ),
 .UNSPECIFIED. ) 
 CURVE ( )  GEOMETRIC_REPRESENTATION_ITEM ( )  RATIONAL_B_SPLINE_CURVE ( ( 1.000000000000000000, 0.3333333333333333703, 0.3333333333333333703, 1.000000000000000000 ) ) 
 REPRESENTATION_ITEM ( '' )  );
#59 = CARTESIAN_POINT ( 'NONE',  ( -0.05899999999415345142, 0.07473863971574180864, 0.06202161903426994805 ) ) ;
#60 = ORIENTED_EDGE ( 'NONE', *, *, #1998, .F. ) ;
#61 = EDGE_CURVE ( 'NONE', #1151, #1380, #579, .T. ) ;
#62 = ORIENTED_EDGE ( 'NONE', *, *, #194, .F. ) ;
#63 = CARTESIAN_POINT ( 'NONE',  ( -0.05900000000000003159, 0.09993994812758072444, 0.08035437858504292097 ) ) ;
#64 = EDGE_CURVE ( 'NONE', #2208, #705, #1971, .T. ) ;
#65 = ADVANCED_FACE ( 'NONE', ( #948 ), #2418, .T. ) ;
#66 = CARTESIAN_POINT ( 'NONE',  ( 0.05900000000000003852, 0.1499999999999999667, 0.1300000000000000322 ) ) ;
#67 = ORIENTED_EDGE ( 'NONE', *, *, #2066, .F. ) ;
#68 = PLANE ( 'NONE',  #994 ) ;
#69 = CARTESIAN_POINT ( 'NONE',  ( -0.07033333332748679945, 0.08757954657191392711, 0.07486252589044214978 ) ) ;
#70 = DIRECTION ( 'NONE',  ( 1.000000000000000000, -0.000000000000000000, 1.388134143122087506E-16 ) ) ;
#71 = FACE_OUTER_BOUND ( 'NONE', #620, .T. ) ;
#72 = CARTESIAN_POINT ( 'NONE',  ( 0.05899999999649208765, 0.07473863971574176701, 0.06202161903426994805 ) ) ;
#73 = ORIENTED_EDGE ( 'NONE', *, *, #901, .F. ) ;
#74 = ORIENTED_EDGE ( 'NONE', *, *, #504, .T. ) ;
#75 = CARTESIAN_POINT ( 'NONE',  ( 0.06795123477111331134, 0.08893310725418954177, 0.06459219247548150800 ) ) ;
#76 = CARTESIAN_POINT ( 'NONE',  ( 0.05499999999415345481, 0.1132613602842582334, 0.06202161903426994805 ) ) ;
#77 = VERTEX_POINT ( 'NONE', #1755 ) ;
#78 = CARTESIAN_POINT ( 'NONE',  ( 0.05900000000000004546, 0.1132613602842582473, 0.06324275936549544896 ) ) ;
#79 = EDGE_CURVE ( 'NONE', #842, #264, #1782, .T. ) ;
#80 = CARTESIAN_POINT ( 'NONE',  ( 0.07033333332748679945, 0.09400000000000001410, 0.06202161903426994805 ) ) ;
#81 = CARTESIAN_POINT ( 'NONE',  ( 0.02886311778198095285, 0.2219999999999999751, 0.1519115809244790671 ) ) ;
#82 = AXIS2_PLACEMENT_3D ( 'NONE', #389, #1457, #2453 ) ;
#83 = DIRECTION ( 'NONE',  ( 0.000000000000000000, -1.000000000000000000, 0.000000000000000000 ) ) ;
#84 = AXIS2_PLACEMENT_3D ( 'NONE', #227, #1061, #1426 ) ;
#85 = ORIENTED_EDGE ( 'NONE', *, *, #2322, .F. ) ;
#86 = VERTEX_POINT ( 'NONE', #930 ) ;
#87 = CIRCLE ( 'NONE', #436, 0.01599999999999999686 ) ;
#88 = CARTESIAN_POINT ( 'NONE',  ( 0.06705360590979919655, 0.09400000000000001410, 0.06459219247548149412 ) ) ;
#89 = VECTOR ( 'NONE', #866, 39.37007874015748143 ) ;
#90 = LINE ( 'NONE', #684, #210 ) ;
#91 = ORIENTED_EDGE ( 'NONE', *, *, #2069, .F. ) ;
#92 = CARTESIAN_POINT ( 'NONE',  ( 0.06705360590979918267, 0.09400000000000001410, 0.06459219247548150800 ) ) ;
#93 = LINE ( 'NONE', #1925, #1984 ) ;
#94 = CARTESIAN_POINT ( 'NONE',  ( -0.07101157153592467519, 0.09752377796412506350, 0.06850598604244147183 ) ) ;
#95 = AXIS2_PLACEMENT_3D ( 'NONE', #961, #2433, #1381 ) ;
#96 = DIRECTION ( 'NONE',  ( 0.000000000000000000, 0.000000000000000000, -1.000000000000000000 ) ) ;
#97 = EDGE_LOOP ( 'NONE', ( #1245, #681, #1736, #1529, #1164 ) ) ;
#98 = ORIENTED_EDGE ( 'NONE', *, *, #957, .T. ) ;
#99 = CARTESIAN_POINT ( 'NONE',  ( -0.05900000000000003852, 0.07473863971574178089, 0.06324275936549550448 ) ) ;
#100 = LINE ( 'NONE', #280, #2415 ) ;
#101 = CARTESIAN_POINT ( 'NONE',  ( -0.04399999999999981010, 0.4000000000000000222, 0.01600000000000000033 ) ) ;
#102 = CARTESIAN_POINT ( 'NONE',  ( 0.06705360590979918267, 0.09661295640134726082, 0.05945104559305840197 ) ) ;
#103 = CARTESIAN_POINT ( 'NONE',  ( -0.05899999999415345142, 0.1123124750718057230, 0.09864656917788140744 ) ) ;
#104 = DIRECTION ( 'NONE',  ( 0.000000000000000000, -0.7071067811865476838, -0.7071067811865472397 ) ) ;
#105 = FACE_OUTER_BOUND ( 'NONE', #1160, .T. ) ;
#106 = EDGE_CURVE ( 'NONE', #1568, #2168, #349, .T. ) ;
#107 = AXIS2_PLACEMENT_3D ( 'NONE', #1368, #1756, #2593 ) ;
#108 = ORIENTED_EDGE ( 'NONE', *, *, #2354, .T. ) ;
#109 = ORIENTED_EDGE ( 'NONE', *, *, #504, .F. ) ;
#110 = EDGE_LOOP ( 'NONE', ( #1620, #518, #637, #136 ) ) ;
#111 = FACE_OUTER_BOUND ( 'NONE', #2414, .T. ) ;
#112 = EDGE_CURVE ( 'NONE', #126, #2581, #739, .T. ) ;
#113 = VECTOR ( 'NONE', #1181, 39.37007874015748143 ) ;
#114 = CARTESIAN_POINT ( 'NONE',  ( 0.05900000000000002465, 0.4000000000000000222, 0.03100000000000022182 ) ) ;
#115 = ADVANCED_FACE ( 'NONE', ( #763 ), #801, .T. ) ;
#116 = ORIENTED_EDGE ( 'NONE', *, *, #1084, .T. ) ;
#117 = APPLICATION_PROTOCOL_DEFINITION ( 'draft international standard', 'automotive_design', 1998, #1326 ) ;
#118 = DIRECTION ( 'NONE',  ( 0.000000000000000000, 1.000000000000000000, 0.000000000000000000 ) ) ;
#119 = DIRECTION ( 'NONE',  ( 1.388134143122087506E-16, 0.000000000000000000, -1.000000000000000000 ) ) ;
#120 = DIRECTION ( 'NONE',  ( 0.000000000000000000, -1.000000000000000000, -0.000000000000000000 ) ) ;
#121 = DIMENSIONAL_EXPONENTS ( 1.000000000000000000, 0.000000000000000000, 0.000000000000000000, 0.000000000000000000, 0.000000000000000000, 0.000000000000000000, 0.000000000000000000 ) ;
#122 = CARTESIAN_POINT ( 'NONE',  ( 0.05499999999415345481, 0.1132613602842582334, 0.06202161903426994805 ) ) ;
#123 = ORIENTED_EDGE ( 'NONE', *, *, #1028, .T. ) ;
#124 = VECTOR ( 'NONE', #2123, 39.37007874015748143 ) ;
#125 = AXIS2_PLACEMENT_3D ( 'NONE', #2484, #1443, #858 ) ;
#126 = VERTEX_POINT ( 'NONE', #1408 ) ;
#127 = DIRECTION ( 'NONE',  ( -1.000000000000000000, -0.000000000000000000, 0.000000000000000000 ) ) ;
#128 = ORIENTED_EDGE ( 'NONE', *, *, #1903, .T. ) ;
#129 = LINE ( 'NONE', #2212, #1011 ) ;
#130 = ORIENTED_EDGE ( 'NONE', *, *, #1218, .T. ) ;
#131 = LINE ( 'NONE', #1383, #2228 ) ;
#132 = AXIS2_PLACEMENT_3D ( 'NONE', #946, #358, #2222 ) ;
#133 = CARTESIAN_POINT ( 'NONE',  ( -0.01715768608882922708, 0.2219999999999999751, 0.06300000000000001432 ) ) ;
#134 = DIRECTION ( 'NONE',  ( -0.1305261922200539604, 0.000000000000000000, 0.9914448613738101601 ) ) ;
#135 = DIRECTION ( 'NONE',  ( 1.388134143122087506E-16, 0.000000000000000000, 1.000000000000000000 ) ) ;
#136 = ORIENTED_EDGE ( 'NONE', *, *, #223, .F. ) ;
#137 = ORIENTED_EDGE ( 'NONE', *, *, #2667, .T. ) ;
#138 = CARTESIAN_POINT ( 'NONE',  ( -0.02991639321460894466, 0.3760463262765016412, 0.1239999999999999575 ) ) ;
#139 = EDGE_CURVE ( 'NONE', #696, #1045, #407, .T. ) ;
#140 = VECTOR ( 'NONE', #247, 39.37007874015748143 ) ;
#141 = ORIENTED_EDGE ( 'NONE', *, *, #2176, .T. ) ;
#142 = LINE ( 'NONE', #319, #2384 ) ;
#143 = EDGE_CURVE ( 'NONE', #1308, #360, #2075, .T. ) ;
#144 = CARTESIAN_POINT ( 'NONE',  ( -0.07500000000000003886, 0.4000000000000000222, 0.1539999999999999702 ) ) ;
#145 = ADVANCED_FACE ( 'NONE', ( #435 ), #157, .T. ) ;
#146 = DIRECTION ( 'NONE',  ( 0.000000000000000000, 1.000000000000000000, 0.000000000000000000 ) ) ;
#147 = DIRECTION ( 'NONE',  ( 0.000000000000000000, 1.000000000000000000, 0.000000000000000000 ) ) ;
#148 = CARTESIAN_POINT ( 'NONE',  ( 0.05900000000000001771, -9.035018104045870694E-17, 0.04260660171779821065 ) ) ;
#149 = ADVANCED_FACE ( 'NONE', ( #1217 ), #611, .T. ) ;
#150 = ORIENTED_EDGE ( 'NONE', *, *, #562, .F. ) ;
#151 = ORIENTED_EDGE ( 'NONE', *, *, #693, .T. ) ;
#152 =( GEOMETRIC_REPRESENTATION_CONTEXT ( 3 ) GLOBAL_UNCERTAINTY_ASSIGNED_CONTEXT ( ( #650 ) ) GLOBAL_UNIT_ASSIGNED_CONTEXT ( ( #2383, #527, #541 ) ) REPRESENTATION_CONTEXT ( 'NONE', 'WORKASPACE' ) );
#153 = LINE ( 'NONE', #2403, #2646 ) ;
#154 = VECTOR ( 'NONE', #2103, 39.37007874015748143 ) ;
#155 = ORIENTED_EDGE ( 'NONE', *, *, #2085, .F. ) ;
#156 = DIRECTION ( 'NONE',  ( 0.000000000000000000, 1.000000000000000000, 0.000000000000000000 ) ) ;
#157 =( BOUNDED_SURFACE ( )  B_SPLINE_SURFACE ( 3, 3, ( 
 ( #2289, #1, #417, #1035 ),
 ( #1063, #242, #1616, #2452 ),
 ( #1882, #26, #1262, #2247 ),
 ( #1414, #388, #843, #214 ) ),
 .UNSPECIFIED., .F., .F., .T. ) 
 B_SPLINE_SURFACE_WITH_KNOTS ( ( 4, 4 ),
 ( 4, 4 ),
 ( 0.000000000000000000, 1.000000000000000000 ),
 ( 0.000000000000000000, 1.000000000000000000 ),
 .UNSPECIFIED. ) 
 GEOMETRIC_REPRESENTATION_ITEM ( )  RATIONAL_B_SPLINE_SURFACE ( (
 ( 1.000000000000000000, 0.9594278070612417553, 0.9594278070612417553, 1.000000000000000000),
 ( 0.8408457174332986117, 0.8067307627538662373, 0.8067307627538662373, 0.8408457174332986117),
 ( 0.8408457174332986117, 0.8067307627538662373, 0.8067307627538662373, 0.8408457174332986117),
 ( 1.000000000000000000, 0.9594278070612417553, 0.9594278070612417553, 1.000000000000000000) ) ) 
 REPRESENTATION_ITEM ( '' )  SURFACE ( )  );
#158 = FACE_OUTER_BOUND ( 'NONE', #1097, .T. ) ;
#159 = AXIS2_PLACEMENT_3D ( 'NONE', #1771, #2205, #1991 ) ;
#160 = LINE ( 'NONE', #2230, #1532 ) ;
#161 = CARTESIAN_POINT ( 'NONE',  ( 0.05900000000000004546, 0.07661202832839682231, 0.07033465522435940198 ) ) ;
#162 = LINE ( 'NONE', #1974, #1622 ) ;
#163 = VERTEX_POINT ( 'NONE', #2045 ) ;
#164 = ORIENTED_EDGE ( 'NONE', *, *, #1496, .F. ) ;
#165 = CARTESIAN_POINT ( 'NONE',  ( 0.07499999999649208104, 0.07473863971574178089, 0.06202161903426994805 ) ) ;
#166 = CIRCLE ( 'NONE', #1806, 0.01669317891302381229 ) ;
#167 = ORIENTED_EDGE ( 'NONE', *, *, #1281, .F. ) ;
#168 = DIRECTION ( 'NONE',  ( -0.000000000000000000, -1.000000000000000000, -0.000000000000000000 ) ) ;
#169 = CARTESIAN_POINT ( 'NONE',  ( -0.05900000000000002465, 0.1034783279483933727, 0.04523773845188189952 ) ) ;
#170 = MECHANICAL_DESIGN_GEOMETRIC_PRESENTATION_REPRESENTATION (  '', ( #660 ), #519 ) ;
#171 = CARTESIAN_POINT ( 'NONE',  ( 0.05899999999415345836, 0.07473863971574178089, 0.1005443396027863728 ) ) ;
#172 = CARTESIAN_POINT ( 'NONE',  ( -0.05900000000000002465, 0.2219999999999999751, 0.03100000000000022182 ) ) ;
#173 = CARTESIAN_POINT ( 'NONE',  ( 0.05900000000000001771, 0.08634409075116933341, 0.04433735926968185997 ) ) ;
#174 = ADVANCED_FACE ( 'NONE', ( #187 ), #1838, .F. ) ;
#175 = AXIS2_PLACEMENT_3D ( 'NONE', #1394, #361, #2394 ) ;
#176 = EDGE_CURVE ( 'NONE', #2011, #1762, #2088, .T. ) ;
#177 = DIRECTION ( 'NONE',  ( -1.000000000000000000, -0.000000000000000000, 1.388134143122087506E-16 ) ) ;
#178 = ADVANCED_FACE ( 'NONE', ( #830 ), #814, .T. ) ;
#179 = ORIENTED_EDGE ( 'NONE', *, *, #693, .F. ) ;
#180 = DIRECTION ( 'NONE',  ( 0.000000000000000000, 1.000000000000000000, -0.000000000000000000 ) ) ;
#181 = ORIENTED_EDGE ( 'NONE', *, *, #2561, .F. ) ;
#182 = DIRECTION ( 'NONE',  ( 0.000000000000000000, -0.000000000000000000, -1.000000000000000000 ) ) ;
#183 = CARTESIAN_POINT ( 'NONE',  ( -0.05900000000000003159, 0.09643558814652385125, 0.04276290009111365087 ) ) ;
#184 =( NAMED_UNIT ( * ) PLANE_ANGLE_UNIT ( ) SI_UNIT ( $, .RADIAN. ) );
#185 = CARTESIAN_POINT ( 'NONE',  ( -0.08801648403494218009, 0.3464000000000000412, 0.05367126227435346786 ) ) ;
#186 = ORIENTED_EDGE ( 'NONE', *, *, #30, .T. ) ;
#187 = FACE_OUTER_BOUND ( 'NONE', #1849, .T. ) ;
#188 = CARTESIAN_POINT ( 'NONE',  ( 0.05899999999649208765, 0.07473863971574176701, 0.06202161903426994805 ) ) ;
#189 = CARTESIAN_POINT ( 'NONE',  ( 0.01715768608882922014, 0.3070000000000000506, 0.06300000000000000044 ) ) ;
#190 = CARTESIAN_POINT ( 'NONE',  ( 0.07033333332748679945, 0.1004204534280860872, 0.07486252589044213590 ) ) ;
#191 = ORIENTED_EDGE ( 'NONE', *, *, #2395, .F. ) ;
#192 = CARTESIAN_POINT ( 'NONE',  ( -0.07500000000000002498, 0.1499999999999999667, 0.03100000000000021488 ) ) ;
#193 = EDGE_LOOP ( 'NONE', ( #269, #2018, #694, #1434, #1933, #1859, #2184, #983, #276, #1238, #1320, #1763, #2368, #2269 ) ) ;
#194 = EDGE_CURVE ( 'NONE', #2285, #772, #2057, .T. ) ;
#195 = CARTESIAN_POINT ( 'NONE',  ( 0.001294568306848309413, 0.2219999999999999751, 0.06508841907552086192 ) ) ;
#196 = CARTESIAN_POINT ( 'NONE',  ( -0.05900000000000002465, 0.07721611941760932185, 0.05254329108588073199 ) ) ;
#197 = EDGE_CURVE ( 'NONE', #1324, #7, #341, .T. ) ;
#198 = CARTESIAN_POINT ( 'NONE',  ( 0.07500000000000002498, 0.4000000000000000222, 0.03100000000000010386 ) ) ;
#199 = ORIENTED_EDGE ( 'NONE', *, *, #2630, .F. ) ;
#200 = FACE_OUTER_BOUND ( 'NONE', #590, .T. ) ;
#201 = DIRECTION ( 'NONE',  ( 0.000000000000000000, 0.000000000000000000, -1.000000000000000000 ) ) ;
#202 = CARTESIAN_POINT ( 'NONE',  ( -0.06705360590979918267, 0.09400000000000001410, 0.06459219247548150800 ) ) ;
#203 = DIRECTION ( 'NONE',  ( -0.1305261922200538494, 0.000000000000000000, 0.9914448613738100491 ) ) ;
#204 = CARTESIAN_POINT ( 'NONE',  ( 0.01299999999999999246, 0.3070000000000000506, 0.1539999999999999702 ) ) ;
#205 = ORIENTED_EDGE ( 'NONE', *, *, #351, .F. ) ;
#206 = EDGE_LOOP ( 'NONE', ( #1805, #1710 ) ) ;
#207 = LINE ( 'NONE', #1844, #2606 ) ;
#208 = VERTEX_POINT ( 'NONE', #404 ) ;
#209 = CARTESIAN_POINT ( 'NONE',  ( -0.05900000000000002465, -1.365923996832131609E-16, 0.03100000000000022182 ) ) ;
#210 = VECTOR ( 'NONE', #291, 39.37007874015748143 ) ;
#211 = AXIS2_PLACEMENT_3D ( 'NONE', #2675, #2446, #2041 ) ;
#212 = CARTESIAN_POINT ( 'NONE',  ( 0.05806666666082011680, 0.1106931789130237986, 0.06202161903426994111 ) ) ;
#213 = ORIENTED_EDGE ( 'NONE', *, *, #848, .F. ) ;
#214 = CARTESIAN_POINT ( 'NONE',  ( 0.06287866957530259537, 0.08122864370528749822, 0.04516226481302400286 ) ) ;
#215 = AXIS2_PLACEMENT_3D ( 'NONE', #1282, #2304, #571 ) ;
#216 = CARTESIAN_POINT ( 'NONE',  ( 0.05900000000000003852, 0.09521779407326139144, 0.04275893807946078151 ) ) ;
#217 = PLANE ( 'NONE',  #284 ) ;
#218 = PLANE ( 'NONE',  #371 ) ;
#219 = DIRECTION ( 'NONE',  ( 0.000000000000000000, -0.7071067811865469066, -0.7071067811865480168 ) ) ;
#220 = ORIENTED_EDGE ( 'NONE', *, *, #2097, .F. ) ;
#221 = ORIENTED_EDGE ( 'NONE', *, *, #1496, .T. ) ;
#222 = ORIENTED_EDGE ( 'NONE', *, *, #2097, .T. ) ;
#223 = EDGE_CURVE ( 'NONE', #2428, #1721, #1456, .T. ) ;
#224 = LINE ( 'NONE', #1846, #49 ) ;
#225 = CARTESIAN_POINT ( 'NONE',  ( -0.07499999999415345175, 0.1132613602842582473, 0.02349889846575351285 ) ) ;
#226 = SURFACE_STYLE_USAGE ( .BOTH. , #1440 ) ;
#227 = CARTESIAN_POINT ( 'NONE',  ( -0.04399999999999992112, 0.000000000000000000, 0.01600000000000000380 ) ) ;
#228 = ORIENTED_EDGE ( 'NONE', *, *, #1581, .T. ) ;
#229 = DIRECTION ( 'NONE',  ( 1.000000000000000000, 0.000000000000000000, -0.000000000000000000 ) ) ;
#230 = CARTESIAN_POINT ( 'NONE',  ( 0.05900000000000003159, 0.08917361289731981500, 0.04321372081836313828 ) ) ;
#231 = ADVANCED_FACE ( 'NONE', ( #200 ), #627, .T. ) ;
#232 = CARTESIAN_POINT ( 'NONE',  ( -0.07038731423265399967, 0.09400000000000001410, 0.06850598604244148571 ) ) ;
#233 = CARTESIAN_POINT ( 'NONE',  ( -0.04953937537483232845, 0.1007936866435029249, 0.06870510998141998726 ) ) ;
#234 = CARTESIAN_POINT ( 'NONE',  ( -0.07499999999415345175, 0.07473863971574180864, 0.02349889846575352326 ) ) ;
#235 = VERTEX_POINT ( 'NONE', #41 ) ;
#236 = EDGE_CURVE ( 'NONE', #1390, #836, #2511, .T. ) ;
#237 = VERTEX_POINT ( 'NONE', #1866 ) ;
#238 = CARTESIAN_POINT ( 'NONE',  ( 0.01299999999999998726, 0.3831563866122787987, 0.1592753352764731956 ) ) ;
#239 = DIRECTION ( 'NONE',  ( 0.000000000000000000, -1.000000000000000000, 0.000000000000000000 ) ) ;
#240 = DIRECTION ( 'NONE',  ( 0.000000000000000000, 1.000000000000000000, 0.000000000000000000 ) ) ;
#241 = VECTOR ( 'NONE', #485, 39.37007874015748143 ) ;
#242 = CARTESIAN_POINT ( 'NONE',  ( 0.04953937537483233539, 0.08720631335649717264, 0.06870510998141997339 ) ) ;
#243 = VECTOR ( 'NONE', #246, 39.37007874015748143 ) ;
#244 = CARTESIAN_POINT ( 'NONE',  ( -0.05820701701425486790, 0.08927532069642879486, 0.04516226481302399592 ) ) ;
#245 = LINE ( 'NONE', #1458, #1751 ) ;
#246 = DIRECTION ( 'NONE',  ( -1.388134143122087260E-16, -0.000000000000000000, -1.000000000000000000 ) ) ;
#247 = DIRECTION ( 'NONE',  ( 1.000000000000000000, 0.000000000000000000, 0.000000000000000000 ) ) ;
#248 =( BOUNDED_SURFACE ( )  B_SPLINE_SURFACE ( 3, 3, ( 
 ( #481, #2378, #278, #1306 ),
 ( #88, #737, #75, #1545 ),
 ( #492, #2574, #2121, #2172 ),
 ( #1327, #682, #1531, #303 ) ),
 .UNSPECIFIED., .F., .F., .T. ) 
 B_SPLINE_SURFACE_WITH_KNOTS ( ( 4, 4 ),
 ( 4, 4 ),
 ( 0.000000000000000000, 1.000000000000000000 ),
 ( 0.000000000000000000, 1.000000000000000000 ),
 .UNSPECIFIED. ) 
 GEOMETRIC_REPRESENTATION_ITEM ( )  RATIONAL_B_SPLINE_SURFACE ( (
 ( 1.000000000000000000, 0.9594278070612419773, 0.9594278070612419773, 1.000000000000000000),
 ( 0.8408457174332989448, 0.8067307627538666814, 0.8067307627538666814, 0.8408457174332989448),
 ( 0.8408457174332989448, 0.8067307627538666814, 0.8067307627538666814, 0.8408457174332989448),
 ( 1.000000000000000000, 0.9594278070612419773, 0.9594278070612419773, 1.000000000000000000) ) ) 
 REPRESENTATION_ITEM ( '' )  SURFACE ( )  );
#249 = CARTESIAN_POINT ( 'NONE',  ( 0.04400000000000003214, 0.4000000000000000222, 0.03099999999999999978 ) ) ;
#250 = ORIENTED_EDGE ( 'NONE', *, *, #1478, .F. ) ;
#251 = CIRCLE ( 'NONE', #2366, 0.03100000000000002406 ) ;
#252 = FACE_OUTER_BOUND ( 'NONE', #2393, .T. ) ;
#253 = CARTESIAN_POINT ( 'NONE',  ( 0.07033333332748679945, 0.08757954657191392711, 0.04918071217809776019 ) ) ;
#254 =( BOUNDED_SURFACE ( )  B_SPLINE_SURFACE ( 3, 3, ( 
 ( #2244, #609, #2482, #212 ),
 ( #1273, #2287, #1231, #11 ),
 ( #625, #2468, #1441, #641 ),
 ( #2043, #386, #2273, #856 ) ),
 .UNSPECIFIED., .F., .F., .T. ) 
 B_SPLINE_SURFACE_WITH_KNOTS ( ( 4, 4 ),
 ( 4, 4 ),
 ( 0.000000000000000000, 1.000000000000000000 ),
 ( 0.000000000000000000, 1.000000000000000000 ),
 .UNSPECIFIED. ) 
 GEOMETRIC_REPRESENTATION_ITEM ( )  RATIONAL_B_SPLINE_SURFACE ( (
 ( 1.000000000000000000, 0.3333333333333334259, 0.3333333333333334259, 1.000000000000000000),
 ( 0.9599054302165193064, 0.3199684767388398798, 0.3199684767388398798, 0.9599054302165193064),
 ( 0.9599054302165193064, 0.3199684767388398798, 0.3199684767388398798, 0.9599054302165193064),
 ( 1.000000000000000000, 0.3333333333333334259, 0.3333333333333334259, 1.000000000000000000) ) ) 
 REPRESENTATION_ITEM ( '' )  SURFACE ( )  );
#255 = VERTEX_POINT ( 'NONE', #658 ) ;
#256 = VECTOR ( 'NONE', #2028, 39.37007874015748143 ) ;
#257 = DIRECTION ( 'NONE',  ( 0.8120265161319434322, -0.5836205420464726235, 0.000000000000000000 ) ) ;
#258 = DIRECTION ( 'NONE',  ( -0.1305261922200539604, 0.000000000000000000, 0.9914448613738101601 ) ) ;
#259 = CARTESIAN_POINT ( 'NONE',  ( -0.05187321041424905466, 0.1071739211391072588, 0.05533812808711994352 ) ) ;
#260 = EDGE_CURVE ( 'NONE', #1547, #1106, #1985, .T. ) ;
#261 = CARTESIAN_POINT ( 'NONE',  ( 0.05806666666082011680, 0.07730682108697621568, 0.06202161903426994805 ) ) ;
#262 = EDGE_CURVE ( 'NONE', #1704, #893, #2141, .T. ) ;
#263 = DIRECTION ( 'NONE',  ( 0.000000000000000000, 0.000000000000000000, -1.000000000000000000 ) ) ;
#264 = VERTEX_POINT ( 'NONE', #2569 ) ;
#265 = EDGE_CURVE ( 'NONE', #1624, #2022, #1105, .T. ) ;
#266 = VECTOR ( 'NONE', #1226, 39.37007874015748143 ) ;
#267 = DIRECTION ( 'NONE',  ( 0.000000000000000000, -0.000000000000000000, -1.000000000000000000 ) ) ;
#268 = DIRECTION ( 'NONE',  ( -1.000000000000000000, 0.000000000000000000, 1.388134143122087506E-16 ) ) ;
#269 = ORIENTED_EDGE ( 'NONE', *, *, #2316, .T. ) ;
#270 = CARTESIAN_POINT ( 'NONE',  ( 0.05900000000000003159, 0.08444913768802984888, 0.07895937771469638267 ) ) ;
#271 = CARTESIAN_POINT ( 'NONE',  ( -0.08801648403494218009, 0.3464000000000000412, 0.05367126227435346786 ) ) ;
#272 = CARTESIAN_POINT ( 'NONE',  ( -0.07500000000000003886, 0.01060660171779807641, 0.03199999999999999373 ) ) ;
#273 = CARTESIAN_POINT ( 'NONE',  ( -0.07033333332748679945, 0.1004204534280861011, 0.06202161903426994805 ) ) ;
#274 = AXIS2_PLACEMENT_3D ( 'NONE', #2517, #119, #2608 ) ;
#275 = DIRECTION ( 'NONE',  ( 0.000000000000000000, 0.8660254037844380415, 0.5000000000000007772 ) ) ;
#276 = ORIENTED_EDGE ( 'NONE', *, *, #1372, .T. ) ;
#277 = ORIENTED_EDGE ( 'NONE', *, *, #2687, .T. ) ;
#278 = CARTESIAN_POINT ( 'NONE',  ( 0.07101157153592467519, 0.09047622203587492307, 0.06850598604244147183 ) ) ;
#279 = EDGE_CURVE ( 'NONE', #733, #1721, #251, .T. ) ;
#280 = CARTESIAN_POINT ( 'NONE',  ( -0.02886311778198096673, 0.3464000000000000412, 0.1519115809244791226 ) ) ;
#281 = ORIENTED_EDGE ( 'NONE', *, *, #2326, .F. ) ;
#282 = CARTESIAN_POINT ( 'NONE',  ( -0.05820701701425484709, 0.08927532069642878099, 0.07888097325551589323 ) ) ;
#283 = CARTESIAN_POINT ( 'NONE',  ( 0.05187321041424906160, 0.1071739211391072311, 0.06870510998141997339 ) ) ;
#284 = AXIS2_PLACEMENT_3D ( 'NONE', #630, #16, #419 ) ;
#285 = CARTESIAN_POINT ( 'NONE',  ( 0.05900000000000003159, -1.365923996832131609E-16, 0.08339339828220176942 ) ) ;
#286 = CARTESIAN_POINT ( 'NONE',  ( -0.07499999999415346563, 0.1085169342219958061, 0.03298775059027833634 ) ) ;
#287 = CARTESIAN_POINT ( 'NONE',  ( 0.04400000000000001132, 0.2219999999999999751, 0.1539999999999999702 ) ) ;
#288 = ORIENTED_EDGE ( 'NONE', *, *, #2379, .F. ) ;
#289 = EDGE_LOOP ( 'NONE', ( #347, #2612, #575, #123, #642, #1816, #2318, #533, #1200, #835, #2638, #317 ) ) ;
#290 = FACE_OUTER_BOUND ( 'NONE', #1993, .T. ) ;
#291 = DIRECTION ( 'NONE',  ( 0.000000000000000000, -0.7071067811865464625, 0.7071067811865486830 ) ) ;
#292 = VERTEX_POINT ( 'NONE', #2324 ) ;
#293 = CARTESIAN_POINT ( 'NONE',  ( -0.07337946998506218732, 0.08394215325751271106, 0.06202161903426996192 ) ) ;
#294 = CARTESIAN_POINT ( 'NONE',  ( -0.05899999999415345142, 0.07473863971574178089, 0.06202161903426996192 ) ) ;
#295 = CIRCLE ( 'NONE', #778, 0.08747023572034699768 ) ;
#296 = CARTESIAN_POINT ( 'NONE',  ( -0.07218410367921082593, 0.09891206011335099135, 0.06850598604244148571 ) ) ;
#297 = CARTESIAN_POINT ( 'NONE',  ( -0.05867589399233520686, 0.1114206575759040252, 0.06202161903426995498 ) ) ;
#298 = CIRCLE ( 'NONE', #781, 0.006420453428086091326 ) ;
#299 = ORIENTED_EDGE ( 'NONE', *, *, #1777, .F. ) ;
#300 = VERTEX_POINT ( 'NONE', #1734 ) ;
#301 = AXIS2_PLACEMENT_3D ( 'NONE', #468, #1294, #900 ) ;
#302 = AXIS2_PLACEMENT_3D ( 'NONE', #2389, #1787, #2426 ) ;
#303 = CARTESIAN_POINT ( 'NONE',  ( 0.07218410367921083981, 0.08908793988664902297, 0.05553725202609841732 ) ) ;
#304 = AXIS2_PLACEMENT_3D ( 'NONE', #2682, #871, #1248 ) ;
#305 = DIRECTION ( 'NONE',  ( 0.000000000000000000, -1.000000000000000000, 0.000000000000000000 ) ) ;
#306 = ADVANCED_FACE ( 'NONE', ( #1695 ), #2533, .T. ) ;
#307 = ORIENTED_EDGE ( 'NONE', *, *, #937, .T. ) ;
#308 = CARTESIAN_POINT ( 'NONE',  ( -0.07499999999415346563, 0.1132613602842582612, 0.1005443396027864145 ) ) ;
#309 = CARTESIAN_POINT ( 'NONE',  ( -0.05806666666082013761, 0.07730682108697618793, 0.06202161903426996192 ) ) ;
#310 = FACE_OUTER_BOUND ( 'NONE', #987, .T. ) ;
#311 = CIRCLE ( 'NONE', #665, 0.003999999999999994879 ) ;
#312 = DIRECTION ( 'NONE',  ( -0.000000000000000000, -1.000000000000000000, -0.000000000000000000 ) ) ;
#313 = ORIENTED_EDGE ( 'NONE', *, *, #2633, .F. ) ;
#314 = EDGE_CURVE ( 'NONE', #77, #2584, #1504, .T. ) ;
#315 = ORIENTED_EDGE ( 'NONE', *, *, #1918, .F. ) ;
#316 = EDGE_CURVE ( 'NONE', #596, #1356, #2016, .T. ) ;
#317 = ORIENTED_EDGE ( 'NONE', *, *, #1465, .F. ) ;
#318 = CARTESIAN_POINT ( 'NONE',  ( -0.05900000000000003159, 0.07566839603595869324, 0.06796449513756769312 ) ) ;
#319 = CARTESIAN_POINT ( 'NONE',  ( 0.05900000000000002465, 0.2219999999999999751, 0.03100000000000022182 ) ) ;
#320 = EDGE_LOOP ( 'NONE', ( #1978, #1254, #395, #1435, #19, #1493 ) ) ;
#321 = CARTESIAN_POINT ( 'NONE',  ( -0.01780294143062748774, 0.3977386107208348287, 0.06291505052267065690 ) ) ;
#322 = CARTESIAN_POINT ( 'NONE',  ( -0.01687068006749891172, 0.4000000000000000222, 0.1689999999999999558 ) ) ;
#323 = DIRECTION ( 'NONE',  ( 0.000000000000000000, 1.000000000000000000, 0.000000000000000000 ) ) ;
#324 = DIRECTION ( 'NONE',  ( 0.000000000000000000, 1.000000000000000000, 0.000000000000000000 ) ) ;
#325 = VERTEX_POINT ( 'NONE', #1720 ) ;
#326 = ORIENTED_EDGE ( 'NONE', *, *, #265, .T. ) ;
#327 = EDGE_LOOP ( 'NONE', ( #692, #483, #228, #515, #2361 ) ) ;
#328 = CARTESIAN_POINT ( 'NONE',  ( 0.01715768608882922014, 0.2219999999999999751, 0.06300000000000000044 ) ) ;
#329 = EDGE_LOOP ( 'NONE', ( #1184, #1788, #368, #60, #2537 ) ) ;
#330 = PRODUCT_DEFINITION_CONTEXT ( 'detailed design', #2587, 'design' ) ;
#331 = DIRECTION ( 'NONE',  ( 0.000000000000000000, 0.000000000000000000, -1.000000000000000000 ) ) ;
#332 = ORIENTED_EDGE ( 'NONE', *, *, #2641, .F. ) ;
#333 = DIRECTION ( 'NONE',  ( -0.9914448613738101601, 0.000000000000000000, -0.1305261922200536273 ) ) ;
#334 = CARTESIAN_POINT ( 'NONE',  ( 0.05867589399233519298, 0.07657934242409597525, 0.09686293418607801187 ) ) ;
#335 = CARTESIAN_POINT ( 'NONE',  ( 0.1000000000000000056, 0.1900000000000000300, 0.1300000000000000044 ) ) ;
#336 = ADVANCED_FACE ( 'NONE', ( #875 ), #2313, .T. ) ;
#337 = DIRECTION ( 'NONE',  ( 1.388134143122087260E-16, 0.000000000000000000, 1.000000000000000000 ) ) ;
#338 =( BOUNDED_SURFACE ( )  B_SPLINE_SURFACE ( 3, 3, ( 
 ( #309, #2332, #1092, #1962 ),
 ( #497, #2151, #1912, #1143 ),
 ( #1346, #2139, #103, #1550 ),
 ( #294, #528, #933, #2128 ) ),
 .UNSPECIFIED., .F., .F., .T. ) 
 B_SPLINE_SURFACE_WITH_KNOTS ( ( 4, 4 ),
 ( 4, 4 ),
 ( 0.000000000000000000, 1.000000000000000000 ),
 ( 0.000000000000000000, 1.000000000000000000 ),
 .UNSPECIFIED. ) 
 GEOMETRIC_REPRESENTATION_ITEM ( )  RATIONAL_B_SPLINE_SURFACE ( (
 ( 1.000000000000000000, 0.3333333333333334259, 0.3333333333333334259, 1.000000000000000000),
 ( 0.9599054302165199726, 0.3199684767388401019, 0.3199684767388401019, 0.9599054302165199726),
 ( 0.9599054302165199726, 0.3199684767388401019, 0.3199684767388401019, 0.9599054302165199726),
 ( 1.000000000000000000, 0.3333333333333334259, 0.3333333333333334259, 1.000000000000000000) ) ) 
 REPRESENTATION_ITEM ( '' )  SURFACE ( )  );
#339 = ORIENTED_EDGE ( 'NONE', *, *, #265, .F. ) ;
#340 = VECTOR ( 'NONE', #1099, 39.37007874015748143 ) ;
#341 = CIRCLE ( 'NONE', #2465, 0.03099999999999999631 ) ;
#342 = VECTOR ( 'NONE', #2227, 39.37007874015748143 ) ;
#343 = VERTEX_POINT ( 'NONE', #489 ) ;
#344 = EDGE_CURVE ( 'NONE', #1547, #355, #860, .T. ) ;
#345 = CARTESIAN_POINT ( 'NONE',  ( 0.02991639321460894466, 0.3760463262765016412, 0.1239999999999999575 ) ) ;
#346 = ADVANCED_FACE ( 'NONE', ( #2542 ), #1450, .F. ) ;
#347 = ORIENTED_EDGE ( 'NONE', *, *, #1025, .T. ) ;
#348 = CARTESIAN_POINT ( 'NONE',  ( -0.04400000000000001132, 0.4000000000000000222, 0.1689999999999999836 ) ) ;
#349 = LINE ( 'NONE', #144, #1044 ) ;
#350 = CARTESIAN_POINT ( 'NONE',  ( 0.05820701701425482627, 0.09400000000000001410, 0.04516226481302401674 ) ) ;
#351 = EDGE_CURVE ( 'NONE', #2475, #997, #2347, .T. ) ;
#352 = CARTESIAN_POINT ( 'NONE',  ( -0.02899999999999999800, 0.2219999999999999751, 0.1539999999999999147 ) ) ;
#353 = DIRECTION ( 'NONE',  ( 0.000000000000000000, -0.7071067811865476838, -0.7071067811865472397 ) ) ;
#354 = CARTESIAN_POINT ( 'NONE',  ( -0.06705360590979919655, 0.09661295640134727469, 0.05945104559305840891 ) ) ;
#355 = VERTEX_POINT ( 'NONE', #476 ) ;
#356 = EDGE_LOOP ( 'NONE', ( #2150, #199, #2136, #2187 ) ) ;
#357 =( BOUNDED_SURFACE ( )  B_SPLINE_SURFACE ( 3, 3, ( 
 ( #1102, #2163, #2357, #1717 ),
 ( #700, #727, #2127, #92 ),
 ( #908, #1731, #102, #55 ),
 ( #1911, #1489, #711, #1961 ) ),
 .UNSPECIFIED., .F., .F., .T. ) 
 B_SPLINE_SURFACE_WITH_KNOTS ( ( 4, 4 ),
 ( 4, 4 ),
 ( 0.000000000000000000, 1.000000000000000000 ),
 ( 0.000000000000000000, 1.000000000000000000 ),
 .UNSPECIFIED. ) 
 GEOMETRIC_REPRESENTATION_ITEM ( )  RATIONAL_B_SPLINE_SURFACE ( (
 ( 1.000000000000000000, 0.9594278070612419773, 0.9594278070612419773, 1.000000000000000000),
 ( 0.8408457174332992778, 0.8067307627538670145, 0.8067307627538670145, 0.8408457174332992778),
 ( 0.8408457174332992778, 0.8067307627538670145, 0.8067307627538670145, 0.8408457174332992778),
 ( 1.000000000000000000, 0.9594278070612419773, 0.9594278070612419773, 1.000000000000000000) ) ) 
 REPRESENTATION_ITEM ( '' )  SURFACE ( )  );
#358 = DIRECTION ( 'NONE',  ( 0.000000000000000000, 0.5000000000000008882, -0.8660254037844381525 ) ) ;
#359 = CIRCLE ( 'NONE', #2000, 0.03100000000000002406 ) ;
#360 = VERTEX_POINT ( 'NONE', #72 ) ;
#361 = DIRECTION ( 'NONE',  ( -1.388134143122087506E-16, -1.224646799147353207E-16, -1.000000000000000000 ) ) ;
#362 = ADVANCED_FACE ( 'NONE', ( #1312 ), #1938, .T. ) ;
#363 = ORIENTED_EDGE ( 'NONE', *, *, #1828, .T. ) ;
#364 = DIRECTION ( 'NONE',  ( 1.000000000000000000, 0.000000000000000000, -0.000000000000000000 ) ) ;
#365 = CARTESIAN_POINT ( 'NONE',  ( 0.04499999999999999833, 0.3740192378864669043, 0.1539999999999999702 ) ) ;
#366 = CARTESIAN_POINT ( 'NONE',  ( 0.1000000000000000056, 0.01060660171779814233, 0.09400000000000004186 ) ) ;
#367 = CARTESIAN_POINT ( 'NONE',  ( -0.05806666666082013761, 0.09400000000000001410, 0.06202161903426994805 ) ) ;
#368 = ORIENTED_EDGE ( 'NONE', *, *, #139, .F. ) ;
#369 = VERTEX_POINT ( 'NONE', #897 ) ;
#370 = CARTESIAN_POINT ( 'NONE',  ( -0.07500000000000003886, 0.4000000000000000222, 0.1539999999999999702 ) ) ;
#371 = AXIS2_PLACEMENT_3D ( 'NONE', #1431, #1053, #1236 ) ;
#372 = VERTEX_POINT ( 'NONE', #913 ) ;
#373 = DIRECTION ( 'NONE',  ( 0.000000000000000000, 1.000000000000000000, 0.000000000000000000 ) ) ;
#374 = CARTESIAN_POINT ( 'NONE',  ( 0.04499999999999999833, 0.3740192378864669043, 0.1539999999999999702 ) ) ;
#375 = DIRECTION ( 'NONE',  ( 0.000000000000000000, 1.000000000000000000, 0.000000000000000000 ) ) ;
#376 = CARTESIAN_POINT ( 'NONE',  ( 0.1000000000000000056, 0.1499999999999999944, 0.1300000000000000044 ) ) ;
#377 = PLANE ( 'NONE',  #659 ) ;
#378 = CARTESIAN_POINT ( 'NONE',  ( 0.02518848844166054340, 0.3464000000000000412, 0.1239999999999999852 ) ) ;
#379 = CARTESIAN_POINT ( 'NONE',  ( 0.08801648403494218009, 0.3464000000000000412, 0.05367126227435341929 ) ) ;
#380 = VERTEX_POINT ( 'NONE', #148 ) ;
#381 = FACE_OUTER_BOUND ( 'NONE', #1749, .T. ) ;
#382 = ORIENTED_EDGE ( 'NONE', *, *, #2350, .F. ) ;
#383 = DIRECTION ( 'NONE',  ( -0.000000000000000000, -1.000000000000000000, -0.000000000000000000 ) ) ;
#384 = CARTESIAN_POINT ( 'NONE',  ( -0.05900000000000001771, 0.1066855051623400441, 0.04746538824933190653 ) ) ;
#385 = EDGE_CURVE ( 'NONE', #685, #1356, #162, .T. ) ;
#386 = CARTESIAN_POINT ( 'NONE',  ( 0.05899999999415345142, 0.07473863971574178089, 0.02349889846575351285 ) ) ;
#387 = ORIENTED_EDGE ( 'NONE', *, *, #1195, .F. ) ;
#388 = CARTESIAN_POINT ( 'NONE',  ( 0.05820701701425482627, 0.08927532069642873935, 0.04516226481302400286 ) ) ;
#389 = CARTESIAN_POINT ( 'NONE',  ( 0.04400000000000001132, 0.2219999999999999751, 0.1539999999999999702 ) ) ;
#390 = VECTOR ( 'NONE', #1037, 39.37007874015748143 ) ;
#391 = VECTOR ( 'NONE', #604, 39.37007874015748143 ) ;
#392 = CARTESIAN_POINT ( 'NONE',  ( -0.07033333332748679945, 0.1004204534280861011, 0.06202161903426994805 ) ) ;
#393 = DIRECTION ( 'NONE',  ( 0.1305261922200539604, 0.000000000000000000, -0.9914448613738100491 ) ) ;
#394 = EDGE_CURVE ( 'NONE', #2063, #2581, #2218, .T. ) ;
#395 = ORIENTED_EDGE ( 'NONE', *, *, #2667, .F. ) ;
#396 = DIRECTION ( 'NONE',  ( 1.000000000000000000, -0.000000000000000000, -0.000000000000000000 ) ) ;
#398 = ORIENTED_EDGE ( 'NONE', *, *, #2236, .F. ) ;
#397 = ADVANCED_FACE ( 'NONE', ( #2409 ), #936, .F. ) ;
#399 = CARTESIAN_POINT ( 'NONE',  ( 0.02886311778198095979, 0.3070000000000000506, 0.1519115809244791504 ) ) ;
#400 = CARTESIAN_POINT ( 'NONE',  ( -0.05900000000000002465, 0.08444913768802890519, 0.04508386035384444324 ) ) ;
#401 = PRESENTATION_STYLE_ASSIGNMENT (( #226 ) ) ;
#402 = CARTESIAN_POINT ( 'NONE',  ( -0.04399999999999981010, 0.4000000000000000222, 0.000000000000000000 ) ) ;
#403 = ORIENTED_EDGE ( 'NONE', *, *, #1472, .F. ) ;
#404 = CARTESIAN_POINT ( 'NONE',  ( -0.01299999999999998899, 0.2219999999999999751, 0.1539999999999999147 ) ) ;
#405 = CARTESIAN_POINT ( 'NONE',  ( 0.05900000000000001771, 0.08452167205161148500, 0.04523773845187929743 ) ) ;
#406 = CARTESIAN_POINT ( 'NONE',  ( -0.05900000000000003159, 0.4000000000000000222, 0.09399999999999998634 ) ) ;
#407 = B_SPLINE_CURVE_WITH_KNOTS ( 'NONE', 3,
 ( #2463, #1423, #1821, #1229, #1613, #2661, #1212, #1643, #384, #1834, #169, #2242, #592, #1005, #183, #1016, #811, #1626, #608, #2256, #400, #1032, #2053, #2481, #196, #1847, #2690, #826, #2024, #1850 ),
 .UNSPECIFIED., .F., .F.,
 ( 4, 1, 2, 2, 2, 1, 2, 2, 2, 1, 2, 2, 2, 1, 2, 2, 4 ),
 ( 0.000000000000000000, 0.06250000000000047184, 0.09375000000000084655, 0.1250000000000012212, 0.2500000000000027756, 0.3125000000000036082, 0.3437500000000036637, 0.3750000000000037192, 0.5000000000000047740, 0.5625000000000047740, 0.5937500000000043299, 0.6250000000000038858, 0.7500000000000031086, 0.8125000000000025535, 0.8437500000000022204, 0.8750000000000018874, 1.000000000000000000 ),
 .UNSPECIFIED. ) ;
#408 = CARTESIAN_POINT ( 'NONE',  ( 0.02899999999999998412, 0.3740192378864669043, 0.1539999999999999702 ) ) ;
#409 = LINE ( 'NONE', #584, #488 ) ;
#410 = ORIENTED_EDGE ( 'NONE', *, *, #2400, .T. ) ;
#411 = ORIENTED_EDGE ( 'NONE', *, *, #1920, .T. ) ;
#412 = DIRECTION ( 'NONE',  ( -1.000000000000000000, -0.000000000000000000, 1.388134143122087506E-16 ) ) ;
#413 = ORIENTED_EDGE ( 'NONE', *, *, #1166, .T. ) ;
#414 = DIRECTION ( 'NONE',  ( 1.000000000000000000, -0.000000000000000000, 1.388134143122087506E-16 ) ) ;
#415 = FACE_OUTER_BOUND ( 'NONE', #2239, .T. ) ;
#416 = VERTEX_POINT ( 'NONE', #2167 ) ;
#417 = CARTESIAN_POINT ( 'NONE',  ( 0.05983008600275856181, 0.08483817729327486346, 0.07888097325551589323 ) ) ;
#418 = DIRECTION ( 'NONE',  ( -0.000000000000000000, -6.829619984160659032E-16, -1.000000000000000000 ) ) ;
#419 = DIRECTION ( 'NONE',  ( 0.000000000000000000, 6.829619984160659032E-16, 1.000000000000000000 ) ) ;
#420 = CARTESIAN_POINT ( 'NONE',  ( -0.05820701701425485403, 0.09400000000000001410, 0.07888097325551592098 ) ) ;
#421 = CARTESIAN_POINT ( 'NONE',  ( 0.1000000000000000056, 0.1900000000000000300, 0.08000000000000000167 ) ) ;
#422 = EDGE_CURVE ( 'NONE', #685, #1767, #1147, .T. ) ;
#423 = VERTEX_POINT ( 'NONE', #2388 ) ;
#424 = ORIENTED_EDGE ( 'NONE', *, *, #2074, .T. ) ;
#425 = EDGE_CURVE ( 'NONE', #86, #2412, #546, .T. ) ;
#426 = ORIENTED_EDGE ( 'NONE', *, *, #1186, .T. ) ;
#427 = VECTOR ( 'NONE', #967, 39.37007874015748143 ) ;
#428 = CARTESIAN_POINT ( 'NONE',  ( 0.01687068006749891172, 0.4000000000000000222, 0.1689999999999999558 ) ) ;
#429 = LINE ( 'NONE', #582, #1373 ) ;
#430 =( BOUNDED_CURVE ( )  B_SPLINE_CURVE ( 3, ( #446, #238, #2255, #428 ),
 .UNSPECIFIED., .F., .F. ) 
 B_SPLINE_CURVE_WITH_KNOTS ( ( 4, 4 ),
 ( 1.570796326794896558, 2.075868916540762665 ),
 .UNSPECIFIED. ) 
 CURVE ( )  GEOMETRIC_REPRESENTATION_ITEM ( )  RATIONAL_B_SPLINE_CURVE ( ( 1.000000000000000000, 0.9788545443905214416, 0.9788545443905214416, 1.000000000000000000 ) ) 
 REPRESENTATION_ITEM ( '' )  );
#431 = AXIS2_PLACEMENT_3D ( 'NONE', #1587, #2398, #1563 ) ;
#432 = AXIS2_PLACEMENT_3D ( 'NONE', #568, #2201, #538 ) ;
#433 = DIRECTION ( 'NONE',  ( -1.000000000000000000, -0.000000000000000000, -0.000000000000000000 ) ) ;
#434 = ORIENTED_EDGE ( 'NONE', *, *, #754, .F. ) ;
#435 = FACE_OUTER_BOUND ( 'NONE', #1541, .T. ) ;
#436 = AXIS2_PLACEMENT_3D ( 'NONE', #2197, #1580, #2008 ) ;
#437 = CIRCLE ( 'NONE', #2031, 0.01000000000000005572 ) ;
#438 = CARTESIAN_POINT ( 'NONE',  ( 0.05900000000000001771, 0.07706224131957604973, 0.05247075672229616072 ) ) ;
#439 = EDGE_CURVE ( 'NONE', #1419, #1872, #555, .T. ) ;
#440 = CARTESIAN_POINT ( 'NONE',  ( -0.07101157153592467519, 0.09047622203587492307, 0.06850598604244147183 ) ) ;
#441 = CARTESIAN_POINT ( 'NONE',  ( -0.05187321041424905466, 0.1071739211391072588, 0.06870510998141998726 ) ) ;
#442 = CARTESIAN_POINT ( 'NONE',  ( -0.05900000000000002465, -1.365923996832131609E-16, 0.04260660171779821065 ) ) ;
#443 = VECTOR ( 'NONE', #156, 39.37007874015748143 ) ;
#444 = ORIENTED_EDGE ( 'NONE', *, *, #988, .T. ) ;
#445 = ORIENTED_EDGE ( 'NONE', *, *, #673, .F. ) ;
#446 = CARTESIAN_POINT ( 'NONE',  ( 0.01299999999999999420, 0.3740192378864669043, 0.1539999999999999702 ) ) ;
#447 = FACE_OUTER_BOUND ( 'NONE', #648, .T. ) ;
#448 = VECTOR ( 'NONE', #2226, 39.37007874015748143 ) ;
#449 = CARTESIAN_POINT ( 'NONE',  ( -0.04953937537483234926, 0.09400000000000004186, 0.05533812808711993658 ) ) ;
#450 = DIRECTION ( 'NONE',  ( 0.000000000000000000, -0.000000000000000000, -1.000000000000000000 ) ) ;
#451 = CARTESIAN_POINT ( 'NONE',  ( -0.009050425072378067912, 0.3464000000000000412, 0.1239999999999999852 ) ) ;
#452 = CARTESIAN_POINT ( 'NONE',  ( -0.01299999999999998726, 0.3740192378864669043, 0.1539999999999999702 ) ) ;
#453 = DIRECTION ( 'NONE',  ( -1.388134143122087506E-16, -1.224646799147353207E-16, 1.000000000000000000 ) ) ;
#454 = ORIENTED_EDGE ( 'NONE', *, *, #2693, .T. ) ;
#455 = PLANE ( 'NONE',  #215 ) ;
#456 = EDGE_CURVE ( 'NONE', #2627, #2063, #993, .T. ) ;
#457 = ADVANCED_FACE ( 'NONE', ( #105 ), #1171, .T. ) ;
#458 = CARTESIAN_POINT ( 'NONE',  ( 0.07033333332748679945, 0.1004204534280861011, 0.06202161903426994111 ) ) ;
#459 = ORIENTED_EDGE ( 'NONE', *, *, #176, .F. ) ;
#460 = CARTESIAN_POINT ( 'NONE',  ( -0.05625681407656316080, 0.07563587682803750434, 0.05533812808711993658 ) ) ;
#461 = ADVANCED_FACE ( 'NONE', ( #1387 ), #2015, .T. ) ;
#462 = EDGE_CURVE ( 'NONE', #292, #1438, #2371, .T. ) ;
#463 = CARTESIAN_POINT ( 'NONE',  ( -0.07500000000000003886, -8.963876229210863994E-17, 0.04260660171779821065 ) ) ;
#464 = LINE ( 'NONE', #2321, #1318 ) ;
#465 = DIRECTION ( 'NONE',  ( 0.000000000000000000, 0.000000000000000000, -1.000000000000000000 ) ) ;
#466 = CARTESIAN_POINT ( 'NONE',  ( -0.05867589399233519298, 0.07657934242409597525, 0.02718030388246185647 ) ) ;
#467 = ORIENTED_EDGE ( 'NONE', *, *, #1835, .F. ) ;
#468 = CARTESIAN_POINT ( 'NONE',  ( 0.04400000000000003214, 0.1499999999999999667, 0.03099999999999999978 ) ) ;
#469 = ORIENTED_EDGE ( 'NONE', *, *, #544, .T. ) ;
#470 = AXIS2_PLACEMENT_3D ( 'NONE', #76, #1522, #1283 ) ;
#471 = AXIS2_PLACEMENT_3D ( 'NONE', #1476, #1895, #691 ) ;
#472 = CARTESIAN_POINT ( 'NONE',  ( 0.05900000000000003159, 0.1023130361900921742, 0.07940959070587139124 ) ) ;
#473 = EDGE_CURVE ( 'NONE', #2006, #746, #1552, .T. ) ;
#474 = CARTESIAN_POINT ( 'NONE',  ( -0.05900000000000003852, 0.2219999999999999751, 0.08000000000000000167 ) ) ;
#475 = LINE ( 'NONE', #2104, #2615 ) ;
#476 = CARTESIAN_POINT ( 'NONE',  ( -0.07499999999649208104, 0.07473863971574178089, 0.06202161903426994805 ) ) ;
#477 = EDGE_LOOP ( 'NONE', ( #2616, #2087, #2268, #2300 ) ) ;
#478 = EDGE_CURVE ( 'NONE', #2581, #770, #978, .T. ) ;
#479 = ORIENTED_EDGE ( 'NONE', *, *, #1900, .T. ) ;
#480 = CIRCLE ( 'NONE', #1095, 0.01669317891302379495 ) ;
#481 = CARTESIAN_POINT ( 'NONE',  ( 0.07038731423265399967, 0.09400000000000001410, 0.06850598604244148571 ) ) ;
#482 = FACE_BOUND ( 'NONE', #206, .T. ) ;
#483 = ORIENTED_EDGE ( 'NONE', *, *, #2120, .T. ) ;
#484 = DIRECTION ( 'NONE',  ( 0.000000000000000000, 0.000000000000000000, 1.000000000000000000 ) ) ;
#485 = DIRECTION ( 'NONE',  ( -0.000000000000000000, -1.000000000000000000, -0.000000000000000000 ) ) ;
#486 = LINE ( 'NONE', #1332, #2585 ) ;
#487 = FACE_BOUND ( 'NONE', #851, .T. ) ;
#488 = VECTOR ( 'NONE', #1400, 39.37007874015748143 ) ;
#489 = CARTESIAN_POINT ( 'NONE',  ( 0.05900000000000003852, 0.1900000000000000300, 0.1300000000000000322 ) ) ;
#490 = ORIENTED_EDGE ( 'NONE', *, *, #236, .F. ) ;
#491 = ORIENTED_EDGE ( 'NONE', *, *, #1903, .F. ) ;
#492 = CARTESIAN_POINT ( 'NONE',  ( 0.06705360590979919655, 0.09400000000000001410, 0.05945104559305839503 ) ) ;
#493 = CARTESIAN_POINT ( 'NONE',  ( 0.04400000000000003214, 0.1499999999999999667, 4.268512490100411279E-18 ) ) ;
#494 = EDGE_LOOP ( 'NONE', ( #213, #2506, #1597, #606 ) ) ;
#495 = CARTESIAN_POINT ( 'NONE',  ( 0.05900000000000003159, 0.08752520955349182841, 0.08017341368272813684 ) ) ;
#496 = CARTESIAN_POINT ( 'NONE',  ( -0.07499999999415346563, 0.1085169342219958200, 0.09105548747826153200 ) ) ;
#497 = CARTESIAN_POINT ( 'NONE',  ( -0.05867589399233520686, 0.07657934242409594749, 0.06202161903426996192 ) ) ;
#498 = VECTOR ( 'NONE', #203, 39.37007874015748854 ) ;
#499 = CARTESIAN_POINT ( 'NONE',  ( -0.07499999999649208104, 0.1132613602842582473, 0.06202161903426994805 ) ) ;
#500 = CARTESIAN_POINT ( 'NONE',  ( 0.04400000000000001132, 0.4000000000000000222, 0.1539999999999999702 ) ) ;
#501 = ORIENTED_EDGE ( 'NONE', *, *, #1462, .T. ) ;
#502 = EDGE_CURVE ( 'NONE', #1653, #1711, #1348, .T. ) ;
#503 = ORIENTED_EDGE ( 'NONE', *, *, #1623, .F. ) ;
#504 = EDGE_CURVE ( 'NONE', #2011, #1404, #295, .T. ) ;
#505 = FACE_OUTER_BOUND ( 'NONE', #1232, .T. ) ;
#506 = FACE_OUTER_BOUND ( 'NONE', #549, .T. ) ;
#507 = ORIENTED_EDGE ( 'NONE', *, *, #957, .F. ) ;
#508 = CARTESIAN_POINT ( 'NONE',  ( -0.07337946998506215956, 0.1040578467424873033, 0.08213731251924452637 ) ) ;
#509 = DIRECTION ( 'NONE',  ( 0.000000000000000000, 0.000000000000000000, -1.000000000000000000 ) ) ;
#510 = VECTOR ( 'NONE', #906, 39.37007874015748143 ) ;
#511 = CARTESIAN_POINT ( 'NONE',  ( -0.01299999999999998726, 0.3831563866122789097, 0.1592753352764731956 ) ) ;
#512 =( BOUNDED_CURVE ( )  B_SPLINE_CURVE ( 3, ( #1625, #607, #2303, #1656 ),
 .UNSPECIFIED., .F., .F. ) 
 B_SPLINE_CURVE_WITH_KNOTS ( ( 4, 4 ),
 ( 1.570796326794896558, 3.141592653589793116 ),
 .UNSPECIFIED. ) 
 CURVE ( )  GEOMETRIC_REPRESENTATION_ITEM ( )  RATIONAL_B_SPLINE_CURVE ( ( 1.000000000000000000, 0.8047378541243649375, 0.8047378541243649375, 1.000000000000000000 ) ) 
 REPRESENTATION_ITEM ( '' )  );
#513 = DIRECTION ( 'NONE',  ( 1.000000000000000000, -0.000000000000000000, 1.388134143122087506E-16 ) ) ;
#514 = EDGE_CURVE ( 'NONE', #1865, #1801, #166, .T. ) ;
#515 = ORIENTED_EDGE ( 'NONE', *, *, #1952, .T. ) ;
#516 = B_SPLINE_CURVE_WITH_KNOTS ( 'NONE', 3,
 ( #1958, #99, #1737, #891, #318, #1109, #928, #1315, #1725, #2562, #879, #1098, #1750, #1919, #2589, #2327, #707, #1520, #63, #1905, #51, #2352, #2146, #1712, #1700, #1942, #2535, #1510, #1494, #2545 ),
 .UNSPECIFIED., .F., .F.,
 ( 4, 1, 2, 2, 2, 1, 2, 2, 2, 1, 2, 2, 2, 1, 2, 2, 4 ),
 ( 0.000000000000000000, 0.06249999999999938938, 0.09374999999999912570, 0.1249999999999988620, 0.2499999999999981126, 0.3124999999999974465, 0.3437499999999971134, 0.3749999999999968359, 0.4999999999999968914, 0.5624999999999964473, 0.5937499999999966693, 0.6249999999999967804, 0.7499999999999977796, 0.8124999999999982236, 0.8437499999999985567, 0.8749999999999987788, 1.000000000000000000 ),
 .UNSPECIFIED. ) ;
#517 = CARTESIAN_POINT ( 'NONE',  ( 0.07500000000000002498, 0.01060660171779807641, 0.03199999999999999373 ) ) ;
#518 = ORIENTED_EDGE ( 'NONE', *, *, #30, .F. ) ;
#519 =( GEOMETRIC_REPRESENTATION_CONTEXT ( 3 ) GLOBAL_UNCERTAINTY_ASSIGNED_CONTEXT ( ( #1670 ) ) GLOBAL_UNIT_ASSIGNED_CONTEXT ( ( #2005, #1577, #2622 ) ) REPRESENTATION_CONTEXT ( 'NONE', 'WORKASPACE' ) );
#520 = EDGE_LOOP ( 'NONE', ( #137, #222, #1566, #2039, #1939, #1584, #1313, #1375, #1068, #326, #1570, #1268, #2623, #2325 ) ) ;
#521 = CARTESIAN_POINT ( 'NONE',  ( -0.04399999999999992112, 0.1499999999999999667, 2.134256245050205639E-18 ) ) ;
#522 =( BOUNDED_CURVE ( )  B_SPLINE_CURVE ( 3, ( #1354, #984, #345, #760 ),
 .UNSPECIFIED., .F., .F. ) 
 B_SPLINE_CURVE_WITH_KNOTS ( ( 4, 4 ),
 ( 0.000000000000000000, 0.6272576244926265643 ),
 .UNSPECIFIED. ) 
 CURVE ( )  GEOMETRIC_REPRESENTATION_ITEM ( )  RATIONAL_B_SPLINE_CURVE ( ( 1.000000000000000000, 0.9674802010064139646, 0.9674802010064139646, 1.000000000000000000 ) ) 
 REPRESENTATION_ITEM ( '' )  );
#523 = AXIS2_PLACEMENT_3D ( 'NONE', #2644, #1766, #1598 ) ;
#524 = VECTOR ( 'NONE', #180, 39.37007874015748143 ) ;
#525 = DIRECTION ( 'NONE',  ( 1.000000000000000000, 0.000000000000000000, -0.000000000000000000 ) ) ;
#526 = DIRECTION ( 'NONE',  ( 1.388134143122087260E-16, 0.000000000000000000, 1.000000000000000000 ) ) ;
#527 =( NAMED_UNIT ( * ) PLANE_ANGLE_UNIT ( ) SI_UNIT ( $, .RADIAN. ) );
#528 = CARTESIAN_POINT ( 'NONE',  ( -0.05899999999415345836, 0.07473863971574180864, 0.1005443396027864006 ) ) ;
#529 = CARTESIAN_POINT ( 'NONE',  ( -0.07038731423265398579, 0.09581718434752739544, 0.06850598604244147183 ) ) ;
#530 = VECTOR ( 'NONE', #182, 39.37007874015748143 ) ;
#531 = CARTESIAN_POINT ( 'NONE',  ( 0.04400000000000003214, 0.4000000000000000222, 4.268512490100411279E-18 ) ) ;
#532 = CARTESIAN_POINT ( 'NONE',  ( -0.06705360590979919655, 0.09400000000000001410, 0.05945104559305839503 ) ) ;
#533 = ORIENTED_EDGE ( 'NONE', *, *, #901, .T. ) ;
#534 = ORIENTED_EDGE ( 'NONE', *, *, #1797, .T. ) ;
#535 = CARTESIAN_POINT ( 'NONE',  ( -0.05900000000000001771, 0.1499999999999999667, 0.03199999999999999373 ) ) ;
#536 = ORIENTED_EDGE ( 'NONE', *, *, #1884, .T. ) ;
#537 = CARTESIAN_POINT ( 'NONE',  ( 0.03064635807878570914, 0.3883477846327524352, 0.06122418264338504862 ) ) ;
#538 = DIRECTION ( 'NONE',  ( 0.000000000000000000, -0.7071067811865476838, -0.7071067811865472397 ) ) ;
#539 = DIMENSIONAL_EXPONENTS ( 1.000000000000000000, 0.000000000000000000, 0.000000000000000000, 0.000000000000000000, 0.000000000000000000, 0.000000000000000000, 0.000000000000000000 ) ;
#540 = EDGE_CURVE ( 'NONE', #657, #369, #2181, .T. ) ;
#541 =( NAMED_UNIT ( * ) SI_UNIT ( $, .STERADIAN. ) SOLID_ANGLE_UNIT ( ) );
#542 = ADVANCED_FACE ( 'NONE', ( #1798 ), #1575, .F. ) ;
#543 = CARTESIAN_POINT ( 'NONE',  ( 0.05806666666082011680, 0.1106931789130237986, 0.06202161903426994805 ) ) ;
#544 = EDGE_CURVE ( 'NONE', #1150, #163, #572, .T. ) ;
#545 = EDGE_CURVE ( 'NONE', #2695, #1419, #14, .T. ) ;
#546 = LINE ( 'NONE', #744, #593 ) ;
#547 = CARTESIAN_POINT ( 'NONE',  ( -0.04399999999999981010, 0.1499999999999999667, 0.01600000000000000033 ) ) ;
#548 = VERTEX_POINT ( 'NONE', #378 ) ;
#549 = EDGE_LOOP ( 'NONE', ( #2067, #91, #1789, #1684, #807, #849, #2688, #550, #1267, #1339, #1615, #179, #1280, #73 ) ) ;
#550 = ORIENTED_EDGE ( 'NONE', *, *, #2687, .F. ) ;
#551 = DIRECTION ( 'NONE',  ( -1.388134143122087506E-16, -1.224646799147353207E-16, 1.000000000000000000 ) ) ;
#552 = ORIENTED_EDGE ( 'NONE', *, *, #1304, .T. ) ;
#553 = LINE ( 'NONE', #2026, #2143 ) ;
#554 = DIRECTION ( 'NONE',  ( 0.8120265161319434322, 0.5836205420464726235, 0.000000000000000000 ) ) ;
#555 = LINE ( 'NONE', #1371, #1286 ) ;
#556 = ADVANCED_FACE ( 'NONE', ( #1444 ), #1206, .F. ) ;
#557 = DIRECTION ( 'NONE',  ( 1.000000000000000000, 0.000000000000000000, -0.000000000000000000 ) ) ;
#558 = ORIENTED_EDGE ( 'NONE', *, *, #1779, .F. ) ;
#559 = VECTOR ( 'NONE', #2111, 39.37007874015748143 ) ;
#560 = VECTOR ( 'NONE', #2406, 39.37007874015748143 ) ;
#561 = ORIENTED_EDGE ( 'NONE', *, *, #964, .F. ) ;
#562 = EDGE_CURVE ( 'NONE', #2314, #1530, #1730, .T. ) ;
#563 = FACE_OUTER_BOUND ( 'NONE', #477, .T. ) ;
#564 = VECTOR ( 'NONE', #1776, 39.37007874015748143 ) ;
#565 = VECTOR ( 'NONE', #2182, 39.37007874015748854 ) ;
#566 = VERTEX_POINT ( 'NONE', #2046 ) ;
#567 = DIRECTION ( 'NONE',  ( 0.000000000000000000, -0.000000000000000000, -1.000000000000000000 ) ) ;
#568 = CARTESIAN_POINT ( 'NONE',  ( 0.1000000000000000056, 0.01060660171779814233, 0.09400000000000004186 ) ) ;
#569 = CARTESIAN_POINT ( 'NONE',  ( 0.04953937537483232845, 0.1007936866435028417, 0.05533812808711992964 ) ) ;
#570 = CARTESIAN_POINT ( 'NONE',  ( 0.05900000000000003852, 0.2219999999999999751, 0.1539999999999999702 ) ) ;
#571 = DIRECTION ( 'NONE',  ( 1.388134143122087260E-16, 0.000000000000000000, -1.000000000000000000 ) ) ;
#572 = LINE ( 'NONE', #732, #2512 ) ;
#573 = LINE ( 'NONE', #768, #565 ) ;
#574 = VERTEX_POINT ( 'NONE', #1867 ) ;
#575 = ORIENTED_EDGE ( 'NONE', *, *, #750, .F. ) ;
#576 = CARTESIAN_POINT ( 'NONE',  ( -0.01780294143062747733, 0.3977386107208348842, 0.06291505052267069853 ) ) ;
#577 = ORIENTED_EDGE ( 'NONE', *, *, #880, .F. ) ;
#578 = DIRECTION ( 'NONE',  ( -0.8120265161319436542, -0.5836205420464720683, 0.000000000000000000 ) ) ;
#579 = LINE ( 'NONE', #1344, #1986 ) ;
#580 =( LENGTH_UNIT ( ) NAMED_UNIT ( * ) SI_UNIT ( $, .METRE. ) );
#581 = DIRECTION ( 'NONE',  ( 0.5819053918177805595, -0.8096401240081088080, 0.07660929819238442018 ) ) ;
#582 = CARTESIAN_POINT ( 'NONE',  ( 0.1000000000000000056, 0.1499999999999999944, 0.03200000000000000067 ) ) ;
#583 = CARTESIAN_POINT ( 'NONE',  ( 0.01715768608882920973, 0.2219999999999999751, 0.06300000000000000044 ) ) ;
#584 = CARTESIAN_POINT ( 'NONE',  ( 0.07500000000000003886, 0.2219999999999999751, 0.1849999999999999978 ) ) ;
#585 = ORIENTED_EDGE ( 'NONE', *, *, #344, .F. ) ;
#586 = AXIS2_PLACEMENT_3D ( 'NONE', #2407, #146, #2397 ) ;
#587 = LINE ( 'NONE', #1764, #1644 ) ;
#588 = AXIS2_PLACEMENT_3D ( 'NONE', #762, #947, #331 ) ;
#589 = EDGE_CURVE ( 'NONE', #416, #1819, #865, .T. ) ;
#590 = EDGE_LOOP ( 'NONE', ( #1506, #2281, #250, #1519 ) ) ;
#591 = DIRECTION ( 'NONE',  ( -0.000000000000000000, -1.000000000000000000, -0.000000000000000000 ) ) ;
#592 = CARTESIAN_POINT ( 'NONE',  ( -0.05900000000000003852, 0.1016559092488301536, 0.04433735926968188773 ) ) ;
#593 = VECTOR ( 'NONE', #1964, 39.37007874015748143 ) ;
#594 = CARTESIAN_POINT ( 'NONE',  ( 0.05806666666082012374, 0.07730682108697620181, 0.09540797686031751712 ) ) ;
#595 = CARTESIAN_POINT ( 'NONE',  ( 0.05899999999649208765, 0.07473863971574176701, 0.06202161903426994805 ) ) ;
#596 = VERTEX_POINT ( 'NONE', #1398 ) ;
#597 = DIRECTION ( 'NONE',  ( 0.000000000000000000, -1.000000000000000000, 0.000000000000000000 ) ) ;
#598 = EDGE_CURVE ( 'NONE', #1197, #1653, #629, .T. ) ;
#599 = CARTESIAN_POINT ( 'NONE',  ( 0.05900000000000003159, 0.1107838805823907480, 0.05254329108587746378 ) ) ;
#600 = CARTESIAN_POINT ( 'NONE',  ( 0.03891095122187445549, 0.3883477846327524352, 0.1239999999999999852 ) ) ;
#601 = DIRECTION ( 'NONE',  ( -0.9914448613738100491, 7.807935954346557088E-16, 0.1305261922200539326 ) ) ;
#602 = EDGE_CURVE ( 'NONE', #360, #2479, #36, .T. ) ;
#603 = ORIENTED_EDGE ( 'NONE', *, *, #2380, .T. ) ;
#604 = DIRECTION ( 'NONE',  ( -1.000000000000000000, 0.000000000000000000, -0.000000000000000000 ) ) ;
#605 = AXIS2_PLACEMENT_3D ( 'NONE', #2567, #1103, #509 ) ;
#606 = ORIENTED_EDGE ( 'NONE', *, *, #2062, .F. ) ;
#607 = CARTESIAN_POINT ( 'NONE',  ( -0.02900000000000000494, 0.3892384159717856007, 0.1627867965644035630 ) ) ;
#608 = CARTESIAN_POINT ( 'NONE',  ( -0.05900000000000002465, 0.08806005187242038623, 0.04368885948349654491 ) ) ;
#609 = CARTESIAN_POINT ( 'NONE',  ( 0.05806666666082010986, 0.07730682108697620181, 0.02863526120822236509 ) ) ;
#610 = VERTEX_POINT ( 'NONE', #815 ) ;
#611 = PLANE ( 'NONE',  #2416 ) ;
#612 = DIRECTION ( 'NONE',  ( -0.1305261922200539604, -0.000000000000000000, -0.9914448613738101601 ) ) ;
#613 = VECTOR ( 'NONE', #393, 39.37007874015748854 ) ;
#614 = DIRECTION ( 'NONE',  ( 0.000000000000000000, 6.829619984160659032E-16, 1.000000000000000000 ) ) ;
#615 = DIRECTION ( 'NONE',  ( -1.000000000000000000, -0.000000000000000000, 1.388134143122087506E-16 ) ) ;
#616 = CARTESIAN_POINT ( 'NONE',  ( 0.07500000000000003886, 0.1900000000000000300, 0.1300000000000000044 ) ) ;
#617 = ORIENTED_EDGE ( 'NONE', *, *, #262, .F. ) ;
#618 = ORIENTED_EDGE ( 'NONE', *, *, #944, .T. ) ;
#619 = CARTESIAN_POINT ( 'NONE',  ( 0.04499999999999999833, 0.3070000000000000506, 0.1539999999999999702 ) ) ;
#620 = EDGE_LOOP ( 'NONE', ( #167, #2637, #1837, #857, #2019, #1069, #2044, #2132, #116, #281, #797, #1654, #191, #809 ) ) ;
#621 = CARTESIAN_POINT ( 'NONE',  ( 0.009050425072378073116, 0.3649951489058733123, 0.1239999999999999575 ) ) ;
#622 = CIRCLE ( 'NONE', #1687, 0.01599999999999999686 ) ;
#623 =( BOUNDED_CURVE ( )  B_SPLINE_CURVE ( 3, ( #1833, #2272, #1031, #2507 ),
 .UNSPECIFIED., .F., .F. ) 
 B_SPLINE_CURVE_WITH_KNOTS ( ( 4, 4 ),
 ( 0.000000000000000000, 1.000000000000000000 ),
 .UNSPECIFIED. ) 
 CURVE ( )  GEOMETRIC_REPRESENTATION_ITEM ( )  RATIONAL_B_SPLINE_CURVE ( ( 1.000000000000000000, 0.3333333333333332038, 0.3333333333333332038, 1.000000000000000000 ) ) 
 REPRESENTATION_ITEM ( '' )  );
#624 = SURFACE_STYLE_FILL_AREA ( #640 ) ;
#625 = CARTESIAN_POINT ( 'NONE',  ( 0.05899999999415343754, 0.07568752492819426358, 0.06202161903426994111 ) ) ;
#626 = ORIENTED_EDGE ( 'NONE', *, *, #1087, .F. ) ;
#627 = PLANE ( 'NONE',  #125 ) ;
#628 = ADVANCED_FACE ( 'NONE', ( #1632 ), #2058, .F. ) ;
#629 = LINE ( 'NONE', #583, #652 ) ;
#630 = CARTESIAN_POINT ( 'NONE',  ( 0.1000000000000000056, 0.1899999999999999745, 0.08000000000000000167 ) ) ;
#631 = CARTESIAN_POINT ( 'NONE',  ( 0.07033333332748679945, 0.09400000000000001410, 0.06202161903426994805 ) ) ;
#632 = CARTESIAN_POINT ( 'NONE',  ( 0.07033333332748681332, 0.09400000000000001410, 0.05560116560618386106 ) ) ;
#633 = ADVANCED_FACE ( 'NONE', ( #2262 ), #2, .T. ) ;
#634 = ORIENTED_EDGE ( 'NONE', *, *, #2520, .F. ) ;
#635 = ORIENTED_EDGE ( 'NONE', *, *, #1495, .T. ) ;
#636 = ADVANCED_FACE ( 'NONE', ( #1309 ), #1883, .F. ) ;
#637 = ORIENTED_EDGE ( 'NONE', *, *, #2267, .T. ) ;
#638 = CARTESIAN_POINT ( 'NONE',  ( -0.01715768608882924443, 0.3464000000000000412, 0.06300000000000000044 ) ) ;
#639 = ADVANCED_FACE ( 'NONE', ( #1285 ), #2373, .T. ) ;
#640 = FILL_AREA_STYLE ('',( #1230 ) ) ;
#641 = CARTESIAN_POINT ( 'NONE',  ( 0.05899999999415343754, 0.1123124750718057091, 0.06202161903426993417 ) ) ;
#642 = ORIENTED_EDGE ( 'NONE', *, *, #2693, .F. ) ;
#643 = DIRECTION ( 'NONE',  ( 0.000000000000000000, 0.000000000000000000, -1.000000000000000000 ) ) ;
#644 = CARTESIAN_POINT ( 'NONE',  ( 0.05900000000000003159, 0.1057470538457487147, 0.04653311394331999945 ) ) ;
#645 = DIRECTION ( 'NONE',  ( 0.000000000000000000, 1.000000000000000000, 0.000000000000000000 ) ) ;
#646 = CARTESIAN_POINT ( 'NONE',  ( -0.05625681407656316774, 0.1123641231719625933, 0.05533812808711991577 ) ) ;
#647 = CARTESIAN_POINT ( 'NONE',  ( 0.07500000000000002498, -4.481938114605431997E-17, 0.04260660171779821065 ) ) ;
#648 = EDGE_LOOP ( 'NONE', ( #1728, #2572, #490, #2442 ) ) ;
#649 =( BOUNDED_CURVE ( )  B_SPLINE_CURVE ( 3, ( #165, #2657, #971, #2392 ),
 .UNSPECIFIED., .F., .T. ) 
 B_SPLINE_CURVE_WITH_KNOTS ( ( 4, 4 ),
 ( 0.000000000000000000, 1.000000000000000000 ),
 .UNSPECIFIED. ) 
 CURVE ( )  GEOMETRIC_REPRESENTATION_ITEM ( )  RATIONAL_B_SPLINE_CURVE ( ( 1.000000000000000000, 0.3333333333333335369, 0.3333333333333335369, 1.000000000000000000 ) ) 
 REPRESENTATION_ITEM ( '' )  );
#650 = UNCERTAINTY_MEASURE_WITH_UNIT (LENGTH_MEASURE( 1.000000000000000082E-05 ), #2383, 'distance_accuracy_value', 'NONE');
#651 = EDGE_LOOP ( 'NONE', ( #2564, #972, #2034, #1803 ) ) ;
#652 = VECTOR ( 'NONE', #1661, 39.37007874015748854 ) ;
#653 = DIRECTION ( 'NONE',  ( -0.000000000000000000, -1.000000000000000000, -0.000000000000000000 ) ) ;
#654 = DIRECTION ( 'NONE',  ( 0.000000000000000000, -0.000000000000000000, 1.000000000000000000 ) ) ;
#655 = AXIS2_PLACEMENT_3D ( 'NONE', #1573, #1385, #118 ) ;
#656 = DIRECTION ( 'NONE',  ( 0.000000000000000000, 1.000000000000000000, 0.000000000000000000 ) ) ;
#657 = VERTEX_POINT ( 'NONE', #2113 ) ;
#658 = CARTESIAN_POINT ( 'NONE',  ( -0.02900000000000000147, 0.3740192378864669043, 0.1539999999999999702 ) ) ;
#659 = AXIS2_PLACEMENT_3D ( 'NONE', #1137, #918, #723 ) ;
#660 = STYLED_ITEM ( 'NONE', ( #1350 ), #1422 ) ;
#661 = CARTESIAN_POINT ( 'NONE',  ( -0.05625681407656315386, 0.07563587682803746270, 0.06870510998141997339 ) ) ;
#662 = CARTESIAN_POINT ( 'NONE',  ( -0.06795123477111331134, 0.08893310725418955565, 0.06459219247548150800 ) ) ;
#663 = CYLINDRICAL_SURFACE ( 'NONE', #1071, 0.01599999999999999686 ) ;
#664 = DIRECTION ( 'NONE',  ( 1.388134143122087506E-16, 0.000000000000000000, -1.000000000000000000 ) ) ;
#665 = AXIS2_PLACEMENT_3D ( 'NONE', #2405, #551, #1201 ) ;
#666 = CARTESIAN_POINT ( 'NONE',  ( 0.03064635807878576118, 0.3883477846327524352, 0.06122418264338508331 ) ) ;
#667 = ORIENTED_EDGE ( 'NONE', *, *, #478, .T. ) ;
#668 = ADVANCED_FACE ( 'NONE', ( #1090 ), #68, .T. ) ;
#669 = CARTESIAN_POINT ( 'NONE',  ( -0.05900000000000002465, 0.1900000000000000300, 0.03100000000000022182 ) ) ;
#670 = DIRECTION ( 'NONE',  ( -1.000000000000000000, -0.000000000000000000, 0.000000000000000000 ) ) ;
#671 = VECTOR ( 'NONE', #1047, 39.37007874015748854 ) ;
#672 = EDGE_CURVE ( 'NONE', #208, #574, #43, .T. ) ;
#673 = EDGE_CURVE ( 'NONE', #1530, #2011, #870, .T. ) ;
#674 = CARTESIAN_POINT ( 'NONE',  ( -0.05806666666082013761, 0.07730682108697618793, 0.06202161903426994805 ) ) ;
#675 = ORIENTED_EDGE ( 'NONE', *, *, #878, .T. ) ;
#676 = CARTESIAN_POINT ( 'NONE',  ( -0.05187321041424906853, 0.08082607886089281102, 0.05533812808711992964 ) ) ;
#677 = CARTESIAN_POINT ( 'NONE',  ( -0.07499999999415346563, 0.07473863971574180864, 0.1005443396027864006 ) ) ;
#678 = DIRECTION ( 'NONE',  ( 0.000000000000000000, 1.000000000000000000, 0.000000000000000000 ) ) ;
#679 = CARTESIAN_POINT ( 'NONE',  ( -0.07499999999415346563, 0.07948306577800422212, 0.03298775059027837103 ) ) ;
#680 = DIRECTION ( 'NONE',  ( -0.000000000000000000, -1.000000000000000000, -0.000000000000000000 ) ) ;
#681 = ORIENTED_EDGE ( 'NONE', *, *, #1828, .F. ) ;
#682 = CARTESIAN_POINT ( 'NONE',  ( 0.07038731423265398579, 0.09218281565247259113, 0.05553725202609841038 ) ) ;
#683 = EDGE_CURVE ( 'NONE', #1291, #1178, #2375, .T. ) ;
#684 = CARTESIAN_POINT ( 'NONE',  ( 0.05900000000000002465, 0.01060660171779804692, 0.03199999999999999373 ) ) ;
#685 = VERTEX_POINT ( 'NONE', #2319 ) ;
#686 = CARTESIAN_POINT ( 'NONE',  ( 0.05900000000000003159, 0.1109377586804259075, 0.07157248134623853120 ) ) ;
#687 = CARTESIAN_POINT ( 'NONE',  ( 0.05820701701425483321, 0.09400000000000001410, 0.07888097325551590711 ) ) ;
#688 = DIRECTION ( 'NONE',  ( -0.000000000000000000, -1.000000000000000000, -0.000000000000000000 ) ) ;
#689 = EDGE_CURVE ( 'NONE', #2479, #360, #2456, .T. ) ;
#690 = CARTESIAN_POINT ( 'NONE',  ( 0.05806666666082011680, 0.09400000000000001410, 0.06202161903426994805 ) ) ;
#691 = DIRECTION ( 'NONE',  ( 0.000000000000000000, 1.000000000000000000, 0.000000000000000000 ) ) ;
#692 = ORIENTED_EDGE ( 'NONE', *, *, #2154, .F. ) ;
#693 = EDGE_CURVE ( 'NONE', #1438, #1173, #2014, .T. ) ;
#694 = ORIENTED_EDGE ( 'NONE', *, *, #262, .T. ) ;
#695 = CARTESIAN_POINT ( 'NONE',  ( 0.07499999999415345175, 0.1132613602842581779, 0.02349889846575354060 ) ) ;
#696 = VERTEX_POINT ( 'NONE', #992 ) ;
#697 = AXIS2_PLACEMENT_3D ( 'NONE', #966, #2631, #2449 ) ;
#698 = VECTOR ( 'NONE', #2396, 39.37007874015748143 ) ;
#699 = CARTESIAN_POINT ( 'NONE',  ( 0.05900000000000003159, 0.1034783279483927343, 0.07880549961665862801 ) ) ;
#700 = CARTESIAN_POINT ( 'NONE',  ( 0.06963723617969565238, 0.1010631242969086685, 0.06459219247548150800 ) ) ;
#701 = CARTESIAN_POINT ( 'NONE',  ( 0.05806666666082013067, 0.09400000000000001410, 0.07871479794729374646 ) ) ;
#702 = VECTOR ( 'NONE', #1603, 39.37007874015748143 ) ;
#703 = CARTESIAN_POINT ( 'NONE',  ( -0.07337946998506215956, 0.1040578467424873171, 0.04190592554929535585 ) ) ;
#704 = CARTESIAN_POINT ( 'NONE',  ( -0.05867589399233519298, 0.1114206575759040668, 0.02718030388246182524 ) ) ;
#705 = VERTEX_POINT ( 'NONE', #867 ) ;
#706 = ORIENTED_EDGE ( 'NONE', *, *, #1518, .F. ) ;
#707 = CARTESIAN_POINT ( 'NONE',  ( -0.05900000000000002465, 0.09701739023066077716, 0.08111624388831568944 ) ) ;
#708 = LINE ( 'NONE', #2591, #559 ) ;
#709 = VERTEX_POINT ( 'NONE', #1809 ) ;
#710 = CARTESIAN_POINT ( 'NONE',  ( 0.05900000000000002465, 0.08922365604069225353, 0.08069313212767112442 ) ) ;
#711 = CARTESIAN_POINT ( 'NONE',  ( 0.07038731423265398579, 0.09581718434752739544, 0.05553725202609841038 ) ) ;
#712 = DIRECTION ( 'NONE',  ( -0.000000000000000000, -1.000000000000000000, -6.124411260078198181E-17 ) ) ;
#713 = ADVANCED_FACE ( 'NONE', ( #1686 ), #1412, .T. ) ;
#714 = CARTESIAN_POINT ( 'NONE',  ( 0.04400000000000003214, 0.4000000000000000222, 0.03099999999999999978 ) ) ;
#715 = AXIS2_PLACEMENT_3D ( 'NONE', #2568, #2532, #1926 ) ;
#716 =( BOUNDED_SURFACE ( )  B_SPLINE_SURFACE ( 3, 3, ( 
 ( #1551, #529, #94, #296 ),
 ( #2387, #2579, #1347, #2370 ),
 ( #532, #354, #1992, #1799 ),
 ( #1374, #2596, #2636, #1149 ) ),
 .UNSPECIFIED., .F., .F., .T. ) 
 B_SPLINE_SURFACE_WITH_KNOTS ( ( 4, 4 ),
 ( 4, 4 ),
 ( 0.000000000000000000, 1.000000000000000000 ),
 ( 0.000000000000000000, 1.000000000000000000 ),
 .UNSPECIFIED. ) 
 GEOMETRIC_REPRESENTATION_ITEM ( )  RATIONAL_B_SPLINE_SURFACE ( (
 ( 1.000000000000000000, 0.9594278070612419773, 0.9594278070612419773, 1.000000000000000000),
 ( 0.8408457174332989448, 0.8067307627538666814, 0.8067307627538666814, 0.8408457174332989448),
 ( 0.8408457174332989448, 0.8067307627538666814, 0.8067307627538666814, 0.8408457174332989448),
 ( 1.000000000000000000, 0.9594278070612419773, 0.9594278070612419773, 1.000000000000000000) ) ) 
 REPRESENTATION_ITEM ( '' )  SURFACE ( )  );
#717 = DIRECTION ( 'NONE',  ( -0.000000000000000000, -1.000000000000000000, -0.000000000000000000 ) ) ;
#718 = ORIENTED_EDGE ( 'NONE', *, *, #1163, .T. ) ;
#719 = ADVANCED_FACE ( 'NONE', ( #252 ), #1673, .T. ) ;
#720 = ORIENTED_EDGE ( 'NONE', *, *, #1581, .F. ) ;
#721 = EDGE_CURVE ( 'NONE', #746, #1324, #1059, .T. ) ;
#722 = VERTEX_POINT ( 'NONE', #1824 ) ;
#723 = DIRECTION ( 'NONE',  ( 0.000000000000000000, 1.000000000000000000, 6.124411260078198181E-17 ) ) ;
#724 = DIRECTION ( 'NONE',  ( 0.000000000000000000, 0.000000000000000000, 1.000000000000000000 ) ) ;
#725 = EDGE_CURVE ( 'NONE', #1983, #1658, #2029, .T. ) ;
#726 = EDGE_LOOP ( 'NONE', ( #1593, #1252, #2237 ) ) ;
#727 = CARTESIAN_POINT ( 'NONE',  ( 0.06795123477111331134, 0.09906689274581045868, 0.06459219247548150800 ) ) ;
#728 = VECTOR ( 'NONE', #949, 39.37007874015748143 ) ;
#729 = CARTESIAN_POINT ( 'NONE',  ( -0.02886311778198096673, 0.4000000000000000222, 0.1519115809244791226 ) ) ;
#730 = AXIS2_PLACEMENT_3D ( 'NONE', #1950, #2540, #1936 ) ;
#731 = PLANE ( 'NONE',  #1258 ) ;
#732 = CARTESIAN_POINT ( 'NONE',  ( 0.07500000000000003886, 0.1899999999999999745, 0.08000000000000000167 ) ) ;
#733 = VERTEX_POINT ( 'NONE', #2650 ) ;
#734 = DIRECTION ( 'NONE',  ( 0.000000000000000000, 1.000000000000000000, 0.000000000000000000 ) ) ;
#735 = ORIENTED_EDGE ( 'NONE', *, *, #1146, .T. ) ;
#736 = AXIS2_PLACEMENT_3D ( 'NONE', #1302, #2130, #275 ) ;
#737 = CARTESIAN_POINT ( 'NONE',  ( 0.06705360590979919655, 0.09138704359865275351, 0.06459219247548150800 ) ) ;
#738 = LINE ( 'NONE', #2095, #1260 ) ;
#739 = LINE ( 'NONE', #2189, #2557 ) ;
#740 = CARTESIAN_POINT ( 'NONE',  ( 0.05820701701425481933, 0.09872467930357124721, 0.04516226481302400980 ) ) ;
#741 = DIRECTION ( 'NONE',  ( -0.9914448613738101601, 0.000000000000000000, -0.1305261922200536273 ) ) ;
#742 = VECTOR ( 'NONE', #1454, 39.37007874015748143 ) ;
#743 = CARTESIAN_POINT ( 'NONE',  ( -0.05900000000000003852, 0.1499999999999999667, 0.09399999999999998634 ) ) ;
#744 = CARTESIAN_POINT ( 'NONE',  ( 0.1000000000000000056, 0.01060660171779814233, 0.09400000000000004186 ) ) ;
#745 = SURFACE_STYLE_USAGE ( .BOTH. , #1965 ) ;
#746 = VERTEX_POINT ( 'NONE', #1009 ) ;
#747 = EDGE_LOOP ( 'NONE', ( #1216, #916 ) ) ;
#748 = DIRECTION ( 'NONE',  ( 0.000000000000000000, -0.000000000000000000, 1.000000000000000000 ) ) ;
#749 = ADVANCED_FACE ( 'NONE', ( #2245, #2315 ), #455, .T. ) ;
#750 = EDGE_CURVE ( 'NONE', #300, #893, #429, .T. ) ;
#751 = AXIS2_PLACEMENT_3D ( 'NONE', #2458, #1027, #2050 ) ;
#752 = ADVANCED_FACE ( 'NONE', ( #447 ), #1271, .T. ) ;
#753 = FACE_OUTER_BOUND ( 'NONE', #2401, .T. ) ;
#754 = EDGE_CURVE ( 'NONE', #1325, #355, #58, .T. ) ;
#755 = VERTEX_POINT ( 'NONE', #792 ) ;
#756 = FACE_OUTER_BOUND ( 'NONE', #2049, .T. ) ;
#757 = DIRECTION ( 'NONE',  ( -1.388134143122087260E-16, -0.000000000000000000, 1.000000000000000000 ) ) ;
#758 = ORIENTED_EDGE ( 'NONE', *, *, #725, .F. ) ;
#759 = VERTEX_POINT ( 'NONE', #1193 ) ;
#760 = CARTESIAN_POINT ( 'NONE',  ( 0.03891095122187445549, 0.3883477846327524352, 0.1239999999999999852 ) ) ;
#761 = EDGE_LOOP ( 'NONE', ( #128, #1800, #945, #1873 ) ) ;
#762 = CARTESIAN_POINT ( 'NONE',  ( -0.04400000000000003214, 0.4000000000000000222, 0.03099999999999999978 ) ) ;
#763 = FACE_OUTER_BOUND ( 'NONE', #356, .T. ) ;
#764 = LINE ( 'NONE', #1562, #1111 ) ;
#765 = CARTESIAN_POINT ( 'NONE',  ( -0.07033333332748681332, 0.09400000000000001410, 0.06844207246235604891 ) ) ;
#766 = EDGE_CURVE ( 'NONE', #836, #292, #2096, .T. ) ;
#767 = CARTESIAN_POINT ( 'NONE',  ( 0.1000000000000000056, 0.2219999999999999751, 0.08000000000000000167 ) ) ;
#768 = CARTESIAN_POINT ( 'NONE',  ( -0.03064635807878576118, 0.3883477846327524352, 0.06122418264338508331 ) ) ;
#769 = ORIENTED_EDGE ( 'NONE', *, *, #1500, .T. ) ;
#770 = VERTEX_POINT ( 'NONE', #2632 ) ;
#771 = CARTESIAN_POINT ( 'NONE',  ( 0.05900000000000003852, 0.4000000000000000222, 0.1539999999999999702 ) ) ;
#772 = VERTEX_POINT ( 'NONE', #1073 ) ;
#773 = PLANE ( 'NONE',  #2521 ) ;
#774 = PLANE ( 'NONE',  #1509 ) ;
#775 = LINE ( 'NONE', #376, #1810 ) ;
#776 = LINE ( 'NONE', #365, #702 ) ;
#777 = CARTESIAN_POINT ( 'NONE',  ( -0.04400000000000001132, 0.4000000000000000222, 0.1539999999999999702 ) ) ;
#778 = AXIS2_PLACEMENT_3D ( 'NONE', #1158, #134, #2192 ) ;
#779 = PLANE ( 'NONE',  #302 ) ;
#780 = ORIENTED_EDGE ( 'NONE', *, *, #2316, .F. ) ;
#781 = AXIS2_PLACEMENT_3D ( 'NONE', #976, #2190, #147 ) ;
#782 = ORIENTED_EDGE ( 'NONE', *, *, #683, .F. ) ;
#783 = DIRECTION ( 'NONE',  ( 0.000000000000000000, 0.000000000000000000, 1.000000000000000000 ) ) ;
#784 = VECTOR ( 'NONE', #1567, 39.37007874015748143 ) ;
#785 = CIRCLE ( 'NONE', #912, 0.003999999999999994879 ) ;
#786 = EDGE_LOOP ( 'NONE', ( #2338, #534, #53, #1251 ) ) ;
#787 = FACE_OUTER_BOUND ( 'NONE', #761, .T. ) ;
#788 = DIRECTION ( 'NONE',  ( 1.000000000000000000, 0.000000000000000000, -0.000000000000000000 ) ) ;
#789 = VECTOR ( 'NONE', #2454, 39.37007874015748143 ) ;
#790 = DIRECTION ( 'NONE',  ( 0.000000000000000000, 1.000000000000000000, -0.000000000000000000 ) ) ;
#791 = CARTESIAN_POINT ( 'NONE',  ( 0.05867589399233518604, 0.07657934242409596137, 0.06202161903426994111 ) ) ;
#792 = CARTESIAN_POINT ( 'NONE',  ( 0.05806666666082011680, 0.09400000000000001410, 0.04532844012124615657 ) ) ;
#793 = CARTESIAN_POINT ( 'NONE',  ( 0.04400000000000001132, 0.4000000000000000222, 0.1539999999999999702 ) ) ;
#794 = CIRCLE ( 'NONE', #1596, 0.006420453428086091326 ) ;
#795 = DIRECTION ( 'NONE',  ( -0.000000000000000000, -1.000000000000000000, -0.000000000000000000 ) ) ;
#796 = EDGE_CURVE ( 'NONE', #1239, #255, #776, .T. ) ;
#797 = ORIENTED_EDGE ( 'NONE', *, *, #106, .F. ) ;
#798 = EDGE_LOOP ( 'NONE', ( #1775, #2518, #2372, #1890, #1996, #823 ) ) ;
#799 = DIRECTION ( 'NONE',  ( -0.000000000000000000, -1.000000000000000000, -0.000000000000000000 ) ) ;
#800 = ORIENTED_EDGE ( 'NONE', *, *, #64, .F. ) ;
#801 = PLANE ( 'NONE',  #211 ) ;
#802 = ADVANCED_FACE ( 'NONE', ( #2438 ), #377, .T. ) ;
#803 = LINE ( 'NONE', #1156, #1589 ) ;
#804 = DIRECTION ( 'NONE',  ( 1.388134143122087260E-16, 0.000000000000000000, -1.000000000000000000 ) ) ;
#805 = CARTESIAN_POINT ( 'NONE',  ( 0.05900000000000003852, 0.1097946686426098384, 0.05085309306061767953 ) ) ;
#806 = CARTESIAN_POINT ( 'NONE',  ( -0.02518848844166051912, 0.3070000000000000506, 0.1239999999999999852 ) ) ;
#807 = ORIENTED_EDGE ( 'NONE', *, *, #907, .T. ) ;
#808 = DIRECTION ( 'NONE',  ( 0.000000000000000000, 0.000000000000000000, 1.000000000000000000 ) ) ;
#809 = ORIENTED_EDGE ( 'NONE', *, *, #1028, .F. ) ;
#810 = DIRECTION ( 'NONE',  ( 0.9914448613738100491, 0.000000000000000000, 0.1305261922200539326 ) ) ;
#811 = CARTESIAN_POINT ( 'NONE',  ( -0.05900000000000003159, 0.09098260976934155475, 0.04292699418022333929 ) ) ;
#812 = CARTESIAN_POINT ( 'NONE',  ( 0.02886311778198095979, 0.4000000000000000222, 0.1519115809244791504 ) ) ;
#813 = ORIENTED_EDGE ( 'NONE', *, *, #2561, .T. ) ;
#814 = PLANE ( 'NONE',  #1508 ) ;
#815 = CARTESIAN_POINT ( 'NONE',  ( -0.009050425072378064442, 0.3070000000000000506, 0.1239999999999999852 ) ) ;
#816 = DIRECTION ( 'NONE',  ( 0.000000000000000000, -1.000000000000000000, -0.000000000000000000 ) ) ;
#817 = CARTESIAN_POINT ( 'NONE',  ( 0.1000000000000000056, 0.2059999999999999887, 0.08000000000000000167 ) ) ;
#818 = DIRECTION ( 'NONE',  ( -0.000000000000000000, -1.000000000000000000, -0.000000000000000000 ) ) ;
#819 = VERTEX_POINT ( 'NONE', #521 ) ;
#820 = LINE ( 'NONE', #619, #391 ) ;
#821 = AXIS2_PLACEMENT_3D ( 'NONE', #24, #2509, #240 ) ;
#822 = VECTOR ( 'NONE', #2306, 39.37007874015748143 ) ;
#823 = ORIENTED_EDGE ( 'NONE', *, *, #316, .F. ) ;
#824 = ADVANCED_FACE ( 'NONE', ( #505 ), #248, .F. ) ;
#825 = LINE ( 'NONE', #2674, #2424 ) ;
#826 = CARTESIAN_POINT ( 'NONE',  ( -0.05900000000000001771, 0.07518943065887724597, 0.05720195830157643463 ) ) ;
#827 = ADVANCED_FACE ( 'NONE', ( #290 ), #2159, .T. ) ;
#828 = CARTESIAN_POINT ( 'NONE',  ( -0.05900000000000003159, 0.4000000000000000222, 0.1539999999999999702 ) ) ;
#829 = EDGE_LOOP ( 'NONE', ( #1954, #2221, #403, #1467, #21 ) ) ;
#830 = FACE_OUTER_BOUND ( 'NONE', #1829, .T. ) ;
#831 = DIRECTION ( 'NONE',  ( 0.000000000000000000, -1.000000000000000000, 0.000000000000000000 ) ) ;
#832 = LINE ( 'NONE', #1416, #2301 ) ;
#833 = CARTESIAN_POINT ( 'NONE',  ( -0.05820701701425486096, 0.09872467930357124721, 0.04516226481302399592 ) ) ;
#834 = LINE ( 'NONE', #442, #876 ) ;
#835 = ORIENTED_EDGE ( 'NONE', *, *, #2436, .T. ) ;
#836 = VERTEX_POINT ( 'NONE', #2134 ) ;
#837 = CARTESIAN_POINT ( 'NONE',  ( -0.07033333332748681332, 0.09400000000000001410, 0.05560116560618386106 ) ) ;
#838 = ORIENTED_EDGE ( 'NONE', *, *, #2425, .F. ) ;
#839 = DIRECTION ( 'NONE',  ( 1.388134143122087260E-16, 0.000000000000000000, -1.000000000000000000 ) ) ;
#840 = AXIS2_PLACEMENT_3D ( 'NONE', #2684, #818, #1637 ) ;
#841 = LINE ( 'NONE', #2055, #1085 ) ;
#842 = VERTEX_POINT ( 'NONE', #2365 ) ;
#843 = CARTESIAN_POINT ( 'NONE',  ( 0.05983008600275856181, 0.08483817729327486346, 0.04516226481302400286 ) ) ;
#844 = CARTESIAN_POINT ( 'NONE',  ( -0.05900000000000002465, 0.4000000000000000222, 0.03100000000000022876 ) ) ;
#845 = CARTESIAN_POINT ( 'NONE',  ( -0.06705360590979918267, 0.09138704359865276738, 0.05945104559305840197 ) ) ;
#846 = CARTESIAN_POINT ( 'NONE',  ( -0.07500000000000003886, 0.4000000000000000222, 0.1539999999999999702 ) ) ;
#847 = CARTESIAN_POINT ( 'NONE',  ( -0.05900000000000003159, 0.01060660171779811457, 0.09400000000000004186 ) ) ;
#848 = EDGE_CURVE ( 'NONE', #1227, #889, #1046, .T. ) ;
#849 = ORIENTED_EDGE ( 'NONE', *, *, #544, .F. ) ;
#850 = VERTEX_POINT ( 'NONE', #1123 ) ;
#851 = EDGE_LOOP ( 'NONE', ( #2490, #434 ) ) ;
#852 = VECTOR ( 'NONE', #790, 39.37007874015748143 ) ;
#853 = AXIS2_PLACEMENT_3D ( 'NONE', #2091, #678, #1288 ) ;
#854 = CARTESIAN_POINT ( 'NONE',  ( -0.01299999999999999593, 0.3070000000000000506, 0.1539999999999998870 ) ) ;
#855 = DIRECTION ( 'NONE',  ( -0.000000000000000000, -1.000000000000000000, 0.000000000000000000 ) ) ;
#856 = CARTESIAN_POINT ( 'NONE',  ( 0.05899999999415345142, 0.1132613602842582196, 0.06202161903426994111 ) ) ;
#857 = ORIENTED_EDGE ( 'NONE', *, *, #1377, .F. ) ;
#858 = DIRECTION ( 'NONE',  ( 0.000000000000000000, -0.000000000000000000, -1.000000000000000000 ) ) ;
#859 = CARTESIAN_POINT ( 'NONE',  ( -0.01300000000000000461, 0.3464000000000000412, 0.1539999999999999702 ) ) ;
#860 = CIRCLE ( 'NONE', #1893, 0.02000000000000000042 ) ;
#861 = CARTESIAN_POINT ( 'NONE',  ( -0.07038731423265398579, 0.09218281565247259113, 0.05553725202609841038 ) ) ;
#862 = DIRECTION ( 'NONE',  ( 0.1305261922200539604, 0.000000000000000000, 0.9914448613738101601 ) ) ;
#863 = CARTESIAN_POINT ( 'NONE',  ( -0.01299999999999998726, 0.3740192378864669043, 0.1539999999999999702 ) ) ;
#864 = ORIENTED_EDGE ( 'NONE', *, *, #1979, .F. ) ;
#865 = CIRCLE ( 'NONE', #82, 0.01500000000000002720 ) ;
#866 = DIRECTION ( 'NONE',  ( -1.388134143122087260E-16, -0.000000000000000000, 1.000000000000000000 ) ) ;
#867 = CARTESIAN_POINT ( 'NONE',  ( -0.01687068006749891172, 0.4000000000000000222, 0.1689999999999999558 ) ) ;
#868 = LINE ( 'NONE', #2678, #1043 ) ;
#869 = ORIENTED_EDGE ( 'NONE', *, *, #385, .F. ) ;
#870 = LINE ( 'NONE', #859, #2156 ) ;
#871 = DIRECTION ( 'NONE',  ( -0.000000000000000000, -1.000000000000000000, -0.000000000000000000 ) ) ;
#872 = CARTESIAN_POINT ( 'NONE',  ( -0.07033333332748679945, 0.08757954657191391323, 0.06202161903426994805 ) ) ;
#873 = DIRECTION ( 'NONE',  ( 0.000000000000000000, 1.000000000000000000, 0.000000000000000000 ) ) ;
#874 = CIRCLE ( 'NONE', #1213, 0.006420453428086091326 ) ;
#875 = FACE_OUTER_BOUND ( 'NONE', #2402, .T. ) ;
#876 = VECTOR ( 'NONE', #1664, 39.37007874015748143 ) ;
#877 = ORIENTED_EDGE ( 'NONE', *, *, #2027, .F. ) ;
#878 = EDGE_CURVE ( 'NONE', #1045, #696, #516, .T. ) ;
#879 = CARTESIAN_POINT ( 'NONE',  ( -0.05900000000000004546, 0.08452167205161090213, 0.07880549961666034886 ) ) ;
#880 = EDGE_CURVE ( 'NONE', #548, #2475, #522, .T. ) ;
#881 = CARTESIAN_POINT ( 'NONE',  ( 0.07033333332748679945, 0.08757954657191391323, 0.06202161903426994805 ) ) ;
#882 = ORIENTED_EDGE ( 'NONE', *, *, #1353, .T. ) ;
#883 = CARTESIAN_POINT ( 'NONE',  ( 0.05900000000000003159, 0.1130923136805824236, 0.06504486521636460017 ) ) ;
#884 = EDGE_CURVE ( 'NONE', #9, #759, #153, .T. ) ;
#885 = CARTESIAN_POINT ( 'NONE',  ( -0.07033333332748679945, 0.1004204534280861011, 0.06202161903426994111 ) ) ;
#886 = PLANE ( 'NONE',  #730 ) ;
#887 = CARTESIAN_POINT ( 'NONE',  ( 0.07500000000000002498, -8.963876229210863994E-17, 0.08339339828220176942 ) ) ;
#888 = DIRECTION ( 'NONE',  ( -0.000000000000000000, -1.000000000000000000, -0.000000000000000000 ) ) ;
#889 = VERTEX_POINT ( 'NONE', #958 ) ;
#890 = ORIENTED_EDGE ( 'NONE', *, *, #1002, .T. ) ;
#891 = CARTESIAN_POINT ( 'NONE',  ( -0.05900000000000001771, 0.07533030282860707361, 0.06680256409828032316 ) ) ;
#892 = CARTESIAN_POINT ( 'NONE',  ( 0.07500000000000003886, 0.4000000000000000222, 0.01600000000000000033 ) ) ;
#893 = VERTEX_POINT ( 'NONE', #535 ) ;
#894 = CARTESIAN_POINT ( 'NONE',  ( -0.07337946998506218732, 0.1040578467424873171, 0.06202161903426994111 ) ) ;
#895 = LINE ( 'NONE', #285, #2012 ) ;
#896 = CARTESIAN_POINT ( 'NONE',  ( -0.07499999999649208104, 0.07473863971574178089, 0.06202161903426994805 ) ) ;
#897 = CARTESIAN_POINT ( 'NONE',  ( 0.07500000000000003886, 0.2219999999999999751, 0.08000000000000000167 ) ) ;
#898 = EDGE_LOOP ( 'NONE', ( #85, #332, #1083, #2082 ) ) ;
#899 = ORIENTED_EDGE ( 'NONE', *, *, #2154, .T. ) ;
#900 = DIRECTION ( 'NONE',  ( 1.138269997360110167E-15, 0.000000000000000000, -1.000000000000000000 ) ) ;
#901 = EDGE_CURVE ( 'NONE', #1691, #1390, #1802, .T. ) ;
#902 = CARTESIAN_POINT ( 'NONE',  ( 0.07337946998506218732, 0.08394215325751271106, 0.06202161903426995498 ) ) ;
#903 = EDGE_LOOP ( 'NONE', ( #1367, #2427, #1543, #108, #2613, #1843 ) ) ;
#904 = VECTOR ( 'NONE', #2135, 39.37007874015748143 ) ;
#905 = AXIS2_PLACEMENT_3D ( 'NONE', #2680, #13, #597 ) ;
#906 = DIRECTION ( 'NONE',  ( 0.000000000000000000, 1.000000000000000000, 0.000000000000000000 ) ) ;
#907 = EDGE_CURVE ( 'NONE', #369, #163, #1726, .T. ) ;
#908 = CARTESIAN_POINT ( 'NONE',  ( 0.06963723617969565238, 0.1010631242969086685, 0.05945104559305840197 ) ) ;
#909 = CYLINDRICAL_SURFACE ( 'NONE', #605, 0.01599999999999999686 ) ;
#910 = VECTOR ( 'NONE', #2020, 39.37007874015748143 ) ;
#911 = CARTESIAN_POINT ( 'NONE',  ( -0.07500000000000003886, 0.01060660171779807641, 0.03199999999999999373 ) ) ;
#912 = AXIS2_PLACEMENT_3D ( 'NONE', #122, #135, #954 ) ;
#913 = CARTESIAN_POINT ( 'NONE',  ( 0.05806666666082011680, 0.1106931789130237986, 0.06202161903426994805 ) ) ;
#914 = ORIENTED_EDGE ( 'NONE', *, *, #689, .F. ) ;
#915 = CIRCLE ( 'NONE', #1135, 0.01599999999999999686 ) ;
#916 = ORIENTED_EDGE ( 'NONE', *, *, #689, .T. ) ;
#917 = ADVANCED_FACE ( 'NONE', ( #111 ), #1402, .T. ) ;
#918 = DIRECTION ( 'NONE',  ( 0.000000000000000000, 6.124411260078198181E-17, -1.000000000000000000 ) ) ;
#919 = DIRECTION ( 'NONE',  ( 0.000000000000000000, 1.000000000000000000, 0.000000000000000000 ) ) ;
#920 = ORIENTED_EDGE ( 'NONE', *, *, #1272, .F. ) ;
#921 = CARTESIAN_POINT ( 'NONE',  ( 0.04953937537483233539, 0.09400000000000005573, 0.06870510998141997339 ) ) ;
#922 = DIRECTION ( 'NONE',  ( 0.000000000000000000, 1.000000000000000000, 0.000000000000000000 ) ) ;
#923 = CARTESIAN_POINT ( 'NONE',  ( -0.07500000000000003886, 0.01060660171779814233, 0.09400000000000004186 ) ) ;
#924 = CARTESIAN_POINT ( 'NONE',  ( -0.05899999999415344448, 0.1132613602842582334, 0.02349889846575348856 ) ) ;
#925 = ORIENTED_EDGE ( 'NONE', *, *, #2223, .T. ) ;
#926 = ORIENTED_EDGE ( 'NONE', *, *, #995, .T. ) ;
#927 = ORIENTED_EDGE ( 'NONE', *, *, #1608, .F. ) ;
#928 = CARTESIAN_POINT ( 'NONE',  ( -0.05900000000000003852, 0.07706224131957571666, 0.07157248134624283331 ) ) ;
#929 = LINE ( 'NONE', #1486, #2691 ) ;
#930 = CARTESIAN_POINT ( 'NONE',  ( -0.05900000000000002465, 0.01060660171779814233, 0.09400000000000004186 ) ) ;
#931 = DIRECTION ( 'NONE',  ( 0.000000000000000000, 1.000000000000000000, -0.000000000000000000 ) ) ;
#932 = CIRCLE ( 'NONE', #1888, 0.006420453428086091326 ) ;
#933 = CARTESIAN_POINT ( 'NONE',  ( -0.05899999999415345836, 0.1132613602842582473, 0.1005443396027864145 ) ) ;
#934 = VECTOR ( 'NONE', #688, 39.37007874015748143 ) ;
#935 = DIRECTION ( 'NONE',  ( 0.000000000000000000, 0.7071067811865472397, -0.7071067811865476838 ) ) ;
#936 = CYLINDRICAL_SURFACE ( 'NONE', #1077, 0.01500000000000001159 ) ;
#937 = EDGE_CURVE ( 'NONE', #2282, #1658, #1818, .T. ) ;
#938 = DIRECTION ( 'NONE',  ( 1.000000000000000000, -0.000000000000000000, 1.388134143122087506E-16 ) ) ;
#939 = EDGE_CURVE ( 'NONE', #709, #657, #87, .T. ) ;
#940 = ORIENTED_EDGE ( 'NONE', *, *, #1195, .T. ) ;
#941 = EDGE_CURVE ( 'NONE', #2491, #548, #1969, .T. ) ;
#942 = ORIENTED_EDGE ( 'NONE', *, *, #1943, .T. ) ;
#943 = VECTOR ( 'NONE', #2153, 39.37007874015748143 ) ;
#944 = EDGE_CURVE ( 'NONE', #1183, #1464, #649, .T. ) ;
#945 = ORIENTED_EDGE ( 'NONE', *, *, #1518, .T. ) ;
#946 = CARTESIAN_POINT ( 'NONE',  ( 0.04499999999999999833, 0.4000000000000000222, 0.1689999999999999836 ) ) ;
#947 = DIRECTION ( 'NONE',  ( -0.000000000000000000, -1.000000000000000000, -0.000000000000000000 ) ) ;
#948 = FACE_OUTER_BOUND ( 'NONE', #651, .T. ) ;
#949 = DIRECTION ( 'NONE',  ( -0.000000000000000000, -1.000000000000000000, -0.000000000000000000 ) ) ;
#950 = CARTESIAN_POINT ( 'NONE',  ( 0.05806666666082011680, 0.07730682108697621568, 0.06202161903426994805 ) ) ;
#951 = CIRCLE ( 'NONE', #2464, 0.07147023572034696959 ) ;
#952 = CARTESIAN_POINT ( 'NONE',  ( 0.1000000000000000056, 0.1499999999999999944, 0.09399999999999998634 ) ) ;
#953 = DIRECTION ( 'NONE',  ( 0.000000000000000000, 0.000000000000000000, -1.000000000000000000 ) ) ;
#954 = DIRECTION ( 'NONE',  ( 0.000000000000000000, 1.000000000000000000, 0.000000000000000000 ) ) ;
#955 = ORIENTED_EDGE ( 'NONE', *, *, #2344, .T. ) ;
#956 = ORIENTED_EDGE ( 'NONE', *, *, #1500, .F. ) ;
#957 = EDGE_CURVE ( 'NONE', #2285, #1197, #1185, .T. ) ;
#958 = CARTESIAN_POINT ( 'NONE',  ( 0.04400000000000003214, 0.1499999999999999667, 0.01600000000000000380 ) ) ;
#959 = VECTOR ( 'NONE', #1651, 39.37007874015748143 ) ;
#960 = ORIENTED_EDGE ( 'NONE', *, *, #314, .F. ) ;
#961 = CARTESIAN_POINT ( 'NONE',  ( 0.04400000000000003214, 0.1499999999999999667, 0.03099999999999999978 ) ) ;
#962 = EDGE_CURVE ( 'NONE', #2225, #235, #2021, .T. ) ;
#963 = CARTESIAN_POINT ( 'NONE',  ( 0.05900000000000002465, 0.4000000000000000222, 0.03100000000000022182 ) ) ;
#964 = EDGE_CURVE ( 'NONE', #2459, #255, #2614, .T. ) ;
#965 = PLANE ( 'NONE',  #107 ) ;
#966 = CARTESIAN_POINT ( 'NONE',  ( 0.1000000000000000056, 0.1499999999999999944, 0.09399999999999998634 ) ) ;
#967 = DIRECTION ( 'NONE',  ( 0.000000000000000000, -0.000000000000000000, -1.000000000000000000 ) ) ;
#968 = AXIS2_PLACEMENT_3D ( 'NONE', #714, #1708, #465 ) ;
#969 = VERTEX_POINT ( 'NONE', #1364 ) ;
#970 = VERTEX_POINT ( 'NONE', #771 ) ;
#971 = CARTESIAN_POINT ( 'NONE',  ( 0.07499999999415345175, 0.1132613602842582334, 0.02349889846575353020 ) ) ;
#972 = ORIENTED_EDGE ( 'NONE', *, *, #1631, .F. ) ;
#973 = DIRECTION ( 'NONE',  ( 1.388134143122087260E-16, 0.000000000000000000, 1.000000000000000000 ) ) ;
#974 = ORIENTED_EDGE ( 'NONE', *, *, #2326, .T. ) ;
#975 = LINE ( 'NONE', #2648, #728 ) ;
#976 = CARTESIAN_POINT ( 'NONE',  ( -0.07033333332748679945, 0.09400000000000001410, 0.06202161903426994805 ) ) ;
#977 = PRODUCT_RELATED_PRODUCT_CATEGORY ( 'part', '', ( #2240 ) ) ;
#978 = LINE ( 'NONE', #1360, #427 ) ;
#979 = CIRCLE ( 'NONE', #586, 0.03099999999999999631 ) ;
#980 = AXIS2_PLACEMENT_3D ( 'NONE', #817, #1636, #32 ) ;
#981 = CARTESIAN_POINT ( 'NONE',  ( -0.07799999999415353769, 0.09400000000000001410, 0.06202161903426994805 ) ) ;
#982 = ORIENTED_EDGE ( 'NONE', *, *, #260, .T. ) ;
#983 = ORIENTED_EDGE ( 'NONE', *, *, #725, .T. ) ;
#984 = CARTESIAN_POINT ( 'NONE',  ( 0.02518848844166053647, 0.3615937360704810644, 0.1239999999999999575 ) ) ;
#985 = EDGE_LOOP ( 'NONE', ( #2656, #1922, #2624, #955 ) ) ;
#986 = CARTESIAN_POINT ( 'NONE',  ( -0.03891095122187445549, 0.3883477846327524352, 0.1239999999999999852 ) ) ;
#987 = EDGE_LOOP ( 'NONE', ( #920, #1646, #2451, #151 ) ) ;
#988 = EDGE_CURVE ( 'NONE', #1404, #2314, #2413, .T. ) ;
#989 = CARTESIAN_POINT ( 'NONE',  ( 0.06287866957530258150, 0.1067713562947125300, 0.04516226481302401674 ) ) ;
#990 = ADVANCED_FACE ( 'NONE', ( #563 ), #1378, .T. ) ;
#991 = LINE ( 'NONE', #1180, #256 ) ;
#992 = CARTESIAN_POINT ( 'NONE',  ( -0.05899999999649208765, 0.1132613602842582473, 0.06202161903426994805 ) ) ;
#993 = LINE ( 'NONE', #335, #113 ) ;
#994 = AXIS2_PLACEMENT_3D ( 'NONE', #1076, #1934, #1896 ) ;
#995 = EDGE_CURVE ( 'NONE', #7, #1568, #2210, .T. ) ;
#996 = CARTESIAN_POINT ( 'NONE',  ( 0.01715768608882927218, 0.2219999999999999751, 0.06299999999999998657 ) ) ;
#997 = VERTEX_POINT ( 'NONE', #1198 ) ;
#998 = AXIS2_PLACEMENT_3D ( 'NONE', #1657, #1688, #656 ) ;
#999 = ORIENTED_EDGE ( 'NONE', *, *, #1571, .F. ) ;
#1000 = CARTESIAN_POINT ( 'NONE',  ( 0.01299999999999999246, 0.3070000000000000506, 0.1539999999999999147 ) ) ;
#1001 = PRESENTATION_LAYER_ASSIGNMENT (  '', '', ( #660 ) ) ;
#1003 = ORIENTED_EDGE ( 'NONE', *, *, #344, .T. ) ;
#1002 = EDGE_CURVE ( 'NONE', #1711, #2155, #1214, .T. ) ;
#1004 = CARTESIAN_POINT ( 'NONE',  ( 0.1000000000000000056, 0.2219999999999999751, 0.1849999999999999978 ) ) ;
#1005 = CARTESIAN_POINT ( 'NONE',  ( -0.05900000000000004546, 0.09882638710268260018, 0.04321372081836315909 ) ) ;
#1006 = VECTOR ( 'NONE', #816, 39.37007874015748143 ) ;
#1007 = DIRECTION ( 'NONE',  ( 0.000000000000000000, 0.000000000000000000, 1.000000000000000000 ) ) ;
#1008 = CARTESIAN_POINT ( 'NONE',  ( 0.05899999999415345142, 0.07473863971574178089, 0.06202161903426994805 ) ) ;
#1009 = CARTESIAN_POINT ( 'NONE',  ( 0.04399999999999992112, 0.4000000000000000222, 2.134256245050205639E-18 ) ) ;
#1010 = CARTESIAN_POINT ( 'NONE',  ( 0.05900000000000001771, 0.1035508623119624078, 0.04508386035384055052 ) ) ;
#1011 = VECTOR ( 'NONE', #2173, 39.37007874015748854 ) ;
#1012 = LINE ( 'NONE', #847, #2036 ) ;
#1013 = ORIENTED_EDGE ( 'NONE', *, *, #2074, .F. ) ;
#1014 = EDGE_LOOP ( 'NONE', ( #1427, #634, #155, #2051 ) ) ;
#1015 = PLANE ( 'NONE',  #2307 ) ;
#1016 = CARTESIAN_POINT ( 'NONE',  ( -0.05900000000000003159, 0.09278220592673812328, 0.04275893807946076763 ) ) ;
#1017 = CARTESIAN_POINT ( 'NONE',  ( -0.07500000000000003886, 0.1499999999999999944, 0.09399999999999998634 ) ) ;
#1018 = ORIENTED_EDGE ( 'NONE', *, *, #1379, .F. ) ;
#1019 = DIRECTION ( 'NONE',  ( -1.000000000000000000, 0.000000000000000000, 0.000000000000000000 ) ) ;
#1020 = CARTESIAN_POINT ( 'NONE',  ( 0.05900000000000001771, 0.07490768631941757683, 0.05899837285217519184 ) ) ;
#1021 = CARTESIAN_POINT ( 'NONE',  ( -0.04399999999999992112, 0.4000000000000000222, 0.01600000000000000033 ) ) ;
#1022 = CARTESIAN_POINT ( 'NONE',  ( 0.07337946998506218732, 0.1040578467424873171, 0.06202161903426995498 ) ) ;
#1023 = EDGE_CURVE ( 'NONE', #1793, #1404, #587, .T. ) ;
#1024 = ORIENTED_EDGE ( 'NONE', *, *, #2120, .F. ) ;
#1025 = EDGE_CURVE ( 'NONE', #722, #2695, #2477, .T. ) ;
#1026 = PRESENTATION_LAYER_ASSIGNMENT (  '', '', ( #1618 ) ) ;
#1027 = DIRECTION ( 'NONE',  ( 0.000000000000000000, 1.000000000000000000, 0.000000000000000000 ) ) ;
#1028 = EDGE_CURVE ( 'NONE', #300, #2376, #2670, .T. ) ;
#1029 = EDGE_CURVE ( 'NONE', #2155, #685, #820, .T. ) ;
#1030 = ORIENTED_EDGE ( 'NONE', *, *, #2261, .T. ) ;
#1031 = CARTESIAN_POINT ( 'NONE',  ( 0.07499999999415346563, 0.07473863971574178089, 0.1005443396027864006 ) ) ;
#1032 = CARTESIAN_POINT ( 'NONE',  ( -0.05900000000000003159, 0.08225294615425136902, 0.04653311394331523243 ) ) ;
#1033 = FACE_OUTER_BOUND ( 'NONE', #903, .T. ) ;
#1034 = ORIENTED_EDGE ( 'NONE', *, *, #721, .F. ) ;
#1035 = CARTESIAN_POINT ( 'NONE',  ( 0.06287866957530259537, 0.08122864370528749822, 0.07888097325551590711 ) ) ;
#1036 = CARTESIAN_POINT ( 'NONE',  ( 0.05900000000000001771, 0.08283147402635278322, 0.04622695039166026254 ) ) ;
#1037 = DIRECTION ( 'NONE',  ( -0.000000000000000000, -1.000000000000000000, 0.000000000000000000 ) ) ;
#1038 = CARTESIAN_POINT ( 'NONE',  ( -0.04953937537483232845, 0.1007936866435029249, 0.05533812808711994352 ) ) ;
#1039 = CARTESIAN_POINT ( 'NONE',  ( 0.07033333332748679945, 0.08757954657191391323, 0.06202161903426994111 ) ) ;
#1040 = ORIENTED_EDGE ( 'NONE', *, *, #106, .T. ) ;
#1041 = ORIENTED_EDGE ( 'NONE', *, *, #1946, .T. ) ;
#1042 = CARTESIAN_POINT ( 'NONE',  ( -0.04400000000000003214, 0.4000000000000000222, 0.03099999999999999978 ) ) ;
#1043 = VECTOR ( 'NONE', #2258, 39.37007874015748143 ) ;
#1044 = VECTOR ( 'NONE', #2592, 39.37007874015748143 ) ;
#1045 = VERTEX_POINT ( 'NONE', #1830 ) ;
#1046 = CIRCLE ( 'NONE', #301, 0.01499999999999999424 ) ;
#1047 = DIRECTION ( 'NONE',  ( 0.000000000000000000, 0.7071067811865472397, -0.7071067811865476838 ) ) ;
#1048 = EDGE_CURVE ( 'NONE', #372, #755, #480, .T. ) ;
#1049 = CYLINDRICAL_SURFACE ( 'NONE', #2118, 0.07147023572034696959 ) ;
#1050 = ORIENTED_EDGE ( 'NONE', *, *, #964, .T. ) ;
#1051 = DIRECTION ( 'NONE',  ( 0.000000000000000000, 0.000000000000000000, 1.000000000000000000 ) ) ;
#1052 = CARTESIAN_POINT ( 'NONE',  ( 0.01299999999999999246, 0.2219999999999999751, 0.1539999999999999147 ) ) ;
#1053 = DIRECTION ( 'NONE',  ( -0.000000000000000000, 3.674646756046920141E-16, 1.000000000000000000 ) ) ;
#1054 = LINE ( 'NONE', #2061, #1773 ) ;
#1055 = ORIENTED_EDGE ( 'NONE', *, *, #1743, .T. ) ;
#1056 = ORIENTED_EDGE ( 'NONE', *, *, #1023, .T. ) ;
#1057 = EDGE_LOOP ( 'NONE', ( #25, #2157, #1994, #2404, #1126, #424 ) ) ;
#1058 = LINE ( 'NONE', #2461, #530 ) ;
#1059 = LINE ( 'NONE', #1588, #2560 ) ;
#1060 = AXIS2_PLACEMENT_3D ( 'NONE', #1266, #177, #2092 ) ;
#1061 = DIRECTION ( 'NONE',  ( 0.000000000000000000, -1.000000000000000000, 0.000000000000000000 ) ) ;
#1062 = ORIENTED_EDGE ( 'NONE', *, *, #1746, .F. ) ;
#1063 = CARTESIAN_POINT ( 'NONE',  ( 0.04953937537483232845, 0.09400000000000001410, 0.06870510998141997339 ) ) ;
#1064 = CARTESIAN_POINT ( 'NONE',  ( 0.05900000000000003852, 0.1123316039640412656, 0.06796449513756766536 ) ) ;
#1065 = LINE ( 'NONE', #1649, #1341 ) ;
#1066 = CARTESIAN_POINT ( 'NONE',  ( 0.04499999999999999833, 0.3070000000000000506, 0.1239999999999999852 ) ) ;
#1067 = CARTESIAN_POINT ( 'NONE',  ( -0.07499999999415345175, 0.07473863971574180864, 0.06202161903426994805 ) ) ;
#1068 = ORIENTED_EDGE ( 'NONE', *, *, #2641, .T. ) ;
#1069 = ORIENTED_EDGE ( 'NONE', *, *, #478, .F. ) ;
#1070 = PRODUCT_DEFINITION_FORMATION_WITH_SPECIFIED_SOURCE ( 'ANY', '', #2240, .NOT_KNOWN. ) ;
#1071 = AXIS2_PLACEMENT_3D ( 'NONE', #2502, #1480, #1459 ) ;
#1072 = CARTESIAN_POINT ( 'NONE',  ( -0.07500000000000002498, 0.1499999999999999667, 0.03100000000000011080 ) ) ;
#1073 = CARTESIAN_POINT ( 'NONE',  ( 0.001294568306848408725, 0.3464000000000000412, 0.06508841907552083417 ) ) ;
#1074 = CARTESIAN_POINT ( 'NONE',  ( 0.1000000000000000056, -1.344581434381629476E-16, 0.08339339828220176942 ) ) ;
#1075 = DIRECTION ( 'NONE',  ( -1.000000000000000000, -0.000000000000000000, 0.000000000000000000 ) ) ;
#1076 = CARTESIAN_POINT ( 'NONE',  ( 0.04499999999999999833, 0.3070000000000000506, 0.1239999999999999852 ) ) ;
#1077 = AXIS2_PLACEMENT_3D ( 'NONE', #777, #312, #953 ) ;
#1078 = ADVANCED_FACE ( 'NONE', ( #381 ), #2065, .T. ) ;
#1079 = FACE_OUTER_BOUND ( 'NONE', #1187, .T. ) ;
#1080 = LINE ( 'NONE', #1066, #1752 ) ;
#1081 = LINE ( 'NONE', #33, #140 ) ;
#1082 = CARTESIAN_POINT ( 'NONE',  ( -0.05806666666082013067, 0.07730682108697620181, 0.02863526120822234428 ) ) ;
#1083 = ORIENTED_EDGE ( 'NONE', *, *, #61, .T. ) ;
#1084 = EDGE_CURVE ( 'NONE', #1330, #2282, #2124, .T. ) ;
#1085 = VECTOR ( 'NONE', #2098, 39.37007874015748854 ) ;
#1086 = CARTESIAN_POINT ( 'NONE',  ( -0.07499999999415345175, 0.07473863971574179477, 0.02349889846575351285 ) ) ;
#1087 = EDGE_CURVE ( 'NONE', #1174, #235, #207, .T. ) ;
#1088 = DIRECTION ( 'NONE',  ( 1.388134143122087506E-16, 0.000000000000000000, -1.000000000000000000 ) ) ;
#1089 = ORIENTED_EDGE ( 'NONE', *, *, #456, .F. ) ;
#1090 = FACE_OUTER_BOUND ( 'NONE', #1578, .T. ) ;
#1091 = FACE_OUTER_BOUND ( 'NONE', #2064, .T. ) ;
#1092 = CARTESIAN_POINT ( 'NONE',  ( -0.05806666666082015149, 0.1106931789130238125, 0.09540797686031755875 ) ) ;
#1093 = CARTESIAN_POINT ( 'NONE',  ( -0.07499999999649208104, 0.1132613602842582473, 0.06202161903426994805 ) ) ;
#1094 = CARTESIAN_POINT ( 'NONE',  ( -0.05899999999415344448, 0.07473863971574180864, 0.02349889846575352326 ) ) ;
#1095 = AXIS2_PLACEMENT_3D ( 'NONE', #1621, #412, #2478 ) ;
#1096 = ORIENTED_EDGE ( 'NONE', *, *, #2148, .T. ) ;
#1097 = EDGE_LOOP ( 'NONE', ( #315, #1034, #1483, #558 ) ) ;
#1098 = CARTESIAN_POINT ( 'NONE',  ( -0.05900000000000003852, 0.08568696380991017159, 0.07940959070587251534 ) ) ;
#1099 = DIRECTION ( 'NONE',  ( 0.000000000000000000, 1.000000000000000000, 0.000000000000000000 ) ) ;
#1100 = EDGE_LOOP ( 'NONE', ( #2505, #2432, #2363, #186 ) ) ;
#1101 = CARTESIAN_POINT ( 'NONE',  ( 0.05900000000000004546, 0.08225294615425246536, 0.07751012412522577388 ) ) ;
#1102 = CARTESIAN_POINT ( 'NONE',  ( 0.07218410367921083981, 0.09891206011335099135, 0.06850598604244148571 ) ) ;
#1103 = DIRECTION ( 'NONE',  ( -0.000000000000000000, -1.000000000000000000, -0.000000000000000000 ) ) ;
#1104 = CARTESIAN_POINT ( 'NONE',  ( -0.07033333332748679945, 0.1004204534280861150, 0.04918071217809776019 ) ) ;
#1105 = LINE ( 'NONE', #1279, #2110 ) ;
#1106 = VERTEX_POINT ( 'NONE', #837 ) ;
#1107 = EDGE_CURVE ( 'NONE', #2496, #2584, #1640, .T. ) ;
#1108 = EDGE_LOOP ( 'NONE', ( #2559, #2112, #2213 ) ) ;
#1109 = CARTESIAN_POINT ( 'NONE',  ( -0.05900000000000002465, 0.07584820535154129795, 0.06849640948077750924 ) ) ;
#1110 = EDGE_CURVE ( 'NONE', #596, #733, #2037, .T. ) ;
#1111 = VECTOR ( 'NONE', #931, 39.37007874015748143 ) ;
#1112 = ADVANCED_FACE ( 'NONE', ( #8 ), #2309, .T. ) ;
#1113 = CARTESIAN_POINT ( 'NONE',  ( 0.07499999999415345175, 0.07473863971574178089, 0.02349889846575351285 ) ) ;
#1114 = ORIENTED_EDGE ( 'NONE', *, *, #2529, .T. ) ;
#1115 = CARTESIAN_POINT ( 'NONE',  ( -0.05983008600275860345, 0.08483817729327493284, 0.04516226481302399592 ) ) ;
#1116 = FACE_OUTER_BOUND ( 'NONE', #2382, .T. ) ;
#1117 = PLANE ( 'NONE',  #1889 ) ;
#1118 = DIRECTION ( 'NONE',  ( 0.1305261922200519065, -0.000000000000000000, 0.9914448613738103822 ) ) ;
#1119 = DIRECTION ( 'NONE',  ( 0.000000000000000000, 0.000000000000000000, -1.000000000000000000 ) ) ;
#1120 = EDGE_CURVE ( 'NONE', #86, #2390, #1012, .T. ) ;
#1121 = VERTEX_POINT ( 'NONE', #2250 ) ;
#1122 = ORIENTED_EDGE ( 'NONE', *, *, #2180, .T. ) ;
#1123 = CARTESIAN_POINT ( 'NONE',  ( -0.02886311778198095632, 0.3070000000000000506, 0.1519115809244790116 ) ) ;
#1124 = AXIS2_PLACEMENT_3D ( 'NONE', #2634, #2423, #2580 ) ;
#1125 = CARTESIAN_POINT ( 'NONE',  ( 0.07500000000000002498, 0.4000000000000000222, 0.03100000000000021488 ) ) ;
#1126 = ORIENTED_EDGE ( 'NONE', *, *, #1087, .T. ) ;
#1127 = AXIS2_PLACEMENT_3D ( 'NONE', #321, #581, #554 ) ;
#1128 = LINE ( 'NONE', #2114, #241 ) ;
#1129 = FACE_OUTER_BOUND ( 'NONE', #1134, .T. ) ;
#1130 = VECTOR ( 'NONE', #1205, 39.37007874015748854 ) ;
#1131 = LINE ( 'NONE', #923, #2298 ) ;
#1132 = CIRCLE ( 'NONE', #1471, 0.01669317891302381229 ) ;
#1133 = CARTESIAN_POINT ( 'NONE',  ( -0.05899999999415345142, 0.1123124750718057646, 0.06202161903426995498 ) ) ;
#1134 = EDGE_LOOP ( 'NONE', ( #1778, #1030, #635, #2570, #398, #1558 ) ) ;
#1135 = AXIS2_PLACEMENT_3D ( 'NONE', #1052, #2292, #1445 ) ;
#1136 = EDGE_LOOP ( 'NONE', ( #2078, #503, #1747, #2391 ) ) ;
#1137 = CARTESIAN_POINT ( 'NONE',  ( 0.1000000000000000056, 0.01060660171779807641, 0.03199999999999999373 ) ) ;
#1138 = AXIS2_PLACEMENT_3D ( 'NONE', #1406, #414, #22 ) ;
#1139 = LINE ( 'NONE', #1534, #340 ) ;
#1140 = ORIENTED_EDGE ( 'NONE', *, *, #1407, .T. ) ;
#1141 = DIRECTION ( 'NONE',  ( -0.000000000000000000, -1.000000000000000000, -0.000000000000000000 ) ) ;
#1142 = EDGE_CURVE ( 'NONE', #1173, #1296, #1054, .T. ) ;
#1143 = CARTESIAN_POINT ( 'NONE',  ( -0.05867589399233520686, 0.1114206575759040252, 0.06202161903426995498 ) ) ;
#1144 = CARTESIAN_POINT ( 'NONE',  ( 0.07500000000000002498, 0.1499999999999999944, 0.03200000000000000761 ) ) ;
#1145 = EDGE_CURVE ( 'NONE', #77, #1704, #834, .T. ) ;
#1146 = EDGE_CURVE ( 'NONE', #566, #1774, #1460, .T. ) ;
#1147 = LINE ( 'NONE', #2609, #2590 ) ;
#1148 = ORIENTED_EDGE ( 'NONE', *, *, #1222, .F. ) ;
#1149 = CARTESIAN_POINT ( 'NONE',  ( -0.07218410367921082593, 0.09891206011335099135, 0.05553725202609841732 ) ) ;
#1150 = VERTEX_POINT ( 'NONE', #616 ) ;
#1151 = VERTEX_POINT ( 'NONE', #2032 ) ;
#1152 = DIRECTION ( 'NONE',  ( -0.1305261922200539326, 0.000000000000000000, 0.9914448613738100491 ) ) ;
#1153 = CARTESIAN_POINT ( 'NONE',  ( 0.02899999999999998412, 0.3070000000000000506, 0.1539999999999999702 ) ) ;
#1154 = LINE ( 'NONE', #374, #560 ) ;
#1155 = VECTOR ( 'NONE', #375, 39.37007874015748143 ) ;
#1156 = CARTESIAN_POINT ( 'NONE',  ( -0.05900000000000002465, 0.1499999999999999667, 0.03100000000000022182 ) ) ;
#1157 = CARTESIAN_POINT ( 'NONE',  ( -0.01431809848210864773, 0.3920037215789226592, 0.1643833465010757500 ) ) ;
#1158 = CARTESIAN_POINT ( 'NONE',  ( -0.08801648403494218009, 0.3464000000000000412, 0.05367126227435341929 ) ) ;
#1159 = DIRECTION ( 'NONE',  ( 0.000000000000000000, 0.000000000000000000, -1.000000000000000000 ) ) ;
#1160 = EDGE_LOOP ( 'NONE', ( #1980, #48, #130, #1815, #1096, #98, #2685, #1607, #1967 ) ) ;
#1161 = ORIENTED_EDGE ( 'NONE', *, *, #1495, .F. ) ;
#1162 = DIRECTION ( 'NONE',  ( 0.000000000000000000, 0.000000000000000000, -1.000000000000000000 ) ) ;
#1163 = EDGE_CURVE ( 'NONE', #1876, #1150, #1418, .T. ) ;
#1164 = ORIENTED_EDGE ( 'NONE', *, *, #602, .F. ) ;
#1165 = CARTESIAN_POINT ( 'NONE',  ( -0.02584492759431788675, 0.3977386107208348287, 0.1239999999999999852 ) ) ;
#1166 = EDGE_CURVE ( 'NONE', #705, #1568, #359, .T. ) ;
#1167 = CARTESIAN_POINT ( 'NONE',  ( 0.02518848844166055034, 0.3070000000000000506, 0.1239999999999999852 ) ) ;
#1168 = PLANE ( 'NONE',  #2447 ) ;
#1169 = CARTESIAN_POINT ( 'NONE',  ( 0.05899999999415345836, 0.1132613602842582196, 0.1005443396027863728 ) ) ;
#1170 = CIRCLE ( 'NONE', #1507, 0.02600000000000006126 ) ;
#1171 = PLANE ( 'NONE',  #159 ) ;
#1172 = CARTESIAN_POINT ( 'NONE',  ( 0.009050425072378106076, 0.4000000000000000222, 0.1239999999999999852 ) ) ;
#1173 = VERTEX_POINT ( 'NONE', #647 ) ;
#1174 = VERTEX_POINT ( 'NONE', #806 ) ;
#1175 = CARTESIAN_POINT ( 'NONE',  ( 0.07500000000000002498, 0.1499999999999999944, 0.03200000000000000067 ) ) ;
#1176 = ORIENTED_EDGE ( 'NONE', *, *, #540, .F. ) ;
#1177 = LINE ( 'NONE', #1792, #443 ) ;
#1178 = VERTEX_POINT ( 'NONE', #632 ) ;
#1179 = DIRECTION ( 'NONE',  ( 0.000000000000000000, 1.000000000000000000, 0.000000000000000000 ) ) ;
#1180 = CARTESIAN_POINT ( 'NONE',  ( 0.1000000000000000056, 0.1499999999999999944, 4.268512490100411279E-18 ) ) ;
#1181 = DIRECTION ( 'NONE',  ( -1.000000000000000000, -0.000000000000000000, 0.000000000000000000 ) ) ;
#1182 = AXIS2_PLACEMENT_3D ( 'NONE', #690, #1887, #873 ) ;
#1183 = VERTEX_POINT ( 'NONE', #1842 ) ;
#1184 = ORIENTED_EDGE ( 'NONE', *, *, #514, .F. ) ;
#1185 = LINE ( 'NONE', #328, #2296 ) ;
#1186 = EDGE_CURVE ( 'NONE', #163, #709, #1827, .T. ) ;
#1187 = EDGE_LOOP ( 'NONE', ( #426, #999, #2526, #469 ) ) ;
#1188 = PLANE ( 'NONE',  #2171 ) ;
#1189 = EDGE_CURVE ( 'NONE', #1284, #772, #15, .T. ) ;
#1190 = PLANE ( 'NONE',  #1854 ) ;
#1191 = EDGE_CURVE ( 'NONE', #1380, #1121, #2077, .T. ) ;
#1192 = CARTESIAN_POINT ( 'NONE',  ( -0.05900000000000003852, 0.4000000000000000222, 0.1539999999999999702 ) ) ;
#1193 = CARTESIAN_POINT ( 'NONE',  ( 0.009050425072378106076, 0.3070000000000000506, 0.1239999999999999852 ) ) ;
#1194 = DIRECTION ( 'NONE',  ( -0.000000000000000000, -1.000000000000000000, -0.000000000000000000 ) ) ;
#1195 = EDGE_CURVE ( 'NONE', #1655, #372, #2214, .T. ) ;
#1196 = EDGE_LOOP ( 'NONE', ( #2364, #2543, #2125, #1917, #1735 ) ) ;
#1197 = VERTEX_POINT ( 'NONE', #996 ) ;
#1198 = CARTESIAN_POINT ( 'NONE',  ( 0.03064635807878574383, 0.3883477846327524352, 0.06122418264338504168 ) ) ;
#1199 = AXIS2_PLACEMENT_3D ( 'NONE', #1901, #717, #1119 ) ;
#1200 = ORIENTED_EDGE ( 'NONE', *, *, #236, .T. ) ;
#1201 = DIRECTION ( 'NONE',  ( 0.000000000000000000, -1.000000000000000000, 0.000000000000000000 ) ) ;
#1202 = DIRECTION ( 'NONE',  ( 1.000000000000000000, 0.000000000000000000, 0.000000000000000000 ) ) ;
#1203 = CARTESIAN_POINT ( 'NONE',  ( -0.01300000000000000461, 0.4000000000000000222, 0.1539999999999999702 ) ) ;
#1204 = CARTESIAN_POINT ( 'NONE',  ( 0.02886311778198095632, 0.3070000000000000506, 0.1519115809244790949 ) ) ;
#1205 = DIRECTION ( 'NONE',  ( -0.000000000000000000, -0.7071067811865472397, 0.7071067811865476838 ) ) ;
#1206 = CYLINDRICAL_SURFACE ( 'NONE', #1585, 0.01500000000000002720 ) ;
#1207 = VECTOR ( 'NONE', #323, 39.37007874015748143 ) ;
#1208 = CARTESIAN_POINT ( 'NONE',  ( 0.07033333332748679945, 0.08757954657191388548, 0.07486252589044213590 ) ) ;
#1209 = ORIENTED_EDGE ( 'NONE', *, *, #2546, .T. ) ;
#1210 = DIRECTION ( 'NONE',  ( 0.8027135405098934084, 0.5869266305051551447, 0.1056792424553508747 ) ) ;
#1211 = ORIENTED_EDGE ( 'NONE', *, *, #2380, .F. ) ;
#1212 = CARTESIAN_POINT ( 'NONE',  ( -0.05900000000000004546, 0.1109377586804311533, 0.05247075672230657600 ) ) ;
#1213 = AXIS2_PLACEMENT_3D ( 'NONE', #1780, #1804, #373 ) ;
#1214 = CIRCLE ( 'NONE', #50, 0.01599999999999999686 ) ;
#1215 = FACE_OUTER_BOUND ( 'NONE', #1714, .T. ) ;
#1216 = ORIENTED_EDGE ( 'NONE', *, *, #602, .T. ) ;
#1217 = FACE_OUTER_BOUND ( 'NONE', #1196, .T. ) ;
#1218 = EDGE_CURVE ( 'NONE', #369, #596, #409, .T. ) ;
#1219 = DIRECTION ( 'NONE',  ( 0.000000000000000000, 1.000000000000000000, 0.000000000000000000 ) ) ;
#1220 = ADVANCED_FACE ( 'NONE', ( #2235 ), #1619, .F. ) ;
#1221 = CARTESIAN_POINT ( 'NONE',  ( -0.07799999999415353769, 0.09400000000000001410, 0.06202161903426994805 ) ) ;
#1222 = EDGE_CURVE ( 'NONE', #759, #685, #1237, .T. ) ;
#1223 = DIRECTION ( 'NONE',  ( -1.000000000000000000, 0.000000000000000000, 0.000000000000000000 ) ) ;
#1224 = ADVANCED_FACE ( 'NONE', ( #1899 ), #1491, .T. ) ;
#1225 = ORIENTED_EDGE ( 'NONE', *, *, #1638, .F. ) ;
#1226 = DIRECTION ( 'NONE',  ( 0.000000000000000000, -0.000000000000000000, -1.000000000000000000 ) ) ;
#1227 = VERTEX_POINT ( 'NONE', #1503 ) ;
#1228 = FACE_OUTER_BOUND ( 'NONE', #1100, .T. ) ;
#1229 = CARTESIAN_POINT ( 'NONE',  ( -0.05900000000000002465, 0.1126696971713929407, 0.05724067397026459669 ) ) ;
#1230 = FILL_AREA_STYLE_COLOUR ( '', #2275 ) ;
#1231 = CARTESIAN_POINT ( 'NONE',  ( 0.05867589399233518604, 0.1114206575759039836, 0.02718030388246191198 ) ) ;
#1232 = EDGE_LOOP ( 'NONE', ( #782, #1024, #2349 ) ) ;
#1233 = DIRECTION ( 'NONE',  ( 0.000000000000000000, -0.000000000000000000, 1.000000000000000000 ) ) ;
#1234 = CARTESIAN_POINT ( 'NONE',  ( 0.1000000000000000056, 0.1499999999999999944, 0.1300000000000000044 ) ) ;
#1235 = CARTESIAN_POINT ( 'NONE',  ( -0.07218410367921083981, 0.08908793988664902297, 0.06850598604244148571 ) ) ;
#1236 = DIRECTION ( 'NONE',  ( 0.000000000000000000, -1.000000000000000000, 3.674646756046920141E-16 ) ) ;
#1237 = LINE ( 'NONE', #204, #1388 ) ;
#1238 = ORIENTED_EDGE ( 'NONE', *, *, #2425, .T. ) ;
#1239 = VERTEX_POINT ( 'NONE', #863 ) ;
#1240 = DIRECTION ( 'NONE',  ( 1.388134143122087506E-16, 0.000000000000000000, -1.000000000000000000 ) ) ;
#1241 = ADVANCED_FACE ( 'NONE', ( #487, #71 ), #1937, .F. ) ;
#1242 = ORIENTED_EDGE ( 'NONE', *, *, #988, .F. ) ;
#1243 = LINE ( 'NONE', #2068, #671 ) ;
#1244 = LINE ( 'NONE', #1677, #2243 ) ;
#1245 = ORIENTED_EDGE ( 'NONE', *, *, #143, .F. ) ;
#1246 = CARTESIAN_POINT ( 'NONE',  ( -0.001294568306848281657, 0.4000000000000000222, 0.06508841907552086192 ) ) ;
#1247 = CARTESIAN_POINT ( 'NONE',  ( -0.009050425072378067912, 0.3464000000000000412, 0.1239999999999999852 ) ) ;
#1248 = DIRECTION ( 'NONE',  ( 0.000000000000000000, 0.000000000000000000, -1.000000000000000000 ) ) ;
#1249 = DIRECTION ( 'NONE',  ( 0.000000000000000000, 1.000000000000000000, 0.000000000000000000 ) ) ;
#1250 = CARTESIAN_POINT ( 'NONE',  ( 0.07337946998506215956, 0.1040578467424873033, 0.08213731251924454024 ) ) ;
#1251 = ORIENTED_EDGE ( 'NONE', *, *, #2379, .T. ) ;
#1252 = ORIENTED_EDGE ( 'NONE', *, *, #2284, .T. ) ;
#1253 = CIRCLE ( 'NONE', #588, 0.01499999999999999424 ) ;
#1254 = ORIENTED_EDGE ( 'NONE', *, *, #2196, .F. ) ;
#1255 = VECTOR ( 'NONE', #855, 39.37007874015748143 ) ;
#1256 = CARTESIAN_POINT ( 'NONE',  ( 0.02584492759431788675, 0.3977386107208348287, 0.1239999999999999991 ) ) ;
#1257 = DIRECTION ( 'NONE',  ( 0.000000000000000000, 6.124411260078198181E-17, -1.000000000000000000 ) ) ;
#1258 = AXIS2_PLACEMENT_3D ( 'NONE', #1538, #1770, #935 ) ;
#1259 = PLANE ( 'NONE',  #84 ) ;
#1260 = VECTOR ( 'NONE', #591, 39.37007874015748143 ) ;
#1261 = EDGE_LOOP ( 'NONE', ( #1902, #2211, #491, #67 ) ) ;
#1262 = CARTESIAN_POINT ( 'NONE',  ( 0.05187321041424906160, 0.08082607886089281102, 0.05533812808711993658 ) ) ;
#1263 = CARTESIAN_POINT ( 'NONE',  ( 0.05900000000000003159, 0.08131449483766352293, 0.04746538824933001222 ) ) ;
#1264 = CARTESIAN_POINT ( 'NONE',  ( -0.07101157153592467519, 0.09047622203587492307, 0.05553725202609841038 ) ) ;
#1265 = FACE_OUTER_BOUND ( 'NONE', #20, .T. ) ;
#1266 = CARTESIAN_POINT ( 'NONE',  ( 0.05806666666082011680, 0.09400000000000001410, 0.06202161903426994805 ) ) ;
#1267 = ORIENTED_EDGE ( 'NONE', *, *, #1191, .F. ) ;
#1268 = ORIENTED_EDGE ( 'NONE', *, *, #1571, .T. ) ;
#1269 = EDGE_CURVE ( 'NONE', #355, #1325, #1826, .T. ) ;
#1270 = CARTESIAN_POINT ( 'NONE',  ( -0.07500000000000003886, 0.2219999999999999751, 0.08000000000000000167 ) ) ;
#1271 = PLANE ( 'NONE',  #2079 ) ;
#1272 = EDGE_CURVE ( 'NONE', #380, #1173, #1081, .T. ) ;
#1273 = CARTESIAN_POINT ( 'NONE',  ( 0.05867589399233518604, 0.07657934242409596137, 0.06202161903426994111 ) ) ;
#1274 = DIRECTION ( 'NONE',  ( 0.000000000000000000, 1.000000000000000000, 0.000000000000000000 ) ) ;
#1275 = DIRECTION ( 'NONE',  ( 0.000000000000000000, -0.000000000000000000, -1.000000000000000000 ) ) ;
#1276 = LINE ( 'NONE', #1021, #1006 ) ;
#1277 = PLANE ( 'NONE',  #853 ) ;
#1278 = CARTESIAN_POINT ( 'NONE',  ( -0.07499999999415346563, 0.1132613602842582473, 0.1005443396027863728 ) ) ;
#1279 = CARTESIAN_POINT ( 'NONE',  ( 0.05900000000000002465, 0.1499999999999999667, 0.03100000000000022182 ) ) ;
#1280 = ORIENTED_EDGE ( 'NONE', *, *, #1701, .F. ) ;
#1281 = EDGE_CURVE ( 'NONE', #1678, #300, #2140, .T. ) ;
#1282 = CARTESIAN_POINT ( 'NONE',  ( -0.05900000000000002465, 0.4000000000000000222, 0.03100000000000022182 ) ) ;
#1283 = DIRECTION ( 'NONE',  ( 0.000000000000000000, 1.000000000000000000, 0.000000000000000000 ) ) ;
#1284 = VERTEX_POINT ( 'NONE', #2116 ) ;
#1285 = FACE_OUTER_BOUND ( 'NONE', #726, .T. ) ;
#1286 = VECTOR ( 'NONE', #757, 39.37007874015748143 ) ;
#1287 = CARTESIAN_POINT ( 'NONE',  ( -0.07499999999415346563, 0.07948306577800420825, 0.06202161903426996192 ) ) ;
#1288 = DIRECTION ( 'NONE',  ( 0.000000000000000000, -0.000000000000000000, 1.000000000000000000 ) ) ;
#1289 = CARTESIAN_POINT ( 'NONE',  ( -0.04399999999999992112, 0.4000000000000000222, 2.134256245050205639E-18 ) ) ;
#1290 = CARTESIAN_POINT ( 'NONE',  ( -0.05899999999415345142, 0.1132613602842582334, 0.06202161903426994805 ) ) ;
#1291 = VERTEX_POINT ( 'NONE', #57 ) ;
#1292 = CIRCLE ( 'NONE', #470, 0.02000000000000000736 ) ;
#1293 = VECTOR ( 'NONE', #1075, 39.37007874015748143 ) ;
#1294 = DIRECTION ( 'NONE',  ( 0.000000000000000000, 1.000000000000000000, 0.000000000000000000 ) ) ;
#1295 = CARTESIAN_POINT ( 'NONE',  ( -0.05900000000000003852, 0.2219999999999999751, 0.1539999999999999702 ) ) ;
#1296 = VERTEX_POINT ( 'NONE', #887 ) ;
#1297 = CARTESIAN_POINT ( 'NONE',  ( 0.05900000000000004546, 0.09882638710268384918, 0.08082951725017577249 ) ) ;
#1298 = CARTESIAN_POINT ( 'NONE',  ( -0.07038731423265399967, 0.09400000000000001410, 0.05553725202609842426 ) ) ;
#1299 = LINE ( 'NONE', #2578, #934 ) ;
#1300 = ADVANCED_FACE ( 'NONE', ( #2312 ), #46, .F. ) ;
#1301 = DIRECTION ( 'NONE',  ( -0.000000000000000000, -1.000000000000000000, -0.000000000000000000 ) ) ;
#1302 = CARTESIAN_POINT ( 'NONE',  ( 0.04499999999999999833, 0.4000000000000000222, 0.1689999999999999836 ) ) ;
#1303 = ORIENTED_EDGE ( 'NONE', *, *, #1281, .T. ) ;
#1304 = EDGE_CURVE ( 'NONE', #1308, #1655, #2351, .T. ) ;
#1305 = ORIENTED_EDGE ( 'NONE', *, *, #112, .T. ) ;
#1306 = CARTESIAN_POINT ( 'NONE',  ( 0.07218410367921083981, 0.08908793988664902297, 0.06850598604244148571 ) ) ;
#1307 = LINE ( 'NONE', #892, #904 ) ;
#1308 = VERTEX_POINT ( 'NONE', #261 ) ;
#1309 = FACE_OUTER_BOUND ( 'NONE', #1261, .T. ) ;
#1310 = FACE_OUTER_BOUND ( 'NONE', #829, .T. ) ;
#1311 = CARTESIAN_POINT ( 'NONE',  ( -0.07337946998506215956, 0.08394215325751272494, 0.04190592554929539054 ) ) ;
#1312 = FACE_OUTER_BOUND ( 'NONE', #110, .T. ) ;
#1313 = ORIENTED_EDGE ( 'NONE', *, *, #1478, .T. ) ;
#1314 = ORIENTED_EDGE ( 'NONE', *, *, #197, .F. ) ;
#1315 = CARTESIAN_POINT ( 'NONE',  ( -0.05900000000000003159, 0.07851149490904534012, 0.07376867288001914824 ) ) ;
#1316 = EDGE_CURVE ( 'NONE', #1523, #2155, #475, .T. ) ;
#1317 = CIRCLE ( 'NONE', #2625, 0.01500000000000001159 ) ;
#1318 = VECTOR ( 'NONE', #45, 39.37007874015748143 ) ;
#1319 = DIRECTION ( 'NONE',  ( -1.000000000000000000, 0.000000000000000000, -0.000000000000000000 ) ) ;
#1320 = ORIENTED_EDGE ( 'NONE', *, *, #2630, .T. ) ;
#1321 = CARTESIAN_POINT ( 'NONE',  ( 0.05625681407656315386, 0.1123641231719625377, 0.06870510998141997339 ) ) ;
#1322 = CARTESIAN_POINT ( 'NONE',  ( -0.07499999999415345175, 0.1132613602842582334, 0.02349889846575348856 ) ) ;
#1323 = CARTESIAN_POINT ( 'NONE',  ( -0.05899999999415345142, 0.07568752492819429134, 0.06202161903426995498 ) ) ;
#1324 = VERTEX_POINT ( 'NONE', #1289 ) ;
#1325 = VERTEX_POINT ( 'NONE', #499 ) ;
#1326 = APPLICATION_CONTEXT ( 'automotive_design' ) ;
#1327 = CARTESIAN_POINT ( 'NONE',  ( 0.07038731423265399967, 0.09400000000000001410, 0.05553725202609841732 ) ) ;
#1328 = AXIS2_PLACEMENT_3D ( 'NONE', #1234, #831, #1275 ) ;
#1329 = CARTESIAN_POINT ( 'NONE',  ( 0.07499999999415345175, 0.1132613602842582196, 0.06202161903426994111 ) ) ;
#1330 = VERTEX_POINT ( 'NONE', #2129 ) ;
#1331 = CARTESIAN_POINT ( 'NONE',  ( -0.07499999999415345175, 0.07473863971574178089, 0.06202161903426996192 ) ) ;
#1332 = CARTESIAN_POINT ( 'NONE',  ( 0.1000000000000000056, 0.1899999999999999745, 0.08000000000000000167 ) ) ;
#1333 = CARTESIAN_POINT ( 'NONE',  ( -0.05900000000000005934, 0.2059999999999999887, 0.08000000000000000167 ) ) ;
#1334 = AXIS2_PLACEMENT_3D ( 'NONE', #1976, #2017, #1159 ) ;
#1335 = DIRECTION ( 'NONE',  ( 0.000000000000000000, 1.000000000000000000, 0.000000000000000000 ) ) ;
#1336 = EDGE_LOOP ( 'NONE', ( #1352, #1401, #1696, #536 ) ) ;
#1337 = CARTESIAN_POINT ( 'NONE',  ( -0.04400000000000001132, 0.2219999999999999751, 0.1539999999999999702 ) ) ;
#1338 = CIRCLE ( 'NONE', #95, 0.03099999999999999631 ) ;
#1339 = ORIENTED_EDGE ( 'NONE', *, *, #2635, .F. ) ;
#1340 = DIRECTION ( 'NONE',  ( 0.000000000000000000, -1.000000000000000000, 0.000000000000000000 ) ) ;
#1341 = VECTOR ( 'NONE', #450, 39.37007874015748143 ) ;
#1342 = CYLINDRICAL_SURFACE ( 'NONE', #523, 0.08747023572034699768 ) ;
#1343 = ADVANCED_FACE ( 'NONE', ( #2333 ), #2108, .T. ) ;
#1344 = CARTESIAN_POINT ( 'NONE',  ( 0.1000000000000000056, 0.01060660171779814927, 0.09400000000000004186 ) ) ;
#1345 = DIMENSIONAL_EXPONENTS ( 1.000000000000000000, 0.000000000000000000, 0.000000000000000000, 0.000000000000000000, 0.000000000000000000, 0.000000000000000000, 0.000000000000000000 ) ;
#1346 = CARTESIAN_POINT ( 'NONE',  ( -0.05899999999415345142, 0.07568752492819426358, 0.06202161903426996192 ) ) ;
#1347 = CARTESIAN_POINT ( 'NONE',  ( -0.06795123477111331134, 0.09906689274581045868, 0.06459219247548150800 ) ) ;
#1348 = LINE ( 'NONE', #1786, #2290 ) ;
#1349 = EDGE_CURVE ( 'NONE', #1239, #705, #2002, .T. ) ;
#1350 = PRESENTATION_STYLE_ASSIGNMENT (( #745 ) ) ;
#1351 = EDGE_LOOP ( 'NONE', ( #1062, #339, #1960, #277 ) ) ;
#1352 = ORIENTED_EDGE ( 'NONE', *, *, #425, .F. ) ;
#1353 = EDGE_CURVE ( 'NONE', #2444, #1325, #1436, .T. ) ;
#1354 = CARTESIAN_POINT ( 'NONE',  ( 0.02518848844166054340, 0.3464000000000000412, 0.1239999999999999852 ) ) ;
#1355 =( BOUNDED_CURVE ( )  B_SPLINE_CURVE ( 3, ( #2343, #1732, #56, #1718 ),
 .UNSPECIFIED., .F., .F. ) 
 B_SPLINE_CURVE_WITH_KNOTS ( ( 4, 4 ),
 ( 3.141592653589793116, 4.712388980384689674 ),
 .UNSPECIFIED. ) 
 CURVE ( )  GEOMETRIC_REPRESENTATION_ITEM ( )  RATIONAL_B_SPLINE_CURVE ( ( 1.000000000000000000, 0.8047378541243649375, 0.8047378541243649375, 1.000000000000000000 ) ) 
 REPRESENTATION_ITEM ( '' )  );
#1356 = VERTEX_POINT ( 'NONE', #1951 ) ;
#1357 = LINE ( 'NONE', #1165, #2035 ) ;
#1358 = ORIENTED_EDGE ( 'NONE', *, *, #473, .T. ) ;
#1359 = DIRECTION ( 'NONE',  ( 1.388134143122087260E-16, 0.000000000000000000, -1.000000000000000000 ) ) ;
#1360 = CARTESIAN_POINT ( 'NONE',  ( -0.07500000000000003886, 0.1499999999999999944, 0.1300000000000000044 ) ) ;
#1361 = CARTESIAN_POINT ( 'NONE',  ( -0.05900000000000002465, 0.4000000000000000222, 0.03100000000000011427 ) ) ;
#1362 = ORIENTED_EDGE ( 'NONE', *, *, #1975, .F. ) ;
#1363 = EDGE_LOOP ( 'NONE', ( #2093, #1451, #914, #1413, #387 ) ) ;
#1364 = CARTESIAN_POINT ( 'NONE',  ( 0.07033333332748679945, 0.08757954657191391323, 0.06202161903426994805 ) ) ;
#1365 = EDGE_LOOP ( 'NONE', ( #382, #561, #2434, #164, #299, #2195 ) ) ;
#1366 = DIRECTION ( 'NONE',  ( 0.000000000000000000, 0.000000000000000000, -1.000000000000000000 ) ) ;
#1367 = ORIENTED_EDGE ( 'NONE', *, *, #2179, .T. ) ;
#1368 = CARTESIAN_POINT ( 'NONE',  ( 0.1000000000000000056, 0.01060660171779807641, 0.03199999999999999373 ) ) ;
#1369 = DIRECTION ( 'NONE',  ( 0.000000000000000000, 1.000000000000000000, -0.000000000000000000 ) ) ;
#1370 = VECTOR ( 'NONE', #1319, 39.37007874015748143 ) ;
#1371 = CARTESIAN_POINT ( 'NONE',  ( -0.05900000000000002465, 0.4000000000000000222, 0.03100000000000022182 ) ) ;
#1372 = EDGE_CURVE ( 'NONE', #1658, #2534, #622, .T. ) ;
#1373 = VECTOR ( 'NONE', #2232, 39.37007874015748143 ) ;
#1374 = CARTESIAN_POINT ( 'NONE',  ( -0.07038731423265399967, 0.09400000000000001410, 0.05553725202609841732 ) ) ;
#1375 = ORIENTED_EDGE ( 'NONE', *, *, #1631, .T. ) ;
#1376 = ORIENTED_EDGE ( 'NONE', *, *, #941, .F. ) ;
#1377 = EDGE_CURVE ( 'NONE', #2412, #2496, #1131, .T. ) ;
#1378 = PLANE ( 'NONE',  #132 ) ;
#1379 = EDGE_CURVE ( 'NONE', #1393, #770, #1973, .T. ) ;
#1380 = VERTEX_POINT ( 'NONE', #2152 ) ;
#1381 = DIRECTION ( 'NONE',  ( 0.000000000000000000, 0.000000000000000000, -1.000000000000000000 ) ) ;
#1382 = ORIENTED_EDGE ( 'NONE', *, *, #1743, .F. ) ;
#1383 = CARTESIAN_POINT ( 'NONE',  ( -0.009050425072378064442, 0.4000000000000000222, 0.1239999999999999852 ) ) ;
#1384 = ADVANCED_FACE ( 'NONE', ( #310 ), #731, .T. ) ;
#1385 = DIRECTION ( 'NONE',  ( -1.000000000000000000, -0.000000000000000000, 1.388134143122087506E-16 ) ) ;
#1386 = DIRECTION ( 'NONE',  ( 0.000000000000000000, 1.000000000000000000, 0.000000000000000000 ) ) ;
#1387 = FACE_OUTER_BOUND ( 'NONE', #1594, .T. ) ;
#1388 = VECTOR ( 'NONE', #1118, 39.37007874015748143 ) ;
#1389 = DIRECTION ( 'NONE',  ( 0.000000000000000000, 0.000000000000000000, 1.000000000000000000 ) ) ;
#1390 = VERTEX_POINT ( 'NONE', #1144 ) ;
#1391 = ORIENTED_EDGE ( 'NONE', *, *, #176, .T. ) ;
#1392 = DIRECTION ( 'NONE',  ( -1.000000000000000000, 0.000000000000000000, -0.000000000000000000 ) ) ;
#1393 = VERTEX_POINT ( 'NONE', #743 ) ;
#1394 = CARTESIAN_POINT ( 'NONE',  ( 0.05499999999415345481, 0.07473863971574178089, 0.06202161903426994805 ) ) ;
#1395 = ORIENTED_EDGE ( 'NONE', *, *, #2085, .T. ) ;
#1396 = CARTESIAN_POINT ( 'NONE',  ( -0.001294568306848263659, 0.2219999999999999751, 0.06508841907552086192 ) ) ;
#1397 = DIRECTION ( 'NONE',  ( 0.000000000000000000, -0.000000000000000000, -1.000000000000000000 ) ) ;
#1398 = CARTESIAN_POINT ( 'NONE',  ( 0.07500000000000003886, 0.2219999999999999751, 0.1539999999999999702 ) ) ;
#1399 =( GEOMETRIC_REPRESENTATION_CONTEXT ( 3 ) GLOBAL_UNCERTAINTY_ASSIGNED_CONTEXT ( ( #2299 ) ) GLOBAL_UNIT_ASSIGNED_CONTEXT ( ( #2677, #184, #2054 ) ) REPRESENTATION_CONTEXT ( 'NONE', 'WORKASPACE' ) );
#1400 = DIRECTION ( 'NONE',  ( -0.000000000000000000, 0.000000000000000000, 1.000000000000000000 ) ) ;
#1401 = ORIENTED_EDGE ( 'NONE', *, *, #2460, .F. ) ;
#1402 = PLANE ( 'NONE',  #2419 ) ;
#1403 = VECTOR ( 'NONE', #2334, 39.37007874015748854 ) ;
#1404 = VERTEX_POINT ( 'NONE', #1963 ) ;
#1405 = ADVANCED_FACE ( 'NONE', ( #1758 ), #716, .F. ) ;
#1406 = CARTESIAN_POINT ( 'NONE',  ( -0.05806666666082013761, 0.09400000000000001410, 0.06202161903426994805 ) ) ;
#1407 = EDGE_CURVE ( 'NONE', #746, #1940, #2519, .T. ) ;
#1408 = CARTESIAN_POINT ( 'NONE',  ( -0.05900000000000003852, 0.1499999999999999667, 0.1300000000000000322 ) ) ;
#1409 = EDGE_CURVE ( 'NONE', #372, #2479, #785, .T. ) ;
#1410 = EDGE_CURVE ( 'NONE', #1857, #1106, #437, .T. ) ;
#1411 = FACE_OUTER_BOUND ( 'NONE', #898, .T. ) ;
#1412 = PLANE ( 'NONE',  #1944 ) ;
#1413 = ORIENTED_EDGE ( 'NONE', *, *, #1409, .F. ) ;
#1414 = CARTESIAN_POINT ( 'NONE',  ( 0.05820701701425483321, 0.09400000000000001410, 0.04516226481302400286 ) ) ;
#1415 = CARTESIAN_POINT ( 'NONE',  ( 0.05900000000000002465, 0.1128105693411227545, 0.05720195830158121553 ) ) ;
#1416 = CARTESIAN_POINT ( 'NONE',  ( -0.02900000000000000147, 0.4000000000000000222, 0.1539999999999999425 ) ) ;
#1417 = CIRCLE ( 'NONE', #821, 0.01669317891302381229 ) ;
#1418 = LINE ( 'NONE', #1871, #959 ) ;
#1419 = VERTEX_POINT ( 'NONE', #1361 ) ;
#1420 = DIRECTION ( 'NONE',  ( 0.000000000000000000, 0.000000000000000000, -1.000000000000000000 ) ) ;
#1421 = ORIENTED_EDGE ( 'NONE', *, *, #1797, .F. ) ;
#1422 = MANIFOLD_SOLID_BREP ( 'NONE', #1724 ) ;
#1423 = CARTESIAN_POINT ( 'NONE',  ( -0.05900000000000003852, 0.1132613602842582334, 0.06080047870304808311 ) ) ;
#1424 = AXIS2_PLACEMENT_3D ( 'NONE', #1042, #1860, #1420 ) ;
#1425 = SHAPE_DEFINITION_REPRESENTATION ( #2664, #2346 ) ;
#1426 = DIRECTION ( 'NONE',  ( 0.000000000000000000, -0.000000000000000000, -1.000000000000000000 ) ) ;
#1427 = ORIENTED_EDGE ( 'NONE', *, *, #1025, .F. ) ;
#1428 = CARTESIAN_POINT ( 'NONE',  ( 0.04499999999999999833, 0.3070000000000000506, 0.1539999999999999702 ) ) ;
#1429 = DIRECTION ( 'NONE',  ( -0.9914448613738101601, 0.000000000000000000, 0.1305261922200539881 ) ) ;
#1430 = PLANE ( 'NONE',  #2362 ) ;
#1431 = CARTESIAN_POINT ( 'NONE',  ( 0.1000000000000000056, 0.1499999999999999944, 0.09399999999999998634 ) ) ;
#1432 = CARTESIAN_POINT ( 'NONE',  ( 0.07499999999415346563, 0.07948306577800420825, 0.06202161903426994111 ) ) ;
#1433 = ADVANCED_FACE ( 'NONE', ( #2582 ), #779, .F. ) ;
#1434 = ORIENTED_EDGE ( 'NONE', *, *, #1716, .T. ) ;
#1435 = ORIENTED_EDGE ( 'NONE', *, *, #589, .F. ) ;
#1436 = CIRCLE ( 'NONE', #274, 0.02000000000000000736 ) ;
#1437 = CARTESIAN_POINT ( 'NONE',  ( -0.07500000000000003886, 0.000000000000000000, 0.01600000000000000380 ) ) ;
#1438 = VERTEX_POINT ( 'NONE', #517 ) ;
#1439 = DIRECTION ( 'NONE',  ( -1.000000000000000000, 0.000000000000000000, -0.000000000000000000 ) ) ;
#1440 = SURFACE_SIDE_STYLE ('',( #624 ) ) ;
#1441 = CARTESIAN_POINT ( 'NONE',  ( 0.05899999999415343754, 0.1123124750718057230, 0.02539666889065850253 ) ) ;
#1442 = ORIENTED_EDGE ( 'NONE', *, *, #260, .F. ) ;
#1443 = DIRECTION ( 'NONE',  ( 0.000000000000000000, -1.000000000000000000, 0.000000000000000000 ) ) ;
#1444 = FACE_OUTER_BOUND ( 'NONE', #320, .T. ) ;
#1445 = DIRECTION ( 'NONE',  ( 0.000000000000000000, 0.000000000000000000, -1.000000000000000000 ) ) ;
#1446 = CARTESIAN_POINT ( 'NONE',  ( -0.06287866957530260925, 0.1067713562947125300, 0.04516226481302398205 ) ) ;
#1447 = CARTESIAN_POINT ( 'NONE',  ( 0.07499999999415346563, 0.1085169342219958338, 0.06202161903426995498 ) ) ;
#1448 = EDGE_LOOP ( 'NONE', ( #1140, #1041, #1449, #1358 ) ) ;
#1449 = ORIENTED_EDGE ( 'NONE', *, *, #2175, .T. ) ;
#1450 =( BOUNDED_SURFACE ( )  B_SPLINE_SURFACE ( 3, 3, ( 
 ( #1482, #2360, #1082, #1492 ),
 ( #297, #704, #466, #1516 ),
 ( #1133, #2117, #47, #1323 ),
 ( #1290, #924, #1094, #59 ) ),
 .UNSPECIFIED., .F., .F., .F. ) 
 B_SPLINE_SURFACE_WITH_KNOTS ( ( 4, 4 ),
 ( 4, 4 ),
 ( 0.000000000000000000, 1.000000000000000000 ),
 ( 0.000000000000000000, 1.000000000000000000 ),
 .UNSPECIFIED. ) 
 GEOMETRIC_REPRESENTATION_ITEM ( )  RATIONAL_B_SPLINE_SURFACE ( (
 ( 1.000000000000000000, 0.3333333333333332038, 0.3333333333333332038, 1.000000000000000000),
 ( 0.9599054302165199726, 0.3199684767388398798, 0.3199684767388398798, 0.9599054302165199726),
 ( 0.9599054302165199726, 0.3199684767388398798, 0.3199684767388398798, 0.9599054302165199726),
 ( 1.000000000000000000, 0.3333333333333332038, 0.3333333333333332038, 1.000000000000000000) ) ) 
 REPRESENTATION_ITEM ( '' )  SURFACE ( )  );
#1451 = ORIENTED_EDGE ( 'NONE', *, *, #143, .T. ) ;
#1452 = DIRECTION ( 'NONE',  ( 0.000000000000000000, 1.000000000000000000, 0.000000000000000000 ) ) ;
#1453 = APPLICATION_PROTOCOL_DEFINITION ( 'draft international standard', 'automotive_design', 1998, #2587 ) ;
#1454 = DIRECTION ( 'NONE',  ( 0.000000000000000000, -1.000000000000000000, 3.674646756046920141E-16 ) ) ;
#1455 = ORIENTED_EDGE ( 'NONE', *, *, #2466, .T. ) ;
#1456 = LINE ( 'NONE', #1679, #1293 ) ;
#1457 = DIRECTION ( 'NONE',  ( 0.000000000000000000, 1.000000000000000000, 0.000000000000000000 ) ) ;
#1458 = CARTESIAN_POINT ( 'NONE',  ( -0.07500000000000003886, 0.1899999999999999745, 0.08000000000000000167 ) ) ;
#1459 = DIRECTION ( 'NONE',  ( 0.000000000000000000, 0.000000000000000000, -1.000000000000000000 ) ) ;
#1460 = LINE ( 'NONE', #5, #613 ) ;
#1461 =( BOUNDED_SURFACE ( )  B_SPLINE_SURFACE ( 3, 3, ( 
 ( #1235, #440, #2310, #232 ),
 ( #1681, #662, #2059, #202 ),
 ( #1869, #2090, #845, #2102 ),
 ( #1662, #1264, #861, #1298 ) ),
 .UNSPECIFIED., .F., .F., .F. ) 
 B_SPLINE_SURFACE_WITH_KNOTS ( ( 4, 4 ),
 ( 4, 4 ),
 ( 0.000000000000000000, 1.000000000000000000 ),
 ( 0.000000000000000000, 1.000000000000000000 ),
 .UNSPECIFIED. ) 
 GEOMETRIC_REPRESENTATION_ITEM ( )  RATIONAL_B_SPLINE_SURFACE ( (
 ( 1.000000000000000000, 0.9594278070612419773, 0.9594278070612419773, 1.000000000000000000),
 ( 0.8408457174332992778, 0.8067307627538670145, 0.8067307627538670145, 0.8408457174332992778),
 ( 0.8408457174332992778, 0.8067307627538670145, 0.8067307627538670145, 0.8408457174332992778),
 ( 1.000000000000000000, 0.9594278070612419773, 0.9594278070612419773, 1.000000000000000000) ) ) 
 REPRESENTATION_ITEM ( '' )  SURFACE ( )  );
#1462 = EDGE_CURVE ( 'NONE', #1793, #2225, #573, .T. ) ;
#1463 = VECTOR ( 'NONE', #1540, 39.37007874015748143 ) ;
#1464 = VERTEX_POINT ( 'NONE', #2611 ) ;
#1465 = EDGE_CURVE ( 'NONE', #722, #889, #2410, .T. ) ;
#1466 = CIRCLE ( 'NONE', #431, 0.01599999999999999686 ) ;
#1467 = ORIENTED_EDGE ( 'NONE', *, *, #1998, .T. ) ;
#1468 = AXIS2_PLACEMENT_3D ( 'NONE', #2639, #2601, #783 ) ;
#1469 = LINE ( 'NONE', #1672, #1474 ) ;
#1470 = CARTESIAN_POINT ( 'NONE',  ( 0.04399999999999981010, 0.4000000000000000222, 0.01600000000000000033 ) ) ;
#1471 = AXIS2_PLACEMENT_3D ( 'NONE', #367, #938, #734 ) ;
#1472 = EDGE_CURVE ( 'NONE', #2183, #237, #1132, .T. ) ;
#1473 = DIRECTION ( 'NONE',  ( -0.1305261922200539604, 0.000000000000000000, 0.9914448613738101601 ) ) ;
#1474 = VECTOR ( 'NONE', #1452, 39.37007874015748143 ) ;
#1475 = ORIENTED_EDGE ( 'NONE', *, *, #1574, .F. ) ;
#1476 = CARTESIAN_POINT ( 'NONE',  ( -0.07033333332748679945, 0.09400000000000001410, 0.06202161903426994805 ) ) ;
#1477 = CARTESIAN_POINT ( 'NONE',  ( 0.01780294143062748774, 0.3977386107208348287, 0.06291505052267065690 ) ) ;
#1478 = EDGE_CURVE ( 'NONE', #380, #2246, #2193, .T. ) ;
#1479 = DIRECTION ( 'NONE',  ( 0.000000000000000000, 0.000000000000000000, 1.000000000000000000 ) ) ;
#1480 = DIRECTION ( 'NONE',  ( -0.000000000000000000, -1.000000000000000000, -0.000000000000000000 ) ) ;
#1481 = CARTESIAN_POINT ( 'NONE',  ( -0.07499999999415346563, 0.1085169342219958338, 0.06202161903426995498 ) ) ;
#1482 = CARTESIAN_POINT ( 'NONE',  ( -0.05806666666082013761, 0.1106931789130238264, 0.06202161903426994805 ) ) ;
#1483 = ORIENTED_EDGE ( 'NONE', *, *, #473, .F. ) ;
#1484 = VECTOR ( 'NONE', #1560, 39.37007874015748854 ) ;
#1485 = CARTESIAN_POINT ( 'NONE',  ( 0.05900000000000003159, 0.07473863971574176701, 0.06447794482709504060 ) ) ;
#1486 = CARTESIAN_POINT ( 'NONE',  ( -0.05900000000000002465, 0.1499999999999999667, 0.03100000000000022182 ) ) ;
#1487 = EDGE_LOOP ( 'NONE', ( #1599, #1671, #2655, #890 ) ) ;
#1488 = CARTESIAN_POINT ( 'NONE',  ( -0.05820701701425486790, 0.09400000000000002798, 0.04516226481302398899 ) ) ;
#1489 = CARTESIAN_POINT ( 'NONE',  ( 0.07101157153592467519, 0.09752377796412506350, 0.05553725202609841038 ) ) ;
#1490 = DIRECTION ( 'NONE',  ( -1.000000000000000000, -0.000000000000000000, 0.000000000000000000 ) ) ;
#1491 = CYLINDRICAL_SURFACE ( 'NONE', #715, 0.03100000000000002406 ) ;
#1492 = CARTESIAN_POINT ( 'NONE',  ( -0.05806666666082013761, 0.07730682108697621568, 0.06202161903426994805 ) ) ;
#1493 = ORIENTED_EDGE ( 'NONE', *, *, #1316, .F. ) ;
#1494 = CARTESIAN_POINT ( 'NONE',  ( -0.05900000000000004546, 0.1132613602842582473, 0.06447794482709182096 ) ) ;
#1495 = EDGE_CURVE ( 'NONE', #325, #759, #1761, .T. ) ;
#1496 = EDGE_CURVE ( 'NONE', #1983, #1740, #1533, .T. ) ;
#1497 = PLANE ( 'NONE',  #1634 ) ;
#1498 = EDGE_LOOP ( 'NONE', ( #577, #1376, #927, #205 ) ) ;
#1499 = CARTESIAN_POINT ( 'NONE',  ( 0.05900000000000003852, 0.1094885050909496643, 0.07376867288002168788 ) ) ;
#1500 = EDGE_CURVE ( 'NONE', #610, #1174, #1080, .T. ) ;
#1501 = CARTESIAN_POINT ( 'NONE',  ( -0.07499999999415346563, 0.1085169342219958338, 0.06202161903426994111 ) ) ;
#1502 = CARTESIAN_POINT ( 'NONE',  ( 0.1000000000000000056, 0.1899999999999999745, 0.08000000000000000167 ) ) ;
#1503 = CARTESIAN_POINT ( 'NONE',  ( 0.05900000000000002465, 0.1499999999999999667, 0.03100000000000005529 ) ) ;
#1504 = LINE ( 'NONE', #1927, #943 ) ;
#1505 = ORIENTED_EDGE ( 'NONE', *, *, #1952, .F. ) ;
#1506 = ORIENTED_EDGE ( 'NONE', *, *, #1142, .T. ) ;
#1507 = AXIS2_PLACEMENT_3D ( 'NONE', #1739, #305, #724 ) ;
#1508 = AXIS2_PLACEMENT_3D ( 'NONE', #1659, #1051, #229 ) ;
#1509 = AXIS2_PLACEMENT_3D ( 'NONE', #2603, #2645, #788 ) ;
#1510 = CARTESIAN_POINT ( 'NONE',  ( -0.05900000000000003852, 0.1128105693411227822, 0.06684127976695870832 ) ) ;
#1511 = CARTESIAN_POINT ( 'NONE',  ( -0.02886311778198096673, 0.3070000000000000506, 0.1519115809244791226 ) ) ;
#1512 = ORIENTED_EDGE ( 'NONE', *, *, #672, .F. ) ;
#1513 = CARTESIAN_POINT ( 'NONE',  ( -0.06287866957530260925, 0.08122864370528751210, 0.07888097325551590711 ) ) ;
#1514 = CYLINDRICAL_SURFACE ( 'NONE', #2497, 0.08747023572034699768 ) ;
#1515 = PLANE ( 'NONE',  #28 ) ;
#1516 = CARTESIAN_POINT ( 'NONE',  ( -0.05867589399233520686, 0.07657934242409596137, 0.06202161903426995498 ) ) ;
#1517 = ORIENTED_EDGE ( 'NONE', *, *, #2633, .T. ) ;
#1518 = EDGE_CURVE ( 'NONE', #772, #325, #2294, .T. ) ;
#1519 = ORIENTED_EDGE ( 'NONE', *, *, #1272, .T. ) ;
#1520 = CARTESIAN_POINT ( 'NONE',  ( -0.05900000000000003852, 0.09877634395931224331, 0.08069313212766976440 ) ) ;
#1521 = VECTOR ( 'NONE', #2440, 39.37007874015748143 ) ;
#1522 = DIRECTION ( 'NONE',  ( 1.388134143122087506E-16, 0.000000000000000000, 1.000000000000000000 ) ) ;
#1523 = VERTEX_POINT ( 'NONE', #408 ) ;
#1524 = DIRECTION ( 'NONE',  ( 0.000000000000000000, -1.000000000000000000, 0.000000000000000000 ) ) ;
#1525 = DIRECTION ( 'NONE',  ( 0.9914448613738100491, 0.000000000000000000, 0.1305261922200539326 ) ) ;
#1526 = CARTESIAN_POINT ( 'NONE',  ( -0.07033333332748679945, 0.09400000000000001410, 0.06202161903426994805 ) ) ;
#1527 = CARTESIAN_POINT ( 'NONE',  ( -0.07337946998506218732, 0.1040578467424873171, 0.06202161903426995498 ) ) ;
#1528 = ORIENTED_EDGE ( 'NONE', *, *, #721, .T. ) ;
#1529 = ORIENTED_EDGE ( 'NONE', *, *, #1409, .T. ) ;
#1530 = VERTEX_POINT ( 'NONE', #451 ) ;
#1531 = CARTESIAN_POINT ( 'NONE',  ( 0.07101157153592467519, 0.09047622203587492307, 0.05553725202609841038 ) ) ;
#1532 = VECTOR ( 'NONE', #2203, 39.37007874015748143 ) ;
#1533 = CIRCLE ( 'NONE', #2448, 0.01500000000000001159 ) ;
#1534 = CARTESIAN_POINT ( 'NONE',  ( 0.04400000000000003214, 0.4000000000000000222, 0.01600000000000000380 ) ) ;
#1535 = ORIENTED_EDGE ( 'NONE', *, *, #2571, .T. ) ;
#1536 = CARTESIAN_POINT ( 'NONE',  ( -0.07337946998506215956, 0.08394215325751273882, 0.08213731251924454024 ) ) ;
#1537 = FACE_OUTER_BOUND ( 'NONE', #2297, .T. ) ;
#1538 = CARTESIAN_POINT ( 'NONE',  ( 0.1000000000000000056, 0.01060660171779807641, 0.03199999999999999373 ) ) ;
#1539 = VECTOR ( 'NONE', #1953, 39.37007874015748143 ) ;
#1540 = DIRECTION ( 'NONE',  ( 1.000000000000000000, 0.000000000000000000, 0.000000000000000000 ) ) ;
#1541 = EDGE_LOOP ( 'NONE', ( #363, #552, #2162 ) ) ;
#1542 = CARTESIAN_POINT ( 'NONE',  ( 0.05900000000000002465, -1.365923996832131609E-16, 0.03100000000000022182 ) ) ;
#1543 = ORIENTED_EDGE ( 'NONE', *, *, #2236, .T. ) ;
#1544 = EDGE_CURVE ( 'NONE', #1678, #1704, #464, .T. ) ;
#1545 = CARTESIAN_POINT ( 'NONE',  ( 0.06963723617969566626, 0.08693687570309134582, 0.06459219247548149412 ) ) ;
#1546 = DIRECTION ( 'NONE',  ( -1.388134143122087260E-16, -0.000000000000000000, -1.000000000000000000 ) ) ;
#1547 = VERTEX_POINT ( 'NONE', #872 ) ;
#1548 = ADVANCED_FACE ( 'NONE', ( #17 ), #1738, .T. ) ;
#1549 = CARTESIAN_POINT ( 'NONE',  ( -0.02886311778198095632, 0.4000000000000000222, 0.1519115809244790116 ) ) ;
#1550 = CARTESIAN_POINT ( 'NONE',  ( -0.05899999999415345142, 0.1123124750718057646, 0.06202161903426995498 ) ) ;
#1551 = CARTESIAN_POINT ( 'NONE',  ( -0.07038731423265399967, 0.09400000000000001410, 0.06850598604244148571 ) ) ;
#1552 = LINE ( 'NONE', #531, #1207 ) ;
#1553 = ADVANCED_FACE ( 'NONE', ( #1265 ), #1277, .T. ) ;
#1554 =( LENGTH_UNIT ( ) NAMED_UNIT ( * ) SI_UNIT ( $, .METRE. ) );
#1555 = CIRCLE ( 'NONE', #1697, 0.01499999999999999424 ) ;
#1556 = VECTOR ( 'NONE', #748, 39.37007874015748143 ) ;
#1557 = ORIENTED_EDGE ( 'NONE', *, *, #425, .T. ) ;
#1558 = ORIENTED_EDGE ( 'NONE', *, *, #880, .T. ) ;
#1559 = DIRECTION ( 'NONE',  ( 0.9914448613738100491, 0.000000000000000000, -0.1305261922200539326 ) ) ;
#1560 = DIRECTION ( 'NONE',  ( -0.8027135405098907439, 0.5869266305051588084, 0.1056792424553502224 ) ) ;
#1561 = CARTESIAN_POINT ( 'NONE',  ( 0.04499999999999999833, 0.4000000000000000222, 0.1689999999999999836 ) ) ;
#1562 = CARTESIAN_POINT ( 'NONE',  ( 0.05900000000000003159, 0.4000000000000000222, 0.09400000000000004186 ) ) ;
#1563 = DIRECTION ( 'NONE',  ( -1.734083199103292523E-15, 0.000000000000000000, -1.000000000000000000 ) ) ;
#1564 = DIRECTION ( 'NONE',  ( 0.000000000000000000, -0.7071067811865473507, 0.7071067811865477948 ) ) ;
#1565 = EDGE_LOOP ( 'NONE', ( #585, #982, #2469, #882, #2329 ) ) ;
#1566 = ORIENTED_EDGE ( 'NONE', *, *, #2429, .T. ) ;
#1567 = DIRECTION ( 'NONE',  ( 0.1305261922200519065, -0.000000000000000000, 0.9914448613738103822 ) ) ;
#1568 = VERTEX_POINT ( 'NONE', #846 ) ;
#1569 = CARTESIAN_POINT ( 'NONE',  ( -0.07500000000000003886, 0.2219999999999999751, 0.1539999999999999702 ) ) ;
#1570 = ORIENTED_EDGE ( 'NONE', *, *, #1835, .T. ) ;
#1571 = EDGE_CURVE ( 'NONE', #343, #709, #1886, .T. ) ;
#1572 = CARTESIAN_POINT ( 'NONE',  ( 0.05900000000000003852, 0.4000000000000000222, 0.1539999999999999702 ) ) ;
#1573 = CARTESIAN_POINT ( 'NONE',  ( 0.05806666666082011680, 0.09400000000000001410, 0.06202161903426994805 ) ) ;
#1574 = EDGE_CURVE ( 'NONE', #1762, #208, #2683, .T. ) ;
#1575 = PLANE ( 'NONE',  #1124 ) ;
#1576 = ADVANCED_FACE ( 'NONE', ( #2264 ), #2473, .F. ) ;
#1577 =( NAMED_UNIT ( * ) PLANE_ANGLE_UNIT ( ) SI_UNIT ( $, .RADIAN. ) );
#1578 = EDGE_LOOP ( 'NONE', ( #2170, #626, #956, #1517, #150, #141 ) ) ;
#1579 = EDGE_LOOP ( 'NONE', ( #2131, #2504, #2340, #2274, #2007, #507 ) ) ;
#1580 = DIRECTION ( 'NONE',  ( 1.000000000000000000, -0.000000000000000000, -0.000000000000000000 ) ) ;
#1582 = EDGE_LOOP ( 'NONE', ( #411, #2145, #2094 ) ) ;
#1581 = EDGE_CURVE ( 'NONE', #1291, #2441, #2106, .T. ) ;
#1583 = LINE ( 'NONE', #114, #2658 ) ;
#1584 = ORIENTED_EDGE ( 'NONE', *, *, #1981, .T. ) ;
#1585 = AXIS2_PLACEMENT_3D ( 'NONE', #793, #1617, #201 ) ;
#1586 = CARTESIAN_POINT ( 'NONE',  ( 0.05983008600275855488, 0.1031618227067251370, 0.04516226481302400980 ) ) ;
#1587 = CARTESIAN_POINT ( 'NONE',  ( -0.01299999999999999593, 0.2219999999999999751, 0.1539999999999998870 ) ) ;
#1588 = CARTESIAN_POINT ( 'NONE',  ( -0.05900000000000002465, 0.4000000000000000222, 0.000000000000000000 ) ) ;
#1589 = VECTOR ( 'NONE', #1359, 39.37007874015748143 ) ;
#1590 = DIRECTION ( 'NONE',  ( 1.000000000000000000, 0.000000000000000000, 0.000000000000000000 ) ) ;
#1591 = AXIS2_PLACEMENT_3D ( 'NONE', #1470, #1386, #654 ) ;
#1592 = LENGTH_MEASURE_WITH_UNIT ( LENGTH_MEASURE( 0.02539999999999999897 ), #1554 );
#1593 = ORIENTED_EDGE ( 'NONE', *, *, #2489, .F. ) ;
#1594 = EDGE_LOOP ( 'NONE', ( #2119, #2348, #1557, #2492 ) ) ;
#1595 = ADVANCED_FACE ( 'NONE', ( #1663 ), #218, .T. ) ;
#1596 = AXIS2_PLACEMENT_3D ( 'NONE', #1970, #2381, #2023 ) ;
#1597 = ORIENTED_EDGE ( 'NONE', *, *, #2400, .F. ) ;
#1598 = DIRECTION ( 'NONE',  ( -0.9914448613738100491, 0.000000000000000000, 0.1305261922200539326 ) ) ;
#1599 = ORIENTED_EDGE ( 'NONE', *, *, #2604, .T. ) ;
#1600 = AXIS2_PLACEMENT_3D ( 'NONE', #2417, #168, #1366 ) ;
#1601 = DIRECTION ( 'NONE',  ( -0.1305261922200536273, 0.000000000000000000, 0.9914448613738101601 ) ) ;
#1602 = CARTESIAN_POINT ( 'NONE',  ( 0.05899999999415346530, 0.07568752492819426358, 0.09864656917788140744 ) ) ;
#1603 = DIRECTION ( 'NONE',  ( -1.000000000000000000, 0.000000000000000000, -0.000000000000000000 ) ) ;
#1604 = CARTESIAN_POINT ( 'NONE',  ( 0.05899999999999999689, 0.07584820535154118692, 0.05554682858776258808 ) ) ;
#1605 = CARTESIAN_POINT ( 'NONE',  ( 0.07499999999415346563, 0.07473863971574178089, 0.1005443396027863728 ) ) ;
#1606 = ORIENTED_EDGE ( 'NONE', *, *, #750, .T. ) ;
#1607 = ORIENTED_EDGE ( 'NONE', *, *, #2462, .T. ) ;
#1608 = EDGE_CURVE ( 'NONE', #997, #2491, #2499, .T. ) ;
#1609 = CARTESIAN_POINT ( 'NONE',  ( -0.03891095122187445549, 0.3883477846327524352, 0.1239999999999999852 ) ) ;
#1610 = ADVANCED_FACE ( 'NONE', ( #2487 ), #663, .T. ) ;
#1611 = ORIENTED_EDGE ( 'NONE', *, *, #1943, .F. ) ;
#1612 = DIRECTION ( 'NONE',  ( 0.000000000000000000, 0.000000000000000000, -1.000000000000000000 ) ) ;
#1613 = CARTESIAN_POINT ( 'NONE',  ( -0.05900000000000002465, 0.1123316039640413211, 0.05607874293097537405 ) ) ;
#1614 = DIRECTION ( 'NONE',  ( -0.000000000000000000, -1.000000000000000000, -0.000000000000000000 ) ) ;
#1615 = ORIENTED_EDGE ( 'NONE', *, *, #1142, .F. ) ;
#1616 = CARTESIAN_POINT ( 'NONE',  ( 0.05187321041424906160, 0.08082607886089281102, 0.06870510998141997339 ) ) ;
#1617 = DIRECTION ( 'NONE',  ( -0.000000000000000000, -1.000000000000000000, -0.000000000000000000 ) ) ;
#1618 = STYLED_ITEM ( 'NONE', ( #401 ), #2346 ) ;
#1619 = CYLINDRICAL_SURFACE ( 'NONE', #840, 0.01499999999999999424 ) ;
#1620 = ORIENTED_EDGE ( 'NONE', *, *, #1660, .T. ) ;
#1621 = CARTESIAN_POINT ( 'NONE',  ( 0.05806666666082011680, 0.09400000000000001410, 0.06202161903426994805 ) ) ;
#1622 = VECTOR ( 'NONE', #1194, 39.37007874015748143 ) ;
#1623 = EDGE_CURVE ( 'NONE', #2534, #1330, #486, .T. ) ;
#1624 = VERTEX_POINT ( 'NONE', #1707 ) ;
#1625 = CARTESIAN_POINT ( 'NONE',  ( -0.02900000000000000147, 0.3740192378864669043, 0.1539999999999999702 ) ) ;
#1626 = CARTESIAN_POINT ( 'NONE',  ( -0.05900000000000003852, 0.08922365604068956124, 0.04335010594086943780 ) ) ;
#1627 = CARTESIAN_POINT ( 'NONE',  ( 0.000000000000000000, 0.000000000000000000, 0.000000000000000000 ) ) ;
#1628 = DIRECTION ( 'NONE',  ( 0.000000000000000000, -1.000000000000000000, -0.000000000000000000 ) ) ;
#1629 = ORIENTED_EDGE ( 'NONE', *, *, #1746, .T. ) ;
#1630 = DIRECTION ( 'NONE',  ( 0.000000000000000000, 1.000000000000000000, 0.000000000000000000 ) ) ;
#1631 = EDGE_CURVE ( 'NONE', #2246, #1151, #895, .T. ) ;
#1632 = FACE_OUTER_BOUND ( 'NONE', #1498, .T. ) ;
#1633 = LINE ( 'NONE', #2472, #2186 ) ;
#1634 = AXIS2_PLACEMENT_3D ( 'NONE', #1125, #268, #2161 ) ;
#1635 = VECTOR ( 'NONE', #1630, 39.37007874015748143 ) ;
#1636 = DIRECTION ( 'NONE',  ( -1.000000000000000000, 0.000000000000000000, 0.000000000000000000 ) ) ;
#1637 = DIRECTION ( 'NONE',  ( 0.000000000000000000, 0.000000000000000000, -1.000000000000000000 ) ) ;
#1638 = EDGE_CURVE ( 'NONE', #2377, #1774, #1299, .T. ) ;
#1639 = ORIENTED_EDGE ( 'NONE', *, *, #683, .T. ) ;
#1640 = LINE ( 'NONE', #1437, #266 ) ;
#1641 = ORIENTED_EDGE ( 'NONE', *, *, #1957, .T. ) ;
#1642 = CARTESIAN_POINT ( 'NONE',  ( -0.05900000000000002465, -1.013771716398847640E-16, 0.08339339828220176942 ) ) ;
#1643 = CARTESIAN_POINT ( 'NONE',  ( -0.05900000000000004546, 0.1094885050909487345, 0.05027456518851732697 ) ) ;
#1644 = VECTOR ( 'NONE', #1210, 39.37007874015748854 ) ;
#1645 = FACE_OUTER_BOUND ( 'NONE', #97, .T. ) ;
#1646 = ORIENTED_EDGE ( 'NONE', *, *, #1981, .F. ) ;
#1647 = CARTESIAN_POINT ( 'NONE',  ( 0.1000000000000000056, 0.2059999999999999887, 0.08000000000000000167 ) ) ;
#1648 = CARTESIAN_POINT ( 'NONE',  ( 0.05900000000000000383, 0.07851149490904438255, 0.05027456518852111561 ) ) ;
#1649 = CARTESIAN_POINT ( 'NONE',  ( 0.05900000000000002465, 0.1499999999999999944, 0.03200000000000000067 ) ) ;
#1650 = CARTESIAN_POINT ( 'NONE',  ( 0.08801648403494218009, 0.3464000000000000412, 0.05367126227435341929 ) ) ;
#1651 = DIRECTION ( 'NONE',  ( -0.000000000000000000, 1.000000000000000000, 0.000000000000000000 ) ) ;
#1652 =( BOUNDED_SURFACE ( )  B_SPLINE_SURFACE ( 3, 3, ( 
 ( #543, #1769, #594, #950 ),
 ( #2649, #1808, #334, #791 ),
 ( #2620, #2607, #1602, #2437 ),
 ( #2231, #1169, #171, #1008 ) ),
 .UNSPECIFIED., .F., .F., .F. ) 
 B_SPLINE_SURFACE_WITH_KNOTS ( ( 4, 4 ),
 ( 4, 4 ),
 ( 0.000000000000000000, 1.000000000000000000 ),
 ( 0.000000000000000000, 1.000000000000000000 ),
 .UNSPECIFIED. ) 
 GEOMETRIC_REPRESENTATION_ITEM ( )  RATIONAL_B_SPLINE_SURFACE ( (
 ( 1.000000000000000000, 0.3333333333333334259, 0.3333333333333334259, 1.000000000000000000),
 ( 0.9599054302165193064, 0.3199684767388398798, 0.3199684767388398798, 0.9599054302165193064),
 ( 0.9599054302165193064, 0.3199684767388398798, 0.3199684767388398798, 0.9599054302165193064),
 ( 1.000000000000000000, 0.3333333333333334259, 0.3333333333333334259, 1.000000000000000000) ) ) 
 REPRESENTATION_ITEM ( '' )  SURFACE ( )  );
#1653 = VERTEX_POINT ( 'NONE', #81 ) ;
#1654 = ORIENTED_EDGE ( 'NONE', *, *, #995, .F. ) ;
#1655 = VERTEX_POINT ( 'NONE', #701 ) ;
#1656 = CARTESIAN_POINT ( 'NONE',  ( -0.04400000000000001132, 0.4000000000000000222, 0.1689999999999999836 ) ) ;
#1657 = CARTESIAN_POINT ( 'NONE',  ( -0.07033333332748679945, 0.09400000000000001410, 0.06202161903426994805 ) ) ;
#1658 = VERTEX_POINT ( 'NONE', #474 ) ;
#1659 = CARTESIAN_POINT ( 'NONE',  ( 0.1000000000000000056, 0.1900000000000000300, 0.1300000000000000044 ) ) ;
#1660 = EDGE_CURVE ( 'NONE', #2428, #1523, #1355, .T. ) ;
#1661 = DIRECTION ( 'NONE',  ( 0.1305261922200539326, 0.000000000000000000, 0.9914448613738100491 ) ) ;
#1662 = CARTESIAN_POINT ( 'NONE',  ( -0.07218410367921083981, 0.08908793988664902297, 0.05553725202609842426 ) ) ;
#1663 = FACE_OUTER_BOUND ( 'NONE', #1336, .T. ) ;
#1664 = DIRECTION ( 'NONE',  ( 0.000000000000000000, 0.7071067811865464625, -0.7071067811865486830 ) ) ;
#1665 = ADVANCED_FACE ( 'NONE', ( #1757 ), #1515, .T. ) ;
#1666 = AXIS2_PLACEMENT_3D ( 'NONE', #631, #615, #1249 ) ;
#1667 = ORIENTED_EDGE ( 'NONE', *, *, #79, .F. ) ;
#1668 = ORIENTED_EDGE ( 'NONE', *, *, #1702, .T. ) ;
#1669 = ADVANCED_FACE ( 'NONE', ( #1310 ), #338, .F. ) ;
#1670 = UNCERTAINTY_MEASURE_WITH_UNIT (LENGTH_MEASURE( 1.000000000000000082E-05 ), #2005, 'distance_accuracy_value', 'NONE');
#1671 = ORIENTED_EDGE ( 'NONE', *, *, #2462, .F. ) ;
#1672 = CARTESIAN_POINT ( 'NONE',  ( -0.07500000000000002498, 0.4000000000000000222, 0.03100000000000022529 ) ) ;
#1673 = PLANE ( 'NONE',  #1591 ) ;
#1674 = AXIS2_PLACEMENT_3D ( 'NONE', #366, #1564, #353 ) ;
#1675 = ADVANCED_FACE ( 'NONE', ( #1537 ), #1117, .T. ) ;
#1676 = LENGTH_MEASURE_WITH_UNIT ( LENGTH_MEASURE( 0.02539999999999999897 ), #2257 );
#1677 = CARTESIAN_POINT ( 'NONE',  ( -0.04399999999999992112, 0.000000000000000000, 0.08339339828220176942 ) ) ;
#1678 = VERTEX_POINT ( 'NONE', #272 ) ;
#1679 = CARTESIAN_POINT ( 'NONE',  ( 0.05900000000000003852, 0.4000000000000000222, 0.1689999999999999836 ) ) ;
#1680 = CARTESIAN_POINT ( 'NONE',  ( -0.05820701701425485403, 0.09400000000000001410, 0.07888097325551590711 ) ) ;
#1681 = CARTESIAN_POINT ( 'NONE',  ( -0.06963723617969565238, 0.08693687570309133195, 0.06459219247548150800 ) ) ;
#1682 = CARTESIAN_POINT ( 'NONE',  ( -0.05983008600275858957, 0.1031618227067251370, 0.04516226481302399592 ) ) ;
#1683 = VECTOR ( 'NONE', #1590, 39.37007874015748143 ) ;
#1684 = ORIENTED_EDGE ( 'NONE', *, *, #1218, .F. ) ;
#1685 = CARTESIAN_POINT ( 'NONE',  ( 0.04400000000000001132, 0.4000000000000000777, 0.1690000000000000391 ) ) ;
#1686 = FACE_OUTER_BOUND ( 'NONE', #289, .T. ) ;
#1687 = AXIS2_PLACEMENT_3D ( 'NONE', #1333, #1744, #2166 ) ;
#1688 = DIRECTION ( 'NONE',  ( 1.000000000000000000, -0.000000000000000000, 1.388134143122087506E-16 ) ) ;
#1689 = CIRCLE ( 'NONE', #175, 0.02000000000000000042 ) ;
#1690 = VECTOR ( 'NONE', #1240, 39.37007874015748143 ) ;
#1691 = VERTEX_POINT ( 'NONE', #2386 ) ;
#1692 = CARTESIAN_POINT ( 'NONE',  ( -0.01299999999999998726, 0.4000000000000000222, 0.1539999999999999702 ) ) ;
#1693 = CARTESIAN_POINT ( 'NONE',  ( -0.07033333332748679945, 0.08757954657191391323, 0.06202161903426996192 ) ) ;
#1694 = CARTESIAN_POINT ( 'NONE',  ( -0.07499999999415346563, 0.07473863971574178089, 0.1005443396027863728 ) ) ;
#1695 = FACE_OUTER_BOUND ( 'NONE', #1448, .T. ) ;
#1696 = ORIENTED_EDGE ( 'NONE', *, *, #1379, .T. ) ;
#1697 = AXIS2_PLACEMENT_3D ( 'NONE', #2286, #653, #1612 ) ;
#1698 = ADVANCED_FACE ( 'NONE', ( #1129 ), #886, .T. ) ;
#1699 = ADVANCED_FACE ( 'NONE', ( #2358 ), #909, .T. ) ;
#1700 = CARTESIAN_POINT ( 'NONE',  ( -0.05900000000000003852, 0.1107838805823907341, 0.07149994698266244619 ) ) ;
#1701 = EDGE_CURVE ( 'NONE', #1390, #1438, #93, .T. ) ;
#1702 = EDGE_CURVE ( 'NONE', #2444, #1857, #1941, .T. ) ;
#1703 = CARTESIAN_POINT ( 'NONE',  ( 0.04499999999999999833, 0.3070000000000000506, 0.1539999999999999702 ) ) ;
#1704 = VERTEX_POINT ( 'NONE', #1990 ) ;
#1705 = CARTESIAN_POINT ( 'NONE',  ( 0.05900000000000003159, 0.1126696971713928713, 0.06680256409828023989 ) ) ;
#1706 = FACE_OUTER_BOUND ( 'NONE', #6, .T. ) ;
#1707 = CARTESIAN_POINT ( 'NONE',  ( 0.05900000000000003159, 0.1499999999999999667, 0.09400000000000002798 ) ) ;
#1708 = DIRECTION ( 'NONE',  ( -0.000000000000000000, -1.000000000000000000, -0.000000000000000000 ) ) ;
#1709 = CARTESIAN_POINT ( 'NONE',  ( -0.05900000000000002465, 0.4000000000000000222, 0.03199999999999999373 ) ) ;
#1710 = ORIENTED_EDGE ( 'NONE', *, *, #944, .F. ) ;
#1711 = VERTEX_POINT ( 'NONE', #1204 ) ;
#1712 = CARTESIAN_POINT ( 'NONE',  ( -0.05900000000000003852, 0.1097946686426098106, 0.07319014500792224431 ) ) ;
#1713 = CARTESIAN_POINT ( 'NONE',  ( 0.07337946998506215956, 0.08394215325751271106, 0.04190592554929536279 ) ) ;
#1714 = EDGE_LOOP ( 'NONE', ( #780, #479, #2071, #960 ) ) ;
#1715 = CARTESIAN_POINT ( 'NONE',  ( -0.05187321041424906160, 0.08082607886089278326, 0.06870510998141998726 ) ) ;
#1716 = EDGE_CURVE ( 'NONE', #893, #2695, #803, .T. ) ;
#1717 = CARTESIAN_POINT ( 'NONE',  ( 0.07038731423265399967, 0.09400000000000001410, 0.06850598604244148571 ) ) ;
#1718 = CARTESIAN_POINT ( 'NONE',  ( 0.02899999999999998412, 0.3740192378864669043, 0.1539999999999999702 ) ) ;
#1719 = CARTESIAN_POINT ( 'NONE',  ( -0.07033333332748679945, 0.08757954657191396874, 0.04918071217809778101 ) ) ;
#1720 = CARTESIAN_POINT ( 'NONE',  ( 0.009050425072378088728, 0.3464000000000000412, 0.1239999999999999852 ) ) ;
#1721 = VERTEX_POINT ( 'NONE', #1823 ) ;
#1722 = ORIENTED_EDGE ( 'NONE', *, *, #2148, .F. ) ;
#1723 = AXIS2_PLACEMENT_3D ( 'NONE', #2353, #1088, #919 ) ;
#1724 = CLOSED_SHELL ( 'NONE', ( #1832, #145, #1977, #2583, #346, #1548, #2600, #2554, #27, #1875, #719, #556, #457, #174, #2550, #178, #633, #1781, #65, #231, #1384, #752, #1300, #2610, #2033, #2265, #362, #1699, #1868, #542, #1224, #2122, #1112, #306, #149, #628, #2524, #1698, #2101, #713, #1220, #824, #39, #636, #749, #1078, #1669, #2669, #1916, #461, #1595, #827, #115, #1675, #1576, #2224, #397, #802, #1241, #639, #336, #2671, #1665, #990, #917, #1610, #1343, #1553, #1433, #2586, #668, #1863, #1405, #1754 ) ) ;
#1725 = CARTESIAN_POINT ( 'NONE',  ( -0.05900000000000003852, 0.08131449483766307884, 0.07657784981920968959 ) ) ;
#1726 = CIRCLE ( 'NONE', #1468, 0.01599999999999999686 ) ;
#1727 = DIRECTION ( 'NONE',  ( 1.388134143122087260E-16, 0.000000000000000000, -1.000000000000000000 ) ) ;
#1728 = ORIENTED_EDGE ( 'NONE', *, *, #462, .F. ) ;
#1729 = CARTESIAN_POINT ( 'NONE',  ( -0.04953937537483233539, 0.09400000000000004186, 0.06870510998141997339 ) ) ;
#1730 =( BOUNDED_CURVE ( )  B_SPLINE_CURVE ( 3, ( #2485, #2030, #2089, #1247 ),
 .UNSPECIFIED., .F., .F. ) 
 B_SPLINE_CURVE_WITH_KNOTS ( ( 4, 4 ),
 ( 2.514335029097167329, 3.141592653589793116 ),
 .UNSPECIFIED. ) 
 CURVE ( )  GEOMETRIC_REPRESENTATION_ITEM ( )  RATIONAL_B_SPLINE_CURVE ( ( 1.000000000000000000, 0.9674802010064139646, 0.9674802010064139646, 1.000000000000000000 ) ) 
 REPRESENTATION_ITEM ( '' )  );
#1731 = CARTESIAN_POINT ( 'NONE',  ( 0.06795123477111331134, 0.09906689274581045868, 0.05945104559305840197 ) ) ;
#1732 = CARTESIAN_POINT ( 'NONE',  ( 0.03521320343559641158, 0.4000000000000000777, 0.1690000000000000391 ) ) ;
#1733 = CARTESIAN_POINT ( 'NONE',  ( -0.07499999999415346563, 0.07948306577800422212, 0.06202161903426995498 ) ) ;
#1734 = CARTESIAN_POINT ( 'NONE',  ( -0.07500000000000003886, 0.1499999999999999667, 0.03200000000000000067 ) ) ;
#1735 = ORIENTED_EDGE ( 'NONE', *, *, #1002, .F. ) ;
#1736 = ORIENTED_EDGE ( 'NONE', *, *, #1048, .F. ) ;
#1737 = CARTESIAN_POINT ( 'NONE',  ( -0.05900000000000003159, 0.07490768631941757683, 0.06504486521636472507 ) ) ;
#1738 =( BOUNDED_SURFACE ( )  B_SPLINE_SURFACE ( 3, 3, ( 
 ( #420, #4, #1841, #1855 ),
 ( #2531, #233, #441, #2516 ),
 ( #1870, #1038, #259, #646 ),
 ( #2311, #833, #1682, #1446 ) ),
 .UNSPECIFIED., .F., .F., .F. ) 
 B_SPLINE_SURFACE_WITH_KNOTS ( ( 4, 4 ),
 ( 4, 4 ),
 ( 0.000000000000000000, 1.000000000000000000 ),
 ( 0.000000000000000000, 1.000000000000000000 ),
 .UNSPECIFIED. ) 
 GEOMETRIC_REPRESENTATION_ITEM ( )  RATIONAL_B_SPLINE_SURFACE ( (
 ( 1.000000000000000000, 0.9594278070612416442, 0.9594278070612416442, 1.000000000000000000),
 ( 0.8408457174332981676, 0.8067307627538656822, 0.8067307627538656822, 0.8408457174332981676),
 ( 0.8408457174332981676, 0.8067307627538656822, 0.8067307627538656822, 0.8408457174332981676),
 ( 1.000000000000000000, 0.9594278070612416442, 0.9594278070612416442, 1.000000000000000000) ) ) 
 REPRESENTATION_ITEM ( '' )  SURFACE ( )  );
#1739 = CARTESIAN_POINT ( 'NONE',  ( 0.07799999999415353769, 0.09400000000000001410, 0.06202161903426994805 ) ) ;
#1740 = VERTEX_POINT ( 'NONE', #352 ) ;
#1741 = CARTESIAN_POINT ( 'NONE',  ( 0.05625681407656314692, 0.1123641231719625377, 0.05533812808711993658 ) ) ;
#1742 = DIRECTION ( 'NONE',  ( -1.000000000000000000, 0.000000000000000000, -0.000000000000000000 ) ) ;
#1743 = EDGE_CURVE ( 'NONE', #1857, #1547, #298, .T. ) ;
#1744 = DIRECTION ( 'NONE',  ( -1.000000000000000000, 0.000000000000000000, 0.000000000000000000 ) ) ;
#1745 = DIRECTION ( 'NONE',  ( 1.388134143122087260E-16, 0.000000000000000000, 1.000000000000000000 ) ) ;
#1746 = EDGE_CURVE ( 'NONE', #2022, #1876, #775, .T. ) ;
#1747 = ORIENTED_EDGE ( 'NONE', *, *, #1372, .F. ) ;
#1748 = ORIENTED_EDGE ( 'NONE', *, *, #907, .F. ) ;
#1749 = EDGE_LOOP ( 'NONE', ( #1314, #2588, #454, #2659 ) ) ;
#1750 = CARTESIAN_POINT ( 'NONE',  ( -0.05900000000000005934, 0.08634409075116872279, 0.07970587879885777938 ) ) ;
#1751 = VECTOR ( 'NONE', #614, 39.37007874015748143 ) ;
#1752 = VECTOR ( 'NONE', #1490, 39.37007874015748143 ) ;
#1753 = CARTESIAN_POINT ( 'NONE',  ( 0.07499999999415346563, 0.1085169342219958061, 0.03298775059027834328 ) ) ;
#1754 = ADVANCED_FACE ( 'NONE', ( #756 ), #2421, .F. ) ;
#1755 = CARTESIAN_POINT ( 'NONE',  ( -0.05900000000000002465, -1.183178305849708448E-16, 0.04260660171779819677 ) ) ;
#1756 = DIRECTION ( 'NONE',  ( 0.000000000000000000, -0.7071067811865477948, -0.7071067811865473507 ) ) ;
#1757 = FACE_OUTER_BOUND ( 'NONE', #1057, .T. ) ;
#1758 = FACE_OUTER_BOUND ( 'NONE', #1108, .T. ) ;
#1759 = AXIS2_PLACEMENT_3D ( 'NONE', #287, #680, #1914 ) ;
#1760 = DIRECTION ( 'NONE',  ( 0.000000000000000000, 1.000000000000000000, 0.000000000000000000 ) ) ;
#1761 = LINE ( 'NONE', #1172, #1813 ) ;
#1762 = VERTEX_POINT ( 'NONE', #1396 ) ;
#1763 = ORIENTED_EDGE ( 'NONE', *, *, #1975, .T. ) ;
#1764 = CARTESIAN_POINT ( 'NONE',  ( -0.03064635807878572302, 0.3883477846327524352, 0.06122418264338504168 ) ) ;
#1765 = CIRCLE ( 'NONE', #998, 0.006420453428086091326 ) ;
#1766 = DIRECTION ( 'NONE',  ( -0.1305261922200539604, -0.000000000000000000, -0.9914448613738101601 ) ) ;
#1767 = VERTEX_POINT ( 'NONE', #1796 ) ;
#1768 = CARTESIAN_POINT ( 'NONE',  ( 0.05187321041424906160, 0.1071739211391072311, 0.05533812808711992964 ) ) ;
#1769 = CARTESIAN_POINT ( 'NONE',  ( 0.05806666666082012374, 0.1106931789130238125, 0.09540797686031751712 ) ) ;
#1770 = DIRECTION ( 'NONE',  ( 0.000000000000000000, -0.7071067811865477948, -0.7071067811865473507 ) ) ;
#1771 = CARTESIAN_POINT ( 'NONE',  ( 0.1000000000000000056, 0.2219999999999999751, 0.1849999999999999978 ) ) ;
#1772 = FILL_AREA_STYLE ('',( #2219 ) ) ;
#1773 = VECTOR ( 'NONE', #2488, 39.37007874015748143 ) ;
#1774 = VERTEX_POINT ( 'NONE', #133 ) ;
#1775 = ORIENTED_EDGE ( 'NONE', *, *, #1110, .T. ) ;
#1776 = DIRECTION ( 'NONE',  ( 1.000000000000000000, -0.000000000000000000, -0.000000000000000000 ) ) ;
#1777 = EDGE_CURVE ( 'NONE', #1872, #1983, #2204, .T. ) ;
#1778 = ORIENTED_EDGE ( 'NONE', *, *, #2066, .T. ) ;
#1779 = EDGE_CURVE ( 'NONE', #819, #2006, #991, .T. ) ;
#1780 = CARTESIAN_POINT ( 'NONE',  ( 0.07033333332748679945, 0.09400000000000001410, 0.06202161903426994805 ) ) ;
#1781 = ADVANCED_FACE ( 'NONE', ( #1411 ), #2003, .T. ) ;
#1782 = LINE ( 'NONE', #101, #698 ) ;
#1783 = AXIS2_PLACEMENT_3D ( 'NONE', #2323, #2541, #664 ) ;
#1784 = LENGTH_MEASURE_WITH_UNIT ( LENGTH_MEASURE( 0.02539999999999999897 ), #580 );
#1785 = CARTESIAN_POINT ( 'NONE',  ( 0.05900000000000003852, 0.4000000000000000222, 0.1300000000000000044 ) ) ;
#1786 = CARTESIAN_POINT ( 'NONE',  ( 0.02886311778198095632, 0.4000000000000000222, 0.1519115809244790949 ) ) ;
#1787 = DIRECTION ( 'NONE',  ( -0.1305261922200539604, 0.000000000000000000, 0.9914448613738101601 ) ) ;
#1788 = ORIENTED_EDGE ( 'NONE', *, *, #2191, .T. ) ;
#1789 = ORIENTED_EDGE ( 'NONE', *, *, #1110, .F. ) ;
#1790 = CARTESIAN_POINT ( 'NONE',  ( -0.02518848844166053647, 0.3615937360704810644, 0.1239999999999999575 ) ) ;
#1791 = ORIENTED_EDGE ( 'NONE', *, *, #1465, .T. ) ;
#1792 = CARTESIAN_POINT ( 'NONE',  ( -0.01299999999999998726, 0.4000000000000000222, 0.1539999999999999702 ) ) ;
#1793 = VERTEX_POINT ( 'NONE', #1972 ) ;
#1794 = AXIS2_PLACEMENT_3D ( 'NONE', #1627, #1007, #2467 ) ;
#1795 = FACE_OUTER_BOUND ( 'NONE', #2142, .T. ) ;
#1796 = CARTESIAN_POINT ( 'NONE',  ( 0.01299999999999999420, 0.3740192378864669043, 0.1539999999999999702 ) ) ;
#1797 = EDGE_CURVE ( 'NONE', #566, #1740, #1466, .T. ) ;
#1798 = FACE_OUTER_BOUND ( 'NONE', #2107, .T. ) ;
#1799 = CARTESIAN_POINT ( 'NONE',  ( -0.06963723617969563850, 0.1010631242969086824, 0.05945104559305839503 ) ) ;
#1800 = ORIENTED_EDGE ( 'NONE', *, *, #1189, .T. ) ;
#1801 = VERTEX_POINT ( 'NONE', #2013 ) ;
#1802 = LINE ( 'NONE', #1175, #910 ) ;
#1803 = ORIENTED_EDGE ( 'NONE', *, *, #2635, .T. ) ;
#1804 = DIRECTION ( 'NONE',  ( -1.000000000000000000, -0.000000000000000000, 1.388134143122087506E-16 ) ) ;
#1805 = ORIENTED_EDGE ( 'NONE', *, *, #2283, .F. ) ;
#1806 = AXIS2_PLACEMENT_3D ( 'NONE', #2399, #513, #2621 ) ;
#1807 = CARTESIAN_POINT ( 'NONE',  ( -0.05900000000000003852, 0.1900000000000000300, 0.1300000000000000322 ) ) ;
#1808 = CARTESIAN_POINT ( 'NONE',  ( 0.05867589399233519298, 0.1114206575759040529, 0.09686293418607801187 ) ) ;
#1809 = CARTESIAN_POINT ( 'NONE',  ( 0.05900000000000003159, 0.1900000000000000300, 0.08000000000000000167 ) ) ;
#1810 = VECTOR ( 'NONE', #364, 39.37007874015748143 ) ;
#1811 = CARTESIAN_POINT ( 'NONE',  ( 0.05900000000000002465, 0.1004747904465101427, 0.04386982438581252947 ) ) ;
#1812 = VECTOR ( 'NONE', #804, 39.37007874015748143 ) ;
#1813 = VECTOR ( 'NONE', #2374, 39.37007874015748143 ) ;
#1814 = CARTESIAN_POINT ( 'NONE',  ( 0.07337946998506215956, 0.08394215325751269718, 0.08213731251924452637 ) ) ;
#1815 = ORIENTED_EDGE ( 'NONE', *, *, #316, .T. ) ;
#1816 = ORIENTED_EDGE ( 'NONE', *, *, #1779, .T. ) ;
#1817 = CIRCLE ( 'NONE', #2164, 0.02600000000000006126 ) ;
#1818 = LINE ( 'NONE', #2185, #564 ) ;
#1819 = VERTEX_POINT ( 'NONE', #570 ) ;
#1820 = DIRECTION ( 'NONE',  ( 0.000000000000000000, -1.000000000000000000, 0.000000000000000000 ) ) ;
#1821 = CARTESIAN_POINT ( 'NONE',  ( -0.05900000000000000383, 0.1130923136805824097, 0.05899837285218156868 ) ) ;
#1822 = CIRCLE ( 'NONE', #1138, 0.01669317891302381229 ) ;
#1823 = CARTESIAN_POINT ( 'NONE',  ( 0.01687068006749891172, 0.4000000000000000222, 0.1689999999999999558 ) ) ;
#1824 = CARTESIAN_POINT ( 'NONE',  ( -0.04399999999999997663, 0.1499999999999999667, 0.01600000000000000033 ) ) ;
#1825 = CARTESIAN_POINT ( 'NONE',  ( 0.05900000000000003159, 0.1085562307849400471, 0.04933611387193054948 ) ) ;
#1826 =( BOUNDED_CURVE ( )  B_SPLINE_CURVE ( 3, ( #896, #1694, #1278, #1093 ),
 .UNSPECIFIED., .F., .T. ) 
 B_SPLINE_CURVE_WITH_KNOTS ( ( 4, 4 ),
 ( 0.000000000000000000, 1.000000000000000000 ),
 .UNSPECIFIED. ) 
 CURVE ( )  GEOMETRIC_REPRESENTATION_ITEM ( )  RATIONAL_B_SPLINE_CURVE ( ( 1.000000000000000000, 0.3333333333333333703, 0.3333333333333333703, 1.000000000000000000 ) ) 
 REPRESENTATION_ITEM ( '' )  );
#1827 = LINE ( 'NONE', #421, #1874 ) ;
#1828 = EDGE_CURVE ( 'NONE', #755, #1308, #2335, .T. ) ;
#1829 = EDGE_LOOP ( 'NONE', ( #864, #467, #1629, #718 ) ) ;
#1830 = CARTESIAN_POINT ( 'NONE',  ( -0.05899999999649208765, 0.07473863971574176701, 0.06202161903426996192 ) ) ;
#1831 = ORIENTED_EDGE ( 'NONE', *, *, #1574, .T. ) ;
#1832 = ADVANCED_FACE ( 'NONE', ( #2216 ), #1652, .F. ) ;
#1833 = CARTESIAN_POINT ( 'NONE',  ( 0.07499999999649208104, 0.1132613602842582473, 0.06202161903426994805 ) ) ;
#1834 = CARTESIAN_POINT ( 'NONE',  ( -0.05900000000000003852, 0.1051685259736534206, 0.04622695039166360015 ) ) ;
#1835 = EDGE_CURVE ( 'NONE', #2022, #343, #2662, .T. ) ;
#1836 = DIRECTION ( 'NONE',  ( 0.1305261922200539604, -0.000000000000000000, -0.9914448613738101601 ) ) ;
#1837 = ORIENTED_EDGE ( 'NONE', *, *, #1107, .F. ) ;
#1838 = CYLINDRICAL_SURFACE ( 'NONE', #2692, 0.01599999999999999686 ) ;
#1839 = CARTESIAN_POINT ( 'NONE',  ( 0.05900000000000002465, 0.07533030282860708748, 0.05724067397025957293 ) ) ;
#1840 = CARTESIAN_POINT ( 'NONE',  ( 0.01715768608882938320, 0.3464000000000000412, 0.06299999999999997269 ) ) ;
#1841 = CARTESIAN_POINT ( 'NONE',  ( -0.05983008600275858957, 0.1031618227067251370, 0.07888097325551590711 ) ) ;
#1842 = CARTESIAN_POINT ( 'NONE',  ( 0.07499999999649208104, 0.07473863971574178089, 0.06202161903426994805 ) ) ;
#1843 = ORIENTED_EDGE ( 'NONE', *, *, #598, .F. ) ;
#1844 = CARTESIAN_POINT ( 'NONE',  ( -0.02518848844166051912, 0.4000000000000000222, 0.1239999999999999852 ) ) ;
#1845 = ORIENTED_EDGE ( 'NONE', *, *, #1166, .F. ) ;
#1846 = CARTESIAN_POINT ( 'NONE',  ( 0.1000000000000000056, 0.1499999999999999944, 0.09399999999999998634 ) ) ;
#1847 = CARTESIAN_POINT ( 'NONE',  ( -0.05900000000000002465, 0.07661202832839728027, 0.05370858284418001533 ) ) ;
#1848 = CARTESIAN_POINT ( 'NONE',  ( 0.07500000000000003886, 0.1499999999999999944, 0.1300000000000000044 ) ) ;
#1849 = EDGE_LOOP ( 'NONE', ( #1748, #1176, #2483, #2271 ) ) ;
#1850 = CARTESIAN_POINT ( 'NONE',  ( -0.05899999999649208765, 0.07473863971574176701, 0.06202161903426996192 ) ) ;
#1851 = CARTESIAN_POINT ( 'NONE',  ( 0.05900000000000003852, 0.1116835919832840363, 0.05436402819294135214 ) ) ;
#1852 = CARTESIAN_POINT ( 'NONE',  ( -0.02899999999999999800, 0.3070000000000000506, 0.1539999999999999702 ) ) ;
#1853 = CIRCLE ( 'NONE', #1723, 0.003999999999999994879 ) ;
#1854 = AXIS2_PLACEMENT_3D ( 'NONE', #963, #2174, #526 ) ;
#1855 = CARTESIAN_POINT ( 'NONE',  ( -0.06287866957530260925, 0.1067713562947125300, 0.07888097325551592098 ) ) ;
#1856 = CARTESIAN_POINT ( 'NONE',  ( 0.07499999999415345175, 0.07473863971574178089, 0.06202161903426994111 ) ) ;
#1857 = VERTEX_POINT ( 'NONE', #765 ) ;
#1858 = AXIS2_PLACEMENT_3D ( 'NONE', #2341, #1524, #484 ) ;
#1859 = ORIENTED_EDGE ( 'NONE', *, *, #439, .T. ) ;
#1860 = DIRECTION ( 'NONE',  ( -0.000000000000000000, -1.000000000000000000, -0.000000000000000000 ) ) ;
#1861 = VERTEX_POINT ( 'NONE', #2408 ) ;
#1862 = EDGE_CURVE ( 'NONE', #1106, #2444, #1765, .T. ) ;
#1863 = ADVANCED_FACE ( 'NONE', ( #415 ), #1049, .F. ) ;
#1864 = PLANE ( 'NONE',  #2515 ) ;
#1865 = VERTEX_POINT ( 'NONE', #674 ) ;
#1866 = CARTESIAN_POINT ( 'NONE',  ( -0.05806666666082014455, 0.09400000000000001410, 0.07871479794729376034 ) ) ;
#1867 = CARTESIAN_POINT ( 'NONE',  ( -0.01299999999999999593, 0.3070000000000000506, 0.1539999999999999702 ) ) ;
#1868 = ADVANCED_FACE ( 'NONE', ( #1033 ), #1864, .T. ) ;
#1869 = CARTESIAN_POINT ( 'NONE',  ( -0.06963723617969565238, 0.08693687570309133195, 0.05945104559305840197 ) ) ;
#1870 = CARTESIAN_POINT ( 'NONE',  ( -0.04953937537483232151, 0.09400000000000001410, 0.05533812808711991577 ) ) ;
#1871 = CARTESIAN_POINT ( 'NONE',  ( 0.07500000000000003886, 0.1900000000000000300, 0.1300000000000000044 ) ) ;
#1872 = VERTEX_POINT ( 'NONE', #828 ) ;
#1873 = ORIENTED_EDGE ( 'NONE', *, *, #2261, .F. ) ;
#1874 = VECTOR ( 'NONE', #1223, 39.37007874015748143 ) ;
#1875 = ADVANCED_FACE ( 'NONE', ( #1645 ), #254, .F. ) ;
#1876 = VERTEX_POINT ( 'NONE', #1848 ) ;
#1877 = DIRECTION ( 'NONE',  ( 0.000000000000000000, 0.000000000000000000, -1.000000000000000000 ) ) ;
#1878 = CARTESIAN_POINT ( 'NONE',  ( -0.07499999999649208104, 0.1132613602842582473, 0.06202161903426994805 ) ) ;
#1879 = PRODUCT_CONTEXT ( 'NONE', #1326, 'mechanical' ) ;
#1880 = LINE ( 'NONE', #402, #2598 ) ;
#1881 = ORIENTED_EDGE ( 'NONE', *, *, #2069, .T. ) ;
#1882 = CARTESIAN_POINT ( 'NONE',  ( 0.04953937537483232845, 0.09400000000000001410, 0.05533812808711994352 ) ) ;
#1883 = PLANE ( 'NONE',  #2640 ) ;
#1884 = EDGE_CURVE ( 'NONE', #770, #2412, #2086, .T. ) ;
#1885 = DIRECTION ( 'NONE',  ( 0.1305261922200539604, -0.000000000000000000, 0.9914448613738101601 ) ) ;
#1886 = LINE ( 'NONE', #2115, #243 ) ;
#1887 = DIRECTION ( 'NONE',  ( -1.000000000000000000, -0.000000000000000000, 1.388134143122087506E-16 ) ) ;
#1888 = AXIS2_PLACEMENT_3D ( 'NONE', #80, #2551, #1935 ) ;
#1889 = AXIS2_PLACEMENT_3D ( 'NONE', #1502, #2594, #2177 ) ;
#1890 = ORIENTED_EDGE ( 'NONE', *, *, #422, .F. ) ;
#1891 = CARTESIAN_POINT ( 'NONE',  ( -0.07500000000000003886, 0.01060660171779814233, 0.09400000000000004186 ) ) ;
#1892 = CARTESIAN_POINT ( 'NONE',  ( 0.1000000000000000056, 0.1499999999999999944, 0.03200000000000000067 ) ) ;
#1893 = AXIS2_PLACEMENT_3D ( 'NONE', #2555, #453, #83 ) ;
#1894 = CARTESIAN_POINT ( 'NONE',  ( -0.08801648403494218009, 0.3464000000000000412, 0.05367126227435341929 ) ) ;
#1895 = DIRECTION ( 'NONE',  ( 1.000000000000000000, -0.000000000000000000, 1.388134143122087506E-16 ) ) ;
#1896 = DIRECTION ( 'NONE',  ( 1.000000000000000000, 0.000000000000000000, -0.000000000000000000 ) ) ;
#1897 = CARTESIAN_POINT ( 'NONE',  ( 0.05900000000000002465, 0.4000000000000000222, 0.03100000000000011080 ) ) ;
#1898 = CARTESIAN_POINT ( 'NONE',  ( 0.01299999999999999246, 0.3464000000000000412, 0.1539999999999999702 ) ) ;
#1899 = FACE_OUTER_BOUND ( 'NONE', #798, .T. ) ;
#1900 = EDGE_CURVE ( 'NONE', #2390, #2496, #1244, .T. ) ;
#1901 = CARTESIAN_POINT ( 'NONE',  ( -0.04400000000000001132, 0.4000000000000000222, 0.1539999999999999702 ) ) ;
#1902 = ORIENTED_EDGE ( 'NONE', *, *, #351, .T. ) ;
#1903 = EDGE_CURVE ( 'NONE', #1861, #1284, #841, .T. ) ;
#1904 = EDGE_CURVE ( 'NONE', #2246, #1296, #2694, .T. ) ;
#1905 = CARTESIAN_POINT ( 'NONE',  ( -0.05900000000000003852, 0.1004747904465099206, 0.08017341368272758173 ) ) ;
#1906 = LINE ( 'NONE', #1511, #124 ) ;
#1907 = CIRCLE ( 'NONE', #304, 0.03100000000000002406 ) ;
#1908 = AXIS2_PLACEMENT_3D ( 'NONE', #2253, #396, #808 ) ;
#1909 = ORIENTED_EDGE ( 'NONE', *, *, #1410, .T. ) ;
#1910 = CARTESIAN_POINT ( 'NONE',  ( 0.05899999999649208765, 0.1132613602842582473, 0.06202161903426994805 ) ) ;
#1911 = CARTESIAN_POINT ( 'NONE',  ( 0.07218410367921083981, 0.09891206011335099135, 0.05553725202609842426 ) ) ;
#1912 = CARTESIAN_POINT ( 'NONE',  ( -0.05867589399233520686, 0.1114206575759040529, 0.09686293418607803962 ) ) ;
#1913 = DIRECTION ( 'NONE',  ( 0.000000000000000000, 1.000000000000000000, 6.124411260078198181E-17 ) ) ;
#1914 = DIRECTION ( 'NONE',  ( 0.000000000000000000, 0.000000000000000000, -1.000000000000000000 ) ) ;
#1915 = ORIENTED_EDGE ( 'NONE', *, *, #1023, .F. ) ;
#1916 = ADVANCED_FACE ( 'NONE', ( #1215 ), #1259, .T. ) ;
#1917 = ORIENTED_EDGE ( 'NONE', *, *, #1029, .F. ) ;
#1918 = EDGE_CURVE ( 'NONE', #1324, #819, #1880, .T. ) ;
#1919 = CARTESIAN_POINT ( 'NONE',  ( -0.05900000000000004546, 0.08917361289732242402, 0.08082951725017777089 ) ) ;
#1920 = EDGE_CURVE ( 'NONE', #1801, #2183, #1417, .T. ) ;
#1921 = CARTESIAN_POINT ( 'NONE',  ( 0.03891095122187443467, 0.3883477846327524352, 0.1239999999999999852 ) ) ;
#1922 = ORIENTED_EDGE ( 'NONE', *, *, #1145, .F. ) ;
#1923 = CARTESIAN_POINT ( 'NONE',  ( 0.05900000000000003159, 0.09098260976934489930, 0.08111624388831742416 ) ) ;
#1924 = FACE_OUTER_BOUND ( 'NONE', #2259, .T. ) ;
#1925 = CARTESIAN_POINT ( 'NONE',  ( 0.07500000000000002498, 0.01060660171779807641, 0.03199999999999999373 ) ) ;
#1926 = DIRECTION ( 'NONE',  ( 0.000000000000000000, 0.000000000000000000, -1.000000000000000000 ) ) ;
#1927 = CARTESIAN_POINT ( 'NONE',  ( 0.1000000000000000056, -1.344581434381629476E-16, 0.04260660171779821065 ) ) ;
#1928 = ORIENTED_EDGE ( 'NONE', *, *, #796, .F. ) ;
#1929 = ORIENTED_EDGE ( 'NONE', *, *, #1407, .F. ) ;
#1930 = CARTESIAN_POINT ( 'NONE',  ( 0.1000000000000000056, 0.1499999999999999944, 0.1300000000000000044 ) ) ;
#1931 =( BOUNDED_SURFACE ( )  B_SPLINE_SURFACE ( 3, 3, ( 
 ( #881, #253, #52, #458 ),
 ( #902, #1713, #2547, #2149 ),
 ( #2367, #2563, #1753, #2339 ),
 ( #2536, #1113, #695, #1329 ) ),
 .UNSPECIFIED., .F., .F., .F. ) 
 B_SPLINE_SURFACE_WITH_KNOTS ( ( 4, 4 ),
 ( 4, 4 ),
 ( 0.000000000000000000, 1.000000000000000000 ),
 ( 0.000000000000000000, 1.000000000000000000 ),
 .UNSPECIFIED. ) 
 GEOMETRIC_REPRESENTATION_ITEM ( )  RATIONAL_B_SPLINE_SURFACE ( (
 ( 1.000000000000000000, 0.3333333333333334259, 0.3333333333333334259, 1.000000000000000000),
 ( 0.9599054302165194175, 0.3199684767388398798, 0.3199684767388398798, 0.9599054302165194175),
 ( 0.9599054302165194175, 0.3199684767388398798, 0.3199684767388398798, 0.9599054302165194175),
 ( 1.000000000000000000, 0.3333333333333334259, 0.3333333333333334259, 1.000000000000000000) ) ) 
 REPRESENTATION_ITEM ( '' )  SURFACE ( )  );
#1932 = DIRECTION ( 'NONE',  ( -0.8120265161319434322, 0.5836205420464726235, 0.000000000000000000 ) ) ;
#1933 = ORIENTED_EDGE ( 'NONE', *, *, #545, .T. ) ;
#1934 = DIRECTION ( 'NONE',  ( 0.000000000000000000, 0.000000000000000000, 1.000000000000000000 ) ) ;
#1935 = DIRECTION ( 'NONE',  ( 0.000000000000000000, 1.000000000000000000, 0.000000000000000000 ) ) ;
#1936 = DIRECTION ( 'NONE',  ( 1.000000000000000000, 0.000000000000000000, -0.000000000000000000 ) ) ;
#1937 = PLANE ( 'NONE',  #1783 ) ;
#1938 = PLANE ( 'NONE',  #736 ) ;
#1939 = ORIENTED_EDGE ( 'NONE', *, *, #766, .T. ) ;
#1940 = VERTEX_POINT ( 'NONE', #198 ) ;
#1941 = CIRCLE ( 'NONE', #2293, 0.006420453428086091326 ) ;
#1942 = CARTESIAN_POINT ( 'NONE',  ( -0.05900000000000004546, 0.1113879716716027202, 0.07033465522436196937 ) ) ;
#1943 = EDGE_CURVE ( 'NONE', #1793, #2377, #951, .T. ) ;
#1944 = AXIS2_PLACEMENT_3D ( 'NONE', #1892, #239, #1397 ) ;
#1945 = LINE ( 'NONE', #1703, #1370 ) ;
#1946 = EDGE_CURVE ( 'NONE', #1940, #1691, #868, .T. ) ;
#1947 = ORIENTED_EDGE ( 'NONE', *, *, #1349, .T. ) ;
#1948 = CARTESIAN_POINT ( 'NONE',  ( 0.04953937537483232845, 0.1007936866435028556, 0.06870510998141997339 ) ) ;
#1949 = CIRCLE ( 'NONE', #2042, 0.01599999999999999686 ) ;
#1950 = CARTESIAN_POINT ( 'NONE',  ( 0.04499999999999999833, 0.3070000000000000506, 0.1239999999999999852 ) ) ;
#1951 = CARTESIAN_POINT ( 'NONE',  ( 0.01299999999999999246, 0.2219999999999999751, 0.1539999999999999702 ) ) ;
#1952 = EDGE_CURVE ( 'NONE', #2441, #1464, #1292, .T. ) ;
#1953 = DIRECTION ( 'NONE',  ( 0.000000000000000000, 1.000000000000000000, 0.000000000000000000 ) ) ;
#1954 = ORIENTED_EDGE ( 'NONE', *, *, #2191, .F. ) ;
#1955 = ORIENTED_EDGE ( 'NONE', *, *, #2529, .F. ) ;
#1956 = CIRCLE ( 'NONE', #1600, 0.01500000000000002720 ) ;
#1957 = EDGE_CURVE ( 'NONE', #574, #2459, #1945, .T. ) ;
#1958 = CARTESIAN_POINT ( 'NONE',  ( -0.05899999999649208765, 0.07473863971574176701, 0.06202161903426996192 ) ) ;
#1959 = CARTESIAN_POINT ( 'NONE',  ( -0.07500000000000003886, 0.1900000000000000300, 0.1300000000000000044 ) ) ;
#1960 = ORIENTED_EDGE ( 'NONE', *, *, #2322, .T. ) ;
#1961 = CARTESIAN_POINT ( 'NONE',  ( 0.07038731423265399967, 0.09400000000000001410, 0.05553725202609842426 ) ) ;
#1962 = CARTESIAN_POINT ( 'NONE',  ( -0.05806666666082013761, 0.1106931789130238264, 0.06202161903426994805 ) ) ;
#1963 = CARTESIAN_POINT ( 'NONE',  ( -0.01780294143062746692, 0.3977386107208348287, 0.06291505052267065690 ) ) ;
#1964 = DIRECTION ( 'NONE',  ( -1.000000000000000000, -0.000000000000000000, -0.000000000000000000 ) ) ;
#1965 = SURFACE_SIDE_STYLE ('',( #2207 ) ) ;
#1966 = EDGE_LOOP ( 'NONE', ( #1606, #617, #2673, #1303 ) ) ;
#1967 = ORIENTED_EDGE ( 'NONE', *, *, #589, .T. ) ;
#1968 = ORIENTED_EDGE ( 'NONE', *, *, #139, .T. ) ;
#1969 = LINE ( 'NONE', #2238, #784 ) ;
#1970 = CARTESIAN_POINT ( 'NONE',  ( 0.07033333332748679945, 0.09400000000000001410, 0.06202161903426994805 ) ) ;
#1971 = LINE ( 'NONE', #1561, #342 ) ;
#1972 = CARTESIAN_POINT ( 'NONE',  ( -0.03064635807878575771, 0.3883477846327524352, 0.06122418264338504862 ) ) ;
#1973 = LINE ( 'NONE', #952, #2420 ) ;
#1974 = CARTESIAN_POINT ( 'NONE',  ( 0.01299999999999999246, 0.4000000000000000222, 0.1539999999999999702 ) ) ;
#1975 = EDGE_CURVE ( 'NONE', #126, #1393, #929, .T. ) ;
#1976 = CARTESIAN_POINT ( 'NONE',  ( 0.04400000000000003214, 0.4000000000000000222, 0.03099999999999999978 ) ) ;
#1977 = ADVANCED_FACE ( 'NONE', ( #2317 ), #1931, .T. ) ;
#1978 = ORIENTED_EDGE ( 'NONE', *, *, #1660, .F. ) ;
#1979 = EDGE_CURVE ( 'NONE', #343, #1150, #708, .T. ) ;
#1980 = ORIENTED_EDGE ( 'NONE', *, *, #2144, .F. ) ;
#1981 = EDGE_CURVE ( 'NONE', #292, #380, #90, .T. ) ;
#1982 = CARTESIAN_POINT ( 'NONE',  ( -0.02518848844166052606, 0.3464000000000000412, 0.1239999999999999852 ) ) ;
#1983 = VERTEX_POINT ( 'NONE', #1295 ) ;
#1984 = VECTOR ( 'NONE', #712, 39.37007874015748143 ) ;
#1985 = CIRCLE ( 'NONE', #471, 0.006420453428086091326 ) ;
#1986 = VECTOR ( 'NONE', #1202, 39.37007874015748143 ) ;
#1987 = CARTESIAN_POINT ( 'NONE',  ( 0.01715768608882938320, 0.4000000000000000222, 0.06299999999999997269 ) ) ;
#1988 = FACE_BOUND ( 'NONE', #747, .T. ) ;
#1989 = CARTESIAN_POINT ( 'NONE',  ( 0.04953937537483233539, 0.09400000000000001410, 0.05533812808711993658 ) ) ;
#1990 = CARTESIAN_POINT ( 'NONE',  ( -0.05900000000000001771, 0.01060660171779802090, 0.03200000000000000761 ) ) ;
#1991 = DIRECTION ( 'NONE',  ( 0.000000000000000000, -0.000000000000000000, -1.000000000000000000 ) ) ;
#1992 = CARTESIAN_POINT ( 'NONE',  ( -0.06795123477111331134, 0.09906689274581045868, 0.05945104559305840891 ) ) ;
#1993 = EDGE_LOOP ( 'NONE', ( #1018, #1362, #1305, #667 ) ) ;
#1994 = ORIENTED_EDGE ( 'NONE', *, *, #2672, .T. ) ;
#1995 = CARTESIAN_POINT ( 'NONE',  ( 0.04499999999999999833, 0.3740192378864669043, 0.1539999999999999702 ) ) ;
#1996 = ORIENTED_EDGE ( 'NONE', *, *, #385, .T. ) ;
#1997 = CARTESIAN_POINT ( 'NONE',  ( -0.04399999999999981010, 0.4000000000000000222, 0.01600000000000000033 ) ) ;
#1998 = EDGE_CURVE ( 'NONE', #2183, #696, #1853, .T. ) ;
#1999 = CARTESIAN_POINT ( 'NONE',  ( -0.07500000000000002498, 0.4000000000000000222, 0.03100000000000011427 ) ) ;
#2000 = AXIS2_PLACEMENT_3D ( 'NONE', #18, #795, #2266 ) ;
#2001 = FACE_OUTER_BOUND ( 'NONE', #985, .T. ) ;
#2002 =( BOUNDED_CURVE ( )  B_SPLINE_CURVE ( 3, ( #452, #511, #1157, #322 ),
 .UNSPECIFIED., .F., .T. ) 
 B_SPLINE_CURVE_WITH_KNOTS ( ( 4, 4 ),
 ( 1.570796326794896558, 2.075868916540763109 ),
 .UNSPECIFIED. ) 
 CURVE ( )  GEOMETRIC_REPRESENTATION_ITEM ( )  RATIONAL_B_SPLINE_CURVE ( ( 1.000000000000000000, 0.9788545443905214416, 0.9788545443905214416, 1.000000000000000000 ) ) 
 REPRESENTATION_ITEM ( '' )  );
#2003 = PLANE ( 'NONE',  #697 ) ;
#2004 = CARTESIAN_POINT ( 'NONE',  ( 0.1000000000000000056, 0.01060660171779807641, 0.03199999999999999373 ) ) ;
#2005 =( CONVERSION_BASED_UNIT ( 'INCH', #1592 ) LENGTH_UNIT ( ) NAMED_UNIT ( #121 ) );
#2006 = VERTEX_POINT ( 'NONE', #493 ) ;
#2007 = ORIENTED_EDGE ( 'NONE', *, *, #2179, .F. ) ;
#2008 = DIRECTION ( 'NONE',  ( 0.000000000000000000, 0.000000000000000000, 1.000000000000000000 ) ) ;
#2009 = EDGE_LOOP ( 'NONE', ( #1122, #899, #618, #1505, #813 ) ) ;
#2010 = LINE ( 'NONE', #537, #1484 ) ;
#2011 = VERTEX_POINT ( 'NONE', #2575 ) ;
#2012 = VECTOR ( 'NONE', #2165, 39.37007874015748854 ) ;
#2013 = CARTESIAN_POINT ( 'NONE',  ( -0.05806666666082013761, 0.09400000000000001410, 0.04532844012124613575 ) ) ;
#2014 = LINE ( 'NONE', #2084, #1130 ) ;
#2015 = PLANE ( 'NONE',  #1674 ) ;
#2016 = CIRCLE ( 'NONE', #1759, 0.03100000000000002406 ) ;
#2017 = DIRECTION ( 'NONE',  ( -0.000000000000000000, -1.000000000000000000, -0.000000000000000000 ) ) ;
#2018 = ORIENTED_EDGE ( 'NONE', *, *, #1145, .T. ) ;
#2019 = ORIENTED_EDGE ( 'NONE', *, *, #1884, .F. ) ;
#2020 = DIRECTION ( 'NONE',  ( -0.000000000000000000, 0.000000000000000000, 1.000000000000000000 ) ) ;
#2021 =( BOUNDED_CURVE ( )  B_SPLINE_CURVE ( 3, ( #1609, #138, #1790, #1982 ),
 .UNSPECIFIED., .F., .F. ) 
 B_SPLINE_CURVE_WITH_KNOTS ( ( 4, 4 ),
 ( 2.514335029097166885, 3.141592653589793116 ),
 .UNSPECIFIED. ) 
 CURVE ( )  GEOMETRIC_REPRESENTATION_ITEM ( )  RATIONAL_B_SPLINE_CURVE ( ( 1.000000000000000000, 0.9674802010064139646, 0.9674802010064139646, 1.000000000000000000 ) ) 
 REPRESENTATION_ITEM ( '' )  );
#2022 = VERTEX_POINT ( 'NONE', #66 ) ;
#2023 = DIRECTION ( 'NONE',  ( 0.000000000000000000, 1.000000000000000000, 0.000000000000000000 ) ) ;
#2024 = CARTESIAN_POINT ( 'NONE',  ( -0.05900000000000000383, 0.07473863971574173926, 0.05956529324144328730 ) ) ;
#2025 = AXIS2_PLACEMENT_3D ( 'NONE', #2471, #612, #1429 ) ;
#2026 = CARTESIAN_POINT ( 'NONE',  ( 0.07500000000000002498, 0.01060660171779814233, 0.09400000000000004186 ) ) ;
#2027 = EDGE_CURVE ( 'NONE', #850, #1174, #1906, .T. ) ;
#2028 = DIRECTION ( 'NONE',  ( 1.000000000000000000, 0.000000000000000000, 0.000000000000000000 ) ) ;
#2029 = LINE ( 'NONE', #172, #1812 ) ;
#2030 = CARTESIAN_POINT ( 'NONE',  ( -0.01483676313024200749, 0.3826832320547343125, 0.1239999999999999575 ) ) ;
#2031 = AXIS2_PLACEMENT_3D ( 'NONE', #981, #324, #1389 ) ;
#2032 = CARTESIAN_POINT ( 'NONE',  ( 0.05900000000000003159, 0.01060660171779812498, 0.09400000000000004186 ) ) ;
#2033 = ADVANCED_FACE ( 'NONE', ( #482, #506 ), #1497, .F. ) ;
#2034 = ORIENTED_EDGE ( 'NONE', *, *, #1904, .T. ) ;
#2035 = VECTOR ( 'NONE', #578, 39.37007874015748854 ) ;
#2036 = VECTOR ( 'NONE', #219, 39.37007874015748854 ) ;
#2037 = LINE ( 'NONE', #2270, #524 ) ;
#2039 = ORIENTED_EDGE ( 'NONE', *, *, #2436, .F. ) ;
#2038 = EDGE_CURVE ( 'NONE', #1655, #755, #1170, .T. ) ;
#2040 = CARTESIAN_POINT ( 'NONE',  ( 0.009050425072378088728, 0.3464000000000000412, 0.1239999999999999852 ) ) ;
#2041 = DIRECTION ( 'NONE',  ( 1.000000000000000000, 0.000000000000000000, -0.000000000000000000 ) ) ;
#2042 = AXIS2_PLACEMENT_3D ( 'NONE', #854, #383, #1877 ) ;
#2043 = CARTESIAN_POINT ( 'NONE',  ( 0.05899999999415345142, 0.07473863971574178089, 0.06202161903426994805 ) ) ;
#2044 = ORIENTED_EDGE ( 'NONE', *, *, #394, .F. ) ;
#2045 = CARTESIAN_POINT ( 'NONE',  ( 0.07500000000000003886, 0.1900000000000000300, 0.08000000000000000167 ) ) ;
#2046 = CARTESIAN_POINT ( 'NONE',  ( -0.02886311778198095632, 0.2219999999999999751, 0.1519115809244790116 ) ) ;
#2047 = FACE_OUTER_BOUND ( 'NONE', #1579, .T. ) ;
#2048 = CARTESIAN_POINT ( 'NONE',  ( 0.07499999999415346563, 0.07948306577800419437, 0.09105548747826153200 ) ) ;
#2049 = EDGE_LOOP ( 'NONE', ( #1242, #1915, #501, #2080 ) ) ;
#2050 = DIRECTION ( 'NONE',  ( 0.000000000000000000, 0.000000000000000000, -1.000000000000000000 ) ) ;
#2051 = ORIENTED_EDGE ( 'NONE', *, *, #545, .F. ) ;
#2052 = DIRECTION ( 'NONE',  ( 0.000000000000000000, 0.000000000000000000, -1.000000000000000000 ) ) ;
#2053 = CARTESIAN_POINT ( 'NONE',  ( -0.05900000000000003159, 0.07944376921506005051, 0.04933611387193295034 ) ) ;
#2054 =( NAMED_UNIT ( * ) SI_UNIT ( $, .STERADIAN. ) SOLID_ANGLE_UNIT ( ) );
#2055 = CARTESIAN_POINT ( 'NONE',  ( 0.01780294143062747039, 0.3977386107208348842, 0.06291505052267069853 ) ) ;
#2056 = ORIENTED_EDGE ( 'NONE', *, *, #2520, .T. ) ;
#2057 = LINE ( 'NONE', #2498, #1635 ) ;
#2058 = CYLINDRICAL_SURFACE ( 'NONE', #2025, 0.07147023572034696959 ) ;
#2059 = CARTESIAN_POINT ( 'NONE',  ( -0.06705360590979918267, 0.09138704359865276738, 0.06459219247548150800 ) ) ;
#2060 = DIRECTION ( 'NONE',  ( -0.9914448613738101601, -5.733536414417888822E-15, 0.1305261922200539881 ) ) ;
#2061 = CARTESIAN_POINT ( 'NONE',  ( 0.07500000000000002498, 0.000000000000000000, 0.1539999999999999702 ) ) ;
#2062 = EDGE_CURVE ( 'NONE', #889, #842, #1139, .T. ) ;
#2063 = VERTEX_POINT ( 'NONE', #1959 ) ;
#2064 = EDGE_LOOP ( 'NONE', ( #720, #1639, #181 ) ) ;
#2065 = CYLINDRICAL_SURFACE ( 'NONE', #1424, 0.03099999999999999631 ) ;
#2066 = EDGE_CURVE ( 'NONE', #2475, #1861, #2328, .T. ) ;
#2067 = ORIENTED_EDGE ( 'NONE', *, *, #1946, .F. ) ;
#2068 = CARTESIAN_POINT ( 'NONE',  ( -0.07500000000000003886, 0.01060660171779807641, 0.03199999999999999373 ) ) ;
#2069 = EDGE_CURVE ( 'NONE', #733, #1940, #1307, .T. ) ;
#2070 = DIRECTION ( 'NONE',  ( 1.000000000000000000, 0.000000000000000000, 0.000000000000000000 ) ) ;
#2071 = ORIENTED_EDGE ( 'NONE', *, *, #1107, .T. ) ;
#2072 = DIRECTION ( 'NONE',  ( -1.000000000000000000, -0.000000000000000000, -0.000000000000000000 ) ) ;
#2073 = CARTESIAN_POINT ( 'NONE',  ( 0.05900000000000002465, 0.09156441185347728717, 0.04276290009111365087 ) ) ;
#2074 = EDGE_CURVE ( 'NONE', #235, #2377, #100, .T. ) ;
#2075 = CIRCLE ( 'NONE', #905, 0.003999999999999994879 ) ;
#2076 = CARTESIAN_POINT ( 'NONE',  ( -0.001294568306848260407, 0.2219999999999999751, 0.06508841907552086192 ) ) ;
#2077 = LINE ( 'NONE', #2295, #1521 ) ;
#2078 = ORIENTED_EDGE ( 'NONE', *, *, #1084, .F. ) ;
#2079 = AXIS2_PLACEMENT_3D ( 'NONE', #2109, #1257, #38 ) ;
#2080 = ORIENTED_EDGE ( 'NONE', *, *, #2176, .F. ) ;
#2081 = VECTOR ( 'NONE', #557, 39.37007874015748143 ) ;
#2082 = ORIENTED_EDGE ( 'NONE', *, *, #1191, .T. ) ;
#2083 = LINE ( 'NONE', #209, #2652 ) ;
#2084 = CARTESIAN_POINT ( 'NONE',  ( 0.07500000000000002498, 0.01060660171779807641, 0.03199999999999999373 ) ) ;
#2085 = EDGE_CURVE ( 'NONE', #1419, #264, #1253, .T. ) ;
#2086 = LINE ( 'NONE', #1017, #742 ) ;
#2087 = ORIENTED_EDGE ( 'NONE', *, *, #64, .T. ) ;
#2088 = LINE ( 'NONE', #1246, #822 ) ;
#2089 = CARTESIAN_POINT ( 'NONE',  ( -0.009050425072378073116, 0.3649951489058733123, 0.1239999999999999575 ) ) ;
#2090 = CARTESIAN_POINT ( 'NONE',  ( -0.06795123477111331134, 0.08893310725418955565, 0.05945104559305840197 ) ) ;
#2091 = CARTESIAN_POINT ( 'NONE',  ( 0.04499999999999999833, 0.3070000000000000506, 0.1539999999999999702 ) ) ;
#2092 = DIRECTION ( 'NONE',  ( 0.000000000000000000, 1.000000000000000000, 0.000000000000000000 ) ) ;
#2093 = ORIENTED_EDGE ( 'NONE', *, *, #1304, .F. ) ;
#2094 = ORIENTED_EDGE ( 'NONE', *, *, #2489, .T. ) ;
#2095 = CARTESIAN_POINT ( 'NONE',  ( 0.02518848844166055034, 0.4000000000000000222, 0.1239999999999999852 ) ) ;
#2096 = LINE ( 'NONE', #23, #1255 ) ;
#2097 = EDGE_CURVE ( 'NONE', #970, #423, #1583, .T. ) ;
#2098 = DIRECTION ( 'NONE',  ( -0.1305261922200539326, -0.000000000000000000, -0.9914448613738100491 ) ) ;
#2099 = DIRECTION ( 'NONE',  ( 0.000000000000000000, 0.000000000000000000, 1.000000000000000000 ) ) ;
#2100 = CARTESIAN_POINT ( 'NONE',  ( -0.06287866957530262313, 0.08122864370528752598, 0.04516226481302398899 ) ) ;
#2101 = ADVANCED_FACE ( 'NONE', ( #787 ), #1342, .T. ) ;
#2102 = CARTESIAN_POINT ( 'NONE',  ( -0.06705360590979918267, 0.09400000000000001410, 0.05945104559305840197 ) ) ;
#2103 = DIRECTION ( 'NONE',  ( 0.1305261922200519065, -0.000000000000000000, 0.9914448613738103822 ) ) ;
#2104 = CARTESIAN_POINT ( 'NONE',  ( 0.02899999999999998412, 0.4000000000000000222, 0.1539999999999999702 ) ) ;
#2105 = DIRECTION ( 'NONE',  ( -0.000000000000000000, -1.000000000000000000, -0.000000000000000000 ) ) ;
#2106 = CIRCLE ( 'NONE', #1666, 0.006420453428086091326 ) ;
#2107 = EDGE_LOOP ( 'NONE', ( #1161, #706, #62, #1722, #869, #1148 ) ) ;
#2108 =( BOUNDED_SURFACE ( )  B_SPLINE_SURFACE ( 3, 3, ( 
 ( #273, #1104, #1719, #2553 ),
 ( #1527, #703, #1311, #2345 ),
 ( #1481, #286, #679, #1733 ),
 ( #2359, #1322, #234, #1067 ) ),
 .UNSPECIFIED., .F., .F., .F. ) 
 B_SPLINE_SURFACE_WITH_KNOTS ( ( 4, 4 ),
 ( 4, 4 ),
 ( 0.000000000000000000, 1.000000000000000000 ),
 ( 0.000000000000000000, 1.000000000000000000 ),
 .UNSPECIFIED. ) 
 GEOMETRIC_REPRESENTATION_ITEM ( )  RATIONAL_B_SPLINE_SURFACE ( (
 ( 1.000000000000000000, 0.3333333333333332038, 0.3333333333333332038, 1.000000000000000000),
 ( 0.9599054302165194175, 0.3199684767388396578, 0.3199684767388396578, 0.9599054302165194175),
 ( 0.9599054302165194175, 0.3199684767388396578, 0.3199684767388396578, 0.9599054302165194175),
 ( 1.000000000000000000, 0.3333333333333332038, 0.3333333333333332038, 1.000000000000000000) ) ) 
 REPRESENTATION_ITEM ( '' )  SURFACE ( )  );
#2109 = CARTESIAN_POINT ( 'NONE',  ( 0.1000000000000000056, 0.01060660171779807641, 0.03199999999999999373 ) ) ;
#2110 = VECTOR ( 'NONE', #1745, 39.37007874015748143 ) ;
#2111 = DIRECTION ( 'NONE',  ( 1.000000000000000000, -0.000000000000000000, 0.000000000000000000 ) ) ;
#2112 = ORIENTED_EDGE ( 'NONE', *, *, #1702, .F. ) ;
#2113 = CARTESIAN_POINT ( 'NONE',  ( 0.05900000000000003159, 0.2219999999999999751, 0.08000000000000000167 ) ) ;
#2114 = CARTESIAN_POINT ( 'NONE',  ( 0.02899999999999998412, 0.4000000000000000222, 0.1539999999999999702 ) ) ;
#2115 = CARTESIAN_POINT ( 'NONE',  ( 0.05900000000000002465, 0.1900000000000000300, 0.03100000000000022182 ) ) ;
#2116 = CARTESIAN_POINT ( 'NONE',  ( 0.01780294143062747386, 0.3977386107208348842, 0.06291505052267064302 ) ) ;
#2117 = CARTESIAN_POINT ( 'NONE',  ( -0.05899999999415343754, 0.1123124750718057646, 0.02539666889065845048 ) ) ;
#2118 = AXIS2_PLACEMENT_3D ( 'NONE', #185, #1473, #2525 ) ;
#2119 = ORIENTED_EDGE ( 'NONE', *, *, #1900, .F. ) ;
#2120 = EDGE_CURVE ( 'NONE', #969, #1291, #794, .T. ) ;
#2121 = CARTESIAN_POINT ( 'NONE',  ( 0.06795123477111331134, 0.08893310725418954177, 0.05945104559305840891 ) ) ;
#2122 = ADVANCED_FACE ( 'NONE', ( #753 ), #1188, .T. ) ;
#2123 = DIRECTION ( 'NONE',  ( 0.1305261922200536273, -0.000000000000000000, -0.9914448613738101601 ) ) ;
#2124 = CIRCLE ( 'NONE', #1908, 0.01599999999999999686 ) ;
#2125 = ORIENTED_EDGE ( 'NONE', *, *, #1222, .T. ) ;
#2126 = CARTESIAN_POINT ( 'NONE',  ( 0.05900000000000003159, 0.09278220592673998290, 0.08128429998907964193 ) ) ;
#2127 = CARTESIAN_POINT ( 'NONE',  ( 0.06705360590979918267, 0.09661295640134726082, 0.06459219247548150800 ) ) ;
#2128 = CARTESIAN_POINT ( 'NONE',  ( -0.05899999999415345142, 0.1132613602842582473, 0.06202161903426994805 ) ) ;
#2129 = CARTESIAN_POINT ( 'NONE',  ( -0.07500000000000003886, 0.1899999999999999745, 0.08000000000000000167 ) ) ;
#2130 = DIRECTION ( 'NONE',  ( 0.000000000000000000, 0.5000000000000008882, -0.8660254037844381525 ) ) ;
#2131 = ORIENTED_EDGE ( 'NONE', *, *, #194, .T. ) ;
#2132 = ORIENTED_EDGE ( 'NONE', *, *, #2546, .F. ) ;
#2133 = AXIS2_PLACEMENT_3D ( 'NONE', #379, #2503, #601 ) ;
#2134 = CARTESIAN_POINT ( 'NONE',  ( 0.05900000000000001771, 0.1499999999999999667, 0.03200000000000000761 ) ) ;
#2135 = DIRECTION ( 'NONE',  ( -0.000000000000000000, 0.000000000000000000, -1.000000000000000000 ) ) ;
#2136 = ORIENTED_EDGE ( 'NONE', *, *, #456, .T. ) ;
#2137 = CARTESIAN_POINT ( 'NONE',  ( 0.05900000000000003852, 0.1016559092488298066, 0.07970587879885827898 ) ) ;
#2138 = CARTESIAN_POINT ( 'NONE',  ( 0.06287866957530259537, 0.1067713562947125300, 0.07888097325551590711 ) ) ;
#2139 = CARTESIAN_POINT ( 'NONE',  ( -0.05899999999415345142, 0.07568752492819429134, 0.09864656917788143520 ) ) ;
#2140 = LINE ( 'NONE', #911, #2573 ) ;
#2141 = LINE ( 'NONE', #1709, #1539 ) ;
#2142 = EDGE_LOOP ( 'NONE', ( #1512, #1475, #459, #445, #313, #1955 ) ) ;
#2143 = VECTOR ( 'NONE', #2619, 39.37007874015748854 ) ;
#2144 = EDGE_CURVE ( 'NONE', #657, #1819, #142, .T. ) ;
#2145 = ORIENTED_EDGE ( 'NONE', *, *, #1472, .T. ) ;
#2146 = CARTESIAN_POINT ( 'NONE',  ( -0.05900000000000004546, 0.1085562307849400471, 0.07470712419660935355 ) ) ;
#2147 = EDGE_CURVE ( 'NONE', #997, #1284, #2010, .T. ) ;
#2148 = EDGE_CURVE ( 'NONE', #1356, #2285, #129, .T. ) ;
#2149 = CARTESIAN_POINT ( 'NONE',  ( 0.07337946998506218732, 0.1040578467424873171, 0.06202161903426994111 ) ) ;
#2150 = ORIENTED_EDGE ( 'NONE', *, *, #112, .F. ) ;
#2151 = CARTESIAN_POINT ( 'NONE',  ( -0.05867589399233520686, 0.07657934242409597525, 0.09686293418607806738 ) ) ;
#2152 = CARTESIAN_POINT ( 'NONE',  ( 0.07500000000000002498, 0.01060660171779814753, 0.09400000000000004186 ) ) ;
#2153 = DIRECTION ( 'NONE',  ( -1.000000000000000000, -0.000000000000000000, -0.000000000000000000 ) ) ;
#2154 = EDGE_CURVE ( 'NONE', #969, #1183, #1689, .T. ) ;
#2155 = VERTEX_POINT ( 'NONE', #1153 ) ;
#2156 = VECTOR ( 'NONE', #2528, 39.37007874015748143 ) ;
#2157 = ORIENTED_EDGE ( 'NONE', *, *, #1146, .F. ) ;
#2158 = VECTOR ( 'NONE', #1369, 39.37007874015748143 ) ;
#2159 = PLANE ( 'NONE',  #2202 ) ;
#2160 = COLOUR_RGB ( '',0.6470588235294117974, 0.6196078431372549211, 0.5882352941176470784 ) ;
#2161 = DIRECTION ( 'NONE',  ( 1.388134143122087506E-16, 0.000000000000000000, 1.000000000000000000 ) ) ;
#2162 = ORIENTED_EDGE ( 'NONE', *, *, #2038, .T. ) ;
#2163 = CARTESIAN_POINT ( 'NONE',  ( 0.07101157153592467519, 0.09752377796412506350, 0.06850598604244147183 ) ) ;
#2164 = AXIS2_PLACEMENT_3D ( 'NONE', #1221, #2501, #1479 ) ;
#2165 = DIRECTION ( 'NONE',  ( 0.000000000000000000, 0.7071067811865469066, 0.7071067811865480168 ) ) ;
#2166 = DIRECTION ( 'NONE',  ( 0.000000000000000000, 0.000000000000000000, 1.000000000000000000 ) ) ;
#2167 = CARTESIAN_POINT ( 'NONE',  ( 0.02899999999999998412, 0.2219999999999999751, 0.1539999999999999425 ) ) ;
#2168 = VERTEX_POINT ( 'NONE', #1569 ) ;
#2169 = DIRECTION ( 'NONE',  ( 0.000000000000000000, 1.000000000000000000, 0.000000000000000000 ) ) ;
#2170 = ORIENTED_EDGE ( 'NONE', *, *, #962, .T. ) ;
#2171 = AXIS2_PLACEMENT_3D ( 'NONE', #1997, #2602, #525 ) ;
#2172 = CARTESIAN_POINT ( 'NONE',  ( 0.06963723617969566626, 0.08693687570309134582, 0.05945104559305839503 ) ) ;
#2173 = DIRECTION ( 'NONE',  ( -0.1305261922200536551, 0.000000000000000000, -0.9914448613738100491 ) ) ;
#2174 = DIRECTION ( 'NONE',  ( -1.000000000000000000, 0.000000000000000000, 1.388134143122087260E-16 ) ) ;
#2175 = EDGE_CURVE ( 'NONE', #1691, #2006, #1338, .T. ) ;
#2176 = EDGE_CURVE ( 'NONE', #2314, #2225, #1357, .T. ) ;
#2177 = DIRECTION ( 'NONE',  ( 0.000000000000000000, 6.829619984160659032E-16, 1.000000000000000000 ) ) ;
#2178 = DIRECTION ( 'NONE',  ( -1.000000000000000000, -0.000000000000000000, -0.000000000000000000 ) ) ;
#2179 = EDGE_CURVE ( 'NONE', #1197, #2491, #2200, .T. ) ;
#2180 = EDGE_CURVE ( 'NONE', #1178, #969, #874, .T. ) ;
#2181 = LINE ( 'NONE', #767, #1683 ) ;
#2182 = DIRECTION ( 'NONE',  ( -0.1305261922200539326, 0.000000000000000000, 0.9914448613738100491 ) ) ;
#2183 = VERTEX_POINT ( 'NONE', #2617 ) ;
#2184 = ORIENTED_EDGE ( 'NONE', *, *, #1777, .T. ) ;
#2185 = CARTESIAN_POINT ( 'NONE',  ( 0.1000000000000000056, 0.2219999999999999751, 0.08000000000000000167 ) ) ;
#2186 = VECTOR ( 'NONE', #44, 39.37007874015748143 ) ;
#2187 = ORIENTED_EDGE ( 'NONE', *, *, #394, .T. ) ;
#2188 = DIRECTION ( 'NONE',  ( 0.1305261922200536273, -0.000000000000000000, -0.9914448613738101601 ) ) ;
#2189 = CARTESIAN_POINT ( 'NONE',  ( 0.1000000000000000056, 0.1499999999999999944, 0.1300000000000000044 ) ) ;
#2190 = DIRECTION ( 'NONE',  ( 1.000000000000000000, -0.000000000000000000, 1.388134143122087506E-16 ) ) ;
#2191 = EDGE_CURVE ( 'NONE', #1865, #1045, #311, .T. ) ;
#2192 = DIRECTION ( 'NONE',  ( 0.9914448613738100491, 0.000000000000000000, 0.1305261922200539326 ) ) ;
#2193 = LINE ( 'NONE', #1542, #2647 ) ;
#2194 = ORIENTED_EDGE ( 'NONE', *, *, #1048, .T. ) ;
#2195 = ORIENTED_EDGE ( 'NONE', *, *, #2571, .F. ) ;
#2196 = EDGE_CURVE ( 'NONE', #970, #2428, #1956, .T. ) ;
#2197 = CARTESIAN_POINT ( 'NONE',  ( 0.05900000000000003159, 0.2059999999999999887, 0.08000000000000000167 ) ) ;
#2198 = ORIENTED_EDGE ( 'NONE', *, *, #2038, .F. ) ;
#2199 = VECTOR ( 'NONE', #1932, 39.37007874015748854 ) ;
#2200 = LINE ( 'NONE', #1987, #448 ) ;
#2201 = DIRECTION ( 'NONE',  ( 0.000000000000000000, -0.7071067811865473507, 0.7071067811865477948 ) ) ;
#2202 = AXIS2_PLACEMENT_3D ( 'NONE', #1930, #1340, #267 ) ;
#2203 = DIRECTION ( 'NONE',  ( -0.000000000000000000, 0.000000000000000000, 1.000000000000000000 ) ) ;
#2204 = LINE ( 'NONE', #1192, #2643 ) ;
#2205 = DIRECTION ( 'NONE',  ( 0.000000000000000000, -1.000000000000000000, 0.000000000000000000 ) ) ;
#2206 =( BOUNDED_SURFACE ( )  B_SPLINE_SURFACE ( 3, 3, ( 
 ( #1693, #69, #2342, #885 ),
 ( #293, #1536, #508, #894 ),
 ( #1287, #2530, #496, #1501 ),
 ( #1331, #677, #308, #2320 ) ),
 .UNSPECIFIED., .F., .F., .T. ) 
 B_SPLINE_SURFACE_WITH_KNOTS ( ( 4, 4 ),
 ( 4, 4 ),
 ( 0.000000000000000000, 1.000000000000000000 ),
 ( 0.000000000000000000, 1.000000000000000000 ),
 .UNSPECIFIED. ) 
 GEOMETRIC_REPRESENTATION_ITEM ( )  RATIONAL_B_SPLINE_SURFACE ( (
 ( 1.000000000000000000, 0.3333333333333334259, 0.3333333333333334259, 1.000000000000000000),
 ( 0.9599054302165194175, 0.3199684767388398798, 0.3199684767388398798, 0.9599054302165194175),
 ( 0.9599054302165194175, 0.3199684767388398798, 0.3199684767388398798, 0.9599054302165194175),
 ( 1.000000000000000000, 0.3333333333333334259, 0.3333333333333334259, 1.000000000000000000) ) ) 
 REPRESENTATION_ITEM ( '' )  SURFACE ( )  );
#2207 = SURFACE_STYLE_FILL_AREA ( #1772 ) ;
#2208 = VERTEX_POINT ( 'NONE', #348 ) ;
#2209 = EDGE_LOOP ( 'NONE', ( #307, #758, #221, #1421, #735, #603, #1831, #1455, #974 ) ) ;
#2210 = LINE ( 'NONE', #370, #1556 ) ;
#2211 = ORIENTED_EDGE ( 'NONE', *, *, #2147, .T. ) ;
#2212 = CARTESIAN_POINT ( 'NONE',  ( 0.01299999999999998726, 0.2219999999999999751, 0.1539999999999999702 ) ) ;
#2213 = ORIENTED_EDGE ( 'NONE', *, *, #1862, .F. ) ;
#2214 = CIRCLE ( 'NONE', #1060, 0.01669317891302379495 ) ;
#2215 = LINE ( 'NONE', #1572, #852 ) ;
#2216 = FACE_OUTER_BOUND ( 'NONE', #1363, .T. ) ;
#2217 = CARTESIAN_POINT ( 'NONE',  ( 0.05900000000000003852, 0.07518943065887723209, 0.06684127976696191409 ) ) ;
#2218 = LINE ( 'NONE', #2595, #2234 ) ;
#2219 = FILL_AREA_STYLE_COLOUR ( '', #2160 ) ;
#2220 = ORIENTED_EDGE ( 'NONE', *, *, #79, .T. ) ;
#2221 = ORIENTED_EDGE ( 'NONE', *, *, #2284, .F. ) ;
#2222 = DIRECTION ( 'NONE',  ( 0.000000000000000000, 0.8660254037844380415, 0.5000000000000007772 ) ) ;
#2223 = EDGE_CURVE ( 'NONE', #574, #1239, #1177, .T. ) ;
#2224 = ADVANCED_FACE ( 'NONE', ( #2628 ), #773, .T. ) ;
#2225 = VERTEX_POINT ( 'NONE', #986 ) ;
#2226 = DIRECTION ( 'NONE',  ( 0.000000000000000000, 1.000000000000000000, 0.000000000000000000 ) ) ;
#2227 = DIRECTION ( 'NONE',  ( 1.000000000000000000, -0.000000000000000000, 0.000000000000000000 ) ) ;
#2228 = VECTOR ( 'NONE', #1179, 39.37007874015748143 ) ;
#2229 = AXIS2_PLACEMENT_3D ( 'NONE', #1650, #862, #2060 ) ;
#2230 = CARTESIAN_POINT ( 'NONE',  ( 0.07500000000000003886, 0.1499999999999999944, 0.1300000000000000044 ) ) ;
#2231 = CARTESIAN_POINT ( 'NONE',  ( 0.05899999999415345142, 0.1132613602842582334, 0.06202161903426994805 ) ) ;
#2232 = DIRECTION ( 'NONE',  ( 1.000000000000000000, -0.000000000000000000, 0.000000000000000000 ) ) ;
#2233 = CARTESIAN_POINT ( 'NONE',  ( 0.05900000000000002465, 0.09701739023065744649, 0.04292699418022334623 ) ) ;
#2234 = VECTOR ( 'NONE', #120, 39.37007874015748143 ) ;
#2235 = FACE_OUTER_BOUND ( 'NONE', #1014, .T. ) ;
#2236 = EDGE_CURVE ( 'NONE', #548, #9, #738, .T. ) ;
#2237 = ORIENTED_EDGE ( 'NONE', *, *, #514, .T. ) ;
#2238 = CARTESIAN_POINT ( 'NONE',  ( 0.02886311778198095979, 0.3464000000000000412, 0.1519115809244791504 ) ) ;
#2239 = EDGE_LOOP ( 'NONE', ( #2510, #942, #1013, #2411 ) ) ;
#2240 = PRODUCT ( 'keystone-PN3557', 'keystone-PN3557', '', ( #1879 ) ) ;
#2241 = CARTESIAN_POINT ( 'NONE',  ( -0.02584492759431790757, 0.3977386107208348287, 0.1239999999999999852 ) ) ;
#2242 = CARTESIAN_POINT ( 'NONE',  ( -0.05900000000000003852, 0.1023130361900925489, 0.04463364736266892119 ) ) ;
#2243 = VECTOR ( 'NONE', #433, 39.37007874015748143 ) ;
#2244 = CARTESIAN_POINT ( 'NONE',  ( 0.05806666666082011680, 0.07730682108697621568, 0.06202161903426994805 ) ) ;
#2245 = FACE_BOUND ( 'NONE', #2251, .T. ) ;
#2246 = VERTEX_POINT ( 'NONE', #2445 ) ;
#2247 = CARTESIAN_POINT ( 'NONE',  ( 0.05625681407656313304, 0.07563587682803747658, 0.05533812808711994352 ) ) ;
#2248 = CARTESIAN_POINT ( 'NONE',  ( 0.05900000000000003159, 0.1132613602842582751, 0.05956529324144808207 ) ) ;
#2249 = CARTESIAN_POINT ( 'NONE',  ( 0.07033333332748679945, 0.1004204534280861011, 0.06202161903426994805 ) ) ;
#2250 = CARTESIAN_POINT ( 'NONE',  ( 0.07500000000000003886, 0.1499999999999999944, 0.09399999999999998634 ) ) ;
#2251 = EDGE_LOOP ( 'NONE', ( #1968, #675 ) ) ;
#2252 = VECTOR ( 'NONE', #1152, 39.37007874015748854 ) ;
#2253 = CARTESIAN_POINT ( 'NONE',  ( -0.07500000000000003886, 0.2059999999999999887, 0.08000000000000000167 ) ) ;
#2254 = ORIENTED_EDGE ( 'NONE', *, *, #562, .T. ) ;
#2255 = CARTESIAN_POINT ( 'NONE',  ( 0.01431809848210864079, 0.3920037215789226592, 0.1643833465010757500 ) ) ;
#2256 = CARTESIAN_POINT ( 'NONE',  ( -0.05900000000000003852, 0.08752520955349207821, 0.04386982438581155108 ) ) ;
#2257 =( LENGTH_UNIT ( ) NAMED_UNIT ( * ) SI_UNIT ( $, .METRE. ) );
#2258 = DIRECTION ( 'NONE',  ( -0.000000000000000000, -1.000000000000000000, 0.000000000000000000 ) ) ;
#2259 = EDGE_LOOP ( 'NONE', ( #74, #444, #2254, #2597 ) ) ;
#2260 = DIRECTION ( 'NONE',  ( 0.000000000000000000, 1.000000000000000000, 0.000000000000000000 ) ) ;
#2261 = EDGE_CURVE ( 'NONE', #1861, #325, #2302, .T. ) ;
#2262 = FACE_OUTER_BOUND ( 'NONE', #1351, .T. ) ;
#2263 = DIRECTION ( 'NONE',  ( 0.9914448613738100491, 0.000000000000000000, -0.1305261922200539326 ) ) ;
#2264 = FACE_OUTER_BOUND ( 'NONE', #1136, .T. ) ;
#2265 = ADVANCED_FACE ( 'NONE', ( #1228 ), #1015, .T. ) ;
#2266 = DIRECTION ( 'NONE',  ( 0.000000000000000000, 0.000000000000000000, -1.000000000000000000 ) ) ;
#2267 = EDGE_CURVE ( 'NONE', #1767, #1721, #430, .T. ) ;
#2268 = ORIENTED_EDGE ( 'NONE', *, *, #1349, .F. ) ;
#2269 = ORIENTED_EDGE ( 'NONE', *, *, #1120, .T. ) ;
#2270 = CARTESIAN_POINT ( 'NONE',  ( 0.07500000000000003886, 0.4000000000000000222, 0.1539999999999999702 ) ) ;
#2271 = ORIENTED_EDGE ( 'NONE', *, *, #1186, .F. ) ;
#2272 = CARTESIAN_POINT ( 'NONE',  ( 0.07499999999415346563, 0.1132613602842582334, 0.1005443396027864006 ) ) ;
#2273 = CARTESIAN_POINT ( 'NONE',  ( 0.05899999999415345142, 0.1132613602842581779, 0.02349889846575354060 ) ) ;
#2274 = ORIENTED_EDGE ( 'NONE', *, *, #1608, .T. ) ;
#2275 = COLOUR_RGB ( '',0.6470588235294117974, 0.6196078431372549211, 0.5882352941176470784 ) ;
#2276 = CARTESIAN_POINT ( 'NONE',  ( 0.1000000000000000056, 0.1499999999999999944, 0.03200000000000000067 ) ) ;
#2277 = CARTESIAN_POINT ( 'NONE',  ( 0.05900000000000002465, 0.08568696380991054629, 0.04463364736266724198 ) ) ;
#2278 = LINE ( 'NONE', #406, #789 ) ;
#2279 = DIRECTION ( 'NONE',  ( 0.000000000000000000, 0.000000000000000000, -1.000000000000000000 ) ) ;
#2280 = CARTESIAN_POINT ( 'NONE',  ( 0.07337946998506218732, 0.08394215325751271106, 0.06202161903426994111 ) ) ;
#2281 = ORIENTED_EDGE ( 'NONE', *, *, #1904, .F. ) ;
#2282 = VERTEX_POINT ( 'NONE', #1270 ) ;
#2283 = EDGE_CURVE ( 'NONE', #1464, #1183, #623, .T. ) ;
#2284 = EDGE_CURVE ( 'NONE', #237, #1865, #1822, .T. ) ;
#2285 = VERTEX_POINT ( 'NONE', #195 ) ;
#2286 = CARTESIAN_POINT ( 'NONE',  ( 0.04400000000000003214, 0.4000000000000000222, 0.03099999999999999978 ) ) ;
#2287 = CARTESIAN_POINT ( 'NONE',  ( 0.05867589399233518604, 0.07657934242409597525, 0.02718030388246188422 ) ) ;
#2288 = ORIENTED_EDGE ( 'NONE', *, *, #1623, .T. ) ;
#2289 = CARTESIAN_POINT ( 'NONE',  ( 0.05820701701425483321, 0.09400000000000001410, 0.07888097325551590711 ) ) ;
#2290 = VECTOR ( 'NONE', #1335, 39.37007874015748143 ) ;
#2291 = CARTESIAN_POINT ( 'NONE',  ( 0.05900000000000006628, 0.07473863971574178089, 0.06080047870304444019 ) ) ;
#2292 = DIRECTION ( 'NONE',  ( -0.000000000000000000, -1.000000000000000000, -0.000000000000000000 ) ) ;
#2293 = AXIS2_PLACEMENT_3D ( 'NONE', #1526, #70, #922 ) ;
#2294 = LINE ( 'NONE', #1898, #154 ) ;
#2295 = CARTESIAN_POINT ( 'NONE',  ( 0.07500000000000002498, 0.1499999999999999944, 0.09399999999999998634 ) ) ;
#2296 = VECTOR ( 'NONE', #1559, 39.37007874015748854 ) ;
#2297 = EDGE_LOOP ( 'NONE', ( #1089, #838, #2288, #1209 ) ) ;
#2298 = VECTOR ( 'NONE', #104, 39.37007874015748854 ) ;
#2299 = UNCERTAINTY_MEASURE_WITH_UNIT (LENGTH_MEASURE( 1.000000000000000082E-05 ), #2677, 'distance_accuracy_value', 'NONE');
#2300 = ORIENTED_EDGE ( 'NONE', *, *, #796, .T. ) ;
#2301 = VECTOR ( 'NONE', #645, 39.37007874015748143 ) ;
#2302 =( BOUNDED_CURVE ( )  B_SPLINE_CURVE ( 3, ( #1256, #2480, #621, #2040 ),
 .UNSPECIFIED., .F., .F. ) 
 B_SPLINE_CURVE_WITH_KNOTS ( ( 4, 4 ),
 ( 5.655927682686960445, 6.283185307179586232 ),
 .UNSPECIFIED. ) 
 CURVE ( )  GEOMETRIC_REPRESENTATION_ITEM ( )  RATIONAL_B_SPLINE_CURVE ( ( 1.000000000000000000, 0.9674802010064139646, 0.9674802010064139646, 1.000000000000000000 ) ) 
 REPRESENTATION_ITEM ( '' )  );
#2303 = CARTESIAN_POINT ( 'NONE',  ( -0.03521320343559643240, 0.4000000000000000222, 0.1689999999999999836 ) ) ;
#2304 = DIRECTION ( 'NONE',  ( 1.000000000000000000, -0.000000000000000000, 1.388134143122087260E-16 ) ) ;
#2305 = DIRECTION ( 'NONE',  ( 0.9914448613738103822, 0.000000000000000000, -0.1305261922200519065 ) ) ;
#2306 = DIRECTION ( 'NONE',  ( -0.000000000000000000, -1.000000000000000000, -0.000000000000000000 ) ) ;
#2307 = AXIS2_PLACEMENT_3D ( 'NONE', #10, #2052, #1439 ) ;
#2308 = DIRECTION ( 'NONE',  ( -0.5819053918177805595, -0.8096401240081088080, 0.07660929819238442018 ) ) ;
#2309 =( BOUNDED_SURFACE ( )  B_SPLINE_SURFACE ( 3, 3, ( 
 ( #2654, #190, #1208, #1039 ),
 ( #1022, #1250, #1814, #2280 ),
 ( #1447, #2666, #2048, #1432 ),
 ( #2455, #2474, #1605, #1856 ) ),
 .UNSPECIFIED., .F., .F., .F. ) 
 B_SPLINE_SURFACE_WITH_KNOTS ( ( 4, 4 ),
 ( 4, 4 ),
 ( 0.000000000000000000, 1.000000000000000000 ),
 ( 0.000000000000000000, 1.000000000000000000 ),
 .UNSPECIFIED. ) 
 GEOMETRIC_REPRESENTATION_ITEM ( )  RATIONAL_B_SPLINE_SURFACE ( (
 ( 1.000000000000000000, 0.3333333333333334259, 0.3333333333333334259, 1.000000000000000000),
 ( 0.9599054302165194175, 0.3199684767388398798, 0.3199684767388398798, 0.9599054302165194175),
 ( 0.9599054302165194175, 0.3199684767388398798, 0.3199684767388398798, 0.9599054302165194175),
 ( 1.000000000000000000, 0.3333333333333334259, 0.3333333333333334259, 1.000000000000000000) ) ) 
 REPRESENTATION_ITEM ( '' )  SURFACE ( )  );
#2310 = CARTESIAN_POINT ( 'NONE',  ( -0.07038731423265398579, 0.09218281565247259113, 0.06850598604244147183 ) ) ;
#2311 = CARTESIAN_POINT ( 'NONE',  ( -0.05820701701425486096, 0.09400000000000001410, 0.04516226481302398205 ) ) ;
#2312 = FACE_OUTER_BOUND ( 'NONE', #494, .T. ) ;
#2313 = CYLINDRICAL_SURFACE ( 'NONE', #1199, 0.03100000000000002406 ) ;
#2314 = VERTEX_POINT ( 'NONE', #2241 ) ;
#2315 = FACE_OUTER_BOUND ( 'NONE', #193, .T. ) ;
#2316 = EDGE_CURVE ( 'NONE', #2390, #77, #2083, .T. ) ;
#2317 = FACE_OUTER_BOUND ( 'NONE', #2009, .T. ) ;
#2318 = ORIENTED_EDGE ( 'NONE', *, *, #2175, .F. ) ;
#2319 = CARTESIAN_POINT ( 'NONE',  ( 0.01299999999999999246, 0.3070000000000000506, 0.1539999999999999702 ) ) ;
#2320 = CARTESIAN_POINT ( 'NONE',  ( -0.07499999999415345175, 0.1132613602842582473, 0.06202161903426994111 ) ) ;
#2321 = CARTESIAN_POINT ( 'NONE',  ( 0.1000000000000000056, 0.01060660171779807641, 0.03199999999999999373 ) ) ;
#2322 = EDGE_CURVE ( 'NONE', #1624, #1121, #224, .T. ) ;
#2323 = CARTESIAN_POINT ( 'NONE',  ( -0.07500000000000002498, 0.4000000000000000222, 0.03100000000000021488 ) ) ;
#2324 = CARTESIAN_POINT ( 'NONE',  ( 0.05900000000000001771, 0.01060660171779797580, 0.03200000000000002842 ) ) ;
#2325 = ORIENTED_EDGE ( 'NONE', *, *, #2144, .T. ) ;
#2326 = EDGE_CURVE ( 'NONE', #2168, #2282, #1058, .T. ) ;
#2327 = CARTESIAN_POINT ( 'NONE',  ( -0.05900000000000003159, 0.09521779407326325106, 0.08128429998907865661 ) ) ;
#2328 = LINE ( 'NONE', #1921, #2199 ) ;
#2329 = ORIENTED_EDGE ( 'NONE', *, *, #754, .T. ) ;
#2330 = CARTESIAN_POINT ( 'NONE',  ( 0.05900000000000005934, 0.1051685259736526434, 0.07781628767687713555 ) ) ;
#2331 = CARTESIAN_POINT ( 'NONE',  ( -0.07500000000000003886, 0.1499999999999999944, 0.1300000000000000044 ) ) ;
#2332 = CARTESIAN_POINT ( 'NONE',  ( -0.05806666666082015149, 0.07730682108697620181, 0.09540797686031757263 ) ) ;
#2333 = FACE_OUTER_BOUND ( 'NONE', #1565, .T. ) ;
#2334 = DIRECTION ( 'NONE',  ( -0.1305261922200539326, -0.000000000000000000, -0.9914448613738100491 ) ) ;
#2335 = CIRCLE ( 'NONE', #655, 0.01669317891302379495 ) ;
#2336 = VECTOR ( 'NONE', #2072, 39.37007874015748143 ) ;
#2337 = ORIENTED_EDGE ( 'NONE', *, *, #223, .T. ) ;
#2338 = ORIENTED_EDGE ( 'NONE', *, *, #2672, .F. ) ;
#2339 = CARTESIAN_POINT ( 'NONE',  ( 0.07499999999415346563, 0.1085169342219958338, 0.06202161903426994111 ) ) ;
#2340 = ORIENTED_EDGE ( 'NONE', *, *, #2147, .F. ) ;
#2341 = CARTESIAN_POINT ( 'NONE',  ( 0.07799999999415353769, 0.09400000000000001410, 0.06202161903426994805 ) ) ;
#2342 = CARTESIAN_POINT ( 'NONE',  ( -0.07033333332748679945, 0.1004204534280861150, 0.07486252589044213590 ) ) ;
#2343 = CARTESIAN_POINT ( 'NONE',  ( 0.04400000000000001132, 0.4000000000000000777, 0.1690000000000000391 ) ) ;
#2344 = EDGE_CURVE ( 'NONE', #2584, #1678, #1243, .T. ) ;
#2345 = CARTESIAN_POINT ( 'NONE',  ( -0.07337946998506218732, 0.08394215325751272494, 0.06202161903426995498 ) ) ;
#2346 = ADVANCED_BREP_SHAPE_REPRESENTATION ( 'keystone-PN3557', ( #1422, #1794 ), #152 ) ;
#2347 = LINE ( 'NONE', #666, #1403 ) ;
#2348 = ORIENTED_EDGE ( 'NONE', *, *, #1120, .F. ) ;
#2349 = ORIENTED_EDGE ( 'NONE', *, *, #2180, .F. ) ;
#2350 = EDGE_CURVE ( 'NONE', #255, #2208, #512, .T. ) ;
#2351 = CIRCLE ( 'NONE', #1182, 0.01669317891302379495 ) ;
#2352 = CARTESIAN_POINT ( 'NONE',  ( -0.05900000000000003852, 0.1057470538457487008, 0.07751012412521991746 ) ) ;
#2353 = CARTESIAN_POINT ( 'NONE',  ( -0.05499999999415345481, 0.1132613602842582334, 0.06202161903426994805 ) ) ;
#2354 = EDGE_CURVE ( 'NONE', #9, #1711, #2494, .T. ) ;
#2355 = ORIENTED_EDGE ( 'NONE', *, *, #1957, .F. ) ;
#2356 = CARTESIAN_POINT ( 'NONE',  ( 0.05900000000000003159, 0.08806005187242213483, 0.08035437858504378139 ) ) ;
#2357 = CARTESIAN_POINT ( 'NONE',  ( 0.07038731423265398579, 0.09581718434752739544, 0.06850598604244147183 ) ) ;
#2358 = FACE_OUTER_BOUND ( 'NONE', #1487, .T. ) ;
#2359 = CARTESIAN_POINT ( 'NONE',  ( -0.07499999999415345175, 0.1132613602842582334, 0.06202161903426994805 ) ) ;
#2360 = CARTESIAN_POINT ( 'NONE',  ( -0.05806666666082013067, 0.1106931789130238403, 0.02863526120822231652 ) ) ;
#2361 = ORIENTED_EDGE ( 'NONE', *, *, #2283, .T. ) ;
#2362 = AXIS2_PLACEMENT_3D ( 'NONE', #189, #1885, #2263 ) ;
#2363 = ORIENTED_EDGE ( 'NONE', *, *, #422, .T. ) ;
#2364 = ORIENTED_EDGE ( 'NONE', *, *, #2354, .F. ) ;
#2365 = CARTESIAN_POINT ( 'NONE',  ( 0.04399999999999992112, 0.4000000000000000222, 0.01600000000000000380 ) ) ;
#2366 = AXIS2_PLACEMENT_3D ( 'NONE', #500, #2105, #263 ) ;
#2367 = CARTESIAN_POINT ( 'NONE',  ( 0.07499999999415346563, 0.07948306577800420825, 0.06202161903426995498 ) ) ;
#2368 = ORIENTED_EDGE ( 'NONE', *, *, #2460, .T. ) ;
#2369 = DIRECTION ( 'NONE',  ( 0.000000000000000000, 0.000000000000000000, -1.000000000000000000 ) ) ;
#2370 = CARTESIAN_POINT ( 'NONE',  ( -0.06963723617969563850, 0.1010631242969086824, 0.06459219247548149412 ) ) ;
#2371 = LINE ( 'NONE', #2004, #1463 ) ;
#2372 = ORIENTED_EDGE ( 'NONE', *, *, #2267, .F. ) ;
#2373 =( BOUNDED_SURFACE ( )  B_SPLINE_SURFACE ( 3, 3, ( 
 ( #1513, #2513, #282, #1680 ),
 ( #661, #1715, #54, #1729 ),
 ( #460, #676, #29, #449 ),
 ( #2100, #1115, #244, #1488 ) ),
 .UNSPECIFIED., .F., .F., .F. ) 
 B_SPLINE_SURFACE_WITH_KNOTS ( ( 4, 4 ),
 ( 4, 4 ),
 ( 0.000000000000000000, 1.000000000000000000 ),
 ( 0.000000000000000000, 1.000000000000000000 ),
 .UNSPECIFIED. ) 
 GEOMETRIC_REPRESENTATION_ITEM ( )  RATIONAL_B_SPLINE_SURFACE ( (
 ( 1.000000000000000000, 0.9594278070612416442, 0.9594278070612416442, 1.000000000000000000),
 ( 0.8408457174332983897, 0.8067307627538659043, 0.8067307627538659043, 0.8408457174332983897),
 ( 0.8408457174332983897, 0.8067307627538659043, 0.8067307627538659043, 0.8408457174332983897),
 ( 1.000000000000000000, 0.9594278070612416442, 0.9594278070612416442, 1.000000000000000000) ) ) 
 REPRESENTATION_ITEM ( '' )  SURFACE ( )  );
#2374 = DIRECTION ( 'NONE',  ( -0.000000000000000000, -1.000000000000000000, -0.000000000000000000 ) ) ;
#2375 = CIRCLE ( 'NONE', #1858, 0.01000000000000005572 ) ;
#2376 = VERTEX_POINT ( 'NONE', #1072 ) ;
#2377 = VERTEX_POINT ( 'NONE', #638 ) ;
#2378 = CARTESIAN_POINT ( 'NONE',  ( 0.07038731423265398579, 0.09218281565247259113, 0.06850598604244147183 ) ) ;
#2379 = EDGE_CURVE ( 'NONE', #2459, #850, #1949, .T. ) ;
#2380 = EDGE_CURVE ( 'NONE', #1774, #1762, #825, .T. ) ;
#2381 = DIRECTION ( 'NONE',  ( -1.000000000000000000, -0.000000000000000000, 1.388134143122087506E-16 ) ) ;
#2382 = EDGE_LOOP ( 'NONE', ( #1055, #1003, #2599, #2558, #1668 ) ) ;
#2383 =( CONVERSION_BASED_UNIT ( 'INCH', #1784 ) LENGTH_UNIT ( ) NAMED_UNIT ( #539 ) );
#2384 = VECTOR ( 'NONE', #973, 39.37007874015748143 ) ;
#2385 = VECTOR ( 'NONE', #2626, 39.37007874015748143 ) ;
#2386 = CARTESIAN_POINT ( 'NONE',  ( 0.07500000000000002498, 0.1499999999999999667, 0.03100000000000010386 ) ) ;
#2387 = CARTESIAN_POINT ( 'NONE',  ( -0.06705360590979919655, 0.09400000000000001410, 0.06459219247548149412 ) ) ;
#2388 = CARTESIAN_POINT ( 'NONE',  ( 0.05900000000000002465, 0.4000000000000000222, 0.03100000000000010386 ) ) ;
#2389 = CARTESIAN_POINT ( 'NONE',  ( -0.01715768608882922014, 0.3070000000000000506, 0.06300000000000000044 ) ) ;
#2390 = VERTEX_POINT ( 'NONE', #1642 ) ;
#2391 = ORIENTED_EDGE ( 'NONE', *, *, #937, .F. ) ;
#2392 = CARTESIAN_POINT ( 'NONE',  ( 0.07499999999649208104, 0.1132613602842582473, 0.06202161903426994805 ) ) ;
#2393 = EDGE_LOOP ( 'NONE', ( #220, #2642, #2337, #2679, #1881, #1929, #1528, #2576, #926, #1845, #800, #1535, #34, #1395, #1667, #410 ) ) ;
#2394 = DIRECTION ( 'NONE',  ( 0.000000000000000000, -1.000000000000000000, 0.000000000000000000 ) ) ;
#2395 = EDGE_CURVE ( 'NONE', #2376, #7, #1469, .T. ) ;
#2396 = DIRECTION ( 'NONE',  ( -1.000000000000000000, -0.000000000000000000, 0.000000000000000000 ) ) ;
#2397 = DIRECTION ( 'NONE',  ( 0.000000000000000000, 0.000000000000000000, -1.000000000000000000 ) ) ;
#2398 = DIRECTION ( 'NONE',  ( 0.000000000000000000, 1.000000000000000000, 0.000000000000000000 ) ) ;
#2399 = CARTESIAN_POINT ( 'NONE',  ( -0.05806666666082013761, 0.09400000000000001410, 0.06202161903426994805 ) ) ;
#2400 = EDGE_CURVE ( 'NONE', #842, #423, #1555, .T. ) ;
#2401 = EDGE_LOOP ( 'NONE', ( #2457, #2220, #2056, #1791 ) ) ;
#2402 = EDGE_LOOP ( 'NONE', ( #2476, #925, #1947, #413, #1040, #2548 ) ) ;
#2403 = CARTESIAN_POINT ( 'NONE',  ( 0.04499999999999999833, 0.3070000000000000506, 0.1239999999999999852 ) ) ;
#2404 = ORIENTED_EDGE ( 'NONE', *, *, #2027, .T. ) ;
#2405 = CARTESIAN_POINT ( 'NONE',  ( -0.05499999999415345481, 0.07473863971574178089, 0.06202161903426996192 ) ) ;
#2406 = DIRECTION ( 'NONE',  ( 1.000000000000000000, -0.000000000000000000, 0.000000000000000000 ) ) ;
#2407 = CARTESIAN_POINT ( 'NONE',  ( -0.04400000000000003214, 0.1499999999999999667, 0.03099999999999999978 ) ) ;
#2408 = CARTESIAN_POINT ( 'NONE',  ( 0.02584492759431788675, 0.3977386107208348287, 0.1239999999999999991 ) ) ;
#2409 = FACE_OUTER_BOUND ( 'NONE', #1365, .T. ) ;
#2410 = LINE ( 'NONE', #547, #2081 ) ;
#2411 = ORIENTED_EDGE ( 'NONE', *, *, #962, .F. ) ;
#2412 = VERTEX_POINT ( 'NONE', #1891 ) ;
#2413 = LINE ( 'NONE', #576, #2252 ) ;
#2414 = EDGE_LOOP ( 'NONE', ( #1641, #1050, #1928, #2544 ) ) ;
#2415 = VECTOR ( 'NONE', #2188, 39.37007874015748143 ) ;
#2416 = AXIS2_PLACEMENT_3D ( 'NONE', #1428, #1274, #1233 ) ;
#2417 = CARTESIAN_POINT ( 'NONE',  ( 0.04400000000000001132, 0.4000000000000000222, 0.1539999999999999702 ) ) ;
#2418 = PLANE ( 'NONE',  #432 ) ;
#2419 = AXIS2_PLACEMENT_3D ( 'NONE', #1995, #1162, #1392 ) ;
#2420 = VECTOR ( 'NONE', #2178, 39.37007874015748143 ) ;
#2421 = PLANE ( 'NONE',  #1127 ) ;
#2422 = CARTESIAN_POINT ( 'NONE',  ( 0.05900000000000002465, 0.07721611941760850306, 0.07149994698265838000 ) ) ;
#2423 = DIRECTION ( 'NONE',  ( 0.9914448613738103822, 0.000000000000000000, -0.1305261922200519065 ) ) ;
#2424 = VECTOR ( 'NONE', #810, 39.37007874015748854 ) ;
#2425 = EDGE_CURVE ( 'NONE', #2534, #2627, #37, .T. ) ;
#2426 = DIRECTION ( 'NONE',  ( 0.9914448613738100491, 0.000000000000000000, 0.1305261922200539326 ) ) ;
#2427 = ORIENTED_EDGE ( 'NONE', *, *, #941, .T. ) ;
#2428 = VERTEX_POINT ( 'NONE', #1685 ) ;
#2429 = EDGE_CURVE ( 'NONE', #423, #1227, #2522, .T. ) ;
#2430 = CARTESIAN_POINT ( 'NONE',  ( -0.02900000000000000147, 0.4000000000000000222, 0.1539999999999999702 ) ) ;
#2431 = EDGE_CURVE ( 'NONE', #1740, #2459, #832, .T. ) ;
#2432 = ORIENTED_EDGE ( 'NONE', *, *, #1029, .T. ) ;
#2433 = DIRECTION ( 'NONE',  ( 0.000000000000000000, 1.000000000000000000, 0.000000000000000000 ) ) ;
#2434 = ORIENTED_EDGE ( 'NONE', *, *, #2431, .F. ) ;
#2435 = CARTESIAN_POINT ( 'NONE',  ( -0.05900000000000002465, 0.1499999999999999667, 0.03100000000000011427 ) ) ;
#2436 = EDGE_CURVE ( 'NONE', #836, #1227, #1065, .T. ) ;
#2437 = CARTESIAN_POINT ( 'NONE',  ( 0.05899999999415343754, 0.07568752492819424971, 0.06202161903426994111 ) ) ;
#2438 = FACE_OUTER_BOUND ( 'NONE', #1966, .T. ) ;
#2439 = CARTESIAN_POINT ( 'NONE',  ( 0.05900000000000003159, 0.09993994812757910073, 0.04368885948349653103 ) ) ;
#2440 = DIRECTION ( 'NONE',  ( -0.000000000000000000, 1.000000000000000000, -3.674646756046920141E-16 ) ) ;
#2441 = VERTEX_POINT ( 'NONE', #2249 ) ;
#2442 = ORIENTED_EDGE ( 'NONE', *, *, #1701, .T. ) ;
#2443 = DIRECTION ( 'NONE',  ( 0.000000000000000000, 0.000000000000000000, -1.000000000000000000 ) ) ;
#2444 = VERTEX_POINT ( 'NONE', #392 ) ;
#2445 = CARTESIAN_POINT ( 'NONE',  ( 0.05900000000000003159, -1.394380746766134289E-16, 0.08339339828220175554 ) ) ;
#2446 = DIRECTION ( 'NONE',  ( 0.000000000000000000, 0.000000000000000000, 1.000000000000000000 ) ) ;
#2447 = AXIS2_PLACEMENT_3D ( 'NONE', #1203, #333, #1601 ) ;
#2448 = AXIS2_PLACEMENT_3D ( 'NONE', #1337, #2169, #2279 ) ;
#2449 = DIRECTION ( 'NONE',  ( 0.000000000000000000, -1.000000000000000000, 3.674646756046920141E-16 ) ) ;
#2450 = CARTESIAN_POINT ( 'NONE',  ( -0.07499999999649208104, 0.07473863971574178089, 0.06202161903426994805 ) ) ;
#2451 = ORIENTED_EDGE ( 'NONE', *, *, #462, .T. ) ;
#2452 = CARTESIAN_POINT ( 'NONE',  ( 0.05625681407656313304, 0.07563587682803747658, 0.06870510998141997339 ) ) ;
#2453 = DIRECTION ( 'NONE',  ( -1.138269997360107604E-15, 0.000000000000000000, -1.000000000000000000 ) ) ;
#2454 = DIRECTION ( 'NONE',  ( -0.000000000000000000, -1.000000000000000000, -0.000000000000000000 ) ) ;
#2455 = CARTESIAN_POINT ( 'NONE',  ( 0.07499999999415345175, 0.1132613602842582334, 0.06202161903426994805 ) ) ;
#2456 = B_SPLINE_CURVE_WITH_KNOTS ( 'NONE', 3,
 ( #1910, #78, #883, #1705, #1064, #2538, #686, #1499, #2549, #2330, #699, #472, #2137, #1297, #2565, #2126, #1923, #710, #2356, #495, #270, #1101, #2508, #2523, #2422, #161, #2663, #2217, #1485, #595 ),
 .UNSPECIFIED., .F., .F.,
 ( 4, 1, 2, 2, 2, 1, 2, 2, 2, 1, 2, 2, 2, 1, 2, 2, 4 ),
 ( 0.000000000000000000, 0.06250000000000101308, 0.09375000000000142941, 0.1250000000000018596, 0.2500000000000038858, 0.3125000000000049405, 0.3437500000000051070, 0.3750000000000052736, 0.5000000000000056621, 0.5625000000000053291, 0.5937500000000047740, 0.6250000000000041078, 0.7500000000000027756, 0.8125000000000022204, 0.8437500000000016653, 0.8750000000000012212, 1.000000000000000000 ),
 .UNSPECIFIED. ) ;
#2457 = ORIENTED_EDGE ( 'NONE', *, *, #2062, .T. ) ;
#2458 = CARTESIAN_POINT ( 'NONE',  ( -0.04400000000000003214, 0.1499999999999999667, 0.03099999999999999978 ) ) ;
#2459 = VERTEX_POINT ( 'NONE', #1852 ) ;
#2460 = EDGE_CURVE ( 'NONE', #1393, #86, #2278, .T. ) ;
#2461 = CARTESIAN_POINT ( 'NONE',  ( -0.07500000000000003886, 0.2219999999999999751, 0.1849999999999999978 ) ) ;
#2462 = EDGE_CURVE ( 'NONE', #1653, #416, #915, .T. ) ;
#2463 = CARTESIAN_POINT ( 'NONE',  ( -0.05899999999649208765, 0.1132613602842582473, 0.06202161903426994805 ) ) ;
#2464 = AXIS2_PLACEMENT_3D ( 'NONE', #1894, #1836, #40 ) ;
#2465 = AXIS2_PLACEMENT_3D ( 'NONE', #2470, #2260, #643 ) ;
#2466 = EDGE_CURVE ( 'NONE', #208, #2168, #1907, .T. ) ;
#2467 = DIRECTION ( 'NONE',  ( 1.000000000000000000, 0.000000000000000000, 0.000000000000000000 ) ) ;
#2468 = CARTESIAN_POINT ( 'NONE',  ( 0.05899999999415343754, 0.07568752492819427746, 0.02539666889065849212 ) ) ;
#2469 = ORIENTED_EDGE ( 'NONE', *, *, #1862, .T. ) ;
#2470 = CARTESIAN_POINT ( 'NONE',  ( -0.04400000000000003214, 0.4000000000000000222, 0.03099999999999999978 ) ) ;
#2471 = CARTESIAN_POINT ( 'NONE',  ( 0.08801648403494218009, 0.3464000000000000412, 0.05367126227435346786 ) ) ;
#2472 = CARTESIAN_POINT ( 'NONE',  ( -0.01300000000000000461, 0.3070000000000000506, 0.1539999999999999702 ) ) ;
#2473 = CYLINDRICAL_SURFACE ( 'NONE', #980, 0.01599999999999999686 ) ;
#2474 = CARTESIAN_POINT ( 'NONE',  ( 0.07499999999415346563, 0.1132613602842582196, 0.1005443396027863728 ) ) ;
#2475 = VERTEX_POINT ( 'NONE', #600 ) ;
#2476 = ORIENTED_EDGE ( 'NONE', *, *, #672, .T. ) ;
#2477 = CIRCLE ( 'NONE', #751, 0.01499999999999999424 ) ;
#2478 = DIRECTION ( 'NONE',  ( 0.000000000000000000, 1.000000000000000000, 0.000000000000000000 ) ) ;
#2479 = VERTEX_POINT ( 'NONE', #2514 ) ;
#2480 = CARTESIAN_POINT ( 'NONE',  ( 0.01483676313024201443, 0.3826832320547343125, 0.1239999999999999575 ) ) ;
#2481 = CARTESIAN_POINT ( 'NONE',  ( -0.05900000000000003159, 0.07820533135739023145, 0.05085309306062182899 ) ) ;
#2482 = CARTESIAN_POINT ( 'NONE',  ( 0.05806666666082010986, 0.1106931789130237848, 0.02863526120822235468 ) ) ;
#2483 = ORIENTED_EDGE ( 'NONE', *, *, #939, .F. ) ;
#2484 = CARTESIAN_POINT ( 'NONE',  ( -0.01300000000000000461, 0.000000000000000000, 0.1539999999999999702 ) ) ;
#2485 = CARTESIAN_POINT ( 'NONE',  ( -0.02584492759431790757, 0.3977386107208348287, 0.1239999999999999852 ) ) ;
#2486 = CARTESIAN_POINT ( 'NONE',  ( -0.07500000000000003886, -2.205398119885212648E-17, 0.08339339828220181106 ) ) ;
#2487 = FACE_OUTER_BOUND ( 'NONE', #786, .T. ) ;
#2488 = DIRECTION ( 'NONE',  ( -0.000000000000000000, 0.000000000000000000, 1.000000000000000000 ) ) ;
#2489 = EDGE_CURVE ( 'NONE', #237, #1801, #1817, .T. ) ;
#2490 = ORIENTED_EDGE ( 'NONE', *, *, #1269, .F. ) ;
#2491 = VERTEX_POINT ( 'NONE', #1840 ) ;
#2492 = ORIENTED_EDGE ( 'NONE', *, *, #1377, .T. ) ;
#2493 =( BOUNDED_SURFACE ( )  B_SPLINE_SURFACE ( 3, 3, ( 
 ( #2138, #2539, #2566, #687 ),
 ( #1321, #283, #1948, #921 ),
 ( #1741, #1768, #569, #1989 ),
 ( #989, #1586, #740, #350 ) ),
 .UNSPECIFIED., .F., .F., .F. ) 
 B_SPLINE_SURFACE_WITH_KNOTS ( ( 4, 4 ),
 ( 4, 4 ),
 ( 0.000000000000000000, 1.000000000000000000 ),
 ( 0.000000000000000000, 1.000000000000000000 ),
 .UNSPECIFIED. ) 
 GEOMETRIC_REPRESENTATION_ITEM ( )  RATIONAL_B_SPLINE_SURFACE ( (
 ( 1.000000000000000000, 0.9594278070612417553, 0.9594278070612417553, 1.000000000000000000),
 ( 0.8408457174332989448, 0.8067307627538665704, 0.8067307627538665704, 0.8408457174332989448),
 ( 0.8408457174332989448, 0.8067307627538665704, 0.8067307627538665704, 0.8408457174332989448),
 ( 1.000000000000000000, 0.9594278070612417553, 0.9594278070612417553, 1.000000000000000000) ) ) 
 REPRESENTATION_ITEM ( '' )  SURFACE ( )  );
#2494 = LINE ( 'NONE', #399, #2527 ) ;
#2495 = DIRECTION ( 'NONE',  ( -0.1305261922200519065, 0.000000000000000000, -0.9914448613738103822 ) ) ;
#2496 = VERTEX_POINT ( 'NONE', #2486 ) ;
#2497 = AXIS2_PLACEMENT_3D ( 'NONE', #271, #258, #1525 ) ;
#2498 = CARTESIAN_POINT ( 'NONE',  ( 0.001294568306848420435, 0.4000000000000000222, 0.06508841907552083417 ) ) ;
#2499 = CIRCLE ( 'NONE', #2229, 0.07147023572034696959 ) ;
#2500 = CARTESIAN_POINT ( 'NONE',  ( 0.05900000000000003159, 0.09877634395930963429, 0.04335010594086945168 ) ) ;
#2501 = DIRECTION ( 'NONE',  ( 0.000000000000000000, 1.000000000000000000, 0.000000000000000000 ) ) ;
#2502 = CARTESIAN_POINT ( 'NONE',  ( -0.01299999999999999593, 0.4000000000000000222, 0.1539999999999998870 ) ) ;
#2503 = DIRECTION ( 'NONE',  ( 0.1305261922200539604, 0.000000000000000000, 0.9914448613738101601 ) ) ;
#2504 = ORIENTED_EDGE ( 'NONE', *, *, #1189, .F. ) ;
#2505 = ORIENTED_EDGE ( 'NONE', *, *, #1316, .T. ) ;
#2506 = ORIENTED_EDGE ( 'NONE', *, *, #2429, .F. ) ;
#2507 = CARTESIAN_POINT ( 'NONE',  ( 0.07499999999649208104, 0.07473863971574178089, 0.06202161903426994805 ) ) ;
#2508 = CARTESIAN_POINT ( 'NONE',  ( 0.05900000000000005934, 0.07944376921505952316, 0.07470712419660642534 ) ) ;
#2509 = DIRECTION ( 'NONE',  ( 1.000000000000000000, -0.000000000000000000, 1.388134143122087506E-16 ) ) ;
#2510 = ORIENTED_EDGE ( 'NONE', *, *, #1462, .F. ) ;
#2511 = LINE ( 'NONE', #2276, #2336 ) ;
#2512 = VECTOR ( 'NONE', #418, 39.37007874015748143 ) ;
#2513 = CARTESIAN_POINT ( 'NONE',  ( -0.05983008600275858957, 0.08483817729327490509, 0.07888097325551589323 ) ) ;
#2514 = CARTESIAN_POINT ( 'NONE',  ( 0.05899999999649208765, 0.1132613602842582473, 0.06202161903426994805 ) ) ;
#2515 = AXIS2_PLACEMENT_3D ( 'NONE', #812, #2305, #2495 ) ;
#2516 = CARTESIAN_POINT ( 'NONE',  ( -0.05625681407656316774, 0.1123641231719625933, 0.06870510998141998726 ) ) ;
#2517 = CARTESIAN_POINT ( 'NONE',  ( -0.05499999999415345481, 0.1132613602842582334, 0.06202161903426994805 ) ) ;
#2518 = ORIENTED_EDGE ( 'NONE', *, *, #279, .T. ) ;
#2519 = CIRCLE ( 'NONE', #1334, 0.03099999999999999631 ) ;
#2520 = EDGE_CURVE ( 'NONE', #264, #722, #1276, .T. ) ;
#2521 = AXIS2_PLACEMENT_3D ( 'NONE', #1004, #1820, #567 ) ;
#2522 = LINE ( 'NONE', #1897, #390 ) ;
#2523 = CARTESIAN_POINT ( 'NONE',  ( 0.05900000000000003852, 0.07820533135738927388, 0.07319014500791712341 ) ) ;
#2524 = ADVANCED_FACE ( 'NONE', ( #2047 ), #1430, .F. ) ;
#2525 = DIRECTION ( 'NONE',  ( 0.9914448613738101601, 0.000000000000000000, 0.1305261922200539881 ) ) ;
#2526 = ORIENTED_EDGE ( 'NONE', *, *, #1979, .T. ) ;
#2527 = VECTOR ( 'NONE', #2660, 39.37007874015748143 ) ;
#2528 = DIRECTION ( 'NONE',  ( 0.1305261922200536273, -0.000000000000000000, -0.9914448613738101601 ) ) ;
#2529 = EDGE_CURVE ( 'NONE', #574, #610, #1633, .T. ) ;
#2530 = CARTESIAN_POINT ( 'NONE',  ( -0.07499999999415346563, 0.07948306577800422212, 0.09105548747826153200 ) ) ;
#2531 = CARTESIAN_POINT ( 'NONE',  ( -0.04953937537483231457, 0.09400000000000001410, 0.06870510998141998726 ) ) ;
#2532 = DIRECTION ( 'NONE',  ( -0.000000000000000000, -1.000000000000000000, -0.000000000000000000 ) ) ;
#2533 = CYLINDRICAL_SURFACE ( 'NONE', #35, 0.03099999999999999631 ) ;
#2534 = VERTEX_POINT ( 'NONE', #31 ) ;
#2535 = CARTESIAN_POINT ( 'NONE',  ( -0.05900000000000005934, 0.1116835919832840501, 0.06967920987559858559 ) ) ;
#2536 = CARTESIAN_POINT ( 'NONE',  ( 0.07499999999415345175, 0.07473863971574178089, 0.06202161903426994805 ) ) ;
#2537 = ORIENTED_EDGE ( 'NONE', *, *, #1920, .F. ) ;
#2538 = CARTESIAN_POINT ( 'NONE',  ( 0.05900000000000003159, 0.1121517946484582307, 0.06849640948077859171 ) ) ;
#2539 = CARTESIAN_POINT ( 'NONE',  ( 0.05983008600275856181, 0.1031618227067251370, 0.07888097325551589323 ) ) ;
#2540 = DIRECTION ( 'NONE',  ( 0.000000000000000000, 0.000000000000000000, 1.000000000000000000 ) ) ;
#2541 = DIRECTION ( 'NONE',  ( 1.000000000000000000, -0.000000000000000000, 1.388134143122087506E-16 ) ) ;
#2542 = FACE_OUTER_BOUND ( 'NONE', #329, .T. ) ;
#2543 = ORIENTED_EDGE ( 'NONE', *, *, #884, .T. ) ;
#2544 = ORIENTED_EDGE ( 'NONE', *, *, #2223, .F. ) ;
#2545 = CARTESIAN_POINT ( 'NONE',  ( -0.05899999999649208765, 0.1132613602842582473, 0.06202161903426994805 ) ) ;
#2546 = EDGE_CURVE ( 'NONE', #1330, #2063, #245, .T. ) ;
#2547 = CARTESIAN_POINT ( 'NONE',  ( 0.07337946998506215956, 0.1040578467424872894, 0.04190592554929536279 ) ) ;
#2548 = ORIENTED_EDGE ( 'NONE', *, *, #2466, .F. ) ;
#2549 = CARTESIAN_POINT ( 'NONE',  ( 0.05900000000000003852, 0.1066855051623395723, 0.07657784981920844058 ) ) ;
#2550 = ADVANCED_FACE ( 'NONE', ( #1079 ), #217, .T. ) ;
#2551 = DIRECTION ( 'NONE',  ( -1.000000000000000000, -0.000000000000000000, 1.388134143122087506E-16 ) ) ;
#2552 = DIRECTION ( 'NONE',  ( -0.1305261922200536273, 0.000000000000000000, 0.9914448613738101601 ) ) ;
#2553 = CARTESIAN_POINT ( 'NONE',  ( -0.07033333332748679945, 0.08757954657191392711, 0.06202161903426994111 ) ) ;
#2554 = ADVANCED_FACE ( 'NONE', ( #3 ), #1461, .F. ) ;
#2555 = CARTESIAN_POINT ( 'NONE',  ( -0.05499999999415345481, 0.07473863971574178089, 0.06202161903426996192 ) ) ;
#2556 = VECTOR ( 'NONE', #2070, 39.37007874015748143 ) ;
#2557 = VECTOR ( 'NONE', #2618, 39.37007874015748143 ) ;
#2558 = ORIENTED_EDGE ( 'NONE', *, *, #1353, .F. ) ;
#2559 = ORIENTED_EDGE ( 'NONE', *, *, #1410, .F. ) ;
#2560 = VECTOR ( 'NONE', #670, 39.37007874015748143 ) ;
#2561 = EDGE_CURVE ( 'NONE', #2441, #1178, #932, .T. ) ;
#2562 = CARTESIAN_POINT ( 'NONE',  ( -0.05900000000000003852, 0.08283147402635199219, 0.07781628767687931436 ) ) ;
#2563 = CARTESIAN_POINT ( 'NONE',  ( 0.07499999999415346563, 0.07948306577800420825, 0.03298775059027835022 ) ) ;
#2564 = ORIENTED_EDGE ( 'NONE', *, *, #61, .F. ) ;
#2565 = CARTESIAN_POINT ( 'NONE',  ( 0.05900000000000002465, 0.09643558814652003486, 0.08128033797742524602 ) ) ;
#2566 = CARTESIAN_POINT ( 'NONE',  ( 0.05820701701425482627, 0.09872467930357124721, 0.07888097325551589323 ) ) ;
#2567 = CARTESIAN_POINT ( 'NONE',  ( 0.01299999999999999246, 0.4000000000000000222, 0.1539999999999999147 ) ) ;
#2568 = CARTESIAN_POINT ( 'NONE',  ( 0.04400000000000001132, 0.4000000000000000222, 0.1539999999999999702 ) ) ;
#2569 = CARTESIAN_POINT ( 'NONE',  ( -0.04399999999999992112, 0.4000000000000000222, 0.01600000000000000380 ) ) ;
#2570 = ORIENTED_EDGE ( 'NONE', *, *, #884, .F. ) ;
#2571 = EDGE_CURVE ( 'NONE', #2208, #1872, #1317, .T. ) ;
#2572 = ORIENTED_EDGE ( 'NONE', *, *, #766, .F. ) ;
#2573 = VECTOR ( 'NONE', #1913, 39.37007874015748143 ) ;
#2574 = CARTESIAN_POINT ( 'NONE',  ( 0.06705360590979919655, 0.09138704359865275351, 0.05945104559305840891 ) ) ;
#2575 = CARTESIAN_POINT ( 'NONE',  ( -0.001294568306848271032, 0.3464000000000000412, 0.06508841907552086192 ) ) ;
#2576 = ORIENTED_EDGE ( 'NONE', *, *, #197, .T. ) ;
#2577 = CARTESIAN_POINT ( 'NONE',  ( -0.04400000000000001132, 0.4000000000000000222, 0.1539999999999999702 ) ) ;
#2578 = CARTESIAN_POINT ( 'NONE',  ( -0.01715768608882924443, 0.4000000000000000222, 0.06300000000000000044 ) ) ;
#2579 = CARTESIAN_POINT ( 'NONE',  ( -0.06705360590979919655, 0.09661295640134727469, 0.06459219247548150800 ) ) ;
#2580 = DIRECTION ( 'NONE',  ( -0.1305261922200519065, 0.000000000000000000, -0.9914448613738103822 ) ) ;
#2581 = VERTEX_POINT ( 'NONE', #2331 ) ;
#2582 = FACE_OUTER_BOUND ( 'NONE', #12, .T. ) ;
#2583 = ADVANCED_FACE ( 'NONE', ( #1091 ), #357, .F. ) ;
#2584 = VERTEX_POINT ( 'NONE', #463 ) ;
#2585 = VECTOR ( 'NONE', #1742, 39.37007874015748143 ) ;
#2586 = ADVANCED_FACE ( 'NONE', ( #1924 ), #1514, .T. ) ;
#2587 = APPLICATION_CONTEXT ( 'automotive_design' ) ;
#2588 = ORIENTED_EDGE ( 'NONE', *, *, #1918, .T. ) ;
#2589 = CARTESIAN_POINT ( 'NONE',  ( -0.05900000000000003852, 0.09156441185347356793, 0.08128033797742725830 ) ) ;
#2590 = VECTOR ( 'NONE', #1760, 39.37007874015748143 ) ;
#2591 = CARTESIAN_POINT ( 'NONE',  ( 0.1000000000000000056, 0.1900000000000000300, 0.1300000000000000044 ) ) ;
#2592 = DIRECTION ( 'NONE',  ( -0.000000000000000000, -1.000000000000000000, -0.000000000000000000 ) ) ;
#2593 = DIRECTION ( 'NONE',  ( 0.000000000000000000, 0.7071067811865472397, -0.7071067811865476838 ) ) ;
#2594 = DIRECTION ( 'NONE',  ( 0.000000000000000000, 1.000000000000000000, -6.829619984160659032E-16 ) ) ;
#2595 = CARTESIAN_POINT ( 'NONE',  ( -0.07500000000000003886, 0.1900000000000000300, 0.1300000000000000044 ) ) ;
#2596 = CARTESIAN_POINT ( 'NONE',  ( -0.07038731423265398579, 0.09581718434752739544, 0.05553725202609841038 ) ) ;
#2597 = ORIENTED_EDGE ( 'NONE', *, *, #673, .T. ) ;
#2598 = VECTOR ( 'NONE', #1628, 39.37007874015748143 ) ;
#2599 = ORIENTED_EDGE ( 'NONE', *, *, #1269, .T. ) ;
#2600 = ADVANCED_FACE ( 'NONE', ( #1116 ), #2206, .T. ) ;
#2601 = DIRECTION ( 'NONE',  ( -1.000000000000000000, 0.000000000000000000, 0.000000000000000000 ) ) ;
#2602 = DIRECTION ( 'NONE',  ( 0.000000000000000000, 0.000000000000000000, 1.000000000000000000 ) ) ;
#2603 = CARTESIAN_POINT ( 'NONE',  ( -0.04399999999999981010, 0.4000000000000000222, 0.000000000000000000 ) ) ;
#2604 = EDGE_CURVE ( 'NONE', #2155, #416, #1128, .T. ) ;
#2605 = LINE ( 'NONE', #1549, #1155 ) ;
#2606 = VECTOR ( 'NONE', #2686, 39.37007874015748143 ) ;
#2607 = CARTESIAN_POINT ( 'NONE',  ( 0.05899999999415346530, 0.1123124750718057646, 0.09864656917788140744 ) ) ;
#2608 = DIRECTION ( 'NONE',  ( 0.000000000000000000, 1.000000000000000000, 0.000000000000000000 ) ) ;
#2609 = CARTESIAN_POINT ( 'NONE',  ( 0.01299999999999999593, 0.3740192378864669043, 0.1539999999999999702 ) ) ;
#2610 = ADVANCED_FACE ( 'NONE', ( #1706 ), #2493, .T. ) ;
#2611 = CARTESIAN_POINT ( 'NONE',  ( 0.07499999999649208104, 0.1132613602842582473, 0.06202161903426994805 ) ) ;
#2612 = ORIENTED_EDGE ( 'NONE', *, *, #1716, .F. ) ;
#2613 = ORIENTED_EDGE ( 'NONE', *, *, #502, .F. ) ;
#2614 = LINE ( 'NONE', #2430, #2385 ) ;
#2615 = VECTOR ( 'NONE', #1301, 39.37007874015748143 ) ;
#2616 = ORIENTED_EDGE ( 'NONE', *, *, #2350, .T. ) ;
#2617 = CARTESIAN_POINT ( 'NONE',  ( -0.05806666666082013761, 0.1106931789130238264, 0.06202161903426994805 ) ) ;
#2618 = DIRECTION ( 'NONE',  ( -1.000000000000000000, -0.000000000000000000, -0.000000000000000000 ) ) ;
#2619 = DIRECTION ( 'NONE',  ( -0.000000000000000000, 0.7071067811865476838, 0.7071067811865472397 ) ) ;
#2620 = CARTESIAN_POINT ( 'NONE',  ( 0.05899999999415343754, 0.1123124750718057230, 0.06202161903426994111 ) ) ;
#2621 = DIRECTION ( 'NONE',  ( 0.000000000000000000, 1.000000000000000000, 0.000000000000000000 ) ) ;
#2622 =( NAMED_UNIT ( * ) SI_UNIT ( $, .STERADIAN. ) SOLID_ANGLE_UNIT ( ) );
#2623 = ORIENTED_EDGE ( 'NONE', *, *, #939, .T. ) ;
#2624 = ORIENTED_EDGE ( 'NONE', *, *, #314, .T. ) ;
#2625 = AXIS2_PLACEMENT_3D ( 'NONE', #2577, #1141, #2369 ) ;
#2626 = DIRECTION ( 'NONE',  ( 0.000000000000000000, 1.000000000000000000, 0.000000000000000000 ) ) ;
#2627 = VERTEX_POINT ( 'NONE', #1807 ) ;
#2628 = FACE_OUTER_BOUND ( 'NONE', #2209, .T. ) ;
#2629 = FACE_OUTER_BOUND ( 'NONE', #520, .T. ) ;
#2630 = EDGE_CURVE ( 'NONE', #2627, #126, #975, .T. ) ;
#2631 = DIRECTION ( 'NONE',  ( -0.000000000000000000, 3.674646756046920141E-16, 1.000000000000000000 ) ) ;
#2632 = CARTESIAN_POINT ( 'NONE',  ( -0.07500000000000003886, 0.1499999999999999944, 0.09399999999999998634 ) ) ;
#2633 = EDGE_CURVE ( 'NONE', #610, #1530, #131, .T. ) ;
#2634 = CARTESIAN_POINT ( 'NONE',  ( 0.01299999999999999246, 0.4000000000000000222, 0.1539999999999999702 ) ) ;
#2635 = EDGE_CURVE ( 'NONE', #1296, #1380, #553, .T. ) ;
#2636 = CARTESIAN_POINT ( 'NONE',  ( -0.07101157153592467519, 0.09752377796412506350, 0.05553725202609841038 ) ) ;
#2637 = ORIENTED_EDGE ( 'NONE', *, *, #2344, .F. ) ;
#2638 = ORIENTED_EDGE ( 'NONE', *, *, #848, .T. ) ;
#2639 = CARTESIAN_POINT ( 'NONE',  ( 0.07500000000000003886, 0.2059999999999999887, 0.08000000000000000167 ) ) ;
#2640 = AXIS2_PLACEMENT_3D ( 'NONE', #1477, #2308, #257 ) ;
#2642 = ORIENTED_EDGE ( 'NONE', *, *, #2196, .T. ) ;
#2641 = EDGE_CURVE ( 'NONE', #1151, #1624, #764, .T. ) ;
#2643 = VECTOR ( 'NONE', #1614, 39.37007874015748143 ) ;
#2644 = CARTESIAN_POINT ( 'NONE',  ( 0.08801648403494218009, 0.3464000000000000412, 0.05367126227435346786 ) ) ;
#2645 = DIRECTION ( 'NONE',  ( 0.000000000000000000, 0.000000000000000000, 1.000000000000000000 ) ) ;
#2646 = VECTOR ( 'NONE', #127, 39.37007874015748143 ) ;
#2647 = VECTOR ( 'NONE', #337, 39.37007874015748143 ) ;
#2648 = CARTESIAN_POINT ( 'NONE',  ( -0.05900000000000003852, 0.4000000000000000222, 0.1300000000000000044 ) ) ;
#2649 = CARTESIAN_POINT ( 'NONE',  ( 0.05867589399233518604, 0.1114206575759040252, 0.06202161903426994111 ) ) ;
#2650 = CARTESIAN_POINT ( 'NONE',  ( 0.07500000000000003886, 0.4000000000000000222, 0.1539999999999999702 ) ) ;
#2651 = CARTESIAN_POINT ( 'NONE',  ( 0.05900000000000004546, 0.1113879716716027618, 0.05370858284417793366 ) ) ;
#2652 = VECTOR ( 'NONE', #839, 39.37007874015748143 ) ;
#2653 = PRODUCT_DEFINITION ( 'UNKNOWN', '', #1070, #330 ) ;
#2654 = CARTESIAN_POINT ( 'NONE',  ( 0.07033333332748679945, 0.1004204534280861011, 0.06202161903426994805 ) ) ;
#2655 = ORIENTED_EDGE ( 'NONE', *, *, #502, .T. ) ;
#2656 = ORIENTED_EDGE ( 'NONE', *, *, #1544, .T. ) ;
#2657 = CARTESIAN_POINT ( 'NONE',  ( 0.07499999999415345175, 0.07473863971574179477, 0.02349889846575351979 ) ) ;
#2658 = VECTOR ( 'NONE', #1546, 39.37007874015748143 ) ;
#2659 = ORIENTED_EDGE ( 'NONE', *, *, #2395, .T. ) ;
#2660 = DIRECTION ( 'NONE',  ( 0.1305261922200519065, -0.000000000000000000, 0.9914448613738103822 ) ) ;
#2661 = CARTESIAN_POINT ( 'NONE',  ( -0.05900000000000003159, 0.1121517946484570094, 0.05554682858776003457 ) ) ;
#2662 = LINE ( 'NONE', #1785, #2158 ) ;
#2663 = CARTESIAN_POINT ( 'NONE',  ( 0.05900000000000003852, 0.07631640801671592256, 0.06967920987559775292 ) ) ;
#2664 = PRODUCT_DEFINITION_SHAPE ( 'NONE', 'NONE',  #2653 ) ;
#2665 = CARTESIAN_POINT ( 'NONE',  ( 0.05900000000000001771, 0.07566839603595866548, 0.05607874293097214746 ) ) ;
#2666 = CARTESIAN_POINT ( 'NONE',  ( 0.07499999999415346563, 0.1085169342219958061, 0.09105548747826153200 ) ) ;
#2667 = EDGE_CURVE ( 'NONE', #1819, #970, #2215, .T. ) ;
#2668 = EDGE_LOOP ( 'NONE', ( #1382, #1909, #1442 ) ) ;
#2669 = ADVANCED_FACE ( 'NONE', ( #2001 ), #965, .T. ) ;
#2670 = LINE ( 'NONE', #192, #1690 ) ;
#2671 = ADVANCED_FACE ( 'NONE', ( #1795 ), #1168, .F. ) ;
#2672 = EDGE_CURVE ( 'NONE', #566, #850, #2605, .T. ) ;
#2673 = ORIENTED_EDGE ( 'NONE', *, *, #1544, .F. ) ;
#2674 = CARTESIAN_POINT ( 'NONE',  ( -0.01715768608882922014, 0.2219999999999999751, 0.06300000000000000044 ) ) ;
#2675 = CARTESIAN_POINT ( 'NONE',  ( 0.1000000000000000056, 0.1900000000000000300, 0.1300000000000000044 ) ) ;
#2676 = MECHANICAL_DESIGN_GEOMETRIC_PRESENTATION_REPRESENTATION (  '', ( #1618 ), #1399 ) ;
#2677 =( CONVERSION_BASED_UNIT ( 'INCH', #1676 ) LENGTH_UNIT ( ) NAMED_UNIT ( #1345 ) );
#2678 = CARTESIAN_POINT ( 'NONE',  ( 0.07500000000000002498, 0.4000000000000000222, 0.03100000000000021141 ) ) ;
#2679 = ORIENTED_EDGE ( 'NONE', *, *, #279, .F. ) ;
#2680 = CARTESIAN_POINT ( 'NONE',  ( 0.05499999999415345481, 0.07473863971574178089, 0.06202161903426994805 ) ) ;
#2681 = CARTESIAN_POINT ( 'NONE',  ( 0.05899999999649208765, 0.1132613602842582473, 0.06202161903426994805 ) ) ;
#2682 = CARTESIAN_POINT ( 'NONE',  ( -0.04400000000000001132, 0.2219999999999999751, 0.1539999999999999702 ) ) ;
#2683 = LINE ( 'NONE', #2076, #498 ) ;
#2684 = CARTESIAN_POINT ( 'NONE',  ( -0.04400000000000003214, 0.4000000000000000222, 0.03099999999999999978 ) ) ;
#2685 = ORIENTED_EDGE ( 'NONE', *, *, #598, .T. ) ;
#2686 = DIRECTION ( 'NONE',  ( 0.000000000000000000, 1.000000000000000000, 0.000000000000000000 ) ) ;
#2687 = EDGE_CURVE ( 'NONE', #1121, #1876, #160, .T. ) ;
#2688 = ORIENTED_EDGE ( 'NONE', *, *, #1163, .F. ) ;
#2689 = DIRECTION ( 'NONE',  ( 1.000000000000000000, 0.000000000000000000, 0.000000000000000000 ) ) ;
#2690 = CARTESIAN_POINT ( 'NONE',  ( -0.05900000000000003159, 0.07631640801671592256, 0.05436402819294253175 ) ) ;
#2691 = VECTOR ( 'NONE', #1727, 39.37007874015748143 ) ;
#2692 = AXIS2_PLACEMENT_3D ( 'NONE', #1647, #1019, #2099 ) ;
#2693 = EDGE_CURVE ( 'NONE', #819, #2376, #979, .T. ) ;
#2694 = LINE ( 'NONE', #1074, #2556 ) ;
#2695 = VERTEX_POINT ( 'NONE', #2435 ) ;
ENDSEC;
END-ISO-10303-21;
