ISO-10303-21;
HEADER;
FILE_DESCRIPTION((''),'2;1');
FILE_NAME('FKX006_AM2_ASM','2021-09-21T15:37:07',('USDOSCH23'),(''),
'CREO PARAMETRIC BY PTC INC, 2020414','CREO PARAMETRIC BY PTC INC, 2020414','');
FILE_SCHEMA(('CONFIG_CONTROL_DESIGN'));
ENDSEC;
DATA;
#1=DIRECTION('',(0.E0,-1.E0,0.E0));
#2=VECTOR('',#1,3.54E-1);
#3=CARTESIAN_POINT('',(0.E0,3.54E-1,0.E0));
#4=LINE('',#3,#2);
#5=DIRECTION('',(1.E0,0.E0,0.E0));
#6=VECTOR('',#5,2.66E-1);
#7=CARTESIAN_POINT('',(0.E0,0.E0,0.E0));
#8=LINE('',#7,#6);
#9=DIRECTION('',(0.E0,1.E0,0.E0));
#10=VECTOR('',#9,3.54E-1);
#11=CARTESIAN_POINT('',(2.66E-1,0.E0,0.E0));
#12=LINE('',#11,#10);
#13=DIRECTION('',(-1.E0,0.E0,0.E0));
#14=VECTOR('',#13,2.66E-1);
#15=CARTESIAN_POINT('',(2.66E-1,3.54E-1,0.E0));
#16=LINE('',#15,#14);
#17=CARTESIAN_POINT('',(2.28E-1,3.06E-1,0.E0));
#18=DIRECTION('',(0.E0,0.E0,-1.E0));
#19=DIRECTION('',(-1.E0,0.E0,0.E0));
#20=AXIS2_PLACEMENT_3D('',#17,#18,#19);
#22=CARTESIAN_POINT('',(2.28E-1,3.06E-1,0.E0));
#23=DIRECTION('',(0.E0,0.E0,-1.E0));
#24=DIRECTION('',(1.E0,0.E0,0.E0));
#25=AXIS2_PLACEMENT_3D('',#22,#23,#24);
#27=CARTESIAN_POINT('',(1.65E-1,3.06E-1,0.E0));
#28=DIRECTION('',(0.E0,0.E0,-1.E0));
#29=DIRECTION('',(-1.E0,0.E0,0.E0));
#30=AXIS2_PLACEMENT_3D('',#27,#28,#29);
#32=CARTESIAN_POINT('',(1.65E-1,3.06E-1,0.E0));
#33=DIRECTION('',(0.E0,0.E0,-1.E0));
#34=DIRECTION('',(1.E0,0.E0,0.E0));
#35=AXIS2_PLACEMENT_3D('',#32,#33,#34);
#37=CARTESIAN_POINT('',(1.02E-1,3.06E-1,0.E0));
#38=DIRECTION('',(0.E0,0.E0,-1.E0));
#39=DIRECTION('',(-1.E0,0.E0,0.E0));
#40=AXIS2_PLACEMENT_3D('',#37,#38,#39);
#42=CARTESIAN_POINT('',(1.02E-1,3.06E-1,0.E0));
#43=DIRECTION('',(0.E0,0.E0,-1.E0));
#44=DIRECTION('',(1.E0,0.E0,0.E0));
#45=AXIS2_PLACEMENT_3D('',#42,#43,#44);
#47=CARTESIAN_POINT('',(2.28E-1,4.9E-2,0.E0));
#48=DIRECTION('',(0.E0,0.E0,-1.E0));
#49=DIRECTION('',(-1.E0,0.E0,0.E0));
#50=AXIS2_PLACEMENT_3D('',#47,#48,#49);
#52=CARTESIAN_POINT('',(2.28E-1,4.9E-2,0.E0));
#53=DIRECTION('',(0.E0,0.E0,-1.E0));
#54=DIRECTION('',(1.E0,0.E0,0.E0));
#55=AXIS2_PLACEMENT_3D('',#52,#53,#54);
#57=CARTESIAN_POINT('',(1.65E-1,4.9E-2,0.E0));
#58=DIRECTION('',(0.E0,0.E0,-1.E0));
#59=DIRECTION('',(-1.E0,0.E0,0.E0));
#60=AXIS2_PLACEMENT_3D('',#57,#58,#59);
#62=CARTESIAN_POINT('',(1.65E-1,4.9E-2,0.E0));
#63=DIRECTION('',(0.E0,0.E0,-1.E0));
#64=DIRECTION('',(1.E0,0.E0,0.E0));
#65=AXIS2_PLACEMENT_3D('',#62,#63,#64);
#67=CARTESIAN_POINT('',(1.02E-1,4.9E-2,0.E0));
#68=DIRECTION('',(0.E0,0.E0,-1.E0));
#69=DIRECTION('',(-1.E0,0.E0,0.E0));
#70=AXIS2_PLACEMENT_3D('',#67,#68,#69);
#72=CARTESIAN_POINT('',(1.02E-1,4.9E-2,0.E0));
#73=DIRECTION('',(0.E0,0.E0,-1.E0));
#74=DIRECTION('',(1.E0,0.E0,0.E0));
#75=AXIS2_PLACEMENT_3D('',#72,#73,#74);
#77=CARTESIAN_POINT('',(3.9E-2,4.9E-2,0.E0));
#78=DIRECTION('',(0.E0,0.E0,-1.E0));
#79=DIRECTION('',(-1.E0,0.E0,0.E0));
#80=AXIS2_PLACEMENT_3D('',#77,#78,#79);
#82=CARTESIAN_POINT('',(3.9E-2,4.9E-2,0.E0));
#83=DIRECTION('',(0.E0,0.E0,-1.E0));
#84=DIRECTION('',(1.E0,0.E0,0.E0));
#85=AXIS2_PLACEMENT_3D('',#82,#83,#84);
#87=DIRECTION('',(0.E0,0.E0,1.E0));
#88=VECTOR('',#87,3.864E-2);
#89=CARTESIAN_POINT('',(0.E0,3.54E-1,0.E0));
#90=LINE('',#89,#88);
#91=DIRECTION('',(0.E0,0.E0,1.E0));
#92=VECTOR('',#91,3.864E-2);
#93=CARTESIAN_POINT('',(2.66E-1,3.54E-1,0.E0));
#94=LINE('',#93,#92);
#95=DIRECTION('',(0.E0,0.E0,1.E0));
#96=VECTOR('',#95,3.864E-2);
#97=CARTESIAN_POINT('',(2.66E-1,0.E0,0.E0));
#98=LINE('',#97,#96);
#99=DIRECTION('',(0.E0,0.E0,1.E0));
#100=VECTOR('',#99,3.864E-2);
#101=CARTESIAN_POINT('',(0.E0,0.E0,0.E0));
#102=LINE('',#101,#100);
#103=DIRECTION('',(0.E0,-1.E0,0.E0));
#104=VECTOR('',#103,3.54E-1);
#105=CARTESIAN_POINT('',(0.E0,3.54E-1,3.864E-2));
#106=LINE('',#105,#104);
#107=DIRECTION('',(-1.E0,0.E0,0.E0));
#108=VECTOR('',#107,2.66E-1);
#109=CARTESIAN_POINT('',(2.66E-1,3.54E-1,3.864E-2));
#110=LINE('',#109,#108);
#111=DIRECTION('',(0.E0,1.E0,0.E0));
#112=VECTOR('',#111,3.54E-1);
#113=CARTESIAN_POINT('',(2.66E-1,0.E0,3.864E-2));
#114=LINE('',#113,#112);
#115=DIRECTION('',(1.E0,0.E0,0.E0));
#116=VECTOR('',#115,2.66E-1);
#117=CARTESIAN_POINT('',(0.E0,0.E0,3.864E-2));
#118=LINE('',#117,#116);
#119=CARTESIAN_POINT('',(2.8E-2,1.075E-1,3.864E-2));
#120=DIRECTION('',(0.E0,0.E0,1.E0));
#121=DIRECTION('',(-1.E0,0.E0,0.E0));
#122=AXIS2_PLACEMENT_3D('',#119,#120,#121);
#124=DIRECTION('',(0.E0,1.E0,0.E0));
#125=VECTOR('',#124,1.09E-1);
#126=CARTESIAN_POINT('',(4.15E-2,1.075E-1,3.864E-2));
#127=LINE('',#126,#125);
#128=CARTESIAN_POINT('',(2.8E-2,2.165E-1,3.864E-2));
#129=DIRECTION('',(0.E0,0.E0,1.E0));
#130=DIRECTION('',(1.E0,0.E0,0.E0));
#131=AXIS2_PLACEMENT_3D('',#128,#129,#130);
#133=DIRECTION('',(0.E0,-1.E0,0.E0));
#134=VECTOR('',#133,1.09E-1);
#135=CARTESIAN_POINT('',(1.45E-2,2.165E-1,3.864E-2));
#136=LINE('',#135,#134);
#137=DIRECTION('',(0.E0,1.E0,0.E0));
#138=VECTOR('',#137,1.09E-1);
#139=CARTESIAN_POINT('',(2.515E-1,1.075E-1,3.864E-2));
#140=LINE('',#139,#138);
#141=CARTESIAN_POINT('',(2.38E-1,2.165E-1,3.864E-2));
#142=DIRECTION('',(0.E0,0.E0,1.E0));
#143=DIRECTION('',(1.E0,0.E0,0.E0));
#144=AXIS2_PLACEMENT_3D('',#141,#142,#143);
#146=DIRECTION('',(0.E0,-1.E0,0.E0));
#147=VECTOR('',#146,1.09E-1);
#148=CARTESIAN_POINT('',(2.245E-1,2.165E-1,3.864E-2));
#149=LINE('',#148,#147);
#150=CARTESIAN_POINT('',(2.38E-1,1.075E-1,3.864E-2));
#151=DIRECTION('',(0.E0,0.E0,1.E0));
#152=DIRECTION('',(-1.E0,0.E0,0.E0));
#153=AXIS2_PLACEMENT_3D('',#150,#151,#152);
#155=CARTESIAN_POINT('',(2.4E-1,3.6E-2,3.864E-2));
#156=DIRECTION('',(0.E0,0.E0,1.E0));
#157=DIRECTION('',(1.E0,0.E0,0.E0));
#158=AXIS2_PLACEMENT_3D('',#155,#156,#157);
#160=CARTESIAN_POINT('',(2.4E-1,3.6E-2,3.864E-2));
#161=DIRECTION('',(0.E0,0.E0,1.E0));
#162=DIRECTION('',(-1.E0,0.E0,0.E0));
#163=AXIS2_PLACEMENT_3D('',#160,#161,#162);
#165=CARTESIAN_POINT('',(3.E-2,3.6E-2,3.864E-2));
#166=DIRECTION('',(0.E0,0.E0,1.E0));
#167=DIRECTION('',(1.E0,0.E0,0.E0));
#168=AXIS2_PLACEMENT_3D('',#165,#166,#167);
#170=CARTESIAN_POINT('',(3.E-2,3.6E-2,3.864E-2));
#171=DIRECTION('',(0.E0,0.E0,1.E0));
#172=DIRECTION('',(-1.E0,0.E0,0.E0));
#173=AXIS2_PLACEMENT_3D('',#170,#171,#172);
#175=CARTESIAN_POINT('',(2.4E-1,3.2E-1,3.864E-2));
#176=DIRECTION('',(0.E0,0.E0,1.E0));
#177=DIRECTION('',(1.E0,0.E0,0.E0));
#178=AXIS2_PLACEMENT_3D('',#175,#176,#177);
#180=CARTESIAN_POINT('',(2.4E-1,3.2E-1,3.864E-2));
#181=DIRECTION('',(0.E0,0.E0,1.E0));
#182=DIRECTION('',(-1.E0,0.E0,0.E0));
#183=AXIS2_PLACEMENT_3D('',#180,#181,#182);
#185=DIRECTION('',(0.E0,0.E0,-1.E0));
#186=VECTOR('',#185,1.E-2);
#187=CARTESIAN_POINT('',(1.45E-2,1.075E-1,3.864E-2));
#188=LINE('',#187,#186);
#189=DIRECTION('',(0.E0,0.E0,-1.E0));
#190=VECTOR('',#189,1.E-2);
#191=CARTESIAN_POINT('',(1.45E-2,2.165E-1,3.864E-2));
#192=LINE('',#191,#190);
#193=DIRECTION('',(0.E0,0.E0,-1.E0));
#194=VECTOR('',#193,1.E-2);
#195=CARTESIAN_POINT('',(4.15E-2,2.165E-1,3.864E-2));
#196=LINE('',#195,#194);
#197=DIRECTION('',(0.E0,0.E0,-1.E0));
#198=VECTOR('',#197,1.E-2);
#199=CARTESIAN_POINT('',(4.15E-2,1.075E-1,3.864E-2));
#200=LINE('',#199,#198);
#201=CARTESIAN_POINT('',(2.8E-2,1.075E-1,2.864E-2));
#202=DIRECTION('',(0.E0,0.E0,1.E0));
#203=DIRECTION('',(-1.E0,0.E0,0.E0));
#204=AXIS2_PLACEMENT_3D('',#201,#202,#203);
#206=DIRECTION('',(0.E0,-1.E0,0.E0));
#207=VECTOR('',#206,1.09E-1);
#208=CARTESIAN_POINT('',(1.45E-2,2.165E-1,2.864E-2));
#209=LINE('',#208,#207);
#210=CARTESIAN_POINT('',(2.8E-2,2.165E-1,2.864E-2));
#211=DIRECTION('',(0.E0,0.E0,1.E0));
#212=DIRECTION('',(1.E0,0.E0,0.E0));
#213=AXIS2_PLACEMENT_3D('',#210,#211,#212);
#215=DIRECTION('',(0.E0,1.E0,0.E0));
#216=VECTOR('',#215,1.09E-1);
#217=CARTESIAN_POINT('',(4.15E-2,1.075E-1,2.864E-2));
#218=LINE('',#217,#216);
#219=DIRECTION('',(0.E0,1.E0,0.E0));
#220=VECTOR('',#219,1.09E-1);
#221=CARTESIAN_POINT('',(2.515E-1,1.075E-1,2.864E-2));
#222=LINE('',#221,#220);
#223=CARTESIAN_POINT('',(2.38E-1,1.075E-1,2.864E-2));
#224=DIRECTION('',(0.E0,0.E0,1.E0));
#225=DIRECTION('',(-1.E0,0.E0,0.E0));
#226=AXIS2_PLACEMENT_3D('',#223,#224,#225);
#228=DIRECTION('',(0.E0,-1.E0,0.E0));
#229=VECTOR('',#228,1.09E-1);
#230=CARTESIAN_POINT('',(2.245E-1,2.165E-1,2.864E-2));
#231=LINE('',#230,#229);
#232=CARTESIAN_POINT('',(2.38E-1,2.165E-1,2.864E-2));
#233=DIRECTION('',(0.E0,0.E0,1.E0));
#234=DIRECTION('',(1.E0,0.E0,0.E0));
#235=AXIS2_PLACEMENT_3D('',#232,#233,#234);
#237=DIRECTION('',(0.E0,0.E0,-1.E0));
#238=VECTOR('',#237,1.E-2);
#239=CARTESIAN_POINT('',(2.515E-1,1.075E-1,3.864E-2));
#240=LINE('',#239,#238);
#241=DIRECTION('',(0.E0,0.E0,-1.E0));
#242=VECTOR('',#241,1.E-2);
#243=CARTESIAN_POINT('',(2.245E-1,1.075E-1,3.864E-2));
#244=LINE('',#243,#242);
#245=DIRECTION('',(0.E0,0.E0,-1.E0));
#246=VECTOR('',#245,1.E-2);
#247=CARTESIAN_POINT('',(2.245E-1,2.165E-1,3.864E-2));
#248=LINE('',#247,#246);
#249=DIRECTION('',(0.E0,0.E0,-1.E0));
#250=VECTOR('',#249,1.E-2);
#251=CARTESIAN_POINT('',(2.515E-1,2.165E-1,3.864E-2));
#252=LINE('',#251,#250);
#253=DIRECTION('',(0.E0,0.E0,1.E0));
#254=VECTOR('',#253,5.E-4);
#255=CARTESIAN_POINT('',(2.505E-1,3.6E-2,3.864E-2));
#256=LINE('',#255,#254);
#257=DIRECTION('',(0.E0,0.E0,1.E0));
#258=VECTOR('',#257,5.E-4);
#259=CARTESIAN_POINT('',(2.295E-1,3.6E-2,3.864E-2));
#260=LINE('',#259,#258);
#261=CARTESIAN_POINT('',(2.4E-1,3.6E-2,3.914E-2));
#262=DIRECTION('',(0.E0,0.E0,1.E0));
#263=DIRECTION('',(1.E0,0.E0,0.E0));
#264=AXIS2_PLACEMENT_3D('',#261,#262,#263);
#266=CARTESIAN_POINT('',(2.4E-1,3.6E-2,3.914E-2));
#267=DIRECTION('',(0.E0,0.E0,1.E0));
#268=DIRECTION('',(-1.E0,0.E0,0.E0));
#269=AXIS2_PLACEMENT_3D('',#266,#267,#268);
#271=CARTESIAN_POINT('',(3.E-2,3.6E-2,3.914E-2));
#272=DIRECTION('',(0.E0,0.E0,1.E0));
#273=DIRECTION('',(1.E0,0.E0,0.E0));
#274=AXIS2_PLACEMENT_3D('',#271,#272,#273);
#276=CARTESIAN_POINT('',(3.E-2,3.6E-2,3.914E-2));
#277=DIRECTION('',(0.E0,0.E0,1.E0));
#278=DIRECTION('',(-1.E0,0.E0,0.E0));
#279=AXIS2_PLACEMENT_3D('',#276,#277,#278);
#281=CARTESIAN_POINT('',(2.4E-1,3.2E-1,3.914E-2));
#282=DIRECTION('',(0.E0,0.E0,1.E0));
#283=DIRECTION('',(1.E0,0.E0,0.E0));
#284=AXIS2_PLACEMENT_3D('',#281,#282,#283);
#286=CARTESIAN_POINT('',(2.4E-1,3.2E-1,3.914E-2));
#287=DIRECTION('',(0.E0,0.E0,1.E0));
#288=DIRECTION('',(-1.E0,0.E0,0.E0));
#289=AXIS2_PLACEMENT_3D('',#286,#287,#288);
#291=DIRECTION('',(0.E0,0.E0,1.E0));
#292=VECTOR('',#291,5.E-4);
#293=CARTESIAN_POINT('',(4.05E-2,3.6E-2,3.864E-2));
#294=LINE('',#293,#292);
#295=DIRECTION('',(0.E0,0.E0,1.E0));
#296=VECTOR('',#295,5.E-4);
#297=CARTESIAN_POINT('',(1.95E-2,3.6E-2,3.864E-2));
#298=LINE('',#297,#296);
#299=DIRECTION('',(0.E0,0.E0,1.E0));
#300=VECTOR('',#299,5.E-4);
#301=CARTESIAN_POINT('',(2.505E-1,3.2E-1,3.864E-2));
#302=LINE('',#301,#300);
#303=DIRECTION('',(0.E0,0.E0,1.E0));
#304=VECTOR('',#303,5.E-4);
#305=CARTESIAN_POINT('',(2.295E-1,3.2E-1,3.864E-2));
#306=LINE('',#305,#304);
#307=DIRECTION('',(0.E0,0.E0,-1.E0));
#308=VECTOR('',#307,1.E-3);
#309=CARTESIAN_POINT('',(2.055E-1,3.06E-1,0.E0));
#310=LINE('',#309,#308);
#311=DIRECTION('',(0.E0,0.E0,-1.E0));
#312=VECTOR('',#311,1.E-3);
#313=CARTESIAN_POINT('',(2.505E-1,3.06E-1,0.E0));
#314=LINE('',#313,#312);
#315=CARTESIAN_POINT('',(2.28E-1,3.06E-1,-1.E-3));
#316=DIRECTION('',(0.E0,0.E0,-1.E0));
#317=DIRECTION('',(-1.E0,0.E0,0.E0));
#318=AXIS2_PLACEMENT_3D('',#315,#316,#317);
#320=CARTESIAN_POINT('',(2.28E-1,3.06E-1,-1.E-3));
#321=DIRECTION('',(0.E0,0.E0,-1.E0));
#322=DIRECTION('',(1.E0,0.E0,0.E0));
#323=AXIS2_PLACEMENT_3D('',#320,#321,#322);
#325=CARTESIAN_POINT('',(1.65E-1,3.06E-1,-1.E-3));
#326=DIRECTION('',(0.E0,0.E0,-1.E0));
#327=DIRECTION('',(-1.E0,0.E0,0.E0));
#328=AXIS2_PLACEMENT_3D('',#325,#326,#327);
#330=CARTESIAN_POINT('',(1.65E-1,3.06E-1,-1.E-3));
#331=DIRECTION('',(0.E0,0.E0,-1.E0));
#332=DIRECTION('',(1.E0,0.E0,0.E0));
#333=AXIS2_PLACEMENT_3D('',#330,#331,#332);
#335=CARTESIAN_POINT('',(1.02E-1,3.06E-1,-1.E-3));
#336=DIRECTION('',(0.E0,0.E0,-1.E0));
#337=DIRECTION('',(-1.E0,0.E0,0.E0));
#338=AXIS2_PLACEMENT_3D('',#335,#336,#337);
#340=CARTESIAN_POINT('',(1.02E-1,3.06E-1,-1.E-3));
#341=DIRECTION('',(0.E0,0.E0,-1.E0));
#342=DIRECTION('',(1.E0,0.E0,0.E0));
#343=AXIS2_PLACEMENT_3D('',#340,#341,#342);
#345=CARTESIAN_POINT('',(2.28E-1,4.9E-2,-1.E-3));
#346=DIRECTION('',(0.E0,0.E0,-1.E0));
#347=DIRECTION('',(-1.E0,0.E0,0.E0));
#348=AXIS2_PLACEMENT_3D('',#345,#346,#347);
#350=CARTESIAN_POINT('',(2.28E-1,4.9E-2,-1.E-3));
#351=DIRECTION('',(0.E0,0.E0,-1.E0));
#352=DIRECTION('',(1.E0,0.E0,0.E0));
#353=AXIS2_PLACEMENT_3D('',#350,#351,#352);
#355=CARTESIAN_POINT('',(1.65E-1,4.9E-2,-1.E-3));
#356=DIRECTION('',(0.E0,0.E0,-1.E0));
#357=DIRECTION('',(-1.E0,0.E0,0.E0));
#358=AXIS2_PLACEMENT_3D('',#355,#356,#357);
#360=CARTESIAN_POINT('',(1.65E-1,4.9E-2,-1.E-3));
#361=DIRECTION('',(0.E0,0.E0,-1.E0));
#362=DIRECTION('',(1.E0,0.E0,0.E0));
#363=AXIS2_PLACEMENT_3D('',#360,#361,#362);
#365=CARTESIAN_POINT('',(1.02E-1,4.9E-2,-1.E-3));
#366=DIRECTION('',(0.E0,0.E0,-1.E0));
#367=DIRECTION('',(-1.E0,0.E0,0.E0));
#368=AXIS2_PLACEMENT_3D('',#365,#366,#367);
#370=CARTESIAN_POINT('',(1.02E-1,4.9E-2,-1.E-3));
#371=DIRECTION('',(0.E0,0.E0,-1.E0));
#372=DIRECTION('',(1.E0,0.E0,0.E0));
#373=AXIS2_PLACEMENT_3D('',#370,#371,#372);
#375=CARTESIAN_POINT('',(3.9E-2,4.9E-2,-1.E-3));
#376=DIRECTION('',(0.E0,0.E0,-1.E0));
#377=DIRECTION('',(-1.E0,0.E0,0.E0));
#378=AXIS2_PLACEMENT_3D('',#375,#376,#377);
#380=CARTESIAN_POINT('',(3.9E-2,4.9E-2,-1.E-3));
#381=DIRECTION('',(0.E0,0.E0,-1.E0));
#382=DIRECTION('',(1.E0,0.E0,0.E0));
#383=AXIS2_PLACEMENT_3D('',#380,#381,#382);
#385=DIRECTION('',(0.E0,0.E0,-1.E0));
#386=VECTOR('',#385,1.E-3);
#387=CARTESIAN_POINT('',(1.425E-1,3.06E-1,0.E0));
#388=LINE('',#387,#386);
#389=DIRECTION('',(0.E0,0.E0,-1.E0));
#390=VECTOR('',#389,1.E-3);
#391=CARTESIAN_POINT('',(1.875E-1,3.06E-1,0.E0));
#392=LINE('',#391,#390);
#393=DIRECTION('',(0.E0,0.E0,-1.E0));
#394=VECTOR('',#393,1.E-3);
#395=CARTESIAN_POINT('',(7.95E-2,3.06E-1,0.E0));
#396=LINE('',#395,#394);
#397=DIRECTION('',(0.E0,0.E0,-1.E0));
#398=VECTOR('',#397,1.E-3);
#399=CARTESIAN_POINT('',(1.245E-1,3.06E-1,0.E0));
#400=LINE('',#399,#398);
#401=DIRECTION('',(0.E0,0.E0,-1.E0));
#402=VECTOR('',#401,1.E-3);
#403=CARTESIAN_POINT('',(2.055E-1,4.9E-2,0.E0));
#404=LINE('',#403,#402);
#405=DIRECTION('',(0.E0,0.E0,-1.E0));
#406=VECTOR('',#405,1.E-3);
#407=CARTESIAN_POINT('',(2.505E-1,4.9E-2,0.E0));
#408=LINE('',#407,#406);
#409=DIRECTION('',(0.E0,0.E0,-1.E0));
#410=VECTOR('',#409,1.E-3);
#411=CARTESIAN_POINT('',(1.425E-1,4.9E-2,0.E0));
#412=LINE('',#411,#410);
#413=DIRECTION('',(0.E0,0.E0,-1.E0));
#414=VECTOR('',#413,1.E-3);
#415=CARTESIAN_POINT('',(1.875E-1,4.9E-2,0.E0));
#416=LINE('',#415,#414);
#417=DIRECTION('',(0.E0,0.E0,-1.E0));
#418=VECTOR('',#417,1.E-3);
#419=CARTESIAN_POINT('',(7.95E-2,4.9E-2,0.E0));
#420=LINE('',#419,#418);
#421=DIRECTION('',(0.E0,0.E0,-1.E0));
#422=VECTOR('',#421,1.E-3);
#423=CARTESIAN_POINT('',(1.245E-1,4.9E-2,0.E0));
#424=LINE('',#423,#422);
#425=DIRECTION('',(0.E0,0.E0,-1.E0));
#426=VECTOR('',#425,1.E-3);
#427=CARTESIAN_POINT('',(1.65E-2,4.9E-2,0.E0));
#428=LINE('',#427,#426);
#429=DIRECTION('',(0.E0,0.E0,-1.E0));
#430=VECTOR('',#429,1.E-3);
#431=CARTESIAN_POINT('',(6.15E-2,4.9E-2,0.E0));
#432=LINE('',#431,#430);
#433=CARTESIAN_POINT('',(0.E0,3.54E-1,0.E0));
#434=CARTESIAN_POINT('',(0.E0,0.E0,0.E0));
#435=VERTEX_POINT('',#433);
#436=VERTEX_POINT('',#434);
#437=CARTESIAN_POINT('',(2.66E-1,0.E0,0.E0));
#438=VERTEX_POINT('',#437);
#439=CARTESIAN_POINT('',(2.66E-1,3.54E-1,0.E0));
#440=VERTEX_POINT('',#439);
#441=CARTESIAN_POINT('',(0.E0,3.54E-1,3.864E-2));
#442=CARTESIAN_POINT('',(0.E0,0.E0,3.864E-2));
#443=VERTEX_POINT('',#441);
#444=VERTEX_POINT('',#442);
#445=CARTESIAN_POINT('',(2.66E-1,0.E0,3.864E-2));
#446=VERTEX_POINT('',#445);
#447=CARTESIAN_POINT('',(2.66E-1,3.54E-1,3.864E-2));
#448=VERTEX_POINT('',#447);
#449=CARTESIAN_POINT('',(1.45E-2,1.075E-1,2.864E-2));
#450=CARTESIAN_POINT('',(4.15E-2,1.075E-1,2.864E-2));
#451=VERTEX_POINT('',#449);
#452=VERTEX_POINT('',#450);
#453=CARTESIAN_POINT('',(4.15E-2,2.165E-1,2.864E-2));
#454=VERTEX_POINT('',#453);
#455=CARTESIAN_POINT('',(1.45E-2,2.165E-1,2.864E-2));
#456=VERTEX_POINT('',#455);
#457=CARTESIAN_POINT('',(2.515E-1,1.075E-1,2.864E-2));
#458=CARTESIAN_POINT('',(2.515E-1,2.165E-1,2.864E-2));
#459=VERTEX_POINT('',#457);
#460=VERTEX_POINT('',#458);
#461=CARTESIAN_POINT('',(2.245E-1,2.165E-1,2.864E-2));
#462=VERTEX_POINT('',#461);
#463=CARTESIAN_POINT('',(2.245E-1,1.075E-1,2.864E-2));
#464=VERTEX_POINT('',#463);
#465=CARTESIAN_POINT('',(1.45E-2,1.075E-1,3.864E-2));
#466=CARTESIAN_POINT('',(4.15E-2,1.075E-1,3.864E-2));
#467=VERTEX_POINT('',#465);
#468=VERTEX_POINT('',#466);
#469=CARTESIAN_POINT('',(4.15E-2,2.165E-1,3.864E-2));
#470=VERTEX_POINT('',#469);
#471=CARTESIAN_POINT('',(1.45E-2,2.165E-1,3.864E-2));
#472=VERTEX_POINT('',#471);
#473=CARTESIAN_POINT('',(2.515E-1,1.075E-1,3.864E-2));
#474=CARTESIAN_POINT('',(2.515E-1,2.165E-1,3.864E-2));
#475=VERTEX_POINT('',#473);
#476=VERTEX_POINT('',#474);
#477=CARTESIAN_POINT('',(2.245E-1,2.165E-1,3.864E-2));
#478=VERTEX_POINT('',#477);
#479=CARTESIAN_POINT('',(2.245E-1,1.075E-1,3.864E-2));
#480=VERTEX_POINT('',#479);
#481=CARTESIAN_POINT('',(2.055E-1,3.06E-1,-1.E-3));
#482=CARTESIAN_POINT('',(2.505E-1,3.06E-1,-1.E-3));
#483=VERTEX_POINT('',#481);
#484=VERTEX_POINT('',#482);
#485=CARTESIAN_POINT('',(1.425E-1,3.06E-1,-1.E-3));
#486=CARTESIAN_POINT('',(1.875E-1,3.06E-1,-1.E-3));
#487=VERTEX_POINT('',#485);
#488=VERTEX_POINT('',#486);
#489=CARTESIAN_POINT('',(7.95E-2,3.06E-1,-1.E-3));
#490=CARTESIAN_POINT('',(1.245E-1,3.06E-1,-1.E-3));
#491=VERTEX_POINT('',#489);
#492=VERTEX_POINT('',#490);
#493=CARTESIAN_POINT('',(2.055E-1,4.9E-2,-1.E-3));
#494=CARTESIAN_POINT('',(2.505E-1,4.9E-2,-1.E-3));
#495=VERTEX_POINT('',#493);
#496=VERTEX_POINT('',#494);
#497=CARTESIAN_POINT('',(1.425E-1,4.9E-2,-1.E-3));
#498=CARTESIAN_POINT('',(1.875E-1,4.9E-2,-1.E-3));
#499=VERTEX_POINT('',#497);
#500=VERTEX_POINT('',#498);
#501=CARTESIAN_POINT('',(7.95E-2,4.9E-2,-1.E-3));
#502=CARTESIAN_POINT('',(1.245E-1,4.9E-2,-1.E-3));
#503=VERTEX_POINT('',#501);
#504=VERTEX_POINT('',#502);
#505=CARTESIAN_POINT('',(1.65E-2,4.9E-2,-1.E-3));
#506=CARTESIAN_POINT('',(6.15E-2,4.9E-2,-1.E-3));
#507=VERTEX_POINT('',#505);
#508=VERTEX_POINT('',#506);
#509=CARTESIAN_POINT('',(2.055E-1,3.06E-1,0.E0));
#510=CARTESIAN_POINT('',(2.505E-1,3.06E-1,0.E0));
#511=VERTEX_POINT('',#509);
#512=VERTEX_POINT('',#510);
#513=CARTESIAN_POINT('',(1.425E-1,3.06E-1,0.E0));
#514=CARTESIAN_POINT('',(1.875E-1,3.06E-1,0.E0));
#515=VERTEX_POINT('',#513);
#516=VERTEX_POINT('',#514);
#517=CARTESIAN_POINT('',(7.95E-2,3.06E-1,0.E0));
#518=CARTESIAN_POINT('',(1.245E-1,3.06E-1,0.E0));
#519=VERTEX_POINT('',#517);
#520=VERTEX_POINT('',#518);
#521=CARTESIAN_POINT('',(2.055E-1,4.9E-2,0.E0));
#522=CARTESIAN_POINT('',(2.505E-1,4.9E-2,0.E0));
#523=VERTEX_POINT('',#521);
#524=VERTEX_POINT('',#522);
#525=CARTESIAN_POINT('',(1.425E-1,4.9E-2,0.E0));
#526=CARTESIAN_POINT('',(1.875E-1,4.9E-2,0.E0));
#527=VERTEX_POINT('',#525);
#528=VERTEX_POINT('',#526);
#529=CARTESIAN_POINT('',(7.95E-2,4.9E-2,0.E0));
#530=CARTESIAN_POINT('',(1.245E-1,4.9E-2,0.E0));
#531=VERTEX_POINT('',#529);
#532=VERTEX_POINT('',#530);
#533=CARTESIAN_POINT('',(1.65E-2,4.9E-2,0.E0));
#534=CARTESIAN_POINT('',(6.15E-2,4.9E-2,0.E0));
#535=VERTEX_POINT('',#533);
#536=VERTEX_POINT('',#534);
#537=CARTESIAN_POINT('',(2.505E-1,3.6E-2,3.914E-2));
#538=CARTESIAN_POINT('',(2.295E-1,3.6E-2,3.914E-2));
#539=VERTEX_POINT('',#537);
#540=VERTEX_POINT('',#538);
#541=CARTESIAN_POINT('',(4.05E-2,3.6E-2,3.914E-2));
#542=CARTESIAN_POINT('',(1.95E-2,3.6E-2,3.914E-2));
#543=VERTEX_POINT('',#541);
#544=VERTEX_POINT('',#542);
#545=CARTESIAN_POINT('',(2.505E-1,3.2E-1,3.914E-2));
#546=CARTESIAN_POINT('',(2.295E-1,3.2E-1,3.914E-2));
#547=VERTEX_POINT('',#545);
#548=VERTEX_POINT('',#546);
#549=CARTESIAN_POINT('',(2.505E-1,3.6E-2,3.864E-2));
#550=CARTESIAN_POINT('',(2.295E-1,3.6E-2,3.864E-2));
#551=VERTEX_POINT('',#549);
#552=VERTEX_POINT('',#550);
#553=CARTESIAN_POINT('',(4.05E-2,3.6E-2,3.864E-2));
#554=CARTESIAN_POINT('',(1.95E-2,3.6E-2,3.864E-2));
#555=VERTEX_POINT('',#553);
#556=VERTEX_POINT('',#554);
#557=CARTESIAN_POINT('',(2.505E-1,3.2E-1,3.864E-2));
#558=CARTESIAN_POINT('',(2.295E-1,3.2E-1,3.864E-2));
#559=VERTEX_POINT('',#557);
#560=VERTEX_POINT('',#558);
#561=CARTESIAN_POINT('',(0.E0,0.E0,0.E0));
#562=DIRECTION('',(0.E0,0.E0,1.E0));
#563=DIRECTION('',(1.E0,0.E0,0.E0));
#564=AXIS2_PLACEMENT_3D('',#561,#562,#563);
#565=PLANE('',#564);
#567=ORIENTED_EDGE('',*,*,#566,.T.);
#569=ORIENTED_EDGE('',*,*,#568,.T.);
#571=ORIENTED_EDGE('',*,*,#570,.T.);
#573=ORIENTED_EDGE('',*,*,#572,.T.);
#574=EDGE_LOOP('',(#567,#569,#571,#573));
#575=FACE_OUTER_BOUND('',#574,.F.);
#577=ORIENTED_EDGE('',*,*,#576,.T.);
#579=ORIENTED_EDGE('',*,*,#578,.T.);
#580=EDGE_LOOP('',(#577,#579));
#581=FACE_BOUND('',#580,.F.);
#583=ORIENTED_EDGE('',*,*,#582,.T.);
#585=ORIENTED_EDGE('',*,*,#584,.T.);
#586=EDGE_LOOP('',(#583,#585));
#587=FACE_BOUND('',#586,.F.);
#589=ORIENTED_EDGE('',*,*,#588,.T.);
#591=ORIENTED_EDGE('',*,*,#590,.T.);
#592=EDGE_LOOP('',(#589,#591));
#593=FACE_BOUND('',#592,.F.);
#595=ORIENTED_EDGE('',*,*,#594,.T.);
#597=ORIENTED_EDGE('',*,*,#596,.T.);
#598=EDGE_LOOP('',(#595,#597));
#599=FACE_BOUND('',#598,.F.);
#601=ORIENTED_EDGE('',*,*,#600,.T.);
#603=ORIENTED_EDGE('',*,*,#602,.T.);
#604=EDGE_LOOP('',(#601,#603));
#605=FACE_BOUND('',#604,.F.);
#607=ORIENTED_EDGE('',*,*,#606,.T.);
#609=ORIENTED_EDGE('',*,*,#608,.T.);
#610=EDGE_LOOP('',(#607,#609));
#611=FACE_BOUND('',#610,.F.);
#613=ORIENTED_EDGE('',*,*,#612,.T.);
#615=ORIENTED_EDGE('',*,*,#614,.T.);
#616=EDGE_LOOP('',(#613,#615));
#617=FACE_BOUND('',#616,.F.);
#618=ADVANCED_FACE('',(#575,#581,#587,#593,#599,#605,#611,#617),#565,.F.);
#619=CARTESIAN_POINT('',(0.E0,3.54E-1,0.E0));
#620=DIRECTION('',(-1.E0,0.E0,0.E0));
#621=DIRECTION('',(0.E0,-1.E0,0.E0));
#622=AXIS2_PLACEMENT_3D('',#619,#620,#621);
#623=PLANE('',#622);
#624=ORIENTED_EDGE('',*,*,#566,.F.);
#626=ORIENTED_EDGE('',*,*,#625,.T.);
#628=ORIENTED_EDGE('',*,*,#627,.T.);
#630=ORIENTED_EDGE('',*,*,#629,.F.);
#631=EDGE_LOOP('',(#624,#626,#628,#630));
#632=FACE_OUTER_BOUND('',#631,.F.);
#633=ADVANCED_FACE('',(#632),#623,.T.);
#634=CARTESIAN_POINT('',(2.66E-1,3.54E-1,0.E0));
#635=DIRECTION('',(0.E0,1.E0,0.E0));
#636=DIRECTION('',(-1.E0,0.E0,0.E0));
#637=AXIS2_PLACEMENT_3D('',#634,#635,#636);
#638=PLANE('',#637);
#639=ORIENTED_EDGE('',*,*,#572,.F.);
#641=ORIENTED_EDGE('',*,*,#640,.T.);
#643=ORIENTED_EDGE('',*,*,#642,.T.);
#644=ORIENTED_EDGE('',*,*,#625,.F.);
#645=EDGE_LOOP('',(#639,#641,#643,#644));
#646=FACE_OUTER_BOUND('',#645,.F.);
#647=ADVANCED_FACE('',(#646),#638,.T.);
#648=CARTESIAN_POINT('',(2.66E-1,0.E0,0.E0));
#649=DIRECTION('',(1.E0,0.E0,0.E0));
#650=DIRECTION('',(0.E0,1.E0,0.E0));
#651=AXIS2_PLACEMENT_3D('',#648,#649,#650);
#652=PLANE('',#651);
#653=ORIENTED_EDGE('',*,*,#570,.F.);
#655=ORIENTED_EDGE('',*,*,#654,.T.);
#657=ORIENTED_EDGE('',*,*,#656,.T.);
#658=ORIENTED_EDGE('',*,*,#640,.F.);
#659=EDGE_LOOP('',(#653,#655,#657,#658));
#660=FACE_OUTER_BOUND('',#659,.F.);
#661=ADVANCED_FACE('',(#660),#652,.T.);
#662=CARTESIAN_POINT('',(0.E0,0.E0,0.E0));
#663=DIRECTION('',(0.E0,-1.E0,0.E0));
#664=DIRECTION('',(1.E0,0.E0,0.E0));
#665=AXIS2_PLACEMENT_3D('',#662,#663,#664);
#666=PLANE('',#665);
#667=ORIENTED_EDGE('',*,*,#568,.F.);
#668=ORIENTED_EDGE('',*,*,#629,.T.);
#670=ORIENTED_EDGE('',*,*,#669,.T.);
#671=ORIENTED_EDGE('',*,*,#654,.F.);
#672=EDGE_LOOP('',(#667,#668,#670,#671));
#673=FACE_OUTER_BOUND('',#672,.F.);
#674=ADVANCED_FACE('',(#673),#666,.T.);
#675=CARTESIAN_POINT('',(0.E0,0.E0,3.864E-2));
#676=DIRECTION('',(0.E0,0.E0,1.E0));
#677=DIRECTION('',(1.E0,0.E0,0.E0));
#678=AXIS2_PLACEMENT_3D('',#675,#676,#677);
#679=PLANE('',#678);
#680=ORIENTED_EDGE('',*,*,#627,.F.);
#681=ORIENTED_EDGE('',*,*,#642,.F.);
#682=ORIENTED_EDGE('',*,*,#656,.F.);
#683=ORIENTED_EDGE('',*,*,#669,.F.);
#684=EDGE_LOOP('',(#680,#681,#682,#683));
#685=FACE_OUTER_BOUND('',#684,.F.);
#687=ORIENTED_EDGE('',*,*,#686,.T.);
#689=ORIENTED_EDGE('',*,*,#688,.T.);
#691=ORIENTED_EDGE('',*,*,#690,.T.);
#693=ORIENTED_EDGE('',*,*,#692,.T.);
#694=EDGE_LOOP('',(#687,#689,#691,#693));
#695=FACE_BOUND('',#694,.F.);
#697=ORIENTED_EDGE('',*,*,#696,.T.);
#699=ORIENTED_EDGE('',*,*,#698,.T.);
#701=ORIENTED_EDGE('',*,*,#700,.T.);
#703=ORIENTED_EDGE('',*,*,#702,.T.);
#704=EDGE_LOOP('',(#697,#699,#701,#703));
#705=FACE_BOUND('',#704,.F.);
#707=ORIENTED_EDGE('',*,*,#706,.T.);
#709=ORIENTED_EDGE('',*,*,#708,.T.);
#710=EDGE_LOOP('',(#707,#709));
#711=FACE_BOUND('',#710,.F.);
#713=ORIENTED_EDGE('',*,*,#712,.T.);
#715=ORIENTED_EDGE('',*,*,#714,.T.);
#716=EDGE_LOOP('',(#713,#715));
#717=FACE_BOUND('',#716,.F.);
#719=ORIENTED_EDGE('',*,*,#718,.T.);
#721=ORIENTED_EDGE('',*,*,#720,.T.);
#722=EDGE_LOOP('',(#719,#721));
#723=FACE_BOUND('',#722,.F.);
#724=ADVANCED_FACE('',(#685,#695,#705,#711,#717,#723),#679,.T.);
#725=CARTESIAN_POINT('',(2.8E-2,1.075E-1,3.864E-2));
#726=DIRECTION('',(0.E0,0.E0,1.E0));
#727=DIRECTION('',(1.E0,0.E0,0.E0));
#728=AXIS2_PLACEMENT_3D('',#725,#726,#727);
#729=CYLINDRICAL_SURFACE('',#728,1.35E-2);
#730=ORIENTED_EDGE('',*,*,#686,.F.);
#732=ORIENTED_EDGE('',*,*,#731,.T.);
#734=ORIENTED_EDGE('',*,*,#733,.T.);
#736=ORIENTED_EDGE('',*,*,#735,.F.);
#737=EDGE_LOOP('',(#730,#732,#734,#736));
#738=FACE_OUTER_BOUND('',#737,.F.);
#739=ADVANCED_FACE('',(#738),#729,.F.);
#740=CARTESIAN_POINT('',(1.45E-2,2.165E-1,3.864E-2));
#741=DIRECTION('',(-1.E0,0.E0,0.E0));
#742=DIRECTION('',(0.E0,-1.E0,0.E0));
#743=AXIS2_PLACEMENT_3D('',#740,#741,#742);
#744=PLANE('',#743);
#745=ORIENTED_EDGE('',*,*,#692,.F.);
#747=ORIENTED_EDGE('',*,*,#746,.T.);
#749=ORIENTED_EDGE('',*,*,#748,.T.);
#750=ORIENTED_EDGE('',*,*,#731,.F.);
#751=EDGE_LOOP('',(#745,#747,#749,#750));
#752=FACE_OUTER_BOUND('',#751,.F.);
#753=ADVANCED_FACE('',(#752),#744,.F.);
#754=CARTESIAN_POINT('',(2.8E-2,2.165E-1,3.864E-2));
#755=DIRECTION('',(0.E0,0.E0,1.E0));
#756=DIRECTION('',(1.E0,0.E0,0.E0));
#757=AXIS2_PLACEMENT_3D('',#754,#755,#756);
#758=CYLINDRICAL_SURFACE('',#757,1.35E-2);
#759=ORIENTED_EDGE('',*,*,#690,.F.);
#761=ORIENTED_EDGE('',*,*,#760,.T.);
#763=ORIENTED_EDGE('',*,*,#762,.T.);
#764=ORIENTED_EDGE('',*,*,#746,.F.);
#765=EDGE_LOOP('',(#759,#761,#763,#764));
#766=FACE_OUTER_BOUND('',#765,.F.);
#767=ADVANCED_FACE('',(#766),#758,.F.);
#768=CARTESIAN_POINT('',(4.15E-2,1.075E-1,3.864E-2));
#769=DIRECTION('',(1.E0,0.E0,0.E0));
#770=DIRECTION('',(0.E0,1.E0,0.E0));
#771=AXIS2_PLACEMENT_3D('',#768,#769,#770);
#772=PLANE('',#771);
#773=ORIENTED_EDGE('',*,*,#688,.F.);
#774=ORIENTED_EDGE('',*,*,#735,.T.);
#776=ORIENTED_EDGE('',*,*,#775,.T.);
#777=ORIENTED_EDGE('',*,*,#760,.F.);
#778=EDGE_LOOP('',(#773,#774,#776,#777));
#779=FACE_OUTER_BOUND('',#778,.F.);
#780=ADVANCED_FACE('',(#779),#772,.F.);
#781=CARTESIAN_POINT('',(0.E0,0.E0,2.864E-2));
#782=DIRECTION('',(0.E0,0.E0,1.E0));
#783=DIRECTION('',(1.E0,0.E0,0.E0));
#784=AXIS2_PLACEMENT_3D('',#781,#782,#783);
#785=PLANE('',#784);
#786=ORIENTED_EDGE('',*,*,#733,.F.);
#787=ORIENTED_EDGE('',*,*,#748,.F.);
#788=ORIENTED_EDGE('',*,*,#762,.F.);
#789=ORIENTED_EDGE('',*,*,#775,.F.);
#790=EDGE_LOOP('',(#786,#787,#788,#789));
#791=FACE_OUTER_BOUND('',#790,.F.);
#792=ADVANCED_FACE('',(#791),#785,.T.);
#793=CARTESIAN_POINT('',(0.E0,0.E0,2.864E-2));
#794=DIRECTION('',(0.E0,0.E0,1.E0));
#795=DIRECTION('',(1.E0,0.E0,0.E0));
#796=AXIS2_PLACEMENT_3D('',#793,#794,#795);
#797=PLANE('',#796);
#799=ORIENTED_EDGE('',*,*,#798,.F.);
#801=ORIENTED_EDGE('',*,*,#800,.F.);
#803=ORIENTED_EDGE('',*,*,#802,.F.);
#805=ORIENTED_EDGE('',*,*,#804,.F.);
#806=EDGE_LOOP('',(#799,#801,#803,#805));
#807=FACE_OUTER_BOUND('',#806,.F.);
#808=ADVANCED_FACE('',(#807),#797,.T.);
#809=CARTESIAN_POINT('',(2.515E-1,1.075E-1,3.864E-2));
#810=DIRECTION('',(1.E0,0.E0,0.E0));
#811=DIRECTION('',(0.E0,1.E0,0.E0));
#812=AXIS2_PLACEMENT_3D('',#809,#810,#811);
#813=PLANE('',#812);
#814=ORIENTED_EDGE('',*,*,#696,.F.);
#816=ORIENTED_EDGE('',*,*,#815,.T.);
#817=ORIENTED_EDGE('',*,*,#798,.T.);
#819=ORIENTED_EDGE('',*,*,#818,.F.);
#820=EDGE_LOOP('',(#814,#816,#817,#819));
#821=FACE_OUTER_BOUND('',#820,.F.);
#822=ADVANCED_FACE('',(#821),#813,.F.);
#823=CARTESIAN_POINT('',(2.38E-1,1.075E-1,3.864E-2));
#824=DIRECTION('',(0.E0,0.E0,1.E0));
#825=DIRECTION('',(1.E0,0.E0,0.E0));
#826=AXIS2_PLACEMENT_3D('',#823,#824,#825);
#827=CYLINDRICAL_SURFACE('',#826,1.35E-2);
#828=ORIENTED_EDGE('',*,*,#702,.F.);
#830=ORIENTED_EDGE('',*,*,#829,.T.);
#831=ORIENTED_EDGE('',*,*,#800,.T.);
#832=ORIENTED_EDGE('',*,*,#815,.F.);
#833=EDGE_LOOP('',(#828,#830,#831,#832));
#834=FACE_OUTER_BOUND('',#833,.F.);
#835=ADVANCED_FACE('',(#834),#827,.F.);
#836=CARTESIAN_POINT('',(2.245E-1,2.165E-1,3.864E-2));
#837=DIRECTION('',(-1.E0,0.E0,0.E0));
#838=DIRECTION('',(0.E0,-1.E0,0.E0));
#839=AXIS2_PLACEMENT_3D('',#836,#837,#838);
#840=PLANE('',#839);
#841=ORIENTED_EDGE('',*,*,#700,.F.);
#843=ORIENTED_EDGE('',*,*,#842,.T.);
#844=ORIENTED_EDGE('',*,*,#802,.T.);
#845=ORIENTED_EDGE('',*,*,#829,.F.);
#846=EDGE_LOOP('',(#841,#843,#844,#845));
#847=FACE_OUTER_BOUND('',#846,.F.);
#848=ADVANCED_FACE('',(#847),#840,.F.);
#849=CARTESIAN_POINT('',(2.38E-1,2.165E-1,3.864E-2));
#850=DIRECTION('',(0.E0,0.E0,1.E0));
#851=DIRECTION('',(1.E0,0.E0,0.E0));
#852=AXIS2_PLACEMENT_3D('',#849,#850,#851);
#853=CYLINDRICAL_SURFACE('',#852,1.35E-2);
#854=ORIENTED_EDGE('',*,*,#698,.F.);
#855=ORIENTED_EDGE('',*,*,#818,.T.);
#856=ORIENTED_EDGE('',*,*,#804,.T.);
#857=ORIENTED_EDGE('',*,*,#842,.F.);
#858=EDGE_LOOP('',(#854,#855,#856,#857));
#859=FACE_OUTER_BOUND('',#858,.F.);
#860=ADVANCED_FACE('',(#859),#853,.F.);
#861=CARTESIAN_POINT('',(2.4E-1,3.6E-2,3.864E-2));
#862=DIRECTION('',(0.E0,0.E0,1.E0));
#863=DIRECTION('',(1.E0,0.E0,0.E0));
#864=AXIS2_PLACEMENT_3D('',#861,#862,#863);
#865=CYLINDRICAL_SURFACE('',#864,1.05E-2);
#866=ORIENTED_EDGE('',*,*,#706,.F.);
#868=ORIENTED_EDGE('',*,*,#867,.T.);
#870=ORIENTED_EDGE('',*,*,#869,.T.);
#872=ORIENTED_EDGE('',*,*,#871,.F.);
#873=EDGE_LOOP('',(#866,#868,#870,#872));
#874=FACE_OUTER_BOUND('',#873,.F.);
#875=ADVANCED_FACE('',(#874),#865,.T.);
#876=CARTESIAN_POINT('',(2.4E-1,3.6E-2,3.864E-2));
#877=DIRECTION('',(0.E0,0.E0,1.E0));
#878=DIRECTION('',(1.E0,0.E0,0.E0));
#879=AXIS2_PLACEMENT_3D('',#876,#877,#878);
#880=CYLINDRICAL_SURFACE('',#879,1.05E-2);
#881=ORIENTED_EDGE('',*,*,#708,.F.);
#882=ORIENTED_EDGE('',*,*,#871,.T.);
#884=ORIENTED_EDGE('',*,*,#883,.T.);
#885=ORIENTED_EDGE('',*,*,#867,.F.);
#886=EDGE_LOOP('',(#881,#882,#884,#885));
#887=FACE_OUTER_BOUND('',#886,.F.);
#888=ADVANCED_FACE('',(#887),#880,.T.);
#889=CARTESIAN_POINT('',(0.E0,0.E0,3.914E-2));
#890=DIRECTION('',(0.E0,0.E0,1.E0));
#891=DIRECTION('',(1.E0,0.E0,0.E0));
#892=AXIS2_PLACEMENT_3D('',#889,#890,#891);
#893=PLANE('',#892);
#894=ORIENTED_EDGE('',*,*,#869,.F.);
#895=ORIENTED_EDGE('',*,*,#883,.F.);
#896=EDGE_LOOP('',(#894,#895));
#897=FACE_OUTER_BOUND('',#896,.F.);
#898=ADVANCED_FACE('',(#897),#893,.T.);
#899=CARTESIAN_POINT('',(0.E0,0.E0,3.914E-2));
#900=DIRECTION('',(0.E0,0.E0,1.E0));
#901=DIRECTION('',(1.E0,0.E0,0.E0));
#902=AXIS2_PLACEMENT_3D('',#899,#900,#901);
#903=PLANE('',#902);
#905=ORIENTED_EDGE('',*,*,#904,.F.);
#907=ORIENTED_EDGE('',*,*,#906,.F.);
#908=EDGE_LOOP('',(#905,#907));
#909=FACE_OUTER_BOUND('',#908,.F.);
#910=ADVANCED_FACE('',(#909),#903,.T.);
#911=CARTESIAN_POINT('',(0.E0,0.E0,3.914E-2));
#912=DIRECTION('',(0.E0,0.E0,1.E0));
#913=DIRECTION('',(1.E0,0.E0,0.E0));
#914=AXIS2_PLACEMENT_3D('',#911,#912,#913);
#915=PLANE('',#914);
#917=ORIENTED_EDGE('',*,*,#916,.F.);
#919=ORIENTED_EDGE('',*,*,#918,.F.);
#920=EDGE_LOOP('',(#917,#919));
#921=FACE_OUTER_BOUND('',#920,.F.);
#922=ADVANCED_FACE('',(#921),#915,.T.);
#923=CARTESIAN_POINT('',(3.E-2,3.6E-2,3.864E-2));
#924=DIRECTION('',(0.E0,0.E0,1.E0));
#925=DIRECTION('',(1.E0,0.E0,0.E0));
#926=AXIS2_PLACEMENT_3D('',#923,#924,#925);
#927=CYLINDRICAL_SURFACE('',#926,1.05E-2);
#928=ORIENTED_EDGE('',*,*,#712,.F.);
#930=ORIENTED_EDGE('',*,*,#929,.T.);
#931=ORIENTED_EDGE('',*,*,#904,.T.);
#933=ORIENTED_EDGE('',*,*,#932,.F.);
#934=EDGE_LOOP('',(#928,#930,#931,#933));
#935=FACE_OUTER_BOUND('',#934,.F.);
#936=ADVANCED_FACE('',(#935),#927,.T.);
#937=CARTESIAN_POINT('',(3.E-2,3.6E-2,3.864E-2));
#938=DIRECTION('',(0.E0,0.E0,1.E0));
#939=DIRECTION('',(1.E0,0.E0,0.E0));
#940=AXIS2_PLACEMENT_3D('',#937,#938,#939);
#941=CYLINDRICAL_SURFACE('',#940,1.05E-2);
#942=ORIENTED_EDGE('',*,*,#714,.F.);
#943=ORIENTED_EDGE('',*,*,#932,.T.);
#944=ORIENTED_EDGE('',*,*,#906,.T.);
#945=ORIENTED_EDGE('',*,*,#929,.F.);
#946=EDGE_LOOP('',(#942,#943,#944,#945));
#947=FACE_OUTER_BOUND('',#946,.F.);
#948=ADVANCED_FACE('',(#947),#941,.T.);
#949=CARTESIAN_POINT('',(2.4E-1,3.2E-1,3.864E-2));
#950=DIRECTION('',(0.E0,0.E0,1.E0));
#951=DIRECTION('',(1.E0,0.E0,0.E0));
#952=AXIS2_PLACEMENT_3D('',#949,#950,#951);
#953=CYLINDRICAL_SURFACE('',#952,1.05E-2);
#954=ORIENTED_EDGE('',*,*,#718,.F.);
#956=ORIENTED_EDGE('',*,*,#955,.T.);
#957=ORIENTED_EDGE('',*,*,#916,.T.);
#959=ORIENTED_EDGE('',*,*,#958,.F.);
#960=EDGE_LOOP('',(#954,#956,#957,#959));
#961=FACE_OUTER_BOUND('',#960,.F.);
#962=ADVANCED_FACE('',(#961),#953,.T.);
#963=CARTESIAN_POINT('',(2.4E-1,3.2E-1,3.864E-2));
#964=DIRECTION('',(0.E0,0.E0,1.E0));
#965=DIRECTION('',(1.E0,0.E0,0.E0));
#966=AXIS2_PLACEMENT_3D('',#963,#964,#965);
#967=CYLINDRICAL_SURFACE('',#966,1.05E-2);
#968=ORIENTED_EDGE('',*,*,#720,.F.);
#969=ORIENTED_EDGE('',*,*,#958,.T.);
#970=ORIENTED_EDGE('',*,*,#918,.T.);
#971=ORIENTED_EDGE('',*,*,#955,.F.);
#972=EDGE_LOOP('',(#968,#969,#970,#971));
#973=FACE_OUTER_BOUND('',#972,.F.);
#974=ADVANCED_FACE('',(#973),#967,.T.);
#975=CARTESIAN_POINT('',(2.28E-1,3.06E-1,0.E0));
#976=DIRECTION('',(0.E0,0.E0,-1.E0));
#977=DIRECTION('',(-1.E0,0.E0,0.E0));
#978=AXIS2_PLACEMENT_3D('',#975,#976,#977);
#979=CYLINDRICAL_SURFACE('',#978,2.25E-2);
#980=ORIENTED_EDGE('',*,*,#576,.F.);
#982=ORIENTED_EDGE('',*,*,#981,.T.);
#984=ORIENTED_EDGE('',*,*,#983,.T.);
#986=ORIENTED_EDGE('',*,*,#985,.F.);
#987=EDGE_LOOP('',(#980,#982,#984,#986));
#988=FACE_OUTER_BOUND('',#987,.F.);
#989=ADVANCED_FACE('',(#988),#979,.T.);
#990=CARTESIAN_POINT('',(2.28E-1,3.06E-1,0.E0));
#991=DIRECTION('',(0.E0,0.E0,-1.E0));
#992=DIRECTION('',(-1.E0,0.E0,0.E0));
#993=AXIS2_PLACEMENT_3D('',#990,#991,#992);
#994=CYLINDRICAL_SURFACE('',#993,2.25E-2);
#995=ORIENTED_EDGE('',*,*,#578,.F.);
#996=ORIENTED_EDGE('',*,*,#985,.T.);
#998=ORIENTED_EDGE('',*,*,#997,.T.);
#999=ORIENTED_EDGE('',*,*,#981,.F.);
#1000=EDGE_LOOP('',(#995,#996,#998,#999));
#1001=FACE_OUTER_BOUND('',#1000,.F.);
#1002=ADVANCED_FACE('',(#1001),#994,.T.);
#1003=CARTESIAN_POINT('',(0.E0,0.E0,-1.E-3));
#1004=DIRECTION('',(0.E0,0.E0,-1.E0));
#1005=DIRECTION('',(-1.E0,0.E0,0.E0));
#1006=AXIS2_PLACEMENT_3D('',#1003,#1004,#1005);
#1007=PLANE('',#1006);
#1008=ORIENTED_EDGE('',*,*,#983,.F.);
#1009=ORIENTED_EDGE('',*,*,#997,.F.);
#1010=EDGE_LOOP('',(#1008,#1009));
#1011=FACE_OUTER_BOUND('',#1010,.F.);
#1012=ADVANCED_FACE('',(#1011),#1007,.T.);
#1013=CARTESIAN_POINT('',(0.E0,0.E0,-1.E-3));
#1014=DIRECTION('',(0.E0,0.E0,-1.E0));
#1015=DIRECTION('',(-1.E0,0.E0,0.E0));
#1016=AXIS2_PLACEMENT_3D('',#1013,#1014,#1015);
#1017=PLANE('',#1016);
#1019=ORIENTED_EDGE('',*,*,#1018,.F.);
#1021=ORIENTED_EDGE('',*,*,#1020,.F.);
#1022=EDGE_LOOP('',(#1019,#1021));
#1023=FACE_OUTER_BOUND('',#1022,.F.);
#1024=ADVANCED_FACE('',(#1023),#1017,.T.);
#1025=CARTESIAN_POINT('',(0.E0,0.E0,-1.E-3));
#1026=DIRECTION('',(0.E0,0.E0,-1.E0));
#1027=DIRECTION('',(-1.E0,0.E0,0.E0));
#1028=AXIS2_PLACEMENT_3D('',#1025,#1026,#1027);
#1029=PLANE('',#1028);
#1031=ORIENTED_EDGE('',*,*,#1030,.F.);
#1033=ORIENTED_EDGE('',*,*,#1032,.F.);
#1034=EDGE_LOOP('',(#1031,#1033));
#1035=FACE_OUTER_BOUND('',#1034,.F.);
#1036=ADVANCED_FACE('',(#1035),#1029,.T.);
#1037=CARTESIAN_POINT('',(0.E0,0.E0,-1.E-3));
#1038=DIRECTION('',(0.E0,0.E0,-1.E0));
#1039=DIRECTION('',(-1.E0,0.E0,0.E0));
#1040=AXIS2_PLACEMENT_3D('',#1037,#1038,#1039);
#1041=PLANE('',#1040);
#1043=ORIENTED_EDGE('',*,*,#1042,.F.);
#1045=ORIENTED_EDGE('',*,*,#1044,.F.);
#1046=EDGE_LOOP('',(#1043,#1045));
#1047=FACE_OUTER_BOUND('',#1046,.F.);
#1048=ADVANCED_FACE('',(#1047),#1041,.T.);
#1049=CARTESIAN_POINT('',(0.E0,0.E0,-1.E-3));
#1050=DIRECTION('',(0.E0,0.E0,-1.E0));
#1051=DIRECTION('',(-1.E0,0.E0,0.E0));
#1052=AXIS2_PLACEMENT_3D('',#1049,#1050,#1051);
#1053=PLANE('',#1052);
#1055=ORIENTED_EDGE('',*,*,#1054,.F.);
#1057=ORIENTED_EDGE('',*,*,#1056,.F.);
#1058=EDGE_LOOP('',(#1055,#1057));
#1059=FACE_OUTER_BOUND('',#1058,.F.);
#1060=ADVANCED_FACE('',(#1059),#1053,.T.);
#1061=CARTESIAN_POINT('',(0.E0,0.E0,-1.E-3));
#1062=DIRECTION('',(0.E0,0.E0,-1.E0));
#1063=DIRECTION('',(-1.E0,0.E0,0.E0));
#1064=AXIS2_PLACEMENT_3D('',#1061,#1062,#1063);
#1065=PLANE('',#1064);
#1067=ORIENTED_EDGE('',*,*,#1066,.F.);
#1069=ORIENTED_EDGE('',*,*,#1068,.F.);
#1070=EDGE_LOOP('',(#1067,#1069));
#1071=FACE_OUTER_BOUND('',#1070,.F.);
#1072=ADVANCED_FACE('',(#1071),#1065,.T.);
#1073=CARTESIAN_POINT('',(0.E0,0.E0,-1.E-3));
#1074=DIRECTION('',(0.E0,0.E0,-1.E0));
#1075=DIRECTION('',(-1.E0,0.E0,0.E0));
#1076=AXIS2_PLACEMENT_3D('',#1073,#1074,#1075);
#1077=PLANE('',#1076);
#1079=ORIENTED_EDGE('',*,*,#1078,.F.);
#1081=ORIENTED_EDGE('',*,*,#1080,.F.);
#1082=EDGE_LOOP('',(#1079,#1081));
#1083=FACE_OUTER_BOUND('',#1082,.F.);
#1084=ADVANCED_FACE('',(#1083),#1077,.T.);
#1085=CARTESIAN_POINT('',(1.65E-1,3.06E-1,0.E0));
#1086=DIRECTION('',(0.E0,0.E0,-1.E0));
#1087=DIRECTION('',(-1.E0,0.E0,0.E0));
#1088=AXIS2_PLACEMENT_3D('',#1085,#1086,#1087);
#1089=CYLINDRICAL_SURFACE('',#1088,2.25E-2);
#1090=ORIENTED_EDGE('',*,*,#582,.F.);
#1092=ORIENTED_EDGE('',*,*,#1091,.T.);
#1093=ORIENTED_EDGE('',*,*,#1018,.T.);
#1095=ORIENTED_EDGE('',*,*,#1094,.F.);
#1096=EDGE_LOOP('',(#1090,#1092,#1093,#1095));
#1097=FACE_OUTER_BOUND('',#1096,.F.);
#1098=ADVANCED_FACE('',(#1097),#1089,.T.);
#1099=CARTESIAN_POINT('',(1.65E-1,3.06E-1,0.E0));
#1100=DIRECTION('',(0.E0,0.E0,-1.E0));
#1101=DIRECTION('',(-1.E0,0.E0,0.E0));
#1102=AXIS2_PLACEMENT_3D('',#1099,#1100,#1101);
#1103=CYLINDRICAL_SURFACE('',#1102,2.25E-2);
#1104=ORIENTED_EDGE('',*,*,#584,.F.);
#1105=ORIENTED_EDGE('',*,*,#1094,.T.);
#1106=ORIENTED_EDGE('',*,*,#1020,.T.);
#1107=ORIENTED_EDGE('',*,*,#1091,.F.);
#1108=EDGE_LOOP('',(#1104,#1105,#1106,#1107));
#1109=FACE_OUTER_BOUND('',#1108,.F.);
#1110=ADVANCED_FACE('',(#1109),#1103,.T.);
#1111=CARTESIAN_POINT('',(1.02E-1,3.06E-1,0.E0));
#1112=DIRECTION('',(0.E0,0.E0,-1.E0));
#1113=DIRECTION('',(-1.E0,0.E0,0.E0));
#1114=AXIS2_PLACEMENT_3D('',#1111,#1112,#1113);
#1115=CYLINDRICAL_SURFACE('',#1114,2.25E-2);
#1116=ORIENTED_EDGE('',*,*,#588,.F.);
#1118=ORIENTED_EDGE('',*,*,#1117,.T.);
#1119=ORIENTED_EDGE('',*,*,#1030,.T.);
#1121=ORIENTED_EDGE('',*,*,#1120,.F.);
#1122=EDGE_LOOP('',(#1116,#1118,#1119,#1121));
#1123=FACE_OUTER_BOUND('',#1122,.F.);
#1124=ADVANCED_FACE('',(#1123),#1115,.T.);
#1125=CARTESIAN_POINT('',(1.02E-1,3.06E-1,0.E0));
#1126=DIRECTION('',(0.E0,0.E0,-1.E0));
#1127=DIRECTION('',(-1.E0,0.E0,0.E0));
#1128=AXIS2_PLACEMENT_3D('',#1125,#1126,#1127);
#1129=CYLINDRICAL_SURFACE('',#1128,2.25E-2);
#1130=ORIENTED_EDGE('',*,*,#590,.F.);
#1131=ORIENTED_EDGE('',*,*,#1120,.T.);
#1132=ORIENTED_EDGE('',*,*,#1032,.T.);
#1133=ORIENTED_EDGE('',*,*,#1117,.F.);
#1134=EDGE_LOOP('',(#1130,#1131,#1132,#1133));
#1135=FACE_OUTER_BOUND('',#1134,.F.);
#1136=ADVANCED_FACE('',(#1135),#1129,.T.);
#1137=CARTESIAN_POINT('',(2.28E-1,4.9E-2,0.E0));
#1138=DIRECTION('',(0.E0,0.E0,-1.E0));
#1139=DIRECTION('',(-1.E0,0.E0,0.E0));
#1140=AXIS2_PLACEMENT_3D('',#1137,#1138,#1139);
#1141=CYLINDRICAL_SURFACE('',#1140,2.25E-2);
#1142=ORIENTED_EDGE('',*,*,#594,.F.);
#1144=ORIENTED_EDGE('',*,*,#1143,.T.);
#1145=ORIENTED_EDGE('',*,*,#1042,.T.);
#1147=ORIENTED_EDGE('',*,*,#1146,.F.);
#1148=EDGE_LOOP('',(#1142,#1144,#1145,#1147));
#1149=FACE_OUTER_BOUND('',#1148,.F.);
#1150=ADVANCED_FACE('',(#1149),#1141,.T.);
#1151=CARTESIAN_POINT('',(2.28E-1,4.9E-2,0.E0));
#1152=DIRECTION('',(0.E0,0.E0,-1.E0));
#1153=DIRECTION('',(-1.E0,0.E0,0.E0));
#1154=AXIS2_PLACEMENT_3D('',#1151,#1152,#1153);
#1155=CYLINDRICAL_SURFACE('',#1154,2.25E-2);
#1156=ORIENTED_EDGE('',*,*,#596,.F.);
#1157=ORIENTED_EDGE('',*,*,#1146,.T.);
#1158=ORIENTED_EDGE('',*,*,#1044,.T.);
#1159=ORIENTED_EDGE('',*,*,#1143,.F.);
#1160=EDGE_LOOP('',(#1156,#1157,#1158,#1159));
#1161=FACE_OUTER_BOUND('',#1160,.F.);
#1162=ADVANCED_FACE('',(#1161),#1155,.T.);
#1163=CARTESIAN_POINT('',(1.65E-1,4.9E-2,0.E0));
#1164=DIRECTION('',(0.E0,0.E0,-1.E0));
#1165=DIRECTION('',(-1.E0,0.E0,0.E0));
#1166=AXIS2_PLACEMENT_3D('',#1163,#1164,#1165);
#1167=CYLINDRICAL_SURFACE('',#1166,2.25E-2);
#1168=ORIENTED_EDGE('',*,*,#600,.F.);
#1170=ORIENTED_EDGE('',*,*,#1169,.T.);
#1171=ORIENTED_EDGE('',*,*,#1054,.T.);
#1173=ORIENTED_EDGE('',*,*,#1172,.F.);
#1174=EDGE_LOOP('',(#1168,#1170,#1171,#1173));
#1175=FACE_OUTER_BOUND('',#1174,.F.);
#1176=ADVANCED_FACE('',(#1175),#1167,.T.);
#1177=CARTESIAN_POINT('',(1.65E-1,4.9E-2,0.E0));
#1178=DIRECTION('',(0.E0,0.E0,-1.E0));
#1179=DIRECTION('',(-1.E0,0.E0,0.E0));
#1180=AXIS2_PLACEMENT_3D('',#1177,#1178,#1179);
#1181=CYLINDRICAL_SURFACE('',#1180,2.25E-2);
#1182=ORIENTED_EDGE('',*,*,#602,.F.);
#1183=ORIENTED_EDGE('',*,*,#1172,.T.);
#1184=ORIENTED_EDGE('',*,*,#1056,.T.);
#1185=ORIENTED_EDGE('',*,*,#1169,.F.);
#1186=EDGE_LOOP('',(#1182,#1183,#1184,#1185));
#1187=FACE_OUTER_BOUND('',#1186,.F.);
#1188=ADVANCED_FACE('',(#1187),#1181,.T.);
#1189=CARTESIAN_POINT('',(1.02E-1,4.9E-2,0.E0));
#1190=DIRECTION('',(0.E0,0.E0,-1.E0));
#1191=DIRECTION('',(-1.E0,0.E0,0.E0));
#1192=AXIS2_PLACEMENT_3D('',#1189,#1190,#1191);
#1193=CYLINDRICAL_SURFACE('',#1192,2.25E-2);
#1194=ORIENTED_EDGE('',*,*,#606,.F.);
#1196=ORIENTED_EDGE('',*,*,#1195,.T.);
#1197=ORIENTED_EDGE('',*,*,#1066,.T.);
#1199=ORIENTED_EDGE('',*,*,#1198,.F.);
#1200=EDGE_LOOP('',(#1194,#1196,#1197,#1199));
#1201=FACE_OUTER_BOUND('',#1200,.F.);
#1202=ADVANCED_FACE('',(#1201),#1193,.T.);
#1203=CARTESIAN_POINT('',(1.02E-1,4.9E-2,0.E0));
#1204=DIRECTION('',(0.E0,0.E0,-1.E0));
#1205=DIRECTION('',(-1.E0,0.E0,0.E0));
#1206=AXIS2_PLACEMENT_3D('',#1203,#1204,#1205);
#1207=CYLINDRICAL_SURFACE('',#1206,2.25E-2);
#1208=ORIENTED_EDGE('',*,*,#608,.F.);
#1209=ORIENTED_EDGE('',*,*,#1198,.T.);
#1210=ORIENTED_EDGE('',*,*,#1068,.T.);
#1211=ORIENTED_EDGE('',*,*,#1195,.F.);
#1212=EDGE_LOOP('',(#1208,#1209,#1210,#1211));
#1213=FACE_OUTER_BOUND('',#1212,.F.);
#1214=ADVANCED_FACE('',(#1213),#1207,.T.);
#1215=CARTESIAN_POINT('',(3.9E-2,4.9E-2,0.E0));
#1216=DIRECTION('',(0.E0,0.E0,-1.E0));
#1217=DIRECTION('',(-1.E0,0.E0,0.E0));
#1218=AXIS2_PLACEMENT_3D('',#1215,#1216,#1217);
#1219=CYLINDRICAL_SURFACE('',#1218,2.25E-2);
#1220=ORIENTED_EDGE('',*,*,#612,.F.);
#1222=ORIENTED_EDGE('',*,*,#1221,.T.);
#1223=ORIENTED_EDGE('',*,*,#1078,.T.);
#1225=ORIENTED_EDGE('',*,*,#1224,.F.);
#1226=EDGE_LOOP('',(#1220,#1222,#1223,#1225));
#1227=FACE_OUTER_BOUND('',#1226,.F.);
#1228=ADVANCED_FACE('',(#1227),#1219,.T.);
#1229=CARTESIAN_POINT('',(3.9E-2,4.9E-2,0.E0));
#1230=DIRECTION('',(0.E0,0.E0,-1.E0));
#1231=DIRECTION('',(-1.E0,0.E0,0.E0));
#1232=AXIS2_PLACEMENT_3D('',#1229,#1230,#1231);
#1233=CYLINDRICAL_SURFACE('',#1232,2.25E-2);
#1234=ORIENTED_EDGE('',*,*,#614,.F.);
#1235=ORIENTED_EDGE('',*,*,#1224,.T.);
#1236=ORIENTED_EDGE('',*,*,#1080,.T.);
#1237=ORIENTED_EDGE('',*,*,#1221,.F.);
#1238=EDGE_LOOP('',(#1234,#1235,#1236,#1237));
#1239=FACE_OUTER_BOUND('',#1238,.F.);
#1240=ADVANCED_FACE('',(#1239),#1233,.T.);
#1241=CLOSED_SHELL('',(#618,#633,#647,#661,#674,#724,#739,#753,#767,#780,#792,
#808,#822,#835,#848,#860,#875,#888,#898,#910,#922,#936,#948,#962,#974,#989,
#1002,#1012,#1024,#1036,#1048,#1060,#1072,#1084,#1098,#1110,#1124,#1136,#1150,
#1162,#1176,#1188,#1202,#1214,#1228,#1240));
#1242=MANIFOLD_SOLID_BREP('',#1241);
#1243=DIMENSIONAL_EXPONENTS(1.E0,0.E0,0.E0,0.E0,0.E0,0.E0,0.E0);
#1245=LENGTH_MEASURE_WITH_UNIT(LENGTH_MEASURE(2.54E1),#1244);
#1246=(CONVERSION_BASED_UNIT('INCH',#1245)LENGTH_UNIT()NAMED_UNIT(#1243));
#1247=DIMENSIONAL_EXPONENTS(0.E0,0.E0,0.E0,0.E0,0.E0,0.E0,0.E0);
#1249=PLANE_ANGLE_MEASURE_WITH_UNIT(PLANE_ANGLE_MEASURE(1.745329251994E-2),
#1248);
#1250=(CONVERSION_BASED_UNIT('DEGREE',#1249)NAMED_UNIT(*)PLANE_ANGLE_UNIT());
#1252=UNCERTAINTY_MEASURE_WITH_UNIT(LENGTH_MEASURE(4.445980266024E-5),#1246,
'closure',
'Maximum model space distance between geometric entities at asserted connectivities');
#1253=(GEOMETRIC_REPRESENTATION_CONTEXT(3)GLOBAL_UNCERTAINTY_ASSIGNED_CONTEXT((
#1252))GLOBAL_UNIT_ASSIGNED_CONTEXT((#1246,#1250,#1251))REPRESENTATION_CONTEXT(
'ID1','3'));
#1254=CARTESIAN_POINT('',(0.E0,0.E0,0.E0));
#1255=DIRECTION('',(0.E0,0.E0,1.E0));
#1256=DIRECTION('',(1.E0,0.E0,0.E0));
#1259=APPLICATION_CONTEXT(
'CONFIGURATION CONTROLLED 3D DESIGNS OF MECHANICAL PARTS AND ASSEMBLIES');
#1260=APPLICATION_PROTOCOL_DEFINITION('international standard',
'config_control_design',1994,#1259);
#1261=DESIGN_CONTEXT('',#1259,'design');
#1262=MECHANICAL_CONTEXT('',#1259,'mechanical');
#1263=PRODUCT('FKX006_AM2','FKX006_AM2','NOT SPECIFIED',(#1262));
#1264=PRODUCT_DEFINITION_FORMATION_WITH_SPECIFIED_SOURCE('1','LAST_VERSION',
#1263,.MADE.);
#1273=CARTESIAN_POINT('',(0.E0,0.E0,0.E0));
#1274=DIRECTION('',(0.E0,0.E0,1.E0));
#1275=DIRECTION('',(1.E0,0.E0,0.E0));
#1276=AXIS2_PLACEMENT_3D('',#1273,#1274,#1275);
#1277=ITEM_DEFINED_TRANSFORMATION('','',#1257,#1276);
#1278=(REPRESENTATION_RELATIONSHIP('','',#1258,#1270)REPRESENTATION_RELATIONSHIP_WITH_TRANSFORMATION(#1277)SHAPE_REPRESENTATION_RELATIONSHIP());
#1279=CONTEXT_DEPENDENT_SHAPE_REPRESENTATION(#1278,#1272);
#1281=DIRECTION('',(0.E0,1.E0,0.E0));
#1282=VECTOR('',#1281,8.E-2);
#1283=CARTESIAN_POINT('',(4.E-2,-4.E-2,3.2E-2));
#1284=LINE('',#1283,#1282);
#1285=DIRECTION('',(1.E0,0.E0,0.E0));
#1286=VECTOR('',#1285,8.E-2);
#1287=CARTESIAN_POINT('',(-4.E-2,-4.E-2,3.2E-2));
#1288=LINE('',#1287,#1286);
#1289=DIRECTION('',(0.E0,-1.E0,0.E0));
#1290=VECTOR('',#1289,8.E-2);
#1291=CARTESIAN_POINT('',(-4.E-2,4.E-2,3.2E-2));
#1292=LINE('',#1291,#1290);
#1293=DIRECTION('',(-1.E0,0.E0,0.E0));
#1294=VECTOR('',#1293,8.E-2);
#1295=CARTESIAN_POINT('',(4.E-2,4.E-2,3.2E-2));
#1296=LINE('',#1295,#1294);
#1297=DIRECTION('',(0.E0,1.E0,0.E0));
#1298=VECTOR('',#1297,1.4E-2);
#1299=CARTESIAN_POINT('',(4.E-2,-2.E-2,2.E-3));
#1300=LINE('',#1299,#1298);
#1301=DIRECTION('',(0.E0,0.E0,1.E0));
#1302=VECTOR('',#1301,2.E-3);
#1303=CARTESIAN_POINT('',(4.E-2,-3.2E-2,0.E0));
#1304=LINE('',#1303,#1302);
#1305=DIRECTION('',(0.E0,1.E0,0.E0));
#1306=VECTOR('',#1305,8.E-3);
#1307=CARTESIAN_POINT('',(4.E-2,-4.E-2,2.E-3));
#1308=LINE('',#1307,#1306);
#1309=DIRECTION('',(0.E0,0.E0,1.E0));
#1310=VECTOR('',#1309,3.E-2);
#1311=CARTESIAN_POINT('',(4.E-2,-4.E-2,2.E-3));
#1312=LINE('',#1311,#1310);
#1313=DIRECTION('',(0.E0,1.E0,0.E0));
#1314=VECTOR('',#1313,8.E-3);
#1315=CARTESIAN_POINT('',(4.E-2,3.2E-2,2.E-3));
#1316=LINE('',#1315,#1314);
#1317=DIRECTION('',(0.E0,0.E0,1.E0));
#1318=VECTOR('',#1317,2.E-3);
#1319=CARTESIAN_POINT('',(4.E-2,2.E-2,0.E0));
#1320=LINE('',#1319,#1318);
#1321=DIRECTION('',(0.E0,1.E0,0.E0));
#1322=VECTOR('',#1321,1.4E-2);
#1323=CARTESIAN_POINT('',(4.E-2,6.E-3,2.E-3));
#1324=LINE('',#1323,#1322);
#1325=DIRECTION('',(0.E0,0.E0,1.E0));
#1326=VECTOR('',#1325,2.E-3);
#1327=CARTESIAN_POINT('',(4.E-2,-6.E-3,0.E0));
#1328=LINE('',#1327,#1326);
#1329=DIRECTION('',(-1.E0,0.E0,0.E0));
#1330=VECTOR('',#1329,1.8E-2);
#1331=CARTESIAN_POINT('',(4.E-2,-2.E-2,2.E-3));
#1332=LINE('',#1331,#1330);
#1333=DIRECTION('',(-1.E0,0.E0,0.E0));
#1334=VECTOR('',#1333,1.8E-2);
#1335=CARTESIAN_POINT('',(4.E-2,-6.E-3,2.E-3));
#1336=LINE('',#1335,#1334);
#1337=DIRECTION('',(0.E0,-1.E0,0.E0));
#1338=VECTOR('',#1337,1.2E-2);
#1339=CARTESIAN_POINT('',(2.2E-2,6.E-3,2.E-3));
#1340=LINE('',#1339,#1338);
#1341=DIRECTION('',(-1.E0,0.E0,0.E0));
#1342=VECTOR('',#1341,1.8E-2);
#1343=CARTESIAN_POINT('',(4.E-2,6.E-3,2.E-3));
#1344=LINE('',#1343,#1342);
#1345=DIRECTION('',(-1.E0,0.E0,0.E0));
#1346=VECTOR('',#1345,1.8E-2);
#1347=CARTESIAN_POINT('',(4.E-2,2.E-2,2.E-3));
#1348=LINE('',#1347,#1346);
#1349=DIRECTION('',(0.E0,-1.E0,0.E0));
#1350=VECTOR('',#1349,1.2E-2);
#1351=CARTESIAN_POINT('',(2.2E-2,3.2E-2,2.E-3));
#1352=LINE('',#1351,#1350);
#1353=DIRECTION('',(-1.E0,0.E0,0.E0));
#1354=VECTOR('',#1353,1.8E-2);
#1355=CARTESIAN_POINT('',(4.E-2,3.2E-2,2.E-3));
#1356=LINE('',#1355,#1354);
#1357=DIRECTION('',(1.E0,0.E0,0.E0));
#1358=VECTOR('',#1357,1.8E-2);
#1359=CARTESIAN_POINT('',(-4.E-2,3.2E-2,2.E-3));
#1360=LINE('',#1359,#1358);
#1361=DIRECTION('',(0.E0,1.E0,0.E0));
#1362=VECTOR('',#1361,1.2E-2);
#1363=CARTESIAN_POINT('',(-2.2E-2,2.E-2,2.E-3));
#1364=LINE('',#1363,#1362);
#1365=DIRECTION('',(1.E0,0.E0,0.E0));
#1366=VECTOR('',#1365,1.8E-2);
#1367=CARTESIAN_POINT('',(-4.E-2,2.E-2,2.E-3));
#1368=LINE('',#1367,#1366);
#1369=DIRECTION('',(1.E0,0.E0,0.E0));
#1370=VECTOR('',#1369,1.8E-2);
#1371=CARTESIAN_POINT('',(-4.E-2,6.E-3,2.E-3));
#1372=LINE('',#1371,#1370);
#1373=DIRECTION('',(0.E0,1.E0,0.E0));
#1374=VECTOR('',#1373,1.2E-2);
#1375=CARTESIAN_POINT('',(-2.2E-2,-6.E-3,2.E-3));
#1376=LINE('',#1375,#1374);
#1377=DIRECTION('',(1.E0,0.E0,0.E0));
#1378=VECTOR('',#1377,1.8E-2);
#1379=CARTESIAN_POINT('',(-4.E-2,-6.E-3,2.E-3));
#1380=LINE('',#1379,#1378);
#1381=DIRECTION('',(1.E0,0.E0,0.E0));
#1382=VECTOR('',#1381,1.8E-2);
#1383=CARTESIAN_POINT('',(-4.E-2,-2.E-2,2.E-3));
#1384=LINE('',#1383,#1382);
#1385=DIRECTION('',(0.E0,1.E0,0.E0));
#1386=VECTOR('',#1385,1.2E-2);
#1387=CARTESIAN_POINT('',(-2.2E-2,-3.2E-2,2.E-3));
#1388=LINE('',#1387,#1386);
#1389=DIRECTION('',(1.E0,0.E0,0.E0));
#1390=VECTOR('',#1389,1.8E-2);
#1391=CARTESIAN_POINT('',(-4.E-2,-3.2E-2,2.E-3));
#1392=LINE('',#1391,#1390);
#1393=DIRECTION('',(-1.E0,0.E0,0.E0));
#1394=VECTOR('',#1393,1.8E-2);
#1395=CARTESIAN_POINT('',(4.E-2,-3.2E-2,2.E-3));
#1396=LINE('',#1395,#1394);
#1397=DIRECTION('',(0.E0,-1.E0,0.E0));
#1398=VECTOR('',#1397,1.2E-2);
#1399=CARTESIAN_POINT('',(2.2E-2,-2.E-2,2.E-3));
#1400=LINE('',#1399,#1398);
#1401=DIRECTION('',(0.E0,0.E0,1.E0));
#1402=VECTOR('',#1401,2.E-3);
#1403=CARTESIAN_POINT('',(4.E-2,-2.E-2,0.E0));
#1404=LINE('',#1403,#1402);
#1405=DIRECTION('',(0.E0,0.E0,1.E0));
#1406=VECTOR('',#1405,2.E-3);
#1407=CARTESIAN_POINT('',(2.2E-2,-2.E-2,0.E0));
#1408=LINE('',#1407,#1406);
#1409=DIRECTION('',(0.E0,0.E0,1.E0));
#1410=VECTOR('',#1409,2.E-3);
#1411=CARTESIAN_POINT('',(2.2E-2,-3.2E-2,0.E0));
#1412=LINE('',#1411,#1410);
#1413=DIRECTION('',(-1.E0,0.E0,0.E0));
#1414=VECTOR('',#1413,1.8E-2);
#1415=CARTESIAN_POINT('',(4.E-2,-2.E-2,0.E0));
#1416=LINE('',#1415,#1414);
#1417=DIRECTION('',(0.E0,-1.E0,0.E0));
#1418=VECTOR('',#1417,1.2E-2);
#1419=CARTESIAN_POINT('',(2.2E-2,-2.E-2,0.E0));
#1420=LINE('',#1419,#1418);
#1421=DIRECTION('',(1.E0,0.E0,0.E0));
#1422=VECTOR('',#1421,1.8E-2);
#1423=CARTESIAN_POINT('',(2.2E-2,-3.2E-2,0.E0));
#1424=LINE('',#1423,#1422);
#1425=DIRECTION('',(0.E0,1.E0,0.E0));
#1426=VECTOR('',#1425,1.2E-2);
#1427=CARTESIAN_POINT('',(4.E-2,-3.2E-2,0.E0));
#1428=LINE('',#1427,#1426);
#1429=DIRECTION('',(0.E0,-1.E0,0.E0));
#1430=VECTOR('',#1429,1.2E-2);
#1431=CARTESIAN_POINT('',(-4.E-2,-2.E-2,0.E0));
#1432=LINE('',#1431,#1430);
#1433=DIRECTION('',(1.E0,0.E0,0.E0));
#1434=VECTOR('',#1433,1.8E-2);
#1435=CARTESIAN_POINT('',(-4.E-2,-3.2E-2,0.E0));
#1436=LINE('',#1435,#1434);
#1437=DIRECTION('',(0.E0,1.E0,0.E0));
#1438=VECTOR('',#1437,1.2E-2);
#1439=CARTESIAN_POINT('',(-2.2E-2,-3.2E-2,0.E0));
#1440=LINE('',#1439,#1438);
#1441=DIRECTION('',(-1.E0,0.E0,0.E0));
#1442=VECTOR('',#1441,1.8E-2);
#1443=CARTESIAN_POINT('',(-2.2E-2,-2.E-2,0.E0));
#1444=LINE('',#1443,#1442);
#1445=DIRECTION('',(0.E0,-1.E0,0.E0));
#1446=VECTOR('',#1445,8.E-3);
#1447=CARTESIAN_POINT('',(-4.E-2,-3.2E-2,2.E-3));
#1448=LINE('',#1447,#1446);
#1449=DIRECTION('',(0.E0,0.E0,1.E0));
#1450=VECTOR('',#1449,2.E-3);
#1451=CARTESIAN_POINT('',(-4.E-2,-2.E-2,0.E0));
#1452=LINE('',#1451,#1450);
#1453=DIRECTION('',(0.E0,-1.E0,0.E0));
#1454=VECTOR('',#1453,1.4E-2);
#1455=CARTESIAN_POINT('',(-4.E-2,-6.E-3,2.E-3));
#1456=LINE('',#1455,#1454);
#1457=DIRECTION('',(0.E0,0.E0,1.E0));
#1458=VECTOR('',#1457,2.E-3);
#1459=CARTESIAN_POINT('',(-4.E-2,6.E-3,0.E0));
#1460=LINE('',#1459,#1458);
#1461=DIRECTION('',(0.E0,-1.E0,0.E0));
#1462=VECTOR('',#1461,1.4E-2);
#1463=CARTESIAN_POINT('',(-4.E-2,2.E-2,2.E-3));
#1464=LINE('',#1463,#1462);
#1465=DIRECTION('',(0.E0,0.E0,1.E0));
#1466=VECTOR('',#1465,2.E-3);
#1467=CARTESIAN_POINT('',(-4.E-2,3.2E-2,0.E0));
#1468=LINE('',#1467,#1466);
#1469=DIRECTION('',(0.E0,-1.E0,0.E0));
#1470=VECTOR('',#1469,8.E-3);
#1471=CARTESIAN_POINT('',(-4.E-2,4.E-2,2.E-3));
#1472=LINE('',#1471,#1470);
#1473=DIRECTION('',(0.E0,0.E0,1.E0));
#1474=VECTOR('',#1473,3.E-2);
#1475=CARTESIAN_POINT('',(-4.E-2,4.E-2,2.E-3));
#1476=LINE('',#1475,#1474);
#1477=DIRECTION('',(0.E0,0.E0,1.E0));
#1478=VECTOR('',#1477,2.E-3);
#1479=CARTESIAN_POINT('',(-4.E-2,-3.2E-2,0.E0));
#1480=LINE('',#1479,#1478);
#1481=DIRECTION('',(0.E0,0.E0,1.E0));
#1482=VECTOR('',#1481,2.E-3);
#1483=CARTESIAN_POINT('',(-2.2E-2,-3.2E-2,0.E0));
#1484=LINE('',#1483,#1482);
#1485=DIRECTION('',(0.E0,0.E0,1.E0));
#1486=VECTOR('',#1485,2.E-3);
#1487=CARTESIAN_POINT('',(-2.2E-2,-2.E-2,0.E0));
#1488=LINE('',#1487,#1486);
#1489=DIRECTION('',(0.E0,0.E0,1.E0));
#1490=VECTOR('',#1489,2.E-3);
#1491=CARTESIAN_POINT('',(-4.E-2,-6.E-3,0.E0));
#1492=LINE('',#1491,#1490);
#1493=DIRECTION('',(0.E0,0.E0,1.E0));
#1494=VECTOR('',#1493,2.E-3);
#1495=CARTESIAN_POINT('',(-2.2E-2,-6.E-3,0.E0));
#1496=LINE('',#1495,#1494);
#1497=DIRECTION('',(0.E0,0.E0,1.E0));
#1498=VECTOR('',#1497,2.E-3);
#1499=CARTESIAN_POINT('',(-2.2E-2,6.E-3,0.E0));
#1500=LINE('',#1499,#1498);
#1501=DIRECTION('',(-1.E0,0.E0,0.E0));
#1502=VECTOR('',#1501,1.8E-2);
#1503=CARTESIAN_POINT('',(4.E-2,6.E-3,0.E0));
#1504=LINE('',#1503,#1502);
#1505=DIRECTION('',(0.E0,-1.E0,0.E0));
#1506=VECTOR('',#1505,1.2E-2);
#1507=CARTESIAN_POINT('',(2.2E-2,6.E-3,0.E0));
#1508=LINE('',#1507,#1506);
#1509=DIRECTION('',(1.E0,0.E0,0.E0));
#1510=VECTOR('',#1509,1.8E-2);
#1511=CARTESIAN_POINT('',(2.2E-2,-6.E-3,0.E0));
#1512=LINE('',#1511,#1510);
#1513=DIRECTION('',(0.E0,1.E0,0.E0));
#1514=VECTOR('',#1513,1.2E-2);
#1515=CARTESIAN_POINT('',(4.E-2,-6.E-3,0.E0));
#1516=LINE('',#1515,#1514);
#1517=DIRECTION('',(0.E0,-1.E0,0.E0));
#1518=VECTOR('',#1517,1.2E-2);
#1519=CARTESIAN_POINT('',(-4.E-2,6.E-3,0.E0));
#1520=LINE('',#1519,#1518);
#1521=DIRECTION('',(1.E0,0.E0,0.E0));
#1522=VECTOR('',#1521,1.8E-2);
#1523=CARTESIAN_POINT('',(-4.E-2,-6.E-3,0.E0));
#1524=LINE('',#1523,#1522);
#1525=DIRECTION('',(0.E0,1.E0,0.E0));
#1526=VECTOR('',#1525,1.2E-2);
#1527=CARTESIAN_POINT('',(-2.2E-2,-6.E-3,0.E0));
#1528=LINE('',#1527,#1526);
#1529=DIRECTION('',(-1.E0,0.E0,0.E0));
#1530=VECTOR('',#1529,1.8E-2);
#1531=CARTESIAN_POINT('',(-2.2E-2,6.E-3,0.E0));
#1532=LINE('',#1531,#1530);
#1533=DIRECTION('',(0.E0,0.E0,1.E0));
#1534=VECTOR('',#1533,2.E-3);
#1535=CARTESIAN_POINT('',(4.E-2,6.E-3,0.E0));
#1536=LINE('',#1535,#1534);
#1537=DIRECTION('',(0.E0,0.E0,1.E0));
#1538=VECTOR('',#1537,2.E-3);
#1539=CARTESIAN_POINT('',(2.2E-2,6.E-3,0.E0));
#1540=LINE('',#1539,#1538);
#1541=DIRECTION('',(0.E0,0.E0,1.E0));
#1542=VECTOR('',#1541,2.E-3);
#1543=CARTESIAN_POINT('',(2.2E-2,-6.E-3,0.E0));
#1544=LINE('',#1543,#1542);
#1545=DIRECTION('',(0.E0,0.E0,1.E0));
#1546=VECTOR('',#1545,2.E-3);
#1547=CARTESIAN_POINT('',(-4.E-2,2.E-2,0.E0));
#1548=LINE('',#1547,#1546);
#1549=DIRECTION('',(0.E0,0.E0,1.E0));
#1550=VECTOR('',#1549,2.E-3);
#1551=CARTESIAN_POINT('',(-2.2E-2,2.E-2,0.E0));
#1552=LINE('',#1551,#1550);
#1553=DIRECTION('',(0.E0,0.E0,1.E0));
#1554=VECTOR('',#1553,2.E-3);
#1555=CARTESIAN_POINT('',(-2.2E-2,3.2E-2,0.E0));
#1556=LINE('',#1555,#1554);
#1557=DIRECTION('',(-1.E0,0.E0,0.E0));
#1558=VECTOR('',#1557,1.8E-2);
#1559=CARTESIAN_POINT('',(4.E-2,3.2E-2,0.E0));
#1560=LINE('',#1559,#1558);
#1561=DIRECTION('',(0.E0,-1.E0,0.E0));
#1562=VECTOR('',#1561,1.2E-2);
#1563=CARTESIAN_POINT('',(2.2E-2,3.2E-2,0.E0));
#1564=LINE('',#1563,#1562);
#1565=DIRECTION('',(1.E0,0.E0,0.E0));
#1566=VECTOR('',#1565,1.8E-2);
#1567=CARTESIAN_POINT('',(2.2E-2,2.E-2,0.E0));
#1568=LINE('',#1567,#1566);
#1569=DIRECTION('',(0.E0,1.E0,0.E0));
#1570=VECTOR('',#1569,1.2E-2);
#1571=CARTESIAN_POINT('',(4.E-2,2.E-2,0.E0));
#1572=LINE('',#1571,#1570);
#1573=DIRECTION('',(0.E0,-1.E0,0.E0));
#1574=VECTOR('',#1573,1.2E-2);
#1575=CARTESIAN_POINT('',(-4.E-2,3.2E-2,0.E0));
#1576=LINE('',#1575,#1574);
#1577=DIRECTION('',(1.E0,0.E0,0.E0));
#1578=VECTOR('',#1577,1.8E-2);
#1579=CARTESIAN_POINT('',(-4.E-2,2.E-2,0.E0));
#1580=LINE('',#1579,#1578);
#1581=DIRECTION('',(0.E0,1.E0,0.E0));
#1582=VECTOR('',#1581,1.2E-2);
#1583=CARTESIAN_POINT('',(-2.2E-2,2.E-2,0.E0));
#1584=LINE('',#1583,#1582);
#1585=DIRECTION('',(-1.E0,0.E0,0.E0));
#1586=VECTOR('',#1585,1.8E-2);
#1587=CARTESIAN_POINT('',(-2.2E-2,3.2E-2,0.E0));
#1588=LINE('',#1587,#1586);
#1589=DIRECTION('',(0.E0,0.E0,1.E0));
#1590=VECTOR('',#1589,2.E-3);
#1591=CARTESIAN_POINT('',(4.E-2,3.2E-2,0.E0));
#1592=LINE('',#1591,#1590);
#1593=DIRECTION('',(0.E0,0.E0,1.E0));
#1594=VECTOR('',#1593,2.E-3);
#1595=CARTESIAN_POINT('',(2.2E-2,3.2E-2,0.E0));
#1596=LINE('',#1595,#1594);
#1597=DIRECTION('',(0.E0,0.E0,1.E0));
#1598=VECTOR('',#1597,2.E-3);
#1599=CARTESIAN_POINT('',(2.2E-2,2.E-2,0.E0));
#1600=LINE('',#1599,#1598);
#1601=DIRECTION('',(-1.E0,0.E0,0.E0));
#1602=VECTOR('',#1601,8.E-2);
#1603=CARTESIAN_POINT('',(4.E-2,4.E-2,2.E-3));
#1604=LINE('',#1603,#1602);
#1605=DIRECTION('',(0.E0,0.E0,1.E0));
#1606=VECTOR('',#1605,3.E-2);
#1607=CARTESIAN_POINT('',(4.E-2,4.E-2,2.E-3));
#1608=LINE('',#1607,#1606);
#1609=DIRECTION('',(1.E0,0.E0,0.E0));
#1610=VECTOR('',#1609,8.E-2);
#1611=CARTESIAN_POINT('',(-4.E-2,-4.E-2,2.E-3));
#1612=LINE('',#1611,#1610);
#1613=DIRECTION('',(0.E0,0.E0,1.E0));
#1614=VECTOR('',#1613,3.E-2);
#1615=CARTESIAN_POINT('',(-4.E-2,-4.E-2,2.E-3));
#1616=LINE('',#1615,#1614);
#1617=CARTESIAN_POINT('',(4.E-2,-4.E-2,3.2E-2));
#1618=CARTESIAN_POINT('',(4.E-2,4.E-2,3.2E-2));
#1619=VERTEX_POINT('',#1617);
#1620=VERTEX_POINT('',#1618);
#1621=CARTESIAN_POINT('',(-4.E-2,4.E-2,3.2E-2));
#1622=VERTEX_POINT('',#1621);
#1623=CARTESIAN_POINT('',(-4.E-2,-4.E-2,3.2E-2));
#1624=VERTEX_POINT('',#1623);
#1625=CARTESIAN_POINT('',(4.E-2,4.E-2,2.E-3));
#1626=CARTESIAN_POINT('',(-4.E-2,4.E-2,2.E-3));
#1627=VERTEX_POINT('',#1625);
#1628=VERTEX_POINT('',#1626);
#1629=CARTESIAN_POINT('',(-4.E-2,-4.E-2,2.E-3));
#1630=CARTESIAN_POINT('',(4.E-2,-4.E-2,2.E-3));
#1631=VERTEX_POINT('',#1629);
#1632=VERTEX_POINT('',#1630);
#1633=CARTESIAN_POINT('',(4.E-2,3.2E-2,0.E0));
#1634=CARTESIAN_POINT('',(2.2E-2,3.2E-2,0.E0));
#1635=VERTEX_POINT('',#1633);
#1636=VERTEX_POINT('',#1634);
#1637=CARTESIAN_POINT('',(2.2E-2,2.E-2,0.E0));
#1638=VERTEX_POINT('',#1637);
#1639=CARTESIAN_POINT('',(4.E-2,2.E-2,0.E0));
#1640=VERTEX_POINT('',#1639);
#1641=CARTESIAN_POINT('',(-4.E-2,3.2E-2,0.E0));
#1642=CARTESIAN_POINT('',(-4.E-2,2.E-2,0.E0));
#1643=VERTEX_POINT('',#1641);
#1644=VERTEX_POINT('',#1642);
#1645=CARTESIAN_POINT('',(-2.2E-2,2.E-2,0.E0));
#1646=VERTEX_POINT('',#1645);
#1647=CARTESIAN_POINT('',(-2.2E-2,3.2E-2,0.E0));
#1648=VERTEX_POINT('',#1647);
#1649=CARTESIAN_POINT('',(4.E-2,3.2E-2,2.E-3));
#1650=CARTESIAN_POINT('',(2.2E-2,3.2E-2,2.E-3));
#1651=VERTEX_POINT('',#1649);
#1652=VERTEX_POINT('',#1650);
#1653=CARTESIAN_POINT('',(2.2E-2,2.E-2,2.E-3));
#1654=VERTEX_POINT('',#1653);
#1655=CARTESIAN_POINT('',(4.E-2,2.E-2,2.E-3));
#1656=VERTEX_POINT('',#1655);
#1657=CARTESIAN_POINT('',(-4.E-2,2.E-2,2.E-3));
#1658=CARTESIAN_POINT('',(-2.2E-2,2.E-2,2.E-3));
#1659=VERTEX_POINT('',#1657);
#1660=VERTEX_POINT('',#1658);
#1661=CARTESIAN_POINT('',(-2.2E-2,3.2E-2,2.E-3));
#1662=VERTEX_POINT('',#1661);
#1663=CARTESIAN_POINT('',(-4.E-2,3.2E-2,2.E-3));
#1664=VERTEX_POINT('',#1663);
#1665=CARTESIAN_POINT('',(4.E-2,6.E-3,0.E0));
#1666=CARTESIAN_POINT('',(2.2E-2,6.E-3,0.E0));
#1667=VERTEX_POINT('',#1665);
#1668=VERTEX_POINT('',#1666);
#1669=CARTESIAN_POINT('',(2.2E-2,-6.E-3,0.E0));
#1670=VERTEX_POINT('',#1669);
#1671=CARTESIAN_POINT('',(4.E-2,-6.E-3,0.E0));
#1672=VERTEX_POINT('',#1671);
#1673=CARTESIAN_POINT('',(-4.E-2,6.E-3,0.E0));
#1674=CARTESIAN_POINT('',(-4.E-2,-6.E-3,0.E0));
#1675=VERTEX_POINT('',#1673);
#1676=VERTEX_POINT('',#1674);
#1677=CARTESIAN_POINT('',(-2.2E-2,-6.E-3,0.E0));
#1678=VERTEX_POINT('',#1677);
#1679=CARTESIAN_POINT('',(-2.2E-2,6.E-3,0.E0));
#1680=VERTEX_POINT('',#1679);
#1681=CARTESIAN_POINT('',(4.E-2,6.E-3,2.E-3));
#1682=CARTESIAN_POINT('',(2.2E-2,6.E-3,2.E-3));
#1683=VERTEX_POINT('',#1681);
#1684=VERTEX_POINT('',#1682);
#1685=CARTESIAN_POINT('',(2.2E-2,-6.E-3,2.E-3));
#1686=VERTEX_POINT('',#1685);
#1687=CARTESIAN_POINT('',(4.E-2,-6.E-3,2.E-3));
#1688=VERTEX_POINT('',#1687);
#1689=CARTESIAN_POINT('',(-4.E-2,-6.E-3,2.E-3));
#1690=CARTESIAN_POINT('',(-2.2E-2,-6.E-3,2.E-3));
#1691=VERTEX_POINT('',#1689);
#1692=VERTEX_POINT('',#1690);
#1693=CARTESIAN_POINT('',(-2.2E-2,6.E-3,2.E-3));
#1694=VERTEX_POINT('',#1693);
#1695=CARTESIAN_POINT('',(-4.E-2,6.E-3,2.E-3));
#1696=VERTEX_POINT('',#1695);
#1697=CARTESIAN_POINT('',(4.E-2,-2.E-2,0.E0));
#1698=CARTESIAN_POINT('',(2.2E-2,-2.E-2,0.E0));
#1699=VERTEX_POINT('',#1697);
#1700=VERTEX_POINT('',#1698);
#1701=CARTESIAN_POINT('',(2.2E-2,-3.2E-2,0.E0));
#1702=VERTEX_POINT('',#1701);
#1703=CARTESIAN_POINT('',(4.E-2,-3.2E-2,0.E0));
#1704=VERTEX_POINT('',#1703);
#1705=CARTESIAN_POINT('',(-4.E-2,-2.E-2,0.E0));
#1706=CARTESIAN_POINT('',(-4.E-2,-3.2E-2,0.E0));
#1707=VERTEX_POINT('',#1705);
#1708=VERTEX_POINT('',#1706);
#1709=CARTESIAN_POINT('',(-2.2E-2,-3.2E-2,0.E0));
#1710=VERTEX_POINT('',#1709);
#1711=CARTESIAN_POINT('',(-2.2E-2,-2.E-2,0.E0));
#1712=VERTEX_POINT('',#1711);
#1713=CARTESIAN_POINT('',(4.E-2,-2.E-2,2.E-3));
#1714=CARTESIAN_POINT('',(2.2E-2,-2.E-2,2.E-3));
#1715=VERTEX_POINT('',#1713);
#1716=VERTEX_POINT('',#1714);
#1717=CARTESIAN_POINT('',(2.2E-2,-3.2E-2,2.E-3));
#1718=VERTEX_POINT('',#1717);
#1719=CARTESIAN_POINT('',(4.E-2,-3.2E-2,2.E-3));
#1720=VERTEX_POINT('',#1719);
#1721=CARTESIAN_POINT('',(-4.E-2,-3.2E-2,2.E-3));
#1722=CARTESIAN_POINT('',(-2.2E-2,-3.2E-2,2.E-3));
#1723=VERTEX_POINT('',#1721);
#1724=VERTEX_POINT('',#1722);
#1725=CARTESIAN_POINT('',(-2.2E-2,-2.E-2,2.E-3));
#1726=VERTEX_POINT('',#1725);
#1727=CARTESIAN_POINT('',(-4.E-2,-2.E-2,2.E-3));
#1728=VERTEX_POINT('',#1727);
#1729=CARTESIAN_POINT('',(0.E0,0.E0,3.2E-2));
#1730=DIRECTION('',(0.E0,0.E0,1.E0));
#1731=DIRECTION('',(1.E0,0.E0,0.E0));
#1732=AXIS2_PLACEMENT_3D('',#1729,#1730,#1731);
#1733=PLANE('',#1732);
#1735=ORIENTED_EDGE('',*,*,#1734,.F.);
#1737=ORIENTED_EDGE('',*,*,#1736,.F.);
#1739=ORIENTED_EDGE('',*,*,#1738,.F.);
#1741=ORIENTED_EDGE('',*,*,#1740,.F.);
#1742=EDGE_LOOP('',(#1735,#1737,#1739,#1741));
#1743=FACE_OUTER_BOUND('',#1742,.F.);
#1744=ADVANCED_FACE('',(#1743),#1733,.T.);
#1745=CARTESIAN_POINT('',(4.E-2,-4.E-2,0.E0));
#1746=DIRECTION('',(1.E0,0.E0,0.E0));
#1747=DIRECTION('',(0.E0,1.E0,0.E0));
#1748=AXIS2_PLACEMENT_3D('',#1745,#1746,#1747);
#1749=PLANE('',#1748);
#1751=ORIENTED_EDGE('',*,*,#1750,.F.);
#1753=ORIENTED_EDGE('',*,*,#1752,.F.);
#1755=ORIENTED_EDGE('',*,*,#1754,.F.);
#1757=ORIENTED_EDGE('',*,*,#1756,.T.);
#1759=ORIENTED_EDGE('',*,*,#1758,.F.);
#1761=ORIENTED_EDGE('',*,*,#1760,.T.);
#1762=ORIENTED_EDGE('',*,*,#1734,.T.);
#1764=ORIENTED_EDGE('',*,*,#1763,.F.);
#1766=ORIENTED_EDGE('',*,*,#1765,.F.);
#1768=ORIENTED_EDGE('',*,*,#1767,.F.);
#1770=ORIENTED_EDGE('',*,*,#1769,.F.);
#1772=ORIENTED_EDGE('',*,*,#1771,.T.);
#1774=ORIENTED_EDGE('',*,*,#1773,.F.);
#1776=ORIENTED_EDGE('',*,*,#1775,.F.);
#1778=ORIENTED_EDGE('',*,*,#1777,.F.);
#1780=ORIENTED_EDGE('',*,*,#1779,.T.);
#1781=EDGE_LOOP('',(#1751,#1753,#1755,#1757,#1759,#1761,#1762,#1764,#1766,#1768,
#1770,#1772,#1774,#1776,#1778,#1780));
#1782=FACE_OUTER_BOUND('',#1781,.F.);
#1783=ADVANCED_FACE('',(#1782),#1749,.T.);
#1784=CARTESIAN_POINT('',(0.E0,0.E0,2.E-3));
#1785=DIRECTION('',(0.E0,0.E0,-1.E0));
#1786=DIRECTION('',(0.E0,-1.E0,0.E0));
#1787=AXIS2_PLACEMENT_3D('',#1784,#1785,#1786);
#1788=PLANE('',#1787);
#1790=ORIENTED_EDGE('',*,*,#1789,.F.);
#1791=ORIENTED_EDGE('',*,*,#1750,.T.);
#1793=ORIENTED_EDGE('',*,*,#1792,.T.);
#1795=ORIENTED_EDGE('',*,*,#1794,.F.);
#1797=ORIENTED_EDGE('',*,*,#1796,.F.);
#1798=ORIENTED_EDGE('',*,*,#1773,.T.);
#1800=ORIENTED_EDGE('',*,*,#1799,.T.);
#1802=ORIENTED_EDGE('',*,*,#1801,.F.);
#1804=ORIENTED_EDGE('',*,*,#1803,.F.);
#1805=ORIENTED_EDGE('',*,*,#1765,.T.);
#1807=ORIENTED_EDGE('',*,*,#1806,.T.);
#1809=ORIENTED_EDGE('',*,*,#1808,.T.);
#1811=ORIENTED_EDGE('',*,*,#1810,.T.);
#1813=ORIENTED_EDGE('',*,*,#1812,.F.);
#1815=ORIENTED_EDGE('',*,*,#1814,.F.);
#1817=ORIENTED_EDGE('',*,*,#1816,.T.);
#1819=ORIENTED_EDGE('',*,*,#1818,.T.);
#1821=ORIENTED_EDGE('',*,*,#1820,.F.);
#1823=ORIENTED_EDGE('',*,*,#1822,.F.);
#1825=ORIENTED_EDGE('',*,*,#1824,.T.);
#1827=ORIENTED_EDGE('',*,*,#1826,.T.);
#1829=ORIENTED_EDGE('',*,*,#1828,.F.);
#1831=ORIENTED_EDGE('',*,*,#1830,.F.);
#1833=ORIENTED_EDGE('',*,*,#1832,.T.);
#1835=ORIENTED_EDGE('',*,*,#1834,.T.);
#1836=ORIENTED_EDGE('',*,*,#1758,.T.);
#1838=ORIENTED_EDGE('',*,*,#1837,.T.);
#1840=ORIENTED_EDGE('',*,*,#1839,.F.);
#1841=EDGE_LOOP('',(#1790,#1791,#1793,#1795,#1797,#1798,#1800,#1802,#1804,#1805,
#1807,#1809,#1811,#1813,#1815,#1817,#1819,#1821,#1823,#1825,#1827,#1829,#1831,
#1833,#1835,#1836,#1838,#1840));
#1842=FACE_OUTER_BOUND('',#1841,.F.);
#1843=ADVANCED_FACE('',(#1842),#1788,.T.);
#1844=CARTESIAN_POINT('',(4.E-2,-2.E-2,0.E0));
#1845=DIRECTION('',(0.E0,1.E0,0.E0));
#1846=DIRECTION('',(-1.E0,0.E0,0.E0));
#1847=AXIS2_PLACEMENT_3D('',#1844,#1845,#1846);
#1848=PLANE('',#1847);
#1849=ORIENTED_EDGE('',*,*,#1789,.T.);
#1851=ORIENTED_EDGE('',*,*,#1850,.F.);
#1853=ORIENTED_EDGE('',*,*,#1852,.F.);
#1854=ORIENTED_EDGE('',*,*,#1752,.T.);
#1855=EDGE_LOOP('',(#1849,#1851,#1853,#1854));
#1856=FACE_OUTER_BOUND('',#1855,.F.);
#1857=ADVANCED_FACE('',(#1856),#1848,.T.);
#1858=CARTESIAN_POINT('',(2.2E-2,-2.E-2,0.E0));
#1859=DIRECTION('',(-1.E0,0.E0,0.E0));
#1860=DIRECTION('',(0.E0,-1.E0,0.E0));
#1861=AXIS2_PLACEMENT_3D('',#1858,#1859,#1860);
#1862=PLANE('',#1861);
#1863=ORIENTED_EDGE('',*,*,#1839,.T.);
#1865=ORIENTED_EDGE('',*,*,#1864,.F.);
#1867=ORIENTED_EDGE('',*,*,#1866,.F.);
#1868=ORIENTED_EDGE('',*,*,#1850,.T.);
#1869=EDGE_LOOP('',(#1863,#1865,#1867,#1868));
#1870=FACE_OUTER_BOUND('',#1869,.F.);
#1871=ADVANCED_FACE('',(#1870),#1862,.T.);
#1872=CARTESIAN_POINT('',(2.2E-2,-3.2E-2,0.E0));
#1873=DIRECTION('',(0.E0,-1.E0,0.E0));
#1874=DIRECTION('',(1.E0,0.E0,0.E0));
#1875=AXIS2_PLACEMENT_3D('',#1872,#1873,#1874);
#1876=PLANE('',#1875);
#1877=ORIENTED_EDGE('',*,*,#1837,.F.);
#1878=ORIENTED_EDGE('',*,*,#1756,.F.);
#1880=ORIENTED_EDGE('',*,*,#1879,.F.);
#1881=ORIENTED_EDGE('',*,*,#1864,.T.);
#1882=EDGE_LOOP('',(#1877,#1878,#1880,#1881));
#1883=FACE_OUTER_BOUND('',#1882,.F.);
#1884=ADVANCED_FACE('',(#1883),#1876,.T.);
#1885=CARTESIAN_POINT('',(0.E0,0.E0,0.E0));
#1886=DIRECTION('',(0.E0,0.E0,1.E0));
#1887=DIRECTION('',(1.E0,0.E0,0.E0));
#1888=AXIS2_PLACEMENT_3D('',#1885,#1886,#1887);
#1889=PLANE('',#1888);
#1890=ORIENTED_EDGE('',*,*,#1852,.T.);
#1891=ORIENTED_EDGE('',*,*,#1866,.T.);
#1892=ORIENTED_EDGE('',*,*,#1879,.T.);
#1893=ORIENTED_EDGE('',*,*,#1754,.T.);
#1894=EDGE_LOOP('',(#1890,#1891,#1892,#1893));
#1895=FACE_OUTER_BOUND('',#1894,.F.);
#1896=ADVANCED_FACE('',(#1895),#1889,.F.);
#1897=CARTESIAN_POINT('',(0.E0,0.E0,0.E0));
#1898=DIRECTION('',(0.E0,0.E0,1.E0));
#1899=DIRECTION('',(1.E0,0.E0,0.E0));
#1900=AXIS2_PLACEMENT_3D('',#1897,#1898,#1899);
#1901=PLANE('',#1900);
#1903=ORIENTED_EDGE('',*,*,#1902,.T.);
#1905=ORIENTED_EDGE('',*,*,#1904,.T.);
#1907=ORIENTED_EDGE('',*,*,#1906,.T.);
#1909=ORIENTED_EDGE('',*,*,#1908,.T.);
#1910=EDGE_LOOP('',(#1903,#1905,#1907,#1909));
#1911=FACE_OUTER_BOUND('',#1910,.F.);
#1912=ADVANCED_FACE('',(#1911),#1901,.F.);
#1913=CARTESIAN_POINT('',(-4.E-2,4.E-2,0.E0));
#1914=DIRECTION('',(-1.E0,0.E0,0.E0));
#1915=DIRECTION('',(0.E0,-1.E0,0.E0));
#1916=AXIS2_PLACEMENT_3D('',#1913,#1914,#1915);
#1917=PLANE('',#1916);
#1918=ORIENTED_EDGE('',*,*,#1832,.F.);
#1920=ORIENTED_EDGE('',*,*,#1919,.F.);
#1921=ORIENTED_EDGE('',*,*,#1902,.F.);
#1923=ORIENTED_EDGE('',*,*,#1922,.T.);
#1924=ORIENTED_EDGE('',*,*,#1824,.F.);
#1926=ORIENTED_EDGE('',*,*,#1925,.F.);
#1928=ORIENTED_EDGE('',*,*,#1927,.F.);
#1930=ORIENTED_EDGE('',*,*,#1929,.T.);
#1931=ORIENTED_EDGE('',*,*,#1816,.F.);
#1933=ORIENTED_EDGE('',*,*,#1932,.F.);
#1935=ORIENTED_EDGE('',*,*,#1934,.F.);
#1937=ORIENTED_EDGE('',*,*,#1936,.T.);
#1938=ORIENTED_EDGE('',*,*,#1808,.F.);
#1940=ORIENTED_EDGE('',*,*,#1939,.T.);
#1941=ORIENTED_EDGE('',*,*,#1738,.T.);
#1943=ORIENTED_EDGE('',*,*,#1942,.F.);
#1944=EDGE_LOOP('',(#1918,#1920,#1921,#1923,#1924,#1926,#1928,#1930,#1931,#1933,
#1935,#1937,#1938,#1940,#1941,#1943));
#1945=FACE_OUTER_BOUND('',#1944,.F.);
#1946=ADVANCED_FACE('',(#1945),#1917,.T.);
#1947=CARTESIAN_POINT('',(-4.E-2,-3.2E-2,0.E0));
#1948=DIRECTION('',(0.E0,-1.E0,0.E0));
#1949=DIRECTION('',(1.E0,0.E0,0.E0));
#1950=AXIS2_PLACEMENT_3D('',#1947,#1948,#1949);
#1951=PLANE('',#1950);
#1952=ORIENTED_EDGE('',*,*,#1830,.T.);
#1954=ORIENTED_EDGE('',*,*,#1953,.F.);
#1955=ORIENTED_EDGE('',*,*,#1904,.F.);
#1956=ORIENTED_EDGE('',*,*,#1919,.T.);
#1957=EDGE_LOOP('',(#1952,#1954,#1955,#1956));
#1958=FACE_OUTER_BOUND('',#1957,.F.);
#1959=ADVANCED_FACE('',(#1958),#1951,.T.);
#1960=CARTESIAN_POINT('',(-2.2E-2,-3.2E-2,0.E0));
#1961=DIRECTION('',(1.E0,0.E0,0.E0));
#1962=DIRECTION('',(0.E0,1.E0,0.E0));
#1963=AXIS2_PLACEMENT_3D('',#1960,#1961,#1962);
#1964=PLANE('',#1963);
#1965=ORIENTED_EDGE('',*,*,#1828,.T.);
#1967=ORIENTED_EDGE('',*,*,#1966,.F.);
#1968=ORIENTED_EDGE('',*,*,#1906,.F.);
#1969=ORIENTED_EDGE('',*,*,#1953,.T.);
#1970=EDGE_LOOP('',(#1965,#1967,#1968,#1969));
#1971=FACE_OUTER_BOUND('',#1970,.F.);
#1972=ADVANCED_FACE('',(#1971),#1964,.T.);
#1973=CARTESIAN_POINT('',(-2.2E-2,-2.E-2,0.E0));
#1974=DIRECTION('',(0.E0,1.E0,0.E0));
#1975=DIRECTION('',(-1.E0,0.E0,0.E0));
#1976=AXIS2_PLACEMENT_3D('',#1973,#1974,#1975);
#1977=PLANE('',#1976);
#1978=ORIENTED_EDGE('',*,*,#1826,.F.);
#1979=ORIENTED_EDGE('',*,*,#1922,.F.);
#1980=ORIENTED_EDGE('',*,*,#1908,.F.);
#1981=ORIENTED_EDGE('',*,*,#1966,.T.);
#1982=EDGE_LOOP('',(#1978,#1979,#1980,#1981));
#1983=FACE_OUTER_BOUND('',#1982,.F.);
#1984=ADVANCED_FACE('',(#1983),#1977,.T.);
#1985=CARTESIAN_POINT('',(-4.E-2,-6.E-3,0.E0));
#1986=DIRECTION('',(0.E0,-1.E0,0.E0));
#1987=DIRECTION('',(1.E0,0.E0,0.E0));
#1988=AXIS2_PLACEMENT_3D('',#1985,#1986,#1987);
#1989=PLANE('',#1988);
#1990=ORIENTED_EDGE('',*,*,#1822,.T.);
#1992=ORIENTED_EDGE('',*,*,#1991,.F.);
#1994=ORIENTED_EDGE('',*,*,#1993,.F.);
#1995=ORIENTED_EDGE('',*,*,#1925,.T.);
#1996=EDGE_LOOP('',(#1990,#1992,#1994,#1995));
#1997=FACE_OUTER_BOUND('',#1996,.F.);
#1998=ADVANCED_FACE('',(#1997),#1989,.T.);
#1999=CARTESIAN_POINT('',(-2.2E-2,-6.E-3,0.E0));
#2000=DIRECTION('',(1.E0,0.E0,0.E0));
#2001=DIRECTION('',(0.E0,1.E0,0.E0));
#2002=AXIS2_PLACEMENT_3D('',#1999,#2000,#2001);
#2003=PLANE('',#2002);
#2004=ORIENTED_EDGE('',*,*,#1820,.T.);
#2006=ORIENTED_EDGE('',*,*,#2005,.F.);
#2008=ORIENTED_EDGE('',*,*,#2007,.F.);
#2009=ORIENTED_EDGE('',*,*,#1991,.T.);
#2010=EDGE_LOOP('',(#2004,#2006,#2008,#2009));
#2011=FACE_OUTER_BOUND('',#2010,.F.);
#2012=ADVANCED_FACE('',(#2011),#2003,.T.);
#2013=CARTESIAN_POINT('',(-2.2E-2,6.E-3,0.E0));
#2014=DIRECTION('',(0.E0,1.E0,0.E0));
#2015=DIRECTION('',(-1.E0,0.E0,0.E0));
#2016=AXIS2_PLACEMENT_3D('',#2013,#2014,#2015);
#2017=PLANE('',#2016);
#2018=ORIENTED_EDGE('',*,*,#1818,.F.);
#2019=ORIENTED_EDGE('',*,*,#1929,.F.);
#2021=ORIENTED_EDGE('',*,*,#2020,.F.);
#2022=ORIENTED_EDGE('',*,*,#2005,.T.);
#2023=EDGE_LOOP('',(#2018,#2019,#2021,#2022));
#2024=FACE_OUTER_BOUND('',#2023,.F.);
#2025=ADVANCED_FACE('',(#2024),#2017,.T.);
#2026=CARTESIAN_POINT('',(0.E0,0.E0,0.E0));
#2027=DIRECTION('',(0.E0,0.E0,1.E0));
#2028=DIRECTION('',(1.E0,0.E0,0.E0));
#2029=AXIS2_PLACEMENT_3D('',#2026,#2027,#2028);
#2030=PLANE('',#2029);
#2032=ORIENTED_EDGE('',*,*,#2031,.T.);
#2034=ORIENTED_EDGE('',*,*,#2033,.T.);
#2036=ORIENTED_EDGE('',*,*,#2035,.T.);
#2037=ORIENTED_EDGE('',*,*,#1777,.T.);
#2038=EDGE_LOOP('',(#2032,#2034,#2036,#2037));
#2039=FACE_OUTER_BOUND('',#2038,.F.);
#2040=ADVANCED_FACE('',(#2039),#2030,.F.);
#2041=CARTESIAN_POINT('',(0.E0,0.E0,0.E0));
#2042=DIRECTION('',(0.E0,0.E0,1.E0));
#2043=DIRECTION('',(1.E0,0.E0,0.E0));
#2044=AXIS2_PLACEMENT_3D('',#2041,#2042,#2043);
#2045=PLANE('',#2044);
#2046=ORIENTED_EDGE('',*,*,#1927,.T.);
#2047=ORIENTED_EDGE('',*,*,#1993,.T.);
#2048=ORIENTED_EDGE('',*,*,#2007,.T.);
#2049=ORIENTED_EDGE('',*,*,#2020,.T.);
#2050=EDGE_LOOP('',(#2046,#2047,#2048,#2049));
#2051=FACE_OUTER_BOUND('',#2050,.F.);
#2052=ADVANCED_FACE('',(#2051),#2045,.F.);
#2053=CARTESIAN_POINT('',(4.E-2,6.E-3,0.E0));
#2054=DIRECTION('',(0.E0,1.E0,0.E0));
#2055=DIRECTION('',(-1.E0,0.E0,0.E0));
#2056=AXIS2_PLACEMENT_3D('',#2053,#2054,#2055);
#2057=PLANE('',#2056);
#2058=ORIENTED_EDGE('',*,*,#1796,.T.);
#2060=ORIENTED_EDGE('',*,*,#2059,.F.);
#2061=ORIENTED_EDGE('',*,*,#2031,.F.);
#2062=ORIENTED_EDGE('',*,*,#1775,.T.);
#2063=EDGE_LOOP('',(#2058,#2060,#2061,#2062));
#2064=FACE_OUTER_BOUND('',#2063,.F.);
#2065=ADVANCED_FACE('',(#2064),#2057,.T.);
#2066=CARTESIAN_POINT('',(2.2E-2,6.E-3,0.E0));
#2067=DIRECTION('',(-1.E0,0.E0,0.E0));
#2068=DIRECTION('',(0.E0,-1.E0,0.E0));
#2069=AXIS2_PLACEMENT_3D('',#2066,#2067,#2068);
#2070=PLANE('',#2069);
#2071=ORIENTED_EDGE('',*,*,#1794,.T.);
#2073=ORIENTED_EDGE('',*,*,#2072,.F.);
#2074=ORIENTED_EDGE('',*,*,#2033,.F.);
#2075=ORIENTED_EDGE('',*,*,#2059,.T.);
#2076=EDGE_LOOP('',(#2071,#2073,#2074,#2075));
#2077=FACE_OUTER_BOUND('',#2076,.F.);
#2078=ADVANCED_FACE('',(#2077),#2070,.T.);
#2079=CARTESIAN_POINT('',(2.2E-2,-6.E-3,0.E0));
#2080=DIRECTION('',(0.E0,-1.E0,0.E0));
#2081=DIRECTION('',(1.E0,0.E0,0.E0));
#2082=AXIS2_PLACEMENT_3D('',#2079,#2080,#2081);
#2083=PLANE('',#2082);
#2084=ORIENTED_EDGE('',*,*,#1792,.F.);
#2085=ORIENTED_EDGE('',*,*,#1779,.F.);
#2086=ORIENTED_EDGE('',*,*,#2035,.F.);
#2087=ORIENTED_EDGE('',*,*,#2072,.T.);
#2088=EDGE_LOOP('',(#2084,#2085,#2086,#2087));
#2089=FACE_OUTER_BOUND('',#2088,.F.);
#2090=ADVANCED_FACE('',(#2089),#2083,.T.);
#2091=CARTESIAN_POINT('',(-4.E-2,2.E-2,0.E0));
#2092=DIRECTION('',(0.E0,-1.E0,0.E0));
#2093=DIRECTION('',(1.E0,0.E0,0.E0));
#2094=AXIS2_PLACEMENT_3D('',#2091,#2092,#2093);
#2095=PLANE('',#2094);
#2096=ORIENTED_EDGE('',*,*,#1814,.T.);
#2098=ORIENTED_EDGE('',*,*,#2097,.F.);
#2100=ORIENTED_EDGE('',*,*,#2099,.F.);
#2101=ORIENTED_EDGE('',*,*,#1932,.T.);
#2102=EDGE_LOOP('',(#2096,#2098,#2100,#2101));
#2103=FACE_OUTER_BOUND('',#2102,.F.);
#2104=ADVANCED_FACE('',(#2103),#2095,.T.);
#2105=CARTESIAN_POINT('',(-2.2E-2,2.E-2,0.E0));
#2106=DIRECTION('',(1.E0,0.E0,0.E0));
#2107=DIRECTION('',(0.E0,1.E0,0.E0));
#2108=AXIS2_PLACEMENT_3D('',#2105,#2106,#2107);
#2109=PLANE('',#2108);
#2110=ORIENTED_EDGE('',*,*,#1812,.T.);
#2112=ORIENTED_EDGE('',*,*,#2111,.F.);
#2114=ORIENTED_EDGE('',*,*,#2113,.F.);
#2115=ORIENTED_EDGE('',*,*,#2097,.T.);
#2116=EDGE_LOOP('',(#2110,#2112,#2114,#2115));
#2117=FACE_OUTER_BOUND('',#2116,.F.);
#2118=ADVANCED_FACE('',(#2117),#2109,.T.);
#2119=CARTESIAN_POINT('',(-2.2E-2,3.2E-2,0.E0));
#2120=DIRECTION('',(0.E0,1.E0,0.E0));
#2121=DIRECTION('',(-1.E0,0.E0,0.E0));
#2122=AXIS2_PLACEMENT_3D('',#2119,#2120,#2121);
#2123=PLANE('',#2122);
#2124=ORIENTED_EDGE('',*,*,#1810,.F.);
#2125=ORIENTED_EDGE('',*,*,#1936,.F.);
#2127=ORIENTED_EDGE('',*,*,#2126,.F.);
#2128=ORIENTED_EDGE('',*,*,#2111,.T.);
#2129=EDGE_LOOP('',(#2124,#2125,#2127,#2128));
#2130=FACE_OUTER_BOUND('',#2129,.F.);
#2131=ADVANCED_FACE('',(#2130),#2123,.T.);
#2132=CARTESIAN_POINT('',(0.E0,0.E0,0.E0));
#2133=DIRECTION('',(0.E0,0.E0,1.E0));
#2134=DIRECTION('',(1.E0,0.E0,0.E0));
#2135=AXIS2_PLACEMENT_3D('',#2132,#2133,#2134);
#2136=PLANE('',#2135);
#2138=ORIENTED_EDGE('',*,*,#2137,.T.);
#2140=ORIENTED_EDGE('',*,*,#2139,.T.);
#2142=ORIENTED_EDGE('',*,*,#2141,.T.);
#2143=ORIENTED_EDGE('',*,*,#1769,.T.);
#2144=EDGE_LOOP('',(#2138,#2140,#2142,#2143));
#2145=FACE_OUTER_BOUND('',#2144,.F.);
#2146=ADVANCED_FACE('',(#2145),#2136,.F.);
#2147=CARTESIAN_POINT('',(0.E0,0.E0,0.E0));
#2148=DIRECTION('',(0.E0,0.E0,1.E0));
#2149=DIRECTION('',(1.E0,0.E0,0.E0));
#2150=AXIS2_PLACEMENT_3D('',#2147,#2148,#2149);
#2151=PLANE('',#2150);
#2152=ORIENTED_EDGE('',*,*,#1934,.T.);
#2153=ORIENTED_EDGE('',*,*,#2099,.T.);
#2154=ORIENTED_EDGE('',*,*,#2113,.T.);
#2155=ORIENTED_EDGE('',*,*,#2126,.T.);
#2156=EDGE_LOOP('',(#2152,#2153,#2154,#2155));
#2157=FACE_OUTER_BOUND('',#2156,.F.);
#2158=ADVANCED_FACE('',(#2157),#2151,.F.);
#2159=CARTESIAN_POINT('',(4.E-2,3.2E-2,0.E0));
#2160=DIRECTION('',(0.E0,1.E0,0.E0));
#2161=DIRECTION('',(-1.E0,0.E0,0.E0));
#2162=AXIS2_PLACEMENT_3D('',#2159,#2160,#2161);
#2163=PLANE('',#2162);
#2164=ORIENTED_EDGE('',*,*,#1803,.T.);
#2166=ORIENTED_EDGE('',*,*,#2165,.F.);
#2167=ORIENTED_EDGE('',*,*,#2137,.F.);
#2168=ORIENTED_EDGE('',*,*,#1767,.T.);
#2169=EDGE_LOOP('',(#2164,#2166,#2167,#2168));
#2170=FACE_OUTER_BOUND('',#2169,.F.);
#2171=ADVANCED_FACE('',(#2170),#2163,.T.);
#2172=CARTESIAN_POINT('',(2.2E-2,3.2E-2,0.E0));
#2173=DIRECTION('',(-1.E0,0.E0,0.E0));
#2174=DIRECTION('',(0.E0,-1.E0,0.E0));
#2175=AXIS2_PLACEMENT_3D('',#2172,#2173,#2174);
#2176=PLANE('',#2175);
#2177=ORIENTED_EDGE('',*,*,#1801,.T.);
#2179=ORIENTED_EDGE('',*,*,#2178,.F.);
#2180=ORIENTED_EDGE('',*,*,#2139,.F.);
#2181=ORIENTED_EDGE('',*,*,#2165,.T.);
#2182=EDGE_LOOP('',(#2177,#2179,#2180,#2181));
#2183=FACE_OUTER_BOUND('',#2182,.F.);
#2184=ADVANCED_FACE('',(#2183),#2176,.T.);
#2185=CARTESIAN_POINT('',(2.2E-2,2.E-2,0.E0));
#2186=DIRECTION('',(0.E0,-1.E0,0.E0));
#2187=DIRECTION('',(1.E0,0.E0,0.E0));
#2188=AXIS2_PLACEMENT_3D('',#2185,#2186,#2187);
#2189=PLANE('',#2188);
#2190=ORIENTED_EDGE('',*,*,#1799,.F.);
#2191=ORIENTED_EDGE('',*,*,#1771,.F.);
#2192=ORIENTED_EDGE('',*,*,#2141,.F.);
#2193=ORIENTED_EDGE('',*,*,#2178,.T.);
#2194=EDGE_LOOP('',(#2190,#2191,#2192,#2193));
#2195=FACE_OUTER_BOUND('',#2194,.F.);
#2196=ADVANCED_FACE('',(#2195),#2189,.T.);
#2197=CARTESIAN_POINT('',(4.E-2,4.E-2,0.E0));
#2198=DIRECTION('',(0.E0,1.E0,0.E0));
#2199=DIRECTION('',(-1.E0,0.E0,0.E0));
#2200=AXIS2_PLACEMENT_3D('',#2197,#2198,#2199);
#2201=PLANE('',#2200);
#2202=ORIENTED_EDGE('',*,*,#1806,.F.);
#2203=ORIENTED_EDGE('',*,*,#1763,.T.);
#2204=ORIENTED_EDGE('',*,*,#1740,.T.);
#2205=ORIENTED_EDGE('',*,*,#1939,.F.);
#2206=EDGE_LOOP('',(#2202,#2203,#2204,#2205));
#2207=FACE_OUTER_BOUND('',#2206,.F.);
#2208=ADVANCED_FACE('',(#2207),#2201,.T.);
#2209=CARTESIAN_POINT('',(-4.E-2,-4.E-2,0.E0));
#2210=DIRECTION('',(0.E0,-1.E0,0.E0));
#2211=DIRECTION('',(1.E0,0.E0,0.E0));
#2212=AXIS2_PLACEMENT_3D('',#2209,#2210,#2211);
#2213=PLANE('',#2212);
#2214=ORIENTED_EDGE('',*,*,#1834,.F.);
#2215=ORIENTED_EDGE('',*,*,#1942,.T.);
#2216=ORIENTED_EDGE('',*,*,#1736,.T.);
#2217=ORIENTED_EDGE('',*,*,#1760,.F.);
#2218=EDGE_LOOP('',(#2214,#2215,#2216,#2217));
#2219=FACE_OUTER_BOUND('',#2218,.F.);
#2220=ADVANCED_FACE('',(#2219),#2213,.T.);
#2221=CLOSED_SHELL('',(#1744,#1783,#1843,#1857,#1871,#1884,#1896,#1912,#1946,
#1959,#1972,#1984,#1998,#2012,#2025,#2040,#2052,#2065,#2078,#2090,#2104,#2118,
#2131,#2146,#2158,#2171,#2184,#2196,#2208,#2220));
#2222=MANIFOLD_SOLID_BREP('',#2221);
#2223=DIMENSIONAL_EXPONENTS(1.E0,0.E0,0.E0,0.E0,0.E0,0.E0,0.E0);
#2225=LENGTH_MEASURE_WITH_UNIT(LENGTH_MEASURE(2.54E1),#2224);
#2226=(CONVERSION_BASED_UNIT('INCH',#2225)LENGTH_UNIT()NAMED_UNIT(#2223));
#2227=DIMENSIONAL_EXPONENTS(0.E0,0.E0,0.E0,0.E0,0.E0,0.E0,0.E0);
#2229=PLANE_ANGLE_MEASURE_WITH_UNIT(PLANE_ANGLE_MEASURE(1.745329251994E-2),
#2228);
#2230=(CONVERSION_BASED_UNIT('DEGREE',#2229)NAMED_UNIT(*)PLANE_ANGLE_UNIT());
#2232=UNCERTAINTY_MEASURE_WITH_UNIT(LENGTH_MEASURE(1.244458154571E-5),#2226,
'closure',
'Maximum model space distance between geometric entities at asserted connectivities');
#2233=(GEOMETRIC_REPRESENTATION_CONTEXT(3)GLOBAL_UNCERTAINTY_ASSIGNED_CONTEXT((
#2232))GLOBAL_UNIT_ASSIGNED_CONTEXT((#2226,#2230,#2231))REPRESENTATION_CONTEXT(
'ID2','3'));
#2234=CARTESIAN_POINT('',(0.E0,0.E0,0.E0));
#2235=DIRECTION('',(0.E0,0.E0,1.E0));
#2236=DIRECTION('',(1.E0,0.E0,0.E0));
#2239=MECHANICAL_CONTEXT('',#1259,'mechanical');
#2240=PRODUCT('MLP6-SRC-DRN','MLP6-SRC-DRN','NOT SPECIFIED',(#2239));
#2241=PRODUCT_DEFINITION_FORMATION_WITH_SPECIFIED_SOURCE('1','LAST_VERSION',
#2240,.MADE.);
#2247=CARTESIAN_POINT('',(1.56E-1,1.24E-1,3.864E-2));
#2248=DIRECTION('',(0.E0,0.E0,1.E0));
#2249=DIRECTION('',(-1.E0,0.E0,0.E0));
#2250=AXIS2_PLACEMENT_3D('',#2247,#2248,#2249);
#2251=ITEM_DEFINED_TRANSFORMATION('','',#2237,#2250);
#2252=(REPRESENTATION_RELATIONSHIP('','',#2238,#1270)REPRESENTATION_RELATIONSHIP_WITH_TRANSFORMATION(#2251)SHAPE_REPRESENTATION_RELATIONSHIP());
#2253=CONTEXT_DEPENDENT_SHAPE_REPRESENTATION(#2252,#2246);
#2256=CARTESIAN_POINT('',(1.55E-1,2.2E-1,3.864E-2));
#2257=DIRECTION('',(0.E0,0.E0,1.E0));
#2258=DIRECTION('',(-1.E0,0.E0,0.E0));
#2259=AXIS2_PLACEMENT_3D('',#2256,#2257,#2258);
#2260=ITEM_DEFINED_TRANSFORMATION('','',#2237,#2259);
#2261=(REPRESENTATION_RELATIONSHIP('','',#2238,#1270)REPRESENTATION_RELATIONSHIP_WITH_TRANSFORMATION(#2260)SHAPE_REPRESENTATION_RELATIONSHIP());
#2262=CONTEXT_DEPENDENT_SHAPE_REPRESENTATION(#2261,#2255);
#2263=DIRECTION('',(1.E0,0.E0,0.E0));
#2264=VECTOR('',#2263,5.4E-2);
#2265=CARTESIAN_POINT('',(-2.7E-2,-2.E-2,0.E0));
#2266=LINE('',#2265,#2264);
#2267=DIRECTION('',(0.E0,1.E0,0.E0));
#2268=VECTOR('',#2267,4.E-2);
#2269=CARTESIAN_POINT('',(2.7E-2,-2.E-2,0.E0));
#2270=LINE('',#2269,#2268);
#2271=DIRECTION('',(-1.E0,0.E0,0.E0));
#2272=VECTOR('',#2271,5.4E-2);
#2273=CARTESIAN_POINT('',(2.7E-2,2.E-2,0.E0));
#2274=LINE('',#2273,#2272);
#2275=DIRECTION('',(0.E0,-1.E0,0.E0));
#2276=VECTOR('',#2275,6.E-3);
#2277=CARTESIAN_POINT('',(-2.7E-2,2.E-2,0.E0));
#2278=LINE('',#2277,#2276);
#2279=DIRECTION('',(0.E0,-1.E0,0.E0));
#2280=VECTOR('',#2279,2.8E-2);
#2281=CARTESIAN_POINT('',(-2.7E-2,1.4E-2,0.E0));
#2282=LINE('',#2281,#2280);
#2283=DIRECTION('',(0.E0,-1.E0,0.E0));
#2284=VECTOR('',#2283,6.E-3);
#2285=CARTESIAN_POINT('',(-2.7E-2,-1.4E-2,0.E0));
#2286=LINE('',#2285,#2284);
#2287=DIRECTION('',(0.E0,0.E0,1.E0));
#2288=VECTOR('',#2287,1.5E-2);
#2289=CARTESIAN_POINT('',(-2.7E-2,-2.E-2,0.E0));
#2290=LINE('',#2289,#2288);
#2291=DIRECTION('',(0.E0,0.E0,1.E0));
#2292=VECTOR('',#2291,1.5E-2);
#2293=CARTESIAN_POINT('',(-2.7E-2,-1.4E-2,0.E0));
#2294=LINE('',#2293,#2292);
#2295=DIRECTION('',(0.E0,0.E0,1.E0));
#2296=VECTOR('',#2295,1.5E-2);
#2297=CARTESIAN_POINT('',(-2.7E-2,1.4E-2,0.E0));
#2298=LINE('',#2297,#2296);
#2299=DIRECTION('',(0.E0,0.E0,1.E0));
#2300=VECTOR('',#2299,1.5E-2);
#2301=CARTESIAN_POINT('',(-2.7E-2,2.E-2,0.E0));
#2302=LINE('',#2301,#2300);
#2303=DIRECTION('',(0.E0,0.E0,1.E0));
#2304=VECTOR('',#2303,1.5E-2);
#2305=CARTESIAN_POINT('',(2.7E-2,2.E-2,0.E0));
#2306=LINE('',#2305,#2304);
#2307=DIRECTION('',(0.E0,0.E0,1.E0));
#2308=VECTOR('',#2307,1.5E-2);
#2309=CARTESIAN_POINT('',(2.7E-2,-2.E-2,0.E0));
#2310=LINE('',#2309,#2308);
#2311=DIRECTION('',(1.E0,0.E0,0.E0));
#2312=VECTOR('',#2311,5.4E-2);
#2313=CARTESIAN_POINT('',(-2.7E-2,-2.E-2,1.5E-2));
#2314=LINE('',#2313,#2312);
#2315=DIRECTION('',(0.E0,-1.E0,0.E0));
#2316=VECTOR('',#2315,6.E-3);
#2317=CARTESIAN_POINT('',(-2.7E-2,-1.4E-2,1.5E-2));
#2318=LINE('',#2317,#2316);
#2319=DIRECTION('',(0.E0,-1.E0,0.E0));
#2320=VECTOR('',#2319,2.8E-2);
#2321=CARTESIAN_POINT('',(-2.7E-2,1.4E-2,1.5E-2));
#2322=LINE('',#2321,#2320);
#2323=DIRECTION('',(0.E0,-1.E0,0.E0));
#2324=VECTOR('',#2323,6.E-3);
#2325=CARTESIAN_POINT('',(-2.7E-2,2.E-2,1.5E-2));
#2326=LINE('',#2325,#2324);
#2327=DIRECTION('',(-1.E0,0.E0,0.E0));
#2328=VECTOR('',#2327,5.4E-2);
#2329=CARTESIAN_POINT('',(2.7E-2,2.E-2,1.5E-2));
#2330=LINE('',#2329,#2328);
#2331=DIRECTION('',(0.E0,1.E0,0.E0));
#2332=VECTOR('',#2331,4.E-2);
#2333=CARTESIAN_POINT('',(2.7E-2,-2.E-2,1.5E-2));
#2334=LINE('',#2333,#2332);
#2335=CARTESIAN_POINT('',(-2.7E-2,-2.E-2,0.E0));
#2336=CARTESIAN_POINT('',(2.7E-2,-2.E-2,0.E0));
#2337=VERTEX_POINT('',#2335);
#2338=VERTEX_POINT('',#2336);
#2339=CARTESIAN_POINT('',(2.7E-2,2.E-2,0.E0));
#2340=VERTEX_POINT('',#2339);
#2341=CARTESIAN_POINT('',(-2.7E-2,2.E-2,0.E0));
#2342=VERTEX_POINT('',#2341);
#2343=CARTESIAN_POINT('',(-2.7E-2,1.4E-2,0.E0));
#2344=VERTEX_POINT('',#2343);
#2345=CARTESIAN_POINT('',(-2.7E-2,-1.4E-2,0.E0));
#2346=VERTEX_POINT('',#2345);
#2347=CARTESIAN_POINT('',(-2.7E-2,-2.E-2,1.5E-2));
#2348=CARTESIAN_POINT('',(2.7E-2,-2.E-2,1.5E-2));
#2349=VERTEX_POINT('',#2347);
#2350=VERTEX_POINT('',#2348);
#2351=CARTESIAN_POINT('',(2.7E-2,2.E-2,1.5E-2));
#2352=VERTEX_POINT('',#2351);
#2353=CARTESIAN_POINT('',(-2.7E-2,2.E-2,1.5E-2));
#2354=VERTEX_POINT('',#2353);
#2355=CARTESIAN_POINT('',(-2.7E-2,1.4E-2,1.5E-2));
#2356=VERTEX_POINT('',#2355);
#2357=CARTESIAN_POINT('',(-2.7E-2,-1.4E-2,1.5E-2));
#2358=VERTEX_POINT('',#2357);
#2359=CARTESIAN_POINT('',(0.E0,0.E0,0.E0));
#2360=DIRECTION('',(0.E0,0.E0,1.E0));
#2361=DIRECTION('',(1.E0,0.E0,0.E0));
#2362=AXIS2_PLACEMENT_3D('',#2359,#2360,#2361);
#2363=PLANE('',#2362);
#2365=ORIENTED_EDGE('',*,*,#2364,.T.);
#2367=ORIENTED_EDGE('',*,*,#2366,.T.);
#2369=ORIENTED_EDGE('',*,*,#2368,.T.);
#2371=ORIENTED_EDGE('',*,*,#2370,.T.);
#2373=ORIENTED_EDGE('',*,*,#2372,.T.);
#2375=ORIENTED_EDGE('',*,*,#2374,.T.);
#2376=EDGE_LOOP('',(#2365,#2367,#2369,#2371,#2373,#2375));
#2377=FACE_OUTER_BOUND('',#2376,.F.);
#2378=ADVANCED_FACE('',(#2377),#2363,.F.);
#2379=CARTESIAN_POINT('',(-2.7E-2,-2.E-2,0.E0));
#2380=DIRECTION('',(0.E0,-1.E0,0.E0));
#2381=DIRECTION('',(1.E0,0.E0,0.E0));
#2382=AXIS2_PLACEMENT_3D('',#2379,#2380,#2381);
#2383=PLANE('',#2382);
#2384=ORIENTED_EDGE('',*,*,#2364,.F.);
#2386=ORIENTED_EDGE('',*,*,#2385,.T.);
#2388=ORIENTED_EDGE('',*,*,#2387,.T.);
#2390=ORIENTED_EDGE('',*,*,#2389,.F.);
#2391=EDGE_LOOP('',(#2384,#2386,#2388,#2390));
#2392=FACE_OUTER_BOUND('',#2391,.F.);
#2393=ADVANCED_FACE('',(#2392),#2383,.T.);
#2394=CARTESIAN_POINT('',(-2.7E-2,-1.4E-2,0.E0));
#2395=DIRECTION('',(-1.E0,0.E0,0.E0));
#2396=DIRECTION('',(0.E0,-1.E0,0.E0));
#2397=AXIS2_PLACEMENT_3D('',#2394,#2395,#2396);
#2398=PLANE('',#2397);
#2399=ORIENTED_EDGE('',*,*,#2374,.F.);
#2401=ORIENTED_EDGE('',*,*,#2400,.T.);
#2403=ORIENTED_EDGE('',*,*,#2402,.T.);
#2404=ORIENTED_EDGE('',*,*,#2385,.F.);
#2405=EDGE_LOOP('',(#2399,#2401,#2403,#2404));
#2406=FACE_OUTER_BOUND('',#2405,.F.);
#2407=ADVANCED_FACE('',(#2406),#2398,.T.);
#2408=CARTESIAN_POINT('',(-2.7E-2,1.4E-2,0.E0));
#2409=DIRECTION('',(-1.E0,0.E0,0.E0));
#2410=DIRECTION('',(0.E0,-1.E0,0.E0));
#2411=AXIS2_PLACEMENT_3D('',#2408,#2409,#2410);
#2412=PLANE('',#2411);
#2413=ORIENTED_EDGE('',*,*,#2372,.F.);
#2415=ORIENTED_EDGE('',*,*,#2414,.T.);
#2417=ORIENTED_EDGE('',*,*,#2416,.T.);
#2418=ORIENTED_EDGE('',*,*,#2400,.F.);
#2419=EDGE_LOOP('',(#2413,#2415,#2417,#2418));
#2420=FACE_OUTER_BOUND('',#2419,.F.);
#2421=ADVANCED_FACE('',(#2420),#2412,.T.);
#2422=CARTESIAN_POINT('',(-2.7E-2,2.E-2,0.E0));
#2423=DIRECTION('',(-1.E0,0.E0,0.E0));
#2424=DIRECTION('',(0.E0,-1.E0,0.E0));
#2425=AXIS2_PLACEMENT_3D('',#2422,#2423,#2424);
#2426=PLANE('',#2425);
#2427=ORIENTED_EDGE('',*,*,#2370,.F.);
#2429=ORIENTED_EDGE('',*,*,#2428,.T.);
#2431=ORIENTED_EDGE('',*,*,#2430,.T.);
#2432=ORIENTED_EDGE('',*,*,#2414,.F.);
#2433=EDGE_LOOP('',(#2427,#2429,#2431,#2432));
#2434=FACE_OUTER_BOUND('',#2433,.F.);
#2435=ADVANCED_FACE('',(#2434),#2426,.T.);
#2436=CARTESIAN_POINT('',(2.7E-2,2.E-2,0.E0));
#2437=DIRECTION('',(0.E0,1.E0,0.E0));
#2438=DIRECTION('',(-1.E0,0.E0,0.E0));
#2439=AXIS2_PLACEMENT_3D('',#2436,#2437,#2438);
#2440=PLANE('',#2439);
#2441=ORIENTED_EDGE('',*,*,#2368,.F.);
#2443=ORIENTED_EDGE('',*,*,#2442,.T.);
#2445=ORIENTED_EDGE('',*,*,#2444,.T.);
#2446=ORIENTED_EDGE('',*,*,#2428,.F.);
#2447=EDGE_LOOP('',(#2441,#2443,#2445,#2446));
#2448=FACE_OUTER_BOUND('',#2447,.F.);
#2449=ADVANCED_FACE('',(#2448),#2440,.T.);
#2450=CARTESIAN_POINT('',(2.7E-2,-2.E-2,0.E0));
#2451=DIRECTION('',(1.E0,0.E0,0.E0));
#2452=DIRECTION('',(0.E0,1.E0,0.E0));
#2453=AXIS2_PLACEMENT_3D('',#2450,#2451,#2452);
#2454=PLANE('',#2453);
#2455=ORIENTED_EDGE('',*,*,#2366,.F.);
#2456=ORIENTED_EDGE('',*,*,#2389,.T.);
#2458=ORIENTED_EDGE('',*,*,#2457,.T.);
#2459=ORIENTED_EDGE('',*,*,#2442,.F.);
#2460=EDGE_LOOP('',(#2455,#2456,#2458,#2459));
#2461=FACE_OUTER_BOUND('',#2460,.F.);
#2462=ADVANCED_FACE('',(#2461),#2454,.T.);
#2463=CARTESIAN_POINT('',(0.E0,0.E0,1.5E-2));
#2464=DIRECTION('',(0.E0,0.E0,1.E0));
#2465=DIRECTION('',(1.E0,0.E0,0.E0));
#2466=AXIS2_PLACEMENT_3D('',#2463,#2464,#2465);
#2467=PLANE('',#2466);
#2468=ORIENTED_EDGE('',*,*,#2387,.F.);
#2469=ORIENTED_EDGE('',*,*,#2402,.F.);
#2470=ORIENTED_EDGE('',*,*,#2416,.F.);
#2471=ORIENTED_EDGE('',*,*,#2430,.F.);
#2472=ORIENTED_EDGE('',*,*,#2444,.F.);
#2473=ORIENTED_EDGE('',*,*,#2457,.F.);
#2474=EDGE_LOOP('',(#2468,#2469,#2470,#2471,#2472,#2473));
#2475=FACE_OUTER_BOUND('',#2474,.F.);
#2476=ADVANCED_FACE('',(#2475),#2467,.T.);
#2477=CLOSED_SHELL('',(#2378,#2393,#2407,#2421,#2435,#2449,#2462,#2476));
#2478=MANIFOLD_SOLID_BREP('',#2477);
#2479=DIMENSIONAL_EXPONENTS(1.E0,0.E0,0.E0,0.E0,0.E0,0.E0,0.E0);
#2481=LENGTH_MEASURE_WITH_UNIT(LENGTH_MEASURE(2.54E1),#2480);
#2482=(CONVERSION_BASED_UNIT('INCH',#2481)LENGTH_UNIT()NAMED_UNIT(#2479));
#2483=DIMENSIONAL_EXPONENTS(0.E0,0.E0,0.E0,0.E0,0.E0,0.E0,0.E0);
#2485=PLANE_ANGLE_MEASURE_WITH_UNIT(PLANE_ANGLE_MEASURE(1.745329251994E-2),
#2484);
#2486=(CONVERSION_BASED_UNIT('DEGREE',#2485)NAMED_UNIT(*)PLANE_ANGLE_UNIT());
#2488=UNCERTAINTY_MEASURE_WITH_UNIT(LENGTH_MEASURE(6.885216574361E-6),#2482,
'closure',
'Maximum model space distance between geometric entities at asserted connectivities');
#2489=(GEOMETRIC_REPRESENTATION_CONTEXT(3)GLOBAL_UNCERTAINTY_ASSIGNED_CONTEXT((
#2488))GLOBAL_UNIT_ASSIGNED_CONTEXT((#2482,#2486,#2487))REPRESENTATION_CONTEXT(
'ID3','3'));
#2490=CARTESIAN_POINT('',(0.E0,0.E0,0.E0));
#2491=DIRECTION('',(0.E0,0.E0,1.E0));
#2492=DIRECTION('',(1.E0,0.E0,0.E0));
#2495=DESIGN_CONTEXT('',#1259,'design');
#2496=MECHANICAL_CONTEXT('',#1259,'mechanical');
#2497=PRODUCT('SOD882','SOD882','NOT SPECIFIED',(#2496));
#2498=PRODUCT_DEFINITION_FORMATION_WITH_SPECIFIED_SOURCE('1','LAST_VERSION',
#2497,.MADE.);
#2504=CARTESIAN_POINT('',(4.4E-2,2.95E-1,3.864E-2));
#2505=DIRECTION('',(0.E0,0.E0,1.E0));
#2506=DIRECTION('',(1.E0,0.E0,0.E0));
#2507=AXIS2_PLACEMENT_3D('',#2504,#2505,#2506);
#2508=ITEM_DEFINED_TRANSFORMATION('','',#2493,#2507);
#2509=(REPRESENTATION_RELATIONSHIP('','',#2494,#1270)REPRESENTATION_RELATIONSHIP_WITH_TRANSFORMATION(#2508)SHAPE_REPRESENTATION_RELATIONSHIP());
#2510=CONTEXT_DEPENDENT_SHAPE_REPRESENTATION(#2509,#2503);
#2512=DIRECTION('',(0.E0,1.E0,0.E0));
#2513=VECTOR('',#2512,8.5E-3);
#2514=CARTESIAN_POINT('',(2.55E-2,-3.35E-2,0.E0));
#2515=LINE('',#2514,#2513);
#2516=DIRECTION('',(-1.E0,0.E0,0.E0));
#2517=VECTOR('',#2516,8.E-3);
#2518=CARTESIAN_POINT('',(3.35E-2,-2.5E-2,0.E0));
#2519=LINE('',#2518,#2517);
#2520=DIRECTION('',(-1.E0,0.E0,0.E0));
#2521=VECTOR('',#2520,8.E-3);
#2522=CARTESIAN_POINT('',(3.35E-2,-1.5E-2,0.E0));
#2523=LINE('',#2522,#2521);
#2524=DIRECTION('',(0.E0,1.E0,0.E0));
#2525=VECTOR('',#2524,1.E-2);
#2526=CARTESIAN_POINT('',(2.55E-2,-1.5E-2,0.E0));
#2527=LINE('',#2526,#2525);
#2528=DIRECTION('',(-1.E0,0.E0,0.E0));
#2529=VECTOR('',#2528,8.E-3);
#2530=CARTESIAN_POINT('',(3.35E-2,-5.E-3,0.E0));
#2531=LINE('',#2530,#2529);
#2532=DIRECTION('',(-1.E0,0.E0,0.E0));
#2533=VECTOR('',#2532,8.E-3);
#2534=CARTESIAN_POINT('',(3.35E-2,5.E-3,0.E0));
#2535=LINE('',#2534,#2533);
#2536=DIRECTION('',(0.E0,1.E0,0.E0));
#2537=VECTOR('',#2536,1.E-2);
#2538=CARTESIAN_POINT('',(2.55E-2,5.E-3,0.E0));
#2539=LINE('',#2538,#2537);
#2540=DIRECTION('',(-1.E0,0.E0,0.E0));
#2541=VECTOR('',#2540,8.E-3);
#2542=CARTESIAN_POINT('',(3.35E-2,1.5E-2,0.E0));
#2543=LINE('',#2542,#2541);
#2544=DIRECTION('',(-1.E0,0.E0,0.E0));
#2545=VECTOR('',#2544,8.E-3);
#2546=CARTESIAN_POINT('',(3.35E-2,2.5E-2,0.E0));
#2547=LINE('',#2546,#2545);
#2548=DIRECTION('',(0.E0,1.E0,0.E0));
#2549=VECTOR('',#2548,8.5E-3);
#2550=CARTESIAN_POINT('',(2.55E-2,2.5E-2,0.E0));
#2551=LINE('',#2550,#2549);
#2552=DIRECTION('',(-1.E0,0.E0,0.E0));
#2553=VECTOR('',#2552,5.1E-2);
#2554=CARTESIAN_POINT('',(2.55E-2,3.35E-2,0.E0));
#2555=LINE('',#2554,#2553);
#2556=DIRECTION('',(0.E0,1.E0,0.E0));
#2557=VECTOR('',#2556,8.5E-3);
#2558=CARTESIAN_POINT('',(-2.55E-2,2.5E-2,0.E0));
#2559=LINE('',#2558,#2557);
#2560=DIRECTION('',(1.E0,0.E0,0.E0));
#2561=VECTOR('',#2560,8.E-3);
#2562=CARTESIAN_POINT('',(-3.35E-2,2.5E-2,0.E0));
#2563=LINE('',#2562,#2561);
#2564=DIRECTION('',(0.E0,1.E0,0.E0));
#2565=VECTOR('',#2564,1.E-2);
#2566=CARTESIAN_POINT('',(-3.35E-2,1.5E-2,0.E0));
#2567=LINE('',#2566,#2565);
#2568=DIRECTION('',(1.E0,0.E0,0.E0));
#2569=VECTOR('',#2568,8.E-3);
#2570=CARTESIAN_POINT('',(-3.35E-2,1.5E-2,0.E0));
#2571=LINE('',#2570,#2569);
#2572=DIRECTION('',(0.E0,1.E0,0.E0));
#2573=VECTOR('',#2572,1.E-2);
#2574=CARTESIAN_POINT('',(-2.55E-2,5.E-3,0.E0));
#2575=LINE('',#2574,#2573);
#2576=DIRECTION('',(1.E0,0.E0,0.E0));
#2577=VECTOR('',#2576,8.E-3);
#2578=CARTESIAN_POINT('',(-3.35E-2,5.E-3,0.E0));
#2579=LINE('',#2578,#2577);
#2580=DIRECTION('',(0.E0,1.E0,0.E0));
#2581=VECTOR('',#2580,1.E-2);
#2582=CARTESIAN_POINT('',(-3.35E-2,-5.E-3,0.E0));
#2583=LINE('',#2582,#2581);
#2584=DIRECTION('',(1.E0,0.E0,0.E0));
#2585=VECTOR('',#2584,8.E-3);
#2586=CARTESIAN_POINT('',(-3.35E-2,-5.E-3,0.E0));
#2587=LINE('',#2586,#2585);
#2588=DIRECTION('',(0.E0,1.E0,0.E0));
#2589=VECTOR('',#2588,1.E-2);
#2590=CARTESIAN_POINT('',(-2.55E-2,-1.5E-2,0.E0));
#2591=LINE('',#2590,#2589);
#2592=DIRECTION('',(1.E0,0.E0,0.E0));
#2593=VECTOR('',#2592,8.E-3);
#2594=CARTESIAN_POINT('',(-3.35E-2,-1.5E-2,0.E0));
#2595=LINE('',#2594,#2593);
#2596=DIRECTION('',(0.E0,1.E0,0.E0));
#2597=VECTOR('',#2596,1.E-2);
#2598=CARTESIAN_POINT('',(-3.35E-2,-2.5E-2,0.E0));
#2599=LINE('',#2598,#2597);
#2600=DIRECTION('',(1.E0,0.E0,0.E0));
#2601=VECTOR('',#2600,8.E-3);
#2602=CARTESIAN_POINT('',(-3.35E-2,-2.5E-2,0.E0));
#2603=LINE('',#2602,#2601);
#2604=DIRECTION('',(0.E0,1.E0,0.E0));
#2605=VECTOR('',#2604,8.5E-3);
#2606=CARTESIAN_POINT('',(-2.55E-2,-3.35E-2,0.E0));
#2607=LINE('',#2606,#2605);
#2608=DIRECTION('',(1.E0,0.E0,0.E0));
#2609=VECTOR('',#2608,5.1E-2);
#2610=CARTESIAN_POINT('',(-2.55E-2,-3.35E-2,0.E0));
#2611=LINE('',#2610,#2609);
#2612=DIRECTION('',(0.E0,0.E0,-1.E0));
#2613=VECTOR('',#2612,2.E-2);
#2614=CARTESIAN_POINT('',(2.55E-2,3.35E-2,2.E-2));
#2615=LINE('',#2614,#2613);
#2616=DIRECTION('',(0.E0,0.E0,-1.E0));
#2617=VECTOR('',#2616,3.E-3);
#2618=CARTESIAN_POINT('',(2.55E-2,2.5E-2,3.E-3));
#2619=LINE('',#2618,#2617);
#2620=DIRECTION('',(0.E0,1.E0,0.E0));
#2621=VECTOR('',#2620,1.E-2);
#2622=CARTESIAN_POINT('',(2.55E-2,1.5E-2,3.E-3));
#2623=LINE('',#2622,#2621);
#2624=DIRECTION('',(0.E0,0.E0,1.E0));
#2625=VECTOR('',#2624,3.E-3);
#2626=CARTESIAN_POINT('',(2.55E-2,1.5E-2,0.E0));
#2627=LINE('',#2626,#2625);
#2628=DIRECTION('',(0.E0,0.E0,-1.E0));
#2629=VECTOR('',#2628,3.E-3);
#2630=CARTESIAN_POINT('',(2.55E-2,5.E-3,3.E-3));
#2631=LINE('',#2630,#2629);
#2632=DIRECTION('',(0.E0,1.E0,0.E0));
#2633=VECTOR('',#2632,1.E-2);
#2634=CARTESIAN_POINT('',(2.55E-2,-5.E-3,3.E-3));
#2635=LINE('',#2634,#2633);
#2636=DIRECTION('',(0.E0,0.E0,1.E0));
#2637=VECTOR('',#2636,3.E-3);
#2638=CARTESIAN_POINT('',(2.55E-2,-5.E-3,0.E0));
#2639=LINE('',#2638,#2637);
#2640=DIRECTION('',(0.E0,0.E0,-1.E0));
#2641=VECTOR('',#2640,3.E-3);
#2642=CARTESIAN_POINT('',(2.55E-2,-1.5E-2,3.E-3));
#2643=LINE('',#2642,#2641);
#2644=DIRECTION('',(0.E0,1.E0,0.E0));
#2645=VECTOR('',#2644,1.E-2);
#2646=CARTESIAN_POINT('',(2.55E-2,-2.5E-2,3.E-3));
#2647=LINE('',#2646,#2645);
#2648=DIRECTION('',(0.E0,0.E0,1.E0));
#2649=VECTOR('',#2648,3.E-3);
#2650=CARTESIAN_POINT('',(2.55E-2,-2.5E-2,0.E0));
#2651=LINE('',#2650,#2649);
#2652=DIRECTION('',(0.E0,0.E0,1.E0));
#2653=VECTOR('',#2652,2.E-2);
#2654=CARTESIAN_POINT('',(2.55E-2,-3.35E-2,0.E0));
#2655=LINE('',#2654,#2653);
#2656=DIRECTION('',(1.E0,0.E0,0.E0));
#2657=VECTOR('',#2656,5.1E-2);
#2658=CARTESIAN_POINT('',(-2.55E-2,-3.35E-2,2.E-2));
#2659=LINE('',#2658,#2657);
#2660=DIRECTION('',(0.E0,-1.E0,0.E0));
#2661=VECTOR('',#2660,6.7E-2);
#2662=CARTESIAN_POINT('',(-2.55E-2,3.35E-2,2.E-2));
#2663=LINE('',#2662,#2661);
#2664=DIRECTION('',(-1.E0,0.E0,0.E0));
#2665=VECTOR('',#2664,5.1E-2);
#2666=CARTESIAN_POINT('',(2.55E-2,3.35E-2,2.E-2));
#2667=LINE('',#2666,#2665);
#2668=DIRECTION('',(0.E0,1.E0,0.E0));
#2669=VECTOR('',#2668,6.7E-2);
#2670=CARTESIAN_POINT('',(2.55E-2,-3.35E-2,2.E-2));
#2671=LINE('',#2670,#2669);
#2672=DIRECTION('',(0.E0,-1.E0,0.E0));
#2673=VECTOR('',#2672,1.E-2);
#2674=CARTESIAN_POINT('',(-2.55E-2,2.5E-2,3.E-3));
#2675=LINE('',#2674,#2673);
#2676=DIRECTION('',(0.E0,0.E0,1.E0));
#2677=VECTOR('',#2676,3.E-3);
#2678=CARTESIAN_POINT('',(-2.55E-2,2.5E-2,0.E0));
#2679=LINE('',#2678,#2677);
#2680=DIRECTION('',(0.E0,0.E0,1.E0));
#2681=VECTOR('',#2680,2.E-2);
#2682=CARTESIAN_POINT('',(-2.55E-2,3.35E-2,0.E0));
#2683=LINE('',#2682,#2681);
#2684=DIRECTION('',(0.E0,0.E0,-1.E0));
#2685=VECTOR('',#2684,2.E-2);
#2686=CARTESIAN_POINT('',(-2.55E-2,-3.35E-2,2.E-2));
#2687=LINE('',#2686,#2685);
#2688=DIRECTION('',(0.E0,0.E0,-1.E0));
#2689=VECTOR('',#2688,3.E-3);
#2690=CARTESIAN_POINT('',(-2.55E-2,-2.5E-2,3.E-3));
#2691=LINE('',#2690,#2689);
#2692=DIRECTION('',(0.E0,-1.E0,0.E0));
#2693=VECTOR('',#2692,1.E-2);
#2694=CARTESIAN_POINT('',(-2.55E-2,-1.5E-2,3.E-3));
#2695=LINE('',#2694,#2693);
#2696=DIRECTION('',(0.E0,0.E0,1.E0));
#2697=VECTOR('',#2696,3.E-3);
#2698=CARTESIAN_POINT('',(-2.55E-2,-1.5E-2,0.E0));
#2699=LINE('',#2698,#2697);
#2700=DIRECTION('',(0.E0,0.E0,-1.E0));
#2701=VECTOR('',#2700,3.E-3);
#2702=CARTESIAN_POINT('',(-2.55E-2,-5.E-3,3.E-3));
#2703=LINE('',#2702,#2701);
#2704=DIRECTION('',(0.E0,-1.E0,0.E0));
#2705=VECTOR('',#2704,1.E-2);
#2706=CARTESIAN_POINT('',(-2.55E-2,5.E-3,3.E-3));
#2707=LINE('',#2706,#2705);
#2708=DIRECTION('',(0.E0,0.E0,1.E0));
#2709=VECTOR('',#2708,3.E-3);
#2710=CARTESIAN_POINT('',(-2.55E-2,5.E-3,0.E0));
#2711=LINE('',#2710,#2709);
#2712=DIRECTION('',(0.E0,0.E0,-1.E0));
#2713=VECTOR('',#2712,3.E-3);
#2714=CARTESIAN_POINT('',(-2.55E-2,1.5E-2,3.E-3));
#2715=LINE('',#2714,#2713);
#2716=DIRECTION('',(-1.E0,0.E0,0.E0));
#2717=VECTOR('',#2716,8.E-3);
#2718=CARTESIAN_POINT('',(-2.55E-2,2.5E-2,3.E-3));
#2719=LINE('',#2718,#2717);
#2720=DIRECTION('',(-1.E0,0.E0,0.E0));
#2721=VECTOR('',#2720,8.E-3);
#2722=CARTESIAN_POINT('',(-2.55E-2,1.5E-2,3.E-3));
#2723=LINE('',#2722,#2721);
#2724=DIRECTION('',(-1.E0,0.E0,0.E0));
#2725=VECTOR('',#2724,8.E-3);
#2726=CARTESIAN_POINT('',(-2.55E-2,5.E-3,3.E-3));
#2727=LINE('',#2726,#2725);
#2728=DIRECTION('',(-1.E0,0.E0,0.E0));
#2729=VECTOR('',#2728,8.E-3);
#2730=CARTESIAN_POINT('',(-2.55E-2,-5.E-3,3.E-3));
#2731=LINE('',#2730,#2729);
#2732=DIRECTION('',(-1.E0,0.E0,0.E0));
#2733=VECTOR('',#2732,8.E-3);
#2734=CARTESIAN_POINT('',(-2.55E-2,-1.5E-2,3.E-3));
#2735=LINE('',#2734,#2733);
#2736=DIRECTION('',(-1.E0,0.E0,0.E0));
#2737=VECTOR('',#2736,8.E-3);
#2738=CARTESIAN_POINT('',(-2.55E-2,-2.5E-2,3.E-3));
#2739=LINE('',#2738,#2737);
#2740=DIRECTION('',(0.E0,0.E0,-1.E0));
#2741=VECTOR('',#2740,3.E-3);
#2742=CARTESIAN_POINT('',(-3.35E-2,2.5E-2,3.E-3));
#2743=LINE('',#2742,#2741);
#2744=DIRECTION('',(0.E0,1.E0,0.E0));
#2745=VECTOR('',#2744,1.E-2);
#2746=CARTESIAN_POINT('',(-3.35E-2,1.5E-2,3.E-3));
#2747=LINE('',#2746,#2745);
#2748=DIRECTION('',(0.E0,0.E0,-1.E0));
#2749=VECTOR('',#2748,3.E-3);
#2750=CARTESIAN_POINT('',(-3.35E-2,1.5E-2,3.E-3));
#2751=LINE('',#2750,#2749);
#2752=DIRECTION('',(0.E0,0.E0,-1.E0));
#2753=VECTOR('',#2752,3.E-3);
#2754=CARTESIAN_POINT('',(-3.35E-2,5.E-3,3.E-3));
#2755=LINE('',#2754,#2753);
#2756=DIRECTION('',(0.E0,1.E0,0.E0));
#2757=VECTOR('',#2756,1.E-2);
#2758=CARTESIAN_POINT('',(-3.35E-2,-5.E-3,3.E-3));
#2759=LINE('',#2758,#2757);
#2760=DIRECTION('',(0.E0,0.E0,-1.E0));
#2761=VECTOR('',#2760,3.E-3);
#2762=CARTESIAN_POINT('',(-3.35E-2,-5.E-3,3.E-3));
#2763=LINE('',#2762,#2761);
#2764=DIRECTION('',(0.E0,0.E0,-1.E0));
#2765=VECTOR('',#2764,3.E-3);
#2766=CARTESIAN_POINT('',(-3.35E-2,-1.5E-2,3.E-3));
#2767=LINE('',#2766,#2765);
#2768=DIRECTION('',(0.E0,1.E0,0.E0));
#2769=VECTOR('',#2768,1.E-2);
#2770=CARTESIAN_POINT('',(-3.35E-2,-2.5E-2,3.E-3));
#2771=LINE('',#2770,#2769);
#2772=DIRECTION('',(0.E0,0.E0,-1.E0));
#2773=VECTOR('',#2772,3.E-3);
#2774=CARTESIAN_POINT('',(-3.35E-2,-2.5E-2,3.E-3));
#2775=LINE('',#2774,#2773);
#2776=DIRECTION('',(0.E0,0.E0,1.E0));
#2777=VECTOR('',#2776,3.E-3);
#2778=CARTESIAN_POINT('',(3.35E-2,2.5E-2,0.E0));
#2779=LINE('',#2778,#2777);
#2780=DIRECTION('',(0.E0,1.E0,0.E0));
#2781=VECTOR('',#2780,1.E-2);
#2782=CARTESIAN_POINT('',(3.35E-2,1.5E-2,0.E0));
#2783=LINE('',#2782,#2781);
#2784=DIRECTION('',(0.E0,0.E0,1.E0));
#2785=VECTOR('',#2784,3.E-3);
#2786=CARTESIAN_POINT('',(3.35E-2,1.5E-2,0.E0));
#2787=LINE('',#2786,#2785);
#2788=DIRECTION('',(0.E0,0.E0,1.E0));
#2789=VECTOR('',#2788,3.E-3);
#2790=CARTESIAN_POINT('',(3.35E-2,5.E-3,0.E0));
#2791=LINE('',#2790,#2789);
#2792=DIRECTION('',(0.E0,1.E0,0.E0));
#2793=VECTOR('',#2792,1.E-2);
#2794=CARTESIAN_POINT('',(3.35E-2,-5.E-3,0.E0));
#2795=LINE('',#2794,#2793);
#2796=DIRECTION('',(0.E0,0.E0,1.E0));
#2797=VECTOR('',#2796,3.E-3);
#2798=CARTESIAN_POINT('',(3.35E-2,-5.E-3,0.E0));
#2799=LINE('',#2798,#2797);
#2800=DIRECTION('',(0.E0,0.E0,1.E0));
#2801=VECTOR('',#2800,3.E-3);
#2802=CARTESIAN_POINT('',(3.35E-2,-1.5E-2,0.E0));
#2803=LINE('',#2802,#2801);
#2804=DIRECTION('',(0.E0,1.E0,0.E0));
#2805=VECTOR('',#2804,1.E-2);
#2806=CARTESIAN_POINT('',(3.35E-2,-2.5E-2,0.E0));
#2807=LINE('',#2806,#2805);
#2808=DIRECTION('',(0.E0,0.E0,1.E0));
#2809=VECTOR('',#2808,3.E-3);
#2810=CARTESIAN_POINT('',(3.35E-2,-2.5E-2,0.E0));
#2811=LINE('',#2810,#2809);
#2812=DIRECTION('',(-1.E0,0.E0,0.E0));
#2813=VECTOR('',#2812,8.E-3);
#2814=CARTESIAN_POINT('',(3.35E-2,2.5E-2,3.E-3));
#2815=LINE('',#2814,#2813);
#2816=DIRECTION('',(0.E0,1.E0,0.E0));
#2817=VECTOR('',#2816,1.E-2);
#2818=CARTESIAN_POINT('',(3.35E-2,1.5E-2,3.E-3));
#2819=LINE('',#2818,#2817);
#2820=DIRECTION('',(-1.E0,0.E0,0.E0));
#2821=VECTOR('',#2820,8.E-3);
#2822=CARTESIAN_POINT('',(3.35E-2,1.5E-2,3.E-3));
#2823=LINE('',#2822,#2821);
#2824=DIRECTION('',(-1.E0,0.E0,0.E0));
#2825=VECTOR('',#2824,8.E-3);
#2826=CARTESIAN_POINT('',(3.35E-2,5.E-3,3.E-3));
#2827=LINE('',#2826,#2825);
#2828=DIRECTION('',(0.E0,1.E0,0.E0));
#2829=VECTOR('',#2828,1.E-2);
#2830=CARTESIAN_POINT('',(3.35E-2,-5.E-3,3.E-3));
#2831=LINE('',#2830,#2829);
#2832=DIRECTION('',(-1.E0,0.E0,0.E0));
#2833=VECTOR('',#2832,8.E-3);
#2834=CARTESIAN_POINT('',(3.35E-2,-5.E-3,3.E-3));
#2835=LINE('',#2834,#2833);
#2836=DIRECTION('',(-1.E0,0.E0,0.E0));
#2837=VECTOR('',#2836,8.E-3);
#2838=CARTESIAN_POINT('',(3.35E-2,-1.5E-2,3.E-3));
#2839=LINE('',#2838,#2837);
#2840=DIRECTION('',(0.E0,1.E0,0.E0));
#2841=VECTOR('',#2840,1.E-2);
#2842=CARTESIAN_POINT('',(3.35E-2,-2.5E-2,3.E-3));
#2843=LINE('',#2842,#2841);
#2844=DIRECTION('',(-1.E0,0.E0,0.E0));
#2845=VECTOR('',#2844,8.E-3);
#2846=CARTESIAN_POINT('',(3.35E-2,-2.5E-2,3.E-3));
#2847=LINE('',#2846,#2845);
#2848=CARTESIAN_POINT('',(-2.55E-2,-3.35E-2,2.E-2));
#2849=CARTESIAN_POINT('',(2.55E-2,-3.35E-2,2.E-2));
#2850=VERTEX_POINT('',#2848);
#2851=VERTEX_POINT('',#2849);
#2852=CARTESIAN_POINT('',(2.55E-2,3.35E-2,2.E-2));
#2853=VERTEX_POINT('',#2852);
#2854=CARTESIAN_POINT('',(-2.55E-2,3.35E-2,2.E-2));
#2855=VERTEX_POINT('',#2854);
#2856=CARTESIAN_POINT('',(-2.55E-2,-3.35E-2,0.E0));
#2857=CARTESIAN_POINT('',(-2.55E-2,-2.5E-2,0.E0));
#2858=VERTEX_POINT('',#2856);
#2859=VERTEX_POINT('',#2857);
#2860=CARTESIAN_POINT('',(-2.55E-2,-1.5E-2,0.E0));
#2861=CARTESIAN_POINT('',(-2.55E-2,-5.E-3,0.E0));
#2862=VERTEX_POINT('',#2860);
#2863=VERTEX_POINT('',#2861);
#2864=CARTESIAN_POINT('',(-2.55E-2,5.E-3,0.E0));
#2865=CARTESIAN_POINT('',(-2.55E-2,1.5E-2,0.E0));
#2866=VERTEX_POINT('',#2864);
#2867=VERTEX_POINT('',#2865);
#2868=CARTESIAN_POINT('',(-2.55E-2,2.5E-2,0.E0));
#2869=CARTESIAN_POINT('',(-2.55E-2,3.35E-2,0.E0));
#2870=VERTEX_POINT('',#2868);
#2871=VERTEX_POINT('',#2869);
#2872=CARTESIAN_POINT('',(-3.35E-2,2.5E-2,0.E0));
#2873=VERTEX_POINT('',#2872);
#2874=CARTESIAN_POINT('',(-3.35E-2,5.E-3,0.E0));
#2875=VERTEX_POINT('',#2874);
#2876=CARTESIAN_POINT('',(-3.35E-2,1.5E-2,0.E0));
#2877=VERTEX_POINT('',#2876);
#2878=CARTESIAN_POINT('',(-3.35E-2,-1.5E-2,0.E0));
#2879=VERTEX_POINT('',#2878);
#2880=CARTESIAN_POINT('',(-3.35E-2,-5.E-3,0.E0));
#2881=VERTEX_POINT('',#2880);
#2882=CARTESIAN_POINT('',(-3.35E-2,-2.5E-2,0.E0));
#2883=VERTEX_POINT('',#2882);
#2884=CARTESIAN_POINT('',(-2.55E-2,2.5E-2,3.E-3));
#2885=CARTESIAN_POINT('',(-3.35E-2,2.5E-2,3.E-3));
#2886=VERTEX_POINT('',#2884);
#2887=VERTEX_POINT('',#2885);
#2888=CARTESIAN_POINT('',(-2.55E-2,5.E-3,3.E-3));
#2889=CARTESIAN_POINT('',(-3.35E-2,5.E-3,3.E-3));
#2890=VERTEX_POINT('',#2888);
#2891=VERTEX_POINT('',#2889);
#2892=CARTESIAN_POINT('',(-2.55E-2,1.5E-2,3.E-3));
#2893=CARTESIAN_POINT('',(-3.35E-2,1.5E-2,3.E-3));
#2894=VERTEX_POINT('',#2892);
#2895=VERTEX_POINT('',#2893);
#2896=CARTESIAN_POINT('',(-2.55E-2,-1.5E-2,3.E-3));
#2897=CARTESIAN_POINT('',(-3.35E-2,-1.5E-2,3.E-3));
#2898=VERTEX_POINT('',#2896);
#2899=VERTEX_POINT('',#2897);
#2900=CARTESIAN_POINT('',(-2.55E-2,-5.E-3,3.E-3));
#2901=CARTESIAN_POINT('',(-3.35E-2,-5.E-3,3.E-3));
#2902=VERTEX_POINT('',#2900);
#2903=VERTEX_POINT('',#2901);
#2904=CARTESIAN_POINT('',(-2.55E-2,-2.5E-2,3.E-3));
#2905=CARTESIAN_POINT('',(-3.35E-2,-2.5E-2,3.E-3));
#2906=VERTEX_POINT('',#2904);
#2907=VERTEX_POINT('',#2905);
#2908=CARTESIAN_POINT('',(2.55E-2,-3.35E-2,0.E0));
#2909=CARTESIAN_POINT('',(2.55E-2,-2.5E-2,0.E0));
#2910=VERTEX_POINT('',#2908);
#2911=VERTEX_POINT('',#2909);
#2912=CARTESIAN_POINT('',(2.55E-2,-1.5E-2,0.E0));
#2913=CARTESIAN_POINT('',(2.55E-2,-5.E-3,0.E0));
#2914=VERTEX_POINT('',#2912);
#2915=VERTEX_POINT('',#2913);
#2916=CARTESIAN_POINT('',(2.55E-2,5.E-3,0.E0));
#2917=CARTESIAN_POINT('',(2.55E-2,1.5E-2,0.E0));
#2918=VERTEX_POINT('',#2916);
#2919=VERTEX_POINT('',#2917);
#2920=CARTESIAN_POINT('',(2.55E-2,2.5E-2,0.E0));
#2921=CARTESIAN_POINT('',(2.55E-2,3.35E-2,0.E0));
#2922=VERTEX_POINT('',#2920);
#2923=VERTEX_POINT('',#2921);
#2924=CARTESIAN_POINT('',(3.35E-2,2.5E-2,0.E0));
#2925=VERTEX_POINT('',#2924);
#2926=CARTESIAN_POINT('',(3.35E-2,1.5E-2,0.E0));
#2927=VERTEX_POINT('',#2926);
#2928=CARTESIAN_POINT('',(3.35E-2,5.E-3,0.E0));
#2929=VERTEX_POINT('',#2928);
#2930=CARTESIAN_POINT('',(3.35E-2,-5.E-3,0.E0));
#2931=VERTEX_POINT('',#2930);
#2932=CARTESIAN_POINT('',(3.35E-2,-1.5E-2,0.E0));
#2933=VERTEX_POINT('',#2932);
#2934=CARTESIAN_POINT('',(3.35E-2,-2.5E-2,0.E0));
#2935=VERTEX_POINT('',#2934);
#2936=CARTESIAN_POINT('',(3.35E-2,2.5E-2,3.E-3));
#2937=VERTEX_POINT('',#2936);
#2938=CARTESIAN_POINT('',(3.35E-2,1.5E-2,3.E-3));
#2939=VERTEX_POINT('',#2938);
#2940=CARTESIAN_POINT('',(3.35E-2,5.E-3,3.E-3));
#2941=VERTEX_POINT('',#2940);
#2942=CARTESIAN_POINT('',(3.35E-2,-5.E-3,3.E-3));
#2943=VERTEX_POINT('',#2942);
#2944=CARTESIAN_POINT('',(3.35E-2,-1.5E-2,3.E-3));
#2945=VERTEX_POINT('',#2944);
#2946=CARTESIAN_POINT('',(3.35E-2,-2.5E-2,3.E-3));
#2947=VERTEX_POINT('',#2946);
#2948=CARTESIAN_POINT('',(2.55E-2,2.5E-2,3.E-3));
#2949=VERTEX_POINT('',#2948);
#2950=CARTESIAN_POINT('',(2.55E-2,1.5E-2,3.E-3));
#2951=VERTEX_POINT('',#2950);
#2952=CARTESIAN_POINT('',(2.55E-2,5.E-3,3.E-3));
#2953=VERTEX_POINT('',#2952);
#2954=CARTESIAN_POINT('',(2.55E-2,-5.E-3,3.E-3));
#2955=VERTEX_POINT('',#2954);
#2956=CARTESIAN_POINT('',(2.55E-2,-1.5E-2,3.E-3));
#2957=VERTEX_POINT('',#2956);
#2958=CARTESIAN_POINT('',(2.55E-2,-2.5E-2,3.E-3));
#2959=VERTEX_POINT('',#2958);
#2960=CARTESIAN_POINT('',(0.E0,0.E0,0.E0));
#2961=DIRECTION('',(0.E0,0.E0,1.E0));
#2962=DIRECTION('',(1.E0,0.E0,0.E0));
#2963=AXIS2_PLACEMENT_3D('',#2960,#2961,#2962);
#2964=PLANE('',#2963);
#2966=ORIENTED_EDGE('',*,*,#2965,.T.);
#2968=ORIENTED_EDGE('',*,*,#2967,.F.);
#2970=ORIENTED_EDGE('',*,*,#2969,.T.);
#2972=ORIENTED_EDGE('',*,*,#2971,.T.);
#2974=ORIENTED_EDGE('',*,*,#2973,.T.);
#2976=ORIENTED_EDGE('',*,*,#2975,.F.);
#2978=ORIENTED_EDGE('',*,*,#2977,.T.);
#2980=ORIENTED_EDGE('',*,*,#2979,.T.);
#2982=ORIENTED_EDGE('',*,*,#2981,.T.);
#2984=ORIENTED_EDGE('',*,*,#2983,.F.);
#2986=ORIENTED_EDGE('',*,*,#2985,.T.);
#2988=ORIENTED_EDGE('',*,*,#2987,.T.);
#2990=ORIENTED_EDGE('',*,*,#2989,.T.);
#2992=ORIENTED_EDGE('',*,*,#2991,.T.);
#2994=ORIENTED_EDGE('',*,*,#2993,.F.);
#2996=ORIENTED_EDGE('',*,*,#2995,.F.);
#2998=ORIENTED_EDGE('',*,*,#2997,.F.);
#3000=ORIENTED_EDGE('',*,*,#2999,.T.);
#3002=ORIENTED_EDGE('',*,*,#3001,.F.);
#3004=ORIENTED_EDGE('',*,*,#3003,.F.);
#3006=ORIENTED_EDGE('',*,*,#3005,.F.);
#3008=ORIENTED_EDGE('',*,*,#3007,.T.);
#3010=ORIENTED_EDGE('',*,*,#3009,.F.);
#3012=ORIENTED_EDGE('',*,*,#3011,.F.);
#3014=ORIENTED_EDGE('',*,*,#3013,.F.);
#3016=ORIENTED_EDGE('',*,*,#3015,.T.);
#3018=ORIENTED_EDGE('',*,*,#3017,.F.);
#3020=ORIENTED_EDGE('',*,*,#3019,.T.);
#3021=EDGE_LOOP('',(#2966,#2968,#2970,#2972,#2974,#2976,#2978,#2980,#2982,#2984,
#2986,#2988,#2990,#2992,#2994,#2996,#2998,#3000,#3002,#3004,#3006,#3008,#3010,
#3012,#3014,#3016,#3018,#3020));
#3022=FACE_OUTER_BOUND('',#3021,.F.);
#3023=ADVANCED_FACE('',(#3022),#2964,.F.);
#3024=CARTESIAN_POINT('',(2.55E-2,-3.35E-2,0.E0));
#3025=DIRECTION('',(1.E0,0.E0,0.E0));
#3026=DIRECTION('',(0.E0,1.E0,0.E0));
#3027=AXIS2_PLACEMENT_3D('',#3024,#3025,#3026);
#3028=PLANE('',#3027);
#3030=ORIENTED_EDGE('',*,*,#3029,.T.);
#3031=ORIENTED_EDGE('',*,*,#2989,.F.);
#3033=ORIENTED_EDGE('',*,*,#3032,.F.);
#3035=ORIENTED_EDGE('',*,*,#3034,.F.);
#3037=ORIENTED_EDGE('',*,*,#3036,.F.);
#3038=ORIENTED_EDGE('',*,*,#2981,.F.);
#3040=ORIENTED_EDGE('',*,*,#3039,.F.);
#3042=ORIENTED_EDGE('',*,*,#3041,.F.);
#3044=ORIENTED_EDGE('',*,*,#3043,.F.);
#3045=ORIENTED_EDGE('',*,*,#2973,.F.);
#3047=ORIENTED_EDGE('',*,*,#3046,.F.);
#3049=ORIENTED_EDGE('',*,*,#3048,.F.);
#3051=ORIENTED_EDGE('',*,*,#3050,.F.);
#3052=ORIENTED_EDGE('',*,*,#2965,.F.);
#3054=ORIENTED_EDGE('',*,*,#3053,.T.);
#3056=ORIENTED_EDGE('',*,*,#3055,.T.);
#3057=EDGE_LOOP('',(#3030,#3031,#3033,#3035,#3037,#3038,#3040,#3042,#3044,#3045,
#3047,#3049,#3051,#3052,#3054,#3056));
#3058=FACE_OUTER_BOUND('',#3057,.F.);
#3059=ADVANCED_FACE('',(#3058),#3028,.T.);
#3060=CARTESIAN_POINT('',(2.55E-2,3.35E-2,0.E0));
#3061=DIRECTION('',(0.E0,1.E0,0.E0));
#3062=DIRECTION('',(-1.E0,0.E0,0.E0));
#3063=AXIS2_PLACEMENT_3D('',#3060,#3061,#3062);
#3064=PLANE('',#3063);
#3065=ORIENTED_EDGE('',*,*,#3029,.F.);
#3067=ORIENTED_EDGE('',*,*,#3066,.T.);
#3069=ORIENTED_EDGE('',*,*,#3068,.F.);
#3070=ORIENTED_EDGE('',*,*,#2991,.F.);
#3071=EDGE_LOOP('',(#3065,#3067,#3069,#3070));
#3072=FACE_OUTER_BOUND('',#3071,.F.);
#3073=ADVANCED_FACE('',(#3072),#3064,.T.);
#3074=CARTESIAN_POINT('',(0.E0,0.E0,2.E-2));
#3075=DIRECTION('',(0.E0,0.E0,1.E0));
#3076=DIRECTION('',(1.E0,0.E0,0.E0));
#3077=AXIS2_PLACEMENT_3D('',#3074,#3075,#3076);
#3078=PLANE('',#3077);
#3080=ORIENTED_EDGE('',*,*,#3079,.F.);
#3082=ORIENTED_EDGE('',*,*,#3081,.F.);
#3083=ORIENTED_EDGE('',*,*,#3066,.F.);
#3084=ORIENTED_EDGE('',*,*,#3055,.F.);
#3085=EDGE_LOOP('',(#3080,#3082,#3083,#3084));
#3086=FACE_OUTER_BOUND('',#3085,.F.);
#3087=ADVANCED_FACE('',(#3086),#3078,.T.);
#3088=CARTESIAN_POINT('',(-2.55E-2,-3.35E-2,0.E0));
#3089=DIRECTION('',(0.E0,-1.E0,0.E0));
#3090=DIRECTION('',(1.E0,0.E0,0.E0));
#3091=AXIS2_PLACEMENT_3D('',#3088,#3089,#3090);
#3092=PLANE('',#3091);
#3093=ORIENTED_EDGE('',*,*,#3053,.F.);
#3094=ORIENTED_EDGE('',*,*,#3019,.F.);
#3096=ORIENTED_EDGE('',*,*,#3095,.F.);
#3097=ORIENTED_EDGE('',*,*,#3079,.T.);
#3098=EDGE_LOOP('',(#3093,#3094,#3096,#3097));
#3099=FACE_OUTER_BOUND('',#3098,.F.);
#3100=ADVANCED_FACE('',(#3099),#3092,.T.);
#3101=CARTESIAN_POINT('',(-2.55E-2,3.35E-2,0.E0));
#3102=DIRECTION('',(-1.E0,0.E0,0.E0));
#3103=DIRECTION('',(0.E0,-1.E0,0.E0));
#3104=AXIS2_PLACEMENT_3D('',#3101,#3102,#3103);
#3105=PLANE('',#3104);
#3107=ORIENTED_EDGE('',*,*,#3106,.F.);
#3109=ORIENTED_EDGE('',*,*,#3108,.F.);
#3110=ORIENTED_EDGE('',*,*,#2993,.T.);
#3111=ORIENTED_EDGE('',*,*,#3068,.T.);
#3112=ORIENTED_EDGE('',*,*,#3081,.T.);
#3113=ORIENTED_EDGE('',*,*,#3095,.T.);
#3114=ORIENTED_EDGE('',*,*,#3017,.T.);
#3116=ORIENTED_EDGE('',*,*,#3115,.F.);
#3118=ORIENTED_EDGE('',*,*,#3117,.F.);
#3120=ORIENTED_EDGE('',*,*,#3119,.F.);
#3121=ORIENTED_EDGE('',*,*,#3009,.T.);
#3123=ORIENTED_EDGE('',*,*,#3122,.F.);
#3125=ORIENTED_EDGE('',*,*,#3124,.F.);
#3127=ORIENTED_EDGE('',*,*,#3126,.F.);
#3128=ORIENTED_EDGE('',*,*,#3001,.T.);
#3130=ORIENTED_EDGE('',*,*,#3129,.F.);
#3131=EDGE_LOOP('',(#3107,#3109,#3110,#3111,#3112,#3113,#3114,#3116,#3118,#3120,
#3121,#3123,#3125,#3127,#3128,#3130));
#3132=FACE_OUTER_BOUND('',#3131,.F.);
#3133=ADVANCED_FACE('',(#3132),#3105,.T.);
#3134=CARTESIAN_POINT('',(-2.55E-2,-3.35E-2,3.E-3));
#3135=DIRECTION('',(0.E0,0.E0,1.E0));
#3136=DIRECTION('',(-1.E0,0.E0,0.E0));
#3137=AXIS2_PLACEMENT_3D('',#3134,#3135,#3136);
#3138=PLANE('',#3137);
#3140=ORIENTED_EDGE('',*,*,#3139,.F.);
#3141=ORIENTED_EDGE('',*,*,#3106,.T.);
#3143=ORIENTED_EDGE('',*,*,#3142,.T.);
#3145=ORIENTED_EDGE('',*,*,#3144,.T.);
#3146=EDGE_LOOP('',(#3140,#3141,#3143,#3145));
#3147=FACE_OUTER_BOUND('',#3146,.F.);
#3148=ADVANCED_FACE('',(#3147),#3138,.T.);
#3149=CARTESIAN_POINT('',(-2.55E-2,-3.35E-2,3.E-3));
#3150=DIRECTION('',(0.E0,0.E0,1.E0));
#3151=DIRECTION('',(-1.E0,0.E0,0.E0));
#3152=AXIS2_PLACEMENT_3D('',#3149,#3150,#3151);
#3153=PLANE('',#3152);
#3155=ORIENTED_EDGE('',*,*,#3154,.F.);
#3156=ORIENTED_EDGE('',*,*,#3124,.T.);
#3158=ORIENTED_EDGE('',*,*,#3157,.T.);
#3160=ORIENTED_EDGE('',*,*,#3159,.T.);
#3161=EDGE_LOOP('',(#3155,#3156,#3158,#3160));
#3162=FACE_OUTER_BOUND('',#3161,.F.);
#3163=ADVANCED_FACE('',(#3162),#3153,.T.);
#3164=CARTESIAN_POINT('',(-2.55E-2,-3.35E-2,3.E-3));
#3165=DIRECTION('',(0.E0,0.E0,1.E0));
#3166=DIRECTION('',(-1.E0,0.E0,0.E0));
#3167=AXIS2_PLACEMENT_3D('',#3164,#3165,#3166);
#3168=PLANE('',#3167);
#3170=ORIENTED_EDGE('',*,*,#3169,.F.);
#3171=ORIENTED_EDGE('',*,*,#3117,.T.);
#3173=ORIENTED_EDGE('',*,*,#3172,.T.);
#3175=ORIENTED_EDGE('',*,*,#3174,.T.);
#3176=EDGE_LOOP('',(#3170,#3171,#3173,#3175));
#3177=FACE_OUTER_BOUND('',#3176,.F.);
#3178=ADVANCED_FACE('',(#3177),#3168,.T.);
#3179=CARTESIAN_POINT('',(-3.35E-2,2.5E-2,0.E0));
#3180=DIRECTION('',(0.E0,-1.E0,0.E0));
#3181=DIRECTION('',(0.E0,0.E0,1.E0));
#3182=AXIS2_PLACEMENT_3D('',#3179,#3180,#3181);
#3183=PLANE('',#3182);
#3184=ORIENTED_EDGE('',*,*,#2995,.T.);
#3185=ORIENTED_EDGE('',*,*,#3108,.T.);
#3186=ORIENTED_EDGE('',*,*,#3139,.T.);
#3188=ORIENTED_EDGE('',*,*,#3187,.T.);
#3189=EDGE_LOOP('',(#3184,#3185,#3186,#3188));
#3190=FACE_OUTER_BOUND('',#3189,.F.);
#3191=ADVANCED_FACE('',(#3190),#3183,.F.);
#3192=CARTESIAN_POINT('',(-3.35E-2,-3.35E-2,3.E-3));
#3193=DIRECTION('',(-1.E0,0.E0,0.E0));
#3194=DIRECTION('',(0.E0,0.E0,-1.E0));
#3195=AXIS2_PLACEMENT_3D('',#3192,#3193,#3194);
#3196=PLANE('',#3195);
#3197=ORIENTED_EDGE('',*,*,#3187,.F.);
#3198=ORIENTED_EDGE('',*,*,#3144,.F.);
#3200=ORIENTED_EDGE('',*,*,#3199,.T.);
#3201=ORIENTED_EDGE('',*,*,#2997,.T.);
#3202=EDGE_LOOP('',(#3197,#3198,#3200,#3201));
#3203=FACE_OUTER_BOUND('',#3202,.F.);
#3204=ADVANCED_FACE('',(#3203),#3196,.T.);
#3205=CARTESIAN_POINT('',(-3.35E-2,-3.35E-2,3.E-3));
#3206=DIRECTION('',(-1.E0,0.E0,0.E0));
#3207=DIRECTION('',(0.E0,0.E0,-1.E0));
#3208=AXIS2_PLACEMENT_3D('',#3205,#3206,#3207);
#3209=PLANE('',#3208);
#3211=ORIENTED_EDGE('',*,*,#3210,.F.);
#3212=ORIENTED_EDGE('',*,*,#3159,.F.);
#3214=ORIENTED_EDGE('',*,*,#3213,.T.);
#3215=ORIENTED_EDGE('',*,*,#3005,.T.);
#3216=EDGE_LOOP('',(#3211,#3212,#3214,#3215));
#3217=FACE_OUTER_BOUND('',#3216,.F.);
#3218=ADVANCED_FACE('',(#3217),#3209,.T.);
#3219=CARTESIAN_POINT('',(-3.35E-2,-3.35E-2,3.E-3));
#3220=DIRECTION('',(-1.E0,0.E0,0.E0));
#3221=DIRECTION('',(0.E0,0.E0,-1.E0));
#3222=AXIS2_PLACEMENT_3D('',#3219,#3220,#3221);
#3223=PLANE('',#3222);
#3225=ORIENTED_EDGE('',*,*,#3224,.F.);
#3226=ORIENTED_EDGE('',*,*,#3174,.F.);
#3228=ORIENTED_EDGE('',*,*,#3227,.T.);
#3229=ORIENTED_EDGE('',*,*,#3013,.T.);
#3230=EDGE_LOOP('',(#3225,#3226,#3228,#3229));
#3231=FACE_OUTER_BOUND('',#3230,.F.);
#3232=ADVANCED_FACE('',(#3231),#3223,.T.);
#3233=CARTESIAN_POINT('',(-3.35E-2,1.5E-2,3.E-3));
#3234=DIRECTION('',(0.E0,1.E0,0.E0));
#3235=DIRECTION('',(0.E0,0.E0,-1.E0));
#3236=AXIS2_PLACEMENT_3D('',#3233,#3234,#3235);
#3237=PLANE('',#3236);
#3238=ORIENTED_EDGE('',*,*,#2999,.F.);
#3239=ORIENTED_EDGE('',*,*,#3199,.F.);
#3240=ORIENTED_EDGE('',*,*,#3142,.F.);
#3241=ORIENTED_EDGE('',*,*,#3129,.T.);
#3242=EDGE_LOOP('',(#3238,#3239,#3240,#3241));
#3243=FACE_OUTER_BOUND('',#3242,.F.);
#3244=ADVANCED_FACE('',(#3243),#3237,.F.);
#3245=CARTESIAN_POINT('',(-3.35E-2,5.E-3,0.E0));
#3246=DIRECTION('',(0.E0,-1.E0,0.E0));
#3247=DIRECTION('',(0.E0,0.E0,1.E0));
#3248=AXIS2_PLACEMENT_3D('',#3245,#3246,#3247);
#3249=PLANE('',#3248);
#3250=ORIENTED_EDGE('',*,*,#3003,.T.);
#3251=ORIENTED_EDGE('',*,*,#3126,.T.);
#3252=ORIENTED_EDGE('',*,*,#3154,.T.);
#3253=ORIENTED_EDGE('',*,*,#3210,.T.);
#3254=EDGE_LOOP('',(#3250,#3251,#3252,#3253));
#3255=FACE_OUTER_BOUND('',#3254,.F.);
#3256=ADVANCED_FACE('',(#3255),#3249,.F.);
#3257=CARTESIAN_POINT('',(-3.35E-2,-5.E-3,3.E-3));
#3258=DIRECTION('',(0.E0,1.E0,0.E0));
#3259=DIRECTION('',(0.E0,0.E0,-1.E0));
#3260=AXIS2_PLACEMENT_3D('',#3257,#3258,#3259);
#3261=PLANE('',#3260);
#3262=ORIENTED_EDGE('',*,*,#3007,.F.);
#3263=ORIENTED_EDGE('',*,*,#3213,.F.);
#3264=ORIENTED_EDGE('',*,*,#3157,.F.);
#3265=ORIENTED_EDGE('',*,*,#3122,.T.);
#3266=EDGE_LOOP('',(#3262,#3263,#3264,#3265));
#3267=FACE_OUTER_BOUND('',#3266,.F.);
#3268=ADVANCED_FACE('',(#3267),#3261,.F.);
#3269=CARTESIAN_POINT('',(-3.35E-2,-1.5E-2,0.E0));
#3270=DIRECTION('',(0.E0,-1.E0,0.E0));
#3271=DIRECTION('',(0.E0,0.E0,1.E0));
#3272=AXIS2_PLACEMENT_3D('',#3269,#3270,#3271);
#3273=PLANE('',#3272);
#3274=ORIENTED_EDGE('',*,*,#3011,.T.);
#3275=ORIENTED_EDGE('',*,*,#3119,.T.);
#3276=ORIENTED_EDGE('',*,*,#3169,.T.);
#3277=ORIENTED_EDGE('',*,*,#3224,.T.);
#3278=EDGE_LOOP('',(#3274,#3275,#3276,#3277));
#3279=FACE_OUTER_BOUND('',#3278,.F.);
#3280=ADVANCED_FACE('',(#3279),#3273,.F.);
#3281=CARTESIAN_POINT('',(-3.35E-2,-2.5E-2,3.E-3));
#3282=DIRECTION('',(0.E0,1.E0,0.E0));
#3283=DIRECTION('',(0.E0,0.E0,-1.E0));
#3284=AXIS2_PLACEMENT_3D('',#3281,#3282,#3283);
#3285=PLANE('',#3284);
#3286=ORIENTED_EDGE('',*,*,#3015,.F.);
#3287=ORIENTED_EDGE('',*,*,#3227,.F.);
#3288=ORIENTED_EDGE('',*,*,#3172,.F.);
#3289=ORIENTED_EDGE('',*,*,#3115,.T.);
#3290=EDGE_LOOP('',(#3286,#3287,#3288,#3289));
#3291=FACE_OUTER_BOUND('',#3290,.F.);
#3292=ADVANCED_FACE('',(#3291),#3285,.F.);
#3293=CARTESIAN_POINT('',(3.35E-2,2.5E-2,3.E-3));
#3294=DIRECTION('',(0.E0,-1.E0,0.E0));
#3295=DIRECTION('',(0.E0,0.E0,-1.E0));
#3296=AXIS2_PLACEMENT_3D('',#3293,#3294,#3295);
#3297=PLANE('',#3296);
#3298=ORIENTED_EDGE('',*,*,#2987,.F.);
#3300=ORIENTED_EDGE('',*,*,#3299,.T.);
#3302=ORIENTED_EDGE('',*,*,#3301,.T.);
#3303=ORIENTED_EDGE('',*,*,#3032,.T.);
#3304=EDGE_LOOP('',(#3298,#3300,#3302,#3303));
#3305=FACE_OUTER_BOUND('',#3304,.F.);
#3306=ADVANCED_FACE('',(#3305),#3297,.F.);
#3307=CARTESIAN_POINT('',(3.35E-2,-3.35E-2,0.E0));
#3308=DIRECTION('',(1.E0,0.E0,0.E0));
#3309=DIRECTION('',(0.E0,0.E0,1.E0));
#3310=AXIS2_PLACEMENT_3D('',#3307,#3308,#3309);
#3311=PLANE('',#3310);
#3312=ORIENTED_EDGE('',*,*,#3299,.F.);
#3313=ORIENTED_EDGE('',*,*,#2985,.F.);
#3315=ORIENTED_EDGE('',*,*,#3314,.T.);
#3317=ORIENTED_EDGE('',*,*,#3316,.T.);
#3318=EDGE_LOOP('',(#3312,#3313,#3315,#3317));
#3319=FACE_OUTER_BOUND('',#3318,.F.);
#3320=ADVANCED_FACE('',(#3319),#3311,.T.);
#3321=CARTESIAN_POINT('',(3.35E-2,-3.35E-2,0.E0));
#3322=DIRECTION('',(1.E0,0.E0,0.E0));
#3323=DIRECTION('',(0.E0,0.E0,1.E0));
#3324=AXIS2_PLACEMENT_3D('',#3321,#3322,#3323);
#3325=PLANE('',#3324);
#3327=ORIENTED_EDGE('',*,*,#3326,.F.);
#3328=ORIENTED_EDGE('',*,*,#2977,.F.);
#3330=ORIENTED_EDGE('',*,*,#3329,.T.);
#3332=ORIENTED_EDGE('',*,*,#3331,.T.);
#3333=EDGE_LOOP('',(#3327,#3328,#3330,#3332));
#3334=FACE_OUTER_BOUND('',#3333,.F.);
#3335=ADVANCED_FACE('',(#3334),#3325,.T.);
#3336=CARTESIAN_POINT('',(3.35E-2,-3.35E-2,0.E0));
#3337=DIRECTION('',(1.E0,0.E0,0.E0));
#3338=DIRECTION('',(0.E0,0.E0,1.E0));
#3339=AXIS2_PLACEMENT_3D('',#3336,#3337,#3338);
#3340=PLANE('',#3339);
#3342=ORIENTED_EDGE('',*,*,#3341,.F.);
#3343=ORIENTED_EDGE('',*,*,#2969,.F.);
#3345=ORIENTED_EDGE('',*,*,#3344,.T.);
#3347=ORIENTED_EDGE('',*,*,#3346,.T.);
#3348=EDGE_LOOP('',(#3342,#3343,#3345,#3347));
#3349=FACE_OUTER_BOUND('',#3348,.F.);
#3350=ADVANCED_FACE('',(#3349),#3340,.T.);
#3351=CARTESIAN_POINT('',(3.35E-2,1.5E-2,0.E0));
#3352=DIRECTION('',(0.E0,1.E0,0.E0));
#3353=DIRECTION('',(0.E0,0.E0,1.E0));
#3354=AXIS2_PLACEMENT_3D('',#3351,#3352,#3353);
#3355=PLANE('',#3354);
#3356=ORIENTED_EDGE('',*,*,#2983,.T.);
#3357=ORIENTED_EDGE('',*,*,#3036,.T.);
#3359=ORIENTED_EDGE('',*,*,#3358,.F.);
#3360=ORIENTED_EDGE('',*,*,#3314,.F.);
#3361=EDGE_LOOP('',(#3356,#3357,#3359,#3360));
#3362=FACE_OUTER_BOUND('',#3361,.F.);
#3363=ADVANCED_FACE('',(#3362),#3355,.F.);
#3364=CARTESIAN_POINT('',(3.35E-2,-3.35E-2,3.E-3));
#3365=DIRECTION('',(0.E0,0.E0,1.E0));
#3366=DIRECTION('',(-1.E0,0.E0,0.E0));
#3367=AXIS2_PLACEMENT_3D('',#3364,#3365,#3366);
#3368=PLANE('',#3367);
#3369=ORIENTED_EDGE('',*,*,#3301,.F.);
#3370=ORIENTED_EDGE('',*,*,#3316,.F.);
#3371=ORIENTED_EDGE('',*,*,#3358,.T.);
#3372=ORIENTED_EDGE('',*,*,#3034,.T.);
#3373=EDGE_LOOP('',(#3369,#3370,#3371,#3372));
#3374=FACE_OUTER_BOUND('',#3373,.F.);
#3375=ADVANCED_FACE('',(#3374),#3368,.T.);
#3376=CARTESIAN_POINT('',(3.35E-2,-3.35E-2,3.E-3));
#3377=DIRECTION('',(0.E0,0.E0,1.E0));
#3378=DIRECTION('',(-1.E0,0.E0,0.E0));
#3379=AXIS2_PLACEMENT_3D('',#3376,#3377,#3378);
#3380=PLANE('',#3379);
#3382=ORIENTED_EDGE('',*,*,#3381,.F.);
#3383=ORIENTED_EDGE('',*,*,#3331,.F.);
#3385=ORIENTED_EDGE('',*,*,#3384,.T.);
#3386=ORIENTED_EDGE('',*,*,#3041,.T.);
#3387=EDGE_LOOP('',(#3382,#3383,#3385,#3386));
#3388=FACE_OUTER_BOUND('',#3387,.F.);
#3389=ADVANCED_FACE('',(#3388),#3380,.T.);
#3390=CARTESIAN_POINT('',(3.35E-2,-3.35E-2,3.E-3));
#3391=DIRECTION('',(0.E0,0.E0,1.E0));
#3392=DIRECTION('',(-1.E0,0.E0,0.E0));
#3393=AXIS2_PLACEMENT_3D('',#3390,#3391,#3392);
#3394=PLANE('',#3393);
#3396=ORIENTED_EDGE('',*,*,#3395,.F.);
#3397=ORIENTED_EDGE('',*,*,#3346,.F.);
#3399=ORIENTED_EDGE('',*,*,#3398,.T.);
#3400=ORIENTED_EDGE('',*,*,#3048,.T.);
#3401=EDGE_LOOP('',(#3396,#3397,#3399,#3400));
#3402=FACE_OUTER_BOUND('',#3401,.F.);
#3403=ADVANCED_FACE('',(#3402),#3394,.T.);
#3404=CARTESIAN_POINT('',(3.35E-2,5.E-3,3.E-3));
#3405=DIRECTION('',(0.E0,-1.E0,0.E0));
#3406=DIRECTION('',(0.E0,0.E0,-1.E0));
#3407=AXIS2_PLACEMENT_3D('',#3404,#3405,#3406);
#3408=PLANE('',#3407);
#3409=ORIENTED_EDGE('',*,*,#2979,.F.);
#3410=ORIENTED_EDGE('',*,*,#3326,.T.);
#3411=ORIENTED_EDGE('',*,*,#3381,.T.);
#3412=ORIENTED_EDGE('',*,*,#3039,.T.);
#3413=EDGE_LOOP('',(#3409,#3410,#3411,#3412));
#3414=FACE_OUTER_BOUND('',#3413,.F.);
#3415=ADVANCED_FACE('',(#3414),#3408,.F.);
#3416=CARTESIAN_POINT('',(3.35E-2,-5.E-3,0.E0));
#3417=DIRECTION('',(0.E0,1.E0,0.E0));
#3418=DIRECTION('',(0.E0,0.E0,1.E0));
#3419=AXIS2_PLACEMENT_3D('',#3416,#3417,#3418);
#3420=PLANE('',#3419);
#3421=ORIENTED_EDGE('',*,*,#2975,.T.);
#3422=ORIENTED_EDGE('',*,*,#3043,.T.);
#3423=ORIENTED_EDGE('',*,*,#3384,.F.);
#3424=ORIENTED_EDGE('',*,*,#3329,.F.);
#3425=EDGE_LOOP('',(#3421,#3422,#3423,#3424));
#3426=FACE_OUTER_BOUND('',#3425,.F.);
#3427=ADVANCED_FACE('',(#3426),#3420,.F.);
#3428=CARTESIAN_POINT('',(3.35E-2,-1.5E-2,3.E-3));
#3429=DIRECTION('',(0.E0,-1.E0,0.E0));
#3430=DIRECTION('',(0.E0,0.E0,-1.E0));
#3431=AXIS2_PLACEMENT_3D('',#3428,#3429,#3430);
#3432=PLANE('',#3431);
#3433=ORIENTED_EDGE('',*,*,#2971,.F.);
#3434=ORIENTED_EDGE('',*,*,#3341,.T.);
#3435=ORIENTED_EDGE('',*,*,#3395,.T.);
#3436=ORIENTED_EDGE('',*,*,#3046,.T.);
#3437=EDGE_LOOP('',(#3433,#3434,#3435,#3436));
#3438=FACE_OUTER_BOUND('',#3437,.F.);
#3439=ADVANCED_FACE('',(#3438),#3432,.F.);
#3440=CARTESIAN_POINT('',(3.35E-2,-2.5E-2,0.E0));
#3441=DIRECTION('',(0.E0,1.E0,0.E0));
#3442=DIRECTION('',(0.E0,0.E0,1.E0));
#3443=AXIS2_PLACEMENT_3D('',#3440,#3441,#3442);
#3444=PLANE('',#3443);
#3445=ORIENTED_EDGE('',*,*,#2967,.T.);
#3446=ORIENTED_EDGE('',*,*,#3050,.T.);
#3447=ORIENTED_EDGE('',*,*,#3398,.F.);
#3448=ORIENTED_EDGE('',*,*,#3344,.F.);
#3449=EDGE_LOOP('',(#3445,#3446,#3447,#3448));
#3450=FACE_OUTER_BOUND('',#3449,.F.);
#3451=ADVANCED_FACE('',(#3450),#3444,.F.);
#3452=CLOSED_SHELL('',(#3023,#3059,#3073,#3087,#3100,#3133,#3148,#3163,#3178,
#3191,#3204,#3218,#3232,#3244,#3256,#3268,#3280,#3292,#3306,#3320,#3335,#3350,
#3363,#3375,#3389,#3403,#3415,#3427,#3439,#3451));
#3453=MANIFOLD_SOLID_BREP('',#3452);
#3454=DIMENSIONAL_EXPONENTS(1.E0,0.E0,0.E0,0.E0,0.E0,0.E0,0.E0);
#3456=LENGTH_MEASURE_WITH_UNIT(LENGTH_MEASURE(2.54E1),#3455);
#3457=(CONVERSION_BASED_UNIT('INCH',#3456)LENGTH_UNIT()NAMED_UNIT(#3454));
#3458=DIMENSIONAL_EXPONENTS(0.E0,0.E0,0.E0,0.E0,0.E0,0.E0,0.E0);
#3460=PLANE_ANGLE_MEASURE_WITH_UNIT(PLANE_ANGLE_MEASURE(1.745329251994E-2),
#3459);
#3461=(CONVERSION_BASED_UNIT('DEGREE',#3460)NAMED_UNIT(*)PLANE_ANGLE_UNIT());
#3463=UNCERTAINTY_MEASURE_WITH_UNIT(LENGTH_MEASURE(9.683620074644E-6),#3457,
'closure',
'Maximum model space distance between geometric entities at asserted connectivities');
#3464=(GEOMETRIC_REPRESENTATION_CONTEXT(3)GLOBAL_UNCERTAINTY_ASSIGNED_CONTEXT((
#3463))GLOBAL_UNIT_ASSIGNED_CONTEXT((#3457,#3461,#3462))REPRESENTATION_CONTEXT(
'ID4','3'));
#3465=CARTESIAN_POINT('',(0.E0,0.E0,0.E0));
#3466=DIRECTION('',(0.E0,0.E0,1.E0));
#3467=DIRECTION('',(1.E0,0.E0,0.E0));
#3470=MECHANICAL_CONTEXT('',#1259,'mechanical');
#3471=PRODUCT('SOT563','SOT563','NOT SPECIFIED',(#3470));
#3472=PRODUCT_DEFINITION_FORMATION_WITH_SPECIFIED_SOURCE('1','LAST_VERSION',
#3471,.MADE.);
#3478=CARTESIAN_POINT('',(4.E-2,2.8755E-1,0.E0));
#3479=DIRECTION('',(0.E0,0.E0,-1.E0));
#3480=DIRECTION('',(0.E0,1.E0,0.E0));
#3481=AXIS2_PLACEMENT_3D('',#3478,#3479,#3480);
#3482=ITEM_DEFINED_TRANSFORMATION('','',#3468,#3481);
#3483=(REPRESENTATION_RELATIONSHIP('','',#3469,#1270)REPRESENTATION_RELATIONSHIP_WITH_TRANSFORMATION(#3482)SHAPE_REPRESENTATION_RELATIONSHIP());
#3484=CONTEXT_DEPENDENT_SHAPE_REPRESENTATION(#3483,#3477);
#3486=DIRECTION('',(-1.E0,0.E0,0.E0));
#3487=VECTOR('',#3486,4.583069223223E-3);
#3488=CARTESIAN_POINT('',(1.15E-2,5.5E-3,0.E0));
#3489=LINE('',#3488,#3487);
#3490=DIRECTION('',(0.E0,-1.E0,0.E0));
#3491=VECTOR('',#3490,1.1E-2);
#3492=CARTESIAN_POINT('',(1.15E-2,5.5E-3,0.E0));
#3493=LINE('',#3492,#3491);
#3494=DIRECTION('',(0.E0,1.E0,0.E0));
#3495=VECTOR('',#3494,1.1E-2);
#3496=CARTESIAN_POINT('',(-1.15E-2,-5.5E-3,0.E0));
#3497=LINE('',#3496,#3495);
#3498=CARTESIAN_POINT('',(7.119171632864E-3,5.973436010941E-3,
9.880823210901E-3));
#3499=CARTESIAN_POINT('',(7.134357299866E-3,6.001689059338E-3,
9.821616478791E-3));
#3500=CARTESIAN_POINT('',(7.166867469222E-3,6.055805931335E-3,
9.694239617827E-3));
#3501=CARTESIAN_POINT('',(7.221993619937E-3,6.130148037158E-3,
9.462459505844E-3));
#3502=CARTESIAN_POINT('',(7.270325354011E-3,6.184710700019E-3,
9.225098480701E-3));
#3503=CARTESIAN_POINT('',(7.307661333696E-3,6.222010997415E-3,
8.991783316581E-3));
#3504=CARTESIAN_POINT('',(7.333356160187E-3,6.245481894723E-3,
8.738962170369E-3));
#3505=CARTESIAN_POINT('',(7.338561901132E-3,6.249999523074E-3,
8.579380462052E-3));
#3506=CARTESIAN_POINT('',(7.338562172234E-3,6.25E-3,8.500000001044E-3));
#3508=DIRECTION('',(0.E0,0.E0,-1.E0));
#3509=VECTOR('',#3508,6.999999998541E-3);
#3510=CARTESIAN_POINT('',(7.338562172234E-3,6.25E-3,8.500000001044E-3));
#3511=LINE('',#3510,#3509);
#3512=CARTESIAN_POINT('',(7.338562172234E-3,6.25E-3,1.500000002503E-3));
#3513=CARTESIAN_POINT('',(7.338561739128E-3,6.249999472128E-3,
1.420752477776E-3));
#3514=CARTESIAN_POINT('',(7.333377016832E-3,6.245493708720E-3,
1.256291427704E-3));
#3515=CARTESIAN_POINT('',(7.304541445704E-3,6.219220511302E-3,
9.800241999240E-4));
#3516=CARTESIAN_POINT('',(7.258192070599E-3,6.172001749552E-3,
7.091241439187E-4));
#3517=CARTESIAN_POINT('',(7.207295206188E-3,6.111410917673E-3,
4.740404449778E-4));
#3518=CARTESIAN_POINT('',(7.159958176395E-3,6.044613180457E-3,
2.787830323283E-4));
#3519=CARTESIAN_POINT('',(7.131923183731E-3,5.997160583326E-3,
1.689156717598E-4));
#3520=CARTESIAN_POINT('',(7.119165640526E-3,5.973424607573E-3,
1.191684463254E-4));
#3522=CARTESIAN_POINT('',(8.E-3,6.5E-3,1.E-3));
#3523=CARTESIAN_POINT('',(7.928636751665E-3,6.5E-3,9.286367516648E-4));
#3524=CARTESIAN_POINT('',(7.791811774581E-3,6.484780751562E-3,
7.918117768608E-4));
#3525=CARTESIAN_POINT('',(7.608392345656E-3,6.426401705992E-3,
6.083923376773E-4));
#3526=CARTESIAN_POINT('',(7.448276454946E-3,6.340266191837E-3,
4.482764845816E-4));
#3527=CARTESIAN_POINT('',(7.312419383705E-3,6.232659234863E-3,
3.124192731398E-4));
#3528=CARTESIAN_POINT('',(7.201313143690E-3,6.109050059924E-3,
2.013135563135E-4));
#3529=CARTESIAN_POINT('',(7.143796825570E-3,6.019247891746E-3,
1.437959364928E-4));
#3530=CARTESIAN_POINT('',(7.119165640526E-3,5.973424607573E-3,
1.191684463254E-4));
#3532=DIRECTION('',(0.E0,0.E0,1.E0));
#3533=VECTOR('',#3532,8.E-3);
#3534=CARTESIAN_POINT('',(8.E-3,6.5E-3,1.E-3));
#3535=LINE('',#3534,#3533);
#3536=CARTESIAN_POINT('',(7.119171632864E-3,5.973436010941E-3,
9.880823210901E-3));
#3537=CARTESIAN_POINT('',(7.143794479436E-3,6.019239377257E-3,
9.856206534105E-3));
#3538=CARTESIAN_POINT('',(7.201312430592E-3,6.109051498823E-3,
9.798687099021E-3));
#3539=CARTESIAN_POINT('',(7.312417979091E-3,6.232657261493E-3,
9.687582146952E-3));
#3540=CARTESIAN_POINT('',(7.448275361087E-3,6.340265694364E-3,
9.551724605128E-3));
#3541=CARTESIAN_POINT('',(7.608391454016E-3,6.426401302085E-3,
9.391608555080E-3));
#3542=CARTESIAN_POINT('',(7.791811270698E-3,6.484780692417E-3,
9.208188726703E-3));
#3543=CARTESIAN_POINT('',(7.928636572858E-3,6.5E-3,9.071363427142E-3));
#3544=CARTESIAN_POINT('',(8.E-3,6.5E-3,9.E-3));
#3546=CARTESIAN_POINT('',(6.916930809377E-3,5.5E-3,1.E-2));
#3547=CARTESIAN_POINT('',(6.931114046996E-3,5.548410094615E-3,1.E-2));
#3548=CARTESIAN_POINT('',(6.966085710374E-3,5.649181442983E-3,
9.992935290304E-3));
#3549=CARTESIAN_POINT('',(7.034419511636E-3,5.808262448173E-3,
9.956384613921E-3));
#3550=CARTESIAN_POINT('',(7.089702995355E-3,5.918603221330E-3,
9.910292683741E-3));
#3551=CARTESIAN_POINT('',(7.119171632864E-3,5.973436010941E-3,
9.880823210901E-3));
#3553=CARTESIAN_POINT('',(6.892622477500E-3,5.387301322383E-3,
1.000000008534E-2));
#3554=CARTESIAN_POINT('',(6.894907301532E-3,5.405400777130E-3,
1.000000008534E-2));
#3555=CARTESIAN_POINT('',(6.901349569887E-3,5.442274347419E-3,
9.999999957331E-3));
#3556=CARTESIAN_POINT('',(6.911220713336E-3,5.480510353346E-3,1.E-2));
#3557=CARTESIAN_POINT('',(6.916930809377E-3,5.5E-3,1.E-2));
#3559=CARTESIAN_POINT('',(6.000001254257E-3,5.500008038074E-3,
1.043648817774E-2));
#3560=DIRECTION('',(2.997911458461E-6,9.682448947439E-1,-2.500036475600E-1));
#3561=DIRECTION('',(8.926224248871E-1,-1.127055016019E-1,-4.364890336507E-1));
#3562=AXIS2_PLACEMENT_3D('',#3559,#3560,#3561);
#3564=CARTESIAN_POINT('',(5.999984574822E-3,5.250004791589E-3,
9.468245228340E-3));
#3565=CARTESIAN_POINT('',(5.999984491653E-3,5.274064441328E-3,
9.462032350808E-3));
#3566=CARTESIAN_POINT('',(6.003482237519E-3,5.323960175583E-3,
9.447241140950E-3));
#3567=CARTESIAN_POINT('',(6.021380027713E-3,5.403310245201E-3,
9.416486656601E-3));
#3568=CARTESIAN_POINT('',(6.053839519183E-3,5.485724251336E-3,
9.375840604644E-3));
#3569=CARTESIAN_POINT('',(6.102226031306E-3,5.569764855018E-3,
9.323919291141E-3));
#3570=CARTESIAN_POINT('',(6.167133068943E-3,5.653647510716E-3,
9.259438350357E-3));
#3571=CARTESIAN_POINT('',(6.248950414378E-3,5.736188318432E-3,
9.180280729584E-3));
#3572=CARTESIAN_POINT('',(6.347332631361E-3,5.815755151647E-3,
9.083331861284E-3));
#3573=CARTESIAN_POINT('',(6.453931845544E-3,5.886068965516E-3,
8.969789582105E-3));
#3574=CARTESIAN_POINT('',(6.546670321631E-3,5.937886541366E-3,
8.853902819027E-3));
#3575=CARTESIAN_POINT('',(6.618280738246E-3,5.973380009644E-3,
8.739859956813E-3));
#3576=CARTESIAN_POINT('',(6.667330640120E-3,5.995709982541E-3,
8.616591816281E-3));
#3577=CARTESIAN_POINT('',(6.677106339785E-3,5.999996643928E-3,
8.538481584085E-3));
#3578=CARTESIAN_POINT('',(6.677124416210E-3,6.E-3,8.500000000217E-3));
#3580=CARTESIAN_POINT('',(6.E-3,5.E-3,8.5E-3));
#3581=DIRECTION('',(1.E0,0.E0,0.E0));
#3582=DIRECTION('',(0.E0,2.500027835680E-1,9.682451178334E-1));
#3583=AXIS2_PLACEMENT_3D('',#3580,#3581,#3582);
#3585=CARTESIAN_POINT('',(-6.E-3,5.E-3,8.5E-3));
#3586=DIRECTION('',(-1.E0,0.E0,0.E0));
#3587=DIRECTION('',(0.E0,0.E0,1.E0));
#3588=AXIS2_PLACEMENT_3D('',#3585,#3586,#3587);
#3590=CARTESIAN_POINT('',(-5.999978017252E-3,5.250006671223E-3,
9.468244572364E-3));
#3591=CARTESIAN_POINT('',(-5.999977889012E-3,5.274128325128E-3,
9.462015215958E-3));
#3592=CARTESIAN_POINT('',(-6.003501366497E-3,5.324128408904E-3,
9.447186989091E-3));
#3593=CARTESIAN_POINT('',(-6.021445640101E-3,5.403541794895E-3,
9.416387265825E-3));
#3594=CARTESIAN_POINT('',(-6.053993099756E-3,5.486040528622E-3,
9.375669398313E-3));
#3595=CARTESIAN_POINT('',(-6.102467941204E-3,5.570101621312E-3,
9.323683550399E-3));
#3596=CARTESIAN_POINT('',(-6.167307875607E-3,5.653822364853E-3,
9.259277665343E-3));
#3597=CARTESIAN_POINT('',(-6.249088003895E-3,5.736319661848E-3,
9.180151158038E-3));
#3598=CARTESIAN_POINT('',(-6.347817397001E-3,5.816116151480E-3,
9.082857836596E-3));
#3599=CARTESIAN_POINT('',(-6.454043426289E-3,5.886086240271E-3,
8.969580611211E-3));
#3600=CARTESIAN_POINT('',(-6.545363831188E-3,5.937206328564E-3,
8.855683166299E-3));
#3601=CARTESIAN_POINT('',(-6.618422496573E-3,5.973468577230E-3,
8.739838757975E-3));
#3602=CARTESIAN_POINT('',(-6.667508586477E-3,5.995780305055E-3,
8.615937537550E-3));
#3603=CARTESIAN_POINT('',(-6.677105524488E-3,5.999996523535E-3,
8.538135486010E-3));
#3604=CARTESIAN_POINT('',(-6.677124298099E-3,6.E-3,8.500000000111E-3));
#3606=CARTESIAN_POINT('',(6.866025403784E-3,5.E-3,1.E-2));
#3607=CARTESIAN_POINT('',(6.866025403784E-3,5.041880109587E-3,1.E-2));
#3608=CARTESIAN_POINT('',(6.868073065660E-3,5.126402852266E-3,
1.000000001138E-2));
#3609=CARTESIAN_POINT('',(6.877238856696E-3,5.255141992341E-3,
9.999999960175E-3));
#3610=CARTESIAN_POINT('',(6.887021005481E-3,5.342936644111E-3,
1.000000008534E-2));
#3611=CARTESIAN_POINT('',(6.892622477500E-3,5.387301322383E-3,
1.000000008534E-2));
#3613=DIRECTION('',(-1.E0,0.E0,0.E0));
#3614=VECTOR('',#3613,4.583068625738E-3);
#3615=CARTESIAN_POINT('',(1.15E-2,-5.5E-3,1.E-2));
#3616=LINE('',#3615,#3614);
#3617=DIRECTION('',(0.E0,1.E0,0.E0));
#3618=VECTOR('',#3617,1.1E-2);
#3619=CARTESIAN_POINT('',(1.15E-2,-5.5E-3,1.E-2));
#3620=LINE('',#3619,#3618);
#3621=DIRECTION('',(0.E0,-1.E0,0.E0));
#3622=VECTOR('',#3621,1.1E-2);
#3623=CARTESIAN_POINT('',(-1.15E-2,5.5E-3,1.E-2));
#3624=LINE('',#3623,#3622);
#3625=CARTESIAN_POINT('',(7.119173283742E-3,-5.973439380791E-3,
9.880822012474E-3));
#3626=CARTESIAN_POINT('',(7.134669104679E-3,-6.002269259197E-3,
9.820413621084E-3));
#3627=CARTESIAN_POINT('',(7.167610536582E-3,-6.056952461057E-3,
9.691337649935E-3));
#3628=CARTESIAN_POINT('',(7.222915542041E-3,-6.131243185519E-3,
9.458191679345E-3));
#3629=CARTESIAN_POINT('',(7.270375493998E-3,-6.184746278761E-3,
9.224739978493E-3));
#3630=CARTESIAN_POINT('',(7.308042717802E-3,-6.222386367086E-3,
8.989202953316E-3));
#3631=CARTESIAN_POINT('',(7.333493432930E-3,-6.245596612249E-3,
8.736474797362E-3));
#3632=CARTESIAN_POINT('',(7.338561883957E-3,-6.249999514160E-3,
8.578314707020E-3));
#3633=CARTESIAN_POINT('',(7.338562172234E-3,-6.25E-3,8.499999997018E-3));
#3635=CARTESIAN_POINT('',(8.E-3,-6.5E-3,9.E-3));
#3636=CARTESIAN_POINT('',(7.928636600799E-3,-6.5E-3,9.071363399201E-3));
#3637=CARTESIAN_POINT('',(7.791811352133E-3,-6.484780711060E-3,
9.208188642306E-3));
#3638=CARTESIAN_POINT('',(7.608391583903E-3,-6.426401332297E-3,
9.391608435562E-3));
#3639=CARTESIAN_POINT('',(7.448275567084E-3,-6.340265894310E-3,
9.551724360620E-3));
#3640=CARTESIAN_POINT('',(7.312418067741E-3,-6.232657113914E-3,
9.687582201981E-3));
#3641=CARTESIAN_POINT('',(7.201313030294E-3,-6.109052975529E-3,
9.798685963113E-3));
#3642=CARTESIAN_POINT('',(7.143793793964E-3,-6.019237041415E-3,
9.856208374938E-3));
#3643=CARTESIAN_POINT('',(7.119173283742E-3,-5.973439380791E-3,
9.880822012474E-3));
#3645=DIRECTION('',(0.E0,0.E0,-1.E0));
#3646=VECTOR('',#3645,8.E-3);
#3647=CARTESIAN_POINT('',(8.E-3,-6.5E-3,9.E-3));
#3648=LINE('',#3647,#3646);
#3649=CARTESIAN_POINT('',(7.119166435275E-3,-5.973426158683E-3,
1.191695422139E-4));
#3650=CARTESIAN_POINT('',(7.143796264528E-3,-6.019246240446E-3,
1.437952803086E-4));
#3651=CARTESIAN_POINT('',(7.201312890829E-3,-6.109050110615E-3,
2.013133476082E-4));
#3652=CARTESIAN_POINT('',(7.312418996965E-3,-6.232658769031E-3,
3.124188745681E-4));
#3653=CARTESIAN_POINT('',(7.448276139813E-3,-6.340266024349E-3,
4.482761726199E-4));
#3654=CARTESIAN_POINT('',(7.608392092656E-3,-6.426401597894E-3,
6.083920838230E-4));
#3655=CARTESIAN_POINT('',(7.791811630787E-3,-6.484780732731E-3,
7.918116333107E-4));
#3656=CARTESIAN_POINT('',(7.928636700736E-3,-6.5E-3,9.286367007359E-4));
#3657=CARTESIAN_POINT('',(8.E-3,-6.5E-3,1.E-3));
#3659=CARTESIAN_POINT('',(7.338562172234E-3,-6.25E-3,1.500000002578E-3));
#3660=CARTESIAN_POINT('',(7.338561722743E-3,-6.249999467256E-3,
1.421681911361E-3));
#3661=CARTESIAN_POINT('',(7.333505178211E-3,-6.245603453680E-3,
1.258507478430E-3));
#3662=CARTESIAN_POINT('',(7.304881036997E-3,-6.219547849451E-3,
9.823047323727E-4));
#3663=CARTESIAN_POINT('',(7.258385793027E-3,-6.172221523784E-3,
7.100328035955E-4));
#3664=CARTESIAN_POINT('',(7.207455348765E-3,-6.111617185310E-3,
4.747407167622E-4));
#3665=CARTESIAN_POINT('',(7.160092578822E-3,-6.044825108881E-3,
2.793155612987E-4));
#3666=CARTESIAN_POINT('',(7.131974503447E-3,-5.997256168601E-3,
1.691092021253E-4));
#3667=CARTESIAN_POINT('',(7.119166435275E-3,-5.973426158683E-3,
1.191695422139E-4));
#3669=DIRECTION('',(0.E0,0.E0,-1.E0));
#3670=VECTOR('',#3669,6.999999994439E-3);
#3671=CARTESIAN_POINT('',(7.338562172234E-3,-6.25E-3,8.499999997018E-3));
#3672=LINE('',#3671,#3670);
#3673=CARTESIAN_POINT('',(6.000000202196E-3,-5.500009013872E-3,
1.043648915094E-2));
#3674=DIRECTION('',(4.398810353770E-6,-9.682446407726E-1,-2.500046311487E-1));
#3675=DIRECTION('',(-2.022016135828E-7,2.500046311502E-1,-9.682446407822E-1));
#3676=AXIS2_PLACEMENT_3D('',#3673,#3674,#3675);
#3678=CARTESIAN_POINT('',(6.916931374262E-3,-5.5E-3,1.E-2));
#3679=CARTESIAN_POINT('',(6.911213508823E-3,-5.480482788416E-3,1.E-2));
#3680=CARTESIAN_POINT('',(6.901336453076E-3,-5.442218299174E-3,
9.999999994579E-3));
#3681=CARTESIAN_POINT('',(6.894903189836E-3,-5.405372115077E-3,
1.000000001084E-2));
#3682=CARTESIAN_POINT('',(6.892621984997E-3,-5.387300748093E-3,
1.000000001084E-2));
#3684=CARTESIAN_POINT('',(7.119173283742E-3,-5.973439380791E-3,
9.880822012474E-3));
#3685=CARTESIAN_POINT('',(7.089703566084E-3,-5.918604114363E-3,
9.910292849053E-3));
#3686=CARTESIAN_POINT('',(7.034415292025E-3,-5.808255770656E-3,
9.956386912619E-3));
#3687=CARTESIAN_POINT('',(6.966083786921E-3,-5.649176158298E-3,
9.992935882545E-3));
#3688=CARTESIAN_POINT('',(6.931113159591E-3,-5.548407733236E-3,1.E-2));
#3689=CARTESIAN_POINT('',(6.916931374262E-3,-5.5E-3,1.E-2));
#3691=CARTESIAN_POINT('',(6.677124344468E-3,-7.E-3,8.5E-3));
#3692=DIRECTION('',(0.E0,0.E0,-1.E0));
#3693=DIRECTION('',(0.E0,1.E0,0.E0));
#3694=AXIS2_PLACEMENT_3D('',#3691,#3692,#3693);
#3696=DIRECTION('',(-1.326418165480E-7,-2.659083270928E-13,-1.E0));
#3697=VECTOR('',#3696,7.000000000276E-3);
#3698=CARTESIAN_POINT('',(6.677124306641E-3,-6.E-3,8.500000000133E-3));
#3699=LINE('',#3698,#3697);
#3700=DIRECTION('',(1.E0,-1.393832384765E-13,-6.586929697154E-13));
#3701=VECTOR('',#3700,1.335424768479E-2);
#3702=CARTESIAN_POINT('',(-6.677124306641E-3,-6.E-3,1.499999999867E-3));
#3703=LINE('',#3702,#3701);
#3704=DIRECTION('',(1.313258429282E-7,-2.607041566651E-13,1.E0));
#3705=VECTOR('',#3704,7.000000000277E-3);
#3706=CARTESIAN_POINT('',(-6.677124306641E-3,-6.E-3,1.499999999867E-3));
#3707=LINE('',#3706,#3705);
#3708=DIRECTION('',(-1.E0,-1.366553278435E-13,7.100361425787E-13));
#3709=VECTOR('',#3708,1.335424769400E-2);
#3710=CARTESIAN_POINT('',(6.677124306641E-3,-6.E-3,8.500000000133E-3));
#3711=LINE('',#3710,#3709);
#3712=CARTESIAN_POINT('',(6.677123378149E-3,-6.000000000002E-3,
1.499999999858E-3));
#3713=CARTESIAN_POINT('',(6.677103471251E-3,-5.999996352743E-3,
1.462079176208E-3));
#3714=CARTESIAN_POINT('',(6.667605173390E-3,-5.995814914228E-3,
1.382107602969E-3));
#3715=CARTESIAN_POINT('',(6.613083398212E-3,-5.971069970303E-3,
1.247631987427E-3));
#3716=CARTESIAN_POINT('',(6.523597238E-3,-5.925967042967E-3,1.114206845284E-3));
#3717=CARTESIAN_POINT('',(6.424429128846E-3,-5.867640962729E-3,
9.977554226072E-4));
#3718=CARTESIAN_POINT('',(6.330769704305E-3,-5.802816161218E-3,
9.003115462734E-4));
#3719=CARTESIAN_POINT('',(6.247342958739E-3,-5.733952021453E-3,
8.182059837921E-4));
#3720=CARTESIAN_POINT('',(6.175973510336E-3,-5.662706369172E-3,
7.490846315492E-4));
#3721=CARTESIAN_POINT('',(6.117300481952E-3,-5.590363289532E-3,
6.912085321559E-4));
#3722=CARTESIAN_POINT('',(6.071273283947E-3,-5.518067660613E-3,
6.432900457734E-4));
#3723=CARTESIAN_POINT('',(6.037371646177E-3,-5.446813586879E-3,
6.042244476902E-4));
#3724=CARTESIAN_POINT('',(6.014811315473E-3,-5.377676741214E-3,
5.731076149535E-4));
#3725=CARTESIAN_POINT('',(6.002455812725E-3,-5.311840439624E-3,
5.490673995005E-4));
#3726=CARTESIAN_POINT('',(5.999984517711E-3,-5.270163593242E-3,
5.369604208606E-4));
#3727=CARTESIAN_POINT('',(5.999984475203E-3,-5.250004408688E-3,
5.317550054686E-4));
#3729=CARTESIAN_POINT('',(6.E-3,-5.E-3,1.5E-3));
#3730=DIRECTION('',(-1.E0,0.E0,0.E0));
#3731=DIRECTION('',(0.E0,0.E0,-1.E0));
#3732=AXIS2_PLACEMENT_3D('',#3729,#3730,#3731);
#3734=CARTESIAN_POINT('',(-6.E-3,-5.E-3,1.5E-3));
#3735=DIRECTION('',(-1.E0,0.E0,0.E0));
#3736=DIRECTION('',(0.E0,0.E0,-1.E0));
#3737=AXIS2_PLACEMENT_3D('',#3734,#3735,#3736);
#3739=CARTESIAN_POINT('',(-5.999984087127E-3,-5.250004821187E-3,
5.317552876645E-4));
#3740=CARTESIAN_POINT('',(-5.999984024794E-3,-5.274531030600E-3,
5.380890113939E-4));
#3741=CARTESIAN_POINT('',(-6.003612276176E-3,-5.325327773167E-3,
5.531875231333E-4));
#3742=CARTESIAN_POINT('',(-6.022105727791E-3,-5.405866277767E-3,
5.845984580940E-4));
#3743=CARTESIAN_POINT('',(-6.055566199201E-3,-5.489372399404E-3,
6.261426527462E-4));
#3744=CARTESIAN_POINT('',(-6.105226942839E-3,-5.574212801110E-3,
6.791304166640E-4));
#3745=CARTESIAN_POINT('',(-6.171389447684E-3,-5.658461106817E-3,
7.446839278134E-4));
#3746=CARTESIAN_POINT('',(-6.254765247986E-3,-5.741434874210E-3,
8.253305631505E-4));
#3747=CARTESIAN_POINT('',(-6.354700147206E-3,-5.821048189321E-3,
9.241348681436E-4));
#3748=CARTESIAN_POINT('',(-6.459511696251E-3,-5.889314890125E-3,
1.036714556459E-3));
#3749=CARTESIAN_POINT('',(-6.549206345750E-3,-5.939194178458E-3,
1.149767218133E-3));
#3750=CARTESIAN_POINT('',(-6.620201037348E-3,-5.974293578391E-3,
1.263914116109E-3));
#3751=CARTESIAN_POINT('',(-6.667800773474E-3,-5.995904174235E-3,
1.385819579581E-3));
#3752=CARTESIAN_POINT('',(-6.677105953062E-3,-5.999996599654E-3,
1.462432385398E-3));
#3753=CARTESIAN_POINT('',(-6.677124306641E-3,-6.E-3,1.499999999867E-3));
#3755=CARTESIAN_POINT('',(6.677124344458E-3,-6.999999999983E-3,
1.499998911349E-3));
#3756=DIRECTION('',(-6.169844938060E-7,5.442468009173E-7,-9.999999999997E-1));
#3757=DIRECTION('',(9.806391809725E-12,9.999999999999E-1,5.442468008399E-7));
#3758=AXIS2_PLACEMENT_3D('',#3755,#3756,#3757);
#3760=CARTESIAN_POINT('',(6.916930843264E-3,-5.5E-3,0.E0));
#3761=CARTESIAN_POINT('',(6.931111449105E-3,-5.548406492599E-3,0.E0));
#3762=CARTESIAN_POINT('',(6.966081684218E-3,-5.649170344973E-3,
7.063540001944E-6));
#3763=CARTESIAN_POINT('',(7.034407151279E-3,-5.808233924296E-3,
4.360840225088E-5));
#3764=CARTESIAN_POINT('',(7.089690133196E-3,-5.918579960598E-3,
8.969277007504E-5));
#3765=CARTESIAN_POINT('',(7.119166435275E-3,-5.973426158683E-3,
1.191695422139E-4));
#3767=CARTESIAN_POINT('',(6.892622005042E-3,-5.387300699977E-3,
4.194043300588E-11));
#3768=CARTESIAN_POINT('',(6.894906966796E-3,-5.405399513256E-3,
4.194043300588E-11));
#3769=CARTESIAN_POINT('',(6.901347795839E-3,-5.442272825648E-3,
-2.097021645776E-11));
#3770=CARTESIAN_POINT('',(6.911221080048E-3,-5.480509322808E-3,0.E0));
#3771=CARTESIAN_POINT('',(6.916930843264E-3,-5.5E-3,0.E0));
#3773=DIRECTION('',(-1.E0,0.E0,0.E0));
#3774=VECTOR('',#3773,4.583069156736E-3);
#3775=CARTESIAN_POINT('',(1.15E-2,-5.5E-3,0.E0));
#3776=LINE('',#3775,#3774);
#3777=DIRECTION('',(0.E0,0.E0,-1.E0));
#3778=VECTOR('',#3777,8.E-3);
#3779=CARTESIAN_POINT('',(-1.15E-2,-6.5E-3,9.E-3));
#3780=LINE('',#3779,#3778);
#3781=DIRECTION('',(1.E0,0.E0,0.E0));
#3782=VECTOR('',#3781,3.5E-3);
#3783=CARTESIAN_POINT('',(-1.15E-2,-6.5E-3,9.E-3));
#3784=LINE('',#3783,#3782);
#3785=DIRECTION('',(-1.E0,0.E0,0.E0));
#3786=VECTOR('',#3785,3.5E-3);
#3787=CARTESIAN_POINT('',(-8.E-3,-6.5E-3,1.E-3));
#3788=LINE('',#3787,#3786);
#3789=DIRECTION('',(1.E0,0.E0,0.E0));
#3790=VECTOR('',#3789,3.5E-3);
#3791=CARTESIAN_POINT('',(8.E-3,-6.5E-3,9.E-3));
#3792=LINE('',#3791,#3790);
#3793=DIRECTION('',(0.E0,0.E0,-1.E0));
#3794=VECTOR('',#3793,8.E-3);
#3795=CARTESIAN_POINT('',(1.15E-2,-6.5E-3,9.E-3));
#3796=LINE('',#3795,#3794);
#3797=DIRECTION('',(-1.E0,0.E0,0.E0));
#3798=VECTOR('',#3797,3.5E-3);
#3799=CARTESIAN_POINT('',(1.15E-2,-6.5E-3,1.E-3));
#3800=LINE('',#3799,#3798);
#3801=CARTESIAN_POINT('',(-1.15E-2,-5.5E-3,1.E-3));
#3802=DIRECTION('',(0.E0,-1.E0,0.E0));
#3803=DIRECTION('',(-1.E0,0.E0,0.E0));
#3804=AXIS2_PLACEMENT_3D('',#3801,#3802,#3803);
#3806=CARTESIAN_POINT('',(-1.15E-2,-5.5E-3,1.E-3));
#3807=DIRECTION('',(0.E0,0.E0,-1.E0));
#3808=DIRECTION('',(0.E0,-1.E0,0.E0));
#3809=AXIS2_PLACEMENT_3D('',#3806,#3807,#3808);
#3811=CARTESIAN_POINT('',(-1.15E-2,-5.5E-3,1.E-3));
#3812=DIRECTION('',(-1.E0,0.E0,0.E0));
#3813=DIRECTION('',(0.E0,0.E0,-1.E0));
#3814=AXIS2_PLACEMENT_3D('',#3811,#3812,#3813);
#3816=CARTESIAN_POINT('',(-1.15E-2,5.5E-3,1.E-3));
#3817=DIRECTION('',(-1.E0,0.E0,0.E0));
#3818=DIRECTION('',(0.E0,1.E0,0.E0));
#3819=AXIS2_PLACEMENT_3D('',#3816,#3817,#3818);
#3821=CARTESIAN_POINT('',(-1.15E-2,5.5E-3,1.E-3));
#3822=DIRECTION('',(0.E0,0.E0,-1.E0));
#3823=DIRECTION('',(-1.E0,0.E0,0.E0));
#3824=AXIS2_PLACEMENT_3D('',#3821,#3822,#3823);
#3826=CARTESIAN_POINT('',(-1.15E-2,5.5E-3,1.E-3));
#3827=DIRECTION('',(0.E0,1.E0,0.E0));
#3828=DIRECTION('',(0.E0,0.E0,-1.E0));
#3829=AXIS2_PLACEMENT_3D('',#3826,#3827,#3828);
#3831=DIRECTION('',(1.E0,0.E0,0.E0));
#3832=VECTOR('',#3831,4.583069171978E-3);
#3833=CARTESIAN_POINT('',(-1.15E-2,5.5E-3,0.E0));
#3834=LINE('',#3833,#3832);
#3835=CARTESIAN_POINT('',(-6.677124344458E-3,6.999999999984E-3,
1.499998911349E-3));
#3836=DIRECTION('',(6.169851811851E-7,-5.442472725572E-7,-9.999999999997E-1));
#3837=DIRECTION('',(-9.592153460442E-12,-9.999999999999E-1,5.442472724679E-7));
#3838=AXIS2_PLACEMENT_3D('',#3835,#3836,#3837);
#3840=CARTESIAN_POINT('',(-6.916930828022E-3,5.5E-3,0.E0));
#3841=CARTESIAN_POINT('',(-6.931111361121E-3,5.548405282353E-3,0.E0));
#3842=CARTESIAN_POINT('',(-6.966080452154E-3,5.649167561276E-3,
7.063082277362E-6));
#3843=CARTESIAN_POINT('',(-7.034406073654E-3,5.808231554147E-3,
4.360788406388E-5));
#3844=CARTESIAN_POINT('',(-7.089688526407E-3,5.918577040490E-3,
8.969093212914E-5));
#3845=CARTESIAN_POINT('',(-7.119165569998E-3,5.973424520101E-3,
1.191684020626E-4));
#3847=CARTESIAN_POINT('',(-6.892621951566E-3,5.387300219700E-3,
4.542604967675E-11));
#3848=CARTESIAN_POINT('',(-6.894907055084E-3,5.405398959379E-3,
4.542604967675E-11));
#3849=CARTESIAN_POINT('',(-6.901347733352E-3,5.442272303563E-3,
-2.271302489259E-11));
#3850=CARTESIAN_POINT('',(-6.911220900851E-3,5.480509150468E-3,0.E0));
#3851=CARTESIAN_POINT('',(-6.916930828022E-3,5.5E-3,0.E0));
#3853=CARTESIAN_POINT('',(6.677123520366E-3,6.000000000001E-3,
1.499999999876E-3));
#3854=CARTESIAN_POINT('',(6.677103856122E-3,5.999996390224E-3,
1.461483330219E-3));
#3855=CARTESIAN_POINT('',(6.667276628370E-3,5.995678402570E-3,
1.380574106656E-3));
#3856=CARTESIAN_POINT('',(6.611950577109E-3,5.970529458081E-3,
1.245540136739E-3));
#3857=CARTESIAN_POINT('',(6.522183225998E-3,5.925190773134E-3,
1.112358206697E-3));
#3858=CARTESIAN_POINT('',(6.422702843252E-3,5.866557029366E-3,
9.958665765881E-4));
#3859=CARTESIAN_POINT('',(6.328927573670E-3,5.801428990745E-3,
8.984591195532E-4));
#3860=CARTESIAN_POINT('',(6.245674976317E-3,5.732439199015E-3,
8.165884486447E-4));
#3861=CARTESIAN_POINT('',(6.174573687492E-3,5.661155541933E-3,
7.477260583014E-4));
#3862=CARTESIAN_POINT('',(6.116220494509E-3,5.588861970106E-3,
6.901243839464E-4));
#3863=CARTESIAN_POINT('',(6.070544380600E-3,5.516740100823E-3,
6.424998055121E-4));
#3864=CARTESIAN_POINT('',(6.036967829916E-3,5.445767690755E-3,
6.037164399201E-4));
#3865=CARTESIAN_POINT('',(6.014675604066E-3,5.377056510631E-3,
5.728689781522E-4));
#3866=CARTESIAN_POINT('',(6.002446867898E-3,5.311663283608E-3,
5.490180292590E-4));
#3867=CARTESIAN_POINT('',(5.999992542616E-3,5.270122048462E-3,
5.369492454167E-4));
#3868=CARTESIAN_POINT('',(5.999992404435E-3,5.250001970401E-3,
5.317543855794E-4));
#3870=CARTESIAN_POINT('',(-6.677123387360E-3,6.000000000002E-3,
1.499999999857E-3));
#3871=CARTESIAN_POINT('',(-6.677103235756E-3,5.999996309262E-3,
1.461780262806E-3));
#3872=CARTESIAN_POINT('',(-6.667463767894E-3,5.995755996941E-3,
1.381224624375E-3));
#3873=CARTESIAN_POINT('',(-6.612099046600E-3,5.970611065225E-3,
1.245703162451E-3));
#3874=CARTESIAN_POINT('',(-6.521825075584E-3,5.925009918814E-3,
1.111905100401E-3));
#3875=CARTESIAN_POINT('',(-6.422577654773E-3,5.866460490489E-3,
9.957460570936E-4));
#3876=CARTESIAN_POINT('',(-6.329132204579E-3,5.801576229300E-3,
8.986691996870E-4));
#3877=CARTESIAN_POINT('',(-6.245943729276E-3,5.732680106141E-3,
8.168492928415E-4));
#3878=CARTESIAN_POINT('',(-6.174862205074E-3,5.661470609725E-3,
7.480054316551E-4));
#3879=CARTESIAN_POINT('',(-6.116479800355E-3,5.589218306767E-3,
6.903829188259E-4));
#3880=CARTESIAN_POINT('',(-6.070730287633E-3,5.517075623942E-3,
6.426995699566E-4));
#3881=CARTESIAN_POINT('',(-6.037064221073E-3,5.446020280517E-3,
6.038375213613E-4));
#3882=CARTESIAN_POINT('',(-6.014680943162E-3,5.377122953785E-3,
5.728891743693E-4));
#3883=CARTESIAN_POINT('',(-6.002427115954E-3,5.311520589441E-3,
5.489693756667E-4));
#3884=CARTESIAN_POINT('',(-5.999988036479E-3,5.270051003186E-3,
5.369311272061E-4));
#3885=CARTESIAN_POINT('',(-5.999987951778E-3,5.250003350060E-3,
5.317547222780E-4));
#3887=CARTESIAN_POINT('',(-6.E-3,5.E-3,1.5E-3));
#3888=DIRECTION('',(-1.E0,0.E0,0.E0));
#3889=DIRECTION('',(0.E0,2.500019655686E-1,-9.682453290421E-1));
#3890=AXIS2_PLACEMENT_3D('',#3887,#3888,#3889);
#3892=CARTESIAN_POINT('',(6.E-3,5.E-3,1.5E-3));
#3893=DIRECTION('',(-1.E0,0.E0,0.E0));
#3894=DIRECTION('',(0.E0,2.500011406231E-1,-9.682455420435E-1));
#3895=AXIS2_PLACEMENT_3D('',#3892,#3893,#3894);
#3897=CARTESIAN_POINT('',(6.677124344460E-3,6.999999999986E-3,
1.499999094074E-3));
#3898=DIRECTION('',(-5.134351565146E-7,-4.529005774224E-7,-9.999999999998E-1));
#3899=DIRECTION('',(6.614378277768E-1,-7.499999999906E-1,6.999847750062E-11));
#3900=AXIS2_PLACEMENT_3D('',#3897,#3898,#3899);
#3902=CARTESIAN_POINT('',(6.916930776777E-3,5.5E-3,0.E0));
#3903=CARTESIAN_POINT('',(6.911212801644E-3,5.480482121801E-3,0.E0));
#3904=CARTESIAN_POINT('',(6.901335427281E-3,5.442216775868E-3,
-2.255720035673E-11));
#3905=CARTESIAN_POINT('',(6.894903648628E-3,5.405370532603E-3,
4.511440089416E-11));
#3906=CARTESIAN_POINT('',(6.892621866493E-3,5.387299552125E-3,
4.511440089416E-11));
#3908=CARTESIAN_POINT('',(7.119165640526E-3,5.973424607573E-3,
1.191684463254E-4));
#3909=CARTESIAN_POINT('',(7.089687654837E-3,5.918575715505E-3,
8.969018926640E-5));
#3910=CARTESIAN_POINT('',(7.034404518243E-3,5.808228266238E-3,
4.360684246963E-5));
#3911=CARTESIAN_POINT('',(6.966079766776E-3,5.649166032172E-3,
7.062955424032E-6));
#3912=CARTESIAN_POINT('',(6.931111413111E-3,5.548404535926E-3,0.E0));
#3913=CARTESIAN_POINT('',(6.916930776777E-3,5.5E-3,0.E0));
#3915=CARTESIAN_POINT('',(6.677124344468E-3,7.E-3,8.5E-3));
#3916=DIRECTION('',(0.E0,0.E0,-1.E0));
#3917=DIRECTION('',(6.614378277661E-1,-7.5E-1,0.E0));
#3918=AXIS2_PLACEMENT_3D('',#3915,#3916,#3917);
#3920=DIRECTION('',(-1.279777593361E-7,1.946607557591E-13,-1.E0));
#3921=VECTOR('',#3920,7.000000000340E-3);
#3922=CARTESIAN_POINT('',(6.677124416210E-3,6.E-3,8.500000000217E-3));
#3923=LINE('',#3922,#3921);
#3924=DIRECTION('',(-1.E0,0.E0,-7.893793087380E-12));
#3925=VECTOR('',#3924,1.335424871431E-2);
#3926=CARTESIAN_POINT('',(6.677124416210E-3,6.E-3,8.500000000217E-3));
#3927=LINE('',#3926,#3925);
#3928=DIRECTION('',(1.301054964362E-7,2.599607037476E-13,-1.E0));
#3929=VECTOR('',#3928,7.000000000254E-3);
#3930=CARTESIAN_POINT('',(-6.677124298099E-3,6.E-3,8.500000000111E-3));
#3931=LINE('',#3930,#3929);
#3932=DIRECTION('',(-1.E0,3.507313753820E-14,-1.445354255411E-12));
#3933=VECTOR('',#3932,1.335424690773E-2);
#3934=CARTESIAN_POINT('',(6.677123520366E-3,6.000000000001E-3,
1.499999999876E-3));
#3935=LINE('',#3934,#3933);
#3936=CARTESIAN_POINT('',(-6.677124344468E-3,7.E-3,8.5E-3));
#3937=DIRECTION('',(0.E0,0.E0,-1.E0));
#3938=DIRECTION('',(0.E0,-1.E0,0.E0));
#3939=AXIS2_PLACEMENT_3D('',#3936,#3937,#3938);
#3941=CARTESIAN_POINT('',(-6.000000876932E-3,5.500011941790E-3,
1.043648763045E-2));
#3942=DIRECTION('',(-5.332793257601E-6,9.682443151626E-1,-2.500058921844E-1));
#3943=DIRECTION('',(8.769413288334E-7,-2.500058921833E-1,-9.682443151771E-1));
#3944=AXIS2_PLACEMENT_3D('',#3941,#3942,#3943);
#3946=CARTESIAN_POINT('',(-6.916931067810E-3,5.5E-3,1.E-2));
#3947=CARTESIAN_POINT('',(-6.911213103534E-3,5.480483275478E-3,1.E-2));
#3948=CARTESIAN_POINT('',(-6.901337330600E-3,5.442219133073E-3,
9.999999971575E-3));
#3949=CARTESIAN_POINT('',(-6.894903448242E-3,5.405373315166E-3,
1.000000005685E-2));
#3950=CARTESIAN_POINT('',(-6.892622397886E-3,5.387301962027E-3,
1.000000005685E-2));
#3952=CARTESIAN_POINT('',(-7.119172258697E-3,5.973437360446E-3,
9.880822577986E-3));
#3953=CARTESIAN_POINT('',(-7.089703191440E-3,5.918603572645E-3,
9.910292605214E-3));
#3954=CARTESIAN_POINT('',(-7.034417797601E-3,5.808259887780E-3,
9.956385571753E-3));
#3955=CARTESIAN_POINT('',(-6.966084826837E-3,5.649179138042E-3,
9.992935549055E-3));
#3956=CARTESIAN_POINT('',(-6.931113828994E-3,5.548409019299E-3,1.E-2));
#3957=CARTESIAN_POINT('',(-6.916931067810E-3,5.5E-3,1.E-2));
#3959=CARTESIAN_POINT('',(-7.119172258697E-3,5.973437360446E-3,
9.880822577986E-3));
#3960=CARTESIAN_POINT('',(-7.134411696056E-3,6.001790407769E-3,
9.821411245089E-3));
#3961=CARTESIAN_POINT('',(-7.166932282767E-3,6.055911520996E-3,
9.694030586709E-3));
#3962=CARTESIAN_POINT('',(-7.222077604292E-3,6.130215065363E-3,
9.461904937010E-3));
#3963=CARTESIAN_POINT('',(-7.269598419075E-3,6.183931534417E-3,
9.229007432951E-3));
#3964=CARTESIAN_POINT('',(-7.307702842154E-3,6.222073653091E-3,
8.992020447908E-3));
#3965=CARTESIAN_POINT('',(-7.333441388561E-3,6.245551519842E-3,
8.737728071088E-3));
#3966=CARTESIAN_POINT('',(-7.338561882312E-3,6.249999510651E-3,
8.578715560853E-3));
#3967=CARTESIAN_POINT('',(-7.338562172234E-3,6.25E-3,8.499999996262E-3));
#3969=CARTESIAN_POINT('',(-8.E-3,6.5E-3,9.E-3));
#3970=CARTESIAN_POINT('',(-7.928636587246E-3,6.5E-3,9.071363412754E-3));
#3971=CARTESIAN_POINT('',(-7.791811312244E-3,6.484780700667E-3,
9.208188684542E-3));
#3972=CARTESIAN_POINT('',(-7.608391522268E-3,6.426401322370E-3,
9.391608488981E-3));
#3973=CARTESIAN_POINT('',(-7.448275462102E-3,6.340265779774E-3,
9.551724496119E-3));
#3974=CARTESIAN_POINT('',(-7.312418043644E-3,6.232657250992E-3,
9.687582112222E-3));
#3975=CARTESIAN_POINT('',(-7.201312668879E-3,6.109052014845E-3,
9.798686749434E-3));
#3976=CARTESIAN_POINT('',(-7.143794278432E-3,6.019238701053E-3,
9.856206974926E-3));
#3977=CARTESIAN_POINT('',(-7.119172258697E-3,5.973437360446E-3,
9.880822577986E-3));
#3979=DIRECTION('',(0.E0,0.E0,-1.E0));
#3980=VECTOR('',#3979,8.E-3);
#3981=CARTESIAN_POINT('',(-8.E-3,6.5E-3,9.E-3));
#3982=LINE('',#3981,#3980);
#3983=CARTESIAN_POINT('',(-7.119165569998E-3,5.973424520101E-3,
1.191684020626E-4));
#3984=CARTESIAN_POINT('',(-7.143796523493E-3,6.019247306031E-3,
1.437956010531E-4));
#3985=CARTESIAN_POINT('',(-7.201312901147E-3,6.109049798053E-3,
2.013133292538E-4));
#3986=CARTESIAN_POINT('',(-7.312419109766E-3,6.232658967779E-3,
3.124189950526E-4));
#3987=CARTESIAN_POINT('',(-7.448276216066E-3,6.340266045413E-3,
4.482762468138E-4));
#3988=CARTESIAN_POINT('',(-7.608392158031E-3,6.426401631175E-3,
6.083921497526E-4));
#3989=CARTESIAN_POINT('',(-7.791811667052E-3,6.484780735864E-3,
7.918116694171E-4));
#3990=CARTESIAN_POINT('',(-7.928636713686E-3,6.5E-3,9.286367136858E-4));
#3991=CARTESIAN_POINT('',(-8.E-3,6.5E-3,1.E-3));
#3993=CARTESIAN_POINT('',(-7.338562172234E-3,6.25E-3,1.500000002562E-3));
#3994=CARTESIAN_POINT('',(-7.338561726361E-3,6.249999467143E-3,
1.421299882966E-3));
#3995=CARTESIAN_POINT('',(-7.333463097705E-3,6.245568186450E-3,
1.257447450587E-3));
#3996=CARTESIAN_POINT('',(-7.304573357536E-3,6.219260631903E-3,
9.799869555612E-4));
#3997=CARTESIAN_POINT('',(-7.257920342454E-3,6.171710194850E-3,
7.077140153947E-4));
#3998=CARTESIAN_POINT('',(-7.207127384095E-3,6.111180878430E-3,
4.733576994785E-4));
#3999=CARTESIAN_POINT('',(-7.159944439544E-3,6.044582936979E-3,
2.787318475208E-4));
#4000=CARTESIAN_POINT('',(-7.131928401607E-3,5.997170469780E-3,
1.689332416510E-4));
#4001=CARTESIAN_POINT('',(-7.119165569998E-3,5.973424520101E-3,
1.191684020626E-4));
#4003=DIRECTION('',(0.E0,0.E0,-1.E0));
#4004=VECTOR('',#4003,6.999999993701E-3);
#4005=CARTESIAN_POINT('',(-7.338562172234E-3,6.25E-3,8.499999996262E-3));
#4006=LINE('',#4005,#4004);
#4007=DIRECTION('',(-1.E0,0.E0,0.E0));
#4008=VECTOR('',#4007,4.583068932190E-3);
#4009=CARTESIAN_POINT('',(-6.916931067810E-3,5.5E-3,1.E-2));
#4010=LINE('',#4009,#4008);
#4011=CARTESIAN_POINT('',(-1.15E-2,5.5E-3,9.E-3));
#4012=DIRECTION('',(0.E0,1.E0,0.E0));
#4013=DIRECTION('',(-1.E0,0.E0,0.E0));
#4014=AXIS2_PLACEMENT_3D('',#4011,#4012,#4013);
#4016=CARTESIAN_POINT('',(-1.15E-2,5.5E-3,9.E-3));
#4017=DIRECTION('',(0.E0,0.E0,1.E0));
#4018=DIRECTION('',(0.E0,1.E0,0.E0));
#4019=AXIS2_PLACEMENT_3D('',#4016,#4017,#4018);
#4021=CARTESIAN_POINT('',(-1.15E-2,5.5E-3,9.E-3));
#4022=DIRECTION('',(-1.E0,0.E0,0.E0));
#4023=DIRECTION('',(0.E0,0.E0,1.E0));
#4024=AXIS2_PLACEMENT_3D('',#4021,#4022,#4023);
#4026=DIRECTION('',(0.E0,0.E0,-1.E0));
#4027=VECTOR('',#4026,8.E-3);
#4028=CARTESIAN_POINT('',(-1.25E-2,-5.5E-3,9.E-3));
#4029=LINE('',#4028,#4027);
#4030=DIRECTION('',(0.E0,1.E0,0.E0));
#4031=VECTOR('',#4030,1.1E-2);
#4032=CARTESIAN_POINT('',(-1.25E-2,-5.5E-3,1.E-3));
#4033=LINE('',#4032,#4031);
#4034=DIRECTION('',(0.E0,0.E0,-1.E0));
#4035=VECTOR('',#4034,8.E-3);
#4036=CARTESIAN_POINT('',(-1.25E-2,5.5E-3,9.E-3));
#4037=LINE('',#4036,#4035);
#4038=DIRECTION('',(0.E0,-1.E0,0.E0));
#4039=VECTOR('',#4038,1.1E-2);
#4040=CARTESIAN_POINT('',(-1.25E-2,5.5E-3,9.E-3));
#4041=LINE('',#4040,#4039);
#4042=DIRECTION('',(-1.E0,0.E0,0.E0));
#4043=VECTOR('',#4042,3.5E-3);
#4044=CARTESIAN_POINT('',(-8.E-3,6.5E-3,9.E-3));
#4045=LINE('',#4044,#4043);
#4046=DIRECTION('',(0.E0,0.E0,-1.E0));
#4047=VECTOR('',#4046,8.E-3);
#4048=CARTESIAN_POINT('',(-1.15E-2,6.5E-3,9.E-3));
#4049=LINE('',#4048,#4047);
#4050=DIRECTION('',(1.E0,0.E0,0.E0));
#4051=VECTOR('',#4050,3.5E-3);
#4052=CARTESIAN_POINT('',(-1.15E-2,6.5E-3,1.E-3));
#4053=LINE('',#4052,#4051);
#4054=DIRECTION('',(0.E0,0.E0,-1.E0));
#4055=VECTOR('',#4054,8.E-3);
#4056=CARTESIAN_POINT('',(1.15E-2,6.5E-3,9.E-3));
#4057=LINE('',#4056,#4055);
#4058=DIRECTION('',(-1.E0,0.E0,0.E0));
#4059=VECTOR('',#4058,3.5E-3);
#4060=CARTESIAN_POINT('',(1.15E-2,6.5E-3,9.E-3));
#4061=LINE('',#4060,#4059);
#4062=DIRECTION('',(1.E0,0.E0,0.E0));
#4063=VECTOR('',#4062,3.5E-3);
#4064=CARTESIAN_POINT('',(8.E-3,6.5E-3,1.E-3));
#4065=LINE('',#4064,#4063);
#4066=CARTESIAN_POINT('',(1.15E-2,5.5E-3,1.E-3));
#4067=DIRECTION('',(0.E0,1.E0,0.E0));
#4068=DIRECTION('',(1.E0,0.E0,0.E0));
#4069=AXIS2_PLACEMENT_3D('',#4066,#4067,#4068);
#4071=CARTESIAN_POINT('',(1.15E-2,5.5E-3,1.E-3));
#4072=DIRECTION('',(0.E0,0.E0,-1.E0));
#4073=DIRECTION('',(0.E0,1.E0,0.E0));
#4074=AXIS2_PLACEMENT_3D('',#4071,#4072,#4073);
#4076=CARTESIAN_POINT('',(1.15E-2,5.5E-3,1.E-3));
#4077=DIRECTION('',(1.E0,0.E0,0.E0));
#4078=DIRECTION('',(0.E0,0.E0,-1.E0));
#4079=AXIS2_PLACEMENT_3D('',#4076,#4077,#4078);
#4081=CARTESIAN_POINT('',(1.15E-2,-5.5E-3,1.E-3));
#4082=DIRECTION('',(1.E0,0.E0,0.E0));
#4083=DIRECTION('',(0.E0,-1.E0,0.E0));
#4084=AXIS2_PLACEMENT_3D('',#4081,#4082,#4083);
#4086=CARTESIAN_POINT('',(1.15E-2,-5.5E-3,1.E-3));
#4087=DIRECTION('',(0.E0,0.E0,-1.E0));
#4088=DIRECTION('',(1.E0,0.E0,0.E0));
#4089=AXIS2_PLACEMENT_3D('',#4086,#4087,#4088);
#4091=CARTESIAN_POINT('',(1.15E-2,-5.5E-3,1.E-3));
#4092=DIRECTION('',(0.E0,-1.E0,0.E0));
#4093=DIRECTION('',(0.E0,0.E0,-1.E0));
#4094=AXIS2_PLACEMENT_3D('',#4091,#4092,#4093);
#4096=DIRECTION('',(0.E0,0.E0,-1.E0));
#4097=VECTOR('',#4096,8.E-3);
#4098=CARTESIAN_POINT('',(1.25E-2,5.5E-3,9.E-3));
#4099=LINE('',#4098,#4097);
#4100=DIRECTION('',(0.E0,-1.E0,0.E0));
#4101=VECTOR('',#4100,1.1E-2);
#4102=CARTESIAN_POINT('',(1.25E-2,5.5E-3,1.E-3));
#4103=LINE('',#4102,#4101);
#4104=DIRECTION('',(0.E0,0.E0,-1.E0));
#4105=VECTOR('',#4104,8.E-3);
#4106=CARTESIAN_POINT('',(1.25E-2,-5.5E-3,9.E-3));
#4107=LINE('',#4106,#4105);
#4108=DIRECTION('',(0.E0,1.E0,0.E0));
#4109=VECTOR('',#4108,1.1E-2);
#4110=CARTESIAN_POINT('',(1.25E-2,-5.5E-3,9.E-3));
#4111=LINE('',#4110,#4109);
#4112=CARTESIAN_POINT('',(1.15E-2,-5.5E-3,9.E-3));
#4113=DIRECTION('',(0.E0,-1.E0,0.E0));
#4114=DIRECTION('',(1.E0,0.E0,0.E0));
#4115=AXIS2_PLACEMENT_3D('',#4112,#4113,#4114);
#4117=CARTESIAN_POINT('',(1.15E-2,-5.5E-3,9.E-3));
#4118=DIRECTION('',(0.E0,0.E0,1.E0));
#4119=DIRECTION('',(0.E0,-1.E0,0.E0));
#4120=AXIS2_PLACEMENT_3D('',#4117,#4118,#4119);
#4122=CARTESIAN_POINT('',(1.15E-2,-5.5E-3,9.E-3));
#4123=DIRECTION('',(1.E0,0.E0,0.E0));
#4124=DIRECTION('',(0.E0,0.E0,1.E0));
#4125=AXIS2_PLACEMENT_3D('',#4122,#4123,#4124);
#4127=CARTESIAN_POINT('',(1.15E-2,5.5E-3,9.E-3));
#4128=DIRECTION('',(1.E0,0.E0,0.E0));
#4129=DIRECTION('',(0.E0,1.E0,0.E0));
#4130=AXIS2_PLACEMENT_3D('',#4127,#4128,#4129);
#4132=CARTESIAN_POINT('',(1.15E-2,5.5E-3,9.E-3));
#4133=DIRECTION('',(0.E0,0.E0,1.E0));
#4134=DIRECTION('',(1.E0,0.E0,0.E0));
#4135=AXIS2_PLACEMENT_3D('',#4132,#4133,#4134);
#4137=CARTESIAN_POINT('',(1.15E-2,5.5E-3,9.E-3));
#4138=DIRECTION('',(0.E0,1.E0,0.E0));
#4139=DIRECTION('',(0.E0,0.E0,1.E0));
#4140=AXIS2_PLACEMENT_3D('',#4137,#4138,#4139);
#4142=DIRECTION('',(-1.E0,0.E0,0.E0));
#4143=VECTOR('',#4142,4.583069190623E-3);
#4144=CARTESIAN_POINT('',(1.15E-2,5.5E-3,1.E-2));
#4145=LINE('',#4144,#4143);
#4146=CARTESIAN_POINT('',(-1.15E-2,-5.5E-3,9.E-3));
#4147=DIRECTION('',(-1.E0,0.E0,0.E0));
#4148=DIRECTION('',(0.E0,-1.E0,0.E0));
#4149=AXIS2_PLACEMENT_3D('',#4146,#4147,#4148);
#4151=CARTESIAN_POINT('',(-1.15E-2,-5.5E-3,9.E-3));
#4152=DIRECTION('',(0.E0,0.E0,1.E0));
#4153=DIRECTION('',(-1.E0,0.E0,0.E0));
#4154=AXIS2_PLACEMENT_3D('',#4151,#4152,#4153);
#4156=CARTESIAN_POINT('',(-1.15E-2,-5.5E-3,9.E-3));
#4157=DIRECTION('',(0.E0,-1.E0,0.E0));
#4158=DIRECTION('',(0.E0,0.E0,1.E0));
#4159=AXIS2_PLACEMENT_3D('',#4156,#4157,#4158);
#4161=DIRECTION('',(1.E0,0.E0,0.E0));
#4162=VECTOR('',#4161,4.583069171978E-3);
#4163=CARTESIAN_POINT('',(-1.15E-2,-5.5E-3,1.E-2));
#4164=LINE('',#4163,#4162);
#4165=CARTESIAN_POINT('',(-6.677124344458E-3,-6.999999999984E-3,
8.500001088651E-3));
#4166=DIRECTION('',(6.169851819408E-7,5.442472697536E-7,9.999999999997E-1));
#4167=DIRECTION('',(-9.592153460442E-12,9.999999999999E-1,-5.442472705163E-7));
#4168=AXIS2_PLACEMENT_3D('',#4165,#4166,#4167);
#4170=CARTESIAN_POINT('',(-6.916930828022E-3,-5.5E-3,1.E-2));
#4171=CARTESIAN_POINT('',(-6.931111361121E-3,-5.548405282353E-3,1.E-2));
#4172=CARTESIAN_POINT('',(-6.966080452154E-3,-5.649167561276E-3,
9.992936917723E-3));
#4173=CARTESIAN_POINT('',(-7.034406073654E-3,-5.808231554147E-3,
9.956392115936E-3));
#4174=CARTESIAN_POINT('',(-7.089688526407E-3,-5.918577040490E-3,
9.910309067871E-3));
#4175=CARTESIAN_POINT('',(-7.119165569998E-3,-5.973424520101E-3,
9.880831597937E-3));
#4177=CARTESIAN_POINT('',(-6.892621951566E-3,-5.387300219700E-3,
9.999999954574E-3));
#4178=CARTESIAN_POINT('',(-6.894907055084E-3,-5.405398959379E-3,
9.999999954574E-3));
#4179=CARTESIAN_POINT('',(-6.901347733352E-3,-5.442272303563E-3,
1.000000002271E-2));
#4180=CARTESIAN_POINT('',(-6.911220900851E-3,-5.480509150468E-3,1.E-2));
#4181=CARTESIAN_POINT('',(-6.916930828022E-3,-5.5E-3,1.E-2));
#4183=CARTESIAN_POINT('',(5.999984087127E-3,-5.250004821187E-3,
9.468244712335E-3));
#4184=CARTESIAN_POINT('',(5.999984024794E-3,-5.274531030600E-3,
9.461910988606E-3));
#4185=CARTESIAN_POINT('',(6.003612276176E-3,-5.325327773167E-3,
9.446812476867E-3));
#4186=CARTESIAN_POINT('',(6.022105727791E-3,-5.405866277767E-3,
9.415401541906E-3));
#4187=CARTESIAN_POINT('',(6.055566199201E-3,-5.489372399404E-3,
9.373857347254E-3));
#4188=CARTESIAN_POINT('',(6.105226942839E-3,-5.574212801110E-3,
9.320869583336E-3));
#4189=CARTESIAN_POINT('',(6.171389447684E-3,-5.658461106817E-3,
9.255316072187E-3));
#4190=CARTESIAN_POINT('',(6.254765247986E-3,-5.741434874210E-3,
9.174669436850E-3));
#4191=CARTESIAN_POINT('',(6.354700147206E-3,-5.821048189321E-3,
9.075865131856E-3));
#4192=CARTESIAN_POINT('',(6.459511696251E-3,-5.889314890125E-3,
8.963285443541E-3));
#4193=CARTESIAN_POINT('',(6.549206345750E-3,-5.939194178458E-3,
8.850232781867E-3));
#4194=CARTESIAN_POINT('',(6.620201037348E-3,-5.974293578391E-3,
8.736085883891E-3));
#4195=CARTESIAN_POINT('',(6.667800773474E-3,-5.995904174235E-3,
8.614180420419E-3));
#4196=CARTESIAN_POINT('',(6.677105953062E-3,-5.999996599654E-3,
8.537567614602E-3));
#4197=CARTESIAN_POINT('',(6.677124306641E-3,-6.E-3,8.500000000133E-3));
#4199=CARTESIAN_POINT('',(-6.677123387360E-3,-6.000000000002E-3,
8.500000000143E-3));
#4200=CARTESIAN_POINT('',(-6.677103235756E-3,-5.999996309262E-3,
8.538219737194E-3));
#4201=CARTESIAN_POINT('',(-6.667463767894E-3,-5.995755996941E-3,
8.618775375625E-3));
#4202=CARTESIAN_POINT('',(-6.612099046600E-3,-5.970611065224E-3,
8.754296837549E-3));
#4203=CARTESIAN_POINT('',(-6.521825075584E-3,-5.925009918813E-3,
8.888094899599E-3));
#4204=CARTESIAN_POINT('',(-6.422577654773E-3,-5.866460490488E-3,
9.004253942906E-3));
#4205=CARTESIAN_POINT('',(-6.329132204579E-3,-5.801576229300E-3,
9.101330800313E-3));
#4206=CARTESIAN_POINT('',(-6.245943729275E-3,-5.732680106141E-3,
9.183150707159E-3));
#4207=CARTESIAN_POINT('',(-6.174862205074E-3,-5.661470609725E-3,
9.251994568345E-3));
#4208=CARTESIAN_POINT('',(-6.116479800355E-3,-5.589218306767E-3,
9.309617081174E-3));
#4209=CARTESIAN_POINT('',(-6.070730287633E-3,-5.517075623942E-3,
9.357300430043E-3));
#4210=CARTESIAN_POINT('',(-6.037064221073E-3,-5.446020280517E-3,
9.396162478639E-3));
#4211=CARTESIAN_POINT('',(-6.014680943162E-3,-5.377122953785E-3,
9.427110825631E-3));
#4212=CARTESIAN_POINT('',(-6.002427115954E-3,-5.311520589441E-3,
9.451030624333E-3));
#4213=CARTESIAN_POINT('',(-5.999988036479E-3,-5.270051003186E-3,
9.463068872794E-3));
#4214=CARTESIAN_POINT('',(-5.999987951778E-3,-5.250003350060E-3,
9.468245277722E-3));
#4216=CARTESIAN_POINT('',(-6.E-3,-5.E-3,8.5E-3));
#4217=DIRECTION('',(-1.E0,0.E0,0.E0));
#4218=DIRECTION('',(0.E0,-2.500019655686E-1,9.682453290421E-1));
#4219=AXIS2_PLACEMENT_3D('',#4216,#4217,#4218);
#4221=CARTESIAN_POINT('',(6.E-3,-5.E-3,8.5E-3));
#4222=DIRECTION('',(1.E0,0.E0,0.E0));
#4223=DIRECTION('',(0.E0,0.E0,1.E0));
#4224=AXIS2_PLACEMENT_3D('',#4221,#4222,#4223);
#4226=CARTESIAN_POINT('',(-6.E-3,-5.500004171082E-3,1.043649059613E-2));
#4227=DIRECTION('',(0.E0,9.682452980651E-1,2.500020855411E-1));
#4228=DIRECTION('',(0.E0,2.500020855411E-1,-9.682452980651E-1));
#4229=AXIS2_PLACEMENT_3D('',#4226,#4227,#4228);
#4231=CARTESIAN_POINT('',(-6.866025403784E-3,-5.E-3,1.E-2));
#4232=CARTESIAN_POINT('',(-6.866025403784E-3,-5.041864769618E-3,1.E-2));
#4233=CARTESIAN_POINT('',(-6.868071381103E-3,-5.126367118416E-3,
9.999999993943E-3));
#4234=CARTESIAN_POINT('',(-6.877236477978E-3,-5.255117359882E-3,
1.000000002120E-2));
#4235=CARTESIAN_POINT('',(-6.887019222072E-3,-5.342925532832E-3,
9.999999954574E-3));
#4236=CARTESIAN_POINT('',(-6.892621951566E-3,-5.387300219700E-3,
9.999999954574E-3));
#4238=CARTESIAN_POINT('',(-6.E-3,-5.E-3,1.05E-2));
#4239=DIRECTION('',(0.E0,1.E0,0.E0));
#4240=DIRECTION('',(0.E0,0.E0,-1.E0));
#4241=AXIS2_PLACEMENT_3D('',#4238,#4239,#4240);
#4243=DIRECTION('',(0.E0,-1.E0,0.E0));
#4244=VECTOR('',#4243,1.E-2);
#4245=CARTESIAN_POINT('',(-6.866025403784E-3,5.E-3,1.E-2));
#4246=LINE('',#4245,#4244);
#4247=CARTESIAN_POINT('',(-6.E-3,5.E-3,1.05E-2));
#4248=DIRECTION('',(0.E0,1.E0,0.E0));
#4249=DIRECTION('',(0.E0,0.E0,-1.E0));
#4250=AXIS2_PLACEMENT_3D('',#4247,#4248,#4249);
#4252=DIRECTION('',(0.E0,-1.E0,0.E0));
#4253=VECTOR('',#4252,1.E-2);
#4254=CARTESIAN_POINT('',(6.E-3,5.E-3,9.5E-3));
#4255=LINE('',#4254,#4253);
#4256=DIRECTION('',(-1.E0,0.E0,0.E0));
#4257=VECTOR('',#4256,1.2E-2);
#4258=CARTESIAN_POINT('',(6.E-3,-5.E-3,9.5E-3));
#4259=LINE('',#4258,#4257);
#4260=DIRECTION('',(0.E0,1.E0,0.E0));
#4261=VECTOR('',#4260,1.E-2);
#4262=CARTESIAN_POINT('',(-6.E-3,-5.E-3,9.5E-3));
#4263=LINE('',#4262,#4261);
#4264=DIRECTION('',(-1.E0,0.E0,0.E0));
#4265=VECTOR('',#4264,1.2E-2);
#4266=CARTESIAN_POINT('',(6.E-3,5.E-3,9.5E-3));
#4267=LINE('',#4266,#4265);
#4268=CARTESIAN_POINT('',(6.E-3,5.E-3,1.05E-2));
#4269=DIRECTION('',(0.E0,-1.E0,0.E0));
#4270=DIRECTION('',(0.E0,0.E0,-1.E0));
#4271=AXIS2_PLACEMENT_3D('',#4268,#4269,#4270);
#4273=DIRECTION('',(0.E0,1.E0,0.E0));
#4274=VECTOR('',#4273,1.E-2);
#4275=CARTESIAN_POINT('',(6.866025403784E-3,-5.E-3,1.E-2));
#4276=LINE('',#4275,#4274);
#4277=CARTESIAN_POINT('',(6.E-3,-5.E-3,1.05E-2));
#4278=DIRECTION('',(0.E0,-1.E0,0.E0));
#4279=DIRECTION('',(0.E0,0.E0,-1.E0));
#4280=AXIS2_PLACEMENT_3D('',#4277,#4278,#4279);
#4282=CARTESIAN_POINT('',(6.892621984997E-3,-5.387300748093E-3,
1.000000001084E-2));
#4283=CARTESIAN_POINT('',(6.887009338734E-3,-5.342847553802E-3,
1.000000001084E-2));
#4284=CARTESIAN_POINT('',(6.877218783669E-3,-5.254934496971E-3,
9.999999994940E-3));
#4285=CARTESIAN_POINT('',(6.868065891604E-3,-5.126225138388E-3,
1.000000000145E-2));
#4286=CARTESIAN_POINT('',(6.866025403784E-3,-5.041804095199E-3,1.E-2));
#4287=CARTESIAN_POINT('',(6.866025403784E-3,-5.E-3,1.E-2));
#4289=CARTESIAN_POINT('',(-6.892622397886E-3,5.387301962027E-3,
1.000000005685E-2));
#4290=CARTESIAN_POINT('',(-6.887011097672E-3,5.342859503190E-3,
1.000000005685E-2));
#4291=CARTESIAN_POINT('',(-6.877221396714E-3,5.254960910196E-3,
9.999999973470E-3));
#4292=CARTESIAN_POINT('',(-6.868067628347E-3,5.126262587258E-3,
1.000000000758E-2));
#4293=CARTESIAN_POINT('',(-6.866025403784E-3,5.041820166101E-3,1.E-2));
#4294=CARTESIAN_POINT('',(-6.866025403784E-3,5.E-3,1.E-2));
#4296=CARTESIAN_POINT('',(-6.677124344468E-3,-7.E-3,1.5E-3));
#4297=DIRECTION('',(0.E0,0.E0,1.E0));
#4298=DIRECTION('',(0.E0,1.E0,0.E0));
#4299=AXIS2_PLACEMENT_3D('',#4296,#4297,#4298);
#4301=CARTESIAN_POINT('',(-6.000000202196E-3,-5.500009013872E-3,
-4.364891509384E-4));
#4302=DIRECTION('',(-4.398810355192E-6,-9.682446407726E-1,2.500046311487E-1));
#4303=DIRECTION('',(2.022016161849E-7,2.500046311502E-1,9.682446407822E-1));
#4304=AXIS2_PLACEMENT_3D('',#4301,#4302,#4303);
#4306=CARTESIAN_POINT('',(-6.916931374262E-3,-5.5E-3,0.E0));
#4307=CARTESIAN_POINT('',(-6.911213508823E-3,-5.480482788416E-3,0.E0));
#4308=CARTESIAN_POINT('',(-6.901336453076E-3,-5.442218299174E-3,
5.421341083304E-12));
#4309=CARTESIAN_POINT('',(-6.894903189836E-3,-5.405372115077E-3,
-1.084268205819E-11));
#4310=CARTESIAN_POINT('',(-6.892621984997E-3,-5.387300748093E-3,
-1.084268205819E-11));
#4312=CARTESIAN_POINT('',(-7.119173283564E-3,-5.973439380454E-3,
1.191779873615E-4));
#4313=CARTESIAN_POINT('',(-7.089703566032E-3,-5.918604114239E-3,
8.970715093333E-5));
#4314=CARTESIAN_POINT('',(-7.034415292049E-3,-5.808255770714E-3,
4.361308738761E-5));
#4315=CARTESIAN_POINT('',(-6.966083786914E-3,-5.649176158281E-3,
7.064117453499E-6));
#4316=CARTESIAN_POINT('',(-6.931113159591E-3,-5.548407733236E-3,0.E0));
#4317=CARTESIAN_POINT('',(-6.916931374262E-3,-5.5E-3,0.E0));
#4319=CARTESIAN_POINT('',(-7.338562172234E-3,-6.25E-3,8.499999997438E-3));
#4320=CARTESIAN_POINT('',(-7.338561726361E-3,-6.249999467143E-3,
8.578700117034E-3));
#4321=CARTESIAN_POINT('',(-7.333463097705E-3,-6.245568186450E-3,
8.742552549413E-3));
#4322=CARTESIAN_POINT('',(-7.304573357536E-3,-6.219260631903E-3,
9.020013044439E-3));
#4323=CARTESIAN_POINT('',(-7.257920342454E-3,-6.171710194850E-3,
9.292285984606E-3));
#4324=CARTESIAN_POINT('',(-7.207127384095E-3,-6.111180878430E-3,
9.526642300522E-3));
#4325=CARTESIAN_POINT('',(-7.159944439544E-3,-6.044582936979E-3,
9.721268152479E-3));
#4326=CARTESIAN_POINT('',(-7.131928401607E-3,-5.997170469780E-3,
9.831066758349E-3));
#4327=CARTESIAN_POINT('',(-7.119165569998E-3,-5.973424520101E-3,
9.880831597937E-3));
#4329=DIRECTION('',(0.E0,0.E0,1.E0));
#4330=VECTOR('',#4329,6.999999994456E-3);
#4331=CARTESIAN_POINT('',(-7.338562172234E-3,-6.25E-3,1.500000002982E-3));
#4332=LINE('',#4331,#4330);
#4333=CARTESIAN_POINT('',(-7.119173283564E-3,-5.973439380454E-3,
1.191779873615E-4));
#4334=CARTESIAN_POINT('',(-7.134669104495E-3,-6.002269258873E-3,
1.795863787285E-4));
#4335=CARTESIAN_POINT('',(-7.167610536667E-3,-6.056952461207E-3,
3.086623501523E-4));
#4336=CARTESIAN_POINT('',(-7.222915542018E-3,-6.131243185479E-3,
5.418083206321E-4));
#4337=CARTESIAN_POINT('',(-7.270375494004E-3,-6.184746278772E-3,
7.752600215136E-4));
#4338=CARTESIAN_POINT('',(-7.308042717800E-3,-6.222386367083E-3,
1.010797046683E-3));
#4339=CARTESIAN_POINT('',(-7.333493432930E-3,-6.245596612250E-3,
1.263525202638E-3));
#4340=CARTESIAN_POINT('',(-7.338561883957E-3,-6.249999514160E-3,
1.421685292980E-3));
#4341=CARTESIAN_POINT('',(-7.338562172234E-3,-6.25E-3,1.500000002982E-3));
#4343=CARTESIAN_POINT('',(-8.E-3,-6.5E-3,1.E-3));
#4344=CARTESIAN_POINT('',(-7.928636600751E-3,-6.5E-3,9.286366007512E-4));
#4345=CARTESIAN_POINT('',(-7.791811351998E-3,-6.484780711040E-3,
7.918113575597E-4));
#4346=CARTESIAN_POINT('',(-7.608391583669E-3,-6.426401332205E-3,
6.083915642048E-4));
#4347=CARTESIAN_POINT('',(-7.448275566784E-3,-6.340265894123E-3,
4.482756390809E-4));
#4348=CARTESIAN_POINT('',(-7.312418067407E-3,-6.232657113598E-3,
3.124177976828E-4));
#4349=CARTESIAN_POINT('',(-7.201313029963E-3,-6.109052975138E-3,
2.013140365642E-4));
#4350=CARTESIAN_POINT('',(-7.143793793648E-3,-6.019237040824E-3,
1.437916247293E-4));
#4351=CARTESIAN_POINT('',(-7.119173283564E-3,-5.973439380454E-3,
1.191779873615E-4));
#4353=DIRECTION('',(0.E0,0.E0,1.E0));
#4354=VECTOR('',#4353,8.E-3);
#4355=CARTESIAN_POINT('',(-8.E-3,-6.5E-3,1.E-3));
#4356=LINE('',#4355,#4354);
#4357=CARTESIAN_POINT('',(-7.119165569998E-3,-5.973424520101E-3,
9.880831597937E-3));
#4358=CARTESIAN_POINT('',(-7.143796523493E-3,-6.019247306031E-3,
9.856204398947E-3));
#4359=CARTESIAN_POINT('',(-7.201312901147E-3,-6.109049798053E-3,
9.798686670746E-3));
#4360=CARTESIAN_POINT('',(-7.312419109766E-3,-6.232658967779E-3,
9.687581004947E-3));
#4361=CARTESIAN_POINT('',(-7.448276216066E-3,-6.340266045413E-3,
9.551723753186E-3));
#4362=CARTESIAN_POINT('',(-7.608392158031E-3,-6.426401631175E-3,
9.391607850247E-3));
#4363=CARTESIAN_POINT('',(-7.791811667052E-3,-6.484780735864E-3,
9.208188330583E-3));
#4364=CARTESIAN_POINT('',(-7.928636713686E-3,-6.5E-3,9.071363286314E-3));
#4365=CARTESIAN_POINT('',(-8.E-3,-6.5E-3,9.E-3));
#4367=DIRECTION('',(-1.E0,0.E0,0.E0));
#4368=VECTOR('',#4367,4.583068625738E-3);
#4369=CARTESIAN_POINT('',(-6.916931374262E-3,-5.5E-3,0.E0));
#4370=LINE('',#4369,#4368);
#4371=CARTESIAN_POINT('',(-6.892621984997E-3,-5.387300748093E-3,
-1.084268205819E-11));
#4372=CARTESIAN_POINT('',(-6.887009338723E-3,-5.342847553712E-3,
-1.084268205819E-11));
#4373=CARTESIAN_POINT('',(-6.877218783677E-3,-5.254934496785E-3,
5.059918115530E-12));
#4374=CARTESIAN_POINT('',(-6.868065891729E-3,-5.126225140673E-3,
-1.445690317073E-12));
#4375=CARTESIAN_POINT('',(-6.866025403784E-3,-5.041804096190E-3,0.E0));
#4376=CARTESIAN_POINT('',(-6.866025403784E-3,-5.E-3,0.E0));
#4378=DIRECTION('',(0.E0,1.E0,0.E0));
#4379=VECTOR('',#4378,1.E-2);
#4380=CARTESIAN_POINT('',(-6.866025403784E-3,-5.E-3,0.E0));
#4381=LINE('',#4380,#4379);
#4382=CARTESIAN_POINT('',(-6.E-3,-5.E-3,-5.E-4));
#4383=DIRECTION('',(0.E0,-1.E0,0.E0));
#4384=DIRECTION('',(0.E0,0.E0,1.E0));
#4385=AXIS2_PLACEMENT_3D('',#4382,#4383,#4384);
#4387=DIRECTION('',(0.E0,-1.E0,0.E0));
#4388=VECTOR('',#4387,1.000000000004E-2);
#4389=CARTESIAN_POINT('',(6.E-3,5.E-3,5.E-4));
#4390=LINE('',#4389,#4388);
#4391=DIRECTION('',(-1.E0,0.E0,0.E0));
#4392=VECTOR('',#4391,1.2E-2);
#4393=CARTESIAN_POINT('',(6.E-3,5.E-3,5.E-4));
#4394=LINE('',#4393,#4392);
#4395=DIRECTION('',(0.E0,-1.E0,0.E0));
#4396=VECTOR('',#4395,1.E-2);
#4397=CARTESIAN_POINT('',(-6.E-3,5.E-3,5.E-4));
#4398=LINE('',#4397,#4396);
#4399=DIRECTION('',(1.E0,-3.416754726371E-12,0.E0));
#4400=VECTOR('',#4399,1.2E-2);
#4401=CARTESIAN_POINT('',(-6.E-3,-5.E-3,5.E-4));
#4402=LINE('',#4401,#4400);
#4403=CARTESIAN_POINT('',(6.E-3,-5.E-3,-5.E-4));
#4404=DIRECTION('',(0.E0,-1.E0,0.E0));
#4405=DIRECTION('',(8.660254037844E-1,0.E0,5.E-1));
#4406=AXIS2_PLACEMENT_3D('',#4403,#4404,#4405);
#4408=DIRECTION('',(0.E0,-1.E0,0.E0));
#4409=VECTOR('',#4408,1.E-2);
#4410=CARTESIAN_POINT('',(6.866025403784E-3,5.E-3,0.E0));
#4411=LINE('',#4410,#4409);
#4412=CARTESIAN_POINT('',(6.E-3,-5.500005325226E-3,-4.364902981284E-4));
#4413=DIRECTION('',(0.E0,9.682451490642E-1,-2.500026626130E-1));
#4414=DIRECTION('',(0.E0,2.500026626130E-1,9.682451490642E-1));
#4415=AXIS2_PLACEMENT_3D('',#4412,#4413,#4414);
#4417=CARTESIAN_POINT('',(6.866025403784E-3,-5.E-3,0.E0));
#4418=CARTESIAN_POINT('',(6.866025403784E-3,-5.041864819149E-3,0.E0));
#4419=CARTESIAN_POINT('',(6.868071385040E-3,-5.126367269600E-3,
5.592058358136E-12));
#4420=CARTESIAN_POINT('',(6.877236507989E-3,-5.255117670558E-3,
-1.957220224770E-11));
#4421=CARTESIAN_POINT('',(6.887019263710E-3,-5.342925956025E-3,
4.194043300588E-11));
#4422=CARTESIAN_POINT('',(6.892622005042E-3,-5.387300699977E-3,
4.194043300588E-11));
#4424=CARTESIAN_POINT('',(6.E-3,5.E-3,-5.E-4));
#4425=DIRECTION('',(0.E0,-1.E0,0.E0));
#4426=DIRECTION('',(8.660254037844E-1,0.E0,5.E-1));
#4427=AXIS2_PLACEMENT_3D('',#4424,#4425,#4426);
#4429=CARTESIAN_POINT('',(6.892621866493E-3,5.387299552125E-3,
4.511440089416E-11));
#4430=CARTESIAN_POINT('',(6.887009249083E-3,5.342846499894E-3,
4.511440089416E-11));
#4431=CARTESIAN_POINT('',(6.877218702776E-3,5.254933726361E-3,
-2.105338727187E-11));
#4432=CARTESIAN_POINT('',(6.868065883877E-3,5.126224766206E-3,
6.015254110304E-12));
#4433=CARTESIAN_POINT('',(6.866025403784E-3,5.041803973772E-3,0.E0));
#4434=CARTESIAN_POINT('',(6.866025403784E-3,5.E-3,0.E0));
#4436=CARTESIAN_POINT('',(6.E-3,5.500002622955E-3,-4.364909958577E-4));
#4437=DIRECTION('',(0.E0,-9.682454979289E-1,-2.500013114775E-1));
#4438=DIRECTION('',(8.926217737540E-1,-1.127021797816E-1,4.364912229276E-1));
#4439=AXIS2_PLACEMENT_3D('',#4436,#4437,#4438);
#4441=CARTESIAN_POINT('',(-6.E-3,5.500004171082E-3,-4.364905961301E-4));
#4442=DIRECTION('',(0.E0,-9.682452980651E-1,-2.500020855411E-1));
#4443=DIRECTION('',(0.E0,-2.500020855411E-1,9.682452980651E-1));
#4444=AXIS2_PLACEMENT_3D('',#4441,#4442,#4443);
#4446=CARTESIAN_POINT('',(-6.866025403784E-3,5.E-3,0.E0));
#4447=CARTESIAN_POINT('',(-6.866025403784E-3,5.041864769618E-3,0.E0));
#4448=CARTESIAN_POINT('',(-6.868071381103E-3,5.126367118416E-3,
6.056807129528E-12));
#4449=CARTESIAN_POINT('',(-6.877236477978E-3,5.255117359882E-3,
-2.119882332704E-11));
#4450=CARTESIAN_POINT('',(-6.887019222072E-3,5.342925532832E-3,
4.542604967675E-11));
#4451=CARTESIAN_POINT('',(-6.892621951566E-3,5.387300219700E-3,
4.542604967675E-11));
#4453=CARTESIAN_POINT('',(-6.E-3,5.E-3,-5.E-4));
#4454=DIRECTION('',(0.E0,-1.E0,0.E0));
#4455=DIRECTION('',(0.E0,0.E0,1.E0));
#4456=AXIS2_PLACEMENT_3D('',#4453,#4454,#4455);
#4458=CARTESIAN_POINT('',(-1.15E-2,-6.5E-3,9.E-3));
#4459=CARTESIAN_POINT('',(-1.15E-2,-6.5E-3,1.E-3));
#4460=VERTEX_POINT('',#4458);
#4461=VERTEX_POINT('',#4459);
#4462=CARTESIAN_POINT('',(-1.25E-2,-5.5E-3,9.E-3));
#4463=CARTESIAN_POINT('',(-1.25E-2,-5.5E-3,1.E-3));
#4464=VERTEX_POINT('',#4462);
#4465=VERTEX_POINT('',#4463);
#4466=CARTESIAN_POINT('',(-8.E-3,6.5E-3,9.E-3));
#4467=CARTESIAN_POINT('',(-1.15E-2,6.5E-3,9.E-3));
#4468=VERTEX_POINT('',#4466);
#4469=VERTEX_POINT('',#4467);
#4470=CARTESIAN_POINT('',(-1.25E-2,5.5E-3,9.E-3));
#4471=CARTESIAN_POINT('',(-1.25E-2,5.5E-3,1.E-3));
#4472=VERTEX_POINT('',#4470);
#4473=VERTEX_POINT('',#4471);
#4474=CARTESIAN_POINT('',(-1.15E-2,6.5E-3,1.E-3));
#4475=VERTEX_POINT('',#4474);
#4476=CARTESIAN_POINT('',(-1.15E-2,5.5E-3,1.E-2));
#4477=CARTESIAN_POINT('',(-1.15E-2,-5.5E-3,1.E-2));
#4478=VERTEX_POINT('',#4476);
#4479=VERTEX_POINT('',#4477);
#4480=CARTESIAN_POINT('',(-8.E-3,-6.5E-3,9.E-3));
#4481=VERTEX_POINT('',#4480);
#4482=CARTESIAN_POINT('',(-8.E-3,-6.5E-3,1.E-3));
#4483=VERTEX_POINT('',#4482);
#4484=CARTESIAN_POINT('',(-1.15E-2,-5.5E-3,0.E0));
#4485=CARTESIAN_POINT('',(-1.15E-2,5.5E-3,0.E0));
#4486=VERTEX_POINT('',#4484);
#4487=VERTEX_POINT('',#4485);
#4488=CARTESIAN_POINT('',(-8.E-3,6.5E-3,1.E-3));
#4489=VERTEX_POINT('',#4488);
#4490=CARTESIAN_POINT('',(1.15E-2,6.5E-3,9.E-3));
#4491=CARTESIAN_POINT('',(1.15E-2,6.5E-3,1.E-3));
#4492=VERTEX_POINT('',#4490);
#4493=VERTEX_POINT('',#4491);
#4494=CARTESIAN_POINT('',(1.25E-2,5.5E-3,9.E-3));
#4495=CARTESIAN_POINT('',(1.25E-2,5.5E-3,1.E-3));
#4496=VERTEX_POINT('',#4494);
#4497=VERTEX_POINT('',#4495);
#4498=CARTESIAN_POINT('',(8.E-3,-6.5E-3,9.E-3));
#4499=CARTESIAN_POINT('',(1.15E-2,-6.5E-3,9.E-3));
#4500=VERTEX_POINT('',#4498);
#4501=VERTEX_POINT('',#4499);
#4502=CARTESIAN_POINT('',(1.25E-2,-5.5E-3,9.E-3));
#4503=CARTESIAN_POINT('',(1.25E-2,-5.5E-3,1.E-3));
#4504=VERTEX_POINT('',#4502);
#4505=VERTEX_POINT('',#4503);
#4506=CARTESIAN_POINT('',(1.15E-2,-6.5E-3,1.E-3));
#4507=VERTEX_POINT('',#4506);
#4508=CARTESIAN_POINT('',(1.15E-2,-5.5E-3,1.E-2));
#4509=CARTESIAN_POINT('',(1.15E-2,5.5E-3,1.E-2));
#4510=VERTEX_POINT('',#4508);
#4511=VERTEX_POINT('',#4509);
#4512=CARTESIAN_POINT('',(8.E-3,6.5E-3,9.E-3));
#4513=VERTEX_POINT('',#4512);
#4514=CARTESIAN_POINT('',(8.E-3,6.5E-3,1.E-3));
#4515=VERTEX_POINT('',#4514);
#4516=CARTESIAN_POINT('',(1.15E-2,5.5E-3,0.E0));
#4517=CARTESIAN_POINT('',(1.15E-2,-5.5E-3,0.E0));
#4518=VERTEX_POINT('',#4516);
#4519=VERTEX_POINT('',#4517);
#4520=CARTESIAN_POINT('',(8.E-3,-6.5E-3,1.E-3));
#4521=VERTEX_POINT('',#4520);
#4522=VERTEX_POINT('',#4429);
#4523=VERTEX_POINT('',#4434);
#4524=CARTESIAN_POINT('',(6.866025403784E-3,-5.E-3,0.E0));
#4525=VERTEX_POINT('',#4524);
#4526=VERTEX_POINT('',#4422);
#4527=VERTEX_POINT('',#4282);
#4528=VERTEX_POINT('',#4287);
#4529=CARTESIAN_POINT('',(6.866025403784E-3,5.E-3,1.E-2));
#4530=VERTEX_POINT('',#4529);
#4531=VERTEX_POINT('',#3611);
#4532=VERTEX_POINT('',#4446);
#4533=VERTEX_POINT('',#4451);
#4534=CARTESIAN_POINT('',(-6.866025403784E-3,-5.E-3,0.E0));
#4535=VERTEX_POINT('',#4534);
#4536=VERTEX_POINT('',#4371);
#4537=VERTEX_POINT('',#4231);
#4538=VERTEX_POINT('',#4236);
#4539=CARTESIAN_POINT('',(-6.866025403784E-3,5.E-3,1.E-2));
#4540=VERTEX_POINT('',#4539);
#4541=VERTEX_POINT('',#4289);
#4542=VERTEX_POINT('',#3902);
#4543=VERTEX_POINT('',#3557);
#4544=VERTEX_POINT('',#3771);
#4545=VERTEX_POINT('',#3678);
#4546=VERTEX_POINT('',#3851);
#4547=VERTEX_POINT('',#3946);
#4548=VERTEX_POINT('',#4306);
#4549=VERTEX_POINT('',#4181);
#4550=VERTEX_POINT('',#3625);
#4551=VERTEX_POINT('',#3633);
#4552=VERTEX_POINT('',#4183);
#4553=VERTEX_POINT('',#4197);
#4554=CARTESIAN_POINT('',(6.677123378149E-3,-6.000000000002E-3,
1.499999999858E-3));
#4555=VERTEX_POINT('',#4554);
#4556=CARTESIAN_POINT('',(7.338562172234E-3,-6.25E-3,1.500000002578E-3));
#4557=VERTEX_POINT('',#4556);
#4558=VERTEX_POINT('',#3727);
#4559=VERTEX_POINT('',#3667);
#4560=VERTEX_POINT('',#3564);
#4561=VERTEX_POINT('',#3578);
#4562=VERTEX_POINT('',#3498);
#4563=VERTEX_POINT('',#3506);
#4564=CARTESIAN_POINT('',(7.338562172234E-3,6.25E-3,1.500000002503E-3));
#4565=VERTEX_POINT('',#4564);
#4566=CARTESIAN_POINT('',(6.677123520366E-3,6.000000000001E-3,
1.499999999876E-3));
#4567=VERTEX_POINT('',#4566);
#4568=VERTEX_POINT('',#3520);
#4569=VERTEX_POINT('',#3868);
#4570=CARTESIAN_POINT('',(6.E-3,5.E-3,5.E-4));
#4571=VERTEX_POINT('',#4570);
#4572=CARTESIAN_POINT('',(6.E-3,-5.000000000041E-3,5.E-4));
#4573=VERTEX_POINT('',#4572);
#4574=CARTESIAN_POINT('',(6.E-3,5.E-3,9.5E-3));
#4575=VERTEX_POINT('',#4574);
#4576=CARTESIAN_POINT('',(6.E-3,-5.E-3,9.5E-3));
#4577=VERTEX_POINT('',#4576);
#4578=VERTEX_POINT('',#4199);
#4579=VERTEX_POINT('',#4214);
#4580=VERTEX_POINT('',#4319);
#4581=VERTEX_POINT('',#4327);
#4582=CARTESIAN_POINT('',(-6.677124306641E-3,-6.E-3,1.499999999867E-3));
#4583=VERTEX_POINT('',#4582);
#4584=CARTESIAN_POINT('',(-7.338562172234E-3,-6.25E-3,1.500000002982E-3));
#4585=VERTEX_POINT('',#4584);
#4586=VERTEX_POINT('',#4333);
#4587=VERTEX_POINT('',#3739);
#4588=VERTEX_POINT('',#3959);
#4589=VERTEX_POINT('',#3967);
#4590=VERTEX_POINT('',#3590);
#4591=VERTEX_POINT('',#3604);
#4592=CARTESIAN_POINT('',(-6.677123387360E-3,6.000000000002E-3,
1.499999999857E-3));
#4593=VERTEX_POINT('',#4592);
#4594=CARTESIAN_POINT('',(-7.338562172234E-3,6.25E-3,1.500000002562E-3));
#4595=VERTEX_POINT('',#4594);
#4596=VERTEX_POINT('',#3885);
#4597=VERTEX_POINT('',#4001);
#4598=CARTESIAN_POINT('',(-6.E-3,5.E-3,5.E-4));
#4599=VERTEX_POINT('',#4598);
#4600=CARTESIAN_POINT('',(-6.E-3,-5.E-3,5.E-4));
#4601=VERTEX_POINT('',#4600);
#4602=CARTESIAN_POINT('',(-6.E-3,-5.E-3,9.5E-3));
#4603=VERTEX_POINT('',#4602);
#4604=CARTESIAN_POINT('',(-6.E-3,5.E-3,9.5E-3));
#4605=VERTEX_POINT('',#4604);
#4606=CARTESIAN_POINT('',(0.E0,0.E0,0.E0));
#4607=DIRECTION('',(0.E0,0.E0,1.E0));
#4608=DIRECTION('',(1.E0,0.E0,0.E0));
#4609=AXIS2_PLACEMENT_3D('',#4606,#4607,#4608);
#4610=PLANE('',#4609);
#4612=ORIENTED_EDGE('',*,*,#4611,.T.);
#4614=ORIENTED_EDGE('',*,*,#4613,.T.);
#4616=ORIENTED_EDGE('',*,*,#4615,.T.);
#4618=ORIENTED_EDGE('',*,*,#4617,.T.);
#4620=ORIENTED_EDGE('',*,*,#4619,.T.);
#4622=ORIENTED_EDGE('',*,*,#4621,.T.);
#4624=ORIENTED_EDGE('',*,*,#4623,.F.);
#4626=ORIENTED_EDGE('',*,*,#4625,.F.);
#4627=EDGE_LOOP('',(#4612,#4614,#4616,#4618,#4620,#4622,#4624,#4626));
#4628=FACE_OUTER_BOUND('',#4627,.F.);
#4629=ADVANCED_FACE('',(#4628),#4610,.F.);
#4630=CARTESIAN_POINT('',(0.E0,0.E0,0.E0));
#4631=DIRECTION('',(0.E0,0.E0,1.E0));
#4632=DIRECTION('',(1.E0,0.E0,0.E0));
#4633=AXIS2_PLACEMENT_3D('',#4630,#4631,#4632);
#4634=PLANE('',#4633);
#4636=ORIENTED_EDGE('',*,*,#4635,.F.);
#4638=ORIENTED_EDGE('',*,*,#4637,.T.);
#4640=ORIENTED_EDGE('',*,*,#4639,.T.);
#4642=ORIENTED_EDGE('',*,*,#4641,.T.);
#4644=ORIENTED_EDGE('',*,*,#4643,.T.);
#4646=ORIENTED_EDGE('',*,*,#4645,.T.);
#4648=ORIENTED_EDGE('',*,*,#4647,.F.);
#4650=ORIENTED_EDGE('',*,*,#4649,.F.);
#4651=EDGE_LOOP('',(#4636,#4638,#4640,#4642,#4644,#4646,#4648,#4650));
#4652=FACE_OUTER_BOUND('',#4651,.F.);
#4653=ADVANCED_FACE('',(#4652),#4634,.F.);
#4654=CARTESIAN_POINT('',(-4.509E-2,5.5E-3,1.E-3));
#4655=DIRECTION('',(1.E0,0.E0,0.E0));
#4656=DIRECTION('',(0.E0,0.E0,-1.E0));
#4657=AXIS2_PLACEMENT_3D('',#4654,#4655,#4656);
#4658=CYLINDRICAL_SURFACE('',#4657,1.E-3);
#4660=ORIENTED_EDGE('',*,*,#4659,.T.);
#4662=ORIENTED_EDGE('',*,*,#4661,.T.);
#4663=ORIENTED_EDGE('',*,*,#4611,.F.);
#4665=ORIENTED_EDGE('',*,*,#4664,.T.);
#4667=ORIENTED_EDGE('',*,*,#4666,.F.);
#4668=EDGE_LOOP('',(#4660,#4662,#4663,#4665,#4667));
#4669=FACE_OUTER_BOUND('',#4668,.F.);
#4670=ADVANCED_FACE('',(#4669),#4658,.T.);
#4671=CARTESIAN_POINT('',(8.E-3,5.5E-3,-1.3036E-2));
#4672=DIRECTION('',(0.E0,0.E0,1.E0));
#4673=DIRECTION('',(0.E0,1.E0,0.E0));
#4674=AXIS2_PLACEMENT_3D('',#4671,#4672,#4673);
#4675=CYLINDRICAL_SURFACE('',#4674,1.E-3);
#4677=ORIENTED_EDGE('',*,*,#4676,.T.);
#4679=ORIENTED_EDGE('',*,*,#4678,.T.);
#4681=ORIENTED_EDGE('',*,*,#4680,.T.);
#4682=ORIENTED_EDGE('',*,*,#4659,.F.);
#4684=ORIENTED_EDGE('',*,*,#4683,.T.);
#4686=ORIENTED_EDGE('',*,*,#4685,.F.);
#4687=EDGE_LOOP('',(#4677,#4679,#4681,#4682,#4684,#4686));
#4688=FACE_OUTER_BOUND('',#4687,.F.);
#4689=ADVANCED_FACE('',(#4688),#4675,.T.);
#4690=CARTESIAN_POINT('',(6.999937034901E-3,5.463716001606E-3,
1.049345437988E-2));
#4691=CARTESIAN_POINT('',(6.999033556871E-3,5.488439317603E-3,
1.048323712260E-2));
#4692=CARTESIAN_POINT('',(6.999086958288E-3,5.542073999853E-3,
1.045700693634E-2));
#4693=CARTESIAN_POINT('',(7.005780631138E-3,5.625045773203E-3,
1.040226376395E-2));
#4694=CARTESIAN_POINT('',(7.020825340345E-3,5.713764133677E-3,
1.032552494841E-2));
#4695=CARTESIAN_POINT('',(7.045044938278E-3,5.804754396055E-3,
1.022465894781E-2));
#4696=CARTESIAN_POINT('',(7.078992243008E-3,5.896050789023E-3,
1.009637341264E-2));
#4697=CARTESIAN_POINT('',(7.122885096242E-3,5.985852561500E-3,9.93643412E-3));
#4698=CARTESIAN_POINT('',(7.175752140109E-3,6.071023383990E-3,
9.741469885199E-3));
#4699=CARTESIAN_POINT('',(7.232800282410E-3,6.145219479652E-3,
9.516619523297E-3));
#4700=CARTESIAN_POINT('',(7.286525900971E-3,6.203569004208E-3,
9.273148779201E-3));
#4701=CARTESIAN_POINT('',(7.330411053578E-3,6.245017359006E-3,
9.019862191468E-3));
#4702=CARTESIAN_POINT('',(7.359242283691E-3,6.269638834244E-3,
8.761855497745E-3));
#4703=CARTESIAN_POINT('',(7.366682277131E-3,6.275673063035E-3,
8.567758799818E-3));
#4704=CARTESIAN_POINT('',(7.365852287986E-3,6.275000142725E-3,
8.464235026539E-3));
#4705=CARTESIAN_POINT('',(7.365562346735E-3,6.274766398886E-3,
8.446374106625E-3));
#4706=CARTESIAN_POINT('',(7.028616544801E-3,5.337082456985E-3,
9.886222849984E-3));
#4707=CARTESIAN_POINT('',(7.025348974129E-3,5.346248449306E-3,
9.879139434346E-3));
#4708=CARTESIAN_POINT('',(7.017878950958E-3,5.366403820683E-3,
9.860937328472E-3));
#4709=CARTESIAN_POINT('',(7.005207944443E-3,5.399932154446E-3,
9.822558158844E-3));
#4710=CARTESIAN_POINT('',(6.990888328611E-3,5.440233635353E-3,
9.767699341807E-3));
#4711=CARTESIAN_POINT('',(6.976306462516E-3,5.487833872677E-3,
9.693755372523E-3));
#4712=CARTESIAN_POINT('',(6.962940394706E-3,5.543122786694E-3,
9.597225085302E-3));
#4713=CARTESIAN_POINT('',(6.952142395827E-3,5.605517520441E-3,
9.474268204962E-3));
#4714=CARTESIAN_POINT('',(6.944706527640E-3,5.672190479029E-3,
9.322811361489E-3));
#4715=CARTESIAN_POINT('',(6.939942262116E-3,5.735695188143E-3,
9.149835935971E-3));
#4716=CARTESIAN_POINT('',(6.934944084147E-3,5.787638090794E-3,
8.970322795583E-3));
#4717=CARTESIAN_POINT('',(6.927378202432E-3,5.823695853965E-3,
8.798260064464E-3));
#4718=CARTESIAN_POINT('',(6.918650325574E-3,5.843373341652E-3,
8.642538182195E-3));
#4719=CARTESIAN_POINT('',(6.915586800832E-3,5.847751139485E-3,
8.536835908515E-3));
#4720=CARTESIAN_POINT('',(6.915934170286E-3,5.847276002182E-3,
8.480552679905E-3));
#4721=CARTESIAN_POINT('',(6.916056081236E-3,5.847115547907E-3,
8.470823698998E-3));
#4722=CARTESIAN_POINT('',(6.593919130760E-3,5.227483398351E-3,
9.456554416214E-3));
#4723=CARTESIAN_POINT('',(6.588502436194E-3,5.236483870957E-3,
9.451688462553E-3));
#4724=CARTESIAN_POINT('',(6.575527797206E-3,5.256479099283E-3,
9.439166912705E-3));
#4725=CARTESIAN_POINT('',(6.551676326932E-3,5.291485515946E-3,
9.412366679757E-3));
#4726=CARTESIAN_POINT('',(6.522633468103E-3,5.336638476910E-3,
9.372989839903E-3));
#4727=CARTESIAN_POINT('',(6.490574431876E-3,5.393819830500E-3,
9.318095518829E-3));
#4728=CARTESIAN_POINT('',(6.457909161476E-3,5.464254800220E-3,
9.244034795489E-3));
#4729=CARTESIAN_POINT('',(6.426922897969E-3,5.547434873890E-3,
9.147246146520E-3));
#4730=CARTESIAN_POINT('',(6.399264415577E-3,5.639329977957E-3,
9.026574517203E-3));
#4731=CARTESIAN_POINT('',(6.375073725444E-3,5.728792121275E-3,
8.890305062259E-3));
#4732=CARTESIAN_POINT('',(6.351404714197E-3,5.802619325685E-3,
8.756047416785E-3));
#4733=CARTESIAN_POINT('',(6.326027995483E-3,5.853605441946E-3,
8.641457536693E-3));
#4734=CARTESIAN_POINT('',(6.302837684244E-3,5.880870721012E-3,
8.558110938928E-3));
#4735=CARTESIAN_POINT('',(6.295445881647E-3,5.886781281344E-3,
8.514955308415E-3));
#4736=CARTESIAN_POINT('',(6.296280226532E-3,5.886144814239E-3,
8.492098820412E-3));
#4737=CARTESIAN_POINT('',(6.296572667690E-3,5.885931692710E-3,
8.488123884420E-3));
#4738=CARTESIAN_POINT('',(5.973780760204E-3,5.204994053682E-3,
9.479169626595E-3));
#4739=CARTESIAN_POINT('',(5.967804013049E-3,5.229326640200E-3,
9.474186958824E-3));
#4740=CARTESIAN_POINT('',(5.954863097321E-3,5.282583285240E-3,
9.461366418035E-3));
#4741=CARTESIAN_POINT('',(5.935163921561E-3,5.369044253589E-3,
9.433956738201E-3));
#4742=CARTESIAN_POINT('',(5.915452619580E-3,5.469215124572E-3,
9.393765018445E-3));
#4743=CARTESIAN_POINT('',(5.898415225372E-3,5.582822780699E-3,
9.337868036323E-3));
#4744=CARTESIAN_POINT('',(5.886804408073E-3,5.709873285823E-3,
9.262624647759E-3));
#4745=CARTESIAN_POINT('',(5.883040399881E-3,5.848741388799E-3,
9.164458657540E-3));
#4746=CARTESIAN_POINT('',(5.888169495956E-3,5.993452162547E-3,
9.042166676249E-3));
#4747=CARTESIAN_POINT('',(5.899359193131E-3,6.128923948203E-3,
8.903965235658E-3));
#4748=CARTESIAN_POINT('',(5.909010032080E-3,6.238934036732E-3,
8.767325608038E-3));
#4749=CARTESIAN_POINT('',(5.910850531203E-3,6.315622590113E-3,
8.649710696281E-3));
#4750=CARTESIAN_POINT('',(5.905541420683E-3,6.358155972537E-3,
8.562554690710E-3));
#4751=CARTESIAN_POINT('',(5.902763986237E-3,6.367808474191E-3,
8.516106974061E-3));
#4752=CARTESIAN_POINT('',(5.903083562006E-3,6.366754715202E-3,
8.491491099723E-3));
#4753=CARTESIAN_POINT('',(5.903196178112E-3,6.366396643885E-3,
8.487213304768E-3));
#4754=(BOUNDED_SURFACE()B_SPLINE_SURFACE(3,3,((#4690,#4691,#4692,#4693,#4694,
#4695,#4696,#4697,#4698,#4699,#4700,#4701,#4702,#4703,#4704,#4705),(#4706,#4707,
#4708,#4709,#4710,#4711,#4712,#4713,#4714,#4715,#4716,#4717,#4718,#4719,#4720,
#4721),(#4722,#4723,#4724,#4725,#4726,#4727,#4728,#4729,#4730,#4731,#4732,#4733,
#4734,#4735,#4736,#4737),(#4738,#4739,#4740,#4741,#4742,#4743,#4744,#4745,#4746,
#4747,#4748,#4749,#4750,#4751,#4752,#4753)),.UNSPECIFIED.,.F.,.F.,.F.)B_SPLINE_SURFACE_WITH_KNOTS((4,4),(4,1,1,1,1,1,1,1,1,1,1,1,1,4),(0.E0,1.E0),(
6.311450549122E-1,6.480597576196E-1,6.681868277486E-1,6.906606651769E-1,
7.158173820232E-1,7.440205894642E-1,7.757537204654E-1,8.118133559345E-1,
8.515985864542E-1,8.907977405757E-1,9.279772851428E-1,9.649333962509E-1,1.E0,
1.007320907119E0),.UNSPECIFIED.)GEOMETRIC_REPRESENTATION_ITEM()RATIONAL_B_SPLINE_SURFACE(((1.190255854894E0,1.190255854894E0,1.190255854894E0,1.190255854894E0,
1.190255854894E0,1.190255854894E0,1.190255854894E0,1.190255854894E0,
1.190255854894E0,1.190255854894E0,1.190255854894E0,1.190255854894E0,
1.190255854894E0,1.190255854894E0,1.190255854894E0,1.190255854894E0),(
9.365813817021E-1,9.365813817021E-1,9.365813817021E-1,9.365813817021E-1,
9.365813817021E-1,9.365813817021E-1,9.365813817021E-1,9.365813817021E-1,
9.365813817021E-1,9.365813817021E-1,9.365813817021E-1,9.365813817021E-1,
9.365813817021E-1,9.365813817021E-1,9.365813817021E-1,9.365813817021E-1),(
9.365813817021E-1,9.365813817021E-1,9.365813817021E-1,9.365813817021E-1,
9.365813817021E-1,9.365813817021E-1,9.365813817021E-1,9.365813817021E-1,
9.365813817021E-1,9.365813817021E-1,9.365813817021E-1,9.365813817021E-1,
9.365813817021E-1,9.365813817021E-1,9.365813817021E-1,9.365813817021E-1),(
1.190255854894E0,1.190255854894E0,1.190255854894E0,1.190255854894E0,
1.190255854894E0,1.190255854894E0,1.190255854894E0,1.190255854894E0,
1.190255854894E0,1.190255854894E0,1.190255854894E0,1.190255854894E0,
1.190255854894E0,1.190255854894E0,1.190255854894E0,1.190255854894E0)))REPRESENTATION_ITEM('')SURFACE());
#4756=ORIENTED_EDGE('',*,*,#4755,.T.);
#4758=ORIENTED_EDGE('',*,*,#4757,.F.);
#4759=ORIENTED_EDGE('',*,*,#4676,.F.);
#4761=ORIENTED_EDGE('',*,*,#4760,.F.);
#4763=ORIENTED_EDGE('',*,*,#4762,.F.);
#4765=ORIENTED_EDGE('',*,*,#4764,.T.);
#4766=EDGE_LOOP('',(#4756,#4758,#4759,#4761,#4763,#4765));
#4767=FACE_OUTER_BOUND('',#4766,.F.);
#4768=ADVANCED_FACE('',(#4767),#4754,.F.);
#4769=CARTESIAN_POINT('',(4.509E-2,5.E-3,8.5E-3));
#4770=DIRECTION('',(-1.E0,0.E0,0.E0));
#4771=DIRECTION('',(0.E0,0.E0,1.E0));
#4772=AXIS2_PLACEMENT_3D('',#4769,#4770,#4771);
#4773=CYLINDRICAL_SURFACE('',#4772,1.E-3);
#4774=ORIENTED_EDGE('',*,*,#4755,.F.);
#4776=ORIENTED_EDGE('',*,*,#4775,.T.);
#4778=ORIENTED_EDGE('',*,*,#4777,.T.);
#4780=ORIENTED_EDGE('',*,*,#4779,.T.);
#4782=ORIENTED_EDGE('',*,*,#4781,.T.);
#4784=ORIENTED_EDGE('',*,*,#4783,.F.);
#4785=EDGE_LOOP('',(#4774,#4776,#4778,#4780,#4782,#4784));
#4786=FACE_OUTER_BOUND('',#4785,.F.);
#4787=ADVANCED_FACE('',(#4786),#4773,.T.);
#4788=CARTESIAN_POINT('',(6.E-3,5.E-3,8.5E-3));
#4789=DIRECTION('',(-1.E0,0.E0,0.E0));
#4790=DIRECTION('',(0.E0,2.5E-1,9.682458365519E-1));
#4791=AXIS2_PLACEMENT_3D('',#4788,#4789,#4790);
#4792=TOROIDAL_SURFACE('',#4791,2.E-3,1.E-3);
#4793=ORIENTED_EDGE('',*,*,#4775,.F.);
#4794=ORIENTED_EDGE('',*,*,#4764,.F.);
#4796=ORIENTED_EDGE('',*,*,#4795,.F.);
#4798=ORIENTED_EDGE('',*,*,#4797,.F.);
#4799=EDGE_LOOP('',(#4793,#4794,#4796,#4798));
#4800=FACE_OUTER_BOUND('',#4799,.F.);
#4801=ADVANCED_FACE('',(#4800),#4792,.F.);
#4802=CARTESIAN_POINT('',(0.E0,0.E0,1.E-2));
#4803=DIRECTION('',(0.E0,0.E0,1.E0));
#4804=DIRECTION('',(1.E0,0.E0,0.E0));
#4805=AXIS2_PLACEMENT_3D('',#4802,#4803,#4804);
#4806=PLANE('',#4805);
#4808=ORIENTED_EDGE('',*,*,#4807,.T.);
#4810=ORIENTED_EDGE('',*,*,#4809,.T.);
#4812=ORIENTED_EDGE('',*,*,#4811,.T.);
#4814=ORIENTED_EDGE('',*,*,#4813,.T.);
#4815=ORIENTED_EDGE('',*,*,#4795,.T.);
#4816=ORIENTED_EDGE('',*,*,#4762,.T.);
#4818=ORIENTED_EDGE('',*,*,#4817,.F.);
#4820=ORIENTED_EDGE('',*,*,#4819,.F.);
#4821=EDGE_LOOP('',(#4808,#4810,#4812,#4814,#4815,#4816,#4818,#4820));
#4822=FACE_OUTER_BOUND('',#4821,.F.);
#4823=ADVANCED_FACE('',(#4822),#4806,.T.);
#4824=CARTESIAN_POINT('',(0.E0,0.E0,1.E-2));
#4825=DIRECTION('',(0.E0,0.E0,1.E0));
#4826=DIRECTION('',(1.E0,0.E0,0.E0));
#4827=AXIS2_PLACEMENT_3D('',#4824,#4825,#4826);
#4828=PLANE('',#4827);
#4830=ORIENTED_EDGE('',*,*,#4829,.F.);
#4832=ORIENTED_EDGE('',*,*,#4831,.T.);
#4834=ORIENTED_EDGE('',*,*,#4833,.T.);
#4836=ORIENTED_EDGE('',*,*,#4835,.T.);
#4838=ORIENTED_EDGE('',*,*,#4837,.T.);
#4840=ORIENTED_EDGE('',*,*,#4839,.T.);
#4842=ORIENTED_EDGE('',*,*,#4841,.F.);
#4844=ORIENTED_EDGE('',*,*,#4843,.F.);
#4845=EDGE_LOOP('',(#4830,#4832,#4834,#4836,#4838,#4840,#4842,#4844));
#4846=FACE_OUTER_BOUND('',#4845,.F.);
#4847=ADVANCED_FACE('',(#4846),#4828,.T.);
#4848=CARTESIAN_POINT('',(-4.509E-2,-5.5E-3,9.E-3));
#4849=DIRECTION('',(1.E0,0.E0,0.E0));
#4850=DIRECTION('',(0.E0,0.E0,1.E0));
#4851=AXIS2_PLACEMENT_3D('',#4848,#4849,#4850);
#4852=CYLINDRICAL_SURFACE('',#4851,1.E-3);
#4854=ORIENTED_EDGE('',*,*,#4853,.T.);
#4856=ORIENTED_EDGE('',*,*,#4855,.T.);
#4857=ORIENTED_EDGE('',*,*,#4807,.F.);
#4859=ORIENTED_EDGE('',*,*,#4858,.T.);
#4861=ORIENTED_EDGE('',*,*,#4860,.F.);
#4862=EDGE_LOOP('',(#4854,#4856,#4857,#4859,#4861));
#4863=FACE_OUTER_BOUND('',#4862,.F.);
#4864=ADVANCED_FACE('',(#4863),#4852,.T.);
#4865=CARTESIAN_POINT('',(8.E-3,-5.5E-3,2.3036E-2));
#4866=DIRECTION('',(0.E0,0.E0,-1.E0));
#4867=DIRECTION('',(0.E0,-1.E0,0.E0));
#4868=AXIS2_PLACEMENT_3D('',#4865,#4866,#4867);
#4869=CYLINDRICAL_SURFACE('',#4868,1.E-3);
#4871=ORIENTED_EDGE('',*,*,#4870,.F.);
#4872=ORIENTED_EDGE('',*,*,#4853,.F.);
#4874=ORIENTED_EDGE('',*,*,#4873,.T.);
#4876=ORIENTED_EDGE('',*,*,#4875,.F.);
#4878=ORIENTED_EDGE('',*,*,#4877,.F.);
#4880=ORIENTED_EDGE('',*,*,#4879,.F.);
#4881=EDGE_LOOP('',(#4871,#4872,#4874,#4876,#4878,#4880));
#4882=FACE_OUTER_BOUND('',#4881,.F.);
#4883=ADVANCED_FACE('',(#4882),#4869,.T.);
#4884=CARTESIAN_POINT('',(5.973782798779E-3,-5.204993550035E-3,
9.479171564047E-3));
#4885=CARTESIAN_POINT('',(5.969538971562E-3,-5.222272194866E-3,
9.475633941357E-3));
#4886=CARTESIAN_POINT('',(5.958177359419E-3,-5.268877718430E-3,
9.464894160357E-3));
#4887=CARTESIAN_POINT('',(5.939554595908E-3,-5.348817264873E-3,
9.441100373011E-3));
#4888=CARTESIAN_POINT('',(5.918837492550E-3,-5.450136505632E-3,
9.402203598435E-3));
#4889=CARTESIAN_POINT('',(5.900548775781E-3,-5.565414173236E-3,
9.347262666781E-3));
#4890=CARTESIAN_POINT('',(5.887677354223E-3,-5.694818912946E-3,
9.272401423187E-3));
#4891=CARTESIAN_POINT('',(5.882924891797E-3,-5.836801365602E-3,
9.173775672644E-3));
#4892=CARTESIAN_POINT('',(5.887594805012E-3,-5.985079680528E-3,
9.050071102269E-3));
#4893=CARTESIAN_POINT('',(5.898851802963E-3,-6.123550248681E-3,
8.910093767815E-3));
#4894=CARTESIAN_POINT('',(5.908835397901E-3,-6.236111125153E-3,
8.771304107205E-3));
#4895=CARTESIAN_POINT('',(5.910940350972E-3,-6.314616694903E-3,
8.651604093383E-3));
#4896=CARTESIAN_POINT('',(5.905582965496E-3,-6.358029808231E-3,
8.563060611187E-3));
#4897=CARTESIAN_POINT('',(5.902762050522E-3,-6.367811755362E-3,
8.516208578900E-3));
#4898=CARTESIAN_POINT('',(5.903084112910E-3,-6.366754659817E-3,
8.491490872833E-3));
#4899=CARTESIAN_POINT('',(5.903197066370E-3,-6.366396907933E-3,
8.487212899908E-3));
#4900=CARTESIAN_POINT('',(6.593920440803E-3,-5.227483951834E-3,
9.456556682307E-3));
#4901=CARTESIAN_POINT('',(6.590074238177E-3,-5.233875072780E-3,
9.453101958023E-3));
#4902=CARTESIAN_POINT('',(6.579005763994E-3,-5.251291023952E-3,
9.442612514364E-3));
#4903=CARTESIAN_POINT('',(6.557458863535E-3,-5.282927874985E-3,
9.419356829409E-3));
#4904=CARTESIAN_POINT('',(6.528164277619E-3,-5.327577784767E-3,
9.381266189737E-3));
#4905=CARTESIAN_POINT('',(6.495312212922E-3,-5.384603639055E-3,
9.327332373301E-3));
#4906=CARTESIAN_POINT('',(6.461520904523E-3,-5.455535024724E-3,
9.253667724101E-3));
#4907=CARTESIAN_POINT('',(6.429350733322E-3,-5.540018656872E-3,
9.156438507199E-3));
#4908=CARTESIAN_POINT('',(6.400754086084E-3,-5.633866930963E-3,
9.034373681857E-3));
#4909=CARTESIAN_POINT('',(6.376091925579E-3,-5.725197129517E-3,
8.896339451469E-3));
#4910=CARTESIAN_POINT('',(6.352172359064E-3,-5.800727100289E-3,
8.759941570680E-3));
#4911=CARTESIAN_POINT('',(6.326528504197E-3,-5.852954741262E-3,
8.643279537426E-3));
#4912=CARTESIAN_POINT('',(6.302940893625E-3,-5.880794621973E-3,
8.558581183516E-3));
#4913=CARTESIAN_POINT('',(6.295441790965E-3,-5.886783244516E-3,
8.515049744313E-3));
#4914=CARTESIAN_POINT('',(6.296280790054E-3,-5.886145167036E-3,
8.492098566216E-3));
#4915=CARTESIAN_POINT('',(6.296573595714E-3,-5.885932372760E-3,
8.488123438394E-3));
#4916=CARTESIAN_POINT('',(7.028617198911E-3,-5.337082489297E-3,
9.886223754659E-3));
#4917=CARTESIAN_POINT('',(7.026297025382E-3,-5.343591248534E-3,
9.881194018140E-3));
#4918=CARTESIAN_POINT('',(7.019840937778E-3,-5.361203441097E-3,
9.865948338571E-3));
#4919=CARTESIAN_POINT('',(7.008179669207E-3,-5.391971765955E-3,
9.832469081293E-3));
#4920=CARTESIAN_POINT('',(6.993519309724E-3,-5.432411775297E-3,
9.779062437408E-3));
#4921=CARTESIAN_POINT('',(6.978361430077E-3,-5.480396044294E-3,
9.705994130126E-3));
#4922=CARTESIAN_POINT('',(6.964311392638E-3,-5.536453146171E-3,
9.609595017163E-3));
#4923=CARTESIAN_POINT('',(6.952881695246E-3,-5.600069114805E-3,
9.485832629402E-3));
#4924=CARTESIAN_POINT('',(6.945029343770E-3,-5.668286790555E-3,
9.332613785410E-3));
#4925=CARTESIAN_POINT('',(6.940133118315E-3,-5.733161668496E-3,
9.157661925072E-3));
#4926=CARTESIAN_POINT('',(6.935141874371E-3,-5.786306111079E-3,
8.975821886095E-3));
#4927=CARTESIAN_POINT('',(6.927559947151E-3,-5.823228833546E-3,
8.801440328510E-3));
#4928=CARTESIAN_POINT('',(6.918693625053E-3,-5.843316704484E-3,
8.643687203322E-3));
#4929=CARTESIAN_POINT('',(6.915584811278E-3,-5.847752831900E-3,
8.537066797955E-3));
#4930=CARTESIAN_POINT('',(6.915934300869E-3,-5.847276318294E-3,
8.480552813298E-3));
#4931=CARTESIAN_POINT('',(6.916056414802E-3,-5.847116050557E-3,
8.470823838515E-3));
#4932=CARTESIAN_POINT('',(6.999937731115E-3,-5.463714319623E-3,
1.049345330720E-2));
#4933=CARTESIAN_POINT('',(6.999296282466E-3,-5.481270664046E-3,
1.048619767525E-2));
#4934=CARTESIAN_POINT('',(6.998822773696E-3,-5.528339439446E-3,
1.046423021691E-2));
#4935=CARTESIAN_POINT('',(7.003536254894E-3,-5.606228723488E-3,
1.041630243508E-2));
#4936=CARTESIAN_POINT('',(7.017365035198E-3,-5.697609978697E-3,
1.034125035689E-2));
#4937=CARTESIAN_POINT('',(7.040845609147E-3,-5.791543876950E-3,
1.024114011630E-2));
#4938=CARTESIAN_POINT('',(7.074575875291E-3,-5.885836048201E-3,
1.011261138684E-2));
#4939=CARTESIAN_POINT('',(7.118783841258E-3,-5.978557825588E-3,
9.951350837116E-3));
#4940=CARTESIAN_POINT('',(7.172423205054E-3,-6.066331974299E-3,
9.754103390464E-3));
#4941=CARTESIAN_POINT('',(7.230340113312E-3,-6.142351518312E-3,
9.526977469421E-3));
#4942=CARTESIAN_POINT('',(7.285006331721E-3,-6.202068614065E-3,
9.280916029369E-3));
#4943=CARTESIAN_POINT('',(7.329748676943E-3,-6.244445049376E-3,
9.024962009783E-3));
#4944=CARTESIAN_POINT('',(7.359142695742E-3,-6.269558594292E-3,
8.763963793387E-3));
#4945=CARTESIAN_POINT('',(7.366685595336E-3,-6.275675686551E-3,
8.568182530326E-3));
#4946=CARTESIAN_POINT('',(7.365852110606E-3,-6.274999982317E-3,
8.464235709127E-3));
#4947=CARTESIAN_POINT('',(7.365562125340E-3,-6.274766225760E-3,
8.446375075811E-3));
#4948=(BOUNDED_SURFACE()B_SPLINE_SURFACE(3,3,((#4884,#4885,#4886,#4887,#4888,
#4889,#4890,#4891,#4892,#4893,#4894,#4895,#4896,#4897,#4898,#4899),(#4900,#4901,
#4902,#4903,#4904,#4905,#4906,#4907,#4908,#4909,#4910,#4911,#4912,#4913,#4914,
#4915),(#4916,#4917,#4918,#4919,#4920,#4921,#4922,#4923,#4924,#4925,#4926,#4927,
#4928,#4929,#4930,#4931),(#4932,#4933,#4934,#4935,#4936,#4937,#4938,#4939,#4940,
#4941,#4942,#4943,#4944,#4945,#4946,#4947)),.UNSPECIFIED.,.F.,.F.,.F.)B_SPLINE_SURFACE_WITH_KNOTS((4,4),(4,1,1,1,1,1,1,1,1,1,1,1,1,4),(0.E0,1.E0),(
6.311606398260E-1,6.431709942126E-1,6.635733217487E-1,6.863814500393E-1,
7.119428600239E-1,7.406106613041E-1,7.728731987814E-1,8.095993748393E-1,
8.500499185345E-1,8.894812353647E-1,9.272898863864E-1,9.647606955932E-1,1.E0,
1.007320636262E0),.UNSPECIFIED.)GEOMETRIC_REPRESENTATION_ITEM()RATIONAL_B_SPLINE_SURFACE(((1.190255687011E0,1.190255687011E0,1.190255687011E0,1.190255687011E0,
1.190255687011E0,1.190255687011E0,1.190255687011E0,1.190255687011E0,
1.190255687011E0,1.190255687011E0,1.190255687011E0,1.190255687011E0,
1.190255687011E0,1.190255687011E0,1.190255687011E0,1.190255687011E0),(
9.365814376629E-1,9.365814376629E-1,9.365814376629E-1,9.365814376629E-1,
9.365814376629E-1,9.365814376629E-1,9.365814376629E-1,9.365814376629E-1,
9.365814376629E-1,9.365814376629E-1,9.365814376629E-1,9.365814376629E-1,
9.365814376629E-1,9.365814376629E-1,9.365814376629E-1,9.365814376629E-1),(
9.365814376629E-1,9.365814376629E-1,9.365814376629E-1,9.365814376629E-1,
9.365814376629E-1,9.365814376629E-1,9.365814376629E-1,9.365814376629E-1,
9.365814376629E-1,9.365814376629E-1,9.365814376629E-1,9.365814376629E-1,
9.365814376629E-1,9.365814376629E-1,9.365814376629E-1,9.365814376629E-1),(
1.190255687011E0,1.190255687011E0,1.190255687011E0,1.190255687011E0,
1.190255687011E0,1.190255687011E0,1.190255687011E0,1.190255687011E0,
1.190255687011E0,1.190255687011E0,1.190255687011E0,1.190255687011E0,
1.190255687011E0,1.190255687011E0,1.190255687011E0,1.190255687011E0)))REPRESENTATION_ITEM('')SURFACE());
#4949=ORIENTED_EDGE('',*,*,#4870,.T.);
#4951=ORIENTED_EDGE('',*,*,#4950,.F.);
#4953=ORIENTED_EDGE('',*,*,#4952,.F.);
#4955=ORIENTED_EDGE('',*,*,#4954,.T.);
#4956=ORIENTED_EDGE('',*,*,#4809,.F.);
#4957=ORIENTED_EDGE('',*,*,#4855,.F.);
#4958=EDGE_LOOP('',(#4949,#4951,#4953,#4955,#4956,#4957));
#4959=FACE_OUTER_BOUND('',#4958,.F.);
#4960=ADVANCED_FACE('',(#4959),#4948,.F.);
#4961=CARTESIAN_POINT('',(6.677124344468E-3,-7.E-3,8.548500297402E-3));
#4962=DIRECTION('',(0.E0,0.E0,-1.E0));
#4963=DIRECTION('',(0.E0,1.E0,0.E0));
#4964=AXIS2_PLACEMENT_3D('',#4961,#4962,#4963);
#4965=CYLINDRICAL_SURFACE('',#4964,1.E-3);
#4967=ORIENTED_EDGE('',*,*,#4966,.F.);
#4968=ORIENTED_EDGE('',*,*,#4950,.T.);
#4969=ORIENTED_EDGE('',*,*,#4879,.T.);
#4971=ORIENTED_EDGE('',*,*,#4970,.F.);
#4972=EDGE_LOOP('',(#4967,#4968,#4969,#4971));
#4973=FACE_OUTER_BOUND('',#4972,.F.);
#4974=ADVANCED_FACE('',(#4973),#4965,.F.);
#4975=CARTESIAN_POINT('',(7.E-3,-6.E-3,1.E-2));
#4976=DIRECTION('',(0.E0,1.E0,0.E0));
#4977=DIRECTION('',(-1.E0,0.E0,0.E0));
#4978=AXIS2_PLACEMENT_3D('',#4975,#4976,#4977);
#4979=PLANE('',#4978);
#4980=ORIENTED_EDGE('',*,*,#4966,.T.);
#4982=ORIENTED_EDGE('',*,*,#4981,.F.);
#4984=ORIENTED_EDGE('',*,*,#4983,.T.);
#4986=ORIENTED_EDGE('',*,*,#4985,.F.);
#4987=EDGE_LOOP('',(#4980,#4982,#4984,#4986));
#4988=FACE_OUTER_BOUND('',#4987,.F.);
#4989=ADVANCED_FACE('',(#4988),#4979,.F.);
#4990=CARTESIAN_POINT('',(-4.509E-2,-5.E-3,1.5E-3));
#4991=DIRECTION('',(1.E0,0.E0,0.E0));
#4992=DIRECTION('',(0.E0,-1.E0,0.E0));
#4993=AXIS2_PLACEMENT_3D('',#4990,#4991,#4992);
#4994=CYLINDRICAL_SURFACE('',#4993,1.E-3);
#4996=ORIENTED_EDGE('',*,*,#4995,.T.);
#4998=ORIENTED_EDGE('',*,*,#4997,.F.);
#5000=ORIENTED_EDGE('',*,*,#4999,.F.);
#5002=ORIENTED_EDGE('',*,*,#5001,.T.);
#5004=ORIENTED_EDGE('',*,*,#5003,.T.);
#5005=ORIENTED_EDGE('',*,*,#4981,.T.);
#5006=EDGE_LOOP('',(#4996,#4998,#5000,#5002,#5004,#5005));
#5007=FACE_OUTER_BOUND('',#5006,.F.);
#5008=ADVANCED_FACE('',(#5007),#4994,.T.);
#5009=CARTESIAN_POINT('',(5.903199547181E-3,-6.366396876266E-3,
1.512810528265E-3));
#5010=CARTESIAN_POINT('',(5.903085112258E-3,-6.366754692993E-3,
1.508523892114E-3));
#5011=CARTESIAN_POINT('',(5.902755126074E-3,-6.367823513836E-3,
1.483501500034E-3));
#5012=CARTESIAN_POINT('',(5.905760500482E-3,-6.357491770967E-3,
1.434673867812E-3));
#5013=CARTESIAN_POINT('',(5.911421869217E-3,-6.309376941780E-3,
1.338514190024E-3));
#5014=CARTESIAN_POINT('',(5.907785133289E-3,-6.221369754527E-3,
1.208358715322E-3));
#5015=CARTESIAN_POINT('',(5.897176407372E-3,-6.105619295176E-3,
1.070839176353E-3));
#5016=CARTESIAN_POINT('',(5.887611760787E-3,-5.979538620473E-3,
9.460529540403E-4));
#5017=CARTESIAN_POINT('',(5.883465057960E-3,-5.853901715403E-3,
8.403906422199E-4));
#5018=CARTESIAN_POINT('',(5.885885195122E-3,-5.733884653136E-3,
7.538213397369E-4));
#5019=CARTESIAN_POINT('',(5.894283963835E-3,-5.622432935430E-3,
6.847235100235E-4));
#5020=CARTESIAN_POINT('',(5.907207283383E-3,-5.521014483994E-3,
6.308776553748E-4));
#5021=CARTESIAN_POINT('',(5.922889274923E-3,-5.430037023657E-3,
5.899057201405E-4));
#5022=CARTESIAN_POINT('',(5.939677980800E-3,-5.348964977666E-3,
5.594268264059E-4));
#5023=CARTESIAN_POINT('',(5.956392766829E-3,-5.276348697032E-3,
5.371758989349E-4));
#5024=CARTESIAN_POINT('',(5.967858744065E-3,-5.229111532272E-3,
5.258029210033E-4));
#5025=CARTESIAN_POINT('',(5.973613910881E-3,-5.205674619398E-3,
5.209688795192E-4));
#5026=CARTESIAN_POINT('',(5.973991975731E-3,-5.204136252374E-3,
5.206550488398E-4));
#5027=CARTESIAN_POINT('',(6.296577021204E-3,-5.885932862753E-3,
1.511898822226E-3));
#5028=CARTESIAN_POINT('',(6.296282195601E-3,-5.886145270339E-3,
1.507915398548E-3));
#5029=CARTESIAN_POINT('',(6.295428399955E-3,-5.886789370741E-3,
1.484680387258E-3));
#5030=CARTESIAN_POINT('',(6.303381518230E-3,-5.880468942892E-3,
1.439315252162E-3));
#5031=CARTESIAN_POINT('',(6.329159782185E-3,-5.849565761037E-3,
1.347211117251E-3));
#5032=CARTESIAN_POINT('',(6.355965105562E-3,-5.790824228424E-3,
1.220131215127E-3));
#5033=CARTESIAN_POINT('',(6.379248832458E-3,-5.713258658620E-3,
1.084862392434E-3));
#5034=CARTESIAN_POINT('',(6.401869361395E-3,-5.630458341723E-3,
9.617984251358E-4));
#5035=CARTESIAN_POINT('',(6.426067799812E-3,-5.550852661378E-3,
8.575414739970E-4));
#5036=CARTESIAN_POINT('',(6.452404840098E-3,-5.478476711171E-3,
7.721764886964E-4));
#5037=CARTESIAN_POINT('',(6.480133976028E-3,-5.415385022034E-3,
7.041308735294E-4));
#5038=CARTESIAN_POINT('',(6.507859662335E-3,-5.362237323002E-3,
6.512001852962E-4));
#5039=CARTESIAN_POINT('',(6.534017415720E-3,-5.318621923396E-3,
6.110054957036E-4));
#5040=CARTESIAN_POINT('',(6.557306678253E-3,-5.283240508577E-3,
5.811624619564E-4));
#5041=CARTESIAN_POINT('',(6.577035689784E-3,-5.254164474227E-3,
5.594094332048E-4));
#5042=CARTESIAN_POINT('',(6.588531190184E-3,-5.236408310657E-3,
5.483014553652E-4));
#5043=CARTESIAN_POINT('',(6.593768524141E-3,-5.227734932285E-3,
5.435805431095E-4));
#5044=CARTESIAN_POINT('',(6.594110302343E-3,-5.227166145136E-3,
5.432740578539E-4));
#5045=CARTESIAN_POINT('',(6.916058547519E-3,-5.847116254957E-3,
1.529220647523E-3));
#5046=CARTESIAN_POINT('',(6.915935409138E-3,-5.847276416939E-3,
1.519476382892E-3));
#5047=CARTESIAN_POINT('',(6.915579174242E-3,-5.847757881708E-3,
1.462282292191E-3));
#5048=CARTESIAN_POINT('',(6.918879747129E-3,-5.843073938638E-3,
1.351131950274E-3));
#5049=CARTESIAN_POINT('',(6.928519271995E-3,-5.820795244340E-3,
1.181975122696E-3));
#5050=CARTESIAN_POINT('',(6.936071888839E-3,-5.779342646215E-3,
9.964613300125E-4));
#5051=CARTESIAN_POINT('',(6.940699383443E-3,-5.724725458109E-3,
8.184303532167E-4));
#5052=CARTESIAN_POINT('',(6.945387563554E-3,-5.665768839510E-3,
6.626446541236E-4));
#5053=CARTESIAN_POINT('',(6.951981591143E-3,-5.607939928066E-3,
5.316867586292E-4));
#5054=CARTESIAN_POINT('',(6.960957270057E-3,-5.553860643165E-3,
4.234405254817E-4));
#5055=CARTESIAN_POINT('',(6.971925374578E-3,-5.504946413234E-3,
3.354035142141E-4));
#5056=CARTESIAN_POINT('',(6.984066304981E-3,-5.461787205564E-3,
2.650852557609E-4));
#5057=CARTESIAN_POINT('',(6.996426017399E-3,-5.424358317522E-3,
2.101234014843E-4));
#5058=CARTESIAN_POINT('',(7.008163678949E-3,-5.392109278339E-3,
1.681994390744E-4));
#5059=CARTESIAN_POINT('',(7.018753708099E-3,-5.364052680277E-3,
1.369866565577E-4));
#5060=CARTESIAN_POINT('',(7.025372220103E-3,-5.346168766167E-3,
1.208438482978E-4));
#5061=CARTESIAN_POINT('',(7.028525449352E-3,-5.337338826835E-3,
1.139735538419E-4));
#5062=CARTESIAN_POINT('',(7.028731869996E-3,-5.336759406971E-3,
1.135275102836E-4));
#5063=CARTESIAN_POINT('',(7.365561327866E-3,-6.274765534111E-3,
1.553700811849E-3));
#5064=CARTESIAN_POINT('',(7.365852181592E-3,-6.275000018711E-3,
1.535815007236E-3));
#5065=CARTESIAN_POINT('',(7.366696748310E-3,-6.275684918284E-3,
1.430628061853E-3));
#5066=CARTESIAN_POINT('',(7.358719221261E-3,-6.269216297548E-3,
1.226506416650E-3));
#5067=CARTESIAN_POINT('',(7.326283125859E-3,-6.241460624278E-3,
9.484544497963E-4));
#5068=CARTESIAN_POINT('',(7.277198025432E-3,-6.194266077839E-3,
6.803586417326E-4));
#5069=CARTESIAN_POINT('',(7.222548985291E-3,-6.132688075448E-3,
4.418938168052E-4));
#5070=CARTESIAN_POINT('',(7.170652839786E-3,-6.062893361862E-3,
2.398639513138E-4));
#5071=CARTESIAN_POINT('',(7.124948775727E-3,-5.988663178694E-3,
7.117080019418E-5));
#5072=CARTESIAN_POINT('',(7.086385299570E-3,-5.911837628880E-3,
-6.941248159926E-5));
#5073=CARTESIAN_POINT('',(7.055217607145E-3,-5.833853534677E-3,
-1.857024427294E-4));
#5074=CARTESIAN_POINT('',(7.031351207507E-3,-5.756014136683E-3,
-2.805937798803E-4));
#5075=CARTESIAN_POINT('',(7.014461238622E-3,-5.679640692255E-3,
-3.564254104010E-4));
#5076=CARTESIAN_POINT('',(7.003980979944E-3,-5.605963001411E-3,
-4.154228113081E-4));
#5077=CARTESIAN_POINT('',(6.999122082206E-3,-5.535753224606E-3,
-4.600046425640E-4));
#5078=CARTESIAN_POINT('',(6.999075332860E-3,-5.488214489099E-3,
-4.832629524485E-4));
#5079=CARTESIAN_POINT('',(6.999910716046E-3,-5.464407994962E-3,
-4.931708730528E-4));
#5080=CARTESIAN_POINT('',(6.999969252855E-3,-5.462844528118E-3,
-4.938141481458E-4));
#5081=(BOUNDED_SURFACE()B_SPLINE_SURFACE(3,3,((#5009,#5010,#5011,#5012,#5013,
#5014,#5015,#5016,#5017,#5018,#5019,#5020,#5021,#5022,#5023,#5024,#5025,#5026),(
#5027,#5028,#5029,#5030,#5031,#5032,#5033,#5034,#5035,#5036,#5037,#5038,#5039,
#5040,#5041,#5042,#5043,#5044),(#5045,#5046,#5047,#5048,#5049,#5050,#5051,#5052,
#5053,#5054,#5055,#5056,#5057,#5058,#5059,#5060,#5061,#5062),(#5063,#5064,#5065,
#5066,#5067,#5068,#5069,#5070,#5071,#5072,#5073,#5074,#5075,#5076,#5077,#5078,
#5079,#5080)),.UNSPECIFIED.,.F.,.F.,.F.)B_SPLINE_SURFACE_WITH_KNOTS((4,4),(4,1,
1,1,1,1,1,1,1,1,1,1,1,1,1,4),(0.E0,1.E0),(-7.331352827710E-3,0.E0,
3.573844355097E-2,7.610845144440E-2,1.179824187988E-1,1.569475560828E-1,
1.916095338771E-1,2.225391715949E-1,2.502559098909E-1,2.751773075450E-1,
2.976396469812E-1,3.179269912758E-1,3.362269311808E-1,3.527838963553E-1,
3.680102999910E-1,3.690798930814E-1),.UNSPECIFIED.)GEOMETRIC_REPRESENTATION_ITEM()RATIONAL_B_SPLINE_SURFACE(((1.190255816530E0,1.190255816530E0,1.190255816530E0,
1.190255816530E0,1.190255816530E0,1.190255816530E0,1.190255816530E0,
1.190255816530E0,1.190255816530E0,1.190255816530E0,1.190255816530E0,
1.190255816530E0,1.190255816530E0,1.190255816530E0,1.190255816530E0,
1.190255816530E0,1.190255816530E0,1.190255816530E0),(9.365813944901E-1,
9.365813944901E-1,9.365813944901E-1,9.365813944901E-1,9.365813944901E-1,
9.365813944901E-1,9.365813944901E-1,9.365813944901E-1,9.365813944901E-1,
9.365813944901E-1,9.365813944901E-1,9.365813944901E-1,9.365813944901E-1,
9.365813944901E-1,9.365813944901E-1,9.365813944901E-1,9.365813944901E-1,
9.365813944901E-1),(9.365813944901E-1,9.365813944901E-1,9.365813944901E-1,
9.365813944901E-1,9.365813944901E-1,9.365813944901E-1,9.365813944901E-1,
9.365813944901E-1,9.365813944901E-1,9.365813944901E-1,9.365813944901E-1,
9.365813944901E-1,9.365813944901E-1,9.365813944901E-1,9.365813944901E-1,
9.365813944901E-1,9.365813944901E-1,9.365813944901E-1),(1.190255816530E0,
1.190255816530E0,1.190255816530E0,1.190255816530E0,1.190255816530E0,
1.190255816530E0,1.190255816530E0,1.190255816530E0,1.190255816530E0,
1.190255816530E0,1.190255816530E0,1.190255816530E0,1.190255816530E0,
1.190255816530E0,1.190255816530E0,1.190255816530E0,1.190255816530E0,
1.190255816530E0)))REPRESENTATION_ITEM('')SURFACE());
#5082=ORIENTED_EDGE('',*,*,#4995,.F.);
#5083=ORIENTED_EDGE('',*,*,#4970,.T.);
#5084=ORIENTED_EDGE('',*,*,#4877,.T.);
#5086=ORIENTED_EDGE('',*,*,#5085,.F.);
#5087=ORIENTED_EDGE('',*,*,#4621,.F.);
#5089=ORIENTED_EDGE('',*,*,#5088,.F.);
#5090=EDGE_LOOP('',(#5082,#5083,#5084,#5086,#5087,#5089));
#5091=FACE_OUTER_BOUND('',#5090,.F.);
#5092=ADVANCED_FACE('',(#5091),#5081,.F.);
#5093=CARTESIAN_POINT('',(4.509E-2,-5.5E-3,1.E-3));
#5094=DIRECTION('',(-1.E0,0.E0,0.E0));
#5095=DIRECTION('',(0.E0,0.E0,-1.E0));
#5096=AXIS2_PLACEMENT_3D('',#5093,#5094,#5095);
#5097=CYLINDRICAL_SURFACE('',#5096,1.E-3);
#5098=ORIENTED_EDGE('',*,*,#4623,.T.);
#5099=ORIENTED_EDGE('',*,*,#5085,.T.);
#5100=ORIENTED_EDGE('',*,*,#4875,.T.);
#5102=ORIENTED_EDGE('',*,*,#5101,.F.);
#5104=ORIENTED_EDGE('',*,*,#5103,.T.);
#5105=EDGE_LOOP('',(#5098,#5099,#5100,#5102,#5104));
#5106=FACE_OUTER_BOUND('',#5105,.F.);
#5107=ADVANCED_FACE('',(#5106),#5097,.T.);
#5108=CARTESIAN_POINT('',(-1.25E-2,-6.5E-3,0.E0));
#5109=DIRECTION('',(0.E0,-1.E0,0.E0));
#5110=DIRECTION('',(1.E0,0.E0,0.E0));
#5111=AXIS2_PLACEMENT_3D('',#5108,#5109,#5110);
#5112=PLANE('',#5111);
#5114=ORIENTED_EDGE('',*,*,#5113,.F.);
#5116=ORIENTED_EDGE('',*,*,#5115,.T.);
#5118=ORIENTED_EDGE('',*,*,#5117,.F.);
#5120=ORIENTED_EDGE('',*,*,#5119,.T.);
#5121=EDGE_LOOP('',(#5114,#5116,#5118,#5120));
#5122=FACE_OUTER_BOUND('',#5121,.F.);
#5123=ADVANCED_FACE('',(#5122),#5112,.T.);
#5124=CARTESIAN_POINT('',(-1.25E-2,-6.5E-3,0.E0));
#5125=DIRECTION('',(0.E0,-1.E0,0.E0));
#5126=DIRECTION('',(1.E0,0.E0,0.E0));
#5127=AXIS2_PLACEMENT_3D('',#5124,#5125,#5126);
#5128=PLANE('',#5127);
#5129=ORIENTED_EDGE('',*,*,#4873,.F.);
#5130=ORIENTED_EDGE('',*,*,#4860,.T.);
#5132=ORIENTED_EDGE('',*,*,#5131,.T.);
#5133=ORIENTED_EDGE('',*,*,#5101,.T.);
#5134=EDGE_LOOP('',(#5129,#5130,#5132,#5133));
#5135=FACE_OUTER_BOUND('',#5134,.F.);
#5136=ADVANCED_FACE('',(#5135),#5128,.T.);
#5137=CARTESIAN_POINT('',(-1.15E-2,-5.5E-3,2.3036E-2));
#5138=DIRECTION('',(0.E0,0.E0,-1.E0));
#5139=DIRECTION('',(0.E0,-1.E0,0.E0));
#5140=AXIS2_PLACEMENT_3D('',#5137,#5138,#5139);
#5141=CYLINDRICAL_SURFACE('',#5140,1.E-3);
#5142=ORIENTED_EDGE('',*,*,#5113,.T.);
#5144=ORIENTED_EDGE('',*,*,#5143,.T.);
#5146=ORIENTED_EDGE('',*,*,#5145,.F.);
#5148=ORIENTED_EDGE('',*,*,#5147,.T.);
#5149=EDGE_LOOP('',(#5142,#5144,#5146,#5148));
#5150=FACE_OUTER_BOUND('',#5149,.F.);
#5151=ADVANCED_FACE('',(#5150),#5141,.T.);
#5152=CARTESIAN_POINT('',(-1.15E-2,-5.5E-3,1.E-3));
#5153=DIRECTION('',(7.071067811865E-1,-7.071067811865E-1,0.E0));
#5154=DIRECTION('',(-7.071067811865E-1,-7.071067811865E-1,0.E0));
#5155=AXIS2_PLACEMENT_3D('',#5152,#5153,#5154);
#5156=SPHERICAL_SURFACE('',#5155,1.E-3);
#5158=ORIENTED_EDGE('',*,*,#5157,.F.);
#5159=ORIENTED_EDGE('',*,*,#5143,.F.);
#5161=ORIENTED_EDGE('',*,*,#5160,.F.);
#5162=EDGE_LOOP('',(#5158,#5159,#5161));
#5163=FACE_OUTER_BOUND('',#5162,.F.);
#5164=ADVANCED_FACE('',(#5163),#5156,.T.);
#5165=CARTESIAN_POINT('',(-1.15E-2,-2.34468E-2,1.E-3));
#5166=DIRECTION('',(0.E0,1.E0,0.E0));
#5167=DIRECTION('',(0.E0,0.E0,-1.E0));
#5168=AXIS2_PLACEMENT_3D('',#5165,#5166,#5167);
#5169=CYLINDRICAL_SURFACE('',#5168,1.E-3);
#5170=ORIENTED_EDGE('',*,*,#4649,.T.);
#5172=ORIENTED_EDGE('',*,*,#5171,.T.);
#5174=ORIENTED_EDGE('',*,*,#5173,.F.);
#5175=ORIENTED_EDGE('',*,*,#5157,.T.);
#5176=EDGE_LOOP('',(#5170,#5172,#5174,#5175));
#5177=FACE_OUTER_BOUND('',#5176,.F.);
#5178=ADVANCED_FACE('',(#5177),#5169,.T.);
#5179=CARTESIAN_POINT('',(-1.15E-2,5.5E-3,1.E-3));
#5180=DIRECTION('',(0.E0,7.071067811865E-1,7.071067811865E-1));
#5181=DIRECTION('',(0.E0,7.071067811865E-1,-7.071067811865E-1));
#5182=AXIS2_PLACEMENT_3D('',#5179,#5180,#5181);
#5183=SPHERICAL_SURFACE('',#5182,1.E-3);
#5185=ORIENTED_EDGE('',*,*,#5184,.F.);
#5187=ORIENTED_EDGE('',*,*,#5186,.F.);
#5188=ORIENTED_EDGE('',*,*,#5171,.F.);
#5189=EDGE_LOOP('',(#5185,#5187,#5188));
#5190=FACE_OUTER_BOUND('',#5189,.F.);
#5191=ADVANCED_FACE('',(#5190),#5183,.T.);
#5192=CARTESIAN_POINT('',(-4.509E-2,5.5E-3,1.E-3));
#5193=DIRECTION('',(1.E0,0.E0,0.E0));
#5194=DIRECTION('',(0.E0,0.E0,-1.E0));
#5195=AXIS2_PLACEMENT_3D('',#5192,#5193,#5194);
#5196=CYLINDRICAL_SURFACE('',#5195,1.E-3);
#5197=ORIENTED_EDGE('',*,*,#4647,.T.);
#5199=ORIENTED_EDGE('',*,*,#5198,.T.);
#5201=ORIENTED_EDGE('',*,*,#5200,.T.);
#5203=ORIENTED_EDGE('',*,*,#5202,.F.);
#5204=ORIENTED_EDGE('',*,*,#5184,.T.);
#5205=EDGE_LOOP('',(#5197,#5199,#5201,#5203,#5204));
#5206=FACE_OUTER_BOUND('',#5205,.F.);
#5207=ADVANCED_FACE('',(#5206),#5196,.T.);
#5208=CARTESIAN_POINT('',(-5.903203781813E-3,6.366391846596E-3,
1.512810416179E-3));
#5209=CARTESIAN_POINT('',(-5.903089308189E-3,6.366749632325E-3,
1.508523851581E-3));
#5210=CARTESIAN_POINT('',(-5.902758995750E-3,6.367818951925E-3,
1.483487609860E-3));
#5211=CARTESIAN_POINT('',(-5.905767892334E-3,6.357477705203E-3,
1.434645584532E-3));
#5212=CARTESIAN_POINT('',(-5.911420905619E-3,6.309382479144E-3,
1.338547826312E-3));
#5213=CARTESIAN_POINT('',(-5.907805056630E-3,6.221654417330E-3,
1.208782311177E-3));
#5214=CARTESIAN_POINT('',(-5.897272770586E-3,6.106573032070E-3,
1.071924373278E-3));
#5215=CARTESIAN_POINT('',(-5.887734726180E-3,5.981361115918E-3,
9.477582142218E-4));
#5216=CARTESIAN_POINT('',(-5.883507144287E-3,5.856559600611E-3,
8.424973829733E-4));
#5217=CARTESIAN_POINT('',(-5.885747281526E-3,5.737266690151E-3,
7.561164355491E-4));
#5218=CARTESIAN_POINT('',(-5.893901358258E-3,5.626406479965E-3,
6.870351079475E-4));
#5219=CARTESIAN_POINT('',(-5.906559292384E-3,5.525439993236E-3,
6.330729071858E-4));
#5220=CARTESIAN_POINT('',(-5.921999042854E-3,5.434780612160E-3,
5.918884306194E-4));
#5221=CARTESIAN_POINT('',(-5.938595657447E-3,5.353940371044E-3,
5.611468730475E-4));
#5222=CARTESIAN_POINT('',(-5.955156643774E-3,5.281593245790E-3,
5.386358775793E-4));
#5223=CARTESIAN_POINT('',(-5.966988517732E-3,5.232702848577E-3,
5.266093274404E-4));
#5224=CARTESIAN_POINT('',(-5.973160470653E-3,5.207547152698E-3,
5.213508896189E-4));
#5225=CARTESIAN_POINT('',(-5.973998717106E-3,5.204136454512E-3,
5.206550542266E-4));
#5226=CARTESIAN_POINT('',(-6.296582414789E-3,5.885932884390E-3,
1.511898872191E-3));
#5227=CARTESIAN_POINT('',(-6.296287543246E-3,5.886145258020E-3,
1.507915466919E-3));
#5228=CARTESIAN_POINT('',(-6.295433107099E-3,5.886789610743E-3,
1.484667290652E-3));
#5229=CARTESIAN_POINT('',(-6.303394499160E-3,5.880463493974E-3,
1.439288021932E-3));
#5230=CARTESIAN_POINT('',(-6.329153565050E-3,5.849571767057E-3,
1.347240962697E-3));
#5231=CARTESIAN_POINT('',(-6.355885694783E-3,5.791018132802E-3,
1.220543203560E-3));
#5232=CARTESIAN_POINT('',(-6.379074203434E-3,5.713899926214E-3,
1.085928538066E-3));
#5233=CARTESIAN_POINT('',(-6.401545030224E-3,5.631646541199E-3,
9.634780119741E-4));
#5234=CARTESIAN_POINT('',(-6.425535677385E-3,5.552511477751E-3,
8.596168810127E-4));
#5235=CARTESIAN_POINT('',(-6.451625565068E-3,5.480471595400E-3,
7.744352916020E-4));
#5236=CARTESIAN_POINT('',(-6.479103350885E-3,5.417570012736E-3,
7.064021371255E-4));
#5237=CARTESIAN_POINT('',(-6.506617677105E-3,5.364475818162E-3,
6.533525896126E-4));
#5238=CARTESIAN_POINT('',(-6.532645407959E-3,5.320807746436E-3,
6.129450469598E-4));
#5239=CARTESIAN_POINT('',(-6.555901905338E-3,5.285329230140E-3,
5.828413948547E-4));
#5240=CARTESIAN_POINT('',(-6.575667644905E-3,5.256200582641E-3,
5.608319658468E-4));
#5241=CARTESIAN_POINT('',(-6.587694475953E-3,5.237747777504E-3,
5.490849647001E-4));
#5242=CARTESIAN_POINT('',(-6.593356150710E-3,5.228428185348E-3,
5.439495006144E-4));
#5243=CARTESIAN_POINT('',(-6.594113933644E-3,5.227167148009E-3,
5.432699464320E-4));
#5244=CARTESIAN_POINT('',(-6.916060852101E-3,5.847118471511E-3,
1.529220733185E-3));
#5245=CARTESIAN_POINT('',(-6.915937691189E-3,5.847278615588E-3,
1.519476460888E-3));
#5246=CARTESIAN_POINT('',(-6.915581174648E-3,5.847760292329E-3,
1.462250087559E-3));
#5247=CARTESIAN_POINT('',(-6.918885227176E-3,5.843072056212E-3,
1.351068850529E-3));
#5248=CARTESIAN_POINT('',(-6.928516280385E-3,5.820801982163E-3,
1.182047289028E-3));
#5249=CARTESIAN_POINT('',(-6.936050807622E-3,5.779481207391E-3,
9.970536674007E-4));
#5250=CARTESIAN_POINT('',(-6.940667621989E-3,5.725179212041E-3,
8.198106117416E-4));
#5251=CARTESIAN_POINT('',(-6.945314938146E-3,5.666621119976E-3,
6.647583065648E-4));
#5252=CARTESIAN_POINT('',(-6.951821833663E-3,5.609157859767E-3,
5.342989925980E-4));
#5253=CARTESIAN_POINT('',(-6.960672221496E-3,5.555372692356E-3,
4.263262783856E-4));
#5254=CARTESIAN_POINT('',(-6.971496956749E-3,5.506671879098E-3,
3.383749308055E-4));
#5255=CARTESIAN_POINT('',(-6.983501862812E-3,5.463646569696E-3,
2.679824432677E-4));
#5256=CARTESIAN_POINT('',(-6.995757376121E-3,5.426283180523E-3,
2.128110039396E-4));
#5257=CARTESIAN_POINT('',(-7.007434715669E-3,5.394063173717E-3,
1.705853807928E-4));
#5258=CARTESIAN_POINT('',(-7.017996420264E-3,5.366059407556E-3,
1.390447995637E-4));
#5259=CARTESIAN_POINT('',(-7.024878253901E-3,5.347525513601E-3,
1.219855931373E-4));
#5260=CARTESIAN_POINT('',(-7.028274113937E-3,5.338044681769E-3,
1.145132874028E-4));
#5261=CARTESIAN_POINT('',(-7.028731787030E-3,5.336760043994E-3,
1.135243451279E-4));
#5262=CARTESIAN_POINT('',(-7.365561272688E-3,6.274765497707E-3,
1.553700867976E-3));
#5263=CARTESIAN_POINT('',(-7.365852143806E-3,6.274999988945E-3,
1.535815045452E-3));
#5264=CARTESIAN_POINT('',(-7.366697233805E-3,6.275685291237E-3,
1.430568956211E-3));
#5265=CARTESIAN_POINT('',(-7.358711889196E-3,6.269210469715E-3,
1.226393031466E-3));
#5266=CARTESIAN_POINT('',(-7.326292681180E-3,6.241467749723E-3,
9.485871891290E-4));
#5267=CARTESIAN_POINT('',(-7.277358454465E-3,6.194420040343E-3,
6.812068902252E-4));
#5268=CARTESIAN_POINT('',(-7.222985326482E-3,6.133199218112E-3,
4.437192258869E-4));
#5269=CARTESIAN_POINT('',(-7.171372622621E-3,6.063923048965E-3,
2.425924286733E-4));
#5270=CARTESIAN_POINT('',(-7.125872425501E-3,5.990280576326E-3,
7.454320993826E-5));
#5271=CARTESIAN_POINT('',(-7.087416534880E-3,5.914080237825E-3,
-6.563908079628E-5));
#5272=CARTESIAN_POINT('',(-7.056258971734E-3,5.836742746535E-3,
-1.817398317312E-4));
#5273=CARTESIAN_POINT('',(-7.032304950739E-3,5.759545141448E-3,
-2.766422440185E-4));
#5274=CARTESIAN_POINT('',(-7.015233633382E-3,5.683768763887E-3,
-3.526787728876E-4));
#5275=CARTESIAN_POINT('',(-7.004496176002E-3,5.610620648072E-3,
-4.120357819255E-4));
#5276=CARTESIAN_POINT('',(-6.999329869371E-3,5.540928948016E-3,
-4.570462721424E-4));
#5277=CARTESIAN_POINT('',(-6.999016323809E-3,5.491847130353E-3,
-4.816129572014E-4));
#5278=CARTESIAN_POINT('',(-6.999839533447E-3,5.466310807750E-3,
-4.923878063846E-4));
#5279=CARTESIAN_POINT('',(-6.999969332524E-3,5.462844397739E-3,
-4.938139916447E-4));
#5280=(BOUNDED_SURFACE()B_SPLINE_SURFACE(3,3,((#5208,#5209,#5210,#5211,#5212,
#5213,#5214,#5215,#5216,#5217,#5218,#5219,#5220,#5221,#5222,#5223,#5224,#5225),(
#5226,#5227,#5228,#5229,#5230,#5231,#5232,#5233,#5234,#5235,#5236,#5237,#5238,
#5239,#5240,#5241,#5242,#5243),(#5244,#5245,#5246,#5247,#5248,#5249,#5250,#5251,
#5252,#5253,#5254,#5255,#5256,#5257,#5258,#5259,#5260,#5261),(#5262,#5263,#5264,
#5265,#5266,#5267,#5268,#5269,#5270,#5271,#5272,#5273,#5274,#5275,#5276,#5277,
#5278,#5279)),.UNSPECIFIED.,.F.,.F.,.F.)B_SPLINE_SURFACE_WITH_KNOTS((4,4),(4,1,
1,1,1,1,1,1,1,1,1,1,1,1,1,4),(0.E0,1.E0),(-7.331352545394E-3,0.E0,
3.576261515679E-2,7.613042869303E-2,1.178816823040E-1,1.566412577830E-1,
1.911179289834E-1,2.218937802261E-1,2.494787450395E-1,2.742868312017E-1,
2.966505522851E-1,3.168546863303E-1,3.350921793724E-1,3.515890988394E-1,
3.667103326802E-1,3.690817779067E-1),.UNSPECIFIED.)GEOMETRIC_REPRESENTATION_ITEM()RATIONAL_B_SPLINE_SURFACE(((1.190254100094E0,1.190254100094E0,1.190254100094E0,
1.190254100094E0,1.190254100094E0,1.190254100094E0,1.190254100094E0,
1.190254100094E0,1.190254100094E0,1.190254100094E0,1.190254100094E0,
1.190254100094E0,1.190254100094E0,1.190254100094E0,1.190254100094E0,
1.190254100094E0,1.190254100094E0,1.190254100094E0),(9.365819666353E-1,
9.365819666353E-1,9.365819666353E-1,9.365819666353E-1,9.365819666353E-1,
9.365819666353E-1,9.365819666353E-1,9.365819666353E-1,9.365819666353E-1,
9.365819666353E-1,9.365819666353E-1,9.365819666353E-1,9.365819666353E-1,
9.365819666353E-1,9.365819666353E-1,9.365819666353E-1,9.365819666353E-1,
9.365819666353E-1),(9.365819666353E-1,9.365819666353E-1,9.365819666353E-1,
9.365819666353E-1,9.365819666353E-1,9.365819666353E-1,9.365819666353E-1,
9.365819666353E-1,9.365819666353E-1,9.365819666353E-1,9.365819666353E-1,
9.365819666353E-1,9.365819666353E-1,9.365819666353E-1,9.365819666353E-1,
9.365819666353E-1,9.365819666353E-1,9.365819666353E-1),(1.190254100094E0,
1.190254100094E0,1.190254100094E0,1.190254100094E0,1.190254100094E0,
1.190254100094E0,1.190254100094E0,1.190254100094E0,1.190254100094E0,
1.190254100094E0,1.190254100094E0,1.190254100094E0,1.190254100094E0,
1.190254100094E0,1.190254100094E0,1.190254100094E0,1.190254100094E0,
1.190254100094E0)))REPRESENTATION_ITEM('')SURFACE());
#5282=ORIENTED_EDGE('',*,*,#5281,.F.);
#5284=ORIENTED_EDGE('',*,*,#5283,.T.);
#5286=ORIENTED_EDGE('',*,*,#5285,.T.);
#5287=ORIENTED_EDGE('',*,*,#5198,.F.);
#5288=ORIENTED_EDGE('',*,*,#4645,.F.);
#5290=ORIENTED_EDGE('',*,*,#5289,.F.);
#5291=EDGE_LOOP('',(#5282,#5284,#5286,#5287,#5288,#5290));
#5292=FACE_OUTER_BOUND('',#5291,.F.);
#5293=ADVANCED_FACE('',(#5292),#5280,.F.);
#5294=CARTESIAN_POINT('',(4.509E-2,5.E-3,1.5E-3));
#5295=DIRECTION('',(-1.E0,0.E0,0.E0));
#5296=DIRECTION('',(0.E0,1.E0,0.E0));
#5297=AXIS2_PLACEMENT_3D('',#5294,#5295,#5296);
#5298=CYLINDRICAL_SURFACE('',#5297,1.E-3);
#5300=ORIENTED_EDGE('',*,*,#5299,.F.);
#5302=ORIENTED_EDGE('',*,*,#5301,.T.);
#5303=ORIENTED_EDGE('',*,*,#5281,.T.);
#5305=ORIENTED_EDGE('',*,*,#5304,.T.);
#5307=ORIENTED_EDGE('',*,*,#5306,.F.);
#5309=ORIENTED_EDGE('',*,*,#5308,.F.);
#5310=EDGE_LOOP('',(#5300,#5302,#5303,#5305,#5307,#5309));
#5311=FACE_OUTER_BOUND('',#5310,.F.);
#5312=ADVANCED_FACE('',(#5311),#5298,.T.);
#5313=CARTESIAN_POINT('',(7.365561179637E-3,6.274765380735E-3,
1.553703065025E-3));
#5314=CARTESIAN_POINT('',(7.365852019836E-3,6.274999866492E-3,
1.535816517240E-3));
#5315=CARTESIAN_POINT('',(7.366694017703E-3,6.275682700795E-3,
1.430944352420E-3));
#5316=CARTESIAN_POINT('',(7.358800941047E-3,6.269282115463E-3,
1.228226593159E-3));
#5317=CARTESIAN_POINT('',(7.326861362583E-3,6.241961010464E-3,
9.527378830141E-4));
#5318=CARTESIAN_POINT('',(7.278585505804E-3,6.195658997573E-3,
6.872196059477E-4));
#5319=CARTESIAN_POINT('',(7.224633364798E-3,6.135193561126E-3,
4.504796221749E-4));
#5320=CARTESIAN_POINT('',(7.173152339953E-3,6.066509599290E-3,
2.493128497718E-4));
#5321=CARTESIAN_POINT('',(7.127659111182E-3,5.993427400459E-3,
8.106572409753E-5));
#5322=CARTESIAN_POINT('',(7.089141141849E-3,5.917832826198E-3,
-5.932716969218E-5));
#5323=CARTESIAN_POINT('',(7.057834912470E-3,5.841095749755E-3,
-1.757483024332E-4));
#5324=CARTESIAN_POINT('',(7.033654624021E-3,5.764488021267E-3,
-2.710712621345E-4));
#5325=CARTESIAN_POINT('',(7.016285250729E-3,5.689270485720E-3,
-3.476305172158E-4));
#5326=CARTESIAN_POINT('',(7.005182249271E-3,5.616581051959E-3,
-4.076399999270E-4));
#5327=CARTESIAN_POINT('',(6.999601551274E-3,5.547120229850E-3,
-4.534577179086E-4));
#5328=CARTESIAN_POINT('',(6.998956179666E-3,5.496040671995E-3,
-4.796919628767E-4));
#5329=CARTESIAN_POINT('',(6.999762492961E-3,5.468370538564E-3,
-4.915399853057E-4));
#5330=CARTESIAN_POINT('',(6.999969589951E-3,5.462840367093E-3,
-4.938152186343E-4));
#5331=CARTESIAN_POINT('',(6.916063326352E-3,5.847120982231E-3,
1.529221747089E-3));
#5332=CARTESIAN_POINT('',(6.915940355699E-3,5.847281305972E-3,
1.519477156875E-3));
#5333=CARTESIAN_POINT('',(6.915585770011E-3,5.847761795803E-3,
1.462454462980E-3));
#5334=CARTESIAN_POINT('',(6.918848609038E-3,5.843125488327E-3,
1.352067250486E-3));
#5335=CARTESIAN_POINT('',(6.928369107570E-3,5.821211100012E-3,
1.184668593898E-3));
#5336=CARTESIAN_POINT('',(6.935912590293E-3,5.780590650628E-3,
1.001373026738E-3));
#5337=CARTESIAN_POINT('',(6.940542428563E-3,5.726928239070E-3,
8.249547134592E-4));
#5338=CARTESIAN_POINT('',(6.945125618132E-3,5.668744509580E-3,
6.699687745812E-4));
#5339=CARTESIAN_POINT('',(6.951507716104E-3,5.611519199320E-3,
5.393513724699E-4));
#5340=CARTESIAN_POINT('',(6.960194782407E-3,5.557901323478E-3,
4.311541027177E-4));
#5341=CARTESIAN_POINT('',(6.970852695194E-3,5.509276696669E-3,
3.428700668197E-4));
#5342=CARTESIAN_POINT('',(6.982712962470E-3,5.466260510927E-3,
2.720705978766E-4));
#5343=CARTESIAN_POINT('',(6.994865814194E-3,5.428863844892E-3,
2.164363746559E-4));
#5344=CARTESIAN_POINT('',(7.006498882614E-3,5.396578274953E-3,
1.736849547572E-4));
#5345=CARTESIAN_POINT('',(7.017086510141E-3,5.368468329371E-3,
1.415423474294E-4));
#5346=CARTESIAN_POINT('',(7.024306399771E-3,5.349092926451E-3,
1.233144924953E-4));
#5347=CARTESIAN_POINT('',(7.028001966677E-3,5.338808922162E-3,
1.150969221490E-4));
#5348=CARTESIAN_POINT('',(7.028732110053E-3,5.336759456067E-3,
1.135192390143E-4));
#5349=CARTESIAN_POINT('',(6.296588635644E-3,5.885932317897E-3,
1.511898976967E-3));
#5350=CARTESIAN_POINT('',(6.296294100270E-3,5.886145003405E-3,
1.507915565939E-3));
#5351=CARTESIAN_POINT('',(6.295443869803E-3,5.886787982025E-3,
1.484750746340E-3));
#5352=CARTESIAN_POINT('',(6.303308071812E-3,5.880531268727E-3,
1.439695835031E-3));
#5353=CARTESIAN_POINT('',(6.328741711459E-3,5.850139072135E-3,
1.348780771158E-3));
#5354=CARTESIAN_POINT('',(6.355305975024E-3,5.792592507338E-3,
1.223665286711E-3));
#5355=CARTESIAN_POINT('',(6.378399978894E-3,5.716373357211E-3,
1.089930068926E-3));
#5356=CARTESIAN_POINT('',(6.400723196662E-3,5.634604499206E-3,
9.676212908630E-4));
#5357=CARTESIAN_POINT('',(6.424495750208E-3,5.555726250910E-3,
8.636303576659E-4));
#5358=CARTESIAN_POINT('',(6.450319937310E-3,5.483807928123E-3,
7.782144347172E-4));
#5359=CARTESIAN_POINT('',(6.477550071006E-3,5.420871362116E-3,
7.098399666684E-4));
#5360=CARTESIAN_POINT('',(6.504876843799E-3,5.367628792869E-3,
6.563931089730E-4));
#5361=CARTESIAN_POINT('',(6.530809836991E-3,5.323747453937E-3,
6.155652584174E-4));
#5362=CARTESIAN_POINT('',(6.554091689313E-3,5.288027612132E-3,
5.850254954083E-4));
#5363=CARTESIAN_POINT('',(6.574018154985E-3,5.258650754331E-3,
5.625592788227E-4));
#5364=CARTESIAN_POINT('',(6.586724136655E-3,5.239296039140E-3,
5.499966766509E-4));
#5365=CARTESIAN_POINT('',(6.592910493844E-3,5.229178878958E-3,
5.443479829896E-4));
#5366=CARTESIAN_POINT('',(6.594119407731E-3,5.227167095780E-3,
5.432638803756E-4));
#5367=CARTESIAN_POINT('',(5.903208590840E-3,6.366384712464E-3,
1.512810356877E-3));
#5368=CARTESIAN_POINT('',(5.903094429643E-3,6.366742805154E-3,
1.508523840576E-3));
#5369=CARTESIAN_POINT('',(5.902766391937E-3,6.367809215902E-3,
1.483577701580E-3));
#5370=CARTESIAN_POINT('',(5.905735446E-3,6.357583446615E-3,1.435085548632E-3));
#5371=CARTESIAN_POINT('',(5.911360958498E-3,6.310249345012E-3,
1.340146555021E-3));
#5372=CARTESIAN_POINT('',(5.907986190534E-3,6.223990980289E-3,
1.211970119111E-3));
#5373=CARTESIAN_POINT('',(5.897621173862E-3,6.110277355439E-3,
1.075989272281E-3));
#5374=CARTESIAN_POINT('',(5.888017850481E-3,5.985917553643E-3,
9.519612941322E-4));
#5375=CARTESIAN_POINT('',(5.883577110392E-3,5.861720708051E-3,
8.465694978704E-4));
#5376=CARTESIAN_POINT('',(5.885513599232E-3,5.742925489165E-3,
7.599550101626E-4));
#5377=CARTESIAN_POINT('',(5.893328306531E-3,5.632403172339E-3,
6.905330664488E-4));
#5378=CARTESIAN_POINT('',(5.905658766174E-3,5.531654702323E-3,
6.361732588519E-4));
#5379=CARTESIAN_POINT('',(5.920819253830E-3,5.441129231938E-3,
5.945664202655E-4));
#5380=CARTESIAN_POINT('',(5.937214759659E-3,5.360332741621E-3,
5.633841815624E-4));
#5381=CARTESIAN_POINT('',(5.953679634052E-3,5.287881204327E-3,
5.404088738753E-4));
#5382=CARTESIAN_POINT('',(5.965984914047E-3,5.236850482616E-3,
5.275482132801E-4));
#5383=CARTESIAN_POINT('',(5.972671069847E-3,5.209574206941E-3,
5.217643667197E-4));
#5384=CARTESIAN_POINT('',(5.974008368456E-3,5.204132991019E-3,
5.206542960090E-4));
#5385=(BOUNDED_SURFACE()B_SPLINE_SURFACE(3,3,((#5313,#5314,#5315,#5316,#5317,
#5318,#5319,#5320,#5321,#5322,#5323,#5324,#5325,#5326,#5327,#5328,#5329,#5330),(
#5331,#5332,#5333,#5334,#5335,#5336,#5337,#5338,#5339,#5340,#5341,#5342,#5343,
#5344,#5345,#5346,#5347,#5348),(#5349,#5350,#5351,#5352,#5353,#5354,#5355,#5356,
#5357,#5358,#5359,#5360,#5361,#5362,#5363,#5364,#5365,#5366),(#5367,#5368,#5369,
#5370,#5371,#5372,#5373,#5374,#5375,#5376,#5377,#5378,#5379,#5380,#5381,#5382,
#5383,#5384)),.UNSPECIFIED.,.F.,.F.,.F.)B_SPLINE_SURFACE_WITH_KNOTS((4,4),(4,1,
1,1,1,1,1,1,1,1,1,1,1,1,1,4),(0.E0,1.E0),(-7.331959786530E-3,0.E0,
3.561068842640E-2,7.553781615333E-2,1.168541574937E-1,1.554921592230E-1,
1.899500178318E-1,2.206634037161E-1,2.481981413165E-1,2.729620299745E-1,
2.952827182191E-1,3.154423853151E-1,3.336398320894E-1,3.501314820745E-1,
3.653176272280E-1,3.691010573531E-1),.UNSPECIFIED.)GEOMETRIC_REPRESENTATION_ITEM()RATIONAL_B_SPLINE_SURFACE(((1.190251846167E0,1.190251846167E0,1.190251846167E0,
1.190251846167E0,1.190251846167E0,1.190251846167E0,1.190251846167E0,
1.190251846167E0,1.190251846167E0,1.190251846167E0,1.190251846167E0,
1.190251846167E0,1.190251846167E0,1.190251846167E0,1.190251846167E0,
1.190251846167E0,1.190251846167E0,1.190251846167E0),(9.365827179442E-1,
9.365827179442E-1,9.365827179442E-1,9.365827179442E-1,9.365827179442E-1,
9.365827179442E-1,9.365827179442E-1,9.365827179442E-1,9.365827179442E-1,
9.365827179442E-1,9.365827179442E-1,9.365827179442E-1,9.365827179442E-1,
9.365827179442E-1,9.365827179442E-1,9.365827179442E-1,9.365827179442E-1,
9.365827179442E-1),(9.365827179442E-1,9.365827179442E-1,9.365827179442E-1,
9.365827179442E-1,9.365827179442E-1,9.365827179442E-1,9.365827179442E-1,
9.365827179442E-1,9.365827179442E-1,9.365827179442E-1,9.365827179442E-1,
9.365827179442E-1,9.365827179442E-1,9.365827179442E-1,9.365827179442E-1,
9.365827179442E-1,9.365827179442E-1,9.365827179442E-1),(1.190251846167E0,
1.190251846167E0,1.190251846167E0,1.190251846167E0,1.190251846167E0,
1.190251846167E0,1.190251846167E0,1.190251846167E0,1.190251846167E0,
1.190251846167E0,1.190251846167E0,1.190251846167E0,1.190251846167E0,
1.190251846167E0,1.190251846167E0,1.190251846167E0,1.190251846167E0,
1.190251846167E0)))REPRESENTATION_ITEM('')SURFACE());
#5386=ORIENTED_EDGE('',*,*,#4680,.F.);
#5388=ORIENTED_EDGE('',*,*,#5387,.T.);
#5389=ORIENTED_EDGE('',*,*,#5299,.T.);
#5391=ORIENTED_EDGE('',*,*,#5390,.F.);
#5392=ORIENTED_EDGE('',*,*,#4613,.F.);
#5393=ORIENTED_EDGE('',*,*,#4661,.F.);
#5394=EDGE_LOOP('',(#5386,#5388,#5389,#5391,#5392,#5393));
#5395=FACE_OUTER_BOUND('',#5394,.F.);
#5396=ADVANCED_FACE('',(#5395),#5385,.F.);
#5397=CARTESIAN_POINT('',(6.677124344468E-3,7.E-3,8.571537938668E-3));
#5398=DIRECTION('',(0.E0,0.E0,-1.E0));
#5399=DIRECTION('',(6.614378277661E-1,-7.5E-1,0.E0));
#5400=AXIS2_PLACEMENT_3D('',#5397,#5398,#5399);
#5401=CYLINDRICAL_SURFACE('',#5400,1.E-3);
#5402=ORIENTED_EDGE('',*,*,#4678,.F.);
#5403=ORIENTED_EDGE('',*,*,#4757,.T.);
#5405=ORIENTED_EDGE('',*,*,#5404,.T.);
#5406=ORIENTED_EDGE('',*,*,#5387,.F.);
#5407=EDGE_LOOP('',(#5402,#5403,#5405,#5406));
#5408=FACE_OUTER_BOUND('',#5407,.F.);
#5409=ADVANCED_FACE('',(#5408),#5401,.F.);
#5410=CARTESIAN_POINT('',(-7.E-3,6.E-3,1.E-2));
#5411=DIRECTION('',(0.E0,-1.E0,0.E0));
#5412=DIRECTION('',(1.E0,0.E0,0.E0));
#5413=AXIS2_PLACEMENT_3D('',#5410,#5411,#5412);
#5414=PLANE('',#5413);
#5415=ORIENTED_EDGE('',*,*,#5404,.F.);
#5416=ORIENTED_EDGE('',*,*,#4783,.T.);
#5418=ORIENTED_EDGE('',*,*,#5417,.T.);
#5419=ORIENTED_EDGE('',*,*,#5301,.F.);
#5420=EDGE_LOOP('',(#5415,#5416,#5418,#5419));
#5421=FACE_OUTER_BOUND('',#5420,.F.);
#5422=ADVANCED_FACE('',(#5421),#5414,.F.);
#5423=CARTESIAN_POINT('',(-6.677124344468E-3,7.E-3,8.548500297402E-3));
#5424=DIRECTION('',(0.E0,0.E0,-1.E0));
#5425=DIRECTION('',(0.E0,-1.E0,0.E0));
#5426=AXIS2_PLACEMENT_3D('',#5423,#5424,#5425);
#5427=CYLINDRICAL_SURFACE('',#5426,1.E-3);
#5428=ORIENTED_EDGE('',*,*,#5417,.F.);
#5430=ORIENTED_EDGE('',*,*,#5429,.T.);
#5432=ORIENTED_EDGE('',*,*,#5431,.T.);
#5433=ORIENTED_EDGE('',*,*,#5283,.F.);
#5434=EDGE_LOOP('',(#5428,#5430,#5432,#5433));
#5435=FACE_OUTER_BOUND('',#5434,.F.);
#5436=ADVANCED_FACE('',(#5435),#5427,.F.);
#5437=CARTESIAN_POINT('',(-5.973768263324E-3,5.204997704794E-3,
9.479169815155E-3));
#5438=CARTESIAN_POINT('',(-5.968508112667E-3,5.226415779960E-3,
9.474784837060E-3));
#5439=CARTESIAN_POINT('',(-5.956257836784E-3,5.276762384230E-3,
9.462878233974E-3));
#5440=CARTESIAN_POINT('',(-5.937066970684E-3,5.360171113610E-3,
9.437121008238E-3));
#5441=CARTESIAN_POINT('',(-5.917021172491E-3,5.460254525988E-3,
9.397747770560E-3));
#5442=CARTESIAN_POINT('',(-5.899494132082E-3,5.573914458985E-3,
9.342680312356E-3));
#5443=CARTESIAN_POINT('',(-5.887305953964E-3,5.701238464943E-3,
9.268215638782E-3));
#5444=CARTESIAN_POINT('',(-5.882975016538E-3,5.840810445929E-3,
9.170605423356E-3));
#5445=CARTESIAN_POINT('',(-5.887724906210E-3,5.986888385228E-3,
9.048309555541E-3));
#5446=CARTESIAN_POINT('',(-5.898872175889E-3,6.123863747974E-3,
8.909683037122E-3));
#5447=CARTESIAN_POINT('',(-5.908805887568E-3,6.235915672813E-3,
8.771563520561E-3));
#5448=CARTESIAN_POINT('',(-5.910943498418E-3,6.314466013212E-3,
8.651895944414E-3));
#5449=CARTESIAN_POINT('',(-5.905583751580E-3,6.358012974277E-3,
8.563160882338E-3));
#5450=CARTESIAN_POINT('',(-5.902753651470E-3,6.367822379488E-3,
8.516235517338E-3));
#5451=CARTESIAN_POINT('',(-5.903076287366E-3,6.366764355276E-3,
8.491491102865E-3));
#5452=CARTESIAN_POINT('',(-5.903189301090E-3,6.366406683965E-3,
8.487213277409E-3));
#5453=CARTESIAN_POINT('',(-6.593912083416E-3,5.227483430299E-3,
9.456547134527E-3));
#5454=CARTESIAN_POINT('',(-6.589144640593E-3,5.235405907655E-3,
9.452264957757E-3));
#5455=CARTESIAN_POINT('',(-6.577006645919E-3,5.254270587472E-3,
9.440636028097E-3));
#5456=CARTESIAN_POINT('',(-6.554211106292E-3,5.287712326572E-3,
9.415455932500E-3));
#5457=CARTESIAN_POINT('',(-6.525222428352E-3,5.332369419500E-3,
9.376889216574E-3));
#5458=CARTESIAN_POINT('',(-6.492991243822E-3,5.389099176458E-3,
9.322820306364E-3));
#5459=CARTESIAN_POINT('',(-6.459980383251E-3,5.459257628887E-3,
9.249536995683E-3));
#5460=CARTESIAN_POINT('',(-6.428540354947E-3,5.542516535862E-3,
9.153304559593E-3));
#5461=CARTESIAN_POINT('',(-6.400429653004E-3,5.635050168318E-3,
9.032630474891E-3));
#5462=CARTESIAN_POINT('',(-6.376014347664E-3,5.725403693738E-3,
8.895931392801E-3));
#5463=CARTESIAN_POINT('',(-6.352205463739E-3,5.800588857076E-3,
8.760192917013E-3));
#5464=CARTESIAN_POINT('',(-6.326594544518E-3,5.852850719256E-3,
8.643558157619E-3));
#5465=CARTESIAN_POINT('',(-6.302952664141E-3,5.880778711883E-3,
8.558672913039E-3));
#5466=CARTESIAN_POINT('',(-6.295430635645E-3,5.886783855861E-3,
8.515074361223E-3));
#5467=CARTESIAN_POINT('',(-6.296270799480E-3,5.886145305887E-3,
8.492098985401E-3));
#5468=CARTESIAN_POINT('',(-6.296563673393E-3,5.885932590067E-3,
8.488124100085E-3));
#5469=CARTESIAN_POINT('',(-7.028616428490E-3,5.337082890319E-3,
9.886216145535E-3));
#5470=CARTESIAN_POINT('',(-7.025740561404E-3,5.345150827586E-3,
9.879981479397E-3));
#5471=CARTESIAN_POINT('',(-7.018714873227E-3,5.364192394313E-3,
9.863078742085E-3));
#5472=CARTESIAN_POINT('',(-7.006510306305E-3,5.396432179444E-3,
9.826937304625E-3));
#5473=CARTESIAN_POINT('',(-6.992120840015E-3,5.436553056657E-3,
9.773052448051E-3));
#5474=CARTESIAN_POINT('',(-6.977357029084E-3,5.484022992663E-3,
9.700018273020E-3));
#5475=CARTESIAN_POINT('',(-6.963731183923E-3,5.539294535889E-3,
9.604297522933E-3));
#5476=CARTESIAN_POINT('',(-6.952641731714E-3,5.601896250270E-3,
9.481897140857E-3));
#5477=CARTESIAN_POINT('',(-6.944963524325E-3,5.669125757880E-3,
9.330420784859E-3));
#5478=CARTESIAN_POINT('',(-6.940116408698E-3,5.733302656820E-3,
9.157114208070E-3));
#5479=CARTESIAN_POINT('',(-6.935146672348E-3,5.786205396221E-3,
8.976152999786E-3));
#5480=CARTESIAN_POINT('',(-6.927583118500E-3,5.823150318148E-3,
8.801916429359E-3));
#5481=CARTESIAN_POINT('',(-6.918698605303E-3,5.843300677974E-3,
8.643912207260E-3));
#5482=CARTESIAN_POINT('',(-6.915580040351E-3,5.847749123022E-3,
8.537128016473E-3));
#5483=CARTESIAN_POINT('',(-6.915930059147E-3,5.847272223540E-3,
8.480553568108E-3));
#5484=CARTESIAN_POINT('',(-6.916052214253E-3,5.847112003271E-3,
8.470824988412E-3));
#5485=CARTESIAN_POINT('',(-6.999937115300E-3,5.463719646133E-3,
1.049345219064E-2));
#5486=CARTESIAN_POINT('',(-6.999142243457E-3,5.485481095896E-3,
1.048445814020E-2));
#5487=CARTESIAN_POINT('',(-6.998960146209E-3,5.536245261758E-3,
1.046010211671E-2));
#5488=CARTESIAN_POINT('',(-7.004770470975E-3,5.616816642630E-3,
1.040846940176E-2));
#5489=CARTESIAN_POINT('',(-7.019187765751E-3,5.706191803928E-3,
1.033293595776E-2));
#5490=CARTESIAN_POINT('',(-7.042894439512E-3,5.797992880569E-3,
1.023309884347E-2));
#5491=CARTESIAN_POINT('',(-7.076466786299E-3,5.890174650893E-3,
1.010566805236E-2));
#5492=CARTESIAN_POINT('',(-7.120175689156E-3,5.980982988613E-3,
9.946285436001E-3));
#5493=CARTESIAN_POINT('',(-7.173158796915E-3,6.067327674638E-3,
9.751277317361E-3));
#5494=CARTESIAN_POINT('',(-7.230498995195E-3,6.142510145161E-3,
9.526234660628E-3));
#5495=CARTESIAN_POINT('',(-7.284904648912E-3,6.201961884035E-3,
9.281361760957E-3));
#5496=CARTESIAN_POINT('',(-7.329645110221E-3,6.244354851791E-3,
9.025718584455E-3));
#5497=CARTESIAN_POINT('',(-7.359121800396E-3,6.269541829539E-3,
8.764377892670E-3));
#5498=CARTESIAN_POINT('',(-7.366686574830E-3,6.275676470575E-3,
8.568295668901E-3));
#5499=CARTESIAN_POINT('',(-7.365852167834E-3,6.275000040661E-3,
8.464236837422E-3));
#5500=CARTESIAN_POINT('',(-7.365562180476E-3,6.274766291047E-3,
8.446376764576E-3));
#5501=(BOUNDED_SURFACE()B_SPLINE_SURFACE(3,3,((#5437,#5438,#5439,#5440,#5441,
#5442,#5443,#5444,#5445,#5446,#5447,#5448,#5449,#5450,#5451,#5452),(#5453,#5454,
#5455,#5456,#5457,#5458,#5459,#5460,#5461,#5462,#5463,#5464,#5465,#5466,#5467,
#5468),(#5469,#5470,#5471,#5472,#5473,#5474,#5475,#5476,#5477,#5478,#5479,#5480,
#5481,#5482,#5483,#5484),(#5485,#5486,#5487,#5488,#5489,#5490,#5491,#5492,#5493,
#5494,#5495,#5496,#5497,#5498,#5499,#5500)),.UNSPECIFIED.,.F.,.F.,.F.)B_SPLINE_SURFACE_WITH_KNOTS((4,4),(4,1,1,1,1,1,1,1,1,1,1,1,1,4),(0.E0,1.E0),(
6.311656409515E-1,6.460532185770E-1,6.661813652402E-1,6.886660056871E-1,
7.138538882535E-1,7.420879697239E-1,7.738450645744E-1,8.100402061008E-1,
8.501213087392E-1,8.893284164891E-1,9.271688394221E-1,9.647155911318E-1,1.E0,
1.007320200103E0),.UNSPECIFIED.)GEOMETRIC_REPRESENTATION_ITEM()RATIONAL_B_SPLINE_SURFACE(((1.190258938152E0,1.190258938152E0,1.190258938152E0,1.190258938152E0,
1.190258938152E0,1.190258938152E0,1.190258938152E0,1.190258938152E0,
1.190258938152E0,1.190258938152E0,1.190258938152E0,1.190258938152E0,
1.190258938152E0,1.190258938152E0,1.190258938152E0,1.190258938152E0),(
9.365803539493E-1,9.365803539493E-1,9.365803539493E-1,9.365803539493E-1,
9.365803539493E-1,9.365803539493E-1,9.365803539493E-1,9.365803539493E-1,
9.365803539493E-1,9.365803539493E-1,9.365803539493E-1,9.365803539493E-1,
9.365803539493E-1,9.365803539493E-1,9.365803539493E-1,9.365803539493E-1),(
9.365803539493E-1,9.365803539493E-1,9.365803539493E-1,9.365803539493E-1,
9.365803539493E-1,9.365803539493E-1,9.365803539493E-1,9.365803539493E-1,
9.365803539493E-1,9.365803539493E-1,9.365803539493E-1,9.365803539493E-1,
9.365803539493E-1,9.365803539493E-1,9.365803539493E-1,9.365803539493E-1),(
1.190258938152E0,1.190258938152E0,1.190258938152E0,1.190258938152E0,
1.190258938152E0,1.190258938152E0,1.190258938152E0,1.190258938152E0,
1.190258938152E0,1.190258938152E0,1.190258938152E0,1.190258938152E0,
1.190258938152E0,1.190258938152E0,1.190258938152E0,1.190258938152E0)))REPRESENTATION_ITEM('')SURFACE());
#5503=ORIENTED_EDGE('',*,*,#5502,.T.);
#5504=ORIENTED_EDGE('',*,*,#5429,.F.);
#5505=ORIENTED_EDGE('',*,*,#4781,.F.);
#5507=ORIENTED_EDGE('',*,*,#5506,.T.);
#5508=ORIENTED_EDGE('',*,*,#4831,.F.);
#5510=ORIENTED_EDGE('',*,*,#5509,.F.);
#5511=EDGE_LOOP('',(#5503,#5504,#5505,#5507,#5508,#5510));
#5512=FACE_OUTER_BOUND('',#5511,.F.);
#5513=ADVANCED_FACE('',(#5512),#5501,.F.);
#5514=CARTESIAN_POINT('',(-8.E-3,5.5E-3,2.3036E-2));
#5515=DIRECTION('',(0.E0,0.E0,-1.E0));
#5516=DIRECTION('',(0.E0,1.E0,0.E0));
#5517=AXIS2_PLACEMENT_3D('',#5514,#5515,#5516);
#5518=CYLINDRICAL_SURFACE('',#5517,1.E-3);
#5519=ORIENTED_EDGE('',*,*,#5502,.F.);
#5521=ORIENTED_EDGE('',*,*,#5520,.F.);
#5523=ORIENTED_EDGE('',*,*,#5522,.T.);
#5524=ORIENTED_EDGE('',*,*,#5200,.F.);
#5525=ORIENTED_EDGE('',*,*,#5285,.F.);
#5526=ORIENTED_EDGE('',*,*,#5431,.F.);
#5527=EDGE_LOOP('',(#5519,#5521,#5523,#5524,#5525,#5526));
#5528=FACE_OUTER_BOUND('',#5527,.F.);
#5529=ADVANCED_FACE('',(#5528),#5518,.T.);
#5530=CARTESIAN_POINT('',(4.509E-2,5.5E-3,9.E-3));
#5531=DIRECTION('',(-1.E0,0.E0,0.E0));
#5532=DIRECTION('',(0.E0,0.E0,1.E0));
#5533=AXIS2_PLACEMENT_3D('',#5530,#5531,#5532);
#5534=CYLINDRICAL_SURFACE('',#5533,1.E-3);
#5535=ORIENTED_EDGE('',*,*,#5520,.T.);
#5536=ORIENTED_EDGE('',*,*,#5509,.T.);
#5537=ORIENTED_EDGE('',*,*,#4829,.T.);
#5539=ORIENTED_EDGE('',*,*,#5538,.T.);
#5541=ORIENTED_EDGE('',*,*,#5540,.F.);
#5542=EDGE_LOOP('',(#5535,#5536,#5537,#5539,#5541));
#5543=FACE_OUTER_BOUND('',#5542,.F.);
#5544=ADVANCED_FACE('',(#5543),#5534,.T.);
#5545=CARTESIAN_POINT('',(-1.15E-2,5.5E-3,9.E-3));
#5546=DIRECTION('',(7.071067811865E-1,7.071067811865E-1,0.E0));
#5547=DIRECTION('',(-7.071067811865E-1,7.071067811865E-1,0.E0));
#5548=AXIS2_PLACEMENT_3D('',#5545,#5546,#5547);
#5549=SPHERICAL_SURFACE('',#5548,1.E-3);
#5551=ORIENTED_EDGE('',*,*,#5550,.F.);
#5553=ORIENTED_EDGE('',*,*,#5552,.F.);
#5554=ORIENTED_EDGE('',*,*,#5538,.F.);
#5555=EDGE_LOOP('',(#5551,#5553,#5554));
#5556=FACE_OUTER_BOUND('',#5555,.F.);
#5557=ADVANCED_FACE('',(#5556),#5549,.T.);
#5558=CARTESIAN_POINT('',(-1.15E-2,2.34468E-2,9.E-3));
#5559=DIRECTION('',(0.E0,-1.E0,0.E0));
#5560=DIRECTION('',(0.E0,0.E0,1.E0));
#5561=AXIS2_PLACEMENT_3D('',#5558,#5559,#5560);
#5562=CYLINDRICAL_SURFACE('',#5561,1.E-3);
#5564=ORIENTED_EDGE('',*,*,#5563,.F.);
#5565=ORIENTED_EDGE('',*,*,#5550,.T.);
#5566=ORIENTED_EDGE('',*,*,#4843,.T.);
#5568=ORIENTED_EDGE('',*,*,#5567,.T.);
#5569=EDGE_LOOP('',(#5564,#5565,#5566,#5568));
#5570=FACE_OUTER_BOUND('',#5569,.F.);
#5571=ADVANCED_FACE('',(#5570),#5562,.T.);
#5572=CARTESIAN_POINT('',(-1.25E-2,6.5E-3,0.E0));
#5573=DIRECTION('',(-1.E0,0.E0,0.E0));
#5574=DIRECTION('',(0.E0,-1.E0,0.E0));
#5575=AXIS2_PLACEMENT_3D('',#5572,#5573,#5574);
#5576=PLANE('',#5575);
#5577=ORIENTED_EDGE('',*,*,#5145,.T.);
#5578=ORIENTED_EDGE('',*,*,#5173,.T.);
#5580=ORIENTED_EDGE('',*,*,#5579,.F.);
#5581=ORIENTED_EDGE('',*,*,#5563,.T.);
#5582=EDGE_LOOP('',(#5577,#5578,#5580,#5581));
#5583=FACE_OUTER_BOUND('',#5582,.F.);
#5584=ADVANCED_FACE('',(#5583),#5576,.T.);
#5585=CARTESIAN_POINT('',(-1.15E-2,5.5E-3,2.3036E-2));
#5586=DIRECTION('',(0.E0,0.E0,-1.E0));
#5587=DIRECTION('',(-1.E0,0.E0,0.E0));
#5588=AXIS2_PLACEMENT_3D('',#5585,#5586,#5587);
#5589=CYLINDRICAL_SURFACE('',#5588,1.E-3);
#5590=ORIENTED_EDGE('',*,*,#5579,.T.);
#5591=ORIENTED_EDGE('',*,*,#5186,.T.);
#5593=ORIENTED_EDGE('',*,*,#5592,.F.);
#5594=ORIENTED_EDGE('',*,*,#5552,.T.);
#5595=EDGE_LOOP('',(#5590,#5591,#5593,#5594));
#5596=FACE_OUTER_BOUND('',#5595,.F.);
#5597=ADVANCED_FACE('',(#5596),#5589,.T.);
#5598=CARTESIAN_POINT('',(1.25E-2,6.5E-3,0.E0));
#5599=DIRECTION('',(0.E0,1.E0,0.E0));
#5600=DIRECTION('',(-1.E0,0.E0,0.E0));
#5601=AXIS2_PLACEMENT_3D('',#5598,#5599,#5600);
#5602=PLANE('',#5601);
#5603=ORIENTED_EDGE('',*,*,#5522,.F.);
#5604=ORIENTED_EDGE('',*,*,#5540,.T.);
#5605=ORIENTED_EDGE('',*,*,#5592,.T.);
#5606=ORIENTED_EDGE('',*,*,#5202,.T.);
#5607=EDGE_LOOP('',(#5603,#5604,#5605,#5606));
#5608=FACE_OUTER_BOUND('',#5607,.F.);
#5609=ADVANCED_FACE('',(#5608),#5602,.T.);
#5610=CARTESIAN_POINT('',(1.25E-2,6.5E-3,0.E0));
#5611=DIRECTION('',(0.E0,1.E0,0.E0));
#5612=DIRECTION('',(-1.E0,0.E0,0.E0));
#5613=AXIS2_PLACEMENT_3D('',#5610,#5611,#5612);
#5614=PLANE('',#5613);
#5616=ORIENTED_EDGE('',*,*,#5615,.F.);
#5618=ORIENTED_EDGE('',*,*,#5617,.T.);
#5619=ORIENTED_EDGE('',*,*,#4683,.F.);
#5620=ORIENTED_EDGE('',*,*,#4666,.T.);
#5621=EDGE_LOOP('',(#5616,#5618,#5619,#5620));
#5622=FACE_OUTER_BOUND('',#5621,.F.);
#5623=ADVANCED_FACE('',(#5622),#5614,.T.);
#5624=CARTESIAN_POINT('',(1.15E-2,5.5E-3,2.3036E-2));
#5625=DIRECTION('',(0.E0,0.E0,-1.E0));
#5626=DIRECTION('',(0.E0,1.E0,0.E0));
#5627=AXIS2_PLACEMENT_3D('',#5624,#5625,#5626);
#5628=CYLINDRICAL_SURFACE('',#5627,1.E-3);
#5629=ORIENTED_EDGE('',*,*,#5615,.T.);
#5631=ORIENTED_EDGE('',*,*,#5630,.T.);
#5633=ORIENTED_EDGE('',*,*,#5632,.F.);
#5635=ORIENTED_EDGE('',*,*,#5634,.T.);
#5636=EDGE_LOOP('',(#5629,#5631,#5633,#5635));
#5637=FACE_OUTER_BOUND('',#5636,.F.);
#5638=ADVANCED_FACE('',(#5637),#5628,.T.);
#5639=CARTESIAN_POINT('',(1.15E-2,5.5E-3,1.E-3));
#5640=DIRECTION('',(-7.071067811865E-1,7.071067811865E-1,0.E0));
#5641=DIRECTION('',(7.071067811865E-1,7.071067811865E-1,0.E0));
#5642=AXIS2_PLACEMENT_3D('',#5639,#5640,#5641);
#5643=SPHERICAL_SURFACE('',#5642,1.E-3);
#5645=ORIENTED_EDGE('',*,*,#5644,.F.);
#5646=ORIENTED_EDGE('',*,*,#5630,.F.);
#5647=ORIENTED_EDGE('',*,*,#4664,.F.);
#5648=EDGE_LOOP('',(#5645,#5646,#5647));
#5649=FACE_OUTER_BOUND('',#5648,.F.);
#5650=ADVANCED_FACE('',(#5649),#5643,.T.);
#5651=CARTESIAN_POINT('',(1.15E-2,2.34468E-2,1.E-3));
#5652=DIRECTION('',(0.E0,-1.E0,0.E0));
#5653=DIRECTION('',(0.E0,0.E0,-1.E0));
#5654=AXIS2_PLACEMENT_3D('',#5651,#5652,#5653);
#5655=CYLINDRICAL_SURFACE('',#5654,1.E-3);
#5656=ORIENTED_EDGE('',*,*,#4625,.T.);
#5658=ORIENTED_EDGE('',*,*,#5657,.T.);
#5660=ORIENTED_EDGE('',*,*,#5659,.F.);
#5661=ORIENTED_EDGE('',*,*,#5644,.T.);
#5662=EDGE_LOOP('',(#5656,#5658,#5660,#5661));
#5663=FACE_OUTER_BOUND('',#5662,.F.);
#5664=ADVANCED_FACE('',(#5663),#5655,.T.);
#5665=CARTESIAN_POINT('',(1.15E-2,-5.5E-3,1.E-3));
#5666=DIRECTION('',(7.071067811865E-1,7.071067811865E-1,0.E0));
#5667=DIRECTION('',(7.071067811865E-1,-7.071067811865E-1,0.E0));
#5668=AXIS2_PLACEMENT_3D('',#5665,#5666,#5667);
#5669=SPHERICAL_SURFACE('',#5668,1.E-3);
#5670=ORIENTED_EDGE('',*,*,#5103,.F.);
#5672=ORIENTED_EDGE('',*,*,#5671,.F.);
#5673=ORIENTED_EDGE('',*,*,#5657,.F.);
#5674=EDGE_LOOP('',(#5670,#5672,#5673));
#5675=FACE_OUTER_BOUND('',#5674,.F.);
#5676=ADVANCED_FACE('',(#5675),#5669,.T.);
#5677=CARTESIAN_POINT('',(1.15E-2,-5.5E-3,2.3036E-2));
#5678=DIRECTION('',(0.E0,0.E0,-1.E0));
#5679=DIRECTION('',(1.E0,0.E0,0.E0));
#5680=AXIS2_PLACEMENT_3D('',#5677,#5678,#5679);
#5681=CYLINDRICAL_SURFACE('',#5680,1.E-3);
#5683=ORIENTED_EDGE('',*,*,#5682,.T.);
#5684=ORIENTED_EDGE('',*,*,#5671,.T.);
#5685=ORIENTED_EDGE('',*,*,#5131,.F.);
#5687=ORIENTED_EDGE('',*,*,#5686,.T.);
#5688=EDGE_LOOP('',(#5683,#5684,#5685,#5687));
#5689=FACE_OUTER_BOUND('',#5688,.F.);
#5690=ADVANCED_FACE('',(#5689),#5681,.T.);
#5691=CARTESIAN_POINT('',(1.25E-2,-6.5E-3,0.E0));
#5692=DIRECTION('',(1.E0,0.E0,0.E0));
#5693=DIRECTION('',(0.E0,1.E0,0.E0));
#5694=AXIS2_PLACEMENT_3D('',#5691,#5692,#5693);
#5695=PLANE('',#5694);
#5696=ORIENTED_EDGE('',*,*,#5632,.T.);
#5697=ORIENTED_EDGE('',*,*,#5659,.T.);
#5698=ORIENTED_EDGE('',*,*,#5682,.F.);
#5700=ORIENTED_EDGE('',*,*,#5699,.T.);
#5701=EDGE_LOOP('',(#5696,#5697,#5698,#5700));
#5702=FACE_OUTER_BOUND('',#5701,.F.);
#5703=ADVANCED_FACE('',(#5702),#5695,.T.);
#5704=CARTESIAN_POINT('',(1.15E-2,-2.34468E-2,9.E-3));
#5705=DIRECTION('',(0.E0,1.E0,0.E0));
#5706=DIRECTION('',(0.E0,0.E0,1.E0));
#5707=AXIS2_PLACEMENT_3D('',#5704,#5705,#5706);
#5708=CYLINDRICAL_SURFACE('',#5707,1.E-3);
#5709=ORIENTED_EDGE('',*,*,#5699,.F.);
#5711=ORIENTED_EDGE('',*,*,#5710,.T.);
#5712=ORIENTED_EDGE('',*,*,#4819,.T.);
#5714=ORIENTED_EDGE('',*,*,#5713,.T.);
#5715=EDGE_LOOP('',(#5709,#5711,#5712,#5714));
#5716=FACE_OUTER_BOUND('',#5715,.F.);
#5717=ADVANCED_FACE('',(#5716),#5708,.T.);
#5718=CARTESIAN_POINT('',(1.15E-2,-5.5E-3,9.E-3));
#5719=DIRECTION('',(7.071067811865E-1,0.E0,-7.071067811865E-1));
#5720=DIRECTION('',(7.071067811865E-1,0.E0,7.071067811865E-1));
#5721=AXIS2_PLACEMENT_3D('',#5718,#5719,#5720);
#5722=SPHERICAL_SURFACE('',#5721,1.E-3);
#5723=ORIENTED_EDGE('',*,*,#5710,.F.);
#5724=ORIENTED_EDGE('',*,*,#5686,.F.);
#5725=ORIENTED_EDGE('',*,*,#4858,.F.);
#5726=EDGE_LOOP('',(#5723,#5724,#5725));
#5727=FACE_OUTER_BOUND('',#5726,.F.);
#5728=ADVANCED_FACE('',(#5727),#5722,.T.);
#5729=CARTESIAN_POINT('',(1.15E-2,5.5E-3,9.E-3));
#5730=DIRECTION('',(0.E0,7.071067811865E-1,-7.071067811865E-1));
#5731=DIRECTION('',(0.E0,7.071067811865E-1,7.071067811865E-1));
#5732=AXIS2_PLACEMENT_3D('',#5729,#5730,#5731);
#5733=SPHERICAL_SURFACE('',#5732,1.E-3);
#5735=ORIENTED_EDGE('',*,*,#5734,.F.);
#5736=ORIENTED_EDGE('',*,*,#5634,.F.);
#5737=ORIENTED_EDGE('',*,*,#5713,.F.);
#5738=EDGE_LOOP('',(#5735,#5736,#5737));
#5739=FACE_OUTER_BOUND('',#5738,.F.);
#5740=ADVANCED_FACE('',(#5739),#5733,.T.);
#5741=CARTESIAN_POINT('',(4.509E-2,5.5E-3,9.E-3));
#5742=DIRECTION('',(-1.E0,0.E0,0.E0));
#5743=DIRECTION('',(0.E0,0.E0,1.E0));
#5744=AXIS2_PLACEMENT_3D('',#5741,#5742,#5743);
#5745=CYLINDRICAL_SURFACE('',#5744,1.E-3);
#5746=ORIENTED_EDGE('',*,*,#4817,.T.);
#5747=ORIENTED_EDGE('',*,*,#4760,.T.);
#5748=ORIENTED_EDGE('',*,*,#4685,.T.);
#5749=ORIENTED_EDGE('',*,*,#5617,.F.);
#5750=ORIENTED_EDGE('',*,*,#5734,.T.);
#5751=EDGE_LOOP('',(#5746,#5747,#5748,#5749,#5750));
#5752=FACE_OUTER_BOUND('',#5751,.F.);
#5753=ADVANCED_FACE('',(#5752),#5745,.T.);
#5754=CARTESIAN_POINT('',(-1.15E-2,-5.5E-3,9.E-3));
#5755=DIRECTION('',(0.E0,-7.071067811865E-1,-7.071067811865E-1));
#5756=DIRECTION('',(0.E0,-7.071067811865E-1,7.071067811865E-1));
#5757=AXIS2_PLACEMENT_3D('',#5754,#5755,#5756);
#5758=SPHERICAL_SURFACE('',#5757,1.E-3);
#5760=ORIENTED_EDGE('',*,*,#5759,.F.);
#5761=ORIENTED_EDGE('',*,*,#5147,.F.);
#5762=ORIENTED_EDGE('',*,*,#5567,.F.);
#5763=EDGE_LOOP('',(#5760,#5761,#5762));
#5764=FACE_OUTER_BOUND('',#5763,.F.);
#5765=ADVANCED_FACE('',(#5764),#5758,.T.);
#5766=CARTESIAN_POINT('',(-4.509E-2,-5.5E-3,9.E-3));
#5767=DIRECTION('',(1.E0,0.E0,0.E0));
#5768=DIRECTION('',(0.E0,0.E0,1.E0));
#5769=AXIS2_PLACEMENT_3D('',#5766,#5767,#5768);
#5770=CYLINDRICAL_SURFACE('',#5769,1.E-3);
#5771=ORIENTED_EDGE('',*,*,#4841,.T.);
#5773=ORIENTED_EDGE('',*,*,#5772,.T.);
#5775=ORIENTED_EDGE('',*,*,#5774,.T.);
#5776=ORIENTED_EDGE('',*,*,#5115,.F.);
#5777=ORIENTED_EDGE('',*,*,#5759,.T.);
#5778=EDGE_LOOP('',(#5771,#5773,#5775,#5776,#5777));
#5779=FACE_OUTER_BOUND('',#5778,.F.);
#5780=ADVANCED_FACE('',(#5779),#5770,.T.);
#5781=CARTESIAN_POINT('',(-5.903203781813E-3,-6.366391846596E-3,
8.487189583821E-3));
#5782=CARTESIAN_POINT('',(-5.903089308189E-3,-6.366749632325E-3,
8.491476148419E-3));
#5783=CARTESIAN_POINT('',(-5.902758995750E-3,-6.367818951925E-3,
8.516512390140E-3));
#5784=CARTESIAN_POINT('',(-5.905767892334E-3,-6.357477705203E-3,
8.565354415468E-3));
#5785=CARTESIAN_POINT('',(-5.911420905619E-3,-6.309382479143E-3,
8.661452173689E-3));
#5786=CARTESIAN_POINT('',(-5.907805056630E-3,-6.221654417330E-3,
8.791217688824E-3));
#5787=CARTESIAN_POINT('',(-5.897272770586E-3,-6.106573032069E-3,
8.928075626722E-3));
#5788=CARTESIAN_POINT('',(-5.887734726180E-3,-5.981361115918E-3,
9.052241785778E-3));
#5789=CARTESIAN_POINT('',(-5.883507144287E-3,-5.856559600611E-3,
9.157502617027E-3));
#5790=CARTESIAN_POINT('',(-5.885747281526E-3,-5.737266690151E-3,
9.243883564451E-3));
#5791=CARTESIAN_POINT('',(-5.893901358258E-3,-5.626406479965E-3,
9.312964892053E-3));
#5792=CARTESIAN_POINT('',(-5.906559292384E-3,-5.525439993235E-3,
9.366927092814E-3));
#5793=CARTESIAN_POINT('',(-5.921999042854E-3,-5.434780612160E-3,
9.408111569381E-3));
#5794=CARTESIAN_POINT('',(-5.938595657447E-3,-5.353940371044E-3,
9.438853126953E-3));
#5795=CARTESIAN_POINT('',(-5.955156643774E-3,-5.281593245790E-3,
9.461364122421E-3));
#5796=CARTESIAN_POINT('',(-5.966988517732E-3,-5.232702848577E-3,
9.473390672560E-3));
#5797=CARTESIAN_POINT('',(-5.973160470653E-3,-5.207547152698E-3,
9.478649110381E-3));
#5798=CARTESIAN_POINT('',(-5.973998717106E-3,-5.204136454512E-3,
9.479344945773E-3));
#5799=CARTESIAN_POINT('',(-6.296582414789E-3,-5.885932884390E-3,
8.488101127809E-3));
#5800=CARTESIAN_POINT('',(-6.296287543246E-3,-5.886145258020E-3,
8.492084533081E-3));
#5801=CARTESIAN_POINT('',(-6.295433107099E-3,-5.886789610743E-3,
8.515332709348E-3));
#5802=CARTESIAN_POINT('',(-6.303394499160E-3,-5.880463493974E-3,
8.560711978068E-3));
#5803=CARTESIAN_POINT('',(-6.329153565050E-3,-5.849571767057E-3,
8.652759037304E-3));
#5804=CARTESIAN_POINT('',(-6.355885694783E-3,-5.791018132802E-3,
8.779456796440E-3));
#5805=CARTESIAN_POINT('',(-6.379074203434E-3,-5.713899926214E-3,
8.914071461934E-3));
#5806=CARTESIAN_POINT('',(-6.401545030224E-3,-5.631646541199E-3,
9.036521988026E-3));
#5807=CARTESIAN_POINT('',(-6.425535677385E-3,-5.552511477751E-3,
9.140383118987E-3));
#5808=CARTESIAN_POINT('',(-6.451625565068E-3,-5.480471595400E-3,
9.225564708398E-3));
#5809=CARTESIAN_POINT('',(-6.479103350885E-3,-5.417570012736E-3,
9.293597862875E-3));
#5810=CARTESIAN_POINT('',(-6.506617677105E-3,-5.364475818162E-3,
9.346647410387E-3));
#5811=CARTESIAN_POINT('',(-6.532645407959E-3,-5.320807746436E-3,
9.387054953040E-3));
#5812=CARTESIAN_POINT('',(-6.555901905338E-3,-5.285329230140E-3,
9.417158605145E-3));
#5813=CARTESIAN_POINT('',(-6.575667644905E-3,-5.256200582641E-3,
9.439168034153E-3));
#5814=CARTESIAN_POINT('',(-6.587694475953E-3,-5.237747777503E-3,
9.450915035300E-3));
#5815=CARTESIAN_POINT('',(-6.593356150710E-3,-5.228428185348E-3,
9.456050499386E-3));
#5816=CARTESIAN_POINT('',(-6.594113933644E-3,-5.227167148009E-3,
9.456730053568E-3));
#5817=CARTESIAN_POINT('',(-6.916060852101E-3,-5.847118471511E-3,
8.470779266815E-3));
#5818=CARTESIAN_POINT('',(-6.915937691189E-3,-5.847278615588E-3,
8.480523539112E-3));
#5819=CARTESIAN_POINT('',(-6.915581174648E-3,-5.847760292329E-3,
8.537749912441E-3));
#5820=CARTESIAN_POINT('',(-6.918885227176E-3,-5.843072056212E-3,
8.648931149471E-3));
#5821=CARTESIAN_POINT('',(-6.928516280385E-3,-5.820801982163E-3,
8.817952710973E-3));
#5822=CARTESIAN_POINT('',(-6.936050807622E-3,-5.779481207391E-3,
9.002946332600E-3));
#5823=CARTESIAN_POINT('',(-6.940667621990E-3,-5.725179212041E-3,
9.180189388259E-3));
#5824=CARTESIAN_POINT('',(-6.945314938146E-3,-5.666621119976E-3,
9.335241693435E-3));
#5825=CARTESIAN_POINT('',(-6.951821833663E-3,-5.609157859767E-3,
9.465701007402E-3));
#5826=CARTESIAN_POINT('',(-6.960672221496E-3,-5.555372692356E-3,
9.573673721615E-3));
#5827=CARTESIAN_POINT('',(-6.971496956749E-3,-5.506671879098E-3,
9.661625069195E-3));
#5828=CARTESIAN_POINT('',(-6.983501862812E-3,-5.463646569696E-3,
9.732017556732E-3));
#5829=CARTESIAN_POINT('',(-6.995757376121E-3,-5.426283180523E-3,
9.787188996060E-3));
#5830=CARTESIAN_POINT('',(-7.007434715669E-3,-5.394063173717E-3,
9.829414619207E-3));
#5831=CARTESIAN_POINT('',(-7.017996420264E-3,-5.366059407556E-3,
9.860955200436E-3));
#5832=CARTESIAN_POINT('',(-7.024878253901E-3,-5.347525513601E-3,
9.878014406863E-3));
#5833=CARTESIAN_POINT('',(-7.028274113937E-3,-5.338044681769E-3,
9.885486712597E-3));
#5834=CARTESIAN_POINT('',(-7.028731787030E-3,-5.336760043994E-3,
9.886475654872E-3));
#5835=CARTESIAN_POINT('',(-7.365561272688E-3,-6.274765497707E-3,
8.446299132024E-3));
#5836=CARTESIAN_POINT('',(-7.365852143806E-3,-6.274999988945E-3,
8.464184954548E-3));
#5837=CARTESIAN_POINT('',(-7.366697233805E-3,-6.275685291237E-3,
8.569431043789E-3));
#5838=CARTESIAN_POINT('',(-7.358711889196E-3,-6.269210469715E-3,
8.773606968534E-3));
#5839=CARTESIAN_POINT('',(-7.326292681180E-3,-6.241467749723E-3,
9.051412810871E-3));
#5840=CARTESIAN_POINT('',(-7.277358454464E-3,-6.194420040343E-3,
9.318793109775E-3));
#5841=CARTESIAN_POINT('',(-7.222985326481E-3,-6.133199218112E-3,
9.556280774114E-3));
#5842=CARTESIAN_POINT('',(-7.171372622620E-3,-6.063923048965E-3,
9.757407571327E-3));
#5843=CARTESIAN_POINT('',(-7.125872425501E-3,-5.990280576326E-3,
9.925456790062E-3));
#5844=CARTESIAN_POINT('',(-7.087416534880E-3,-5.914080237825E-3,
1.006563908080E-2));
#5845=CARTESIAN_POINT('',(-7.056258971734E-3,-5.836742746535E-3,
1.018173983173E-2));
#5846=CARTESIAN_POINT('',(-7.032304950739E-3,-5.759545141448E-3,
1.027664224402E-2));
#5847=CARTESIAN_POINT('',(-7.015233633382E-3,-5.683768763887E-3,
1.035267877289E-2));
#5848=CARTESIAN_POINT('',(-7.004496176002E-3,-5.610620648072E-3,
1.041203578193E-2));
#5849=CARTESIAN_POINT('',(-6.999329869371E-3,-5.540928948016E-3,
1.045704627214E-2));
#5850=CARTESIAN_POINT('',(-6.999016323809E-3,-5.491847130353E-3,
1.048161295720E-2));
#5851=CARTESIAN_POINT('',(-6.999839533447E-3,-5.466310807750E-3,
1.049238780638E-2));
#5852=CARTESIAN_POINT('',(-6.999969332524E-3,-5.462844397739E-3,
1.049381399164E-2));
#5853=(BOUNDED_SURFACE()B_SPLINE_SURFACE(3,3,((#5781,#5782,#5783,#5784,#5785,
#5786,#5787,#5788,#5789,#5790,#5791,#5792,#5793,#5794,#5795,#5796,#5797,#5798),(
#5799,#5800,#5801,#5802,#5803,#5804,#5805,#5806,#5807,#5808,#5809,#5810,#5811,
#5812,#5813,#5814,#5815,#5816),(#5817,#5818,#5819,#5820,#5821,#5822,#5823,#5824,
#5825,#5826,#5827,#5828,#5829,#5830,#5831,#5832,#5833,#5834),(#5835,#5836,#5837,
#5838,#5839,#5840,#5841,#5842,#5843,#5844,#5845,#5846,#5847,#5848,#5849,#5850,
#5851,#5852)),.UNSPECIFIED.,.F.,.F.,.F.)B_SPLINE_SURFACE_WITH_KNOTS((4,4),(4,1,
1,1,1,1,1,1,1,1,1,1,1,1,1,4),(0.E0,1.E0),(-7.331352545395E-3,0.E0,
3.576261515681E-2,7.613042869310E-2,1.178816823041E-1,1.566412577831E-1,
1.911179289835E-1,2.218937802261E-1,2.494787450395E-1,2.742868312017E-1,
2.966505522851E-1,3.168546863303E-1,3.350921793725E-1,3.515890988395E-1,
3.667103326802E-1,3.690817779067E-1),.UNSPECIFIED.)GEOMETRIC_REPRESENTATION_ITEM()RATIONAL_B_SPLINE_SURFACE(((1.190254100094E0,1.190254100094E0,1.190254100094E0,
1.190254100094E0,1.190254100094E0,1.190254100094E0,1.190254100094E0,
1.190254100094E0,1.190254100094E0,1.190254100094E0,1.190254100094E0,
1.190254100094E0,1.190254100094E0,1.190254100094E0,1.190254100094E0,
1.190254100094E0,1.190254100094E0,1.190254100094E0),(9.365819666353E-1,
9.365819666353E-1,9.365819666353E-1,9.365819666353E-1,9.365819666353E-1,
9.365819666353E-1,9.365819666353E-1,9.365819666353E-1,9.365819666353E-1,
9.365819666353E-1,9.365819666353E-1,9.365819666353E-1,9.365819666353E-1,
9.365819666353E-1,9.365819666353E-1,9.365819666353E-1,9.365819666353E-1,
9.365819666353E-1),(9.365819666353E-1,9.365819666353E-1,9.365819666353E-1,
9.365819666353E-1,9.365819666353E-1,9.365819666353E-1,9.365819666353E-1,
9.365819666353E-1,9.365819666353E-1,9.365819666353E-1,9.365819666353E-1,
9.365819666353E-1,9.365819666353E-1,9.365819666353E-1,9.365819666353E-1,
9.365819666353E-1,9.365819666353E-1,9.365819666353E-1),(1.190254100094E0,
1.190254100094E0,1.190254100094E0,1.190254100094E0,1.190254100094E0,
1.190254100094E0,1.190254100094E0,1.190254100094E0,1.190254100094E0,
1.190254100094E0,1.190254100094E0,1.190254100094E0,1.190254100094E0,
1.190254100094E0,1.190254100094E0,1.190254100094E0,1.190254100094E0,
1.190254100094E0)))REPRESENTATION_ITEM('')SURFACE());
#5855=ORIENTED_EDGE('',*,*,#5854,.F.);
#5857=ORIENTED_EDGE('',*,*,#5856,.T.);
#5859=ORIENTED_EDGE('',*,*,#5858,.T.);
#5860=ORIENTED_EDGE('',*,*,#5772,.F.);
#5861=ORIENTED_EDGE('',*,*,#4839,.F.);
#5863=ORIENTED_EDGE('',*,*,#5862,.F.);
#5864=EDGE_LOOP('',(#5855,#5857,#5859,#5860,#5861,#5863));
#5865=FACE_OUTER_BOUND('',#5864,.F.);
#5866=ADVANCED_FACE('',(#5865),#5853,.F.);
#5867=CARTESIAN_POINT('',(4.509E-2,-5.E-3,8.5E-3));
#5868=DIRECTION('',(-1.E0,0.E0,0.E0));
#5869=DIRECTION('',(0.E0,-1.E0,0.E0));
#5870=AXIS2_PLACEMENT_3D('',#5867,#5868,#5869);
#5871=CYLINDRICAL_SURFACE('',#5870,1.E-3);
#5872=ORIENTED_EDGE('',*,*,#4952,.T.);
#5873=ORIENTED_EDGE('',*,*,#4985,.T.);
#5874=ORIENTED_EDGE('',*,*,#5854,.T.);
#5876=ORIENTED_EDGE('',*,*,#5875,.T.);
#5878=ORIENTED_EDGE('',*,*,#5877,.F.);
#5880=ORIENTED_EDGE('',*,*,#5879,.T.);
#5881=EDGE_LOOP('',(#5872,#5873,#5874,#5876,#5878,#5880));
#5882=FACE_OUTER_BOUND('',#5881,.F.);
#5883=ADVANCED_FACE('',(#5882),#5871,.T.);
#5884=CARTESIAN_POINT('',(-6.E-3,-5.E-3,8.5E-3));
#5885=DIRECTION('',(-1.E0,0.E0,0.E0));
#5886=DIRECTION('',(0.E0,-2.5E-1,9.682458365519E-1));
#5887=AXIS2_PLACEMENT_3D('',#5884,#5885,#5886);
#5888=TOROIDAL_SURFACE('',#5887,2.E-3,1.E-3);
#5889=ORIENTED_EDGE('',*,*,#5875,.F.);
#5890=ORIENTED_EDGE('',*,*,#5862,.T.);
#5891=ORIENTED_EDGE('',*,*,#4837,.F.);
#5893=ORIENTED_EDGE('',*,*,#5892,.F.);
#5894=EDGE_LOOP('',(#5889,#5890,#5891,#5893));
#5895=FACE_OUTER_BOUND('',#5894,.F.);
#5896=ADVANCED_FACE('',(#5895),#5888,.F.);
#5897=CARTESIAN_POINT('',(-6.E-3,-5.415043508617E-2,1.05E-2));
#5898=DIRECTION('',(0.E0,1.E0,0.E0));
#5899=DIRECTION('',(0.E0,0.E0,-1.E0));
#5900=AXIS2_PLACEMENT_3D('',#5897,#5898,#5899);
#5901=CYLINDRICAL_SURFACE('',#5900,1.E-3);
#5903=ORIENTED_EDGE('',*,*,#5902,.F.);
#5904=ORIENTED_EDGE('',*,*,#5892,.T.);
#5905=ORIENTED_EDGE('',*,*,#4835,.F.);
#5907=ORIENTED_EDGE('',*,*,#5906,.F.);
#5908=EDGE_LOOP('',(#5903,#5904,#5905,#5907));
#5909=FACE_OUTER_BOUND('',#5908,.F.);
#5910=ADVANCED_FACE('',(#5909),#5901,.F.);
#5911=CARTESIAN_POINT('',(-7.E-3,-6.E-3,9.5E-3));
#5912=DIRECTION('',(0.E0,0.E0,-1.E0));
#5913=DIRECTION('',(1.E0,0.E0,0.E0));
#5914=AXIS2_PLACEMENT_3D('',#5911,#5912,#5913);
#5915=PLANE('',#5914);
#5917=ORIENTED_EDGE('',*,*,#5916,.T.);
#5918=ORIENTED_EDGE('',*,*,#5877,.T.);
#5919=ORIENTED_EDGE('',*,*,#5902,.T.);
#5920=ORIENTED_EDGE('',*,*,#4777,.F.);
#5921=EDGE_LOOP('',(#5917,#5918,#5919,#5920));
#5922=FACE_OUTER_BOUND('',#5921,.F.);
#5923=ADVANCED_FACE('',(#5922),#5915,.F.);
#5924=CARTESIAN_POINT('',(6.E-3,5.426812975393E-2,1.05E-2));
#5925=DIRECTION('',(0.E0,-1.E0,0.E0));
#5926=DIRECTION('',(0.E0,0.E0,-1.E0));
#5927=AXIS2_PLACEMENT_3D('',#5924,#5925,#5926);
#5928=CYLINDRICAL_SURFACE('',#5927,1.E-3);
#5929=ORIENTED_EDGE('',*,*,#5916,.F.);
#5930=ORIENTED_EDGE('',*,*,#4797,.T.);
#5931=ORIENTED_EDGE('',*,*,#4813,.F.);
#5933=ORIENTED_EDGE('',*,*,#5932,.F.);
#5934=EDGE_LOOP('',(#5929,#5930,#5931,#5933));
#5935=FACE_OUTER_BOUND('',#5934,.F.);
#5936=ADVANCED_FACE('',(#5935),#5928,.F.);
#5937=CARTESIAN_POINT('',(6.E-3,-5.E-3,8.5E-3));
#5938=DIRECTION('',(-1.E0,0.E0,0.E0));
#5939=DIRECTION('',(0.E0,0.E0,1.E0));
#5940=AXIS2_PLACEMENT_3D('',#5937,#5938,#5939);
#5941=TOROIDAL_SURFACE('',#5940,2.E-3,1.E-3);
#5942=ORIENTED_EDGE('',*,*,#5879,.F.);
#5943=ORIENTED_EDGE('',*,*,#5932,.T.);
#5944=ORIENTED_EDGE('',*,*,#4811,.F.);
#5945=ORIENTED_EDGE('',*,*,#4954,.F.);
#5946=EDGE_LOOP('',(#5942,#5943,#5944,#5945));
#5947=FACE_OUTER_BOUND('',#5946,.F.);
#5948=ADVANCED_FACE('',(#5947),#5941,.F.);
#5949=CARTESIAN_POINT('',(-6.E-3,5.E-3,8.5E-3));
#5950=DIRECTION('',(-1.E0,0.E0,0.E0));
#5951=DIRECTION('',(0.E0,0.E0,1.E0));
#5952=AXIS2_PLACEMENT_3D('',#5949,#5950,#5951);
#5953=TOROIDAL_SURFACE('',#5952,2.E-3,1.E-3);
#5954=ORIENTED_EDGE('',*,*,#4779,.F.);
#5955=ORIENTED_EDGE('',*,*,#5906,.T.);
#5956=ORIENTED_EDGE('',*,*,#4833,.F.);
#5957=ORIENTED_EDGE('',*,*,#5506,.F.);
#5958=EDGE_LOOP('',(#5954,#5955,#5956,#5957));
#5959=FACE_OUTER_BOUND('',#5958,.F.);
#5960=ADVANCED_FACE('',(#5959),#5953,.F.);
#5961=CARTESIAN_POINT('',(-6.677124344468E-3,-7.E-3,1.453258954183E-3));
#5962=DIRECTION('',(0.E0,0.E0,1.E0));
#5963=DIRECTION('',(0.E0,1.E0,0.E0));
#5964=AXIS2_PLACEMENT_3D('',#5961,#5962,#5963);
#5965=CYLINDRICAL_SURFACE('',#5964,1.E-3);
#5966=ORIENTED_EDGE('',*,*,#4983,.F.);
#5968=ORIENTED_EDGE('',*,*,#5967,.T.);
#5970=ORIENTED_EDGE('',*,*,#5969,.T.);
#5971=ORIENTED_EDGE('',*,*,#5856,.F.);
#5972=EDGE_LOOP('',(#5966,#5968,#5970,#5971));
#5973=FACE_OUTER_BOUND('',#5972,.F.);
#5974=ADVANCED_FACE('',(#5973),#5965,.F.);
#5975=CARTESIAN_POINT('',(-5.973782798779E-3,-5.204993550035E-3,
5.208284359527E-4));
#5976=CARTESIAN_POINT('',(-5.969538971562E-3,-5.222272194866E-3,
5.243660586426E-4));
#5977=CARTESIAN_POINT('',(-5.958177359419E-3,-5.268877718430E-3,
5.351058396426E-4));
#5978=CARTESIAN_POINT('',(-5.939554595908E-3,-5.348817264873E-3,
5.588996269894E-4));
#5979=CARTESIAN_POINT('',(-5.918837492550E-3,-5.450136505632E-3,
5.977964015646E-4));
#5980=CARTESIAN_POINT('',(-5.900548775781E-3,-5.565414173236E-3,
6.527373332195E-4));
#5981=CARTESIAN_POINT('',(-5.887677354223E-3,-5.694818912946E-3,
7.275985768129E-4));
#5982=CARTESIAN_POINT('',(-5.882924891797E-3,-5.836801365602E-3,
8.262243273557E-4));
#5983=CARTESIAN_POINT('',(-5.887594805012E-3,-5.985079680528E-3,
9.499288977309E-4));
#5984=CARTESIAN_POINT('',(-5.898851802963E-3,-6.123550248681E-3,
1.089906232185E-3));
#5985=CARTESIAN_POINT('',(-5.908835397901E-3,-6.236111125153E-3,
1.228695892795E-3));
#5986=CARTESIAN_POINT('',(-5.910940350972E-3,-6.314616694903E-3,
1.348395906618E-3));
#5987=CARTESIAN_POINT('',(-5.905582965496E-3,-6.358029808231E-3,
1.436939388813E-3));
#5988=CARTESIAN_POINT('',(-5.902762050522E-3,-6.367811755362E-3,
1.483791421100E-3));
#5989=CARTESIAN_POINT('',(-5.903084112910E-3,-6.366754659817E-3,
1.508509127167E-3));
#5990=CARTESIAN_POINT('',(-5.903197066370E-3,-6.366396907933E-3,
1.512787100092E-3));
#5991=CARTESIAN_POINT('',(-6.593920440803E-3,-5.227483951834E-3,
5.434433176932E-4));
#5992=CARTESIAN_POINT('',(-6.590074238177E-3,-5.233875072780E-3,
5.468980419771E-4));
#5993=CARTESIAN_POINT('',(-6.579005763994E-3,-5.251291023952E-3,
5.573874856355E-4));
#5994=CARTESIAN_POINT('',(-6.557458863535E-3,-5.282927874985E-3,
5.806431705912E-4));
#5995=CARTESIAN_POINT('',(-6.528164277619E-3,-5.327577784767E-3,
6.187338102626E-4));
#5996=CARTESIAN_POINT('',(-6.495312212922E-3,-5.384603639055E-3,
6.726676266985E-4));
#5997=CARTESIAN_POINT('',(-6.461520904523E-3,-5.455535024724E-3,
7.463322758995E-4));
#5998=CARTESIAN_POINT('',(-6.429350733322E-3,-5.540018656872E-3,
8.435614928008E-4));
#5999=CARTESIAN_POINT('',(-6.400754086084E-3,-5.633866930963E-3,
9.656263181434E-4));
#6000=CARTESIAN_POINT('',(-6.376091925579E-3,-5.725197129517E-3,
1.103660548531E-3));
#6001=CARTESIAN_POINT('',(-6.352172359064E-3,-5.800727100289E-3,
1.240058429320E-3));
#6002=CARTESIAN_POINT('',(-6.326528504197E-3,-5.852954741262E-3,
1.356720462574E-3));
#6003=CARTESIAN_POINT('',(-6.302940893625E-3,-5.880794621973E-3,
1.441418816485E-3));
#6004=CARTESIAN_POINT('',(-6.295441790965E-3,-5.886783244516E-3,
1.484950255687E-3));
#6005=CARTESIAN_POINT('',(-6.296280790054E-3,-5.886145167036E-3,
1.507901433784E-3));
#6006=CARTESIAN_POINT('',(-6.296573595714E-3,-5.885932372760E-3,
1.511876561606E-3));
#6007=CARTESIAN_POINT('',(-7.028617198911E-3,-5.337082489297E-3,
1.137762453408E-4));
#6008=CARTESIAN_POINT('',(-7.026297025382E-3,-5.343591248534E-3,
1.188059818603E-4));
#6009=CARTESIAN_POINT('',(-7.019840937778E-3,-5.361203441097E-3,
1.340516614293E-4));
#6010=CARTESIAN_POINT('',(-7.008179669207E-3,-5.391971765955E-3,
1.675309187065E-4));
#6011=CARTESIAN_POINT('',(-6.993519309724E-3,-5.432411775297E-3,
2.209375625920E-4));
#6012=CARTESIAN_POINT('',(-6.978361430077E-3,-5.480396044294E-3,
2.940058698739E-4));
#6013=CARTESIAN_POINT('',(-6.964311392638E-3,-5.536453146171E-3,
3.904049828369E-4));
#6014=CARTESIAN_POINT('',(-6.952881695246E-3,-5.600069114805E-3,
5.141673705980E-4));
#6015=CARTESIAN_POINT('',(-6.945029343770E-3,-5.668286790555E-3,
6.673862145903E-4));
#6016=CARTESIAN_POINT('',(-6.940133118315E-3,-5.733161668496E-3,
8.423380749283E-4));
#6017=CARTESIAN_POINT('',(-6.935141874371E-3,-5.786306111079E-3,
1.024178113905E-3));
#6018=CARTESIAN_POINT('',(-6.927559947151E-3,-5.823228833546E-3,
1.198559671490E-3));
#6019=CARTESIAN_POINT('',(-6.918693625053E-3,-5.843316704484E-3,
1.356312796678E-3));
#6020=CARTESIAN_POINT('',(-6.915584811278E-3,-5.847752831900E-3,
1.462933202045E-3));
#6021=CARTESIAN_POINT('',(-6.915934300869E-3,-5.847276318294E-3,
1.519447186702E-3));
#6022=CARTESIAN_POINT('',(-6.916056414802E-3,-5.847116050557E-3,
1.529176161485E-3));
#6023=CARTESIAN_POINT('',(-6.999937731115E-3,-5.463714319623E-3,
-4.934533072012E-4));
#6024=CARTESIAN_POINT('',(-6.999296282466E-3,-5.481270664046E-3,
-4.861976752462E-4));
#6025=CARTESIAN_POINT('',(-6.998822773696E-3,-5.528339439446E-3,
-4.642302169104E-4));
#6026=CARTESIAN_POINT('',(-7.003536254894E-3,-5.606228723488E-3,
-4.163024350763E-4));
#6027=CARTESIAN_POINT('',(-7.017365035198E-3,-5.697609978697E-3,
-3.412503568904E-4));
#6028=CARTESIAN_POINT('',(-7.040845609147E-3,-5.791543876950E-3,
-2.411401163021E-4));
#6029=CARTESIAN_POINT('',(-7.074575875291E-3,-5.885836048201E-3,
-1.126113868388E-4));
#6030=CARTESIAN_POINT('',(-7.118783841258E-3,-5.978557825588E-3,
4.864916288426E-5));
#6031=CARTESIAN_POINT('',(-7.172423205054E-3,-6.066331974299E-3,
2.458966095360E-4));
#6032=CARTESIAN_POINT('',(-7.230340113312E-3,-6.142351518312E-3,
4.730225305787E-4));
#6033=CARTESIAN_POINT('',(-7.285006331721E-3,-6.202068614065E-3,
7.190839706306E-4));
#6034=CARTESIAN_POINT('',(-7.329748676943E-3,-6.244445049376E-3,
9.750379902174E-4));
#6035=CARTESIAN_POINT('',(-7.359142695742E-3,-6.269558594292E-3,
1.236036206614E-3));
#6036=CARTESIAN_POINT('',(-7.366685595336E-3,-6.275675686551E-3,
1.431817469675E-3));
#6037=CARTESIAN_POINT('',(-7.365852110606E-3,-6.274999982317E-3,
1.535764290873E-3));
#6038=CARTESIAN_POINT('',(-7.365562125340E-3,-6.274766225760E-3,
1.553624924189E-3));
#6039=(BOUNDED_SURFACE()B_SPLINE_SURFACE(3,3,((#5975,#5976,#5977,#5978,#5979,
#5980,#5981,#5982,#5983,#5984,#5985,#5986,#5987,#5988,#5989,#5990),(#5991,#5992,
#5993,#5994,#5995,#5996,#5997,#5998,#5999,#6000,#6001,#6002,#6003,#6004,#6005,
#6006),(#6007,#6008,#6009,#6010,#6011,#6012,#6013,#6014,#6015,#6016,#6017,#6018,
#6019,#6020,#6021,#6022),(#6023,#6024,#6025,#6026,#6027,#6028,#6029,#6030,#6031,
#6032,#6033,#6034,#6035,#6036,#6037,#6038)),.UNSPECIFIED.,.F.,.F.,.F.)B_SPLINE_SURFACE_WITH_KNOTS((4,4),(4,1,1,1,1,1,1,1,1,1,1,1,1,4),(0.E0,1.E0),(
6.311606398260E-1,6.431709942126E-1,6.635733217487E-1,6.863814500393E-1,
7.119428600239E-1,7.406106613041E-1,7.728731987814E-1,8.095993748393E-1,
8.500499185345E-1,8.894812353647E-1,9.272898863864E-1,9.647606955932E-1,1.E0,
1.007320636262E0),.UNSPECIFIED.)GEOMETRIC_REPRESENTATION_ITEM()RATIONAL_B_SPLINE_SURFACE(((1.190255687011E0,1.190255687011E0,1.190255687011E0,1.190255687011E0,
1.190255687011E0,1.190255687011E0,1.190255687011E0,1.190255687011E0,
1.190255687011E0,1.190255687011E0,1.190255687011E0,1.190255687011E0,
1.190255687011E0,1.190255687011E0,1.190255687011E0,1.190255687011E0),(
9.365814376629E-1,9.365814376629E-1,9.365814376629E-1,9.365814376629E-1,
9.365814376629E-1,9.365814376629E-1,9.365814376629E-1,9.365814376629E-1,
9.365814376629E-1,9.365814376629E-1,9.365814376629E-1,9.365814376629E-1,
9.365814376629E-1,9.365814376629E-1,9.365814376629E-1,9.365814376629E-1),(
9.365814376629E-1,9.365814376629E-1,9.365814376629E-1,9.365814376629E-1,
9.365814376629E-1,9.365814376629E-1,9.365814376629E-1,9.365814376629E-1,
9.365814376629E-1,9.365814376629E-1,9.365814376629E-1,9.365814376629E-1,
9.365814376629E-1,9.365814376629E-1,9.365814376629E-1,9.365814376629E-1),(
1.190255687011E0,1.190255687011E0,1.190255687011E0,1.190255687011E0,
1.190255687011E0,1.190255687011E0,1.190255687011E0,1.190255687011E0,
1.190255687011E0,1.190255687011E0,1.190255687011E0,1.190255687011E0,
1.190255687011E0,1.190255687011E0,1.190255687011E0,1.190255687011E0)))REPRESENTATION_ITEM('')SURFACE());
#6041=ORIENTED_EDGE('',*,*,#6040,.T.);
#6042=ORIENTED_EDGE('',*,*,#5967,.F.);
#6043=ORIENTED_EDGE('',*,*,#5003,.F.);
#6045=ORIENTED_EDGE('',*,*,#6044,.T.);
#6046=ORIENTED_EDGE('',*,*,#4637,.F.);
#6048=ORIENTED_EDGE('',*,*,#6047,.F.);
#6049=EDGE_LOOP('',(#6041,#6042,#6043,#6045,#6046,#6048));
#6050=FACE_OUTER_BOUND('',#6049,.F.);
#6051=ADVANCED_FACE('',(#6050),#6039,.F.);
#6052=CARTESIAN_POINT('',(-8.E-3,-5.5E-3,-1.3036E-2));
#6053=DIRECTION('',(0.E0,0.E0,1.E0));
#6054=DIRECTION('',(0.E0,-1.E0,0.E0));
#6055=AXIS2_PLACEMENT_3D('',#6052,#6053,#6054);
#6056=CYLINDRICAL_SURFACE('',#6055,1.E-3);
#6057=ORIENTED_EDGE('',*,*,#5858,.F.);
#6058=ORIENTED_EDGE('',*,*,#5969,.F.);
#6059=ORIENTED_EDGE('',*,*,#6040,.F.);
#6061=ORIENTED_EDGE('',*,*,#6060,.F.);
#6062=ORIENTED_EDGE('',*,*,#5117,.T.);
#6063=ORIENTED_EDGE('',*,*,#5774,.F.);
#6064=EDGE_LOOP('',(#6057,#6058,#6059,#6061,#6062,#6063));
#6065=FACE_OUTER_BOUND('',#6064,.F.);
#6066=ADVANCED_FACE('',(#6065),#6056,.T.);
#6067=CARTESIAN_POINT('',(4.509E-2,-5.5E-3,1.E-3));
#6068=DIRECTION('',(-1.E0,0.E0,0.E0));
#6069=DIRECTION('',(0.E0,0.E0,-1.E0));
#6070=AXIS2_PLACEMENT_3D('',#6067,#6068,#6069);
#6071=CYLINDRICAL_SURFACE('',#6070,1.E-3);
#6072=ORIENTED_EDGE('',*,*,#6060,.T.);
#6073=ORIENTED_EDGE('',*,*,#6047,.T.);
#6074=ORIENTED_EDGE('',*,*,#4635,.T.);
#6075=ORIENTED_EDGE('',*,*,#5160,.T.);
#6076=ORIENTED_EDGE('',*,*,#5119,.F.);
#6077=EDGE_LOOP('',(#6072,#6073,#6074,#6075,#6076));
#6078=FACE_OUTER_BOUND('',#6077,.F.);
#6079=ADVANCED_FACE('',(#6078),#6071,.T.);
#6080=CARTESIAN_POINT('',(-6.E-3,-5.E-3,1.5E-3));
#6081=DIRECTION('',(1.E0,0.E0,0.E0));
#6082=DIRECTION('',(0.E0,0.E0,-1.E0));
#6083=AXIS2_PLACEMENT_3D('',#6080,#6081,#6082);
#6084=TOROIDAL_SURFACE('',#6083,2.E-3,1.E-3);
#6085=ORIENTED_EDGE('',*,*,#5001,.F.);
#6087=ORIENTED_EDGE('',*,*,#6086,.T.);
#6088=ORIENTED_EDGE('',*,*,#4639,.F.);
#6089=ORIENTED_EDGE('',*,*,#6044,.F.);
#6090=EDGE_LOOP('',(#6085,#6087,#6088,#6089));
#6091=FACE_OUTER_BOUND('',#6090,.F.);
#6092=ADVANCED_FACE('',(#6091),#6084,.F.);
#6093=CARTESIAN_POINT('',(-6.E-3,5.414867583458E-2,-5.E-4));
#6094=DIRECTION('',(0.E0,-1.E0,0.E0));
#6095=DIRECTION('',(0.E0,0.E0,1.E0));
#6096=AXIS2_PLACEMENT_3D('',#6093,#6094,#6095);
#6097=CYLINDRICAL_SURFACE('',#6096,1.E-3);
#6099=ORIENTED_EDGE('',*,*,#6098,.F.);
#6101=ORIENTED_EDGE('',*,*,#6100,.T.);
#6102=ORIENTED_EDGE('',*,*,#4641,.F.);
#6103=ORIENTED_EDGE('',*,*,#6086,.F.);
#6104=EDGE_LOOP('',(#6099,#6101,#6102,#6103));
#6105=FACE_OUTER_BOUND('',#6104,.F.);
#6106=ADVANCED_FACE('',(#6105),#6097,.F.);
#6107=CARTESIAN_POINT('',(7.E-3,-6.E-3,5.E-4));
#6108=DIRECTION('',(0.E0,0.E0,1.E0));
#6109=DIRECTION('',(-1.E0,0.E0,0.E0));
#6110=AXIS2_PLACEMENT_3D('',#6107,#6108,#6109);
#6111=PLANE('',#6110);
#6113=ORIENTED_EDGE('',*,*,#6112,.F.);
#6114=ORIENTED_EDGE('',*,*,#5306,.T.);
#6115=ORIENTED_EDGE('',*,*,#6098,.T.);
#6116=ORIENTED_EDGE('',*,*,#4999,.T.);
#6117=EDGE_LOOP('',(#6113,#6114,#6115,#6116));
#6118=FACE_OUTER_BOUND('',#6117,.F.);
#6119=ADVANCED_FACE('',(#6118),#6111,.F.);
#6120=CARTESIAN_POINT('',(6.E-3,5.414337576374E-2,-5.E-4));
#6121=DIRECTION('',(0.E0,-1.E0,0.E0));
#6122=DIRECTION('',(1.E0,0.E0,0.E0));
#6123=AXIS2_PLACEMENT_3D('',#6120,#6121,#6122);
#6124=CYLINDRICAL_SURFACE('',#6123,1.E-3);
#6125=ORIENTED_EDGE('',*,*,#6112,.T.);
#6127=ORIENTED_EDGE('',*,*,#6126,.F.);
#6128=ORIENTED_EDGE('',*,*,#4617,.F.);
#6130=ORIENTED_EDGE('',*,*,#6129,.T.);
#6131=EDGE_LOOP('',(#6125,#6127,#6128,#6130));
#6132=FACE_OUTER_BOUND('',#6131,.F.);
#6133=ADVANCED_FACE('',(#6132),#6124,.F.);
#6134=CARTESIAN_POINT('',(6.E-3,-5.E-3,1.5E-3));
#6135=DIRECTION('',(1.E0,0.E0,0.E0));
#6136=DIRECTION('',(0.E0,0.E0,-1.E0));
#6137=AXIS2_PLACEMENT_3D('',#6134,#6135,#6136);
#6138=TOROIDAL_SURFACE('',#6137,2.E-3,1.E-3);
#6139=ORIENTED_EDGE('',*,*,#4997,.T.);
#6140=ORIENTED_EDGE('',*,*,#5088,.T.);
#6141=ORIENTED_EDGE('',*,*,#4619,.F.);
#6142=ORIENTED_EDGE('',*,*,#6126,.T.);
#6143=EDGE_LOOP('',(#6139,#6140,#6141,#6142));
#6144=FACE_OUTER_BOUND('',#6143,.F.);
#6145=ADVANCED_FACE('',(#6144),#6138,.F.);
#6146=CARTESIAN_POINT('',(6.E-3,5.E-3,1.5E-3));
#6147=DIRECTION('',(-1.E0,0.E0,0.E0));
#6148=DIRECTION('',(0.E0,2.5E-1,-9.682458365519E-1));
#6149=AXIS2_PLACEMENT_3D('',#6146,#6147,#6148);
#6150=TOROIDAL_SURFACE('',#6149,2.E-3,1.E-3);
#6151=ORIENTED_EDGE('',*,*,#5308,.T.);
#6152=ORIENTED_EDGE('',*,*,#6129,.F.);
#6153=ORIENTED_EDGE('',*,*,#4615,.F.);
#6154=ORIENTED_EDGE('',*,*,#5390,.T.);
#6155=EDGE_LOOP('',(#6151,#6152,#6153,#6154));
#6156=FACE_OUTER_BOUND('',#6155,.F.);
#6157=ADVANCED_FACE('',(#6156),#6150,.F.);
#6158=CARTESIAN_POINT('',(-6.E-3,5.E-3,1.5E-3));
#6159=DIRECTION('',(-1.E0,0.E0,0.E0));
#6160=DIRECTION('',(0.E0,2.5E-1,-9.682458365519E-1));
#6161=AXIS2_PLACEMENT_3D('',#6158,#6159,#6160);
#6162=TOROIDAL_SURFACE('',#6161,2.E-3,1.E-3);
#6163=ORIENTED_EDGE('',*,*,#5304,.F.);
#6164=ORIENTED_EDGE('',*,*,#5289,.T.);
#6165=ORIENTED_EDGE('',*,*,#4643,.F.);
#6166=ORIENTED_EDGE('',*,*,#6100,.F.);
#6167=EDGE_LOOP('',(#6163,#6164,#6165,#6166));
#6168=FACE_OUTER_BOUND('',#6167,.F.);
#6169=ADVANCED_FACE('',(#6168),#6162,.F.);
#6170=CLOSED_SHELL('',(#4629,#4653,#4670,#4689,#4768,#4787,#4801,#4823,#4847,
#4864,#4883,#4960,#4974,#4989,#5008,#5092,#5107,#5123,#5136,#5151,#5164,#5178,
#5191,#5207,#5293,#5312,#5396,#5409,#5422,#5436,#5513,#5529,#5544,#5557,#5571,
#5584,#5597,#5609,#5623,#5638,#5650,#5664,#5676,#5690,#5703,#5717,#5728,#5740,
#5753,#5765,#5780,#5866,#5883,#5896,#5910,#5923,#5936,#5948,#5960,#5974,#6051,
#6066,#6079,#6092,#6106,#6119,#6133,#6145,#6157,#6169));
#6171=MANIFOLD_SOLID_BREP('',#6170);
#6172=DIMENSIONAL_EXPONENTS(1.E0,0.E0,0.E0,0.E0,0.E0,0.E0,0.E0);
#6174=LENGTH_MEASURE_WITH_UNIT(LENGTH_MEASURE(2.54E1),#6173);
#6175=(CONVERSION_BASED_UNIT('INCH',#6174)LENGTH_UNIT()NAMED_UNIT(#6172));
#6176=DIMENSIONAL_EXPONENTS(0.E0,0.E0,0.E0,0.E0,0.E0,0.E0,0.E0);
#6178=PLANE_ANGLE_MEASURE_WITH_UNIT(PLANE_ANGLE_MEASURE(1.745329251994E-2),
#6177);
#6179=(CONVERSION_BASED_UNIT('DEGREE',#6178)NAMED_UNIT(*)PLANE_ANGLE_UNIT());
#6181=UNCERTAINTY_MEASURE_WITH_UNIT(LENGTH_MEASURE(3.099456633569E-6),#6175,
'closure',
'Maximum model space distance between geometric entities at asserted connectivities');
#6182=(GEOMETRIC_REPRESENTATION_CONTEXT(3)GLOBAL_UNCERTAINTY_ASSIGNED_CONTEXT((
#6181))GLOBAL_UNIT_ASSIGNED_CONTEXT((#6175,#6179,#6180))REPRESENTATION_CONTEXT(
'ID5','3'));
#6183=CARTESIAN_POINT('',(0.E0,0.E0,0.E0));
#6184=DIRECTION('',(0.E0,0.E0,1.E0));
#6185=DIRECTION('',(1.E0,0.E0,0.E0));
#6188=DESIGN_CONTEXT('',#1259,'design');
#6189=MECHANICAL_CONTEXT('',#1259,'mechanical');
#6190=PRODUCT('RH73H1HTTC','RH73H1HTTC','NOT SPECIFIED',(#6189));
#6191=PRODUCT_DEFINITION_FORMATION_WITH_SPECIFIED_SOURCE('1','LAST_VERSION',
#6190,.MADE.);
#6197=CARTESIAN_POINT('',(3.2E-2,2.145E-1,0.E0));
#6198=DIRECTION('',(0.E0,0.E0,-1.E0));
#6199=DIRECTION('',(0.E0,-1.E0,0.E0));
#6200=AXIS2_PLACEMENT_3D('',#6197,#6198,#6199);
#6201=ITEM_DEFINED_TRANSFORMATION('','',#6186,#6200);
#6202=(REPRESENTATION_RELATIONSHIP('','',#6187,#1270)REPRESENTATION_RELATIONSHIP_WITH_TRANSFORMATION(#6201)SHAPE_REPRESENTATION_RELATIONSHIP());
#6203=CONTEXT_DEPENDENT_SHAPE_REPRESENTATION(#6202,#6196);
#6206=CARTESIAN_POINT('',(8.E-2,1.575E-1,3.864E-2));
#6207=DIRECTION('',(0.E0,0.E0,1.E0));
#6208=DIRECTION('',(-1.E0,0.E0,0.E0));
#6209=AXIS2_PLACEMENT_3D('',#6206,#6207,#6208);
#6210=ITEM_DEFINED_TRANSFORMATION('','',#6186,#6209);
#6211=(REPRESENTATION_RELATIONSHIP('','',#6187,#1270)REPRESENTATION_RELATIONSHIP_WITH_TRANSFORMATION(#6210)SHAPE_REPRESENTATION_RELATIONSHIP());
#6212=CONTEXT_DEPENDENT_SHAPE_REPRESENTATION(#6211,#6205);
#6215=CARTESIAN_POINT('',(8.E-2,1.325E-1,3.864E-2));
#6216=DIRECTION('',(0.E0,0.E0,1.E0));
#6217=DIRECTION('',(-1.E0,0.E0,0.E0));
#6218=AXIS2_PLACEMENT_3D('',#6215,#6216,#6217);
#6219=ITEM_DEFINED_TRANSFORMATION('','',#6186,#6218);
#6220=(REPRESENTATION_RELATIONSHIP('','',#6187,#1270)REPRESENTATION_RELATIONSHIP_WITH_TRANSFORMATION(#6219)SHAPE_REPRESENTATION_RELATIONSHIP());
#6221=CONTEXT_DEPENDENT_SHAPE_REPRESENTATION(#6220,#6214);
#6224=CARTESIAN_POINT('',(6.35E-2,3.265E-1,3.864E-2));
#6225=DIRECTION('',(0.E0,0.E0,1.E0));
#6226=DIRECTION('',(-1.E0,0.E0,0.E0));
#6227=AXIS2_PLACEMENT_3D('',#6224,#6225,#6226);
#6228=ITEM_DEFINED_TRANSFORMATION('','',#6186,#6227);
#6229=(REPRESENTATION_RELATIONSHIP('','',#6187,#1270)REPRESENTATION_RELATIONSHIP_WITH_TRANSFORMATION(#6228)SHAPE_REPRESENTATION_RELATIONSHIP());
#6230=CONTEXT_DEPENDENT_SHAPE_REPRESENTATION(#6229,#6223);
#6233=CARTESIAN_POINT('',(2.43E-1,1.E-1,0.E0));
#6234=DIRECTION('',(0.E0,0.E0,-1.E0));
#6235=DIRECTION('',(0.E0,-1.E0,0.E0));
#6236=AXIS2_PLACEMENT_3D('',#6233,#6234,#6235);
#6237=ITEM_DEFINED_TRANSFORMATION('','',#6186,#6236);
#6238=(REPRESENTATION_RELATIONSHIP('','',#6187,#1270)REPRESENTATION_RELATIONSHIP_WITH_TRANSFORMATION(#6237)SHAPE_REPRESENTATION_RELATIONSHIP());
#6239=CONTEXT_DEPENDENT_SHAPE_REPRESENTATION(#6238,#6232);
#6242=CARTESIAN_POINT('',(3.2E-2,8.35E-2,0.E0));
#6243=DIRECTION('',(0.E0,0.E0,-1.E0));
#6244=DIRECTION('',(-1.E0,0.E0,0.E0));
#6245=AXIS2_PLACEMENT_3D('',#6242,#6243,#6244);
#6246=ITEM_DEFINED_TRANSFORMATION('','',#6186,#6245);
#6247=(REPRESENTATION_RELATIONSHIP('','',#6187,#1270)REPRESENTATION_RELATIONSHIP_WITH_TRANSFORMATION(#6246)SHAPE_REPRESENTATION_RELATIONSHIP());
#6248=CONTEXT_DEPENDENT_SHAPE_REPRESENTATION(#6247,#6241);
#6251=CARTESIAN_POINT('',(2.185E-1,1.44E-1,0.E0));
#6252=DIRECTION('',(0.E0,0.E0,-1.E0));
#6253=DIRECTION('',(0.E0,1.E0,0.E0));
#6254=AXIS2_PLACEMENT_3D('',#6251,#6252,#6253);
#6255=ITEM_DEFINED_TRANSFORMATION('','',#6186,#6254);
#6256=(REPRESENTATION_RELATIONSHIP('','',#6187,#1270)REPRESENTATION_RELATIONSHIP_WITH_TRANSFORMATION(#6255)SHAPE_REPRESENTATION_RELATIONSHIP());
#6257=CONTEXT_DEPENDENT_SHAPE_REPRESENTATION(#6256,#6250);
#6260=CARTESIAN_POINT('',(2.335E-1,1.79E-1,0.E0));
#6261=DIRECTION('',(0.E0,0.E0,-1.E0));
#6262=DIRECTION('',(1.E0,0.E0,0.E0));
#6263=AXIS2_PLACEMENT_3D('',#6260,#6261,#6262);
#6264=ITEM_DEFINED_TRANSFORMATION('','',#6186,#6263);
#6265=(REPRESENTATION_RELATIONSHIP('','',#6187,#1270)REPRESENTATION_RELATIONSHIP_WITH_TRANSFORMATION(#6264)SHAPE_REPRESENTATION_RELATIONSHIP());
#6266=CONTEXT_DEPENDENT_SHAPE_REPRESENTATION(#6265,#6259);
#6269=CARTESIAN_POINT('',(2.18E-1,1.E-1,0.E0));
#6270=DIRECTION('',(0.E0,0.E0,-1.E0));
#6271=DIRECTION('',(0.E0,-1.E0,0.E0));
#6272=AXIS2_PLACEMENT_3D('',#6269,#6270,#6271);
#6273=ITEM_DEFINED_TRANSFORMATION('','',#6186,#6272);
#6274=(REPRESENTATION_RELATIONSHIP('','',#6187,#1270)REPRESENTATION_RELATIONSHIP_WITH_TRANSFORMATION(#6273)SHAPE_REPRESENTATION_RELATIONSHIP());
#6275=CONTEXT_DEPENDENT_SHAPE_REPRESENTATION(#6274,#6268);
#6278=CARTESIAN_POINT('',(2.435E-1,1.44E-1,0.E0));
#6279=DIRECTION('',(0.E0,0.E0,-1.E0));
#6280=DIRECTION('',(0.E0,1.E0,0.E0));
#6281=AXIS2_PLACEMENT_3D('',#6278,#6279,#6280);
#6282=ITEM_DEFINED_TRANSFORMATION('','',#6186,#6281);
#6283=(REPRESENTATION_RELATIONSHIP('','',#6187,#1270)REPRESENTATION_RELATIONSHIP_WITH_TRANSFORMATION(#6282)SHAPE_REPRESENTATION_RELATIONSHIP());
#6284=CONTEXT_DEPENDENT_SHAPE_REPRESENTATION(#6283,#6277);
#6287=CARTESIAN_POINT('',(7.6E-2,8.55E-2,0.E0));
#6288=DIRECTION('',(0.E0,0.E0,-1.E0));
#6289=DIRECTION('',(-1.E0,0.E0,0.E0));
#6290=AXIS2_PLACEMENT_3D('',#6287,#6288,#6289);
#6291=ITEM_DEFINED_TRANSFORMATION('','',#6186,#6290);
#6292=(REPRESENTATION_RELATIONSHIP('','',#6187,#1270)REPRESENTATION_RELATIONSHIP_WITH_TRANSFORMATION(#6291)SHAPE_REPRESENTATION_RELATIONSHIP());
#6293=CONTEXT_DEPENDENT_SHAPE_REPRESENTATION(#6292,#6286);
#6296=CARTESIAN_POINT('',(3.2E-2,1.085E-1,0.E0));
#6297=DIRECTION('',(0.E0,0.E0,-1.E0));
#6298=DIRECTION('',(-1.E0,0.E0,0.E0));
#6299=AXIS2_PLACEMENT_3D('',#6296,#6297,#6298);
#6300=ITEM_DEFINED_TRANSFORMATION('','',#6186,#6299);
#6301=(REPRESENTATION_RELATIONSHIP('','',#6187,#1270)REPRESENTATION_RELATIONSHIP_WITH_TRANSFORMATION(#6300)SHAPE_REPRESENTATION_RELATIONSHIP());
#6302=CONTEXT_DEPENDENT_SHAPE_REPRESENTATION(#6301,#6295);
#6303=DIRECTION('',(-1.E0,0.E0,0.E0));
#6304=VECTOR('',#6303,9.583067077382E-3);
#6305=CARTESIAN_POINT('',(1.95E-2,1.E-2,0.E0));
#6306=LINE('',#6305,#6304);
#6307=DIRECTION('',(0.E0,-1.E0,0.E0));
#6308=VECTOR('',#6307,2.E-2);
#6309=CARTESIAN_POINT('',(1.95E-2,1.E-2,0.E0));
#6310=LINE('',#6309,#6308);
#6311=DIRECTION('',(0.E0,1.E0,0.E0));
#6312=VECTOR('',#6311,2.E-2);
#6313=CARTESIAN_POINT('',(-1.95E-2,-1.E-2,0.E0));
#6314=LINE('',#6313,#6312);
#6315=CARTESIAN_POINT('',(1.011916734688E-2,1.047342793157E-2,
1.191825491289E-4));
#6316=CARTESIAN_POINT('',(1.014035984407E-2,1.051285874039E-2,
2.018337566666E-4));
#6317=CARTESIAN_POINT('',(1.018390040031E-2,1.058153770026E-2,
3.729904301822E-4));
#6318=CARTESIAN_POINT('',(1.024803967577E-2,1.066114258264E-2,
6.565263171131E-4));
#6319=CARTESIAN_POINT('',(1.029820232264E-2,1.071314194345E-2,
9.354593260974E-4));
#6320=CARTESIAN_POINT('',(1.033177986338E-2,1.074414508832E-2,
1.227076002799E-3));
#6321=CARTESIAN_POINT('',(1.033856224349E-2,1.074999954545E-2,
1.409848163728E-3));
#6322=CARTESIAN_POINT('',(1.033856217223E-2,1.075E-2,1.499999994773E-3));
#6324=CARTESIAN_POINT('',(1.1E-2,1.1E-2,1.E-3));
#6325=CARTESIAN_POINT('',(1.091580099068E-2,1.1E-2,9.158009906781E-4));
#6326=CARTESIAN_POINT('',(1.075542253605E-2,1.097875957039E-2,
7.554226412645E-4));
#6327=CARTESIAN_POINT('',(1.054659390205E-2,1.090003387550E-2,
5.465935337932E-4));
#6328=CARTESIAN_POINT('',(1.036796648354E-2,1.078418553881E-2,
3.679678513460E-4));
#6329=CARTESIAN_POINT('',(1.022316710329E-2,1.064025635509E-2,
2.231620003134E-4));
#6330=CARTESIAN_POINT('',(1.014980099923E-2,1.053041922274E-2,
1.498119942947E-4));
#6331=CARTESIAN_POINT('',(1.011916734688E-2,1.047342793157E-2,
1.191825491289E-4));
#6333=DIRECTION('',(0.E0,0.E0,1.E0));
#6334=VECTOR('',#6333,2.E-2);
#6335=CARTESIAN_POINT('',(1.1E-2,1.1E-2,1.E-3));
#6336=LINE('',#6335,#6334);
#6337=CARTESIAN_POINT('',(1.011917696499E-2,1.047344563973E-2,
2.188080387403E-2));
#6338=CARTESIAN_POINT('',(1.014980331144E-2,1.053041716022E-2,
2.185018475657E-2));
#6339=CARTESIAN_POINT('',(1.022316970587E-2,1.064026210136E-2,
2.177683583195E-2));
#6340=CARTESIAN_POINT('',(1.036796891991E-2,1.078418669970E-2,
2.163202959572E-2));
#6341=CARTESIAN_POINT('',(1.054659585609E-2,1.090003497855E-2,
2.145340454355E-2));
#6342=CARTESIAN_POINT('',(1.075542369701E-2,1.097875972252E-2,
2.124457618880E-2));
#6343=CARTESIAN_POINT('',(1.091580140325E-2,1.1E-2,2.108419859675E-2));
#6344=CARTESIAN_POINT('',(1.1E-2,1.1E-2,2.1E-2));
#6346=CARTESIAN_POINT('',(1.033856217223E-2,1.075E-2,2.050000000262E-2));
#6347=CARTESIAN_POINT('',(1.033856218235E-2,1.074999956226E-2,
2.059079028276E-2));
#6348=CARTESIAN_POINT('',(1.033173497554E-2,1.074409138013E-2,
2.077930816307E-2));
#6349=CARTESIAN_POINT('',(1.029405659271E-2,1.070942019596E-2,
2.109650466767E-2));
#6350=CARTESIAN_POINT('',(1.023469203864E-2,1.064611144368E-2,
2.140743104385E-2));
#6351=CARTESIAN_POINT('',(1.017250854017E-2,1.056476562623E-2,
2.167201913236E-2));
#6352=CARTESIAN_POINT('',(1.013578851436E-2,1.050434925483E-2,
2.181601158379E-2));
#6353=CARTESIAN_POINT('',(1.011917696499E-2,1.047344563973E-2,
2.188080387403E-2));
#6355=DIRECTION('',(0.E0,0.E0,1.E0));
#6356=VECTOR('',#6355,1.900000000785E-2);
#6357=CARTESIAN_POINT('',(1.033856217223E-2,1.075E-2,1.499999994773E-3));
#6358=LINE('',#6357,#6356);
#6359=CARTESIAN_POINT('',(9.000006607574E-3,9.999947981551E-3,
-4.364966381334E-4));
#6360=DIRECTION('',(-3.532174935612E-5,9.682544570495E-1,2.499666080822E-1));
#6361=DIRECTION('',(-6.608034561791E-6,-2.499666084587E-1,9.682544575740E-1));
#6362=AXIS2_PLACEMENT_3D('',#6359,#6360,#6361);
#6364=CARTESIAN_POINT('',(9.916932922618E-3,1.E-2,0.E0));
#6365=CARTESIAN_POINT('',(9.911239739996E-3,9.980572387763E-3,0.E0));
#6366=CARTESIAN_POINT('',(9.901375961423E-3,9.942399988138E-3,
2.618799707072E-10));
#6367=CARTESIAN_POINT('',(9.894920388028E-3,9.905458639728E-3,
-5.237599411253E-10));
#6368=CARTESIAN_POINT('',(9.892623881244E-3,9.887292926457E-3,
-5.237599411253E-10));
#6370=CARTESIAN_POINT('',(1.011916734688E-2,1.047342793157E-2,
1.191825491289E-4));
#6371=CARTESIAN_POINT('',(1.009006678613E-2,1.041928204177E-2,
9.008233875822E-5));
#6372=CARTESIAN_POINT('',(1.003524536480E-2,1.031000703014E-2,
4.421179513922E-5));
#6373=CARTESIAN_POINT('',(9.966694049784E-3,1.015078989059E-2,
7.262789027506E-6));
#6374=CARTESIAN_POINT('',(9.931325840453E-3,1.004911488796E-2,0.E0));
#6375=CARTESIAN_POINT('',(9.916932922618E-3,1.E-2,0.E0));
#6377=CARTESIAN_POINT('',(9.677124344468E-3,1.15E-2,1.5E-3));
#6378=DIRECTION('',(0.E0,0.E0,1.E0));
#6379=DIRECTION('',(0.E0,-1.E0,0.E0));
#6380=AXIS2_PLACEMENT_3D('',#6377,#6378,#6379);
#6382=DIRECTION('',(-7.156145649998E-8,1.996758021953E-13,1.E0));
#6383=VECTOR('',#6382,1.900000000125E-2);
#6384=CARTESIAN_POINT('',(9.677124327960E-3,1.05E-2,1.499999999334E-3));
#6385=LINE('',#6384,#6383);
#6386=DIRECTION('',(-1.E0,-1.955729178663E-13,2.077267618913E-12));
#6387=VECTOR('',#6386,1.935424733587E-2);
#6388=CARTESIAN_POINT('',(9.677122968292E-3,1.05E-2,2.050000000059E-2));
#6389=LINE('',#6388,#6387);
#6390=DIRECTION('',(7.500924908125E-8,2.065233948634E-13,-1.E0));
#6391=VECTOR('',#6390,1.900000000123E-2);
#6392=CARTESIAN_POINT('',(-9.677124367579E-3,1.05E-2,2.050000000063E-2));
#6393=LINE('',#6392,#6391);
#6394=DIRECTION('',(-1.E0,2.031018484807E-13,3.268855236106E-12));
#6395=VECTOR('',#6394,1.935424727036E-2);
#6396=CARTESIAN_POINT('',(9.677124327960E-3,1.05E-2,1.499999999334E-3));
#6397=LINE('',#6396,#6395);
#6398=CARTESIAN_POINT('',(9.677122968292E-3,1.05E-2,2.050000000059E-2));
#6399=CARTESIAN_POINT('',(9.677083280662E-3,1.049999297678E-2,
2.054387621316E-2));
#6400=CARTESIAN_POINT('',(9.664326956242E-3,1.049437159686E-2,
2.063645591090E-2));
#6401=CARTESIAN_POINT('',(9.592366997375E-3,1.046142977776E-2,
2.079083542287E-2));
#6402=CARTESIAN_POINT('',(9.477967283523E-3,1.040112341788E-2,
2.094332039769E-2));
#6403=CARTESIAN_POINT('',(9.356237548662E-3,1.032268363318E-2,
2.107461633987E-2));
#6404=CARTESIAN_POINT('',(9.247303631347E-3,1.023544040437E-2,
2.118191559095E-2));
#6405=CARTESIAN_POINT('',(9.155667121884E-3,1.014152383132E-2,
2.127048896080E-2));
#6406=CARTESIAN_POINT('',(9.084340481418E-3,1.004358797469E-2,
2.134210551956E-2));
#6407=CARTESIAN_POINT('',(9.034320078462E-3,9.943636277666E-3,
2.139850709639E-2));
#6408=CARTESIAN_POINT('',(9.005766263746E-3,9.844597631181E-3,
2.144065557663E-2));
#6409=CARTESIAN_POINT('',(9.000018187632E-3,9.780971020271E-3,
2.146025264189E-2));
#6410=CARTESIAN_POINT('',(9.000017366179E-3,9.749994375728E-3,
2.146824823573E-2));
#6412=CARTESIAN_POINT('',(9.E-3,9.5E-3,2.05E-2));
#6413=DIRECTION('',(-1.E0,0.E0,0.E0));
#6414=DIRECTION('',(0.E0,0.E0,1.E0));
#6415=AXIS2_PLACEMENT_3D('',#6412,#6413,#6414);
#6417=CARTESIAN_POINT('',(-9.E-3,9.5E-3,2.05E-2));
#6418=DIRECTION('',(-1.E0,0.E0,0.E0));
#6419=DIRECTION('',(0.E0,0.E0,1.E0));
#6420=AXIS2_PLACEMENT_3D('',#6417,#6418,#6419);
#6422=CARTESIAN_POINT('',(-9.000078929102E-3,9.749977551990E-3,
2.146825447840E-2));
#6423=CARTESIAN_POINT('',(-9.000080311090E-3,9.789381921190E-3,
2.145808794814E-2));
#6424=CARTESIAN_POINT('',(-9.009286915305E-3,9.870182820702E-3,
2.143211080655E-2));
#6425=CARTESIAN_POINT('',(-9.055201162963E-3,9.994836445278E-3,
2.137285684471E-2));
#6426=CARTESIAN_POINT('',(-9.133453029569E-3,1.011687667604E-2,
2.129186589557E-2));
#6427=CARTESIAN_POINT('',(-9.242997484693E-3,1.023355569890E-2,
2.118623558165E-2));
#6428=CARTESIAN_POINT('',(-9.376294147706E-3,1.033747101034E-2,
2.105470117223E-2));
#6429=CARTESIAN_POINT('',(-9.499770308403E-3,1.041312211069E-2,
2.091676190136E-2));
#6430=CARTESIAN_POINT('',(-9.598116436119E-3,1.046399146172E-2,
2.077913494988E-2));
#6431=CARTESIAN_POINT('',(-9.664008459016E-3,1.049425539607E-2,
2.063519264682E-2));
#6432=CARTESIAN_POINT('',(-9.677087901519E-3,1.049999346686E-2,
2.054429056164E-2));
#6433=CARTESIAN_POINT('',(-9.677124367579E-3,1.05E-2,2.050000000063E-2));
#6435=CARTESIAN_POINT('',(9.677124344500E-3,1.149999999991E-2,
2.050000584179E-2));
#6436=DIRECTION('',(-3.310565614736E-6,-2.920444585561E-6,9.999999999903E-1));
#6437=DIRECTION('',(-4.183806079541E-11,-9.999999999957E-1,-2.920444584207E-6));
#6438=AXIS2_PLACEMENT_3D('',#6435,#6436,#6437);
#6440=CARTESIAN_POINT('',(9.916932255743E-3,1.E-2,2.2E-2));
#6441=CARTESIAN_POINT('',(9.931306435293E-3,1.004906999113E-2,2.2E-2));
#6442=CARTESIAN_POINT('',(9.966652100026E-3,1.015070102102E-2,
2.199277432658E-2));
#6443=CARTESIAN_POINT('',(1.003549338248E-2,1.031053505490E-2,
2.195563530058E-2));
#6444=CARTESIAN_POINT('',(1.009018717276E-2,1.041950994117E-2,
2.190979140106E-2));
#6445=CARTESIAN_POINT('',(1.011917696499E-2,1.047344563973E-2,
2.188080387403E-2));
#6447=CARTESIAN_POINT('',(9.892621831848E-3,9.887297124843E-3,
2.199999982427E-2));
#6448=CARTESIAN_POINT('',(9.894920028066E-3,9.905488260815E-3,
2.199999982427E-2));
#6449=CARTESIAN_POINT('',(9.901385294378E-3,9.942453693645E-3,
2.200000008786E-2));
#6450=CARTESIAN_POINT('',(9.911248627836E-3,9.980597461580E-3,2.2E-2));
#6451=CARTESIAN_POINT('',(9.916932255743E-3,1.E-2,2.2E-2));
#6453=DIRECTION('',(-1.E0,0.E0,0.E0));
#6454=VECTOR('',#6453,9.583067744257E-3);
#6455=CARTESIAN_POINT('',(1.95E-2,1.E-2,2.2E-2));
#6456=LINE('',#6455,#6454);
#6457=DIRECTION('',(-1.E0,0.E0,0.E0));
#6458=VECTOR('',#6457,9.583068753158E-3);
#6459=CARTESIAN_POINT('',(1.95E-2,-1.E-2,2.2E-2));
#6460=LINE('',#6459,#6458);
#6461=DIRECTION('',(0.E0,1.E0,0.E0));
#6462=VECTOR('',#6461,2.E-2);
#6463=CARTESIAN_POINT('',(1.95E-2,-1.E-2,2.2E-2));
#6464=LINE('',#6463,#6462);
#6465=DIRECTION('',(0.E0,-1.E0,0.E0));
#6466=VECTOR('',#6465,2.E-2);
#6467=CARTESIAN_POINT('',(-1.95E-2,1.E-2,2.2E-2));
#6468=LINE('',#6467,#6466);
#6469=CARTESIAN_POINT('',(1.011916644294E-2,-1.047342603037E-2,
1.191779803183E-4));
#6470=CARTESIAN_POINT('',(1.014058125086E-2,-1.051326849475E-2,
2.027197082369E-4));
#6471=CARTESIAN_POINT('',(1.018429080944E-2,-1.058201275307E-2,
3.746305376668E-4));
#6472=CARTESIAN_POINT('',(1.024734631382E-2,-1.066028531620E-2,
6.536431994871E-4));
#6473=CARTESIAN_POINT('',(1.029703169022E-2,-1.071200948051E-2,
9.278518686083E-4));
#6474=CARTESIAN_POINT('',(1.033151465849E-2,-1.074392406751E-2,
1.222320397375E-3));
#6475=CARTESIAN_POINT('',(1.033856229589E-2,-1.074999955501E-2,
1.407883815130E-3));
#6476=CARTESIAN_POINT('',(1.033856217223E-2,-1.075E-2,1.499999996561E-3));
#6478=DIRECTION('',(0.E0,0.E0,1.E0));
#6479=VECTOR('',#6478,1.900000000714E-2);
#6480=CARTESIAN_POINT('',(1.033856217223E-2,-1.075E-2,1.499999996561E-3));
#6481=LINE('',#6480,#6479);
#6482=CARTESIAN_POINT('',(1.033856217223E-2,-1.075E-2,2.050000000370E-2));
#6483=CARTESIAN_POINT('',(1.033856214668E-2,-1.074999955358E-2,
2.058853529726E-2));
#6484=CARTESIAN_POINT('',(1.033201395728E-2,-1.074432039706E-2,
2.077328455183E-2));
#6485=CARTESIAN_POINT('',(1.029598946593E-2,-1.071126287309E-2,
2.108373353027E-2));
#6486=CARTESIAN_POINT('',(1.023708273012E-2,-1.064895966369E-2,
2.139678635282E-2));
#6487=CARTESIAN_POINT('',(1.017351514519E-2,-1.056636833578E-2,
2.166808307457E-2));
#6488=CARTESIAN_POINT('',(1.013612472500E-2,-1.050497543281E-2,
2.181472912348E-2));
#6489=CARTESIAN_POINT('',(1.011918084450E-2,-1.047345312060E-2,
2.188079749116E-2));
#6491=CARTESIAN_POINT('',(1.1E-2,-1.1E-2,2.1E-2));
#6492=CARTESIAN_POINT('',(1.091580101846E-2,-1.1E-2,2.108419898154E-2));
#6493=CARTESIAN_POINT('',(1.075542260903E-2,-1.097875947692E-2,
2.124457727682E-2));
#6494=CARTESIAN_POINT('',(1.054659405188E-2,-1.090003431280E-2,
2.145340634765E-2));
#6495=CARTESIAN_POINT('',(1.036796657994E-2,-1.078418426866E-2,
2.163203193609E-2));
#6496=CARTESIAN_POINT('',(1.022316753109E-2,-1.064026177243E-2,
2.177683800526E-2));
#6497=CARTESIAN_POINT('',(1.014980061086E-2,-1.053040824528E-2,
2.185018746029E-2));
#6498=CARTESIAN_POINT('',(1.011918084450E-2,-1.047345312060E-2,
2.188079749116E-2));
#6500=DIRECTION('',(0.E0,0.E0,-1.E0));
#6501=VECTOR('',#6500,2.E-2);
#6502=CARTESIAN_POINT('',(1.1E-2,-1.1E-2,2.1E-2));
#6503=LINE('',#6502,#6501);
#6504=CARTESIAN_POINT('',(1.011916644294E-2,-1.047342603037E-2,
1.191779803183E-4));
#6505=CARTESIAN_POINT('',(1.014980329446E-2,-1.053042469863E-2,
1.498117581136E-4));
#6506=CARTESIAN_POINT('',(1.022317057195E-2,-1.064025972079E-2,
2.231666438387E-4));
#6507=CARTESIAN_POINT('',(1.036796941948E-2,-1.078418796843E-2,
3.679704723754E-4));
#6508=CARTESIAN_POINT('',(1.054659633096E-2,-1.090003496748E-2,
5.465960474854E-4));
#6509=CARTESIAN_POINT('',(1.075542396274E-2,-1.097875983478E-2,
7.554240437349E-4));
#6510=CARTESIAN_POINT('',(1.091580149958E-2,-1.1E-2,9.158014995768E-4));
#6511=CARTESIAN_POINT('',(1.1E-2,-1.1E-2,1.E-3));
#6513=CARTESIAN_POINT('',(9.916932086397E-3,-1.E-2,0.E0));
#6514=CARTESIAN_POINT('',(9.931313250945E-3,-1.004907433052E-2,0.E0));
#6515=CARTESIAN_POINT('',(9.966650705363E-3,-1.015071298339E-2,
7.225240601019E-6));
#6516=CARTESIAN_POINT('',(1.003549681855E-2,-1.031055098463E-2,
4.437609970479E-5));
#6517=CARTESIAN_POINT('',(1.009017801708E-2,-1.041949156776E-2,
9.019105143728E-5));
#6518=CARTESIAN_POINT('',(1.011916644294E-2,-1.047342603037E-2,
1.191779803183E-4));
#6520=CARTESIAN_POINT('',(9.892623155614E-3,-9.887291762886E-3,
-4.203841304467E-10));
#6521=CARTESIAN_POINT('',(9.894923416655E-3,-9.905485133867E-3,
-4.203841304467E-10));
#6522=CARTESIAN_POINT('',(9.901390559399E-3,-9.942453372227E-3,
2.101920651782E-10));
#6523=CARTESIAN_POINT('',(9.911246659954E-3,-9.980599033166E-3,0.E0));
#6524=CARTESIAN_POINT('',(9.916932086397E-3,-1.E-2,0.E0));
#6526=CARTESIAN_POINT('',(9.000005046813E-3,-9.999947737240E-3,
-4.364984561604E-4));
#6527=DIRECTION('',(-3.433399764563E-5,-9.682543797166E-1,2.499669077713E-1));
#6528=DIRECTION('',(8.926230211954E-1,1.126563783583E-1,4.365004953572E-1));
#6529=AXIS2_PLACEMENT_3D('',#6526,#6527,#6528);
#6531=CARTESIAN_POINT('',(9.000078461938E-3,-9.749977022059E-3,
5.317461780535E-4));
#6532=CARTESIAN_POINT('',(9.000080233170E-3,-9.789718913303E-3,
5.419997441461E-4));
#6533=CARTESIAN_POINT('',(9.009444705913E-3,-9.871302427550E-3,
5.682692535750E-4));
#6534=CARTESIAN_POINT('',(9.056275417156E-3,-9.997247341547E-3,
6.284148733555E-4));
#6535=CARTESIAN_POINT('',(9.136394509828E-3,-1.012079930190E-2,
7.110475465576E-4));
#6536=CARTESIAN_POINT('',(9.248135170161E-3,-1.023815700325E-2,
8.186793517994E-4));
#6537=CARTESIAN_POINT('',(9.380785141372E-3,-1.034041053141E-2,
9.499964377756E-4));
#6538=CARTESIAN_POINT('',(9.501522833577E-3,-1.041400477548E-2,
1.085614883431E-3));
#6539=CARTESIAN_POINT('',(9.597599435263E-3,-1.046372372849E-2,
1.220231168124E-3));
#6540=CARTESIAN_POINT('',(9.663810793272E-3,-1.049417745209E-2,
1.364046816265E-3));
#6541=CARTESIAN_POINT('',(9.677088547294E-3,-1.049999353504E-2,
1.455297357185E-3));
#6542=CARTESIAN_POINT('',(9.677124575281E-3,-1.05E-2,1.499999999390E-3));
#6544=CARTESIAN_POINT('',(9.E-3,-9.5E-3,1.5E-3));
#6545=DIRECTION('',(1.E0,0.E0,0.E0));
#6546=DIRECTION('',(0.E0,-2.499859173641E-1,-9.682494725636E-1));
#6547=AXIS2_PLACEMENT_3D('',#6544,#6545,#6546);
#6549=CARTESIAN_POINT('',(-9.E-3,-9.5E-3,1.5E-3));
#6550=DIRECTION('',(-1.E0,0.E0,0.E0));
#6551=DIRECTION('',(0.E0,0.E0,-1.E0));
#6552=AXIS2_PLACEMENT_3D('',#6549,#6550,#6551);
#6554=CARTESIAN_POINT('',(-9.000078819848E-3,-9.749977604224E-3,
5.317455071764E-4));
#6555=CARTESIAN_POINT('',(-9.000080185306E-3,-9.789368389753E-3,
5.419085495323E-4));
#6556=CARTESIAN_POINT('',(-9.009280361900E-3,-9.870127995365E-3,
5.678712275293E-4));
#6557=CARTESIAN_POINT('',(-9.055139685179E-3,-9.994694321021E-3,
6.270698583966E-4));
#6558=CARTESIAN_POINT('',(-9.133260228003E-3,-1.011661107560E-2,
7.079397587696E-4));
#6559=CARTESIAN_POINT('',(-9.242569423381E-3,-1.023315476581E-2,
8.133601591394E-4));
#6560=CARTESIAN_POINT('',(-9.375845950856E-3,-1.033719786782E-2,
9.448133876750E-4));
#6561=CARTESIAN_POINT('',(-9.500292748906E-3,-1.041343882811E-2,
1.083814709702E-3));
#6562=CARTESIAN_POINT('',(-9.598614591349E-3,-1.046422347347E-2,
1.221718879797E-3));
#6563=CARTESIAN_POINT('',(-9.664096971704E-3,-1.049429465533E-2,
1.365257127528E-3));
#6564=CARTESIAN_POINT('',(-9.677088401139E-3,-1.049999355916E-2,
1.455882335629E-3));
#6565=CARTESIAN_POINT('',(-9.677124327960E-3,-1.05E-2,1.499999999334E-3));
#6567=CARTESIAN_POINT('',(9.866025403784E-3,-9.5E-3,0.E0));
#6568=CARTESIAN_POINT('',(9.866025403784E-3,-9.541960328268E-3,0.E0));
#6569=CARTESIAN_POINT('',(9.868084526491E-3,-9.626585856249E-3,
-5.605121746036E-11));
#6570=CARTESIAN_POINT('',(9.877229541843E-3,-9.755023642652E-3,
1.961792608944E-10));
#6571=CARTESIAN_POINT('',(9.887015710392E-3,-9.842878909262E-3,
-4.203841304467E-10));
#6572=CARTESIAN_POINT('',(9.892623155614E-3,-9.887291762886E-3,
-4.203841304467E-10));
#6574=CARTESIAN_POINT('',(9.E-3,-9.5E-3,-5.E-4));
#6575=DIRECTION('',(0.E0,1.E0,0.E0));
#6576=DIRECTION('',(0.E0,0.E0,1.E0));
#6577=AXIS2_PLACEMENT_3D('',#6574,#6575,#6576);
#6579=DIRECTION('',(0.E0,-1.E0,0.E0));
#6580=VECTOR('',#6579,1.9E-2);
#6581=CARTESIAN_POINT('',(9.866025403784E-3,9.5E-3,0.E0));
#6582=LINE('',#6581,#6580);
#6583=DIRECTION('',(0.E0,1.E0,0.E0));
#6584=VECTOR('',#6583,1.9E-2);
#6585=CARTESIAN_POINT('',(9.E-3,-9.5E-3,5.E-4));
#6586=LINE('',#6585,#6584);
#6587=DIRECTION('',(-1.E0,0.E0,0.E0));
#6588=VECTOR('',#6587,1.8E-2);
#6589=CARTESIAN_POINT('',(9.E-3,9.5E-3,5.E-4));
#6590=LINE('',#6589,#6588);
#6591=DIRECTION('',(0.E0,-1.E0,0.E0));
#6592=VECTOR('',#6591,1.9E-2);
#6593=CARTESIAN_POINT('',(-9.E-3,9.5E-3,5.E-4));
#6594=LINE('',#6593,#6592);
#6595=DIRECTION('',(1.E0,0.E0,0.E0));
#6596=VECTOR('',#6595,1.8E-2);
#6597=CARTESIAN_POINT('',(-9.E-3,-9.5E-3,5.E-4));
#6598=LINE('',#6597,#6596);
#6599=CARTESIAN_POINT('',(9.000078819848E-3,9.749977604224E-3,
5.317455071764E-4));
#6600=CARTESIAN_POINT('',(9.000080185306E-3,9.789368389753E-3,
5.419085495323E-4));
#6601=CARTESIAN_POINT('',(9.009280361900E-3,9.870127995365E-3,
5.678712275293E-4));
#6602=CARTESIAN_POINT('',(9.055139685179E-3,9.994694321021E-3,
6.270698583966E-4));
#6603=CARTESIAN_POINT('',(9.133260228003E-3,1.011661107560E-2,
7.079397587696E-4));
#6604=CARTESIAN_POINT('',(9.242569423382E-3,1.023315476581E-2,
8.133601591394E-4));
#6605=CARTESIAN_POINT('',(9.375845950856E-3,1.033719786782E-2,
9.448133876750E-4));
#6606=CARTESIAN_POINT('',(9.500292748906E-3,1.041343882811E-2,
1.083814709702E-3));
#6607=CARTESIAN_POINT('',(9.598614591349E-3,1.046422347347E-2,
1.221718879797E-3));
#6608=CARTESIAN_POINT('',(9.664096971704E-3,1.049429465533E-2,
1.365257127528E-3));
#6609=CARTESIAN_POINT('',(9.677088401139E-3,1.049999355916E-2,
1.455882335629E-3));
#6610=CARTESIAN_POINT('',(9.677124327960E-3,1.05E-2,1.499999999334E-3));
#6612=CARTESIAN_POINT('',(-9.677122942403E-3,1.05E-2,1.499999999397E-3));
#6613=CARTESIAN_POINT('',(-9.677082964626E-3,1.049999292879E-2,
1.456096636142E-3));
#6614=CARTESIAN_POINT('',(-9.664316438087E-3,1.049436616950E-2,
1.363429066412E-3));
#6615=CARTESIAN_POINT('',(-9.592151018727E-3,1.046133165940E-2,
1.208773677086E-3));
#6616=CARTESIAN_POINT('',(-9.477441344104E-3,1.040082362157E-2,
1.056061909947E-3));
#6617=CARTESIAN_POINT('',(-9.355808183648E-3,1.032236783711E-2,
9.249537344578E-4));
#6618=CARTESIAN_POINT('',(-9.247071153946E-3,1.023522240187E-2,
8.178600830152E-4));
#6619=CARTESIAN_POINT('',(-9.155544751145E-3,1.014137328156E-2,
7.293908966619E-4));
#6620=CARTESIAN_POINT('',(-9.084291062427E-3,1.004349960251E-2,
6.578410406173E-4));
#6621=CARTESIAN_POINT('',(-9.034308414416E-3,9.943598570004E-3,
6.014763044552E-4));
#6622=CARTESIAN_POINT('',(-9.005767045124E-3,9.844593514672E-3,
5.593437683726E-4));
#6623=CARTESIAN_POINT('',(-9.000018053011E-3,9.780972642191E-3,
5.397477703245E-4));
#6624=CARTESIAN_POINT('',(-9.000017233968E-3,9.749994415882E-3,
5.317517645150E-4));
#6626=CARTESIAN_POINT('',(-9.E-3,9.5E-3,1.5E-3));
#6627=DIRECTION('',(-1.E0,0.E0,0.E0));
#6628=DIRECTION('',(0.E0,2.499965106761E-1,-9.682467374847E-1));
#6629=AXIS2_PLACEMENT_3D('',#6626,#6627,#6628);
#6631=CARTESIAN_POINT('',(9.E-3,9.5E-3,1.5E-3));
#6632=DIRECTION('',(1.E0,0.E0,0.E0));
#6633=DIRECTION('',(0.E0,0.E0,-1.E0));
#6634=AXIS2_PLACEMENT_3D('',#6631,#6632,#6633);
#6636=CARTESIAN_POINT('',(-9.677124344506E-3,1.149999999989E-2,
1.499992848964E-3));
#6637=DIRECTION('',(4.052511033048E-6,-3.574963686027E-6,-9.999999999854E-1));
#6638=DIRECTION('',(5.258987690050E-11,-9.999999999936E-1,3.574963686165E-6));
#6639=AXIS2_PLACEMENT_3D('',#6636,#6637,#6638);
#6641=CARTESIAN_POINT('',(-9.916932251916E-3,1.E-2,0.E0));
#6642=CARTESIAN_POINT('',(-9.931306403611E-3,1.004906998208E-2,0.E0));
#6643=CARTESIAN_POINT('',(-9.966652051456E-3,1.015070088802E-2,
7.225609327783E-6));
#6644=CARTESIAN_POINT('',(-1.003549343886E-2,1.031053523423E-2,
4.436487764612E-5));
#6645=CARTESIAN_POINT('',(-1.009018683057E-2,1.041950919592E-2,
9.020808977838E-5));
#6646=CARTESIAN_POINT('',(-1.011917657426E-2,1.047344491360E-2,
1.191956170838E-4));
#6648=CARTESIAN_POINT('',(-9.892621838538E-3,9.887297154240E-3,
1.771714406225E-10));
#6649=CARTESIAN_POINT('',(-9.894920030730E-3,9.905488287902E-3,
1.771714406225E-10));
#6650=CARTESIAN_POINT('',(-9.901385292369E-3,9.942453714128E-3,
-8.858572040159E-11));
#6651=CARTESIAN_POINT('',(-9.911248635294E-3,9.980597466082E-3,0.E0));
#6652=CARTESIAN_POINT('',(-9.916932251916E-3,1.E-2,0.E0));
#6654=CARTESIAN_POINT('',(-9.677124344468E-3,1.15E-2,2.05E-2));
#6655=DIRECTION('',(0.E0,0.E0,-1.E0));
#6656=DIRECTION('',(0.E0,-1.E0,0.E0));
#6657=AXIS2_PLACEMENT_3D('',#6654,#6655,#6656);
#6659=CARTESIAN_POINT('',(-9.000006555494E-3,9.999947908613E-3,
2.243649671444E-2));
#6660=DIRECTION('',(3.532649327268E-5,9.682544644805E-1,-2.499665792973E-1));
#6661=DIRECTION('',(6.555953667344E-6,-2.499665796721E-1,-9.682544650060E-1));
#6662=AXIS2_PLACEMENT_3D('',#6659,#6660,#6661);
#6664=CARTESIAN_POINT('',(-9.916932894053E-3,1.E-2,2.2E-2));
#6665=CARTESIAN_POINT('',(-9.911239700494E-3,9.980572375873E-3,2.2E-2));
#6666=CARTESIAN_POINT('',(-9.901376046474E-3,9.942399917620E-3,
2.199999973981E-2));
#6667=CARTESIAN_POINT('',(-9.894920376098E-3,9.905458583044E-3,
2.200000052039E-2));
#6668=CARTESIAN_POINT('',(-9.892623856110E-3,9.887292876667E-3,
2.200000052039E-2));
#6670=CARTESIAN_POINT('',(-1.011916719537E-2,1.047342762129E-2,
2.188081793683E-2));
#6671=CARTESIAN_POINT('',(-1.009006633755E-2,1.041928130789E-2,
2.190991839259E-2));
#6672=CARTESIAN_POINT('',(-1.003524510745E-2,1.031000633188E-2,
2.195578823007E-2));
#6673=CARTESIAN_POINT('',(-9.966693874067E-3,1.015078955668E-2,
2.199273729396E-2));
#6674=CARTESIAN_POINT('',(-9.931325794198E-3,1.004911476331E-2,2.2E-2));
#6675=CARTESIAN_POINT('',(-9.916932894053E-3,1.E-2,2.2E-2));
#6677=CARTESIAN_POINT('',(-1.033856217223E-2,1.075E-2,1.499999994463E-3));
#6678=CARTESIAN_POINT('',(-1.033856218926E-2,1.074999956534E-2,
1.409192448131E-3));
#6679=CARTESIAN_POINT('',(-1.033173458545E-2,1.074409083714E-2,
1.220586802832E-3));
#6680=CARTESIAN_POINT('',(-1.029398529881E-2,1.070935601667E-2,
9.029748930352E-4));
#6681=CARTESIAN_POINT('',(-1.023450692080E-2,1.064589468747E-2,
5.917190097042E-4));
#6682=CARTESIAN_POINT('',(-1.017241501801E-2,1.056461860224E-2,
3.276205262482E-4));
#6683=CARTESIAN_POINT('',(-1.013575320938E-2,1.050428370798E-2,
1.838511491168E-4));
#6684=CARTESIAN_POINT('',(-1.011917657426E-2,1.047344491360E-2,
1.191956170838E-4));
#6686=DIRECTION('',(0.E0,0.E0,-1.E0));
#6687=VECTOR('',#6686,1.900000000691E-2);
#6688=CARTESIAN_POINT('',(-1.033856217223E-2,1.075E-2,2.050000000137E-2));
#6689=LINE('',#6688,#6687);
#6690=CARTESIAN_POINT('',(-1.011916719537E-2,1.047342762129E-2,
2.188081793683E-2));
#6691=CARTESIAN_POINT('',(-1.014040662936E-2,1.051294567737E-2,
2.179798242908E-2));
#6692=CARTESIAN_POINT('',(-1.018396765243E-2,1.058160014644E-2,
2.162668821923E-2));
#6693=CARTESIAN_POINT('',(-1.024768051155E-2,1.066071786313E-2,
2.134509641470E-2));
#6694=CARTESIAN_POINT('',(-1.029789847433E-2,1.071285517796E-2,
2.106662276999E-2));
#6695=CARTESIAN_POINT('',(-1.033172398958E-2,1.074409749158E-2,
2.077400766464E-2));
#6696=CARTESIAN_POINT('',(-1.033856226844E-2,1.074999955253E-2,
2.059056728562E-2));
#6697=CARTESIAN_POINT('',(-1.033856217223E-2,1.075E-2,2.050000000137E-2));
#6699=CARTESIAN_POINT('',(-1.1E-2,1.1E-2,2.1E-2));
#6700=CARTESIAN_POINT('',(-1.091580101724E-2,1.1E-2,2.108419898276E-2));
#6701=CARTESIAN_POINT('',(-1.075542261028E-2,1.097875958417E-2,
2.124457728684E-2));
#6702=CARTESIAN_POINT('',(-1.054659402963E-2,1.090003393258E-2,
2.145340633046E-2));
#6703=CARTESIAN_POINT('',(-1.036796663377E-2,1.078418566530E-2,
2.163203202878E-2));
#6704=CARTESIAN_POINT('',(-1.022316729551E-2,1.064025653195E-2,
2.177683769420E-2));
#6705=CARTESIAN_POINT('',(-1.014980109493E-2,1.053041950595E-2,
2.185018815405E-2));
#6706=CARTESIAN_POINT('',(-1.011916719537E-2,1.047342762129E-2,
2.188081793683E-2));
#6708=DIRECTION('',(0.E0,0.E0,-1.E0));
#6709=VECTOR('',#6708,2.E-2);
#6710=CARTESIAN_POINT('',(-1.1E-2,1.1E-2,2.1E-2));
#6711=LINE('',#6710,#6709);
#6712=CARTESIAN_POINT('',(-1.011917657426E-2,1.047344491360E-2,
1.191956170838E-4));
#6713=CARTESIAN_POINT('',(-1.014980325702E-2,1.053041733538E-2,
1.498152083901E-4));
#6714=CARTESIAN_POINT('',(-1.022316960315E-2,1.064026185333E-2,
2.231640563440E-4));
#6715=CARTESIAN_POINT('',(-1.036796883833E-2,1.078418667213E-2,
3.679703251070E-4));
#6716=CARTESIAN_POINT('',(-1.054659578718E-2,1.090003493669E-2,
5.465953868948E-4));
#6717=CARTESIAN_POINT('',(-1.075542365684E-2,1.097875971821E-2,
7.554237712100E-4));
#6718=CARTESIAN_POINT('',(-1.091580138889E-2,1.1E-2,9.158013888866E-4));
#6719=CARTESIAN_POINT('',(-1.1E-2,1.1E-2,1.E-3));
#6721=DIRECTION('',(-1.E0,0.E0,0.E0));
#6722=VECTOR('',#6721,9.583067105947E-3);
#6723=CARTESIAN_POINT('',(-9.916932894053E-3,1.E-2,2.2E-2));
#6724=LINE('',#6723,#6722);
#6725=CARTESIAN_POINT('',(-1.95E-2,1.E-2,2.1E-2));
#6726=DIRECTION('',(0.E0,1.E0,0.E0));
#6727=DIRECTION('',(-1.E0,0.E0,0.E0));
#6728=AXIS2_PLACEMENT_3D('',#6725,#6726,#6727);
#6730=CARTESIAN_POINT('',(-1.95E-2,1.E-2,2.1E-2));
#6731=DIRECTION('',(0.E0,0.E0,1.E0));
#6732=DIRECTION('',(0.E0,1.E0,0.E0));
#6733=AXIS2_PLACEMENT_3D('',#6730,#6731,#6732);
#6735=CARTESIAN_POINT('',(-1.95E-2,1.E-2,2.1E-2));
#6736=DIRECTION('',(-1.E0,0.E0,0.E0));
#6737=DIRECTION('',(0.E0,0.E0,1.E0));
#6738=AXIS2_PLACEMENT_3D('',#6735,#6736,#6737);
#6740=DIRECTION('',(0.E0,0.E0,-1.E0));
#6741=VECTOR('',#6740,2.E-2);
#6742=CARTESIAN_POINT('',(-2.05E-2,-1.E-2,2.1E-2));
#6743=LINE('',#6742,#6741);
#6744=DIRECTION('',(0.E0,1.E0,0.E0));
#6745=VECTOR('',#6744,2.E-2);
#6746=CARTESIAN_POINT('',(-2.05E-2,-1.E-2,1.E-3));
#6747=LINE('',#6746,#6745);
#6748=DIRECTION('',(0.E0,0.E0,-1.E0));
#6749=VECTOR('',#6748,2.E-2);
#6750=CARTESIAN_POINT('',(-2.05E-2,1.E-2,2.1E-2));
#6751=LINE('',#6750,#6749);
#6752=DIRECTION('',(0.E0,-1.E0,0.E0));
#6753=VECTOR('',#6752,2.E-2);
#6754=CARTESIAN_POINT('',(-2.05E-2,1.E-2,2.1E-2));
#6755=LINE('',#6754,#6753);
#6756=DIRECTION('',(0.E0,0.E0,-1.E0));
#6757=VECTOR('',#6756,2.E-2);
#6758=CARTESIAN_POINT('',(-1.95E-2,-1.1E-2,2.1E-2));
#6759=LINE('',#6758,#6757);
#6760=DIRECTION('',(1.E0,0.E0,0.E0));
#6761=VECTOR('',#6760,8.5E-3);
#6762=CARTESIAN_POINT('',(-1.95E-2,-1.1E-2,2.1E-2));
#6763=LINE('',#6762,#6761);
#6764=DIRECTION('',(-1.E0,0.E0,0.E0));
#6765=VECTOR('',#6764,8.5E-3);
#6766=CARTESIAN_POINT('',(-1.1E-2,-1.1E-2,1.E-3));
#6767=LINE('',#6766,#6765);
#6768=DIRECTION('',(1.E0,0.E0,0.E0));
#6769=VECTOR('',#6768,8.5E-3);
#6770=CARTESIAN_POINT('',(1.1E-2,-1.1E-2,2.1E-2));
#6771=LINE('',#6770,#6769);
#6772=DIRECTION('',(0.E0,0.E0,-1.E0));
#6773=VECTOR('',#6772,2.E-2);
#6774=CARTESIAN_POINT('',(1.95E-2,-1.1E-2,2.1E-2));
#6775=LINE('',#6774,#6773);
#6776=DIRECTION('',(-1.E0,0.E0,0.E0));
#6777=VECTOR('',#6776,8.5E-3);
#6778=CARTESIAN_POINT('',(1.95E-2,-1.1E-2,1.E-3));
#6779=LINE('',#6778,#6777);
#6780=DIRECTION('',(1.E0,0.E0,0.E0));
#6781=VECTOR('',#6780,9.583067748084E-3);
#6782=CARTESIAN_POINT('',(-1.95E-2,-1.E-2,2.2E-2));
#6783=LINE('',#6782,#6781);
#6784=CARTESIAN_POINT('',(-9.677124344506E-3,-1.149999999989E-2,
2.050000715104E-2));
#6785=DIRECTION('',(4.052511029345E-6,3.574963681604E-6,9.999999999854E-1));
#6786=DIRECTION('',(5.258987690050E-11,9.999999999936E-1,-3.574963682913E-6));
#6787=AXIS2_PLACEMENT_3D('',#6784,#6785,#6786);
#6789=CARTESIAN_POINT('',(-9.916932251916E-3,-1.E-2,2.2E-2));
#6790=CARTESIAN_POINT('',(-9.931306403611E-3,-1.004906998208E-2,2.2E-2));
#6791=CARTESIAN_POINT('',(-9.966652051456E-3,-1.015070088802E-2,
2.199277439067E-2));
#6792=CARTESIAN_POINT('',(-1.003549343886E-2,-1.031053523423E-2,
2.195563512235E-2));
#6793=CARTESIAN_POINT('',(-1.009018683057E-2,-1.041950919592E-2,
2.190979191022E-2));
#6794=CARTESIAN_POINT('',(-1.011917657426E-2,-1.047344491360E-2,
2.188080438292E-2));
#6796=CARTESIAN_POINT('',(-9.892621838538E-3,-9.887297154240E-3,
2.199999982283E-2));
#6797=CARTESIAN_POINT('',(-9.894920030730E-3,-9.905488287902E-3,
2.199999982283E-2));
#6798=CARTESIAN_POINT('',(-9.901385292369E-3,-9.942453714128E-3,
2.200000008859E-2));
#6799=CARTESIAN_POINT('',(-9.911248635294E-3,-9.980597466082E-3,2.2E-2));
#6800=CARTESIAN_POINT('',(-9.916932251916E-3,-1.E-2,2.2E-2));
#6802=CARTESIAN_POINT('',(9.677122775635E-3,-1.05E-2,2.050000000066E-2));
#6803=CARTESIAN_POINT('',(9.677083892856E-3,-1.049999312169E-2,
2.054246016076E-2));
#6804=CARTESIAN_POINT('',(9.665083893641E-3,-1.049467662065E-2,
2.063240968204E-2));
#6805=CARTESIAN_POINT('',(9.597353392761E-3,-1.046381004225E-2,
2.078218340028E-2));
#6806=CARTESIAN_POINT('',(9.485584620429E-3,-1.040552845439E-2,
2.093439499204E-2));
#6807=CARTESIAN_POINT('',(9.362414140441E-3,-1.032715858447E-2,
2.106839011455E-2));
#6808=CARTESIAN_POINT('',(9.251315897057E-3,-1.023913226457E-2,
2.117802566016E-2));
#6809=CARTESIAN_POINT('',(9.158259612214E-3,-1.014463962856E-2,
2.126795356137E-2));
#6810=CARTESIAN_POINT('',(9.085703569954E-3,-1.004587010939E-2,
2.134068264229E-2));
#6811=CARTESIAN_POINT('',(9.034950585297E-3,-9.945270941162E-3,
2.139772628564E-2));
#6812=CARTESIAN_POINT('',(9.005928797199E-3,-9.845644067871E-3,
2.144030389696E-2));
#6813=CARTESIAN_POINT('',(8.999983755346E-3,-9.781354561081E-3,
2.146015148686E-2));
#6814=CARTESIAN_POINT('',(8.999983953643E-3,-9.750005103984E-3,
2.146824671593E-2));
#6816=CARTESIAN_POINT('',(-9.677122942403E-3,-1.05E-2,2.050000000060E-2));
#6817=CARTESIAN_POINT('',(-9.677082964626E-3,-1.049999292879E-2,
2.054390336386E-2));
#6818=CARTESIAN_POINT('',(-9.664316438087E-3,-1.049436616950E-2,
2.063657093359E-2));
#6819=CARTESIAN_POINT('',(-9.592151018726E-3,-1.046133165940E-2,
2.079122632292E-2));
#6820=CARTESIAN_POINT('',(-9.477441344103E-3,-1.040082362157E-2,
2.094393809005E-2));
#6821=CARTESIAN_POINT('',(-9.355808183647E-3,-1.032236783711E-2,
2.107504626554E-2));
#6822=CARTESIAN_POINT('',(-9.247071153945E-3,-1.023522240187E-2,
2.118213991699E-2));
#6823=CARTESIAN_POINT('',(-9.155544751144E-3,-1.014137328156E-2,
2.127060910334E-2));
#6824=CARTESIAN_POINT('',(-9.084291062427E-3,-1.004349960251E-2,
2.134215895938E-2));
#6825=CARTESIAN_POINT('',(-9.034308414416E-3,-9.943598570003E-3,
2.139852369554E-2));
#6826=CARTESIAN_POINT('',(-9.005767045124E-3,-9.844593514672E-3,
2.144065623163E-2));
#6827=CARTESIAN_POINT('',(-9.000018053011E-3,-9.780972642191E-3,
2.146025222968E-2));
#6828=CARTESIAN_POINT('',(-9.000017233968E-3,-9.749994415882E-3,
2.146824823548E-2));
#6830=CARTESIAN_POINT('',(-9.E-3,-9.5E-3,2.05E-2));
#6831=DIRECTION('',(-1.E0,0.E0,0.E0));
#6832=DIRECTION('',(0.E0,-2.499965106761E-1,9.682467374847E-1));
#6833=AXIS2_PLACEMENT_3D('',#6830,#6831,#6832);
#6835=CARTESIAN_POINT('',(9.E-3,-9.5E-3,2.05E-2));
#6836=DIRECTION('',(-1.E0,0.E0,0.E0));
#6837=DIRECTION('',(0.E0,-2.500027431759E-1,9.682451282627E-1));
#6838=AXIS2_PLACEMENT_3D('',#6835,#6836,#6837);
#6840=CARTESIAN_POINT('',(9.677124344495E-3,-1.149999999991E-2,
2.050000620297E-2));
#6841=DIRECTION('',(-3.515180288911E-6,3.100977729624E-6,9.999999999890E-1));
#6842=DIRECTION('',(6.614378277758E-1,7.499999999915E-1,-6.600830993203E-10));
#6843=AXIS2_PLACEMENT_3D('',#6840,#6841,#6842);
#6845=CARTESIAN_POINT('',(9.916931246842E-3,-1.E-2,2.2E-2));
#6846=CARTESIAN_POINT('',(9.911241236850E-3,-9.980572053801E-3,2.2E-2));
#6847=CARTESIAN_POINT('',(9.901377209072E-3,-9.942402266278E-3,
2.200000015197E-2));
#6848=CARTESIAN_POINT('',(9.894915667826E-3,-9.905466154421E-3,
2.199999969606E-2));
#6849=CARTESIAN_POINT('',(9.892622828350E-3,-9.887302945944E-3,
2.199999969606E-2));
#6851=CARTESIAN_POINT('',(1.011918084450E-2,-1.047345312060E-2,
2.188079749116E-2));
#6852=CARTESIAN_POINT('',(1.009007837822E-2,-1.041930536554E-2,
2.190989872591E-2));
#6853=CARTESIAN_POINT('',(1.003524022629E-2,-1.030998831402E-2,
2.195579961896E-2));
#6854=CARTESIAN_POINT('',(9.966702943647E-3,-1.015079671402E-2,
2.199273341320E-2));
#6855=CARTESIAN_POINT('',(9.931317274018E-3,-1.004911959072E-2,2.2E-2));
#6856=CARTESIAN_POINT('',(9.916931246842E-3,-1.E-2,2.2E-2));
#6858=CARTESIAN_POINT('',(9.677124344468E-3,-1.15E-2,1.5E-3));
#6859=DIRECTION('',(0.E0,0.E0,1.E0));
#6860=DIRECTION('',(6.614378277661E-1,7.5E-1,0.E0));
#6861=AXIS2_PLACEMENT_3D('',#6858,#6859,#6860);
#6863=DIRECTION('',(-9.471819344299E-8,-2.514436027642E-13,1.E0));
#6864=VECTOR('',#6863,1.900000000127E-2);
#6865=CARTESIAN_POINT('',(9.677124575281E-3,-1.05E-2,1.499999999390E-3));
#6866=LINE('',#6865,#6864);
#6867=DIRECTION('',(1.E0,0.E0,2.894324338075E-12));
#6868=VECTOR('',#6867,1.935424890324E-2);
#6869=CARTESIAN_POINT('',(-9.677124327960E-3,-1.05E-2,1.499999999334E-3));
#6870=LINE('',#6869,#6868);
#6871=DIRECTION('',(7.292403860473E-8,-2.067972985697E-13,1.E0));
#6872=VECTOR('',#6871,1.900000000127E-2);
#6873=CARTESIAN_POINT('',(-9.677124327960E-3,-1.05E-2,1.499999999334E-3));
#6874=LINE('',#6873,#6872);
#6875=DIRECTION('',(-1.E0,5.010324025014E-14,-3.146734452060E-12));
#6876=VECTOR('',#6875,1.935424571804E-2);
#6877=CARTESIAN_POINT('',(9.677122775635E-3,-1.05E-2,2.050000000066E-2));
#6878=LINE('',#6877,#6876);
#6879=CARTESIAN_POINT('',(-9.677124344468E-3,-1.15E-2,1.5E-3));
#6880=DIRECTION('',(0.E0,0.E0,1.E0));
#6881=DIRECTION('',(0.E0,1.E0,0.E0));
#6882=AXIS2_PLACEMENT_3D('',#6879,#6880,#6881);
#6884=CARTESIAN_POINT('',(-9.000006607574E-3,-9.999947981551E-3,
-4.364966381334E-4));
#6885=DIRECTION('',(3.532174935295E-5,-9.682544570495E-1,2.499666080822E-1));
#6886=DIRECTION('',(6.608034563526E-6,2.499666084587E-1,9.682544575740E-1));
#6887=AXIS2_PLACEMENT_3D('',#6884,#6885,#6886);
#6889=CARTESIAN_POINT('',(-9.916932922618E-3,-1.E-2,0.E0));
#6890=CARTESIAN_POINT('',(-9.911239739996E-3,-9.980572387763E-3,0.E0));
#6891=CARTESIAN_POINT('',(-9.901375961423E-3,-9.942399988138E-3,
2.618799704181E-10));
#6892=CARTESIAN_POINT('',(-9.894920388028E-3,-9.905458639728E-3,
-5.237599409266E-10));
#6893=CARTESIAN_POINT('',(-9.892623881244E-3,-9.887292926457E-3,
-5.237599409266E-10));
#6895=CARTESIAN_POINT('',(-1.011916734851E-2,-1.047342793464E-2,
1.191825506047E-4));
#6896=CARTESIAN_POINT('',(-1.009006678659E-2,-1.041928204287E-2,
9.008233883659E-5));
#6897=CARTESIAN_POINT('',(-1.003524536459E-2,-1.031000702963E-2,
4.421179510264E-5));
#6898=CARTESIAN_POINT('',(-9.966694049845E-3,-1.015078989074E-2,
7.262789037957E-6));
#6899=CARTESIAN_POINT('',(-9.931325840453E-3,-1.004911488796E-2,0.E0));
#6900=CARTESIAN_POINT('',(-9.916932922618E-3,-1.E-2,0.E0));
#6902=CARTESIAN_POINT('',(-1.011916734851E-2,-1.047342793464E-2,
1.191825506047E-4));
#6903=CARTESIAN_POINT('',(-1.014035984575E-2,-1.051285874329E-2,
2.018337583977E-4));
#6904=CARTESIAN_POINT('',(-1.018390039953E-2,-1.058153769892E-2,
3.729904293787E-4));
#6905=CARTESIAN_POINT('',(-1.024803967598E-2,-1.066114258301E-2,
6.565263173283E-4));
#6906=CARTESIAN_POINT('',(-1.029820232259E-2,-1.071314194336E-2,
9.354593260393E-4));
#6907=CARTESIAN_POINT('',(-1.033177986340E-2,-1.074414508835E-2,
1.227076002816E-3));
#6908=CARTESIAN_POINT('',(-1.033856224349E-2,-1.074999954545E-2,
1.409848163728E-3));
#6909=CARTESIAN_POINT('',(-1.033856217223E-2,-1.075E-2,1.499999994773E-3));
#6911=CARTESIAN_POINT('',(-1.1E-2,-1.1E-2,1.E-3));
#6912=CARTESIAN_POINT('',(-1.091580099116E-2,-1.1E-2,9.158009911600E-4));
#6913=CARTESIAN_POINT('',(-1.075542253741E-2,-1.097875957064E-2,
7.554226426236E-4));
#6914=CARTESIAN_POINT('',(-1.054659390433E-2,-1.090003387653E-2,
5.465935360652E-4));
#6915=CARTESIAN_POINT('',(-1.036796648640E-2,-1.078418554112E-2,
3.679678542306E-4));
#6916=CARTESIAN_POINT('',(-1.022316710627E-2,-1.064025635823E-2,
2.231620032088E-4));
#6917=CARTESIAN_POINT('',(-1.014980100204E-2,-1.053041922801E-2,
1.498119973071E-4));
#6918=CARTESIAN_POINT('',(-1.011916734851E-2,-1.047342793464E-2,
1.191825506047E-4));
#6920=DIRECTION('',(0.E0,0.E0,1.E0));
#6921=VECTOR('',#6920,2.E-2);
#6922=CARTESIAN_POINT('',(-1.1E-2,-1.1E-2,1.E-3));
#6923=LINE('',#6922,#6921);
#6924=CARTESIAN_POINT('',(-1.011917657426E-2,-1.047344491360E-2,
2.188080438292E-2));
#6925=CARTESIAN_POINT('',(-1.014980325702E-2,-1.053041733538E-2,
2.185018479161E-2));
#6926=CARTESIAN_POINT('',(-1.022316960315E-2,-1.064026185333E-2,
2.177683594366E-2));
#6927=CARTESIAN_POINT('',(-1.036796883833E-2,-1.078418667213E-2,
2.163202967489E-2));
#6928=CARTESIAN_POINT('',(-1.054659578718E-2,-1.090003493669E-2,
2.145340461311E-2));
#6929=CARTESIAN_POINT('',(-1.075542365684E-2,-1.097875971821E-2,
2.124457622879E-2));
#6930=CARTESIAN_POINT('',(-1.091580138889E-2,-1.1E-2,2.108419861111E-2));
#6931=CARTESIAN_POINT('',(-1.1E-2,-1.1E-2,2.1E-2));
#6933=CARTESIAN_POINT('',(-1.033856217223E-2,-1.075E-2,2.050000000554E-2));
#6934=CARTESIAN_POINT('',(-1.033856218926E-2,-1.074999956534E-2,
2.059080755187E-2));
#6935=CARTESIAN_POINT('',(-1.033173458545E-2,-1.074409083714E-2,
2.077941319717E-2));
#6936=CARTESIAN_POINT('',(-1.029398529881E-2,-1.070935601667E-2,
2.109702510697E-2));
#6937=CARTESIAN_POINT('',(-1.023450692080E-2,-1.064589468747E-2,
2.140828099030E-2));
#6938=CARTESIAN_POINT('',(-1.017241501801E-2,-1.056461860224E-2,
2.167237947375E-2));
#6939=CARTESIAN_POINT('',(-1.013575320938E-2,-1.050428370798E-2,
2.181614885088E-2));
#6940=CARTESIAN_POINT('',(-1.011917657426E-2,-1.047344491360E-2,
2.188080438292E-2));
#6942=DIRECTION('',(0.E0,0.E0,1.E0));
#6943=VECTOR('',#6942,1.900000001076E-2);
#6944=CARTESIAN_POINT('',(-1.033856217223E-2,-1.075E-2,1.499999994773E-3));
#6945=LINE('',#6944,#6943);
#6946=DIRECTION('',(-1.E0,0.E0,0.E0));
#6947=VECTOR('',#6946,9.583067077382E-3);
#6948=CARTESIAN_POINT('',(-9.916932922618E-3,-1.E-2,0.E0));
#6949=LINE('',#6948,#6947);
#6950=CARTESIAN_POINT('',(-1.95E-2,-1.E-2,1.E-3));
#6951=DIRECTION('',(0.E0,-1.E0,0.E0));
#6952=DIRECTION('',(-1.E0,0.E0,0.E0));
#6953=AXIS2_PLACEMENT_3D('',#6950,#6951,#6952);
#6955=CARTESIAN_POINT('',(-1.95E-2,-1.E-2,1.E-3));
#6956=DIRECTION('',(0.E0,0.E0,-1.E0));
#6957=DIRECTION('',(0.E0,-1.E0,0.E0));
#6958=AXIS2_PLACEMENT_3D('',#6955,#6956,#6957);
#6960=CARTESIAN_POINT('',(-1.95E-2,-1.E-2,1.E-3));
#6961=DIRECTION('',(-1.E0,0.E0,0.E0));
#6962=DIRECTION('',(0.E0,0.E0,-1.E0));
#6963=AXIS2_PLACEMENT_3D('',#6960,#6961,#6962);
#6965=CARTESIAN_POINT('',(-1.95E-2,1.E-2,1.E-3));
#6966=DIRECTION('',(-1.E0,0.E0,0.E0));
#6967=DIRECTION('',(0.E0,1.E0,0.E0));
#6968=AXIS2_PLACEMENT_3D('',#6965,#6966,#6967);
#6970=CARTESIAN_POINT('',(-1.95E-2,1.E-2,1.E-3));
#6971=DIRECTION('',(0.E0,0.E0,-1.E0));
#6972=DIRECTION('',(-1.E0,0.E0,0.E0));
#6973=AXIS2_PLACEMENT_3D('',#6970,#6971,#6972);
#6975=CARTESIAN_POINT('',(-1.95E-2,1.E-2,1.E-3));
#6976=DIRECTION('',(0.E0,1.E0,0.E0));
#6977=DIRECTION('',(0.E0,0.E0,-1.E0));
#6978=AXIS2_PLACEMENT_3D('',#6975,#6976,#6977);
#6980=DIRECTION('',(1.E0,0.E0,0.E0));
#6981=VECTOR('',#6980,9.583067748084E-3);
#6982=CARTESIAN_POINT('',(-1.95E-2,1.E-2,0.E0));
#6983=LINE('',#6982,#6981);
#6984=DIRECTION('',(-1.E0,0.E0,0.E0));
#6985=VECTOR('',#6984,8.5E-3);
#6986=CARTESIAN_POINT('',(-1.1E-2,1.1E-2,2.1E-2));
#6987=LINE('',#6986,#6985);
#6988=DIRECTION('',(0.E0,0.E0,-1.E0));
#6989=VECTOR('',#6988,2.E-2);
#6990=CARTESIAN_POINT('',(-1.95E-2,1.1E-2,2.1E-2));
#6991=LINE('',#6990,#6989);
#6992=DIRECTION('',(1.E0,0.E0,0.E0));
#6993=VECTOR('',#6992,8.5E-3);
#6994=CARTESIAN_POINT('',(-1.95E-2,1.1E-2,1.E-3));
#6995=LINE('',#6994,#6993);
#6996=DIRECTION('',(0.E0,0.E0,-1.E0));
#6997=VECTOR('',#6996,2.E-2);
#6998=CARTESIAN_POINT('',(1.95E-2,1.1E-2,2.1E-2));
#6999=LINE('',#6998,#6997);
#7000=DIRECTION('',(-1.E0,0.E0,0.E0));
#7001=VECTOR('',#7000,8.5E-3);
#7002=CARTESIAN_POINT('',(1.95E-2,1.1E-2,2.1E-2));
#7003=LINE('',#7002,#7001);
#7004=DIRECTION('',(1.E0,0.E0,0.E0));
#7005=VECTOR('',#7004,8.5E-3);
#7006=CARTESIAN_POINT('',(1.1E-2,1.1E-2,1.E-3));
#7007=LINE('',#7006,#7005);
#7008=CARTESIAN_POINT('',(1.95E-2,1.E-2,1.E-3));
#7009=DIRECTION('',(0.E0,1.E0,0.E0));
#7010=DIRECTION('',(1.E0,0.E0,0.E0));
#7011=AXIS2_PLACEMENT_3D('',#7008,#7009,#7010);
#7013=CARTESIAN_POINT('',(1.95E-2,1.E-2,1.E-3));
#7014=DIRECTION('',(0.E0,0.E0,-1.E0));
#7015=DIRECTION('',(0.E0,1.E0,0.E0));
#7016=AXIS2_PLACEMENT_3D('',#7013,#7014,#7015);
#7018=CARTESIAN_POINT('',(1.95E-2,1.E-2,1.E-3));
#7019=DIRECTION('',(1.E0,0.E0,0.E0));
#7020=DIRECTION('',(0.E0,0.E0,-1.E0));
#7021=AXIS2_PLACEMENT_3D('',#7018,#7019,#7020);
#7023=CARTESIAN_POINT('',(1.95E-2,-1.E-2,1.E-3));
#7024=DIRECTION('',(1.E0,0.E0,0.E0));
#7025=DIRECTION('',(0.E0,-1.E0,0.E0));
#7026=AXIS2_PLACEMENT_3D('',#7023,#7024,#7025);
#7028=CARTESIAN_POINT('',(1.95E-2,-1.E-2,1.E-3));
#7029=DIRECTION('',(0.E0,0.E0,-1.E0));
#7030=DIRECTION('',(1.E0,0.E0,0.E0));
#7031=AXIS2_PLACEMENT_3D('',#7028,#7029,#7030);
#7033=CARTESIAN_POINT('',(1.95E-2,-1.E-2,1.E-3));
#7034=DIRECTION('',(0.E0,-1.E0,0.E0));
#7035=DIRECTION('',(0.E0,0.E0,-1.E0));
#7036=AXIS2_PLACEMENT_3D('',#7033,#7034,#7035);
#7038=DIRECTION('',(-1.E0,0.E0,0.E0));
#7039=VECTOR('',#7038,9.583067913603E-3);
#7040=CARTESIAN_POINT('',(1.95E-2,-1.E-2,0.E0));
#7041=LINE('',#7040,#7039);
#7042=DIRECTION('',(0.E0,0.E0,-1.E0));
#7043=VECTOR('',#7042,2.E-2);
#7044=CARTESIAN_POINT('',(2.05E-2,1.E-2,2.1E-2));
#7045=LINE('',#7044,#7043);
#7046=DIRECTION('',(0.E0,-1.E0,0.E0));
#7047=VECTOR('',#7046,2.E-2);
#7048=CARTESIAN_POINT('',(2.05E-2,1.E-2,1.E-3));
#7049=LINE('',#7048,#7047);
#7050=DIRECTION('',(0.E0,0.E0,-1.E0));
#7051=VECTOR('',#7050,2.E-2);
#7052=CARTESIAN_POINT('',(2.05E-2,-1.E-2,2.1E-2));
#7053=LINE('',#7052,#7051);
#7054=DIRECTION('',(0.E0,1.E0,0.E0));
#7055=VECTOR('',#7054,2.E-2);
#7056=CARTESIAN_POINT('',(2.05E-2,-1.E-2,2.1E-2));
#7057=LINE('',#7056,#7055);
#7058=CARTESIAN_POINT('',(1.95E-2,-1.E-2,2.1E-2));
#7059=DIRECTION('',(0.E0,-1.E0,0.E0));
#7060=DIRECTION('',(1.E0,0.E0,0.E0));
#7061=AXIS2_PLACEMENT_3D('',#7058,#7059,#7060);
#7063=CARTESIAN_POINT('',(1.95E-2,-1.E-2,2.1E-2));
#7064=DIRECTION('',(0.E0,0.E0,1.E0));
#7065=DIRECTION('',(0.E0,-1.E0,0.E0));
#7066=AXIS2_PLACEMENT_3D('',#7063,#7064,#7065);
#7068=CARTESIAN_POINT('',(1.95E-2,-1.E-2,2.1E-2));
#7069=DIRECTION('',(1.E0,0.E0,0.E0));
#7070=DIRECTION('',(0.E0,0.E0,1.E0));
#7071=AXIS2_PLACEMENT_3D('',#7068,#7069,#7070);
#7073=CARTESIAN_POINT('',(1.95E-2,1.E-2,2.1E-2));
#7074=DIRECTION('',(1.E0,0.E0,0.E0));
#7075=DIRECTION('',(0.E0,1.E0,0.E0));
#7076=AXIS2_PLACEMENT_3D('',#7073,#7074,#7075);
#7078=CARTESIAN_POINT('',(1.95E-2,1.E-2,2.1E-2));
#7079=DIRECTION('',(0.E0,0.E0,1.E0));
#7080=DIRECTION('',(1.E0,0.E0,0.E0));
#7081=AXIS2_PLACEMENT_3D('',#7078,#7079,#7080);
#7083=CARTESIAN_POINT('',(1.95E-2,1.E-2,2.1E-2));
#7084=DIRECTION('',(0.E0,1.E0,0.E0));
#7085=DIRECTION('',(0.E0,0.E0,1.E0));
#7086=AXIS2_PLACEMENT_3D('',#7083,#7084,#7085);
#7088=CARTESIAN_POINT('',(-9.892623881244E-3,-9.887292926457E-3,
-5.237599409266E-10));
#7089=CARTESIAN_POINT('',(-9.887005927675E-3,-9.842796890768E-3,
-5.237599409266E-10));
#7090=CARTESIAN_POINT('',(-9.877210787233E-3,-9.754830740585E-3,
2.444213057513E-10));
#7091=CARTESIAN_POINT('',(-9.868079773644E-3,-9.626454109711E-3,
-6.983465873961E-11));
#7092=CARTESIAN_POINT('',(-9.866025403784E-3,-9.541904122934E-3,0.E0));
#7093=CARTESIAN_POINT('',(-9.866025403784E-3,-9.5E-3,0.E0));
#7095=DIRECTION('',(0.E0,1.E0,0.E0));
#7096=VECTOR('',#7095,1.9E-2);
#7097=CARTESIAN_POINT('',(-9.866025403784E-3,-9.5E-3,0.E0));
#7098=LINE('',#7097,#7096);
#7099=CARTESIAN_POINT('',(-9.E-3,-9.5E-3,-5.E-4));
#7100=DIRECTION('',(0.E0,-1.E0,0.E0));
#7101=DIRECTION('',(0.E0,0.E0,1.E0));
#7102=AXIS2_PLACEMENT_3D('',#7099,#7100,#7101);
#7104=CARTESIAN_POINT('',(-9.E-3,9.999995779371E-3,-4.364927628606E-4));
#7105=DIRECTION('',(0.E0,-9.682463814303E-1,-2.499978896854E-1));
#7106=DIRECTION('',(0.E0,-2.499978896854E-1,9.682463814303E-1));
#7107=AXIS2_PLACEMENT_3D('',#7104,#7105,#7106);
#7109=CARTESIAN_POINT('',(-9.866025403784E-3,9.5E-3,0.E0));
#7110=CARTESIAN_POINT('',(-9.866025403784E-3,9.541960884030E-3,0.E0));
#7111=CARTESIAN_POINT('',(-9.868084317083E-3,9.626587565693E-3,
2.362285854728E-11));
#7112=CARTESIAN_POINT('',(-9.877230754021E-3,9.755026819636E-3,
-8.268000556600E-11));
#7113=CARTESIAN_POINT('',(-9.887014239616E-3,9.842883668221E-3,
1.771714406225E-10));
#7114=CARTESIAN_POINT('',(-9.892621838538E-3,9.887297154240E-3,
1.771714406225E-10));
#7116=CARTESIAN_POINT('',(-9.E-3,9.5E-3,-5.E-4));
#7117=DIRECTION('',(0.E0,-1.E0,0.E0));
#7118=DIRECTION('',(0.E0,0.E0,1.E0));
#7119=AXIS2_PLACEMENT_3D('',#7116,#7117,#7118);
#7121=CARTESIAN_POINT('',(9.E-3,-9.5E-3,2.25E-2));
#7122=DIRECTION('',(0.E0,1.E0,0.E0));
#7123=DIRECTION('',(8.660254037844E-1,0.E0,-5.E-1));
#7124=AXIS2_PLACEMENT_3D('',#7121,#7122,#7123);
#7126=CARTESIAN_POINT('',(9.892622828350E-3,-9.887302945944E-3,
2.199999969606E-2));
#7127=CARTESIAN_POINT('',(9.887004601867E-3,-9.842805734305E-3,
2.199999969606E-2));
#7128=CARTESIAN_POINT('',(9.877212404489E-3,-9.754836873406E-3,
2.200000014184E-2));
#7129=CARTESIAN_POINT('',(9.868079569445E-3,-9.626457294197E-3,
2.199999995947E-2));
#7130=CARTESIAN_POINT('',(9.866025403784E-3,-9.541905162917E-3,2.2E-2));
#7131=CARTESIAN_POINT('',(9.866025403784E-3,-9.5E-3,2.2E-2));
#7133=CARTESIAN_POINT('',(9.E-3,-1.000000817748E-2,2.243648956167E-2));
#7134=DIRECTION('',(0.E0,9.682447808350E-1,2.500040887380E-1));
#7135=DIRECTION('',(8.926222106955E-1,1.127032154923E-1,-4.364900619610E-1));
#7136=AXIS2_PLACEMENT_3D('',#7133,#7134,#7135);
#7138=CARTESIAN_POINT('',(9.E-3,9.5E-3,2.25E-2));
#7139=DIRECTION('',(0.E0,1.E0,0.E0));
#7140=DIRECTION('',(8.660254037844E-1,0.E0,-5.E-1));
#7141=AXIS2_PLACEMENT_3D('',#7138,#7139,#7140);
#7143=DIRECTION('',(0.E0,1.E0,0.E0));
#7144=VECTOR('',#7143,1.9E-2);
#7145=CARTESIAN_POINT('',(9.866025403784E-3,-9.5E-3,2.2E-2));
#7146=LINE('',#7145,#7144);
#7147=DIRECTION('',(0.E0,1.E0,0.E0));
#7148=VECTOR('',#7147,1.899999999997E-2);
#7149=CARTESIAN_POINT('',(9.E-3,-9.5E-3,2.15E-2));
#7150=LINE('',#7149,#7148);
#7151=DIRECTION('',(-1.E0,0.E0,0.E0));
#7152=VECTOR('',#7151,1.8E-2);
#7153=CARTESIAN_POINT('',(9.E-3,-9.5E-3,2.15E-2));
#7154=LINE('',#7153,#7152);
#7155=DIRECTION('',(0.E0,1.E0,0.E0));
#7156=VECTOR('',#7155,1.9E-2);
#7157=CARTESIAN_POINT('',(-9.E-3,-9.5E-3,2.15E-2));
#7158=LINE('',#7157,#7156);
#7159=DIRECTION('',(-1.E0,1.743397093357E-12,0.E0));
#7160=VECTOR('',#7159,1.8E-2);
#7161=CARTESIAN_POINT('',(9.E-3,9.499999999969E-3,2.15E-2));
#7162=LINE('',#7161,#7160);
#7163=DIRECTION('',(0.E0,-1.E0,0.E0));
#7164=VECTOR('',#7163,1.9E-2);
#7165=CARTESIAN_POINT('',(-9.866025403784E-3,9.5E-3,2.2E-2));
#7166=LINE('',#7165,#7164);
#7167=CARTESIAN_POINT('',(-9.E-3,9.5E-3,2.25E-2));
#7168=DIRECTION('',(0.E0,1.E0,0.E0));
#7169=DIRECTION('',(0.E0,0.E0,-1.E0));
#7170=AXIS2_PLACEMENT_3D('',#7167,#7168,#7169);
#7172=CARTESIAN_POINT('',(-9.E-3,-9.999995779371E-3,2.243649276286E-2));
#7173=DIRECTION('',(0.E0,9.682463814303E-1,2.499978896854E-1));
#7174=DIRECTION('',(0.E0,2.499978896854E-1,-9.682463814303E-1));
#7175=AXIS2_PLACEMENT_3D('',#7172,#7173,#7174);
#7177=CARTESIAN_POINT('',(-9.866025403784E-3,-9.5E-3,2.2E-2));
#7178=CARTESIAN_POINT('',(-9.866025403784E-3,-9.541960884030E-3,2.2E-2));
#7179=CARTESIAN_POINT('',(-9.868084317083E-3,-9.626587565693E-3,
2.199999997638E-2));
#7180=CARTESIAN_POINT('',(-9.877230754021E-3,-9.755026819636E-3,
2.200000008268E-2));
#7181=CARTESIAN_POINT('',(-9.887014239616E-3,-9.842883668221E-3,
2.199999982283E-2));
#7182=CARTESIAN_POINT('',(-9.892621838538E-3,-9.887297154240E-3,
2.199999982283E-2));
#7184=CARTESIAN_POINT('',(-9.E-3,-9.5E-3,2.25E-2));
#7185=DIRECTION('',(0.E0,1.E0,0.E0));
#7186=DIRECTION('',(0.E0,0.E0,-1.E0));
#7187=AXIS2_PLACEMENT_3D('',#7184,#7185,#7186);
#7189=CARTESIAN_POINT('',(-9.892623856110E-3,9.887292876667E-3,
2.200000052039E-2));
#7190=CARTESIAN_POINT('',(-9.887007369339E-3,9.842808456047E-3,
2.200000052039E-2));
#7191=CARTESIAN_POINT('',(-9.877213733171E-3,9.754858081551E-3,
2.199999975715E-2));
#7192=CARTESIAN_POINT('',(-9.868082034189E-3,9.626502167506E-3,
2.200000006939E-2));
#7193=CARTESIAN_POINT('',(-9.866025403784E-3,9.541924825928E-3,2.2E-2));
#7194=CARTESIAN_POINT('',(-9.866025403784E-3,9.5E-3,2.2E-2));
#7196=CARTESIAN_POINT('',(9.E-3,9.999995722090E-3,2.243649277765E-2));
#7197=DIRECTION('',(0.E0,-9.682463888251E-1,2.499978610451E-1));
#7198=DIRECTION('',(0.E0,-2.499978610451E-1,-9.682463888251E-1));
#7199=AXIS2_PLACEMENT_3D('',#7196,#7197,#7198);
#7201=CARTESIAN_POINT('',(9.866025403784E-3,9.5E-3,2.2E-2));
#7202=CARTESIAN_POINT('',(9.866025403784E-3,9.541980873663E-3,2.2E-2));
#7203=CARTESIAN_POINT('',(9.868086514196E-3,9.626633958482E-3,
2.199999997657E-2));
#7204=CARTESIAN_POINT('',(9.877233513126E-3,9.755052320262E-3,
2.200000008201E-2));
#7205=CARTESIAN_POINT('',(9.887015599181E-3,9.842894457597E-3,
2.199999982427E-2));
#7206=CARTESIAN_POINT('',(9.892621831848E-3,9.887297124843E-3,
2.199999982427E-2));
#7208=CARTESIAN_POINT('',(-1.95E-2,-1.E-2,2.1E-2));
#7209=DIRECTION('',(-1.E0,0.E0,0.E0));
#7210=DIRECTION('',(0.E0,-1.E0,0.E0));
#7211=AXIS2_PLACEMENT_3D('',#7208,#7209,#7210);
#7213=CARTESIAN_POINT('',(-1.95E-2,-1.E-2,2.1E-2));
#7214=DIRECTION('',(0.E0,0.E0,1.E0));
#7215=DIRECTION('',(-1.E0,0.E0,0.E0));
#7216=AXIS2_PLACEMENT_3D('',#7213,#7214,#7215);
#7218=CARTESIAN_POINT('',(-1.95E-2,-1.E-2,2.1E-2));
#7219=DIRECTION('',(0.E0,-1.E0,0.E0));
#7220=DIRECTION('',(0.E0,0.E0,1.E0));
#7221=AXIS2_PLACEMENT_3D('',#7218,#7219,#7220);
#7223=CARTESIAN_POINT('',(9.E-3,9.5E-3,-5.E-4));
#7224=DIRECTION('',(0.E0,1.E0,0.E0));
#7225=DIRECTION('',(0.E0,0.E0,1.E0));
#7226=AXIS2_PLACEMENT_3D('',#7223,#7224,#7225);
#7228=CARTESIAN_POINT('',(9.892623881244E-3,9.887292926457E-3,
-5.237599411253E-10));
#7229=CARTESIAN_POINT('',(9.887005927725E-3,9.842796891162E-3,
-5.237599411253E-10));
#7230=CARTESIAN_POINT('',(9.877210787313E-3,9.754830741498E-3,
2.444213058488E-10));
#7231=CARTESIAN_POINT('',(9.868079773630E-3,9.626454109652E-3,
-6.983465878298E-11));
#7232=CARTESIAN_POINT('',(9.866025403784E-3,9.541904122904E-3,0.E0));
#7233=CARTESIAN_POINT('',(9.866025403784E-3,9.5E-3,0.E0));
#7235=CARTESIAN_POINT('',(-1.95E-2,-1.1E-2,2.1E-2));
#7236=CARTESIAN_POINT('',(-1.95E-2,-1.1E-2,1.E-3));
#7237=VERTEX_POINT('',#7235);
#7238=VERTEX_POINT('',#7236);
#7239=CARTESIAN_POINT('',(-2.05E-2,-1.E-2,2.1E-2));
#7240=CARTESIAN_POINT('',(-2.05E-2,-1.E-2,1.E-3));
#7241=VERTEX_POINT('',#7239);
#7242=VERTEX_POINT('',#7240);
#7243=CARTESIAN_POINT('',(-1.1E-2,1.1E-2,2.1E-2));
#7244=CARTESIAN_POINT('',(-1.95E-2,1.1E-2,2.1E-2));
#7245=VERTEX_POINT('',#7243);
#7246=VERTEX_POINT('',#7244);
#7247=CARTESIAN_POINT('',(-2.05E-2,1.E-2,2.1E-2));
#7248=CARTESIAN_POINT('',(-2.05E-2,1.E-2,1.E-3));
#7249=VERTEX_POINT('',#7247);
#7250=VERTEX_POINT('',#7248);
#7251=CARTESIAN_POINT('',(-1.95E-2,1.1E-2,1.E-3));
#7252=VERTEX_POINT('',#7251);
#7253=CARTESIAN_POINT('',(-1.95E-2,1.E-2,2.2E-2));
#7254=CARTESIAN_POINT('',(-1.95E-2,-1.E-2,2.2E-2));
#7255=VERTEX_POINT('',#7253);
#7256=VERTEX_POINT('',#7254);
#7257=CARTESIAN_POINT('',(-1.1E-2,-1.1E-2,2.1E-2));
#7258=VERTEX_POINT('',#7257);
#7259=CARTESIAN_POINT('',(-1.1E-2,-1.1E-2,1.E-3));
#7260=VERTEX_POINT('',#7259);
#7261=CARTESIAN_POINT('',(-1.95E-2,-1.E-2,0.E0));
#7262=CARTESIAN_POINT('',(-1.95E-2,1.E-2,0.E0));
#7263=VERTEX_POINT('',#7261);
#7264=VERTEX_POINT('',#7262);
#7265=CARTESIAN_POINT('',(-1.1E-2,1.1E-2,1.E-3));
#7266=VERTEX_POINT('',#7265);
#7267=CARTESIAN_POINT('',(1.95E-2,1.1E-2,2.1E-2));
#7268=CARTESIAN_POINT('',(1.95E-2,1.1E-2,1.E-3));
#7269=VERTEX_POINT('',#7267);
#7270=VERTEX_POINT('',#7268);
#7271=CARTESIAN_POINT('',(2.05E-2,1.E-2,2.1E-2));
#7272=CARTESIAN_POINT('',(2.05E-2,1.E-2,1.E-3));
#7273=VERTEX_POINT('',#7271);
#7274=VERTEX_POINT('',#7272);
#7275=CARTESIAN_POINT('',(1.1E-2,-1.1E-2,2.1E-2));
#7276=CARTESIAN_POINT('',(1.95E-2,-1.1E-2,2.1E-2));
#7277=VERTEX_POINT('',#7275);
#7278=VERTEX_POINT('',#7276);
#7279=CARTESIAN_POINT('',(2.05E-2,-1.E-2,2.1E-2));
#7280=CARTESIAN_POINT('',(2.05E-2,-1.E-2,1.E-3));
#7281=VERTEX_POINT('',#7279);
#7282=VERTEX_POINT('',#7280);
#7283=CARTESIAN_POINT('',(1.95E-2,-1.1E-2,1.E-3));
#7284=VERTEX_POINT('',#7283);
#7285=CARTESIAN_POINT('',(1.95E-2,-1.E-2,2.2E-2));
#7286=CARTESIAN_POINT('',(1.95E-2,1.E-2,2.2E-2));
#7287=VERTEX_POINT('',#7285);
#7288=VERTEX_POINT('',#7286);
#7289=CARTESIAN_POINT('',(1.1E-2,1.1E-2,2.1E-2));
#7290=VERTEX_POINT('',#7289);
#7291=CARTESIAN_POINT('',(1.1E-2,1.1E-2,1.E-3));
#7292=VERTEX_POINT('',#7291);
#7293=CARTESIAN_POINT('',(1.95E-2,1.E-2,0.E0));
#7294=CARTESIAN_POINT('',(1.95E-2,-1.E-2,0.E0));
#7295=VERTEX_POINT('',#7293);
#7296=VERTEX_POINT('',#7294);
#7297=CARTESIAN_POINT('',(1.1E-2,-1.1E-2,1.E-3));
#7298=VERTEX_POINT('',#7297);
#7299=VERTEX_POINT('',#7126);
#7300=VERTEX_POINT('',#7131);
#7301=CARTESIAN_POINT('',(9.866025403784E-3,9.5E-3,2.2E-2));
#7302=VERTEX_POINT('',#7301);
#7303=VERTEX_POINT('',#7206);
#7304=VERTEX_POINT('',#7228);
#7305=VERTEX_POINT('',#7233);
#7306=CARTESIAN_POINT('',(9.866025403784E-3,-9.5E-3,0.E0));
#7307=VERTEX_POINT('',#7306);
#7308=VERTEX_POINT('',#6572);
#7309=VERTEX_POINT('',#7177);
#7310=VERTEX_POINT('',#7182);
#7311=CARTESIAN_POINT('',(-9.866025403784E-3,9.5E-3,2.2E-2));
#7312=VERTEX_POINT('',#7311);
#7313=VERTEX_POINT('',#7189);
#7314=VERTEX_POINT('',#7109);
#7315=VERTEX_POINT('',#7114);
#7316=CARTESIAN_POINT('',(-9.866025403784E-3,-9.5E-3,0.E0));
#7317=VERTEX_POINT('',#7316);
#7318=VERTEX_POINT('',#7088);
#7319=VERTEX_POINT('',#6845);
#7320=VERTEX_POINT('',#6524);
#7321=VERTEX_POINT('',#6451);
#7322=VERTEX_POINT('',#6364);
#7323=VERTEX_POINT('',#6800);
#7324=VERTEX_POINT('',#6889);
#7325=VERTEX_POINT('',#6664);
#7326=VERTEX_POINT('',#6652);
#7327=VERTEX_POINT('',#6315);
#7328=VERTEX_POINT('',#6322);
#7329=VERTEX_POINT('',#6599);
#7330=VERTEX_POINT('',#6610);
#7331=CARTESIAN_POINT('',(9.677122968292E-3,1.05E-2,2.050000000059E-2));
#7332=VERTEX_POINT('',#7331);
#7333=CARTESIAN_POINT('',(1.033856217223E-2,1.075E-2,2.050000000262E-2));
#7334=VERTEX_POINT('',#7333);
#7335=VERTEX_POINT('',#6410);
#7336=VERTEX_POINT('',#6353);
#7337=VERTEX_POINT('',#6531);
#7338=VERTEX_POINT('',#6542);
#7339=VERTEX_POINT('',#6469);
#7340=VERTEX_POINT('',#6476);
#7341=CARTESIAN_POINT('',(1.033856217223E-2,-1.075E-2,2.050000000370E-2));
#7342=VERTEX_POINT('',#7341);
#7343=CARTESIAN_POINT('',(9.677122775635E-3,-1.05E-2,2.050000000066E-2));
#7344=VERTEX_POINT('',#7343);
#7345=VERTEX_POINT('',#6489);
#7346=VERTEX_POINT('',#6814);
#7347=CARTESIAN_POINT('',(9.E-3,-9.5E-3,2.15E-2));
#7348=VERTEX_POINT('',#7347);
#7349=CARTESIAN_POINT('',(9.E-3,9.499999999969E-3,2.15E-2));
#7350=VERTEX_POINT('',#7349);
#7351=CARTESIAN_POINT('',(9.E-3,-9.5E-3,5.E-4));
#7352=VERTEX_POINT('',#7351);
#7353=CARTESIAN_POINT('',(9.E-3,9.5E-3,5.E-4));
#7354=VERTEX_POINT('',#7353);
#7355=VERTEX_POINT('',#6612);
#7356=VERTEX_POINT('',#6624);
#7357=VERTEX_POINT('',#6677);
#7358=VERTEX_POINT('',#6684);
#7359=CARTESIAN_POINT('',(-9.677124367579E-3,1.05E-2,2.050000000063E-2));
#7360=VERTEX_POINT('',#7359);
#7361=CARTESIAN_POINT('',(-1.033856217223E-2,1.075E-2,2.050000000137E-2));
#7362=VERTEX_POINT('',#7361);
#7363=VERTEX_POINT('',#6690);
#7364=VERTEX_POINT('',#6422);
#7365=VERTEX_POINT('',#6902);
#7366=VERTEX_POINT('',#6909);
#7367=VERTEX_POINT('',#6554);
#7368=VERTEX_POINT('',#6565);
#7369=CARTESIAN_POINT('',(-9.677122942403E-3,-1.05E-2,2.050000000060E-2));
#7370=VERTEX_POINT('',#7369);
#7371=CARTESIAN_POINT('',(-1.033856217223E-2,-1.075E-2,2.050000000554E-2));
#7372=VERTEX_POINT('',#7371);
#7373=VERTEX_POINT('',#6828);
#7374=VERTEX_POINT('',#6940);
#7375=CARTESIAN_POINT('',(-9.E-3,-9.5E-3,2.15E-2));
#7376=VERTEX_POINT('',#7375);
#7377=CARTESIAN_POINT('',(-9.E-3,9.5E-3,2.15E-2));
#7378=VERTEX_POINT('',#7377);
#7379=CARTESIAN_POINT('',(-9.E-3,9.5E-3,5.E-4));
#7380=VERTEX_POINT('',#7379);
#7381=CARTESIAN_POINT('',(-9.E-3,-9.5E-3,5.E-4));
#7382=VERTEX_POINT('',#7381);
#7383=CARTESIAN_POINT('',(0.E0,0.E0,0.E0));
#7384=DIRECTION('',(0.E0,0.E0,1.E0));
#7385=DIRECTION('',(1.E0,0.E0,0.E0));
#7386=AXIS2_PLACEMENT_3D('',#7383,#7384,#7385);
#7387=PLANE('',#7386);
#7389=ORIENTED_EDGE('',*,*,#7388,.T.);
#7391=ORIENTED_EDGE('',*,*,#7390,.T.);
#7393=ORIENTED_EDGE('',*,*,#7392,.T.);
#7395=ORIENTED_EDGE('',*,*,#7394,.T.);
#7397=ORIENTED_EDGE('',*,*,#7396,.T.);
#7399=ORIENTED_EDGE('',*,*,#7398,.T.);
#7401=ORIENTED_EDGE('',*,*,#7400,.F.);
#7403=ORIENTED_EDGE('',*,*,#7402,.F.);
#7404=EDGE_LOOP('',(#7389,#7391,#7393,#7395,#7397,#7399,#7401,#7403));
#7405=FACE_OUTER_BOUND('',#7404,.F.);
#7406=ADVANCED_FACE('',(#7405),#7387,.F.);
#7407=CARTESIAN_POINT('',(0.E0,0.E0,0.E0));
#7408=DIRECTION('',(0.E0,0.E0,1.E0));
#7409=DIRECTION('',(1.E0,0.E0,0.E0));
#7410=AXIS2_PLACEMENT_3D('',#7407,#7408,#7409);
#7411=PLANE('',#7410);
#7413=ORIENTED_EDGE('',*,*,#7412,.F.);
#7415=ORIENTED_EDGE('',*,*,#7414,.T.);
#7417=ORIENTED_EDGE('',*,*,#7416,.T.);
#7419=ORIENTED_EDGE('',*,*,#7418,.T.);
#7421=ORIENTED_EDGE('',*,*,#7420,.T.);
#7423=ORIENTED_EDGE('',*,*,#7422,.T.);
#7425=ORIENTED_EDGE('',*,*,#7424,.F.);
#7427=ORIENTED_EDGE('',*,*,#7426,.F.);
#7428=EDGE_LOOP('',(#7413,#7415,#7417,#7419,#7421,#7423,#7425,#7427));
#7429=FACE_OUTER_BOUND('',#7428,.F.);
#7430=ADVANCED_FACE('',(#7429),#7411,.F.);
#7431=CARTESIAN_POINT('',(-7.39476E-2,1.E-2,1.E-3));
#7432=DIRECTION('',(1.E0,0.E0,0.E0));
#7433=DIRECTION('',(0.E0,0.E0,-1.E0));
#7434=AXIS2_PLACEMENT_3D('',#7431,#7432,#7433);
#7435=CYLINDRICAL_SURFACE('',#7434,1.E-3);
#7437=ORIENTED_EDGE('',*,*,#7436,.T.);
#7439=ORIENTED_EDGE('',*,*,#7438,.T.);
#7440=ORIENTED_EDGE('',*,*,#7388,.F.);
#7442=ORIENTED_EDGE('',*,*,#7441,.T.);
#7444=ORIENTED_EDGE('',*,*,#7443,.F.);
#7445=EDGE_LOOP('',(#7437,#7439,#7440,#7442,#7444));
#7446=FACE_OUTER_BOUND('',#7445,.F.);
#7447=ADVANCED_FACE('',(#7446),#7435,.T.);
#7448=CARTESIAN_POINT('',(1.1E-2,1.E-2,-2.86792E-2));
#7449=DIRECTION('',(0.E0,0.E0,1.E0));
#7450=DIRECTION('',(0.E0,1.E0,0.E0));
#7451=AXIS2_PLACEMENT_3D('',#7448,#7449,#7450);
#7452=CYLINDRICAL_SURFACE('',#7451,1.E-3);
#7454=ORIENTED_EDGE('',*,*,#7453,.F.);
#7455=ORIENTED_EDGE('',*,*,#7436,.F.);
#7457=ORIENTED_EDGE('',*,*,#7456,.T.);
#7459=ORIENTED_EDGE('',*,*,#7458,.F.);
#7461=ORIENTED_EDGE('',*,*,#7460,.F.);
#7463=ORIENTED_EDGE('',*,*,#7462,.F.);
#7464=EDGE_LOOP('',(#7454,#7455,#7457,#7459,#7461,#7463));
#7465=FACE_OUTER_BOUND('',#7464,.F.);
#7466=ADVANCED_FACE('',(#7465),#7452,.T.);
#7467=CARTESIAN_POINT('',(8.956431860116E-3,9.673341039018E-3,
5.138960489566E-4));
#7468=CARTESIAN_POINT('',(8.953376407550E-3,9.685906055685E-3,5.160482022E-4));
#7469=CARTESIAN_POINT('',(8.939677426041E-3,9.742551460125E-3,
5.267626337968E-4));
#7470=CARTESIAN_POINT('',(8.914872810450E-3,9.848922129861E-3,
5.552604377850E-4));
#7471=CARTESIAN_POINT('',(8.885601098238E-3,1.000239996353E-2,
6.155799682811E-4));
#7472=CARTESIAN_POINT('',(8.865238949923E-3,1.017811229629E-2,
7.082683908910E-4));
#7473=CARTESIAN_POINT('',(8.860299702353E-3,1.036937740193E-2,
8.384110873051E-4));
#7474=CARTESIAN_POINT('',(8.871206385968E-3,1.055500715508E-2,
9.992667700555E-4));
#7475=CARTESIAN_POINT('',(8.887389817764E-3,1.070939635928E-2,
1.168870855873E-3));
#7476=CARTESIAN_POINT('',(8.895157515773E-3,1.081685737175E-2,
1.319151929529E-3));
#7477=CARTESIAN_POINT('',(8.890704158315E-3,1.087480922592E-2,
1.428038654030E-3));
#7478=CARTESIAN_POINT('',(8.887051404525E-3,1.088804115819E-2,
1.484011506759E-3));
#7479=CARTESIAN_POINT('',(8.887689790394E-3,1.088585942212E-2,
1.514267270198E-3));
#7480=CARTESIAN_POINT('',(8.888008457212E-3,1.088486669349E-2,
1.521506032054E-3));
#7481=CARTESIAN_POINT('',(9.599211696473E-3,9.713566614220E-3,
5.532980554483E-4));
#7482=CARTESIAN_POINT('',(9.596678396934E-3,9.717885427505E-3,
5.553633161688E-4));
#7483=CARTESIAN_POINT('',(9.584616146673E-3,9.737397276566E-3,
5.656450770480E-4));
#7484=CARTESIAN_POINT('',(9.556828375672E-3,9.775742507669E-3,
5.929951126091E-4));
#7485=CARTESIAN_POINT('',(9.511663874951E-3,9.841776109579E-3,
6.511797530521E-4));
#7486=CARTESIAN_POINT('',(9.462977897842E-3,9.931785496961E-3,
7.411577352497E-4));
#7487=CARTESIAN_POINT('',(9.418508566866E-3,1.004311480717E-2,
8.681155542874E-4));
#7488=CARTESIAN_POINT('',(9.383083995709E-3,1.016044263835E-2,
1.025323037242E-3));
#7489=CARTESIAN_POINT('',(9.353334846957E-3,1.026214480183E-2,
1.190558798037E-3));
#7490=CARTESIAN_POINT('',(9.322619552447E-3,1.033314079702E-2,
1.335247247024E-3));
#7491=CARTESIAN_POINT('',(9.292653540330E-3,1.036997383289E-2,
1.436824221128E-3));
#7492=CARTESIAN_POINT('',(9.282105589109E-3,1.037787519094E-2,
1.485990829156E-3));
#7493=CARTESIAN_POINT('',(9.283909412343E-3,1.037659456141E-2,
1.512507421737E-3));
#7494=CARTESIAN_POINT('',(9.284788531433E-3,1.037603094267E-2,
1.518873663566E-3));
#7495=CARTESIAN_POINT('',(1.004830475538E-2,9.827206694271E-3,
1.041522673817E-4));
#7496=CARTESIAN_POINT('',(1.004673673646E-2,9.831638797372E-3,
1.072080210797E-4));
#7497=CARTESIAN_POINT('',(1.003947377202E-2,9.851633365258E-3,
1.224218209007E-4));
#7498=CARTESIAN_POINT('',(1.002435699216E-2,9.889743532244E-3,
1.628553362281E-4));
#7499=CARTESIAN_POINT('',(1.000242791975E-2,9.948270435452E-3,
2.453757138769E-4));
#7500=CARTESIAN_POINT('',(9.981465153995E-3,1.002003945944E-2,
3.662501656550E-4));
#7501=CARTESIAN_POINT('',(9.965584073734E-3,1.010257498329E-2,
5.295125891142E-4));
#7502=CARTESIAN_POINT('',(9.956481840596E-3,1.018574593138E-2,
7.283061159798E-4));
#7503=CARTESIAN_POINT('',(9.950517444312E-3,1.025628156530E-2,
9.433366704828E-4));
#7504=CARTESIAN_POINT('',(9.942221367312E-3,1.030544567648E-2,
1.151775776804E-3));
#7505=CARTESIAN_POINT('',(9.931250772278E-3,1.033147842663E-2,
1.336677025356E-3));
#7506=CARTESIAN_POINT('',(9.926890560576E-3,1.033725426468E-2,
1.463428416806E-3));
#7507=CARTESIAN_POINT('',(9.927639489002E-3,1.033630925217E-2,
1.532568037787E-3));
#7508=CARTESIAN_POINT('',(9.928006292981E-3,1.033588556536E-2,
1.548880186701E-3));
#7509=CARTESIAN_POINT('',(9.999965808727E-3,9.937400523135E-3,
-5.297604236275E-4));
#7510=CARTESIAN_POINT('',(9.999153328025E-3,9.950228785397E-3,
-5.253067138861E-4));
#7511=CARTESIAN_POINT('',(9.996606194853E-3,1.000799585821E-2,
-5.031319624968E-4));
#7512=CARTESIAN_POINT('',(1.000124449573E-2,1.011382032181E-2,
-4.442327638952E-4));
#7513=CARTESIAN_POINT('',(1.002596372764E-2,1.024985523405E-2,
-3.273655592923E-4));
#7514=CARTESIAN_POINT('',(1.007002054916E-2,1.038318339263E-2,
-1.628846334143E-4));
#7515=CARTESIAN_POINT('',(1.013151031794E-2,1.050754188954E-2,
5.161716509046E-5));
#7516=CARTESIAN_POINT('',(1.020358083560E-2,1.061380308783E-2,
3.091041534203E-4));
#7517=CARTESIAN_POINT('',(1.027503164722E-2,1.069577226459E-2,
5.944137854894E-4));
#7518=CARTESIAN_POINT('',(1.033489370320E-2,1.075250367507E-2,
8.928289125541E-4));
#7519=CARTESIAN_POINT('',(1.037457899852E-2,1.078535947268E-2,
1.195331876284E-3));
#7520=CARTESIAN_POINT('',(1.038530436999E-2,1.079365244580E-2,
1.431584414461E-3));
#7521=CARTESIAN_POINT('',(1.038349155221E-2,1.079225056538E-2,
1.560881069860E-3));
#7522=CARTESIAN_POINT('',(1.038261977932E-2,1.079158298919E-2,
1.591230613519E-3));
#7523=(BOUNDED_SURFACE()B_SPLINE_SURFACE(3,3,((#7467,#7468,#7469,#7470,#7471,
#7472,#7473,#7474,#7475,#7476,#7477,#7478,#7479,#7480),(#7481,#7482,#7483,#7484,
#7485,#7486,#7487,#7488,#7489,#7490,#7491,#7492,#7493,#7494),(#7495,#7496,#7497,
#7498,#7499,#7500,#7501,#7502,#7503,#7504,#7505,#7506,#7507,#7508),(#7509,#7510,
#7511,#7512,#7513,#7514,#7515,#7516,#7517,#7518,#7519,#7520,#7521,#7522)),
.UNSPECIFIED.,.F.,.F.,.F.)B_SPLINE_SURFACE_WITH_KNOTS((4,4),(4,1,1,1,1,1,1,1,1,
1,1,4),(0.E0,1.E0),(6.242840170445E-1,6.327797402016E-1,6.626545688953E-1,
6.963027396145E-1,7.341737803417E-1,7.772289155893E-1,8.251009635032E-1,
8.726612948369E-1,9.174111774957E-1,9.602368422356E-1,1.E0,1.012240355413E0),
.UNSPECIFIED.)GEOMETRIC_REPRESENTATION_ITEM()RATIONAL_B_SPLINE_SURFACE(((
1.203497073674E0,1.203497073674E0,1.203497073674E0,1.203497073674E0,
1.203497073674E0,1.203497073674E0,1.203497073674E0,1.203497073674E0,
1.203497073674E0,1.203497073674E0,1.203497073674E0,1.203497073674E0,
1.203497073674E0,1.203497073674E0),(9.321676421088E-1,9.321676421088E-1,
9.321676421088E-1,9.321676421088E-1,9.321676421088E-1,9.321676421088E-1,
9.321676421088E-1,9.321676421088E-1,9.321676421088E-1,9.321676421088E-1,
9.321676421088E-1,9.321676421088E-1,9.321676421088E-1,9.321676421088E-1),(
9.321676421088E-1,9.321676421088E-1,9.321676421088E-1,9.321676421088E-1,
9.321676421088E-1,9.321676421088E-1,9.321676421088E-1,9.321676421088E-1,
9.321676421088E-1,9.321676421088E-1,9.321676421088E-1,9.321676421088E-1,
9.321676421088E-1,9.321676421088E-1),(1.203497073674E0,1.203497073674E0,
1.203497073674E0,1.203497073674E0,1.203497073674E0,1.203497073674E0,
1.203497073674E0,1.203497073674E0,1.203497073674E0,1.203497073674E0,
1.203497073674E0,1.203497073674E0,1.203497073674E0,1.203497073674E0)))REPRESENTATION_ITEM('')SURFACE());
#7524=ORIENTED_EDGE('',*,*,#7453,.T.);
#7526=ORIENTED_EDGE('',*,*,#7525,.F.);
#7528=ORIENTED_EDGE('',*,*,#7527,.F.);
#7530=ORIENTED_EDGE('',*,*,#7529,.T.);
#7531=ORIENTED_EDGE('',*,*,#7390,.F.);
#7532=ORIENTED_EDGE('',*,*,#7438,.F.);
#7533=EDGE_LOOP('',(#7524,#7526,#7528,#7530,#7531,#7532));
#7534=FACE_OUTER_BOUND('',#7533,.F.);
#7535=ADVANCED_FACE('',(#7534),#7523,.F.);
#7536=CARTESIAN_POINT('',(9.677124344468E-3,1.15E-2,1.422386643031E-3));
#7537=DIRECTION('',(0.E0,0.E0,1.E0));
#7538=DIRECTION('',(0.E0,-1.E0,0.E0));
#7539=AXIS2_PLACEMENT_3D('',#7536,#7537,#7538);
#7540=CYLINDRICAL_SURFACE('',#7539,1.E-3);
#7542=ORIENTED_EDGE('',*,*,#7541,.F.);
#7543=ORIENTED_EDGE('',*,*,#7525,.T.);
#7544=ORIENTED_EDGE('',*,*,#7462,.T.);
#7546=ORIENTED_EDGE('',*,*,#7545,.F.);
#7547=EDGE_LOOP('',(#7542,#7543,#7544,#7546));
#7548=FACE_OUTER_BOUND('',#7547,.F.);
#7549=ADVANCED_FACE('',(#7548),#7540,.F.);
#7550=CARTESIAN_POINT('',(-1.E-2,1.05E-2,2.2E-2));
#7551=DIRECTION('',(0.E0,-1.E0,0.E0));
#7552=DIRECTION('',(1.E0,0.E0,0.E0));
#7553=AXIS2_PLACEMENT_3D('',#7550,#7551,#7552);
#7554=PLANE('',#7553);
#7555=ORIENTED_EDGE('',*,*,#7541,.T.);
#7557=ORIENTED_EDGE('',*,*,#7556,.T.);
#7559=ORIENTED_EDGE('',*,*,#7558,.T.);
#7561=ORIENTED_EDGE('',*,*,#7560,.F.);
#7562=EDGE_LOOP('',(#7555,#7557,#7559,#7561));
#7563=FACE_OUTER_BOUND('',#7562,.F.);
#7564=ADVANCED_FACE('',(#7563),#7554,.F.);
#7565=CARTESIAN_POINT('',(7.39476E-2,9.5E-3,2.05E-2));
#7566=DIRECTION('',(-1.E0,0.E0,0.E0));
#7567=DIRECTION('',(0.E0,0.E0,1.E0));
#7568=AXIS2_PLACEMENT_3D('',#7565,#7566,#7567);
#7569=CYLINDRICAL_SURFACE('',#7568,1.E-3);
#7571=ORIENTED_EDGE('',*,*,#7570,.T.);
#7573=ORIENTED_EDGE('',*,*,#7572,.F.);
#7575=ORIENTED_EDGE('',*,*,#7574,.T.);
#7577=ORIENTED_EDGE('',*,*,#7576,.T.);
#7579=ORIENTED_EDGE('',*,*,#7578,.T.);
#7580=ORIENTED_EDGE('',*,*,#7556,.F.);
#7581=EDGE_LOOP('',(#7571,#7573,#7575,#7577,#7579,#7580));
#7582=FACE_OUTER_BOUND('',#7581,.F.);
#7583=ADVANCED_FACE('',(#7582),#7569,.T.);
#7584=CARTESIAN_POINT('',(8.887951092372E-3,1.088495295621E-2,
2.047842753958E-2));
#7585=CARTESIAN_POINT('',(8.887625590331E-3,1.088594682649E-2,
2.048568981518E-2));
#7586=CARTESIAN_POINT('',(8.886965505693E-3,1.088815910527E-2,
2.051639535038E-2));
#7587=CARTESIAN_POINT('',(8.890876406344E-3,1.087417187082E-2,
2.057459338623E-2));
#7588=CARTESIAN_POINT('',(8.895270085367E-3,1.081067328549E-2,
2.069166962249E-2));
#7589=CARTESIAN_POINT('',(8.885687991537E-3,1.069481972493E-2,
2.084919139471E-2));
#7590=CARTESIAN_POINT('',(8.870403717276E-3,1.054437570057E-2,
2.100972776972E-2));
#7591=CARTESIAN_POINT('',(8.861384744771E-3,1.038303092054E-2,
2.114913836414E-2));
#7592=CARTESIAN_POINT('',(8.863259408532E-3,1.022538857216E-2,
2.126082026322E-2));
#7593=CARTESIAN_POINT('',(8.875712509893E-3,1.007833511127E-2,
2.134601034553E-2));
#7594=CARTESIAN_POINT('',(8.895825146428E-3,9.945660604568E-3,
2.140779741103E-2));
#7595=CARTESIAN_POINT('',(8.919714875340E-3,9.828027305620E-3,
2.145032720608E-2));
#7596=CARTESIAN_POINT('',(8.940545879437E-3,9.738523026947E-3,
2.147390515079E-2));
#7597=CARTESIAN_POINT('',(8.952893099443E-3,9.687422194253E-3,
2.148373174260E-2));
#7598=CARTESIAN_POINT('',(8.956908658805E-3,9.670903824084E-3,
2.148651787008E-2));
#7599=CARTESIAN_POINT('',(9.284713823763E-3,1.037603437540E-2,
2.048107160599E-2));
#7600=CARTESIAN_POINT('',(9.283823911569E-3,1.037659634358E-2,
2.048745755345E-2));
#7601=CARTESIAN_POINT('',(9.281976733408E-3,1.037789112219E-2,
2.051436298584E-2));
#7602=CARTESIAN_POINT('',(9.293195376086E-3,1.036954968768E-2,
2.056547183049E-2));
#7603=CARTESIAN_POINT('',(9.325369468963E-3,1.032910118701E-2,
2.067494546766E-2));
#7604=CARTESIAN_POINT('',(9.356388623239E-3,1.025238703760E-2,
2.082694699866E-2));
#7605=CARTESIAN_POINT('',(9.384909992923E-3,1.015363480878E-2,
2.098343428788E-2));
#7606=CARTESIAN_POINT('',(9.416056871084E-3,1.005192696688E-2,
2.111965143292E-2));
#7607=CARTESIAN_POINT('',(9.451564014694E-3,9.958851951754E-3,
2.122864440366E-2));
#7608=CARTESIAN_POINT('',(9.490146813752E-3,9.879741216529E-3,
2.131150505334E-2));
#7609=CARTESIAN_POINT('',(9.528374884216E-3,9.816650296453E-3,
2.137132103584E-2));
#7610=CARTESIAN_POINT('',(9.562331624465E-3,9.768273136730E-3,
2.141229213595E-2));
#7611=CARTESIAN_POINT('',(9.585338585175E-3,9.735989258777E-3,
2.143492419228E-2));
#7612=CARTESIAN_POINT('',(9.596334129188E-3,9.718392135704E-3,
2.144435206825E-2));
#7613=CARTESIAN_POINT('',(9.599637471054E-3,9.712715969507E-3,
2.144702499551E-2));
#7614=CARTESIAN_POINT('',(9.927975360053E-3,1.033584754641E-2,
2.045098717327E-2));
#7615=CARTESIAN_POINT('',(9.927603251600E-3,1.033627091654E-2,
2.046734406356E-2));
#7616=CARTESIAN_POINT('',(9.926834588675E-3,1.033722781858E-2,
2.053748741794E-2));
#7617=CARTESIAN_POINT('',(9.931479549831E-3,1.033112645264E-2,
2.066925773714E-2));
#7618=CARTESIAN_POINT('',(9.943170504418E-3,1.030257432446E-2,
2.086523445150E-2));
#7619=CARTESIAN_POINT('',(9.951139630676E-3,1.024951650709E-2,
2.108004579867E-2));
#7620=CARTESIAN_POINT('',(9.956919985558E-3,1.018090376811E-2,
2.128260396136E-2));
#7621=CARTESIAN_POINT('',(9.965065925759E-3,1.010870851239E-2,
2.145515646932E-2));
#7622=CARTESIAN_POINT('',(9.977257243748E-3,1.004025318898E-2,
2.159474431606E-2));
#7623=CARTESIAN_POINT('',(9.992993754424E-3,9.978946763606E-3,
2.170410946608E-2));
#7624=CARTESIAN_POINT('',(1.001044337927E-2,9.926374795452E-3,
2.178635261360E-2));
#7625=CARTESIAN_POINT('',(1.002738297082E-2,9.882263593165E-3,
2.184505868923E-2));
#7626=CARTESIAN_POINT('',(1.003997017098E-2,9.850197061701E-3,
2.187845315131E-2));
#7627=CARTESIAN_POINT('',(1.004655741209E-2,9.832165344994E-3,
2.189241765298E-2));
#7628=CARTESIAN_POINT('',(1.004860954690E-2,9.826340589472E-3,
2.189637858279E-2));
#7629=CARTESIAN_POINT('',(1.038261081704E-2,1.079157626358E-2,
2.040852441714E-2));
#7630=CARTESIAN_POINT('',(1.038348846543E-2,1.079224809233E-2,
2.043895482238E-2));
#7631=CARTESIAN_POINT('',(1.038533438060E-2,1.079367529310E-2,
2.057012646185E-2));
#7632=CARTESIAN_POINT('',(1.037397090768E-2,1.078489300263E-2,
2.081574664335E-2));
#7633=CARTESIAN_POINT('',(1.033077069198E-2,1.074903640711E-2,
2.113381836629E-2));
#7634=CARTESIAN_POINT('',(1.026763036936E-2,1.068814986190E-2,
2.143728280294E-2));
#7635=CARTESIAN_POINT('',(1.019950587848E-2,1.060773688874E-2,
2.170486782796E-2));
#7636=CARTESIAN_POINT('',(1.013704274111E-2,1.051496650877E-2,
2.192870598483E-2));
#7637=CARTESIAN_POINT('',(1.008474157818E-2,1.041452960417E-2,
2.211147705429E-2));
#7638=CARTESIAN_POINT('',(1.004410985296E-2,1.030884560710E-2,
2.225825205494E-2));
#7639=CARTESIAN_POINT('',(1.001594242913E-2,1.020061256456E-2,
2.237215008681E-2));
#7640=CARTESIAN_POINT('',(1.000029171398E-2,1.009289149323E-2,
2.245588824289E-2));
#7641=CARTESIAN_POINT('',(9.996911731484E-3,1.000389223316E-2,
2.250447333246E-2));
#7642=CARTESIAN_POINT('',(9.999015974984E-3,9.951781594092E-3,
2.252484106709E-2));
#7643=CARTESIAN_POINT('',(1.000012427392E-2,9.934917967027E-3,
2.253061995167E-2));
#7644=(BOUNDED_SURFACE()B_SPLINE_SURFACE(3,3,((#7584,#7585,#7586,#7587,#7588,
#7589,#7590,#7591,#7592,#7593,#7594,#7595,#7596,#7597,#7598),(#7599,#7600,#7601,
#7602,#7603,#7604,#7605,#7606,#7607,#7608,#7609,#7610,#7611,#7612,#7613),(#7614,
#7615,#7616,#7617,#7618,#7619,#7620,#7621,#7622,#7623,#7624,#7625,#7626,#7627,
#7628),(#7629,#7630,#7631,#7632,#7633,#7634,#7635,#7636,#7637,#7638,#7639,#7640,
#7641,#7642,#7643)),.UNSPECIFIED.,.F.,.F.,.F.)B_SPLINE_SURFACE_WITH_KNOTS((4,4),
(4,1,1,1,1,1,1,1,1,1,1,1,4),(0.E0,1.E0),(-1.227378997265E-2,0.E0,
4.048617867739E-2,8.631041861900E-2,1.342769717381E-1,1.791914420359E-1,
2.191322210435E-1,2.548510307353E-1,2.868967117118E-1,3.157443835819E-1,
3.417003398089E-1,3.651763773104E-1,3.763472778472E-1),.UNSPECIFIED.)GEOMETRIC_REPRESENTATION_ITEM()RATIONAL_B_SPLINE_SURFACE(((1.203527085934E0,
1.203527085934E0,1.203527085934E0,1.203527085934E0,1.203527085934E0,
1.203527085934E0,1.203527085934E0,1.203527085934E0,1.203527085934E0,
1.203527085934E0,1.203527085934E0,1.203527085934E0,1.203527085934E0,
1.203527085934E0,1.203527085934E0),(9.321576380221E-1,9.321576380221E-1,
9.321576380221E-1,9.321576380221E-1,9.321576380221E-1,9.321576380221E-1,
9.321576380221E-1,9.321576380221E-1,9.321576380221E-1,9.321576380221E-1,
9.321576380221E-1,9.321576380221E-1,9.321576380221E-1,9.321576380221E-1,
9.321576380221E-1),(9.321576380221E-1,9.321576380221E-1,9.321576380221E-1,
9.321576380221E-1,9.321576380221E-1,9.321576380221E-1,9.321576380221E-1,
9.321576380221E-1,9.321576380221E-1,9.321576380221E-1,9.321576380221E-1,
9.321576380221E-1,9.321576380221E-1,9.321576380221E-1,9.321576380221E-1),(
1.203527085934E0,1.203527085934E0,1.203527085934E0,1.203527085934E0,
1.203527085934E0,1.203527085934E0,1.203527085934E0,1.203527085934E0,
1.203527085934E0,1.203527085934E0,1.203527085934E0,1.203527085934E0,
1.203527085934E0,1.203527085934E0,1.203527085934E0)))REPRESENTATION_ITEM('')SURFACE());
#7645=ORIENTED_EDGE('',*,*,#7570,.F.);
#7646=ORIENTED_EDGE('',*,*,#7545,.T.);
#7647=ORIENTED_EDGE('',*,*,#7460,.T.);
#7649=ORIENTED_EDGE('',*,*,#7648,.F.);
#7651=ORIENTED_EDGE('',*,*,#7650,.F.);
#7653=ORIENTED_EDGE('',*,*,#7652,.F.);
#7654=EDGE_LOOP('',(#7645,#7646,#7647,#7649,#7651,#7653));
#7655=FACE_OUTER_BOUND('',#7654,.F.);
#7656=ADVANCED_FACE('',(#7655),#7644,.F.);
#7657=CARTESIAN_POINT('',(7.39476E-2,1.E-2,2.1E-2));
#7658=DIRECTION('',(-1.E0,0.E0,0.E0));
#7659=DIRECTION('',(0.E0,0.E0,1.E0));
#7660=AXIS2_PLACEMENT_3D('',#7657,#7658,#7659);
#7661=CYLINDRICAL_SURFACE('',#7660,1.E-3);
#7663=ORIENTED_EDGE('',*,*,#7662,.T.);
#7664=ORIENTED_EDGE('',*,*,#7648,.T.);
#7665=ORIENTED_EDGE('',*,*,#7458,.T.);
#7667=ORIENTED_EDGE('',*,*,#7666,.F.);
#7669=ORIENTED_EDGE('',*,*,#7668,.T.);
#7670=EDGE_LOOP('',(#7663,#7664,#7665,#7667,#7669));
#7671=FACE_OUTER_BOUND('',#7670,.F.);
#7672=ADVANCED_FACE('',(#7671),#7661,.T.);
#7673=CARTESIAN_POINT('',(0.E0,0.E0,2.2E-2));
#7674=DIRECTION('',(0.E0,0.E0,1.E0));
#7675=DIRECTION('',(1.E0,0.E0,0.E0));
#7676=AXIS2_PLACEMENT_3D('',#7673,#7674,#7675);
#7677=PLANE('',#7676);
#7679=ORIENTED_EDGE('',*,*,#7678,.T.);
#7681=ORIENTED_EDGE('',*,*,#7680,.T.);
#7683=ORIENTED_EDGE('',*,*,#7682,.T.);
#7685=ORIENTED_EDGE('',*,*,#7684,.T.);
#7687=ORIENTED_EDGE('',*,*,#7686,.T.);
#7688=ORIENTED_EDGE('',*,*,#7650,.T.);
#7689=ORIENTED_EDGE('',*,*,#7662,.F.);
#7691=ORIENTED_EDGE('',*,*,#7690,.F.);
#7692=EDGE_LOOP('',(#7679,#7681,#7683,#7685,#7687,#7688,#7689,#7691));
#7693=FACE_OUTER_BOUND('',#7692,.F.);
#7694=ADVANCED_FACE('',(#7693),#7677,.T.);
#7695=CARTESIAN_POINT('',(0.E0,0.E0,2.2E-2));
#7696=DIRECTION('',(0.E0,0.E0,1.E0));
#7697=DIRECTION('',(1.E0,0.E0,0.E0));
#7698=AXIS2_PLACEMENT_3D('',#7695,#7696,#7697);
#7699=PLANE('',#7698);
#7701=ORIENTED_EDGE('',*,*,#7700,.F.);
#7703=ORIENTED_EDGE('',*,*,#7702,.T.);
#7705=ORIENTED_EDGE('',*,*,#7704,.T.);
#7707=ORIENTED_EDGE('',*,*,#7706,.T.);
#7709=ORIENTED_EDGE('',*,*,#7708,.T.);
#7711=ORIENTED_EDGE('',*,*,#7710,.T.);
#7713=ORIENTED_EDGE('',*,*,#7712,.F.);
#7715=ORIENTED_EDGE('',*,*,#7714,.F.);
#7716=EDGE_LOOP('',(#7701,#7703,#7705,#7707,#7709,#7711,#7713,#7715));
#7717=FACE_OUTER_BOUND('',#7716,.F.);
#7718=ADVANCED_FACE('',(#7717),#7699,.T.);
#7719=CARTESIAN_POINT('',(-7.39476E-2,-1.E-2,2.1E-2));
#7720=DIRECTION('',(1.E0,0.E0,0.E0));
#7721=DIRECTION('',(0.E0,0.E0,1.E0));
#7722=AXIS2_PLACEMENT_3D('',#7719,#7720,#7721);
#7723=CYLINDRICAL_SURFACE('',#7722,1.E-3);
#7725=ORIENTED_EDGE('',*,*,#7724,.T.);
#7727=ORIENTED_EDGE('',*,*,#7726,.T.);
#7728=ORIENTED_EDGE('',*,*,#7678,.F.);
#7730=ORIENTED_EDGE('',*,*,#7729,.T.);
#7732=ORIENTED_EDGE('',*,*,#7731,.F.);
#7733=EDGE_LOOP('',(#7725,#7727,#7728,#7730,#7732));
#7734=FACE_OUTER_BOUND('',#7733,.F.);
#7735=ADVANCED_FACE('',(#7734),#7723,.T.);
#7736=CARTESIAN_POINT('',(1.1E-2,-1.E-2,5.06792E-2));
#7737=DIRECTION('',(0.E0,0.E0,-1.E0));
#7738=DIRECTION('',(0.E0,-1.E0,0.E0));
#7739=AXIS2_PLACEMENT_3D('',#7736,#7737,#7738);
#7740=CYLINDRICAL_SURFACE('',#7739,1.E-3);
#7742=ORIENTED_EDGE('',*,*,#7741,.T.);
#7744=ORIENTED_EDGE('',*,*,#7743,.T.);
#7746=ORIENTED_EDGE('',*,*,#7745,.T.);
#7747=ORIENTED_EDGE('',*,*,#7724,.F.);
#7749=ORIENTED_EDGE('',*,*,#7748,.T.);
#7751=ORIENTED_EDGE('',*,*,#7750,.F.);
#7752=EDGE_LOOP('',(#7742,#7744,#7746,#7747,#7749,#7751));
#7753=FACE_OUTER_BOUND('',#7752,.F.);
#7754=ADVANCED_FACE('',(#7753),#7740,.T.);
#7755=CARTESIAN_POINT('',(9.999967025158E-3,-9.937391346355E-3,
-5.297621803212E-4));
#7756=CARTESIAN_POINT('',(9.999021794185E-3,-9.952317928112E-3,
-5.245796121235E-4));
#7757=CARTESIAN_POINT('',(9.996553734784E-3,-1.001259844460E-2,
-5.010789875422E-4));
#7758=CARTESIAN_POINT('',(1.000205196957E-2,-1.012111104191E-2,
-4.391498089053E-4));
#7759=CARTESIAN_POINT('',(1.002800821164E-2,-1.025792519302E-2,
-3.190525921552E-4));
#7760=CARTESIAN_POINT('',(1.007348384569E-2,-1.039160728322E-2,
-1.505950698816E-4));
#7761=CARTESIAN_POINT('',(1.013590355050E-2,-1.051490064800E-2,
6.691236151950E-5));
#7762=CARTESIAN_POINT('',(1.020746341394E-2,-1.061860477663E-2,
3.237457075704E-4));
#7763=CARTESIAN_POINT('',(1.027713559503E-2,-1.069782068163E-2,
6.041856672167E-4));
#7764=CARTESIAN_POINT('',(1.033542146087E-2,-1.075293689729E-2,
8.967149877678E-4));
#7765=CARTESIAN_POINT('',(1.037458832965E-2,-1.078536736491E-2,
1.195780352606E-3));
#7766=CARTESIAN_POINT('',(1.038530770057E-2,-1.079365490286E-2,
1.431385808943E-3));
#7767=CARTESIAN_POINT('',(1.038349153264E-2,-1.079225064878E-2,
1.560884544462E-3));
#7768=CARTESIAN_POINT('',(1.038261943002E-2,-1.079158293118E-2,
1.591235698805E-3));
#7769=CARTESIAN_POINT('',(1.004830654023E-2,-9.827204212806E-3,
1.041489096066E-4));
#7770=CARTESIAN_POINT('',(1.004648235363E-2,-9.832361227263E-3,
1.077039968159E-4));
#7771=CARTESIAN_POINT('',(1.003886710055E-2,-9.853230529310E-3,
1.238285647915E-4));
#7772=CARTESIAN_POINT('',(1.002322946538E-2,-9.892566196284E-3,
1.663775560988E-4));
#7773=CARTESIAN_POINT('',(1.000110741890E-2,-9.952137160943E-3,
2.513512271669E-4));
#7774=CARTESIAN_POINT('',(9.980234589606E-3,-1.002510462881E-2,
3.754539884244E-4));
#7775=CARTESIAN_POINT('',(9.964826633097E-3,-1.010799353634E-2,
5.413053641047E-4));
#7776=CARTESIAN_POINT('',(9.956165563717E-3,-1.018980699775E-2,
7.395339495738E-4));
#7777=CARTESIAN_POINT('',(9.950278763055E-3,-1.025807967890E-2,
9.503435864534E-4));
#7778=CARTESIAN_POINT('',(9.942075057596E-3,-1.030578872662E-2,
1.154168613074E-3));
#7779=CARTESIAN_POINT('',(9.931247166864E-3,-1.033148397909E-2,
1.336910715698E-3));
#7780=CARTESIAN_POINT('',(9.926890098521E-3,-1.033725638465E-2,
1.463324125677E-3));
#7781=CARTESIAN_POINT('',(9.927639988785E-3,-1.033630951527E-2,
1.532568987754E-3));
#7782=CARTESIAN_POINT('',(9.928006731833E-3,-1.033588564347E-2,
1.548880649116E-3));
#7783=CARTESIAN_POINT('',(9.599215100063E-3,-9.713564699282E-3,
5.532938835038E-4));
#7784=CARTESIAN_POINT('',(9.596267938732E-3,-9.718589842134E-3,
5.556958517385E-4));
#7785=CARTESIAN_POINT('',(9.583565937254E-3,-9.738958966965E-3,
5.665942629166E-4));
#7786=CARTESIAN_POINT('',(9.554631800679E-3,-9.778730031956E-3,
5.954118116437E-4));
#7787=CARTESIAN_POINT('',(9.508794729438E-3,-9.846386012082E-3,
6.554993996961E-4));
#7788=CARTESIAN_POINT('',(9.459883730188E-3,-9.938403553648E-3,
7.481754856748E-4));
#7789=CARTESIAN_POINT('',(9.415993924066E-3,-1.005064050182E-2,
8.774270003225E-4));
#7790=CARTESIAN_POINT('',(9.381481473864E-3,-1.016627526446E-2,
1.034132359459E-3));
#7791=CARTESIAN_POINT('',(9.352348367121E-3,-1.026474785015E-2,
1.195606829312E-3));
#7792=CARTESIAN_POINT('',(9.322220441497E-3,-1.033362538526E-2,
1.336582209641E-3));
#7793=CARTESIAN_POINT('',(9.292644764574E-3,-1.036998071366E-2,
1.436905800583E-3));
#7794=CARTESIAN_POINT('',(9.282103934605E-3,-1.037787750647E-2,
1.485953378681E-3));
#7795=CARTESIAN_POINT('',(9.283910352894E-3,-1.037659425892E-2,
1.512506568622E-3));
#7796=CARTESIAN_POINT('',(9.284789455280E-3,-1.037603035415E-2,
1.518870829144E-3));
#7797=CARTESIAN_POINT('',(8.956436504296E-3,-9.673333094223E-3,
5.138927340966E-4));
#7798=CARTESIAN_POINT('',(8.952881875094E-3,-9.687953252761E-3,
5.163958594535E-4));
#7799=CARTESIAN_POINT('',(8.938594001888E-3,-9.747071533361E-3,
5.277527341495E-4));
#7800=CARTESIAN_POINT('',(8.913195845001E-3,-9.856595842490E-3,
5.577748708207E-4));
#7801=CARTESIAN_POINT('',(8.884046712239E-3,-1.001219672531E-2,
6.200455853290E-4));
#7802=CARTESIAN_POINT('',(8.864371502873E-3,-1.019014448515E-2,
7.154785698594E-4));
#7803=CARTESIAN_POINT('',(8.860609408827E-3,-1.038163237203E-2,
8.479407997029E-4));
#7804=CARTESIAN_POINT('',(8.872099757508E-3,-1.056392530669E-2,
1.008288775232E-3));
#7805=CARTESIAN_POINT('',(8.887755701090E-3,-1.071331516582E-2,
1.174091162350E-3));
#7806=CARTESIAN_POINT('',(8.895097392E-3,-1.081761949930E-2,1.320580014827E-3));
#7807=CARTESIAN_POINT('',(8.890701000963E-3,-1.087482023326E-2,
1.428133752562E-3));
#7808=CARTESIAN_POINT('',(8.887051485255E-3,-1.088804409985E-2,
1.483968232168E-3));
#7809=CARTESIAN_POINT('',(8.887690316773E-3,-1.088585822123E-2,
1.514266540167E-3));
#7810=CARTESIAN_POINT('',(8.888008757017E-3,-1.088486511627E-2,
1.521503434358E-3));
#7811=(BOUNDED_SURFACE()B_SPLINE_SURFACE(3,3,((#7755,#7756,#7757,#7758,#7759,
#7760,#7761,#7762,#7763,#7764,#7765,#7766,#7767,#7768),(#7769,#7770,#7771,#7772,
#7773,#7774,#7775,#7776,#7777,#7778,#7779,#7780,#7781,#7782),(#7783,#7784,#7785,
#7786,#7787,#7788,#7789,#7790,#7791,#7792,#7793,#7794,#7795,#7796),(#7797,#7798,
#7799,#7800,#7801,#7802,#7803,#7804,#7805,#7806,#7807,#7808,#7809,#7810)),
.UNSPECIFIED.,.F.,.F.,.F.)B_SPLINE_SURFACE_WITH_KNOTS((4,4),(4,1,1,1,1,1,1,1,1,
1,1,4),(0.E0,1.E0),(6.242631530473E-1,6.341487096925E-1,6.643226177676E-1,
6.983541538920E-1,7.368026073418E-1,7.803931001182E-1,8.278716586073E-1,
8.741118824686E-1,9.176691385199E-1,9.601544806391E-1,1.E0,1.012241583598E0),
.UNSPECIFIED.)GEOMETRIC_REPRESENTATION_ITEM()RATIONAL_B_SPLINE_SURFACE(((
1.203496804663E0,1.203496804663E0,1.203496804663E0,1.203496804663E0,
1.203496804663E0,1.203496804663E0,1.203496804663E0,1.203496804663E0,
1.203496804663E0,1.203496804663E0,1.203496804663E0,1.203496804663E0,
1.203496804663E0,1.203496804663E0),(9.321677317789E-1,9.321677317789E-1,
9.321677317789E-1,9.321677317789E-1,9.321677317789E-1,9.321677317789E-1,
9.321677317789E-1,9.321677317789E-1,9.321677317789E-1,9.321677317789E-1,
9.321677317789E-1,9.321677317789E-1,9.321677317789E-1,9.321677317789E-1),(
9.321677317789E-1,9.321677317789E-1,9.321677317789E-1,9.321677317789E-1,
9.321677317789E-1,9.321677317789E-1,9.321677317789E-1,9.321677317789E-1,
9.321677317789E-1,9.321677317789E-1,9.321677317789E-1,9.321677317789E-1,
9.321677317789E-1,9.321677317789E-1),(1.203496804663E0,1.203496804663E0,
1.203496804663E0,1.203496804663E0,1.203496804663E0,1.203496804663E0,
1.203496804663E0,1.203496804663E0,1.203496804663E0,1.203496804663E0,
1.203496804663E0,1.203496804663E0,1.203496804663E0,1.203496804663E0)))REPRESENTATION_ITEM('')SURFACE());
#7813=ORIENTED_EDGE('',*,*,#7812,.T.);
#7815=ORIENTED_EDGE('',*,*,#7814,.F.);
#7816=ORIENTED_EDGE('',*,*,#7741,.F.);
#7818=ORIENTED_EDGE('',*,*,#7817,.F.);
#7819=ORIENTED_EDGE('',*,*,#7398,.F.);
#7821=ORIENTED_EDGE('',*,*,#7820,.T.);
#7822=EDGE_LOOP('',(#7813,#7815,#7816,#7818,#7819,#7821));
#7823=FACE_OUTER_BOUND('',#7822,.F.);
#7824=ADVANCED_FACE('',(#7823),#7811,.F.);
#7825=CARTESIAN_POINT('',(-7.39476E-2,-9.5E-3,1.5E-3));
#7826=DIRECTION('',(1.E0,0.E0,0.E0));
#7827=DIRECTION('',(0.E0,-1.E0,0.E0));
#7828=AXIS2_PLACEMENT_3D('',#7825,#7826,#7827);
#7829=CYLINDRICAL_SURFACE('',#7828,1.E-3);
#7830=ORIENTED_EDGE('',*,*,#7812,.F.);
#7832=ORIENTED_EDGE('',*,*,#7831,.T.);
#7834=ORIENTED_EDGE('',*,*,#7833,.F.);
#7836=ORIENTED_EDGE('',*,*,#7835,.T.);
#7838=ORIENTED_EDGE('',*,*,#7837,.T.);
#7840=ORIENTED_EDGE('',*,*,#7839,.T.);
#7841=EDGE_LOOP('',(#7830,#7832,#7834,#7836,#7838,#7840));
#7842=FACE_OUTER_BOUND('',#7841,.F.);
#7843=ADVANCED_FACE('',(#7842),#7829,.T.);
#7844=CARTESIAN_POINT('',(9.E-3,-9.5E-3,1.5E-3));
#7845=DIRECTION('',(1.E0,0.E0,0.E0));
#7846=DIRECTION('',(0.E0,-2.5E-1,-9.682458365519E-1));
#7847=AXIS2_PLACEMENT_3D('',#7844,#7845,#7846);
#7848=TOROIDAL_SURFACE('',#7847,2.E-3,1.E-3);
#7849=ORIENTED_EDGE('',*,*,#7831,.F.);
#7850=ORIENTED_EDGE('',*,*,#7820,.F.);
#7851=ORIENTED_EDGE('',*,*,#7396,.F.);
#7853=ORIENTED_EDGE('',*,*,#7852,.F.);
#7854=EDGE_LOOP('',(#7849,#7850,#7851,#7853));
#7855=FACE_OUTER_BOUND('',#7854,.F.);
#7856=ADVANCED_FACE('',(#7855),#7848,.F.);
#7857=CARTESIAN_POINT('',(9.E-3,-9.493939570875E-2,-5.E-4));
#7858=DIRECTION('',(0.E0,1.E0,0.E0));
#7859=DIRECTION('',(0.E0,0.E0,1.E0));
#7860=AXIS2_PLACEMENT_3D('',#7857,#7858,#7859);
#7861=CYLINDRICAL_SURFACE('',#7860,1.E-3);
#7863=ORIENTED_EDGE('',*,*,#7862,.F.);
#7864=ORIENTED_EDGE('',*,*,#7852,.T.);
#7865=ORIENTED_EDGE('',*,*,#7394,.F.);
#7867=ORIENTED_EDGE('',*,*,#7866,.F.);
#7868=EDGE_LOOP('',(#7863,#7864,#7865,#7867));
#7869=FACE_OUTER_BOUND('',#7868,.F.);
#7870=ADVANCED_FACE('',(#7869),#7861,.F.);
#7871=CARTESIAN_POINT('',(-1.E-2,1.05E-2,5.E-4));
#7872=DIRECTION('',(0.E0,0.E0,1.E0));
#7873=DIRECTION('',(1.E0,0.E0,0.E0));
#7874=AXIS2_PLACEMENT_3D('',#7871,#7872,#7873);
#7875=PLANE('',#7874);
#7876=ORIENTED_EDGE('',*,*,#7862,.T.);
#7878=ORIENTED_EDGE('',*,*,#7877,.T.);
#7880=ORIENTED_EDGE('',*,*,#7879,.T.);
#7881=ORIENTED_EDGE('',*,*,#7833,.T.);
#7882=EDGE_LOOP('',(#7876,#7878,#7880,#7881));
#7883=FACE_OUTER_BOUND('',#7882,.F.);
#7884=ADVANCED_FACE('',(#7883),#7875,.F.);
#7885=CARTESIAN_POINT('',(7.39476E-2,9.5E-3,1.5E-3));
#7886=DIRECTION('',(-1.E0,0.E0,0.E0));
#7887=DIRECTION('',(0.E0,1.E0,0.E0));
#7888=AXIS2_PLACEMENT_3D('',#7885,#7886,#7887);
#7889=CYLINDRICAL_SURFACE('',#7888,1.E-3);
#7890=ORIENTED_EDGE('',*,*,#7527,.T.);
#7891=ORIENTED_EDGE('',*,*,#7560,.T.);
#7893=ORIENTED_EDGE('',*,*,#7892,.T.);
#7895=ORIENTED_EDGE('',*,*,#7894,.T.);
#7896=ORIENTED_EDGE('',*,*,#7877,.F.);
#7898=ORIENTED_EDGE('',*,*,#7897,.T.);
#7899=EDGE_LOOP('',(#7890,#7891,#7893,#7895,#7896,#7898));
#7900=FACE_OUTER_BOUND('',#7899,.F.);
#7901=ADVANCED_FACE('',(#7900),#7889,.T.);
#7902=CARTESIAN_POINT('',(-8.887951331411E-3,1.088495354147E-2,
1.521572145652E-3));
#7903=CARTESIAN_POINT('',(-8.887625589449E-3,1.088594719918E-2,
1.514310103484E-3));
#7904=CARTESIAN_POINT('',(-8.886964327218E-3,1.088816112426E-2,
1.483576205370E-3));
#7905=CARTESIAN_POINT('',(-8.890887506012E-3,1.087413830341E-2,
1.425294621744E-3));
#7906=CARTESIAN_POINT('',(-8.895271878849E-3,1.081044305167E-2,
1.307946167413E-3));
#7907=CARTESIAN_POINT('',(-8.885631907147E-3,1.069431077898E-2,
1.150188304918E-3));
#7908=CARTESIAN_POINT('',(-8.870351323140E-3,1.054374742493E-2,
9.896778149161E-4));
#7909=CARTESIAN_POINT('',(-8.861375005677E-3,1.038249436407E-2,
8.504498722545E-4));
#7910=CARTESIAN_POINT('',(-8.863280749954E-3,1.022499023181E-2,
7.389284552472E-4));
#7911=CARTESIAN_POINT('',(-8.875749331712E-3,1.007803740663E-2,
6.538369210946E-4));
#7912=CARTESIAN_POINT('',(-8.895866842998E-3,9.945431161460E-3,
5.921090093414E-4));
#7913=CARTESIAN_POINT('',(-8.919757662080E-3,9.827833047423E-3,
5.496123038413E-4));
#7914=CARTESIAN_POINT('',(-8.940574714735E-3,9.738401720565E-3,
5.260685619835E-4));
#7915=CARTESIAN_POINT('',(-8.952907597916E-3,9.687361325008E-3,
5.162579978240E-4));
#7916=CARTESIAN_POINT('',(-8.956908310793E-3,9.670904113320E-3,
5.134821523150E-4));
#7917=CARTESIAN_POINT('',(-9.284714100543E-3,1.037603475818E-2,
1.518928070868E-3));
#7918=CARTESIAN_POINT('',(-9.283823891682E-3,1.037659649174E-2,
1.512542364858E-3));
#7919=CARTESIAN_POINT('',(-9.281974326618E-3,1.037789202062E-2,
1.485612129326E-3));
#7920=CARTESIAN_POINT('',(-9.293224780456E-3,1.036952986233E-2,
1.434429468987E-3));
#7921=CARTESIAN_POINT('',(-9.325466368376E-3,1.032895179012E-2,
1.324690111533E-3));
#7922=CARTESIAN_POINT('',(-9.356496389545E-3,1.025204850005E-2,
1.172450481100E-3));
#7923=CARTESIAN_POINT('',(-9.385025047671E-3,1.015322939388E-2,
1.015985169121E-3));
#7924=CARTESIAN_POINT('',(-9.416169348420E-3,1.005160011029E-2,
8.799465031308E-4));
#7925=CARTESIAN_POINT('',(-9.451662438094E-3,9.958627975592E-3,
7.711109389281E-4));
#7926=CARTESIAN_POINT('',(-9.490230091099E-3,9.879591191651E-3,
6.883469411983E-4));
#7927=CARTESIAN_POINT('',(-9.528442077301E-3,9.816549353193E-3,
6.285888020538E-4));
#7928=CARTESIAN_POINT('',(-9.562385444540E-3,9.768198850798E-3,
5.876499008162E-4));
#7929=CARTESIAN_POINT('',(-9.585366520989E-3,9.735947319993E-3,
5.650507795561E-4));
#7930=CARTESIAN_POINT('',(-9.596346153732E-3,9.718371171741E-3,
5.556382772349E-4));
#7931=CARTESIAN_POINT('',(-9.599637283094E-3,9.712716030845E-3,
5.529752116530E-4));
#7932=CARTESIAN_POINT('',(-9.927975557312E-3,1.033584766311E-2,
1.549012459615E-3));
#7933=CARTESIAN_POINT('',(-9.927603293178E-3,1.033627090472E-2,
1.532655765715E-3));
#7934=CARTESIAN_POINT('',(-9.926833558935E-3,1.033722844809E-2,
1.462447305039E-3));
#7935=CARTESIAN_POINT('',(-9.931491978153E-3,1.033111172537E-2,
1.330492811319E-3));
#7936=CARTESIAN_POINT('',(-9.943203042247E-3,1.030246975125E-2,
1.134176844962E-3));
#7937=CARTESIAN_POINT('',(-9.951161946082E-3,1.024928278329E-2,
9.191505491991E-4));
#7938=CARTESIAN_POINT('',(-9.956945609167E-3,1.018061942145E-2,
7.166590397168E-4));
#7939=CARTESIAN_POINT('',(-9.965100905128E-3,1.010847208075E-2,
5.443326560710E-4));
#7940=CARTESIAN_POINT('',(-9.977295015268E-3,1.004008383006E-2,
4.049373511247E-4));
#7941=CARTESIAN_POINT('',(-9.993030226546E-3,9.978825930666E-3,
2.956905507893E-4));
#7942=CARTESIAN_POINT('',(-1.001047570457E-2,9.926286528016E-3,
2.135202600391E-4));
#7943=CARTESIAN_POINT('',(-1.002741113870E-2,9.882192570950E-3,
1.548565995333E-4));
#7944=CARTESIAN_POINT('',(-1.003998644591E-2,9.850154188632E-3,
1.215095472935E-4));
#7945=CARTESIAN_POINT('',(-1.004656499861E-2,9.832143862082E-3,
1.075678814383E-4));
#7946=CARTESIAN_POINT('',(-1.004860954635E-2,9.826340678894E-3,
1.036216013311E-4));
#7947=CARTESIAN_POINT('',(-1.038261071652E-2,1.079157624024E-2,
1.591475158669E-3));
#7948=CARTESIAN_POINT('',(-1.038348845246E-2,1.079224810302E-2,
1.561044884560E-3));
#7949=CARTESIAN_POINT('',(-1.038533624662E-2,1.079367669702E-2,
1.429751245610E-3));
#7950=CARTESIAN_POINT('',(-1.037394240881E-2,1.078487129018E-2,
1.183791109903E-3));
#7951=CARTESIAN_POINT('',(-1.033062278852E-2,1.074891033037E-2,
8.652763340627E-4));
#7952=CARTESIAN_POINT('',(-1.026737559119E-2,1.068788445813E-2,
5.616296147011E-4));
#7953=CARTESIAN_POINT('',(-1.019924554769E-2,1.060738991638E-2,
2.941742932693E-4));
#7954=CARTESIAN_POINT('',(-1.013685279839E-2,1.051464004682E-2,
7.062950372130E-5));
#7955=CARTESIAN_POINT('',(-1.008462186456E-2,1.041425815090E-2,
-1.118994372533E-4));
#7956=CARTESIAN_POINT('',(-1.004403779882E-2,1.030861570794E-2,
-2.585254672816E-4));
#7957=CARTESIAN_POINT('',(-1.001590299214E-2,1.020041254814E-2,
-3.723294553883E-4));
#7958=CARTESIAN_POINT('',(-1.000027478430E-2,1.009270479106E-2,
-4.560107795382E-4));
#7959=CARTESIAN_POINT('',(-9.996913362561E-3,1.000376872843E-2,
-5.045280305969E-4));
#7960=CARTESIAN_POINT('',(-9.999020053077E-3,9.951719491656E-3,
-5.248623976544E-4));
#7961=CARTESIAN_POINT('',(-1.000012425334E-2,9.934918294176E-3,
-5.306198746806E-4));
#7962=(BOUNDED_SURFACE()B_SPLINE_SURFACE(3,3,((#7902,#7903,#7904,#7905,#7906,
#7907,#7908,#7909,#7910,#7911,#7912,#7913,#7914,#7915,#7916),(#7917,#7918,#7919,
#7920,#7921,#7922,#7923,#7924,#7925,#7926,#7927,#7928,#7929,#7930,#7931),(#7932,
#7933,#7934,#7935,#7936,#7937,#7938,#7939,#7940,#7941,#7942,#7943,#7944,#7945,
#7946),(#7947,#7948,#7949,#7950,#7951,#7952,#7953,#7954,#7955,#7956,#7957,#7958,
#7959,#7960,#7961)),.UNSPECIFIED.,.F.,.F.,.F.)B_SPLINE_SURFACE_WITH_KNOTS((4,4),
(4,1,1,1,1,1,1,1,1,1,1,1,4),(0.E0,1.E0),(-1.227371709832E-2,0.E0,
4.053526511223E-2,8.644659011977E-2,1.344813587647E-1,1.793653677756E-1,
2.192497461268E-1,2.549347632232E-1,2.869581967208E-1,3.157919742883E-1,
3.417410600718E-1,3.652171316363E-1,3.763466610574E-1),.UNSPECIFIED.)GEOMETRIC_REPRESENTATION_ITEM()RATIONAL_B_SPLINE_SURFACE(((1.203527173071E0,
1.203527173071E0,1.203527173071E0,1.203527173071E0,1.203527173071E0,
1.203527173071E0,1.203527173071E0,1.203527173071E0,1.203527173071E0,
1.203527173071E0,1.203527173071E0,1.203527173071E0,1.203527173071E0,
1.203527173071E0,1.203527173071E0),(9.321576089763E-1,9.321576089763E-1,
9.321576089763E-1,9.321576089763E-1,9.321576089763E-1,9.321576089763E-1,
9.321576089763E-1,9.321576089763E-1,9.321576089763E-1,9.321576089763E-1,
9.321576089763E-1,9.321576089763E-1,9.321576089763E-1,9.321576089763E-1,
9.321576089763E-1),(9.321576089763E-1,9.321576089763E-1,9.321576089763E-1,
9.321576089763E-1,9.321576089763E-1,9.321576089763E-1,9.321576089763E-1,
9.321576089763E-1,9.321576089763E-1,9.321576089763E-1,9.321576089763E-1,
9.321576089763E-1,9.321576089763E-1,9.321576089763E-1,9.321576089763E-1),(
1.203527173071E0,1.203527173071E0,1.203527173071E0,1.203527173071E0,
1.203527173071E0,1.203527173071E0,1.203527173071E0,1.203527173071E0,
1.203527173071E0,1.203527173071E0,1.203527173071E0,1.203527173071E0,
1.203527173071E0,1.203527173071E0,1.203527173071E0)))REPRESENTATION_ITEM('')SURFACE());
#7963=ORIENTED_EDGE('',*,*,#7892,.F.);
#7965=ORIENTED_EDGE('',*,*,#7964,.T.);
#7967=ORIENTED_EDGE('',*,*,#7966,.T.);
#7969=ORIENTED_EDGE('',*,*,#7968,.F.);
#7970=ORIENTED_EDGE('',*,*,#7422,.F.);
#7972=ORIENTED_EDGE('',*,*,#7971,.F.);
#7973=EDGE_LOOP('',(#7963,#7965,#7967,#7969,#7970,#7972));
#7974=FACE_OUTER_BOUND('',#7973,.F.);
#7975=ADVANCED_FACE('',(#7974),#7962,.F.);
#7976=CARTESIAN_POINT('',(-9.677124344468E-3,1.15E-2,2.058053458860E-2));
#7977=DIRECTION('',(0.E0,0.E0,-1.E0));
#7978=DIRECTION('',(0.E0,-1.E0,0.E0));
#7979=AXIS2_PLACEMENT_3D('',#7976,#7977,#7978);
#7980=CYLINDRICAL_SURFACE('',#7979,1.E-3);
#7981=ORIENTED_EDGE('',*,*,#7558,.F.);
#7983=ORIENTED_EDGE('',*,*,#7982,.T.);
#7985=ORIENTED_EDGE('',*,*,#7984,.T.);
#7986=ORIENTED_EDGE('',*,*,#7964,.F.);
#7987=EDGE_LOOP('',(#7981,#7983,#7985,#7986));
#7988=FACE_OUTER_BOUND('',#7987,.F.);
#7989=ADVANCED_FACE('',(#7988),#7980,.F.);
#7990=CARTESIAN_POINT('',(-8.956432314881E-3,9.673340522801E-3,
2.148610410108E-2));
#7991=CARTESIAN_POINT('',(-8.953358619051E-3,9.685980622078E-3,
2.148393911928E-2));
#7992=CARTESIAN_POINT('',(-8.939637325445E-3,9.742719647371E-3,
2.147320086696E-2));
#7993=CARTESIAN_POINT('',(-8.914806855271E-3,9.849222268378E-3,
2.144464307625E-2));
#7994=CARTESIAN_POINT('',(-8.885531473811E-3,1.000282625975E-2,
2.138422962726E-2));
#7995=CARTESIAN_POINT('',(-8.865189415687E-3,1.017873144401E-2,
2.129136882081E-2));
#7996=CARTESIAN_POINT('',(-8.860314147867E-3,1.037007211811E-2,
2.116105647783E-2));
#7997=CARTESIAN_POINT('',(-8.871245437878E-3,1.055529825630E-2,
2.100040541568E-2));
#7998=CARTESIAN_POINT('',(-8.887362706508E-3,1.070920878414E-2,
2.083131020182E-2));
#7999=CARTESIAN_POINT('',(-8.895153529085E-3,1.081658472962E-2,
2.068128259838E-2));
#8000=CARTESIAN_POINT('',(-8.890724910068E-3,1.087474551096E-2,
2.057216125920E-2));
#8001=CARTESIAN_POINT('',(-8.887049442906E-3,1.088804572173E-2,
2.051605846099E-2));
#8002=CARTESIAN_POINT('',(-8.887690217048E-3,1.088585942768E-2,
2.048573312373E-2));
#8003=CARTESIAN_POINT('',(-8.888009267030E-3,1.088486700488E-2,
2.047849532969E-2));
#8004=CARTESIAN_POINT('',(-9.599211976891E-3,9.713566491137E-3,
2.144670227612E-2));
#8005=CARTESIAN_POINT('',(-9.596663554453E-3,9.717911109832E-3,
2.144462470709E-2));
#8006=CARTESIAN_POINT('',(-9.584577423334E-3,9.737455403764E-3,
2.143432008029E-2));
#8007=CARTESIAN_POINT('',(-9.556743172732E-3,9.775858356656E-3,
2.140691231656E-2));
#8008=CARTESIAN_POINT('',(-9.511538679857E-3,9.841974259746E-3,
2.134863628262E-2));
#8009=CARTESIAN_POINT('',(-9.462816212086E-3,9.932122115750E-3,
2.125848943919E-2));
#8010=CARTESIAN_POINT('',(-9.418364517081E-3,1.004353978116E-2,2.113136436E-2));
#8011=CARTESIAN_POINT('',(-9.383034636718E-3,1.016063815858E-2,
2.097435704932E-2));
#8012=CARTESIAN_POINT('',(-9.353358309268E-3,1.026201997218E-2,
2.080961973005E-2));
#8013=CARTESIAN_POINT('',(-9.322724607488E-3,1.033296305672E-2,
2.066516725080E-2));
#8014=CARTESIAN_POINT('',(-9.292708743096E-3,1.036993646059E-2,
2.056335263387E-2));
#8015=CARTESIAN_POINT('',(-9.282100731709E-3,1.037787778067E-2,
2.051407030721E-2));
#8016=CARTESIAN_POINT('',(-9.283909964214E-3,1.037659481746E-2,
2.048749298520E-2));
#8017=CARTESIAN_POINT('',(-9.284789626584E-3,1.037603156636E-2,
2.048112774740E-2));
#8018=CARTESIAN_POINT('',(-1.004830482452E-2,9.827206532814E-3,
2.189584800801E-2));
#8019=CARTESIAN_POINT('',(-1.004672744426E-2,9.831665121946E-3,
2.189277401129E-2));
#8020=CARTESIAN_POINT('',(-1.003945125066E-2,9.851692811945E-3,
2.187752643959E-2));
#8021=CARTESIAN_POINT('',(-1.002431292659E-2,9.889853631038E-3,
2.183700939193E-2));
#8022=CARTESIAN_POINT('',(-1.000236976444E-2,9.948437930939E-3,
2.175436872897E-2));
#8023=CARTESIAN_POINT('',(-9.981399751864E-3,1.002029886409E-2,
2.163328512290E-2));
#8024=CARTESIAN_POINT('',(-9.965539815144E-3,1.010288168442E-2,
2.146982807356E-2));
#8025=CARTESIAN_POINT('',(-9.956474784266E-3,1.018588028934E-2,
2.127128523952E-2));
#8026=CARTESIAN_POINT('',(-9.950518656346E-3,1.025619558062E-2,
2.105687180099E-2));
#8027=CARTESIAN_POINT('',(-9.942255094697E-3,1.030532186873E-2,
2.084886786844E-2));
#8028=CARTESIAN_POINT('',(-9.931273945456E-3,1.033145098169E-2,
2.066376312186E-2));
#8029=CARTESIAN_POINT('',(-9.926888451705E-3,1.033725635737E-2,
2.053673349056E-2));
#8030=CARTESIAN_POINT('',(-9.927639738836E-3,1.033630948333E-2,
2.046743213096E-2));
#8031=CARTESIAN_POINT('',(-9.928006813793E-3,1.033588599106E-2,
2.045112052870E-2));
#8032=CARTESIAN_POINT('',(-9.999965871152E-3,9.937399942704E-3,
2.252976054175E-2));
#8033=CARTESIAN_POINT('',(-9.999148535241E-3,9.950304869121E-3,
2.252528021304E-2));
#8034=CARTESIAN_POINT('',(-9.996603841813E-3,1.000816713657E-2,
2.250305629826E-2));
#8035=CARTESIAN_POINT('',(-1.000127423195E-2,1.011410712393E-2,
2.244403715027E-2));
#8036=CARTESIAN_POINT('',(-1.002604998783E-2,1.025021032298E-2,
2.232700888743E-2));
#8037=CARTESIAN_POINT('',(-1.007019485799E-2,1.038362314126E-2,
2.216226194405E-2));
#8038=CARTESIAN_POINT('',(-1.013175676316E-2,1.050796179431E-2,
2.194752690272E-2));
#8039=CARTESIAN_POINT('',(-1.020371830990E-2,1.061395207502E-2,
2.169036191781E-2));
#8040=CARTESIAN_POINT('',(-1.027495296529E-2,1.069567495015E-2,
2.140583690438E-2));
#8041=CARTESIAN_POINT('',(-1.033472411222E-2,1.075235634710E-2,
2.110813811349E-2));
#8042=CARTESIAN_POINT('',(-1.037452546502E-2,1.078531881696E-2,
2.080547985729E-2));
#8043=CARTESIAN_POINT('',(-1.038530893656E-2,1.079365584546E-2,
2.056871971453E-2));
#8044=CARTESIAN_POINT('',(-1.038349141838E-2,1.079225050424E-2,
2.043911876619E-2));
#8045=CARTESIAN_POINT('',(-1.038261939581E-2,1.079158283172E-2,
2.040876912539E-2));
#8046=(BOUNDED_SURFACE()B_SPLINE_SURFACE(3,3,((#7990,#7991,#7992,#7993,#7994,
#7995,#7996,#7997,#7998,#7999,#8000,#8001,#8002,#8003),(#8004,#8005,#8006,#8007,
#8008,#8009,#8010,#8011,#8012,#8013,#8014,#8015,#8016,#8017),(#8018,#8019,#8020,
#8021,#8022,#8023,#8024,#8025,#8026,#8027,#8028,#8029,#8030,#8031),(#8032,#8033,
#8034,#8035,#8036,#8037,#8038,#8039,#8040,#8041,#8042,#8043,#8044,#8045)),
.UNSPECIFIED.,.F.,.F.,.F.)B_SPLINE_SURFACE_WITH_KNOTS((4,4),(4,1,1,1,1,1,1,1,1,
1,1,4),(0.E0,1.E0),(6.242838955635E-1,6.328303872503E-1,6.627183156686E-1,
6.963897140790E-1,7.343017492351E-1,7.774189361434E-1,8.252669852373E-1,
8.725657213470E-1,9.172082321615E-1,9.601145363090E-1,1.E0,1.012240369243E0),
.UNSPECIFIED.)GEOMETRIC_REPRESENTATION_ITEM()RATIONAL_B_SPLINE_SURFACE(((
1.203496994165E0,1.203496994165E0,1.203496994165E0,1.203496994165E0,
1.203496994165E0,1.203496994165E0,1.203496994165E0,1.203496994165E0,
1.203496994165E0,1.203496994165E0,1.203496994165E0,1.203496994165E0,
1.203496994165E0,1.203496994165E0),(9.321676686116E-1,9.321676686116E-1,
9.321676686116E-1,9.321676686116E-1,9.321676686116E-1,9.321676686116E-1,
9.321676686116E-1,9.321676686116E-1,9.321676686116E-1,9.321676686116E-1,
9.321676686116E-1,9.321676686116E-1,9.321676686116E-1,9.321676686116E-1),(
9.321676686116E-1,9.321676686116E-1,9.321676686116E-1,9.321676686116E-1,
9.321676686116E-1,9.321676686116E-1,9.321676686116E-1,9.321676686116E-1,
9.321676686116E-1,9.321676686116E-1,9.321676686116E-1,9.321676686116E-1,
9.321676686116E-1,9.321676686116E-1),(1.203496994165E0,1.203496994165E0,
1.203496994165E0,1.203496994165E0,1.203496994165E0,1.203496994165E0,
1.203496994165E0,1.203496994165E0,1.203496994165E0,1.203496994165E0,
1.203496994165E0,1.203496994165E0,1.203496994165E0,1.203496994165E0)))REPRESENTATION_ITEM('')SURFACE());
#8048=ORIENTED_EDGE('',*,*,#8047,.T.);
#8049=ORIENTED_EDGE('',*,*,#7982,.F.);
#8050=ORIENTED_EDGE('',*,*,#7578,.F.);
#8052=ORIENTED_EDGE('',*,*,#8051,.T.);
#8053=ORIENTED_EDGE('',*,*,#7702,.F.);
#8055=ORIENTED_EDGE('',*,*,#8054,.F.);
#8056=EDGE_LOOP('',(#8048,#8049,#8050,#8052,#8053,#8055));
#8057=FACE_OUTER_BOUND('',#8056,.F.);
#8058=ADVANCED_FACE('',(#8057),#8046,.F.);
#8059=CARTESIAN_POINT('',(-1.1E-2,1.E-2,5.06792E-2));
#8060=DIRECTION('',(0.E0,0.E0,-1.E0));
#8061=DIRECTION('',(0.E0,1.E0,0.E0));
#8062=AXIS2_PLACEMENT_3D('',#8059,#8060,#8061);
#8063=CYLINDRICAL_SURFACE('',#8062,1.E-3);
#8064=ORIENTED_EDGE('',*,*,#7966,.F.);
#8065=ORIENTED_EDGE('',*,*,#7984,.F.);
#8066=ORIENTED_EDGE('',*,*,#8047,.F.);
#8068=ORIENTED_EDGE('',*,*,#8067,.F.);
#8070=ORIENTED_EDGE('',*,*,#8069,.T.);
#8072=ORIENTED_EDGE('',*,*,#8071,.F.);
#8073=EDGE_LOOP('',(#8064,#8065,#8066,#8068,#8070,#8072));
#8074=FACE_OUTER_BOUND('',#8073,.F.);
#8075=ADVANCED_FACE('',(#8074),#8063,.T.);
#8076=CARTESIAN_POINT('',(7.39476E-2,1.E-2,2.1E-2));
#8077=DIRECTION('',(-1.E0,0.E0,0.E0));
#8078=DIRECTION('',(0.E0,0.E0,1.E0));
#8079=AXIS2_PLACEMENT_3D('',#8076,#8077,#8078);
#8080=CYLINDRICAL_SURFACE('',#8079,1.E-3);
#8081=ORIENTED_EDGE('',*,*,#8067,.T.);
#8082=ORIENTED_EDGE('',*,*,#8054,.T.);
#8083=ORIENTED_EDGE('',*,*,#7700,.T.);
#8085=ORIENTED_EDGE('',*,*,#8084,.T.);
#8087=ORIENTED_EDGE('',*,*,#8086,.F.);
#8088=EDGE_LOOP('',(#8081,#8082,#8083,#8085,#8087));
#8089=FACE_OUTER_BOUND('',#8088,.F.);
#8090=ADVANCED_FACE('',(#8089),#8080,.T.);
#8091=CARTESIAN_POINT('',(-1.95E-2,1.E-2,2.1E-2));
#8092=DIRECTION('',(7.071067811865E-1,7.071067811865E-1,0.E0));
#8093=DIRECTION('',(-7.071067811865E-1,7.071067811865E-1,0.E0));
#8094=AXIS2_PLACEMENT_3D('',#8091,#8092,#8093);
#8095=SPHERICAL_SURFACE('',#8094,1.E-3);
#8097=ORIENTED_EDGE('',*,*,#8096,.F.);
#8099=ORIENTED_EDGE('',*,*,#8098,.F.);
#8100=ORIENTED_EDGE('',*,*,#8084,.F.);
#8101=EDGE_LOOP('',(#8097,#8099,#8100));
#8102=FACE_OUTER_BOUND('',#8101,.F.);
#8103=ADVANCED_FACE('',(#8102),#8095,.T.);
#8104=CARTESIAN_POINT('',(-1.95E-2,3.96792E-2,2.1E-2));
#8105=DIRECTION('',(0.E0,-1.E0,0.E0));
#8106=DIRECTION('',(0.E0,0.E0,1.E0));
#8107=AXIS2_PLACEMENT_3D('',#8104,#8105,#8106);
#8108=CYLINDRICAL_SURFACE('',#8107,1.E-3);
#8110=ORIENTED_EDGE('',*,*,#8109,.F.);
#8111=ORIENTED_EDGE('',*,*,#8096,.T.);
#8112=ORIENTED_EDGE('',*,*,#7714,.T.);
#8114=ORIENTED_EDGE('',*,*,#8113,.T.);
#8115=EDGE_LOOP('',(#8110,#8111,#8112,#8114));
#8116=FACE_OUTER_BOUND('',#8115,.F.);
#8117=ADVANCED_FACE('',(#8116),#8108,.T.);
#8118=CARTESIAN_POINT('',(-2.05E-2,1.1E-2,0.E0));
#8119=DIRECTION('',(-1.E0,0.E0,0.E0));
#8120=DIRECTION('',(0.E0,-1.E0,0.E0));
#8121=AXIS2_PLACEMENT_3D('',#8118,#8119,#8120);
#8122=PLANE('',#8121);
#8124=ORIENTED_EDGE('',*,*,#8123,.T.);
#8126=ORIENTED_EDGE('',*,*,#8125,.T.);
#8128=ORIENTED_EDGE('',*,*,#8127,.F.);
#8129=ORIENTED_EDGE('',*,*,#8109,.T.);
#8130=EDGE_LOOP('',(#8124,#8126,#8128,#8129));
#8131=FACE_OUTER_BOUND('',#8130,.F.);
#8132=ADVANCED_FACE('',(#8131),#8122,.T.);
#8133=CARTESIAN_POINT('',(-1.95E-2,-1.E-2,5.06792E-2));
#8134=DIRECTION('',(0.E0,0.E0,-1.E0));
#8135=DIRECTION('',(0.E0,-1.E0,0.E0));
#8136=AXIS2_PLACEMENT_3D('',#8133,#8134,#8135);
#8137=CYLINDRICAL_SURFACE('',#8136,1.E-3);
#8139=ORIENTED_EDGE('',*,*,#8138,.T.);
#8141=ORIENTED_EDGE('',*,*,#8140,.T.);
#8142=ORIENTED_EDGE('',*,*,#8123,.F.);
#8144=ORIENTED_EDGE('',*,*,#8143,.T.);
#8145=EDGE_LOOP('',(#8139,#8141,#8142,#8144));
#8146=FACE_OUTER_BOUND('',#8145,.F.);
#8147=ADVANCED_FACE('',(#8146),#8137,.T.);
#8148=CARTESIAN_POINT('',(-2.05E-2,-1.1E-2,0.E0));
#8149=DIRECTION('',(0.E0,-1.E0,0.E0));
#8150=DIRECTION('',(1.E0,0.E0,0.E0));
#8151=AXIS2_PLACEMENT_3D('',#8148,#8149,#8150);
#8152=PLANE('',#8151);
#8153=ORIENTED_EDGE('',*,*,#8138,.F.);
#8155=ORIENTED_EDGE('',*,*,#8154,.T.);
#8157=ORIENTED_EDGE('',*,*,#8156,.F.);
#8159=ORIENTED_EDGE('',*,*,#8158,.T.);
#8160=EDGE_LOOP('',(#8153,#8155,#8157,#8159));
#8161=FACE_OUTER_BOUND('',#8160,.F.);
#8162=ADVANCED_FACE('',(#8161),#8152,.T.);
#8163=CARTESIAN_POINT('',(-2.05E-2,-1.1E-2,0.E0));
#8164=DIRECTION('',(0.E0,-1.E0,0.E0));
#8165=DIRECTION('',(1.E0,0.E0,0.E0));
#8166=AXIS2_PLACEMENT_3D('',#8163,#8164,#8165);
#8167=PLANE('',#8166);
#8168=ORIENTED_EDGE('',*,*,#7748,.F.);
#8169=ORIENTED_EDGE('',*,*,#7731,.T.);
#8171=ORIENTED_EDGE('',*,*,#8170,.T.);
#8173=ORIENTED_EDGE('',*,*,#8172,.T.);
#8174=EDGE_LOOP('',(#8168,#8169,#8171,#8173));
#8175=FACE_OUTER_BOUND('',#8174,.F.);
#8176=ADVANCED_FACE('',(#8175),#8167,.T.);
#8177=CARTESIAN_POINT('',(-7.39476E-2,-1.E-2,2.1E-2));
#8178=DIRECTION('',(1.E0,0.E0,0.E0));
#8179=DIRECTION('',(0.E0,0.E0,1.E0));
#8180=AXIS2_PLACEMENT_3D('',#8177,#8178,#8179);
#8181=CYLINDRICAL_SURFACE('',#8180,1.E-3);
#8182=ORIENTED_EDGE('',*,*,#7712,.T.);
#8184=ORIENTED_EDGE('',*,*,#8183,.T.);
#8186=ORIENTED_EDGE('',*,*,#8185,.T.);
#8187=ORIENTED_EDGE('',*,*,#8154,.F.);
#8189=ORIENTED_EDGE('',*,*,#8188,.T.);
#8190=EDGE_LOOP('',(#8182,#8184,#8186,#8187,#8189));
#8191=FACE_OUTER_BOUND('',#8190,.F.);
#8192=ADVANCED_FACE('',(#8191),#8181,.T.);
#8193=CARTESIAN_POINT('',(-8.887951331411E-3,-1.088495354147E-2,
2.047842785435E-2));
#8194=CARTESIAN_POINT('',(-8.887625589449E-3,-1.088594719918E-2,
2.048568989652E-2));
#8195=CARTESIAN_POINT('',(-8.886964327218E-3,-1.088816112426E-2,
2.051642379463E-2));
#8196=CARTESIAN_POINT('',(-8.890887506012E-3,-1.087413830341E-2,
2.057470537826E-2));
#8197=CARTESIAN_POINT('',(-8.895271878849E-3,-1.081044305167E-2,
2.069205383259E-2));
#8198=CARTESIAN_POINT('',(-8.885631907147E-3,-1.069431077898E-2,
2.084981169508E-2));
#8199=CARTESIAN_POINT('',(-8.870351323139E-3,-1.054374742493E-2,
2.101032218509E-2));
#8200=CARTESIAN_POINT('',(-8.861375005677E-3,-1.038249436407E-2,
2.114955012775E-2));
#8201=CARTESIAN_POINT('',(-8.863280749954E-3,-1.022499023181E-2,
2.126107154475E-2));
#8202=CARTESIAN_POINT('',(-8.875749331713E-3,-1.007803740663E-2,
2.134616307891E-2));
#8203=CARTESIAN_POINT('',(-8.895866842998E-3,-9.945431161458E-3,
2.140789099066E-2));
#8204=CARTESIAN_POINT('',(-8.919757662080E-3,-9.827833047422E-3,
2.145038769616E-2));
#8205=CARTESIAN_POINT('',(-8.940574714735E-3,-9.738401720564E-3,
2.147393143802E-2));
#8206=CARTESIAN_POINT('',(-8.952907597916E-3,-9.687361325008E-3,
2.148374200218E-2));
#8207=CARTESIAN_POINT('',(-8.956908310793E-3,-9.670904113320E-3,
2.148651784768E-2));
#8208=CARTESIAN_POINT('',(-9.284714100543E-3,-1.037603475818E-2,
2.048107192913E-2));
#8209=CARTESIAN_POINT('',(-9.283823891682E-3,-1.037659649174E-2,
2.048745763514E-2));
#8210=CARTESIAN_POINT('',(-9.281974326618E-3,-1.037789202062E-2,
2.051438787067E-2));
#8211=CARTESIAN_POINT('',(-9.293224780456E-3,-1.036952986233E-2,
2.056557053101E-2));
#8212=CARTESIAN_POINT('',(-9.325466368377E-3,-1.032895179012E-2,
2.067530988847E-2));
#8213=CARTESIAN_POINT('',(-9.356496389546E-3,-1.025204850005E-2,
2.082754951890E-2));
#8214=CARTESIAN_POINT('',(-9.385025047671E-3,-1.015322939388E-2,
2.098401483088E-2));
#8215=CARTESIAN_POINT('',(-9.416169348420E-3,-1.005160011029E-2,
2.112005349687E-2));
#8216=CARTESIAN_POINT('',(-9.451662438095E-3,-9.958627975591E-3,
2.122888906107E-2));
#8217=CARTESIAN_POINT('',(-9.490230091100E-3,-9.879591191651E-3,
2.131165305880E-2));
#8218=CARTESIAN_POINT('',(-9.528442077301E-3,-9.816549353193E-3,
2.137141119795E-2));
#8219=CARTESIAN_POINT('',(-9.562385444540E-3,-9.768198850797E-3,
2.141235009918E-2));
#8220=CARTESIAN_POINT('',(-9.585366520989E-3,-9.735947319992E-3,
2.143494922044E-2));
#8221=CARTESIAN_POINT('',(-9.596346153732E-3,-9.718371171741E-3,
2.144436172277E-2));
#8222=CARTESIAN_POINT('',(-9.599637283094E-3,-9.712716030845E-3,
2.144702478835E-2));
#8223=CARTESIAN_POINT('',(-9.927975557312E-3,-1.033584766311E-2,
2.045098754038E-2));
#8224=CARTESIAN_POINT('',(-9.927603293178E-3,-1.033627090472E-2,
2.046734423429E-2));
#8225=CARTESIAN_POINT('',(-9.926833558935E-3,-1.033722844809E-2,
2.053755269496E-2));
#8226=CARTESIAN_POINT('',(-9.931491978153E-3,-1.033111172537E-2,
2.066950718868E-2));
#8227=CARTESIAN_POINT('',(-9.943203042247E-3,-1.030246975125E-2,
2.086582315504E-2));
#8228=CARTESIAN_POINT('',(-9.951161946082E-3,-1.024928278329E-2,
2.108084945080E-2));
#8229=CARTESIAN_POINT('',(-9.956945609168E-3,-1.018061942145E-2,
2.128334096029E-2));
#8230=CARTESIAN_POINT('',(-9.965100905128E-3,-1.010847208075E-2,
2.145566734393E-2));
#8231=CARTESIAN_POINT('',(-9.977295015268E-3,-1.004008383006E-2,
2.159506264888E-2));
#8232=CARTESIAN_POINT('',(-9.993030226546E-3,-9.978825930665E-3,
2.170430944921E-2));
#8233=CARTESIAN_POINT('',(-1.001047570457E-2,-9.926286528015E-3,
2.178647973996E-2));
#8234=CARTESIAN_POINT('',(-1.002741113870E-2,-9.882192570950E-3,
2.184514340047E-2));
#8235=CARTESIAN_POINT('',(-1.003998644591E-2,-9.850154188632E-3,
2.187849045271E-2));
#8236=CARTESIAN_POINT('',(-1.004656499861E-2,-9.832143862081E-3,
2.189243211856E-2));
#8237=CARTESIAN_POINT('',(-1.004860954635E-2,-9.826340678894E-3,
2.189637839867E-2));
#8238=CARTESIAN_POINT('',(-1.038261071652E-2,-1.079157624024E-2,
2.040852484133E-2));
#8239=CARTESIAN_POINT('',(-1.038348845246E-2,-1.079224810302E-2,
2.043895511544E-2));
#8240=CARTESIAN_POINT('',(-1.038533624662E-2,-1.079367669702E-2,
2.057024875439E-2));
#8241=CARTESIAN_POINT('',(-1.037394240881E-2,-1.078487129018E-2,
2.081620889010E-2));
#8242=CARTESIAN_POINT('',(-1.033062278852E-2,-1.074891033037E-2,
2.113472366594E-2));
#8243=CARTESIAN_POINT('',(-1.026737559119E-2,-1.068788445813E-2,
2.143837038530E-2));
#8244=CARTESIAN_POINT('',(-1.019924554769E-2,-1.060738991638E-2,
2.170582570673E-2));
#8245=CARTESIAN_POINT('',(-1.013685279839E-2,-1.051464004682E-2,
2.192937049628E-2));
#8246=CARTESIAN_POINT('',(-1.008462186456E-2,-1.041425815090E-2,
2.211189943726E-2));
#8247=CARTESIAN_POINT('',(-1.004403779882E-2,-1.030861570794E-2,
2.225852546728E-2));
#8248=CARTESIAN_POINT('',(-1.001590299214E-2,-1.020041254814E-2,
2.237232945539E-2));
#8249=CARTESIAN_POINT('',(-1.000027478430E-2,-1.009270479106E-2,
2.245601077954E-2));
#8250=CARTESIAN_POINT('',(-9.996913362561E-3,-1.000376872843E-2,
2.250452803060E-2));
#8251=CARTESIAN_POINT('',(-9.999020053077E-3,-9.951719491655E-3,
2.252486239765E-2));
#8252=CARTESIAN_POINT('',(-1.000012425334E-2,-9.934918294176E-3,
2.253061987468E-2));
#8253=(BOUNDED_SURFACE()B_SPLINE_SURFACE(3,3,((#8193,#8194,#8195,#8196,#8197,
#8198,#8199,#8200,#8201,#8202,#8203,#8204,#8205,#8206,#8207),(#8208,#8209,#8210,
#8211,#8212,#8213,#8214,#8215,#8216,#8217,#8218,#8219,#8220,#8221,#8222),(#8223,
#8224,#8225,#8226,#8227,#8228,#8229,#8230,#8231,#8232,#8233,#8234,#8235,#8236,
#8237),(#8238,#8239,#8240,#8241,#8242,#8243,#8244,#8245,#8246,#8247,#8248,#8249,
#8250,#8251,#8252)),.UNSPECIFIED.,.F.,.F.,.F.)B_SPLINE_SURFACE_WITH_KNOTS((4,4),
(4,1,1,1,1,1,1,1,1,1,1,1,4),(0.E0,1.E0),(-1.227371709832E-2,0.E0,
4.053526511256E-2,8.644659012038E-2,1.344813587654E-1,1.793653677762E-1,
2.192497461273E-1,2.549347632236E-1,2.869581967212E-1,3.157919742886E-1,
3.417410600721E-1,3.652171316365E-1,3.763466610574E-1),.UNSPECIFIED.)GEOMETRIC_REPRESENTATION_ITEM()RATIONAL_B_SPLINE_SURFACE(((1.203527173071E0,
1.203527173071E0,1.203527173071E0,1.203527173071E0,1.203527173071E0,
1.203527173071E0,1.203527173071E0,1.203527173071E0,1.203527173071E0,
1.203527173071E0,1.203527173071E0,1.203527173071E0,1.203527173071E0,
1.203527173071E0,1.203527173071E0),(9.321576089763E-1,9.321576089763E-1,
9.321576089763E-1,9.321576089763E-1,9.321576089763E-1,9.321576089763E-1,
9.321576089763E-1,9.321576089763E-1,9.321576089763E-1,9.321576089763E-1,
9.321576089763E-1,9.321576089763E-1,9.321576089763E-1,9.321576089763E-1,
9.321576089763E-1),(9.321576089763E-1,9.321576089763E-1,9.321576089763E-1,
9.321576089763E-1,9.321576089763E-1,9.321576089763E-1,9.321576089763E-1,
9.321576089763E-1,9.321576089763E-1,9.321576089763E-1,9.321576089763E-1,
9.321576089763E-1,9.321576089763E-1,9.321576089763E-1,9.321576089763E-1),(
1.203527173071E0,1.203527173071E0,1.203527173071E0,1.203527173071E0,
1.203527173071E0,1.203527173071E0,1.203527173071E0,1.203527173071E0,
1.203527173071E0,1.203527173071E0,1.203527173071E0,1.203527173071E0,
1.203527173071E0,1.203527173071E0,1.203527173071E0)))REPRESENTATION_ITEM('')SURFACE());
#8255=ORIENTED_EDGE('',*,*,#8254,.F.);
#8257=ORIENTED_EDGE('',*,*,#8256,.T.);
#8259=ORIENTED_EDGE('',*,*,#8258,.T.);
#8260=ORIENTED_EDGE('',*,*,#8183,.F.);
#8261=ORIENTED_EDGE('',*,*,#7710,.F.);
#8263=ORIENTED_EDGE('',*,*,#8262,.F.);
#8264=EDGE_LOOP('',(#8255,#8257,#8259,#8260,#8261,#8263));
#8265=FACE_OUTER_BOUND('',#8264,.F.);
#8266=ADVANCED_FACE('',(#8265),#8253,.F.);
#8267=CARTESIAN_POINT('',(7.39476E-2,-9.5E-3,2.05E-2));
#8268=DIRECTION('',(-1.E0,0.E0,0.E0));
#8269=DIRECTION('',(0.E0,-1.E0,0.E0));
#8270=AXIS2_PLACEMENT_3D('',#8267,#8268,#8269);
#8271=CYLINDRICAL_SURFACE('',#8270,1.E-3);
#8273=ORIENTED_EDGE('',*,*,#8272,.F.);
#8275=ORIENTED_EDGE('',*,*,#8274,.T.);
#8276=ORIENTED_EDGE('',*,*,#8254,.T.);
#8278=ORIENTED_EDGE('',*,*,#8277,.T.);
#8280=ORIENTED_EDGE('',*,*,#8279,.F.);
#8282=ORIENTED_EDGE('',*,*,#8281,.F.);
#8283=EDGE_LOOP('',(#8273,#8275,#8276,#8278,#8280,#8282));
#8284=FACE_OUTER_BOUND('',#8283,.F.);
#8285=ADVANCED_FACE('',(#8284),#8271,.T.);
#8286=CARTESIAN_POINT('',(1.038261138115E-2,-1.079157686340E-2,
2.040852448154E-2));
#8287=CARTESIAN_POINT('',(1.038348911803E-2,-1.079224874128E-2,
2.043895483873E-2));
#8288=CARTESIAN_POINT('',(1.038533805043E-2,-1.079367826070E-2,
2.057033265680E-2));
#8289=CARTESIAN_POINT('',(1.037389854286E-2,-1.078483763216E-2,
2.081706858141E-2));
#8290=CARTESIAN_POINT('',(1.032999375279E-2,-1.074838566693E-2,
2.113901138961E-2));
#8291=CARTESIAN_POINT('',(1.026504044792E-2,-1.068556001078E-2,
2.144885312622E-2));
#8292=CARTESIAN_POINT('',(1.019459272562E-2,-1.060149262970E-2,
2.172326109567E-2));
#8293=CARTESIAN_POINT('',(1.013039822374E-2,-1.050398228748E-2,
2.195200711999E-2));
#8294=CARTESIAN_POINT('',(1.007752105424E-2,-1.039856676572E-2,
2.213686358121E-2));
#8295=CARTESIAN_POINT('',(1.003749980763E-2,-1.028801094345E-2,
2.228323140987E-2));
#8296=CARTESIAN_POINT('',(1.001103899906E-2,-1.017538042814E-2,
2.239459498555E-2));
#8297=CARTESIAN_POINT('',(9.997941534212E-3,-1.006389750111E-2,
2.247430781027E-2));
#8298=CARTESIAN_POINT('',(9.997334824685E-3,-9.983233170540E-3,
2.251333105496E-2));
#8299=CARTESIAN_POINT('',(9.999717846949E-3,-9.941079608395E-3,
2.252851305248E-2));
#8300=CARTESIAN_POINT('',(1.000012283764E-2,-9.934923554608E-3,
2.253062167772E-2));
#8301=CARTESIAN_POINT('',(9.927953659835E-3,-1.033582485569E-2,
2.045098846718E-2));
#8302=CARTESIAN_POINT('',(9.927581160767E-3,-1.033624793471E-2,
2.046734503492E-2));
#8303=CARTESIAN_POINT('',(9.926810449877E-3,-1.033720579681E-2,
2.053759677820E-2));
#8304=CARTESIAN_POINT('',(9.931489819341E-3,-1.033106556509E-2,
2.066995948886E-2));
#8305=CARTESIAN_POINT('',(9.943344806971E-3,-1.030202373394E-2,
2.086850836970E-2));
#8306=CARTESIAN_POINT('',(9.951384137940E-3,-1.024721205606E-2,
2.108844310283E-2));
#8307=CARTESIAN_POINT('',(9.957343101686E-3,-1.017566458144E-2,
2.129669491764E-2));
#8308=CARTESIAN_POINT('',(9.966175258176E-3,-1.010056824108E-2,
2.147308325498E-2));
#8309=CARTESIAN_POINT('',(9.979438647014E-3,-1.003014226981E-2,
2.161389878396E-2));
#8310=CARTESIAN_POINT('',(9.996292040590E-3,-9.967926677460E-3,
2.172237862622E-2));
#8311=CARTESIAN_POINT('',(1.001451982710E-2,-9.915286941126E-3,
2.180223087758E-2));
#8312=CARTESIAN_POINT('',(1.003171300117E-2,-9.871366514249E-3,
2.185775529265E-2));
#8313=CARTESIAN_POINT('',(1.004265978066E-2,-9.843030995012E-3,
2.188448894417E-2));
#8314=CARTESIAN_POINT('',(1.004786145719E-2,-9.828461941521E-3,
2.189489880879E-2));
#8315=CARTESIAN_POINT('',(1.004861103932E-2,-9.826335872282E-3,
2.189634518511E-2));
#8316=CARTESIAN_POINT('',(9.284660804204E-3,-1.037603511196E-2,
2.048107279083E-2));
#8317=CARTESIAN_POINT('',(9.283770243252E-3,-1.037659658756E-2,
2.048745854611E-2));
#8318=CARTESIAN_POINT('',(9.281918784072E-3,-1.037789249222E-2,
2.051440449533E-2));
#8319=CARTESIAN_POINT('',(9.293217546033E-3,-1.036949816384E-2,
2.056573758211E-2));
#8320=CARTESIAN_POINT('',(9.325866719731E-3,-1.032834904223E-2,
2.067686596319E-2));
#8321=CARTESIAN_POINT('',(9.357494021984E-3,-1.024907658144E-2,
2.083310457008E-2));
#8322=CARTESIAN_POINT('',(9.386951167340E-3,-1.014615487984E-2,
2.099448694628E-2));
#8323=CARTESIAN_POINT('',(9.419765542306E-3,-1.004062869616E-2,
2.113378160114E-2));
#8324=CARTESIAN_POINT('',(9.457306468608E-3,-9.945432403736E-3,
2.124339559218E-2));
#8325=CARTESIAN_POINT('',(9.497682392202E-3,-9.866034405873E-3,
2.132503305429E-2));
#8326=CARTESIAN_POINT('',(9.536814140750E-3,-9.804004927651E-3,
2.138256057882E-2));
#8327=CARTESIAN_POINT('',(9.570526196244E-3,-9.756971498385E-3,
2.142094830894E-2));
#8328=CARTESIAN_POINT('',(9.589905318837E-3,-9.728984575060E-3,
2.143897519182E-2));
#8329=CARTESIAN_POINT('',(9.598393514007E-3,-9.714777859420E-3,
2.144600415875E-2));
#8330=CARTESIAN_POINT('',(9.599600088593E-3,-9.712705896912E-3,
2.144698135369E-2));
#8331=CARTESIAN_POINT('',(8.887911277014E-3,-1.088500596604E-2,
2.047842583563E-2));
#8332=CARTESIAN_POINT('',(8.887585289735E-3,-1.088599941033E-2,
2.048568886820E-2));
#8333=CARTESIAN_POINT('',(8.886923088108E-3,-1.088821437646E-2,
2.051644505753E-2));
#8334=CARTESIAN_POINT('',(8.890863833195E-3,-1.087413632225E-2,
2.057490749800E-2));
#8335=CARTESIAN_POINT('',(8.895274630357E-3,-1.080955289537E-2,
2.069372753101E-2));
#8336=CARTESIAN_POINT('',(8.885128312420E-3,-1.068989226203E-2,
2.085557041188E-2));
#8337=CARTESIAN_POINT('',(8.869278949475E-3,-1.053292641810E-2,
2.102107657380E-2));
#8338=CARTESIAN_POINT('',(8.860807473489E-3,-1.036471190192E-2,
2.116363489902E-2));
#8339=CARTESIAN_POINT('',(8.864339507750E-3,-1.020174218648E-2,
2.127599414284E-2));
#8340=CARTESIAN_POINT('',(8.878973194368E-3,-1.005126280049E-2,
2.135999331925E-2));
#8341=CARTESIAN_POINT('',(8.901083039058E-3,-9.916815086280E-3,
2.141948507448E-2));
#8342=CARTESIAN_POINT('',(8.926367430256E-3,-9.798099053904E-3,
2.145938056783E-2));
#8343=CARTESIAN_POINT('',(8.945353389919E-3,-9.718244690897E-3,
2.147817351169E-2));
#8344=CARTESIAN_POINT('',(8.955372685010E-3,-9.676933025906E-3,
2.148549994533E-2));
#8345=CARTESIAN_POINT('',(8.956839504195E-3,-9.670902689876E-3,
2.148651842098E-2));
#8346=(BOUNDED_SURFACE()B_SPLINE_SURFACE(3,3,((#8286,#8287,#8288,#8289,#8290,
#8291,#8292,#8293,#8294,#8295,#8296,#8297,#8298,#8299,#8300),(#8301,#8302,#8303,
#8304,#8305,#8306,#8307,#8308,#8309,#8310,#8311,#8312,#8313,#8314,#8315),(#8316,
#8317,#8318,#8319,#8320,#8321,#8322,#8323,#8324,#8325,#8326,#8327,#8328,#8329,
#8330),(#8331,#8332,#8333,#8334,#8335,#8336,#8337,#8338,#8339,#8340,#8341,#8342,
#8343,#8344,#8345)),.UNSPECIFIED.,.F.,.F.,.F.)B_SPLINE_SURFACE_WITH_KNOTS((4,4),
(4,1,1,1,1,1,1,1,1,1,1,1,4),(0.E0,1.E0),(-1.227482486308E-2,0.E0,
4.057257538366E-2,8.676479116983E-2,1.359705113920E-1,1.824653321043E-1,
2.235915698434E-1,2.601872976050E-1,2.928769972639E-1,3.221387430506E-1,
3.483958711576E-1,3.722795129052E-1,3.763573647345E-1),.UNSPECIFIED.)GEOMETRIC_REPRESENTATION_ITEM()RATIONAL_B_SPLINE_SURFACE(((1.203545320750E0,
1.203545320750E0,1.203545320750E0,1.203545320750E0,1.203545320750E0,
1.203545320750E0,1.203545320750E0,1.203545320750E0,1.203545320750E0,
1.203545320750E0,1.203545320750E0,1.203545320750E0,1.203545320750E0,
1.203545320750E0,1.203545320750E0),(9.321515597501E-1,9.321515597501E-1,
9.321515597501E-1,9.321515597501E-1,9.321515597501E-1,9.321515597501E-1,
9.321515597501E-1,9.321515597501E-1,9.321515597501E-1,9.321515597501E-1,
9.321515597501E-1,9.321515597501E-1,9.321515597501E-1,9.321515597501E-1,
9.321515597501E-1),(9.321515597501E-1,9.321515597501E-1,9.321515597501E-1,
9.321515597501E-1,9.321515597501E-1,9.321515597501E-1,9.321515597501E-1,
9.321515597501E-1,9.321515597501E-1,9.321515597501E-1,9.321515597501E-1,
9.321515597501E-1,9.321515597501E-1,9.321515597501E-1,9.321515597501E-1),(
1.203545320750E0,1.203545320750E0,1.203545320750E0,1.203545320750E0,
1.203545320750E0,1.203545320750E0,1.203545320750E0,1.203545320750E0,
1.203545320750E0,1.203545320750E0,1.203545320750E0,1.203545320750E0,
1.203545320750E0,1.203545320750E0,1.203545320750E0)))REPRESENTATION_ITEM('')SURFACE());
#8347=ORIENTED_EDGE('',*,*,#7745,.F.);
#8349=ORIENTED_EDGE('',*,*,#8348,.T.);
#8350=ORIENTED_EDGE('',*,*,#8272,.T.);
#8352=ORIENTED_EDGE('',*,*,#8351,.F.);
#8353=ORIENTED_EDGE('',*,*,#7680,.F.);
#8354=ORIENTED_EDGE('',*,*,#7726,.F.);
#8355=EDGE_LOOP('',(#8347,#8349,#8350,#8352,#8353,#8354));
#8356=FACE_OUTER_BOUND('',#8355,.F.);
#8357=ADVANCED_FACE('',(#8356),#8346,.F.);
#8358=CARTESIAN_POINT('',(9.677124344468E-3,-1.15E-2,1.431187393702E-3));
#8359=DIRECTION('',(0.E0,0.E0,1.E0));
#8360=DIRECTION('',(6.614378277661E-1,7.5E-1,0.E0));
#8361=AXIS2_PLACEMENT_3D('',#8358,#8359,#8360);
#8362=CYLINDRICAL_SURFACE('',#8361,1.E-3);
#8363=ORIENTED_EDGE('',*,*,#7743,.F.);
#8364=ORIENTED_EDGE('',*,*,#7814,.T.);
#8366=ORIENTED_EDGE('',*,*,#8365,.T.);
#8367=ORIENTED_EDGE('',*,*,#8348,.F.);
#8368=EDGE_LOOP('',(#8363,#8364,#8366,#8367));
#8369=FACE_OUTER_BOUND('',#8368,.F.);
#8370=ADVANCED_FACE('',(#8369),#8362,.F.);
#8371=CARTESIAN_POINT('',(1.E-2,-1.05E-2,2.2E-2));
#8372=DIRECTION('',(0.E0,1.E0,0.E0));
#8373=DIRECTION('',(-1.E0,0.E0,0.E0));
#8374=AXIS2_PLACEMENT_3D('',#8371,#8372,#8373);
#8375=PLANE('',#8374);
#8376=ORIENTED_EDGE('',*,*,#8365,.F.);
#8377=ORIENTED_EDGE('',*,*,#7839,.F.);
#8379=ORIENTED_EDGE('',*,*,#8378,.T.);
#8380=ORIENTED_EDGE('',*,*,#8274,.F.);
#8381=EDGE_LOOP('',(#8376,#8377,#8379,#8380));
#8382=FACE_OUTER_BOUND('',#8381,.F.);
#8383=ADVANCED_FACE('',(#8382),#8375,.F.);
#8384=CARTESIAN_POINT('',(-9.677124344468E-3,-1.15E-2,1.422386643031E-3));
#8385=DIRECTION('',(0.E0,0.E0,1.E0));
#8386=DIRECTION('',(0.E0,1.E0,0.E0));
#8387=AXIS2_PLACEMENT_3D('',#8384,#8385,#8386);
#8388=CYLINDRICAL_SURFACE('',#8387,1.E-3);
#8389=ORIENTED_EDGE('',*,*,#8378,.F.);
#8391=ORIENTED_EDGE('',*,*,#8390,.T.);
#8393=ORIENTED_EDGE('',*,*,#8392,.T.);
#8394=ORIENTED_EDGE('',*,*,#8256,.F.);
#8395=EDGE_LOOP('',(#8389,#8391,#8393,#8394));
#8396=FACE_OUTER_BOUND('',#8395,.F.);
#8397=ADVANCED_FACE('',(#8396),#8388,.F.);
#8398=CARTESIAN_POINT('',(-8.956431860116E-3,-9.673341039018E-3,
5.138960489566E-4));
#8399=CARTESIAN_POINT('',(-8.953376407549E-3,-9.685906055685E-3,
5.160482022E-4));
#8400=CARTESIAN_POINT('',(-8.939677426041E-3,-9.742551460125E-3,
5.267626337967E-4));
#8401=CARTESIAN_POINT('',(-8.914872810450E-3,-9.848922129861E-3,
5.552604377849E-4));
#8402=CARTESIAN_POINT('',(-8.885601098238E-3,-1.000239996353E-2,
6.155799682810E-4));
#8403=CARTESIAN_POINT('',(-8.865238949923E-3,-1.017811229629E-2,
7.082683908909E-4));
#8404=CARTESIAN_POINT('',(-8.860299702353E-3,-1.036937740193E-2,
8.384110873050E-4));
#8405=CARTESIAN_POINT('',(-8.871206385968E-3,-1.055500715508E-2,
9.992667700554E-4));
#8406=CARTESIAN_POINT('',(-8.887389817764E-3,-1.070939635928E-2,
1.168870855873E-3));
#8407=CARTESIAN_POINT('',(-8.895157515773E-3,-1.081685737175E-2,
1.319151929529E-3));
#8408=CARTESIAN_POINT('',(-8.890704158315E-3,-1.087480922592E-2,
1.428038654030E-3));
#8409=CARTESIAN_POINT('',(-8.887051404525E-3,-1.088804115819E-2,
1.484011506759E-3));
#8410=CARTESIAN_POINT('',(-8.887689790394E-3,-1.088585942212E-2,
1.514267270198E-3));
#8411=CARTESIAN_POINT('',(-8.888008457212E-3,-1.088486669349E-2,
1.521506032054E-3));
#8412=CARTESIAN_POINT('',(-9.599211696291E-3,-9.713566614209E-3,
5.532980554372E-4));
#8413=CARTESIAN_POINT('',(-9.596678396752E-3,-9.717885427496E-3,
5.553633161576E-4));
#8414=CARTESIAN_POINT('',(-9.584616146491E-3,-9.737397276567E-3,
5.656450770369E-4));
#8415=CARTESIAN_POINT('',(-9.556828375490E-3,-9.775742507690E-3,
5.929951125984E-4));
#8416=CARTESIAN_POINT('',(-9.511663874773E-3,-9.841776109624E-3,
6.511797530419E-4));
#8417=CARTESIAN_POINT('',(-9.462977897673E-3,-9.931785497031E-3,
7.411577352403E-4));
#8418=CARTESIAN_POINT('',(-9.418508566708E-3,-1.004311480726E-2,
8.681155542789E-4));
#8419=CARTESIAN_POINT('',(-9.383083995564E-3,-1.016044263846E-2,
1.025323037235E-3));
#8420=CARTESIAN_POINT('',(-9.353334846825E-3,-1.026214480196E-2,
1.190558798031E-3));
#8421=CARTESIAN_POINT('',(-9.322619552326E-3,-1.033314079716E-2,
1.335247247019E-3));
#8422=CARTESIAN_POINT('',(-9.292653540217E-3,-1.036997383303E-2,
1.436824221126E-3));
#8423=CARTESIAN_POINT('',(-9.282105588997E-3,-1.037787519108E-2,
1.485990829155E-3));
#8424=CARTESIAN_POINT('',(-9.283909412231E-3,-1.037659456155E-2,
1.512507421738E-3));
#8425=CARTESIAN_POINT('',(-9.284788531321E-3,-1.037603094282E-2,
1.518873663566E-3));
#8426=CARTESIAN_POINT('',(-1.004830475516E-2,-9.827206694219E-3,
1.041522675810E-4));
#8427=CARTESIAN_POINT('',(-1.004673673624E-2,-9.831638797320E-3,
1.072080212786E-4));
#8428=CARTESIAN_POINT('',(-1.003947377179E-2,-9.851633365207E-3,
1.224218210974E-4));
#8429=CARTESIAN_POINT('',(-1.002435699193E-2,-9.889743532196E-3,
1.628553364190E-4));
#8430=CARTESIAN_POINT('',(-1.000242791950E-2,-9.948270435410E-3,
2.453757140570E-4));
#8431=CARTESIAN_POINT('',(-9.981465153741E-3,-1.002003945941E-2,
3.662501658213E-4));
#8432=CARTESIAN_POINT('',(-9.965584073469E-3,-1.010257498328E-2,
5.295125892644E-4));
#8433=CARTESIAN_POINT('',(-9.956481840321E-3,-1.018574593138E-2,
7.283061161115E-4));
#8434=CARTESIAN_POINT('',(-9.950517444029E-3,-1.025628156532E-2,
9.433366705924E-4));
#8435=CARTESIAN_POINT('',(-9.942221367020E-3,-1.030544567651E-2,
1.151775776885E-3));
#8436=CARTESIAN_POINT('',(-9.931250771978E-3,-1.033147842666E-2,
1.336677025400E-3));
#8437=CARTESIAN_POINT('',(-9.926890560274E-3,-1.033725426472E-2,
1.463428416816E-3));
#8438=CARTESIAN_POINT('',(-9.927639488700E-3,-1.033630925221E-2,
1.532568037778E-3));
#8439=CARTESIAN_POINT('',(-9.928006292679E-3,-1.033588556539E-2,
1.548880186687E-3));
#8440=CARTESIAN_POINT('',(-9.999965808755E-3,-9.937400523071E-3,
-5.297604232632E-4));
#8441=CARTESIAN_POINT('',(-9.999153328052E-3,-9.950228785329E-3,
-5.253067135225E-4));
#8442=CARTESIAN_POINT('',(-9.996606194878E-3,-1.000799585812E-2,
-5.031319621373E-4));
#8443=CARTESIAN_POINT('',(-1.000124449574E-2,-1.011382032168E-2,
-4.442327635463E-4));
#8444=CARTESIAN_POINT('',(-1.002596372762E-2,-1.024985523388E-2,
-3.273655589632E-4));
#8445=CARTESIAN_POINT('',(-1.007002054911E-2,-1.038318339242E-2,
-1.628846331103E-4));
#8446=CARTESIAN_POINT('',(-1.013151031784E-2,-1.050754188931E-2,
5.161716536500E-5));
#8447=CARTESIAN_POINT('',(-1.020358083546E-2,-1.061380308758E-2,
3.091041536611E-4));
#8448=CARTESIAN_POINT('',(-1.027503164703E-2,-1.069577226433E-2,
5.944137856898E-4));
#8449=CARTESIAN_POINT('',(-1.033489370297E-2,-1.075250367481E-2,
8.928289127027E-4));
#8450=CARTESIAN_POINT('',(-1.037457899827E-2,-1.078535947242E-2,
1.195331876365E-3));
#8451=CARTESIAN_POINT('',(-1.038530436973E-2,-1.079365244554E-2,
1.431584414480E-3));
#8452=CARTESIAN_POINT('',(-1.038349155195E-2,-1.079225056512E-2,
1.560881069844E-3));
#8453=CARTESIAN_POINT('',(-1.038261977906E-2,-1.079158298893E-2,
1.591230613495E-3));
#8454=(BOUNDED_SURFACE()B_SPLINE_SURFACE(3,3,((#8398,#8399,#8400,#8401,#8402,
#8403,#8404,#8405,#8406,#8407,#8408,#8409,#8410,#8411),(#8412,#8413,#8414,#8415,
#8416,#8417,#8418,#8419,#8420,#8421,#8422,#8423,#8424,#8425),(#8426,#8427,#8428,
#8429,#8430,#8431,#8432,#8433,#8434,#8435,#8436,#8437,#8438,#8439),(#8440,#8441,
#8442,#8443,#8444,#8445,#8446,#8447,#8448,#8449,#8450,#8451,#8452,#8453)),
.UNSPECIFIED.,.F.,.F.,.F.)B_SPLINE_SURFACE_WITH_KNOTS((4,4),(4,1,1,1,1,1,1,1,1,
1,1,4),(0.E0,1.E0),(6.242840170445E-1,6.327797402016E-1,6.626545688953E-1,
6.963027396145E-1,7.341737803416E-1,7.772289155893E-1,8.251009635032E-1,
8.726612948368E-1,9.174111774957E-1,9.602368422356E-1,1.E0,1.012240355413E0),
.UNSPECIFIED.)GEOMETRIC_REPRESENTATION_ITEM()RATIONAL_B_SPLINE_SURFACE(((
1.203497073573E0,1.203497073573E0,1.203497073573E0,1.203497073573E0,
1.203497073573E0,1.203497073573E0,1.203497073573E0,1.203497073573E0,
1.203497073573E0,1.203497073573E0,1.203497073573E0,1.203497073573E0,
1.203497073573E0,1.203497073573E0),(9.321676421423E-1,9.321676421423E-1,
9.321676421423E-1,9.321676421423E-1,9.321676421423E-1,9.321676421423E-1,
9.321676421423E-1,9.321676421423E-1,9.321676421423E-1,9.321676421423E-1,
9.321676421423E-1,9.321676421423E-1,9.321676421423E-1,9.321676421423E-1),(
9.321676421423E-1,9.321676421423E-1,9.321676421423E-1,9.321676421423E-1,
9.321676421423E-1,9.321676421423E-1,9.321676421423E-1,9.321676421423E-1,
9.321676421423E-1,9.321676421423E-1,9.321676421423E-1,9.321676421423E-1,
9.321676421423E-1,9.321676421423E-1),(1.203497073573E0,1.203497073573E0,
1.203497073573E0,1.203497073573E0,1.203497073573E0,1.203497073573E0,
1.203497073573E0,1.203497073573E0,1.203497073573E0,1.203497073573E0,
1.203497073573E0,1.203497073573E0,1.203497073573E0,1.203497073573E0)))REPRESENTATION_ITEM('')SURFACE());
#8456=ORIENTED_EDGE('',*,*,#8455,.T.);
#8457=ORIENTED_EDGE('',*,*,#8390,.F.);
#8458=ORIENTED_EDGE('',*,*,#7837,.F.);
#8460=ORIENTED_EDGE('',*,*,#8459,.T.);
#8461=ORIENTED_EDGE('',*,*,#7414,.F.);
#8463=ORIENTED_EDGE('',*,*,#8462,.F.);
#8464=EDGE_LOOP('',(#8456,#8457,#8458,#8460,#8461,#8463));
#8465=FACE_OUTER_BOUND('',#8464,.F.);
#8466=ADVANCED_FACE('',(#8465),#8454,.F.);
#8467=CARTESIAN_POINT('',(-1.1E-2,-1.E-2,-2.86792E-2));
#8468=DIRECTION('',(0.E0,0.E0,1.E0));
#8469=DIRECTION('',(0.E0,-1.E0,0.E0));
#8470=AXIS2_PLACEMENT_3D('',#8467,#8468,#8469);
#8471=CYLINDRICAL_SURFACE('',#8470,1.E-3);
#8472=ORIENTED_EDGE('',*,*,#8455,.F.);
#8474=ORIENTED_EDGE('',*,*,#8473,.F.);
#8475=ORIENTED_EDGE('',*,*,#8156,.T.);
#8476=ORIENTED_EDGE('',*,*,#8185,.F.);
#8477=ORIENTED_EDGE('',*,*,#8258,.F.);
#8478=ORIENTED_EDGE('',*,*,#8392,.F.);
#8479=EDGE_LOOP('',(#8472,#8474,#8475,#8476,#8477,#8478));
#8480=FACE_OUTER_BOUND('',#8479,.F.);
#8481=ADVANCED_FACE('',(#8480),#8471,.T.);
#8482=CARTESIAN_POINT('',(7.39476E-2,-1.E-2,1.E-3));
#8483=DIRECTION('',(-1.E0,0.E0,0.E0));
#8484=DIRECTION('',(0.E0,0.E0,-1.E0));
#8485=AXIS2_PLACEMENT_3D('',#8482,#8483,#8484);
#8486=CYLINDRICAL_SURFACE('',#8485,1.E-3);
#8487=ORIENTED_EDGE('',*,*,#8473,.T.);
#8488=ORIENTED_EDGE('',*,*,#8462,.T.);
#8489=ORIENTED_EDGE('',*,*,#7412,.T.);
#8491=ORIENTED_EDGE('',*,*,#8490,.T.);
#8492=ORIENTED_EDGE('',*,*,#8158,.F.);
#8493=EDGE_LOOP('',(#8487,#8488,#8489,#8491,#8492));
#8494=FACE_OUTER_BOUND('',#8493,.F.);
#8495=ADVANCED_FACE('',(#8494),#8486,.T.);
#8496=CARTESIAN_POINT('',(-1.95E-2,-1.E-2,1.E-3));
#8497=DIRECTION('',(7.071067811865E-1,-7.071067811865E-1,0.E0));
#8498=DIRECTION('',(-7.071067811865E-1,-7.071067811865E-1,0.E0));
#8499=AXIS2_PLACEMENT_3D('',#8496,#8497,#8498);
#8500=SPHERICAL_SURFACE('',#8499,1.E-3);
#8502=ORIENTED_EDGE('',*,*,#8501,.F.);
#8503=ORIENTED_EDGE('',*,*,#8140,.F.);
#8504=ORIENTED_EDGE('',*,*,#8490,.F.);
#8505=EDGE_LOOP('',(#8502,#8503,#8504));
#8506=FACE_OUTER_BOUND('',#8505,.F.);
#8507=ADVANCED_FACE('',(#8506),#8500,.T.);
#8508=CARTESIAN_POINT('',(-1.95E-2,-3.96792E-2,1.E-3));
#8509=DIRECTION('',(0.E0,1.E0,0.E0));
#8510=DIRECTION('',(0.E0,0.E0,-1.E0));
#8511=AXIS2_PLACEMENT_3D('',#8508,#8509,#8510);
#8512=CYLINDRICAL_SURFACE('',#8511,1.E-3);
#8513=ORIENTED_EDGE('',*,*,#7426,.T.);
#8515=ORIENTED_EDGE('',*,*,#8514,.T.);
#8516=ORIENTED_EDGE('',*,*,#8125,.F.);
#8517=ORIENTED_EDGE('',*,*,#8501,.T.);
#8518=EDGE_LOOP('',(#8513,#8515,#8516,#8517));
#8519=FACE_OUTER_BOUND('',#8518,.F.);
#8520=ADVANCED_FACE('',(#8519),#8512,.T.);
#8521=CARTESIAN_POINT('',(-1.95E-2,1.E-2,1.E-3));
#8522=DIRECTION('',(0.E0,7.071067811865E-1,7.071067811865E-1));
#8523=DIRECTION('',(0.E0,7.071067811865E-1,-7.071067811865E-1));
#8524=AXIS2_PLACEMENT_3D('',#8521,#8522,#8523);
#8525=SPHERICAL_SURFACE('',#8524,1.E-3);
#8527=ORIENTED_EDGE('',*,*,#8526,.F.);
#8529=ORIENTED_EDGE('',*,*,#8528,.F.);
#8530=ORIENTED_EDGE('',*,*,#8514,.F.);
#8531=EDGE_LOOP('',(#8527,#8529,#8530));
#8532=FACE_OUTER_BOUND('',#8531,.F.);
#8533=ADVANCED_FACE('',(#8532),#8525,.T.);
#8534=CARTESIAN_POINT('',(-7.39476E-2,1.E-2,1.E-3));
#8535=DIRECTION('',(1.E0,0.E0,0.E0));
#8536=DIRECTION('',(0.E0,0.E0,-1.E0));
#8537=AXIS2_PLACEMENT_3D('',#8534,#8535,#8536);
#8538=CYLINDRICAL_SURFACE('',#8537,1.E-3);
#8539=ORIENTED_EDGE('',*,*,#7424,.T.);
#8540=ORIENTED_EDGE('',*,*,#7968,.T.);
#8541=ORIENTED_EDGE('',*,*,#8071,.T.);
#8543=ORIENTED_EDGE('',*,*,#8542,.F.);
#8544=ORIENTED_EDGE('',*,*,#8526,.T.);
#8545=EDGE_LOOP('',(#8539,#8540,#8541,#8543,#8544));
#8546=FACE_OUTER_BOUND('',#8545,.F.);
#8547=ADVANCED_FACE('',(#8546),#8538,.T.);
#8548=CARTESIAN_POINT('',(2.05E-2,1.1E-2,0.E0));
#8549=DIRECTION('',(0.E0,1.E0,0.E0));
#8550=DIRECTION('',(-1.E0,0.E0,0.E0));
#8551=AXIS2_PLACEMENT_3D('',#8548,#8549,#8550);
#8552=PLANE('',#8551);
#8553=ORIENTED_EDGE('',*,*,#8069,.F.);
#8554=ORIENTED_EDGE('',*,*,#8086,.T.);
#8556=ORIENTED_EDGE('',*,*,#8555,.T.);
#8557=ORIENTED_EDGE('',*,*,#8542,.T.);
#8558=EDGE_LOOP('',(#8553,#8554,#8556,#8557));
#8559=FACE_OUTER_BOUND('',#8558,.F.);
#8560=ADVANCED_FACE('',(#8559),#8552,.T.);
#8561=CARTESIAN_POINT('',(2.05E-2,1.1E-2,0.E0));
#8562=DIRECTION('',(0.E0,1.E0,0.E0));
#8563=DIRECTION('',(-1.E0,0.E0,0.E0));
#8564=AXIS2_PLACEMENT_3D('',#8561,#8562,#8563);
#8565=PLANE('',#8564);
#8567=ORIENTED_EDGE('',*,*,#8566,.F.);
#8568=ORIENTED_EDGE('',*,*,#7666,.T.);
#8569=ORIENTED_EDGE('',*,*,#7456,.F.);
#8570=ORIENTED_EDGE('',*,*,#7443,.T.);
#8571=EDGE_LOOP('',(#8567,#8568,#8569,#8570));
#8572=FACE_OUTER_BOUND('',#8571,.F.);
#8573=ADVANCED_FACE('',(#8572),#8565,.T.);
#8574=CARTESIAN_POINT('',(-1.95E-2,1.E-2,5.06792E-2));
#8575=DIRECTION('',(0.E0,0.E0,-1.E0));
#8576=DIRECTION('',(-1.E0,0.E0,0.E0));
#8577=AXIS2_PLACEMENT_3D('',#8574,#8575,#8576);
#8578=CYLINDRICAL_SURFACE('',#8577,1.E-3);
#8579=ORIENTED_EDGE('',*,*,#8127,.T.);
#8580=ORIENTED_EDGE('',*,*,#8528,.T.);
#8581=ORIENTED_EDGE('',*,*,#8555,.F.);
#8582=ORIENTED_EDGE('',*,*,#8098,.T.);
#8583=EDGE_LOOP('',(#8579,#8580,#8581,#8582));
#8584=FACE_OUTER_BOUND('',#8583,.F.);
#8585=ADVANCED_FACE('',(#8584),#8578,.T.);
#8586=CARTESIAN_POINT('',(1.95E-2,1.E-2,5.06792E-2));
#8587=DIRECTION('',(0.E0,0.E0,-1.E0));
#8588=DIRECTION('',(0.E0,1.E0,0.E0));
#8589=AXIS2_PLACEMENT_3D('',#8586,#8587,#8588);
#8590=CYLINDRICAL_SURFACE('',#8589,1.E-3);
#8591=ORIENTED_EDGE('',*,*,#8566,.T.);
#8593=ORIENTED_EDGE('',*,*,#8592,.T.);
#8595=ORIENTED_EDGE('',*,*,#8594,.F.);
#8597=ORIENTED_EDGE('',*,*,#8596,.T.);
#8598=EDGE_LOOP('',(#8591,#8593,#8595,#8597));
#8599=FACE_OUTER_BOUND('',#8598,.F.);
#8600=ADVANCED_FACE('',(#8599),#8590,.T.);
#8601=CARTESIAN_POINT('',(1.95E-2,1.E-2,1.E-3));
#8602=DIRECTION('',(-7.071067811865E-1,7.071067811865E-1,0.E0));
#8603=DIRECTION('',(7.071067811865E-1,7.071067811865E-1,0.E0));
#8604=AXIS2_PLACEMENT_3D('',#8601,#8602,#8603);
#8605=SPHERICAL_SURFACE('',#8604,1.E-3);
#8607=ORIENTED_EDGE('',*,*,#8606,.F.);
#8608=ORIENTED_EDGE('',*,*,#8592,.F.);
#8609=ORIENTED_EDGE('',*,*,#7441,.F.);
#8610=EDGE_LOOP('',(#8607,#8608,#8609));
#8611=FACE_OUTER_BOUND('',#8610,.F.);
#8612=ADVANCED_FACE('',(#8611),#8605,.T.);
#8613=CARTESIAN_POINT('',(1.95E-2,3.96792E-2,1.E-3));
#8614=DIRECTION('',(0.E0,-1.E0,0.E0));
#8615=DIRECTION('',(0.E0,0.E0,-1.E0));
#8616=AXIS2_PLACEMENT_3D('',#8613,#8614,#8615);
#8617=CYLINDRICAL_SURFACE('',#8616,1.E-3);
#8618=ORIENTED_EDGE('',*,*,#7402,.T.);
#8620=ORIENTED_EDGE('',*,*,#8619,.T.);
#8622=ORIENTED_EDGE('',*,*,#8621,.F.);
#8623=ORIENTED_EDGE('',*,*,#8606,.T.);
#8624=EDGE_LOOP('',(#8618,#8620,#8622,#8623));
#8625=FACE_OUTER_BOUND('',#8624,.F.);
#8626=ADVANCED_FACE('',(#8625),#8617,.T.);
#8627=CARTESIAN_POINT('',(1.95E-2,-1.E-2,1.E-3));
#8628=DIRECTION('',(7.071067811865E-1,7.071067811865E-1,0.E0));
#8629=DIRECTION('',(7.071067811865E-1,-7.071067811865E-1,0.E0));
#8630=AXIS2_PLACEMENT_3D('',#8627,#8628,#8629);
#8631=SPHERICAL_SURFACE('',#8630,1.E-3);
#8633=ORIENTED_EDGE('',*,*,#8632,.F.);
#8635=ORIENTED_EDGE('',*,*,#8634,.F.);
#8636=ORIENTED_EDGE('',*,*,#8619,.F.);
#8637=EDGE_LOOP('',(#8633,#8635,#8636));
#8638=FACE_OUTER_BOUND('',#8637,.F.);
#8639=ADVANCED_FACE('',(#8638),#8631,.T.);
#8640=CARTESIAN_POINT('',(7.39476E-2,-1.E-2,1.E-3));
#8641=DIRECTION('',(-1.E0,0.E0,0.E0));
#8642=DIRECTION('',(0.E0,0.E0,-1.E0));
#8643=AXIS2_PLACEMENT_3D('',#8640,#8641,#8642);
#8644=CYLINDRICAL_SURFACE('',#8643,1.E-3);
#8645=ORIENTED_EDGE('',*,*,#7400,.T.);
#8646=ORIENTED_EDGE('',*,*,#7817,.T.);
#8647=ORIENTED_EDGE('',*,*,#7750,.T.);
#8648=ORIENTED_EDGE('',*,*,#8172,.F.);
#8649=ORIENTED_EDGE('',*,*,#8632,.T.);
#8650=EDGE_LOOP('',(#8645,#8646,#8647,#8648,#8649));
#8651=FACE_OUTER_BOUND('',#8650,.F.);
#8652=ADVANCED_FACE('',(#8651),#8644,.T.);
#8653=CARTESIAN_POINT('',(1.95E-2,-1.E-2,5.06792E-2));
#8654=DIRECTION('',(0.E0,0.E0,-1.E0));
#8655=DIRECTION('',(1.E0,0.E0,0.E0));
#8656=AXIS2_PLACEMENT_3D('',#8653,#8654,#8655);
#8657=CYLINDRICAL_SURFACE('',#8656,1.E-3);
#8659=ORIENTED_EDGE('',*,*,#8658,.T.);
#8660=ORIENTED_EDGE('',*,*,#8634,.T.);
#8661=ORIENTED_EDGE('',*,*,#8170,.F.);
#8663=ORIENTED_EDGE('',*,*,#8662,.T.);
#8664=EDGE_LOOP('',(#8659,#8660,#8661,#8663));
#8665=FACE_OUTER_BOUND('',#8664,.F.);
#8666=ADVANCED_FACE('',(#8665),#8657,.T.);
#8667=CARTESIAN_POINT('',(2.05E-2,-1.1E-2,0.E0));
#8668=DIRECTION('',(1.E0,0.E0,0.E0));
#8669=DIRECTION('',(0.E0,1.E0,0.E0));
#8670=AXIS2_PLACEMENT_3D('',#8667,#8668,#8669);
#8671=PLANE('',#8670);
#8672=ORIENTED_EDGE('',*,*,#8594,.T.);
#8673=ORIENTED_EDGE('',*,*,#8621,.T.);
#8674=ORIENTED_EDGE('',*,*,#8658,.F.);
#8676=ORIENTED_EDGE('',*,*,#8675,.T.);
#8677=EDGE_LOOP('',(#8672,#8673,#8674,#8676));
#8678=FACE_OUTER_BOUND('',#8677,.F.);
#8679=ADVANCED_FACE('',(#8678),#8671,.T.);
#8680=CARTESIAN_POINT('',(1.95E-2,-3.96792E-2,2.1E-2));
#8681=DIRECTION('',(0.E0,1.E0,0.E0));
#8682=DIRECTION('',(0.E0,0.E0,1.E0));
#8683=AXIS2_PLACEMENT_3D('',#8680,#8681,#8682);
#8684=CYLINDRICAL_SURFACE('',#8683,1.E-3);
#8685=ORIENTED_EDGE('',*,*,#8675,.F.);
#8687=ORIENTED_EDGE('',*,*,#8686,.T.);
#8688=ORIENTED_EDGE('',*,*,#7690,.T.);
#8690=ORIENTED_EDGE('',*,*,#8689,.T.);
#8691=EDGE_LOOP('',(#8685,#8687,#8688,#8690));
#8692=FACE_OUTER_BOUND('',#8691,.F.);
#8693=ADVANCED_FACE('',(#8692),#8684,.T.);
#8694=CARTESIAN_POINT('',(1.95E-2,-1.E-2,2.1E-2));
#8695=DIRECTION('',(7.071067811865E-1,0.E0,-7.071067811865E-1));
#8696=DIRECTION('',(7.071067811865E-1,0.E0,7.071067811865E-1));
#8697=AXIS2_PLACEMENT_3D('',#8694,#8695,#8696);
#8698=SPHERICAL_SURFACE('',#8697,1.E-3);
#8699=ORIENTED_EDGE('',*,*,#8686,.F.);
#8700=ORIENTED_EDGE('',*,*,#8662,.F.);
#8701=ORIENTED_EDGE('',*,*,#7729,.F.);
#8702=EDGE_LOOP('',(#8699,#8700,#8701));
#8703=FACE_OUTER_BOUND('',#8702,.F.);
#8704=ADVANCED_FACE('',(#8703),#8698,.T.);
#8705=CARTESIAN_POINT('',(1.95E-2,1.E-2,2.1E-2));
#8706=DIRECTION('',(0.E0,7.071067811865E-1,-7.071067811865E-1));
#8707=DIRECTION('',(0.E0,7.071067811865E-1,7.071067811865E-1));
#8708=AXIS2_PLACEMENT_3D('',#8705,#8706,#8707);
#8709=SPHERICAL_SURFACE('',#8708,1.E-3);
#8710=ORIENTED_EDGE('',*,*,#7668,.F.);
#8711=ORIENTED_EDGE('',*,*,#8596,.F.);
#8712=ORIENTED_EDGE('',*,*,#8689,.F.);
#8713=EDGE_LOOP('',(#8710,#8711,#8712));
#8714=FACE_OUTER_BOUND('',#8713,.F.);
#8715=ADVANCED_FACE('',(#8714),#8709,.T.);
#8716=CARTESIAN_POINT('',(-9.E-3,-9.5E-3,1.5E-3));
#8717=DIRECTION('',(1.E0,0.E0,0.E0));
#8718=DIRECTION('',(0.E0,0.E0,-1.E0));
#8719=AXIS2_PLACEMENT_3D('',#8716,#8717,#8718);
#8720=TOROIDAL_SURFACE('',#8719,2.E-3,1.E-3);
#8721=ORIENTED_EDGE('',*,*,#7835,.F.);
#8723=ORIENTED_EDGE('',*,*,#8722,.T.);
#8724=ORIENTED_EDGE('',*,*,#7416,.F.);
#8725=ORIENTED_EDGE('',*,*,#8459,.F.);
#8726=EDGE_LOOP('',(#8721,#8723,#8724,#8725));
#8727=FACE_OUTER_BOUND('',#8726,.F.);
#8728=ADVANCED_FACE('',(#8727),#8720,.F.);
#8729=CARTESIAN_POINT('',(-9.E-3,9.473333841795E-2,-5.E-4));
#8730=DIRECTION('',(0.E0,-1.E0,0.E0));
#8731=DIRECTION('',(0.E0,0.E0,1.E0));
#8732=AXIS2_PLACEMENT_3D('',#8729,#8730,#8731);
#8733=CYLINDRICAL_SURFACE('',#8732,1.E-3);
#8734=ORIENTED_EDGE('',*,*,#7879,.F.);
#8736=ORIENTED_EDGE('',*,*,#8735,.T.);
#8737=ORIENTED_EDGE('',*,*,#7418,.F.);
#8738=ORIENTED_EDGE('',*,*,#8722,.F.);
#8739=EDGE_LOOP('',(#8734,#8736,#8737,#8738));
#8740=FACE_OUTER_BOUND('',#8739,.F.);
#8741=ADVANCED_FACE('',(#8740),#8733,.F.);
#8742=CARTESIAN_POINT('',(-9.E-3,9.5E-3,1.5E-3));
#8743=DIRECTION('',(-1.E0,0.E0,0.E0));
#8744=DIRECTION('',(0.E0,2.5E-1,-9.682458365519E-1));
#8745=AXIS2_PLACEMENT_3D('',#8742,#8743,#8744);
#8746=TOROIDAL_SURFACE('',#8745,2.E-3,1.E-3);
#8747=ORIENTED_EDGE('',*,*,#7894,.F.);
#8748=ORIENTED_EDGE('',*,*,#7971,.T.);
#8749=ORIENTED_EDGE('',*,*,#7420,.F.);
#8750=ORIENTED_EDGE('',*,*,#8735,.F.);
#8751=EDGE_LOOP('',(#8747,#8748,#8749,#8750));
#8752=FACE_OUTER_BOUND('',#8751,.F.);
#8753=ADVANCED_FACE('',(#8752),#8746,.F.);
#8754=CARTESIAN_POINT('',(9.E-3,-9.5E-3,2.05E-2));
#8755=DIRECTION('',(-1.E0,0.E0,0.E0));
#8756=DIRECTION('',(0.E0,-2.5E-1,9.682458365519E-1));
#8757=AXIS2_PLACEMENT_3D('',#8754,#8755,#8756);
#8758=TOROIDAL_SURFACE('',#8757,2.E-3,1.E-3);
#8759=ORIENTED_EDGE('',*,*,#8281,.T.);
#8761=ORIENTED_EDGE('',*,*,#8760,.F.);
#8762=ORIENTED_EDGE('',*,*,#7682,.F.);
#8763=ORIENTED_EDGE('',*,*,#8351,.T.);
#8764=EDGE_LOOP('',(#8759,#8761,#8762,#8763));
#8765=FACE_OUTER_BOUND('',#8764,.F.);
#8766=ADVANCED_FACE('',(#8765),#8758,.F.);
#8767=CARTESIAN_POINT('',(9.E-3,-9.472161643565E-2,2.25E-2));
#8768=DIRECTION('',(0.E0,1.E0,0.E0));
#8769=DIRECTION('',(1.E0,0.E0,0.E0));
#8770=AXIS2_PLACEMENT_3D('',#8767,#8768,#8769);
#8771=CYLINDRICAL_SURFACE('',#8770,1.E-3);
#8773=ORIENTED_EDGE('',*,*,#8772,.T.);
#8775=ORIENTED_EDGE('',*,*,#8774,.F.);
#8776=ORIENTED_EDGE('',*,*,#7684,.F.);
#8777=ORIENTED_EDGE('',*,*,#8760,.T.);
#8778=EDGE_LOOP('',(#8773,#8775,#8776,#8777));
#8779=FACE_OUTER_BOUND('',#8778,.F.);
#8780=ADVANCED_FACE('',(#8779),#8771,.F.);
#8781=CARTESIAN_POINT('',(1.E-2,1.05E-2,2.15E-2));
#8782=DIRECTION('',(0.E0,0.E0,-1.E0));
#8783=DIRECTION('',(-1.E0,0.E0,0.E0));
#8784=AXIS2_PLACEMENT_3D('',#8781,#8782,#8783);
#8785=PLANE('',#8784);
#8786=ORIENTED_EDGE('',*,*,#8772,.F.);
#8787=ORIENTED_EDGE('',*,*,#8279,.T.);
#8789=ORIENTED_EDGE('',*,*,#8788,.T.);
#8790=ORIENTED_EDGE('',*,*,#7574,.F.);
#8791=EDGE_LOOP('',(#8786,#8787,#8789,#8790));
#8792=FACE_OUTER_BOUND('',#8791,.F.);
#8793=ADVANCED_FACE('',(#8792),#8785,.F.);
#8794=CARTESIAN_POINT('',(-9.E-3,-9.473041718632E-2,2.25E-2));
#8795=DIRECTION('',(0.E0,1.E0,0.E0));
#8796=DIRECTION('',(0.E0,0.E0,-1.E0));
#8797=AXIS2_PLACEMENT_3D('',#8794,#8795,#8796);
#8798=CYLINDRICAL_SURFACE('',#8797,1.E-3);
#8799=ORIENTED_EDGE('',*,*,#8788,.F.);
#8801=ORIENTED_EDGE('',*,*,#8800,.T.);
#8802=ORIENTED_EDGE('',*,*,#7706,.F.);
#8804=ORIENTED_EDGE('',*,*,#8803,.F.);
#8805=EDGE_LOOP('',(#8799,#8801,#8802,#8804));
#8806=FACE_OUTER_BOUND('',#8805,.F.);
#8807=ADVANCED_FACE('',(#8806),#8798,.F.);
#8808=CARTESIAN_POINT('',(-9.E-3,-9.5E-3,2.05E-2));
#8809=DIRECTION('',(-1.E0,0.E0,0.E0));
#8810=DIRECTION('',(0.E0,-2.5E-1,9.682458365519E-1));
#8811=AXIS2_PLACEMENT_3D('',#8808,#8809,#8810);
#8812=TOROIDAL_SURFACE('',#8811,2.E-3,1.E-3);
#8813=ORIENTED_EDGE('',*,*,#8277,.F.);
#8814=ORIENTED_EDGE('',*,*,#8262,.T.);
#8815=ORIENTED_EDGE('',*,*,#7708,.F.);
#8816=ORIENTED_EDGE('',*,*,#8800,.F.);
#8817=EDGE_LOOP('',(#8813,#8814,#8815,#8816));
#8818=FACE_OUTER_BOUND('',#8817,.F.);
#8819=ADVANCED_FACE('',(#8818),#8812,.F.);
#8820=CARTESIAN_POINT('',(-9.E-3,9.5E-3,2.05E-2));
#8821=DIRECTION('',(-1.E0,0.E0,0.E0));
#8822=DIRECTION('',(0.E0,0.E0,1.E0));
#8823=AXIS2_PLACEMENT_3D('',#8820,#8821,#8822);
#8824=TOROIDAL_SURFACE('',#8823,2.E-3,1.E-3);
#8825=ORIENTED_EDGE('',*,*,#7576,.F.);
#8826=ORIENTED_EDGE('',*,*,#8803,.T.);
#8827=ORIENTED_EDGE('',*,*,#7704,.F.);
#8828=ORIENTED_EDGE('',*,*,#8051,.F.);
#8829=EDGE_LOOP('',(#8825,#8826,#8827,#8828));
#8830=FACE_OUTER_BOUND('',#8829,.F.);
#8831=ADVANCED_FACE('',(#8830),#8824,.F.);
#8832=CARTESIAN_POINT('',(9.E-3,9.5E-3,2.05E-2));
#8833=DIRECTION('',(-1.E0,0.E0,0.E0));
#8834=DIRECTION('',(0.E0,0.E0,1.E0));
#8835=AXIS2_PLACEMENT_3D('',#8832,#8833,#8834);
#8836=TOROIDAL_SURFACE('',#8835,2.E-3,1.E-3);
#8837=ORIENTED_EDGE('',*,*,#7572,.T.);
#8838=ORIENTED_EDGE('',*,*,#7652,.T.);
#8839=ORIENTED_EDGE('',*,*,#7686,.F.);
#8840=ORIENTED_EDGE('',*,*,#8774,.T.);
#8841=EDGE_LOOP('',(#8837,#8838,#8839,#8840));
#8842=FACE_OUTER_BOUND('',#8841,.F.);
#8843=ADVANCED_FACE('',(#8842),#8836,.F.);
#8844=CARTESIAN_POINT('',(-1.95E-2,-1.E-2,2.1E-2));
#8845=DIRECTION('',(0.E0,-7.071067811865E-1,-7.071067811865E-1));
#8846=DIRECTION('',(0.E0,-7.071067811865E-1,7.071067811865E-1));
#8847=AXIS2_PLACEMENT_3D('',#8844,#8845,#8846);
#8848=SPHERICAL_SURFACE('',#8847,1.E-3);
#8849=ORIENTED_EDGE('',*,*,#8188,.F.);
#8850=ORIENTED_EDGE('',*,*,#8143,.F.);
#8851=ORIENTED_EDGE('',*,*,#8113,.F.);
#8852=EDGE_LOOP('',(#8849,#8850,#8851));
#8853=FACE_OUTER_BOUND('',#8852,.F.);
#8854=ADVANCED_FACE('',(#8853),#8848,.T.);
#8855=CARTESIAN_POINT('',(9.E-3,9.5E-3,1.5E-3));
#8856=DIRECTION('',(-1.E0,0.E0,0.E0));
#8857=DIRECTION('',(0.E0,0.E0,-1.E0));
#8858=AXIS2_PLACEMENT_3D('',#8855,#8856,#8857);
#8859=TOROIDAL_SURFACE('',#8858,2.E-3,1.E-3);
#8860=ORIENTED_EDGE('',*,*,#7897,.F.);
#8861=ORIENTED_EDGE('',*,*,#7866,.T.);
#8862=ORIENTED_EDGE('',*,*,#7392,.F.);
#8863=ORIENTED_EDGE('',*,*,#7529,.F.);
#8864=EDGE_LOOP('',(#8860,#8861,#8862,#8863));
#8865=FACE_OUTER_BOUND('',#8864,.F.);
#8866=ADVANCED_FACE('',(#8865),#8859,.F.);
#8867=CLOSED_SHELL('',(#7406,#7430,#7447,#7466,#7535,#7549,#7564,#7583,#7656,
#7672,#7694,#7718,#7735,#7754,#7824,#7843,#7856,#7870,#7884,#7901,#7975,#7989,
#8058,#8075,#8090,#8103,#8117,#8132,#8147,#8162,#8176,#8192,#8266,#8285,#8357,
#8370,#8383,#8397,#8466,#8481,#8495,#8507,#8520,#8533,#8547,#8560,#8573,#8585,
#8600,#8612,#8626,#8639,#8652,#8666,#8679,#8693,#8704,#8715,#8728,#8741,#8753,
#8766,#8780,#8793,#8807,#8819,#8831,#8843,#8854,#8866));
#8868=MANIFOLD_SOLID_BREP('',#8867);
#8869=DIMENSIONAL_EXPONENTS(1.E0,0.E0,0.E0,0.E0,0.E0,0.E0,0.E0);
#8871=LENGTH_MEASURE_WITH_UNIT(LENGTH_MEASURE(2.54E1),#8870);
#8872=(CONVERSION_BASED_UNIT('INCH',#8871)LENGTH_UNIT()NAMED_UNIT(#8869));
#8873=DIMENSIONAL_EXPONENTS(0.E0,0.E0,0.E0,0.E0,0.E0,0.E0,0.E0);
#8875=PLANE_ANGLE_MEASURE_WITH_UNIT(PLANE_ANGLE_MEASURE(1.745329251994E-2),
#8874);
#8876=(CONVERSION_BASED_UNIT('DEGREE',#8875)NAMED_UNIT(*)PLANE_ANGLE_UNIT());
#8878=UNCERTAINTY_MEASURE_WITH_UNIT(LENGTH_MEASURE(5.184553733413E-6),#8872,
'closure',
'Maximum model space distance between geometric entities at asserted connectivities');
#8879=(GEOMETRIC_REPRESENTATION_CONTEXT(3)GLOBAL_UNCERTAINTY_ASSIGNED_CONTEXT((
#8878))GLOBAL_UNIT_ASSIGNED_CONTEXT((#8872,#8876,#8877))REPRESENTATION_CONTEXT(
'ID6','3'));
#8880=CARTESIAN_POINT('',(0.E0,0.E0,0.E0));
#8881=DIRECTION('',(0.E0,0.E0,1.E0));
#8882=DIRECTION('',(1.E0,0.E0,0.E0));
#8885=MECHANICAL_CONTEXT('',#1259,'mechanical');
#8886=PRODUCT('GRM155R71C','GRM155R71C','NOT SPECIFIED',(#8885));
#8887=PRODUCT_DEFINITION_FORMATION_WITH_SPECIFIED_SOURCE('1','LAST_VERSION',
#8886,.MADE.);
#8893=CARTESIAN_POINT('',(8.35E-2,2.06E-1,3.864E-2));
#8894=DIRECTION('',(0.E0,0.E0,1.E0));
#8895=DIRECTION('',(0.E0,-1.E0,0.E0));
#8896=AXIS2_PLACEMENT_3D('',#8893,#8894,#8895);
#8897=ITEM_DEFINED_TRANSFORMATION('','',#8883,#8896);
#8898=(REPRESENTATION_RELATIONSHIP('','',#8884,#1270)REPRESENTATION_RELATIONSHIP_WITH_TRANSFORMATION(#8897)SHAPE_REPRESENTATION_RELATIONSHIP());
#8899=CONTEXT_DEPENDENT_SHAPE_REPRESENTATION(#8898,#8892);
#8902=CARTESIAN_POINT('',(1.87E-1,2.63E-1,0.E0));
#8903=DIRECTION('',(0.E0,0.E0,-1.E0));
#8904=DIRECTION('',(-1.E0,0.E0,0.E0));
#8905=AXIS2_PLACEMENT_3D('',#8902,#8903,#8904);
#8906=ITEM_DEFINED_TRANSFORMATION('','',#8883,#8905);
#8907=(REPRESENTATION_RELATIONSHIP('','',#8884,#1270)REPRESENTATION_RELATIONSHIP_WITH_TRANSFORMATION(#8906)SHAPE_REPRESENTATION_RELATIONSHIP());
#8908=CONTEXT_DEPENDENT_SHAPE_REPRESENTATION(#8907,#8901);
#8911=CARTESIAN_POINT('',(2.75E-2,1.57E-1,0.E0));
#8912=DIRECTION('',(0.E0,0.E0,-1.E0));
#8913=DIRECTION('',(0.E0,-1.E0,0.E0));
#8914=AXIS2_PLACEMENT_3D('',#8911,#8912,#8913);
#8915=ITEM_DEFINED_TRANSFORMATION('','',#8883,#8914);
#8916=(REPRESENTATION_RELATIONSHIP('','',#8884,#1270)REPRESENTATION_RELATIONSHIP_WITH_TRANSFORMATION(#8915)SHAPE_REPRESENTATION_RELATIONSHIP());
#8917=CONTEXT_DEPENDENT_SHAPE_REPRESENTATION(#8916,#8910);
#8920=CARTESIAN_POINT('',(1.15E-1,2.63E-1,0.E0));
#8921=DIRECTION('',(0.E0,0.E0,-1.E0));
#8922=DIRECTION('',(1.E0,0.E0,0.E0));
#8923=AXIS2_PLACEMENT_3D('',#8920,#8921,#8922);
#8924=ITEM_DEFINED_TRANSFORMATION('','',#8883,#8923);
#8925=(REPRESENTATION_RELATIONSHIP('','',#8884,#1270)REPRESENTATION_RELATIONSHIP_WITH_TRANSFORMATION(#8924)SHAPE_REPRESENTATION_RELATIONSHIP());
#8926=CONTEXT_DEPENDENT_SHAPE_REPRESENTATION(#8925,#8919);
#8929=CARTESIAN_POINT('',(5.9E-2,2.58E-1,3.864E-2));
#8930=DIRECTION('',(0.E0,0.E0,1.E0));
#8931=DIRECTION('',(1.E0,0.E0,0.E0));
#8932=AXIS2_PLACEMENT_3D('',#8929,#8930,#8931);
#8933=ITEM_DEFINED_TRANSFORMATION('','',#8883,#8932);
#8934=(REPRESENTATION_RELATIONSHIP('','',#8884,#1270)REPRESENTATION_RELATIONSHIP_WITH_TRANSFORMATION(#8933)SHAPE_REPRESENTATION_RELATIONSHIP());
#8935=CONTEXT_DEPENDENT_SHAPE_REPRESENTATION(#8934,#8928);
#8938=CARTESIAN_POINT('',(2.39E-1,2.28E-1,0.E0));
#8939=DIRECTION('',(0.E0,0.E0,-1.E0));
#8940=DIRECTION('',(0.E0,1.E0,0.E0));
#8941=AXIS2_PLACEMENT_3D('',#8938,#8939,#8940);
#8942=ITEM_DEFINED_TRANSFORMATION('','',#8883,#8941);
#8943=(REPRESENTATION_RELATIONSHIP('','',#8884,#1270)REPRESENTATION_RELATIONSHIP_WITH_TRANSFORMATION(#8942)SHAPE_REPRESENTATION_RELATIONSHIP());
#8944=CONTEXT_DEPENDENT_SHAPE_REPRESENTATION(#8943,#8937);
#8946=DIRECTION('',(0.E0,-1.E0,0.E0));
#8947=VECTOR('',#8946,5.E-3);
#8948=CARTESIAN_POINT('',(2.E-3,6.5E-2,0.E0));
#8949=LINE('',#8948,#8947);
#8950=DIRECTION('',(1.E0,0.E0,0.E0));
#8951=VECTOR('',#8950,4.E-3);
#8952=CARTESIAN_POINT('',(-2.E-3,6.E-2,0.E0));
#8953=LINE('',#8952,#8951);
#8954=DIRECTION('',(0.E0,-1.E0,0.E0));
#8955=VECTOR('',#8954,5.E-3);
#8956=CARTESIAN_POINT('',(-2.E-3,6.5E-2,0.E0));
#8957=LINE('',#8956,#8955);
#8958=DIRECTION('',(-1.E0,0.E0,0.E0));
#8959=VECTOR('',#8958,2.2E-2);
#8960=CARTESIAN_POINT('',(-2.E-3,6.5E-2,0.E0));
#8961=LINE('',#8960,#8959);
#8962=DIRECTION('',(0.E0,-1.E0,0.E0));
#8963=VECTOR('',#8962,5.E-3);
#8964=CARTESIAN_POINT('',(-2.4E-2,6.5E-2,0.E0));
#8965=LINE('',#8964,#8963);
#8966=DIRECTION('',(1.E0,0.E0,0.E0));
#8967=VECTOR('',#8966,3.6E-2);
#8968=CARTESIAN_POINT('',(-6.E-2,6.E-2,0.E0));
#8969=LINE('',#8968,#8967);
#8970=DIRECTION('',(0.E0,1.E0,0.E0));
#8971=VECTOR('',#8970,2.E-3);
#8972=CARTESIAN_POINT('',(-6.E-2,5.8E-2,0.E0));
#8973=LINE('',#8972,#8971);
#8974=DIRECTION('',(1.E0,0.E0,0.E0));
#8975=VECTOR('',#8974,5.E-3);
#8976=CARTESIAN_POINT('',(-6.5E-2,5.8E-2,0.E0));
#8977=LINE('',#8976,#8975);
#8978=DIRECTION('',(0.E0,-1.E0,0.E0));
#8979=VECTOR('',#8978,2.E-2);
#8980=CARTESIAN_POINT('',(-6.5E-2,5.8E-2,0.E0));
#8981=LINE('',#8980,#8979);
#8982=DIRECTION('',(1.E0,0.E0,0.E0));
#8983=VECTOR('',#8982,5.E-3);
#8984=CARTESIAN_POINT('',(-6.5E-2,3.8E-2,0.E0));
#8985=LINE('',#8984,#8983);
#8986=DIRECTION('',(0.E0,1.E0,0.E0));
#8987=VECTOR('',#8986,4.E-3);
#8988=CARTESIAN_POINT('',(-6.E-2,3.4E-2,0.E0));
#8989=LINE('',#8988,#8987);
#8990=DIRECTION('',(1.E0,0.E0,0.E0));
#8991=VECTOR('',#8990,5.E-3);
#8992=CARTESIAN_POINT('',(-6.5E-2,3.4E-2,0.E0));
#8993=LINE('',#8992,#8991);
#8994=DIRECTION('',(0.E0,-1.E0,0.E0));
#8995=VECTOR('',#8994,2.E-2);
#8996=CARTESIAN_POINT('',(-6.5E-2,3.4E-2,0.E0));
#8997=LINE('',#8996,#8995);
#8998=DIRECTION('',(1.E0,0.E0,0.E0));
#8999=VECTOR('',#8998,5.E-3);
#9000=CARTESIAN_POINT('',(-6.5E-2,1.4E-2,0.E0));
#9001=LINE('',#9000,#8999);
#9002=DIRECTION('',(0.E0,1.E0,0.E0));
#9003=VECTOR('',#9002,4.E-3);
#9004=CARTESIAN_POINT('',(-6.E-2,1.E-2,0.E0));
#9005=LINE('',#9004,#9003);
#9006=DIRECTION('',(1.E0,0.E0,0.E0));
#9007=VECTOR('',#9006,5.E-3);
#9008=CARTESIAN_POINT('',(-6.5E-2,1.E-2,0.E0));
#9009=LINE('',#9008,#9007);
#9010=DIRECTION('',(0.E0,-1.E0,0.E0));
#9011=VECTOR('',#9010,2.E-2);
#9012=CARTESIAN_POINT('',(-6.5E-2,1.E-2,0.E0));
#9013=LINE('',#9012,#9011);
#9014=DIRECTION('',(1.E0,0.E0,0.E0));
#9015=VECTOR('',#9014,5.E-3);
#9016=CARTESIAN_POINT('',(-6.5E-2,-1.E-2,0.E0));
#9017=LINE('',#9016,#9015);
#9018=DIRECTION('',(0.E0,1.E0,0.E0));
#9019=VECTOR('',#9018,4.E-3);
#9020=CARTESIAN_POINT('',(-6.E-2,-1.4E-2,0.E0));
#9021=LINE('',#9020,#9019);
#9022=DIRECTION('',(1.E0,0.E0,0.E0));
#9023=VECTOR('',#9022,5.E-3);
#9024=CARTESIAN_POINT('',(-6.5E-2,-1.4E-2,0.E0));
#9025=LINE('',#9024,#9023);
#9026=DIRECTION('',(0.E0,-1.E0,0.E0));
#9027=VECTOR('',#9026,2.E-2);
#9028=CARTESIAN_POINT('',(-6.5E-2,-1.4E-2,0.E0));
#9029=LINE('',#9028,#9027);
#9030=DIRECTION('',(1.E0,0.E0,0.E0));
#9031=VECTOR('',#9030,5.E-3);
#9032=CARTESIAN_POINT('',(-6.5E-2,-3.4E-2,0.E0));
#9033=LINE('',#9032,#9031);
#9034=DIRECTION('',(0.E0,1.E0,0.E0));
#9035=VECTOR('',#9034,4.E-3);
#9036=CARTESIAN_POINT('',(-6.E-2,-3.8E-2,0.E0));
#9037=LINE('',#9036,#9035);
#9038=DIRECTION('',(1.E0,0.E0,0.E0));
#9039=VECTOR('',#9038,5.E-3);
#9040=CARTESIAN_POINT('',(-6.5E-2,-3.8E-2,0.E0));
#9041=LINE('',#9040,#9039);
#9042=DIRECTION('',(0.E0,-1.E0,0.E0));
#9043=VECTOR('',#9042,2.E-2);
#9044=CARTESIAN_POINT('',(-6.5E-2,-3.8E-2,0.E0));
#9045=LINE('',#9044,#9043);
#9046=DIRECTION('',(1.E0,0.E0,0.E0));
#9047=VECTOR('',#9046,5.E-3);
#9048=CARTESIAN_POINT('',(-6.5E-2,-5.8E-2,0.E0));
#9049=LINE('',#9048,#9047);
#9050=DIRECTION('',(0.E0,1.E0,0.E0));
#9051=VECTOR('',#9050,2.E-3);
#9052=CARTESIAN_POINT('',(-6.E-2,-6.E-2,0.E0));
#9053=LINE('',#9052,#9051);
#9054=DIRECTION('',(-1.E0,0.E0,0.E0));
#9055=VECTOR('',#9054,3.6E-2);
#9056=CARTESIAN_POINT('',(-2.4E-2,-6.E-2,0.E0));
#9057=LINE('',#9056,#9055);
#9058=DIRECTION('',(0.E0,1.E0,0.E0));
#9059=VECTOR('',#9058,5.E-3);
#9060=CARTESIAN_POINT('',(-2.4E-2,-6.5E-2,0.E0));
#9061=LINE('',#9060,#9059);
#9062=DIRECTION('',(1.E0,0.E0,0.E0));
#9063=VECTOR('',#9062,2.2E-2);
#9064=CARTESIAN_POINT('',(-2.4E-2,-6.5E-2,0.E0));
#9065=LINE('',#9064,#9063);
#9066=DIRECTION('',(0.E0,1.E0,0.E0));
#9067=VECTOR('',#9066,5.E-3);
#9068=CARTESIAN_POINT('',(-2.E-3,-6.5E-2,0.E0));
#9069=LINE('',#9068,#9067);
#9070=DIRECTION('',(-1.E0,0.E0,0.E0));
#9071=VECTOR('',#9070,4.E-3);
#9072=CARTESIAN_POINT('',(2.E-3,-6.E-2,0.E0));
#9073=LINE('',#9072,#9071);
#9074=DIRECTION('',(0.E0,1.E0,0.E0));
#9075=VECTOR('',#9074,5.E-3);
#9076=CARTESIAN_POINT('',(2.E-3,-6.5E-2,0.E0));
#9077=LINE('',#9076,#9075);
#9078=DIRECTION('',(1.E0,0.E0,0.E0));
#9079=VECTOR('',#9078,2.2E-2);
#9080=CARTESIAN_POINT('',(2.E-3,-6.5E-2,0.E0));
#9081=LINE('',#9080,#9079);
#9082=DIRECTION('',(0.E0,1.E0,0.E0));
#9083=VECTOR('',#9082,5.E-3);
#9084=CARTESIAN_POINT('',(2.4E-2,-6.5E-2,0.E0));
#9085=LINE('',#9084,#9083);
#9086=DIRECTION('',(-1.E0,0.E0,0.E0));
#9087=VECTOR('',#9086,3.6E-2);
#9088=CARTESIAN_POINT('',(6.E-2,-6.E-2,0.E0));
#9089=LINE('',#9088,#9087);
#9090=DIRECTION('',(0.E0,-1.E0,0.E0));
#9091=VECTOR('',#9090,2.E-3);
#9092=CARTESIAN_POINT('',(6.E-2,-5.8E-2,0.E0));
#9093=LINE('',#9092,#9091);
#9094=DIRECTION('',(-1.E0,0.E0,0.E0));
#9095=VECTOR('',#9094,5.E-3);
#9096=CARTESIAN_POINT('',(6.5E-2,-5.8E-2,0.E0));
#9097=LINE('',#9096,#9095);
#9098=DIRECTION('',(0.E0,1.E0,0.E0));
#9099=VECTOR('',#9098,2.E-2);
#9100=CARTESIAN_POINT('',(6.5E-2,-5.8E-2,0.E0));
#9101=LINE('',#9100,#9099);
#9102=DIRECTION('',(-1.E0,0.E0,0.E0));
#9103=VECTOR('',#9102,5.E-3);
#9104=CARTESIAN_POINT('',(6.5E-2,-3.8E-2,0.E0));
#9105=LINE('',#9104,#9103);
#9106=DIRECTION('',(0.E0,-1.E0,0.E0));
#9107=VECTOR('',#9106,4.E-3);
#9108=CARTESIAN_POINT('',(6.E-2,-3.4E-2,0.E0));
#9109=LINE('',#9108,#9107);
#9110=DIRECTION('',(-1.E0,0.E0,0.E0));
#9111=VECTOR('',#9110,5.E-3);
#9112=CARTESIAN_POINT('',(6.5E-2,-3.4E-2,0.E0));
#9113=LINE('',#9112,#9111);
#9114=DIRECTION('',(0.E0,1.E0,0.E0));
#9115=VECTOR('',#9114,2.E-2);
#9116=CARTESIAN_POINT('',(6.5E-2,-3.4E-2,0.E0));
#9117=LINE('',#9116,#9115);
#9118=DIRECTION('',(-1.E0,0.E0,0.E0));
#9119=VECTOR('',#9118,5.E-3);
#9120=CARTESIAN_POINT('',(6.5E-2,-1.4E-2,0.E0));
#9121=LINE('',#9120,#9119);
#9122=DIRECTION('',(0.E0,-1.E0,0.E0));
#9123=VECTOR('',#9122,4.E-3);
#9124=CARTESIAN_POINT('',(6.E-2,-1.E-2,0.E0));
#9125=LINE('',#9124,#9123);
#9126=DIRECTION('',(-1.E0,0.E0,0.E0));
#9127=VECTOR('',#9126,5.E-3);
#9128=CARTESIAN_POINT('',(6.5E-2,-1.E-2,0.E0));
#9129=LINE('',#9128,#9127);
#9130=DIRECTION('',(0.E0,1.E0,0.E0));
#9131=VECTOR('',#9130,2.E-2);
#9132=CARTESIAN_POINT('',(6.5E-2,-1.E-2,0.E0));
#9133=LINE('',#9132,#9131);
#9134=DIRECTION('',(-1.E0,0.E0,0.E0));
#9135=VECTOR('',#9134,5.E-3);
#9136=CARTESIAN_POINT('',(6.5E-2,1.E-2,0.E0));
#9137=LINE('',#9136,#9135);
#9138=DIRECTION('',(0.E0,-1.E0,0.E0));
#9139=VECTOR('',#9138,4.E-3);
#9140=CARTESIAN_POINT('',(6.E-2,1.4E-2,0.E0));
#9141=LINE('',#9140,#9139);
#9142=DIRECTION('',(-1.E0,0.E0,0.E0));
#9143=VECTOR('',#9142,5.E-3);
#9144=CARTESIAN_POINT('',(6.5E-2,1.4E-2,0.E0));
#9145=LINE('',#9144,#9143);
#9146=DIRECTION('',(0.E0,1.E0,0.E0));
#9147=VECTOR('',#9146,2.E-2);
#9148=CARTESIAN_POINT('',(6.5E-2,1.4E-2,0.E0));
#9149=LINE('',#9148,#9147);
#9150=DIRECTION('',(-1.E0,0.E0,0.E0));
#9151=VECTOR('',#9150,5.E-3);
#9152=CARTESIAN_POINT('',(6.5E-2,3.4E-2,0.E0));
#9153=LINE('',#9152,#9151);
#9154=DIRECTION('',(0.E0,-1.E0,0.E0));
#9155=VECTOR('',#9154,4.E-3);
#9156=CARTESIAN_POINT('',(6.E-2,3.8E-2,0.E0));
#9157=LINE('',#9156,#9155);
#9158=DIRECTION('',(-1.E0,0.E0,0.E0));
#9159=VECTOR('',#9158,5.E-3);
#9160=CARTESIAN_POINT('',(6.5E-2,3.8E-2,0.E0));
#9161=LINE('',#9160,#9159);
#9162=DIRECTION('',(0.E0,1.E0,0.E0));
#9163=VECTOR('',#9162,2.E-2);
#9164=CARTESIAN_POINT('',(6.5E-2,3.8E-2,0.E0));
#9165=LINE('',#9164,#9163);
#9166=DIRECTION('',(-1.E0,0.E0,0.E0));
#9167=VECTOR('',#9166,5.E-3);
#9168=CARTESIAN_POINT('',(6.5E-2,5.8E-2,0.E0));
#9169=LINE('',#9168,#9167);
#9170=DIRECTION('',(0.E0,-1.E0,0.E0));
#9171=VECTOR('',#9170,2.E-3);
#9172=CARTESIAN_POINT('',(6.E-2,6.E-2,0.E0));
#9173=LINE('',#9172,#9171);
#9174=DIRECTION('',(1.E0,0.E0,0.E0));
#9175=VECTOR('',#9174,3.6E-2);
#9176=CARTESIAN_POINT('',(2.4E-2,6.E-2,0.E0));
#9177=LINE('',#9176,#9175);
#9178=DIRECTION('',(0.E0,-1.E0,0.E0));
#9179=VECTOR('',#9178,5.E-3);
#9180=CARTESIAN_POINT('',(2.4E-2,6.5E-2,0.E0));
#9181=LINE('',#9180,#9179);
#9182=DIRECTION('',(-1.E0,0.E0,0.E0));
#9183=VECTOR('',#9182,2.2E-2);
#9184=CARTESIAN_POINT('',(2.4E-2,6.5E-2,0.E0));
#9185=LINE('',#9184,#9183);
#9186=DIRECTION('',(0.E0,0.E0,-1.E0));
#9187=VECTOR('',#9186,1.2E-2);
#9188=CARTESIAN_POINT('',(2.E-3,6.E-2,1.2E-2));
#9189=LINE('',#9188,#9187);
#9190=DIRECTION('',(0.E0,0.E0,1.E0));
#9191=VECTOR('',#9190,1.2E-2);
#9192=CARTESIAN_POINT('',(2.4E-2,6.5E-2,0.E0));
#9193=LINE('',#9192,#9191);
#9194=DIRECTION('',(-1.E0,0.E0,0.E0));
#9195=VECTOR('',#9194,2.2E-2);
#9196=CARTESIAN_POINT('',(2.4E-2,6.5E-2,1.2E-2));
#9197=LINE('',#9196,#9195);
#9198=DIRECTION('',(0.E0,0.E0,1.E0));
#9199=VECTOR('',#9198,1.2E-2);
#9200=CARTESIAN_POINT('',(2.E-3,6.5E-2,0.E0));
#9201=LINE('',#9200,#9199);
#9202=DIRECTION('',(0.E0,0.E0,1.E0));
#9203=VECTOR('',#9202,1.2E-2);
#9204=CARTESIAN_POINT('',(-2.E-3,6.5E-2,0.E0));
#9205=LINE('',#9204,#9203);
#9206=DIRECTION('',(-1.E0,0.E0,0.E0));
#9207=VECTOR('',#9206,2.2E-2);
#9208=CARTESIAN_POINT('',(-2.E-3,6.5E-2,1.2E-2));
#9209=LINE('',#9208,#9207);
#9210=DIRECTION('',(0.E0,0.E0,1.E0));
#9211=VECTOR('',#9210,1.2E-2);
#9212=CARTESIAN_POINT('',(-2.4E-2,6.5E-2,0.E0));
#9213=LINE('',#9212,#9211);
#9214=DIRECTION('',(0.E0,0.E0,-1.E0));
#9215=VECTOR('',#9214,1.2E-2);
#9216=CARTESIAN_POINT('',(2.4E-2,6.E-2,1.2E-2));
#9217=LINE('',#9216,#9215);
#9218=DIRECTION('',(0.E0,0.E0,-1.E0));
#9219=VECTOR('',#9218,1.2E-2);
#9220=CARTESIAN_POINT('',(-2.E-3,6.E-2,1.2E-2));
#9221=LINE('',#9220,#9219);
#9222=DIRECTION('',(0.E0,-1.E0,0.E0));
#9223=VECTOR('',#9222,5.E-3);
#9224=CARTESIAN_POINT('',(2.E-3,6.5E-2,1.2E-2));
#9225=LINE('',#9224,#9223);
#9226=DIRECTION('',(0.E0,-1.E0,0.E0));
#9227=VECTOR('',#9226,5.E-3);
#9228=CARTESIAN_POINT('',(2.4E-2,6.5E-2,1.2E-2));
#9229=LINE('',#9228,#9227);
#9230=DIRECTION('',(1.E0,0.E0,0.E0));
#9231=VECTOR('',#9230,2.2E-2);
#9232=CARTESIAN_POINT('',(2.E-3,6.E-2,1.2E-2));
#9233=LINE('',#9232,#9231);
#9234=DIRECTION('',(0.E0,-1.E0,0.E0));
#9235=VECTOR('',#9234,5.E-3);
#9236=CARTESIAN_POINT('',(-2.E-3,6.5E-2,1.2E-2));
#9237=LINE('',#9236,#9235);
#9238=DIRECTION('',(1.E0,0.E0,0.E0));
#9239=VECTOR('',#9238,2.2E-2);
#9240=CARTESIAN_POINT('',(-2.4E-2,6.E-2,1.2E-2));
#9241=LINE('',#9240,#9239);
#9242=DIRECTION('',(0.E0,-1.E0,0.E0));
#9243=VECTOR('',#9242,5.E-3);
#9244=CARTESIAN_POINT('',(-2.4E-2,6.5E-2,1.2E-2));
#9245=LINE('',#9244,#9243);
#9246=DIRECTION('',(-1.E0,0.E0,0.E0));
#9247=VECTOR('',#9246,5.E-3);
#9248=CARTESIAN_POINT('',(6.5E-2,1.E-2,1.2E-2));
#9249=LINE('',#9248,#9247);
#9250=DIRECTION('',(-1.E0,0.E0,0.E0));
#9251=VECTOR('',#9250,5.E-3);
#9252=CARTESIAN_POINT('',(6.5E-2,-1.E-2,1.2E-2));
#9253=LINE('',#9252,#9251);
#9254=DIRECTION('',(0.E0,-1.E0,0.E0));
#9255=VECTOR('',#9254,2.E-2);
#9256=CARTESIAN_POINT('',(6.E-2,1.E-2,1.2E-2));
#9257=LINE('',#9256,#9255);
#9258=DIRECTION('',(-1.E0,0.E0,0.E0));
#9259=VECTOR('',#9258,5.E-3);
#9260=CARTESIAN_POINT('',(6.5E-2,1.4E-2,1.2E-2));
#9261=LINE('',#9260,#9259);
#9262=DIRECTION('',(0.E0,-1.E0,0.E0));
#9263=VECTOR('',#9262,2.E-2);
#9264=CARTESIAN_POINT('',(6.E-2,3.4E-2,1.2E-2));
#9265=LINE('',#9264,#9263);
#9266=DIRECTION('',(-1.E0,0.E0,0.E0));
#9267=VECTOR('',#9266,5.E-3);
#9268=CARTESIAN_POINT('',(6.5E-2,3.4E-2,1.2E-2));
#9269=LINE('',#9268,#9267);
#9270=DIRECTION('',(-1.E0,0.E0,0.E0));
#9271=VECTOR('',#9270,5.E-3);
#9272=CARTESIAN_POINT('',(6.5E-2,-1.4E-2,1.2E-2));
#9273=LINE('',#9272,#9271);
#9274=DIRECTION('',(-1.E0,0.E0,0.E0));
#9275=VECTOR('',#9274,5.E-3);
#9276=CARTESIAN_POINT('',(6.5E-2,-3.4E-2,1.2E-2));
#9277=LINE('',#9276,#9275);
#9278=DIRECTION('',(0.E0,-1.E0,0.E0));
#9279=VECTOR('',#9278,2.E-2);
#9280=CARTESIAN_POINT('',(6.E-2,-1.4E-2,1.2E-2));
#9281=LINE('',#9280,#9279);
#9282=DIRECTION('',(-1.E0,0.E0,0.E0));
#9283=VECTOR('',#9282,5.E-3);
#9284=CARTESIAN_POINT('',(6.5E-2,3.8E-2,1.2E-2));
#9285=LINE('',#9284,#9283);
#9286=DIRECTION('',(0.E0,-1.E0,0.E0));
#9287=VECTOR('',#9286,2.E-2);
#9288=CARTESIAN_POINT('',(6.E-2,5.8E-2,1.2E-2));
#9289=LINE('',#9288,#9287);
#9290=DIRECTION('',(-1.E0,0.E0,0.E0));
#9291=VECTOR('',#9290,5.E-3);
#9292=CARTESIAN_POINT('',(6.5E-2,5.8E-2,1.2E-2));
#9293=LINE('',#9292,#9291);
#9294=DIRECTION('',(-1.E0,0.E0,0.E0));
#9295=VECTOR('',#9294,5.E-3);
#9296=CARTESIAN_POINT('',(6.5E-2,-3.8E-2,1.2E-2));
#9297=LINE('',#9296,#9295);
#9298=DIRECTION('',(-1.E0,0.E0,0.E0));
#9299=VECTOR('',#9298,5.E-3);
#9300=CARTESIAN_POINT('',(6.5E-2,-5.8E-2,1.2E-2));
#9301=LINE('',#9300,#9299);
#9302=DIRECTION('',(0.E0,-1.E0,0.E0));
#9303=VECTOR('',#9302,2.E-2);
#9304=CARTESIAN_POINT('',(6.E-2,-3.8E-2,1.2E-2));
#9305=LINE('',#9304,#9303);
#9306=DIRECTION('',(0.E0,1.E0,0.E0));
#9307=VECTOR('',#9306,5.E-3);
#9308=CARTESIAN_POINT('',(2.4E-2,-6.5E-2,1.2E-2));
#9309=LINE('',#9308,#9307);
#9310=DIRECTION('',(0.E0,1.E0,0.E0));
#9311=VECTOR('',#9310,5.E-3);
#9312=CARTESIAN_POINT('',(2.E-3,-6.5E-2,1.2E-2));
#9313=LINE('',#9312,#9311);
#9314=DIRECTION('',(-1.E0,0.E0,0.E0));
#9315=VECTOR('',#9314,2.2E-2);
#9316=CARTESIAN_POINT('',(2.4E-2,-6.E-2,1.2E-2));
#9317=LINE('',#9316,#9315);
#9318=DIRECTION('',(-1.E0,0.E0,0.E0));
#9319=VECTOR('',#9318,2.2E-2);
#9320=CARTESIAN_POINT('',(-2.E-3,-6.E-2,1.2E-2));
#9321=LINE('',#9320,#9319);
#9322=DIRECTION('',(0.E0,1.E0,0.E0));
#9323=VECTOR('',#9322,5.E-3);
#9324=CARTESIAN_POINT('',(-2.E-3,-6.5E-2,1.2E-2));
#9325=LINE('',#9324,#9323);
#9326=DIRECTION('',(0.E0,1.E0,0.E0));
#9327=VECTOR('',#9326,5.E-3);
#9328=CARTESIAN_POINT('',(-2.4E-2,-6.5E-2,1.2E-2));
#9329=LINE('',#9328,#9327);
#9330=DIRECTION('',(0.E0,1.E0,0.E0));
#9331=VECTOR('',#9330,2.E-2);
#9332=CARTESIAN_POINT('',(-6.E-2,-5.8E-2,1.2E-2));
#9333=LINE('',#9332,#9331);
#9334=DIRECTION('',(1.E0,0.E0,0.E0));
#9335=VECTOR('',#9334,5.E-3);
#9336=CARTESIAN_POINT('',(-6.5E-2,-5.8E-2,1.2E-2));
#9337=LINE('',#9336,#9335);
#9338=DIRECTION('',(1.E0,0.E0,0.E0));
#9339=VECTOR('',#9338,5.E-3);
#9340=CARTESIAN_POINT('',(-6.5E-2,-3.8E-2,1.2E-2));
#9341=LINE('',#9340,#9339);
#9342=DIRECTION('',(0.E0,1.E0,0.E0));
#9343=VECTOR('',#9342,2.E-2);
#9344=CARTESIAN_POINT('',(-6.E-2,-3.4E-2,1.2E-2));
#9345=LINE('',#9344,#9343);
#9346=DIRECTION('',(1.E0,0.E0,0.E0));
#9347=VECTOR('',#9346,5.E-3);
#9348=CARTESIAN_POINT('',(-6.5E-2,-3.4E-2,1.2E-2));
#9349=LINE('',#9348,#9347);
#9350=DIRECTION('',(1.E0,0.E0,0.E0));
#9351=VECTOR('',#9350,5.E-3);
#9352=CARTESIAN_POINT('',(-6.5E-2,-1.4E-2,1.2E-2));
#9353=LINE('',#9352,#9351);
#9354=DIRECTION('',(1.E0,0.E0,0.E0));
#9355=VECTOR('',#9354,5.E-3);
#9356=CARTESIAN_POINT('',(-6.5E-2,5.8E-2,1.2E-2));
#9357=LINE('',#9356,#9355);
#9358=DIRECTION('',(0.E0,1.E0,0.E0));
#9359=VECTOR('',#9358,2.E-2);
#9360=CARTESIAN_POINT('',(-6.E-2,3.8E-2,1.2E-2));
#9361=LINE('',#9360,#9359);
#9362=DIRECTION('',(1.E0,0.E0,0.E0));
#9363=VECTOR('',#9362,5.E-3);
#9364=CARTESIAN_POINT('',(-6.5E-2,3.8E-2,1.2E-2));
#9365=LINE('',#9364,#9363);
#9366=DIRECTION('',(1.E0,0.E0,0.E0));
#9367=VECTOR('',#9366,5.E-3);
#9368=CARTESIAN_POINT('',(-6.5E-2,3.4E-2,1.2E-2));
#9369=LINE('',#9368,#9367);
#9370=DIRECTION('',(0.E0,1.E0,0.E0));
#9371=VECTOR('',#9370,2.E-2);
#9372=CARTESIAN_POINT('',(-6.E-2,1.4E-2,1.2E-2));
#9373=LINE('',#9372,#9371);
#9374=DIRECTION('',(1.E0,0.E0,0.E0));
#9375=VECTOR('',#9374,5.E-3);
#9376=CARTESIAN_POINT('',(-6.5E-2,1.4E-2,1.2E-2));
#9377=LINE('',#9376,#9375);
#9378=DIRECTION('',(1.E0,0.E0,0.E0));
#9379=VECTOR('',#9378,5.E-3);
#9380=CARTESIAN_POINT('',(-6.5E-2,1.E-2,1.2E-2));
#9381=LINE('',#9380,#9379);
#9382=DIRECTION('',(0.E0,1.E0,0.E0));
#9383=VECTOR('',#9382,2.E-2);
#9384=CARTESIAN_POINT('',(-6.E-2,-1.E-2,1.2E-2));
#9385=LINE('',#9384,#9383);
#9386=DIRECTION('',(1.E0,0.E0,0.E0));
#9387=VECTOR('',#9386,5.E-3);
#9388=CARTESIAN_POINT('',(-6.5E-2,-1.E-2,1.2E-2));
#9389=LINE('',#9388,#9387);
#9390=DIRECTION('',(0.E0,0.E0,-1.E0));
#9391=VECTOR('',#9390,1.2E-2);
#9392=CARTESIAN_POINT('',(-2.4E-2,6.E-2,1.2E-2));
#9393=LINE('',#9392,#9391);
#9394=DIRECTION('',(0.E0,0.E0,-1.E0));
#9395=VECTOR('',#9394,1.2E-2);
#9396=CARTESIAN_POINT('',(6.E-2,1.E-2,1.2E-2));
#9397=LINE('',#9396,#9395);
#9398=DIRECTION('',(0.E0,0.E0,1.E0));
#9399=VECTOR('',#9398,1.2E-2);
#9400=CARTESIAN_POINT('',(6.5E-2,-5.8E-2,0.E0));
#9401=LINE('',#9400,#9399);
#9402=DIRECTION('',(0.E0,1.E0,0.E0));
#9403=VECTOR('',#9402,2.E-2);
#9404=CARTESIAN_POINT('',(6.5E-2,-5.8E-2,1.2E-2));
#9405=LINE('',#9404,#9403);
#9406=DIRECTION('',(0.E0,0.E0,1.E0));
#9407=VECTOR('',#9406,1.2E-2);
#9408=CARTESIAN_POINT('',(6.5E-2,-3.8E-2,0.E0));
#9409=LINE('',#9408,#9407);
#9410=DIRECTION('',(0.E0,0.E0,1.E0));
#9411=VECTOR('',#9410,1.2E-2);
#9412=CARTESIAN_POINT('',(6.5E-2,-3.4E-2,0.E0));
#9413=LINE('',#9412,#9411);
#9414=DIRECTION('',(0.E0,1.E0,0.E0));
#9415=VECTOR('',#9414,2.E-2);
#9416=CARTESIAN_POINT('',(6.5E-2,-3.4E-2,1.2E-2));
#9417=LINE('',#9416,#9415);
#9418=DIRECTION('',(0.E0,0.E0,1.E0));
#9419=VECTOR('',#9418,1.2E-2);
#9420=CARTESIAN_POINT('',(6.5E-2,-1.4E-2,0.E0));
#9421=LINE('',#9420,#9419);
#9422=DIRECTION('',(0.E0,0.E0,1.E0));
#9423=VECTOR('',#9422,1.2E-2);
#9424=CARTESIAN_POINT('',(6.5E-2,1.E-2,0.E0));
#9425=LINE('',#9424,#9423);
#9426=DIRECTION('',(0.E0,0.E0,1.E0));
#9427=VECTOR('',#9426,1.2E-2);
#9428=CARTESIAN_POINT('',(6.5E-2,-1.E-2,0.E0));
#9429=LINE('',#9428,#9427);
#9430=DIRECTION('',(0.E0,1.E0,0.E0));
#9431=VECTOR('',#9430,2.E-2);
#9432=CARTESIAN_POINT('',(6.5E-2,-1.E-2,1.2E-2));
#9433=LINE('',#9432,#9431);
#9434=DIRECTION('',(0.E0,0.E0,1.E0));
#9435=VECTOR('',#9434,1.2E-2);
#9436=CARTESIAN_POINT('',(6.5E-2,1.4E-2,0.E0));
#9437=LINE('',#9436,#9435);
#9438=DIRECTION('',(0.E0,1.E0,0.E0));
#9439=VECTOR('',#9438,2.E-2);
#9440=CARTESIAN_POINT('',(6.5E-2,1.4E-2,1.2E-2));
#9441=LINE('',#9440,#9439);
#9442=DIRECTION('',(0.E0,0.E0,1.E0));
#9443=VECTOR('',#9442,1.2E-2);
#9444=CARTESIAN_POINT('',(6.5E-2,3.4E-2,0.E0));
#9445=LINE('',#9444,#9443);
#9446=DIRECTION('',(0.E0,0.E0,1.E0));
#9447=VECTOR('',#9446,1.2E-2);
#9448=CARTESIAN_POINT('',(6.5E-2,3.8E-2,0.E0));
#9449=LINE('',#9448,#9447);
#9450=DIRECTION('',(0.E0,1.E0,0.E0));
#9451=VECTOR('',#9450,2.E-2);
#9452=CARTESIAN_POINT('',(6.5E-2,3.8E-2,1.2E-2));
#9453=LINE('',#9452,#9451);
#9454=DIRECTION('',(0.E0,0.E0,1.E0));
#9455=VECTOR('',#9454,1.2E-2);
#9456=CARTESIAN_POINT('',(6.5E-2,5.8E-2,0.E0));
#9457=LINE('',#9456,#9455);
#9458=DIRECTION('',(0.E0,0.E0,-1.E0));
#9459=VECTOR('',#9458,1.2E-2);
#9460=CARTESIAN_POINT('',(6.E-2,-1.E-2,1.2E-2));
#9461=LINE('',#9460,#9459);
#9462=DIRECTION('',(0.E0,0.E0,-1.E0));
#9463=VECTOR('',#9462,1.2E-2);
#9464=CARTESIAN_POINT('',(6.E-2,-3.4E-2,1.2E-2));
#9465=LINE('',#9464,#9463);
#9466=DIRECTION('',(0.E0,0.E0,-1.E0));
#9467=VECTOR('',#9466,1.2E-2);
#9468=CARTESIAN_POINT('',(6.E-2,-5.8E-2,1.2E-2));
#9469=LINE('',#9468,#9467);
#9470=DIRECTION('',(0.E0,0.E0,-1.E0));
#9471=VECTOR('',#9470,4.2E-2);
#9472=CARTESIAN_POINT('',(6.E-2,6.E-2,4.2E-2));
#9473=LINE('',#9472,#9471);
#9474=DIRECTION('',(0.E0,0.E0,-1.E0));
#9475=VECTOR('',#9474,1.2E-2);
#9476=CARTESIAN_POINT('',(6.E-2,3.8E-2,1.2E-2));
#9477=LINE('',#9476,#9475);
#9478=DIRECTION('',(0.E0,0.E0,-1.E0));
#9479=VECTOR('',#9478,1.2E-2);
#9480=CARTESIAN_POINT('',(6.E-2,1.4E-2,1.2E-2));
#9481=LINE('',#9480,#9479);
#9482=DIRECTION('',(0.E0,0.E0,-1.E0));
#9483=VECTOR('',#9482,1.2E-2);
#9484=CARTESIAN_POINT('',(6.E-2,-1.4E-2,1.2E-2));
#9485=LINE('',#9484,#9483);
#9486=DIRECTION('',(0.E0,0.E0,-1.E0));
#9487=VECTOR('',#9486,1.2E-2);
#9488=CARTESIAN_POINT('',(6.E-2,-3.8E-2,1.2E-2));
#9489=LINE('',#9488,#9487);
#9490=DIRECTION('',(0.E0,0.E0,-1.E0));
#9491=VECTOR('',#9490,1.2E-2);
#9492=CARTESIAN_POINT('',(-2.4E-2,-6.E-2,1.2E-2));
#9493=LINE('',#9492,#9491);
#9494=DIRECTION('',(0.E0,0.E0,-1.E0));
#9495=VECTOR('',#9494,4.2E-2);
#9496=CARTESIAN_POINT('',(6.E-2,-6.E-2,4.2E-2));
#9497=LINE('',#9496,#9495);
#9498=DIRECTION('',(0.E0,0.E0,-1.E0));
#9499=VECTOR('',#9498,1.2E-2);
#9500=CARTESIAN_POINT('',(2.E-3,-6.E-2,1.2E-2));
#9501=LINE('',#9500,#9499);
#9502=DIRECTION('',(0.E0,0.E0,1.E0));
#9503=VECTOR('',#9502,1.2E-2);
#9504=CARTESIAN_POINT('',(-2.4E-2,-6.5E-2,0.E0));
#9505=LINE('',#9504,#9503);
#9506=DIRECTION('',(1.E0,0.E0,0.E0));
#9507=VECTOR('',#9506,2.2E-2);
#9508=CARTESIAN_POINT('',(-2.4E-2,-6.5E-2,1.2E-2));
#9509=LINE('',#9508,#9507);
#9510=DIRECTION('',(0.E0,0.E0,1.E0));
#9511=VECTOR('',#9510,1.2E-2);
#9512=CARTESIAN_POINT('',(-2.E-3,-6.5E-2,0.E0));
#9513=LINE('',#9512,#9511);
#9514=DIRECTION('',(0.E0,0.E0,1.E0));
#9515=VECTOR('',#9514,1.2E-2);
#9516=CARTESIAN_POINT('',(2.E-3,-6.5E-2,0.E0));
#9517=LINE('',#9516,#9515);
#9518=DIRECTION('',(1.E0,0.E0,0.E0));
#9519=VECTOR('',#9518,2.2E-2);
#9520=CARTESIAN_POINT('',(2.E-3,-6.5E-2,1.2E-2));
#9521=LINE('',#9520,#9519);
#9522=DIRECTION('',(0.E0,0.E0,1.E0));
#9523=VECTOR('',#9522,1.2E-2);
#9524=CARTESIAN_POINT('',(2.4E-2,-6.5E-2,0.E0));
#9525=LINE('',#9524,#9523);
#9526=DIRECTION('',(0.E0,0.E0,-1.E0));
#9527=VECTOR('',#9526,1.2E-2);
#9528=CARTESIAN_POINT('',(-2.E-3,-6.E-2,1.2E-2));
#9529=LINE('',#9528,#9527);
#9530=DIRECTION('',(0.E0,0.E0,-1.E0));
#9531=VECTOR('',#9530,1.2E-2);
#9532=CARTESIAN_POINT('',(2.4E-2,-6.E-2,1.2E-2));
#9533=LINE('',#9532,#9531);
#9534=DIRECTION('',(0.E0,0.E0,-1.E0));
#9535=VECTOR('',#9534,1.2E-2);
#9536=CARTESIAN_POINT('',(-6.E-2,-1.4E-2,1.2E-2));
#9537=LINE('',#9536,#9535);
#9538=DIRECTION('',(0.E0,0.E0,-1.E0));
#9539=VECTOR('',#9538,1.2E-2);
#9540=CARTESIAN_POINT('',(-6.E-2,1.E-2,1.2E-2));
#9541=LINE('',#9540,#9539);
#9542=DIRECTION('',(0.E0,0.E0,-1.E0));
#9543=VECTOR('',#9542,1.2E-2);
#9544=CARTESIAN_POINT('',(-6.E-2,3.4E-2,1.2E-2));
#9545=LINE('',#9544,#9543);
#9546=DIRECTION('',(0.E0,0.E0,-1.E0));
#9547=VECTOR('',#9546,1.2E-2);
#9548=CARTESIAN_POINT('',(-6.E-2,5.8E-2,1.2E-2));
#9549=LINE('',#9548,#9547);
#9550=DIRECTION('',(0.E0,0.E0,1.E0));
#9551=VECTOR('',#9550,4.2E-2);
#9552=CARTESIAN_POINT('',(-6.E-2,6.E-2,0.E0));
#9553=LINE('',#9552,#9551);
#9554=DIRECTION('',(0.E0,0.E0,-1.E0));
#9555=VECTOR('',#9554,4.2E-2);
#9556=CARTESIAN_POINT('',(-6.E-2,-6.E-2,4.2E-2));
#9557=LINE('',#9556,#9555);
#9558=DIRECTION('',(0.E0,0.E0,-1.E0));
#9559=VECTOR('',#9558,1.2E-2);
#9560=CARTESIAN_POINT('',(-6.E-2,-3.8E-2,1.2E-2));
#9561=LINE('',#9560,#9559);
#9562=DIRECTION('',(0.E0,0.E0,1.E0));
#9563=VECTOR('',#9562,1.2E-2);
#9564=CARTESIAN_POINT('',(-6.5E-2,5.8E-2,0.E0));
#9565=LINE('',#9564,#9563);
#9566=DIRECTION('',(0.E0,-1.E0,0.E0));
#9567=VECTOR('',#9566,2.E-2);
#9568=CARTESIAN_POINT('',(-6.5E-2,5.8E-2,1.2E-2));
#9569=LINE('',#9568,#9567);
#9570=DIRECTION('',(0.E0,0.E0,1.E0));
#9571=VECTOR('',#9570,1.2E-2);
#9572=CARTESIAN_POINT('',(-6.5E-2,3.8E-2,0.E0));
#9573=LINE('',#9572,#9571);
#9574=DIRECTION('',(0.E0,0.E0,1.E0));
#9575=VECTOR('',#9574,1.2E-2);
#9576=CARTESIAN_POINT('',(-6.5E-2,3.4E-2,0.E0));
#9577=LINE('',#9576,#9575);
#9578=DIRECTION('',(0.E0,-1.E0,0.E0));
#9579=VECTOR('',#9578,2.E-2);
#9580=CARTESIAN_POINT('',(-6.5E-2,3.4E-2,1.2E-2));
#9581=LINE('',#9580,#9579);
#9582=DIRECTION('',(0.E0,0.E0,1.E0));
#9583=VECTOR('',#9582,1.2E-2);
#9584=CARTESIAN_POINT('',(-6.5E-2,1.4E-2,0.E0));
#9585=LINE('',#9584,#9583);
#9586=DIRECTION('',(0.E0,0.E0,1.E0));
#9587=VECTOR('',#9586,1.2E-2);
#9588=CARTESIAN_POINT('',(-6.5E-2,1.E-2,0.E0));
#9589=LINE('',#9588,#9587);
#9590=DIRECTION('',(0.E0,-1.E0,0.E0));
#9591=VECTOR('',#9590,2.E-2);
#9592=CARTESIAN_POINT('',(-6.5E-2,1.E-2,1.2E-2));
#9593=LINE('',#9592,#9591);
#9594=DIRECTION('',(0.E0,0.E0,1.E0));
#9595=VECTOR('',#9594,1.2E-2);
#9596=CARTESIAN_POINT('',(-6.5E-2,-1.E-2,0.E0));
#9597=LINE('',#9596,#9595);
#9598=DIRECTION('',(0.E0,0.E0,1.E0));
#9599=VECTOR('',#9598,1.2E-2);
#9600=CARTESIAN_POINT('',(-6.5E-2,-1.4E-2,0.E0));
#9601=LINE('',#9600,#9599);
#9602=DIRECTION('',(0.E0,-1.E0,0.E0));
#9603=VECTOR('',#9602,2.E-2);
#9604=CARTESIAN_POINT('',(-6.5E-2,-1.4E-2,1.2E-2));
#9605=LINE('',#9604,#9603);
#9606=DIRECTION('',(0.E0,0.E0,1.E0));
#9607=VECTOR('',#9606,1.2E-2);
#9608=CARTESIAN_POINT('',(-6.5E-2,-3.4E-2,0.E0));
#9609=LINE('',#9608,#9607);
#9610=DIRECTION('',(0.E0,0.E0,1.E0));
#9611=VECTOR('',#9610,1.2E-2);
#9612=CARTESIAN_POINT('',(-6.5E-2,-3.8E-2,0.E0));
#9613=LINE('',#9612,#9611);
#9614=DIRECTION('',(0.E0,-1.E0,0.E0));
#9615=VECTOR('',#9614,2.E-2);
#9616=CARTESIAN_POINT('',(-6.5E-2,-3.8E-2,1.2E-2));
#9617=LINE('',#9616,#9615);
#9618=DIRECTION('',(0.E0,0.E0,1.E0));
#9619=VECTOR('',#9618,1.2E-2);
#9620=CARTESIAN_POINT('',(-6.5E-2,-5.8E-2,0.E0));
#9621=LINE('',#9620,#9619);
#9622=DIRECTION('',(0.E0,0.E0,-1.E0));
#9623=VECTOR('',#9622,1.2E-2);
#9624=CARTESIAN_POINT('',(-6.E-2,3.8E-2,1.2E-2));
#9625=LINE('',#9624,#9623);
#9626=DIRECTION('',(0.E0,0.E0,-1.E0));
#9627=VECTOR('',#9626,1.2E-2);
#9628=CARTESIAN_POINT('',(-6.E-2,1.4E-2,1.2E-2));
#9629=LINE('',#9628,#9627);
#9630=DIRECTION('',(0.E0,0.E0,-1.E0));
#9631=VECTOR('',#9630,1.2E-2);
#9632=CARTESIAN_POINT('',(-6.E-2,-1.E-2,1.2E-2));
#9633=LINE('',#9632,#9631);
#9634=DIRECTION('',(0.E0,0.E0,-1.E0));
#9635=VECTOR('',#9634,1.2E-2);
#9636=CARTESIAN_POINT('',(-6.E-2,-3.4E-2,1.2E-2));
#9637=LINE('',#9636,#9635);
#9638=DIRECTION('',(0.E0,0.E0,-1.E0));
#9639=VECTOR('',#9638,1.2E-2);
#9640=CARTESIAN_POINT('',(-6.E-2,-5.8E-2,1.2E-2));
#9641=LINE('',#9640,#9639);
#9642=DIRECTION('',(1.E0,0.E0,0.E0));
#9643=VECTOR('',#9642,1.2E-1);
#9644=CARTESIAN_POINT('',(-6.E-2,6.E-2,4.2E-2));
#9645=LINE('',#9644,#9643);
#9646=DIRECTION('',(0.E0,-1.E0,0.E0));
#9647=VECTOR('',#9646,1.2E-1);
#9648=CARTESIAN_POINT('',(6.E-2,6.E-2,4.2E-2));
#9649=LINE('',#9648,#9647);
#9650=DIRECTION('',(-1.E0,0.E0,0.E0));
#9651=VECTOR('',#9650,1.2E-1);
#9652=CARTESIAN_POINT('',(6.E-2,-6.E-2,4.2E-2));
#9653=LINE('',#9652,#9651);
#9654=DIRECTION('',(0.E0,1.E0,0.E0));
#9655=VECTOR('',#9654,1.2E-1);
#9656=CARTESIAN_POINT('',(-6.E-2,-6.E-2,4.2E-2));
#9657=LINE('',#9656,#9655);
#9658=DIRECTION('',(0.E0,0.E0,-1.E0));
#9659=VECTOR('',#9658,1.2E-2);
#9660=CARTESIAN_POINT('',(6.E-2,5.8E-2,1.2E-2));
#9661=LINE('',#9660,#9659);
#9662=DIRECTION('',(0.E0,0.E0,-1.E0));
#9663=VECTOR('',#9662,1.2E-2);
#9664=CARTESIAN_POINT('',(6.E-2,3.4E-2,1.2E-2));
#9665=LINE('',#9664,#9663);
#9666=CARTESIAN_POINT('',(-6.E-2,6.E-2,4.2E-2));
#9667=CARTESIAN_POINT('',(6.E-2,6.E-2,4.2E-2));
#9668=VERTEX_POINT('',#9666);
#9669=VERTEX_POINT('',#9667);
#9670=CARTESIAN_POINT('',(6.E-2,-6.E-2,4.2E-2));
#9671=VERTEX_POINT('',#9670);
#9672=CARTESIAN_POINT('',(-6.E-2,-6.E-2,4.2E-2));
#9673=VERTEX_POINT('',#9672);
#9674=CARTESIAN_POINT('',(2.E-3,6.5E-2,0.E0));
#9675=CARTESIAN_POINT('',(2.E-3,6.E-2,0.E0));
#9676=VERTEX_POINT('',#9674);
#9677=VERTEX_POINT('',#9675);
#9678=CARTESIAN_POINT('',(-2.E-3,6.5E-2,0.E0));
#9679=CARTESIAN_POINT('',(-2.E-3,6.E-2,0.E0));
#9680=VERTEX_POINT('',#9678);
#9681=VERTEX_POINT('',#9679);
#9682=CARTESIAN_POINT('',(6.5E-2,1.E-2,0.E0));
#9683=CARTESIAN_POINT('',(6.E-2,1.E-2,0.E0));
#9684=VERTEX_POINT('',#9682);
#9685=VERTEX_POINT('',#9683);
#9686=CARTESIAN_POINT('',(6.5E-2,1.4E-2,0.E0));
#9687=CARTESIAN_POINT('',(6.E-2,1.4E-2,0.E0));
#9688=VERTEX_POINT('',#9686);
#9689=VERTEX_POINT('',#9687);
#9690=CARTESIAN_POINT('',(6.E-2,-1.E-2,0.E0));
#9691=CARTESIAN_POINT('',(6.E-2,-1.4E-2,0.E0));
#9692=VERTEX_POINT('',#9690);
#9693=VERTEX_POINT('',#9691);
#9694=CARTESIAN_POINT('',(6.5E-2,-1.4E-2,0.E0));
#9695=VERTEX_POINT('',#9694);
#9696=CARTESIAN_POINT('',(6.5E-2,-1.E-2,0.E0));
#9697=VERTEX_POINT('',#9696);
#9698=CARTESIAN_POINT('',(6.5E-2,3.4E-2,0.E0));
#9699=CARTESIAN_POINT('',(6.E-2,3.4E-2,0.E0));
#9700=VERTEX_POINT('',#9698);
#9701=VERTEX_POINT('',#9699);
#9702=CARTESIAN_POINT('',(6.5E-2,3.8E-2,0.E0));
#9703=CARTESIAN_POINT('',(6.E-2,3.8E-2,0.E0));
#9704=VERTEX_POINT('',#9702);
#9705=VERTEX_POINT('',#9703);
#9706=CARTESIAN_POINT('',(6.5E-2,5.8E-2,0.E0));
#9707=CARTESIAN_POINT('',(6.E-2,5.8E-2,0.E0));
#9708=VERTEX_POINT('',#9706);
#9709=VERTEX_POINT('',#9707);
#9710=CARTESIAN_POINT('',(2.4E-2,6.5E-2,0.E0));
#9711=CARTESIAN_POINT('',(2.4E-2,6.E-2,0.E0));
#9712=VERTEX_POINT('',#9710);
#9713=VERTEX_POINT('',#9711);
#9714=CARTESIAN_POINT('',(6.E-2,6.E-2,0.E0));
#9715=VERTEX_POINT('',#9714);
#9716=CARTESIAN_POINT('',(6.E-2,-3.4E-2,0.E0));
#9717=CARTESIAN_POINT('',(6.E-2,-3.8E-2,0.E0));
#9718=VERTEX_POINT('',#9716);
#9719=VERTEX_POINT('',#9717);
#9720=CARTESIAN_POINT('',(6.5E-2,-3.8E-2,0.E0));
#9721=VERTEX_POINT('',#9720);
#9722=CARTESIAN_POINT('',(6.5E-2,-3.4E-2,0.E0));
#9723=VERTEX_POINT('',#9722);
#9724=CARTESIAN_POINT('',(6.E-2,-5.8E-2,0.E0));
#9725=CARTESIAN_POINT('',(6.E-2,-6.E-2,0.E0));
#9726=VERTEX_POINT('',#9724);
#9727=VERTEX_POINT('',#9725);
#9728=CARTESIAN_POINT('',(2.4E-2,-6.E-2,0.E0));
#9729=VERTEX_POINT('',#9728);
#9730=CARTESIAN_POINT('',(2.4E-2,-6.5E-2,0.E0));
#9731=VERTEX_POINT('',#9730);
#9732=CARTESIAN_POINT('',(6.5E-2,-5.8E-2,0.E0));
#9733=VERTEX_POINT('',#9732);
#9734=CARTESIAN_POINT('',(2.E-3,6.5E-2,1.2E-2));
#9735=CARTESIAN_POINT('',(2.E-3,6.E-2,1.2E-2));
#9736=VERTEX_POINT('',#9734);
#9737=VERTEX_POINT('',#9735);
#9738=CARTESIAN_POINT('',(-2.E-3,6.5E-2,1.2E-2));
#9739=CARTESIAN_POINT('',(-2.E-3,6.E-2,1.2E-2));
#9740=VERTEX_POINT('',#9738);
#9741=VERTEX_POINT('',#9739);
#9742=CARTESIAN_POINT('',(6.5E-2,1.E-2,1.2E-2));
#9743=CARTESIAN_POINT('',(6.E-2,1.E-2,1.2E-2));
#9744=VERTEX_POINT('',#9742);
#9745=VERTEX_POINT('',#9743);
#9746=CARTESIAN_POINT('',(6.5E-2,1.4E-2,1.2E-2));
#9747=CARTESIAN_POINT('',(6.E-2,1.4E-2,1.2E-2));
#9748=VERTEX_POINT('',#9746);
#9749=VERTEX_POINT('',#9747);
#9750=CARTESIAN_POINT('',(6.5E-2,-1.4E-2,1.2E-2));
#9751=CARTESIAN_POINT('',(6.E-2,-1.4E-2,1.2E-2));
#9752=VERTEX_POINT('',#9750);
#9753=VERTEX_POINT('',#9751);
#9754=CARTESIAN_POINT('',(6.5E-2,-1.E-2,1.2E-2));
#9755=CARTESIAN_POINT('',(6.E-2,-1.E-2,1.2E-2));
#9756=VERTEX_POINT('',#9754);
#9757=VERTEX_POINT('',#9755);
#9758=CARTESIAN_POINT('',(6.5E-2,3.4E-2,1.2E-2));
#9759=CARTESIAN_POINT('',(6.E-2,3.4E-2,1.2E-2));
#9760=VERTEX_POINT('',#9758);
#9761=VERTEX_POINT('',#9759);
#9762=CARTESIAN_POINT('',(6.5E-2,3.8E-2,1.2E-2));
#9763=CARTESIAN_POINT('',(6.E-2,3.8E-2,1.2E-2));
#9764=VERTEX_POINT('',#9762);
#9765=VERTEX_POINT('',#9763);
#9766=CARTESIAN_POINT('',(6.5E-2,5.8E-2,1.2E-2));
#9767=CARTESIAN_POINT('',(6.E-2,5.8E-2,1.2E-2));
#9768=VERTEX_POINT('',#9766);
#9769=VERTEX_POINT('',#9767);
#9770=CARTESIAN_POINT('',(2.4E-2,6.5E-2,1.2E-2));
#9771=CARTESIAN_POINT('',(2.4E-2,6.E-2,1.2E-2));
#9772=VERTEX_POINT('',#9770);
#9773=VERTEX_POINT('',#9771);
#9774=CARTESIAN_POINT('',(6.5E-2,-3.8E-2,1.2E-2));
#9775=CARTESIAN_POINT('',(6.E-2,-3.8E-2,1.2E-2));
#9776=VERTEX_POINT('',#9774);
#9777=VERTEX_POINT('',#9775);
#9778=CARTESIAN_POINT('',(6.5E-2,-3.4E-2,1.2E-2));
#9779=CARTESIAN_POINT('',(6.E-2,-3.4E-2,1.2E-2));
#9780=VERTEX_POINT('',#9778);
#9781=VERTEX_POINT('',#9779);
#9782=CARTESIAN_POINT('',(2.4E-2,-6.5E-2,1.2E-2));
#9783=CARTESIAN_POINT('',(2.4E-2,-6.E-2,1.2E-2));
#9784=VERTEX_POINT('',#9782);
#9785=VERTEX_POINT('',#9783);
#9786=CARTESIAN_POINT('',(6.5E-2,-5.8E-2,1.2E-2));
#9787=CARTESIAN_POINT('',(6.E-2,-5.8E-2,1.2E-2));
#9788=VERTEX_POINT('',#9786);
#9789=VERTEX_POINT('',#9787);
#9790=CARTESIAN_POINT('',(-2.4E-2,-6.5E-2,0.E0));
#9791=CARTESIAN_POINT('',(-2.E-3,-6.5E-2,0.E0));
#9792=VERTEX_POINT('',#9790);
#9793=VERTEX_POINT('',#9791);
#9794=CARTESIAN_POINT('',(2.E-3,-6.5E-2,0.E0));
#9795=VERTEX_POINT('',#9794);
#9796=CARTESIAN_POINT('',(-6.5E-2,5.8E-2,0.E0));
#9797=CARTESIAN_POINT('',(-6.5E-2,3.8E-2,0.E0));
#9798=VERTEX_POINT('',#9796);
#9799=VERTEX_POINT('',#9797);
#9800=CARTESIAN_POINT('',(-6.5E-2,3.4E-2,0.E0));
#9801=CARTESIAN_POINT('',(-6.5E-2,1.4E-2,0.E0));
#9802=VERTEX_POINT('',#9800);
#9803=VERTEX_POINT('',#9801);
#9804=CARTESIAN_POINT('',(2.E-3,-6.E-2,1.2E-2));
#9805=VERTEX_POINT('',#9804);
#9806=CARTESIAN_POINT('',(-2.E-3,-6.E-2,1.2E-2));
#9807=CARTESIAN_POINT('',(-2.4E-2,-6.E-2,1.2E-2));
#9808=VERTEX_POINT('',#9806);
#9809=VERTEX_POINT('',#9807);
#9810=CARTESIAN_POINT('',(-6.E-2,-5.8E-2,1.2E-2));
#9811=CARTESIAN_POINT('',(-6.E-2,-3.8E-2,1.2E-2));
#9812=VERTEX_POINT('',#9810);
#9813=VERTEX_POINT('',#9811);
#9814=CARTESIAN_POINT('',(-6.E-2,-3.4E-2,1.2E-2));
#9815=CARTESIAN_POINT('',(-6.E-2,-1.4E-2,1.2E-2));
#9816=VERTEX_POINT('',#9814);
#9817=VERTEX_POINT('',#9815);
#9818=CARTESIAN_POINT('',(-2.4E-2,-6.5E-2,1.2E-2));
#9819=CARTESIAN_POINT('',(-2.E-3,-6.5E-2,1.2E-2));
#9820=VERTEX_POINT('',#9818);
#9821=VERTEX_POINT('',#9819);
#9822=CARTESIAN_POINT('',(2.E-3,-6.5E-2,1.2E-2));
#9823=VERTEX_POINT('',#9822);
#9824=CARTESIAN_POINT('',(-6.5E-2,5.8E-2,1.2E-2));
#9825=CARTESIAN_POINT('',(-6.5E-2,3.8E-2,1.2E-2));
#9826=VERTEX_POINT('',#9824);
#9827=VERTEX_POINT('',#9825);
#9828=CARTESIAN_POINT('',(-6.5E-2,3.4E-2,1.2E-2));
#9829=CARTESIAN_POINT('',(-6.5E-2,1.4E-2,1.2E-2));
#9830=VERTEX_POINT('',#9828);
#9831=VERTEX_POINT('',#9829);
#9832=CARTESIAN_POINT('',(-6.E-2,1.E-2,0.E0));
#9833=CARTESIAN_POINT('',(-6.E-2,1.4E-2,0.E0));
#9834=VERTEX_POINT('',#9832);
#9835=VERTEX_POINT('',#9833);
#9836=CARTESIAN_POINT('',(-6.5E-2,1.E-2,0.E0));
#9837=VERTEX_POINT('',#9836);
#9838=CARTESIAN_POINT('',(-6.5E-2,-1.E-2,0.E0));
#9839=CARTESIAN_POINT('',(-6.E-2,-1.E-2,0.E0));
#9840=VERTEX_POINT('',#9838);
#9841=VERTEX_POINT('',#9839);
#9842=CARTESIAN_POINT('',(-6.5E-2,-1.4E-2,0.E0));
#9843=CARTESIAN_POINT('',(-6.E-2,-1.4E-2,0.E0));
#9844=VERTEX_POINT('',#9842);
#9845=VERTEX_POINT('',#9843);
#9846=CARTESIAN_POINT('',(-6.E-2,3.4E-2,0.E0));
#9847=CARTESIAN_POINT('',(-6.E-2,3.8E-2,0.E0));
#9848=VERTEX_POINT('',#9846);
#9849=VERTEX_POINT('',#9847);
#9850=CARTESIAN_POINT('',(-6.E-2,5.8E-2,0.E0));
#9851=CARTESIAN_POINT('',(-6.E-2,6.E-2,0.E0));
#9852=VERTEX_POINT('',#9850);
#9853=VERTEX_POINT('',#9851);
#9854=CARTESIAN_POINT('',(-2.4E-2,6.E-2,0.E0));
#9855=VERTEX_POINT('',#9854);
#9856=CARTESIAN_POINT('',(-2.4E-2,6.5E-2,0.E0));
#9857=VERTEX_POINT('',#9856);
#9858=CARTESIAN_POINT('',(-6.5E-2,-3.4E-2,0.E0));
#9859=CARTESIAN_POINT('',(-6.E-2,-3.4E-2,0.E0));
#9860=VERTEX_POINT('',#9858);
#9861=VERTEX_POINT('',#9859);
#9862=CARTESIAN_POINT('',(-6.5E-2,-3.8E-2,0.E0));
#9863=CARTESIAN_POINT('',(-6.E-2,-3.8E-2,0.E0));
#9864=VERTEX_POINT('',#9862);
#9865=VERTEX_POINT('',#9863);
#9866=CARTESIAN_POINT('',(-6.5E-2,-5.8E-2,0.E0));
#9867=CARTESIAN_POINT('',(-6.E-2,-5.8E-2,0.E0));
#9868=VERTEX_POINT('',#9866);
#9869=VERTEX_POINT('',#9867);
#9870=CARTESIAN_POINT('',(-2.4E-2,-6.E-2,0.E0));
#9871=VERTEX_POINT('',#9870);
#9872=CARTESIAN_POINT('',(-6.E-2,-6.E-2,0.E0));
#9873=VERTEX_POINT('',#9872);
#9874=CARTESIAN_POINT('',(2.E-3,-6.E-2,0.E0));
#9875=CARTESIAN_POINT('',(-2.E-3,-6.E-2,0.E0));
#9876=VERTEX_POINT('',#9874);
#9877=VERTEX_POINT('',#9875);
#9878=CARTESIAN_POINT('',(-6.E-2,1.4E-2,1.2E-2));
#9879=VERTEX_POINT('',#9878);
#9880=CARTESIAN_POINT('',(-6.5E-2,1.E-2,1.2E-2));
#9881=CARTESIAN_POINT('',(-6.E-2,1.E-2,1.2E-2));
#9882=VERTEX_POINT('',#9880);
#9883=VERTEX_POINT('',#9881);
#9884=CARTESIAN_POINT('',(-6.5E-2,-1.E-2,1.2E-2));
#9885=CARTESIAN_POINT('',(-6.E-2,-1.E-2,1.2E-2));
#9886=VERTEX_POINT('',#9884);
#9887=VERTEX_POINT('',#9885);
#9888=CARTESIAN_POINT('',(-6.5E-2,-1.4E-2,1.2E-2));
#9889=VERTEX_POINT('',#9888);
#9890=CARTESIAN_POINT('',(-6.E-2,3.8E-2,1.2E-2));
#9891=VERTEX_POINT('',#9890);
#9892=CARTESIAN_POINT('',(-6.E-2,3.4E-2,1.2E-2));
#9893=VERTEX_POINT('',#9892);
#9894=CARTESIAN_POINT('',(-2.4E-2,6.5E-2,1.2E-2));
#9895=CARTESIAN_POINT('',(-2.4E-2,6.E-2,1.2E-2));
#9896=VERTEX_POINT('',#9894);
#9897=VERTEX_POINT('',#9895);
#9898=CARTESIAN_POINT('',(-6.E-2,5.8E-2,1.2E-2));
#9899=VERTEX_POINT('',#9898);
#9900=CARTESIAN_POINT('',(-6.5E-2,-3.4E-2,1.2E-2));
#9901=VERTEX_POINT('',#9900);
#9902=CARTESIAN_POINT('',(-6.5E-2,-3.8E-2,1.2E-2));
#9903=VERTEX_POINT('',#9902);
#9904=CARTESIAN_POINT('',(-6.5E-2,-5.8E-2,1.2E-2));
#9905=VERTEX_POINT('',#9904);
#9906=CARTESIAN_POINT('',(0.E0,0.E0,0.E0));
#9907=DIRECTION('',(0.E0,0.E0,1.E0));
#9908=DIRECTION('',(1.E0,0.E0,0.E0));
#9909=AXIS2_PLACEMENT_3D('',#9906,#9907,#9908);
#9910=PLANE('',#9909);
#9912=ORIENTED_EDGE('',*,*,#9911,.T.);
#9914=ORIENTED_EDGE('',*,*,#9913,.F.);
#9916=ORIENTED_EDGE('',*,*,#9915,.F.);
#9918=ORIENTED_EDGE('',*,*,#9917,.T.);
#9920=ORIENTED_EDGE('',*,*,#9919,.T.);
#9922=ORIENTED_EDGE('',*,*,#9921,.F.);
#9924=ORIENTED_EDGE('',*,*,#9923,.F.);
#9926=ORIENTED_EDGE('',*,*,#9925,.F.);
#9928=ORIENTED_EDGE('',*,*,#9927,.T.);
#9930=ORIENTED_EDGE('',*,*,#9929,.T.);
#9932=ORIENTED_EDGE('',*,*,#9931,.F.);
#9934=ORIENTED_EDGE('',*,*,#9933,.F.);
#9936=ORIENTED_EDGE('',*,*,#9935,.T.);
#9938=ORIENTED_EDGE('',*,*,#9937,.T.);
#9940=ORIENTED_EDGE('',*,*,#9939,.F.);
#9942=ORIENTED_EDGE('',*,*,#9941,.F.);
#9944=ORIENTED_EDGE('',*,*,#9943,.T.);
#9946=ORIENTED_EDGE('',*,*,#9945,.T.);
#9948=ORIENTED_EDGE('',*,*,#9947,.F.);
#9950=ORIENTED_EDGE('',*,*,#9949,.F.);
#9952=ORIENTED_EDGE('',*,*,#9951,.T.);
#9954=ORIENTED_EDGE('',*,*,#9953,.T.);
#9956=ORIENTED_EDGE('',*,*,#9955,.F.);
#9958=ORIENTED_EDGE('',*,*,#9957,.F.);
#9960=ORIENTED_EDGE('',*,*,#9959,.T.);
#9962=ORIENTED_EDGE('',*,*,#9961,.T.);
#9964=ORIENTED_EDGE('',*,*,#9963,.F.);
#9966=ORIENTED_EDGE('',*,*,#9965,.F.);
#9968=ORIENTED_EDGE('',*,*,#9967,.F.);
#9970=ORIENTED_EDGE('',*,*,#9969,.T.);
#9972=ORIENTED_EDGE('',*,*,#9971,.T.);
#9974=ORIENTED_EDGE('',*,*,#9973,.F.);
#9976=ORIENTED_EDGE('',*,*,#9975,.F.);
#9978=ORIENTED_EDGE('',*,*,#9977,.T.);
#9980=ORIENTED_EDGE('',*,*,#9979,.T.);
#9982=ORIENTED_EDGE('',*,*,#9981,.F.);
#9984=ORIENTED_EDGE('',*,*,#9983,.F.);
#9986=ORIENTED_EDGE('',*,*,#9985,.F.);
#9988=ORIENTED_EDGE('',*,*,#9987,.T.);
#9990=ORIENTED_EDGE('',*,*,#9989,.T.);
#9992=ORIENTED_EDGE('',*,*,#9991,.F.);
#9994=ORIENTED_EDGE('',*,*,#9993,.F.);
#9996=ORIENTED_EDGE('',*,*,#9995,.T.);
#9998=ORIENTED_EDGE('',*,*,#9997,.T.);
#10000=ORIENTED_EDGE('',*,*,#9999,.F.);
#10002=ORIENTED_EDGE('',*,*,#10001,.F.);
#10004=ORIENTED_EDGE('',*,*,#10003,.T.);
#10006=ORIENTED_EDGE('',*,*,#10005,.T.);
#10008=ORIENTED_EDGE('',*,*,#10007,.F.);
#10010=ORIENTED_EDGE('',*,*,#10009,.F.);
#10012=ORIENTED_EDGE('',*,*,#10011,.T.);
#10014=ORIENTED_EDGE('',*,*,#10013,.T.);
#10016=ORIENTED_EDGE('',*,*,#10015,.F.);
#10018=ORIENTED_EDGE('',*,*,#10017,.F.);
#10020=ORIENTED_EDGE('',*,*,#10019,.T.);
#10022=ORIENTED_EDGE('',*,*,#10021,.T.);
#10024=ORIENTED_EDGE('',*,*,#10023,.F.);
#10026=ORIENTED_EDGE('',*,*,#10025,.F.);
#10028=ORIENTED_EDGE('',*,*,#10027,.F.);
#10030=ORIENTED_EDGE('',*,*,#10029,.T.);
#10031=EDGE_LOOP('',(#9912,#9914,#9916,#9918,#9920,#9922,#9924,#9926,#9928,
#9930,#9932,#9934,#9936,#9938,#9940,#9942,#9944,#9946,#9948,#9950,#9952,#9954,
#9956,#9958,#9960,#9962,#9964,#9966,#9968,#9970,#9972,#9974,#9976,#9978,#9980,
#9982,#9984,#9986,#9988,#9990,#9992,#9994,#9996,#9998,#10000,#10002,#10004,
#10006,#10008,#10010,#10012,#10014,#10016,#10018,#10020,#10022,#10024,#10026,
#10028,#10030));
#10032=FACE_OUTER_BOUND('',#10031,.F.);
#10033=ADVANCED_FACE('',(#10032),#9910,.F.);
#10034=CARTESIAN_POINT('',(2.E-3,6.E-2,4.2E-2));
#10035=DIRECTION('',(1.E0,0.E0,0.E0));
#10036=DIRECTION('',(0.E0,1.E0,0.E0));
#10037=AXIS2_PLACEMENT_3D('',#10034,#10035,#10036);
#10038=PLANE('',#10037);
#10039=ORIENTED_EDGE('',*,*,#9911,.F.);
#10041=ORIENTED_EDGE('',*,*,#10040,.T.);
#10043=ORIENTED_EDGE('',*,*,#10042,.T.);
#10045=ORIENTED_EDGE('',*,*,#10044,.T.);
#10046=EDGE_LOOP('',(#10039,#10041,#10043,#10045));
#10047=FACE_OUTER_BOUND('',#10046,.F.);
#10048=ADVANCED_FACE('',(#10047),#10038,.F.);
#10049=CARTESIAN_POINT('',(6.5E-2,6.5E-2,0.E0));
#10050=DIRECTION('',(0.E0,1.E0,0.E0));
#10051=DIRECTION('',(-1.E0,0.E0,0.E0));
#10052=AXIS2_PLACEMENT_3D('',#10049,#10050,#10051);
#10053=PLANE('',#10052);
#10054=ORIENTED_EDGE('',*,*,#10029,.F.);
#10056=ORIENTED_EDGE('',*,*,#10055,.T.);
#10058=ORIENTED_EDGE('',*,*,#10057,.T.);
#10059=ORIENTED_EDGE('',*,*,#10040,.F.);
#10060=EDGE_LOOP('',(#10054,#10056,#10058,#10059));
#10061=FACE_OUTER_BOUND('',#10060,.F.);
#10062=ADVANCED_FACE('',(#10061),#10053,.T.);
#10063=CARTESIAN_POINT('',(6.5E-2,6.5E-2,0.E0));
#10064=DIRECTION('',(0.E0,1.E0,0.E0));
#10065=DIRECTION('',(-1.E0,0.E0,0.E0));
#10066=AXIS2_PLACEMENT_3D('',#10063,#10064,#10065);
#10067=PLANE('',#10066);
#10068=ORIENTED_EDGE('',*,*,#9917,.F.);
#10070=ORIENTED_EDGE('',*,*,#10069,.T.);
#10072=ORIENTED_EDGE('',*,*,#10071,.T.);
#10074=ORIENTED_EDGE('',*,*,#10073,.F.);
#10075=EDGE_LOOP('',(#10068,#10070,#10072,#10074));
#10076=FACE_OUTER_BOUND('',#10075,.F.);
#10077=ADVANCED_FACE('',(#10076),#10067,.T.);
#10078=CARTESIAN_POINT('',(2.4E-2,6.5E-2,4.2E-2));
#10079=DIRECTION('',(-1.E0,0.E0,0.E0));
#10080=DIRECTION('',(0.E0,-1.E0,0.E0));
#10081=AXIS2_PLACEMENT_3D('',#10078,#10079,#10080);
#10082=PLANE('',#10081);
#10083=ORIENTED_EDGE('',*,*,#10027,.T.);
#10085=ORIENTED_EDGE('',*,*,#10084,.F.);
#10087=ORIENTED_EDGE('',*,*,#10086,.F.);
#10088=ORIENTED_EDGE('',*,*,#10055,.F.);
#10089=EDGE_LOOP('',(#10083,#10085,#10087,#10088));
#10090=FACE_OUTER_BOUND('',#10089,.F.);
#10091=ADVANCED_FACE('',(#10090),#10082,.F.);
#10092=CARTESIAN_POINT('',(-6.E-2,6.E-2,4.2E-2));
#10093=DIRECTION('',(0.E0,-1.E0,0.E0));
#10094=DIRECTION('',(1.E0,0.E0,0.E0));
#10095=AXIS2_PLACEMENT_3D('',#10092,#10093,#10094);
#10096=PLANE('',#10095);
#10098=ORIENTED_EDGE('',*,*,#10097,.T.);
#10099=ORIENTED_EDGE('',*,*,#10084,.T.);
#10100=ORIENTED_EDGE('',*,*,#10025,.T.);
#10102=ORIENTED_EDGE('',*,*,#10101,.F.);
#10104=ORIENTED_EDGE('',*,*,#10103,.F.);
#10106=ORIENTED_EDGE('',*,*,#10105,.F.);
#10107=ORIENTED_EDGE('',*,*,#9921,.T.);
#10109=ORIENTED_EDGE('',*,*,#10108,.F.);
#10111=ORIENTED_EDGE('',*,*,#10110,.T.);
#10113=ORIENTED_EDGE('',*,*,#10112,.T.);
#10114=ORIENTED_EDGE('',*,*,#9913,.T.);
#10115=ORIENTED_EDGE('',*,*,#10044,.F.);
#10116=EDGE_LOOP('',(#10098,#10099,#10100,#10102,#10104,#10106,#10107,#10109,
#10111,#10113,#10114,#10115));
#10117=FACE_OUTER_BOUND('',#10116,.F.);
#10118=ADVANCED_FACE('',(#10117),#10096,.F.);
#10119=CARTESIAN_POINT('',(-6.5E-2,-6.5E-2,1.2E-2));
#10120=DIRECTION('',(0.E0,0.E0,1.E0));
#10121=DIRECTION('',(1.E0,0.E0,0.E0));
#10122=AXIS2_PLACEMENT_3D('',#10119,#10120,#10121);
#10123=PLANE('',#10122);
#10124=ORIENTED_EDGE('',*,*,#10042,.F.);
#10125=ORIENTED_EDGE('',*,*,#10057,.F.);
#10126=ORIENTED_EDGE('',*,*,#10086,.T.);
#10127=ORIENTED_EDGE('',*,*,#10097,.F.);
#10128=EDGE_LOOP('',(#10124,#10125,#10126,#10127));
#10129=FACE_OUTER_BOUND('',#10128,.F.);
#10130=ADVANCED_FACE('',(#10129),#10123,.T.);
#10131=CARTESIAN_POINT('',(-6.5E-2,-6.5E-2,1.2E-2));
#10132=DIRECTION('',(0.E0,0.E0,1.E0));
#10133=DIRECTION('',(1.E0,0.E0,0.E0));
#10134=AXIS2_PLACEMENT_3D('',#10131,#10132,#10133);
#10135=PLANE('',#10134);
#10137=ORIENTED_EDGE('',*,*,#10136,.T.);
#10138=ORIENTED_EDGE('',*,*,#10110,.F.);
#10140=ORIENTED_EDGE('',*,*,#10139,.F.);
#10141=ORIENTED_EDGE('',*,*,#10071,.F.);
#10142=EDGE_LOOP('',(#10137,#10138,#10140,#10141));
#10143=FACE_OUTER_BOUND('',#10142,.F.);
#10144=ADVANCED_FACE('',(#10143),#10135,.T.);
#10145=CARTESIAN_POINT('',(-6.5E-2,-6.5E-2,1.2E-2));
#10146=DIRECTION('',(0.E0,0.E0,1.E0));
#10147=DIRECTION('',(1.E0,0.E0,0.E0));
#10148=AXIS2_PLACEMENT_3D('',#10145,#10146,#10147);
#10149=PLANE('',#10148);
#10151=ORIENTED_EDGE('',*,*,#10150,.F.);
#10153=ORIENTED_EDGE('',*,*,#10152,.F.);
#10155=ORIENTED_EDGE('',*,*,#10154,.T.);
#10157=ORIENTED_EDGE('',*,*,#10156,.F.);
#10158=EDGE_LOOP('',(#10151,#10153,#10155,#10157));
#10159=FACE_OUTER_BOUND('',#10158,.F.);
#10160=ADVANCED_FACE('',(#10159),#10149,.T.);
#10161=CARTESIAN_POINT('',(-6.5E-2,-6.5E-2,1.2E-2));
#10162=DIRECTION('',(0.E0,0.E0,1.E0));
#10163=DIRECTION('',(1.E0,0.E0,0.E0));
#10164=AXIS2_PLACEMENT_3D('',#10161,#10162,#10163);
#10165=PLANE('',#10164);
#10167=ORIENTED_EDGE('',*,*,#10166,.T.);
#10169=ORIENTED_EDGE('',*,*,#10168,.F.);
#10171=ORIENTED_EDGE('',*,*,#10170,.F.);
#10173=ORIENTED_EDGE('',*,*,#10172,.F.);
#10174=EDGE_LOOP('',(#10167,#10169,#10171,#10173));
#10175=FACE_OUTER_BOUND('',#10174,.F.);
#10176=ADVANCED_FACE('',(#10175),#10165,.T.);
#10177=CARTESIAN_POINT('',(-6.5E-2,-6.5E-2,1.2E-2));
#10178=DIRECTION('',(0.E0,0.E0,1.E0));
#10179=DIRECTION('',(1.E0,0.E0,0.E0));
#10180=AXIS2_PLACEMENT_3D('',#10177,#10178,#10179);
#10181=PLANE('',#10180);
#10183=ORIENTED_EDGE('',*,*,#10182,.F.);
#10185=ORIENTED_EDGE('',*,*,#10184,.F.);
#10187=ORIENTED_EDGE('',*,*,#10186,.T.);
#10189=ORIENTED_EDGE('',*,*,#10188,.F.);
#10190=EDGE_LOOP('',(#10183,#10185,#10187,#10189));
#10191=FACE_OUTER_BOUND('',#10190,.F.);
#10192=ADVANCED_FACE('',(#10191),#10181,.T.);
#10193=CARTESIAN_POINT('',(-6.5E-2,-6.5E-2,1.2E-2));
#10194=DIRECTION('',(0.E0,0.E0,1.E0));
#10195=DIRECTION('',(1.E0,0.E0,0.E0));
#10196=AXIS2_PLACEMENT_3D('',#10193,#10194,#10195);
#10197=PLANE('',#10196);
#10199=ORIENTED_EDGE('',*,*,#10198,.T.);
#10201=ORIENTED_EDGE('',*,*,#10200,.F.);
#10203=ORIENTED_EDGE('',*,*,#10202,.F.);
#10205=ORIENTED_EDGE('',*,*,#10204,.F.);
#10206=EDGE_LOOP('',(#10199,#10201,#10203,#10205));
#10207=FACE_OUTER_BOUND('',#10206,.F.);
#10208=ADVANCED_FACE('',(#10207),#10197,.T.);
#10209=CARTESIAN_POINT('',(-6.5E-2,-6.5E-2,1.2E-2));
#10210=DIRECTION('',(0.E0,0.E0,1.E0));
#10211=DIRECTION('',(1.E0,0.E0,0.E0));
#10212=AXIS2_PLACEMENT_3D('',#10209,#10210,#10211);
#10213=PLANE('',#10212);
#10215=ORIENTED_EDGE('',*,*,#10214,.F.);
#10217=ORIENTED_EDGE('',*,*,#10216,.F.);
#10219=ORIENTED_EDGE('',*,*,#10218,.T.);
#10221=ORIENTED_EDGE('',*,*,#10220,.F.);
#10222=EDGE_LOOP('',(#10215,#10217,#10219,#10221));
#10223=FACE_OUTER_BOUND('',#10222,.F.);
#10224=ADVANCED_FACE('',(#10223),#10213,.T.);
#10225=CARTESIAN_POINT('',(-6.5E-2,-6.5E-2,1.2E-2));
#10226=DIRECTION('',(0.E0,0.E0,1.E0));
#10227=DIRECTION('',(1.E0,0.E0,0.E0));
#10228=AXIS2_PLACEMENT_3D('',#10225,#10226,#10227);
#10229=PLANE('',#10228);
#10231=ORIENTED_EDGE('',*,*,#10230,.F.);
#10233=ORIENTED_EDGE('',*,*,#10232,.F.);
#10235=ORIENTED_EDGE('',*,*,#10234,.T.);
#10237=ORIENTED_EDGE('',*,*,#10236,.F.);
#10238=EDGE_LOOP('',(#10231,#10233,#10235,#10237));
#10239=FACE_OUTER_BOUND('',#10238,.F.);
#10240=ADVANCED_FACE('',(#10239),#10229,.T.);
#10241=CARTESIAN_POINT('',(-6.5E-2,-6.5E-2,1.2E-2));
#10242=DIRECTION('',(0.E0,0.E0,1.E0));
#10243=DIRECTION('',(1.E0,0.E0,0.E0));
#10244=AXIS2_PLACEMENT_3D('',#10241,#10242,#10243);
#10245=PLANE('',#10244);
#10247=ORIENTED_EDGE('',*,*,#10246,.F.);
#10249=ORIENTED_EDGE('',*,*,#10248,.F.);
#10251=ORIENTED_EDGE('',*,*,#10250,.F.);
#10253=ORIENTED_EDGE('',*,*,#10252,.T.);
#10254=EDGE_LOOP('',(#10247,#10249,#10251,#10253));
#10255=FACE_OUTER_BOUND('',#10254,.F.);
#10256=ADVANCED_FACE('',(#10255),#10245,.T.);
#10257=CARTESIAN_POINT('',(-6.5E-2,-6.5E-2,1.2E-2));
#10258=DIRECTION('',(0.E0,0.E0,1.E0));
#10259=DIRECTION('',(1.E0,0.E0,0.E0));
#10260=AXIS2_PLACEMENT_3D('',#10257,#10258,#10259);
#10261=PLANE('',#10260);
#10263=ORIENTED_EDGE('',*,*,#10262,.F.);
#10265=ORIENTED_EDGE('',*,*,#10264,.F.);
#10267=ORIENTED_EDGE('',*,*,#10266,.F.);
#10269=ORIENTED_EDGE('',*,*,#10268,.T.);
#10270=EDGE_LOOP('',(#10263,#10265,#10267,#10269));
#10271=FACE_OUTER_BOUND('',#10270,.F.);
#10272=ADVANCED_FACE('',(#10271),#10261,.T.);
#10273=CARTESIAN_POINT('',(-6.5E-2,-6.5E-2,1.2E-2));
#10274=DIRECTION('',(0.E0,0.E0,1.E0));
#10275=DIRECTION('',(1.E0,0.E0,0.E0));
#10276=AXIS2_PLACEMENT_3D('',#10273,#10274,#10275);
#10277=PLANE('',#10276);
#10279=ORIENTED_EDGE('',*,*,#10278,.F.);
#10281=ORIENTED_EDGE('',*,*,#10280,.F.);
#10283=ORIENTED_EDGE('',*,*,#10282,.F.);
#10285=ORIENTED_EDGE('',*,*,#10284,.T.);
#10286=EDGE_LOOP('',(#10279,#10281,#10283,#10285));
#10287=FACE_OUTER_BOUND('',#10286,.F.);
#10288=ADVANCED_FACE('',(#10287),#10277,.T.);
#10289=CARTESIAN_POINT('',(-6.5E-2,-6.5E-2,1.2E-2));
#10290=DIRECTION('',(0.E0,0.E0,1.E0));
#10291=DIRECTION('',(1.E0,0.E0,0.E0));
#10292=AXIS2_PLACEMENT_3D('',#10289,#10290,#10291);
#10293=PLANE('',#10292);
#10295=ORIENTED_EDGE('',*,*,#10294,.F.);
#10297=ORIENTED_EDGE('',*,*,#10296,.T.);
#10299=ORIENTED_EDGE('',*,*,#10298,.F.);
#10301=ORIENTED_EDGE('',*,*,#10300,.F.);
#10302=EDGE_LOOP('',(#10295,#10297,#10299,#10301));
#10303=FACE_OUTER_BOUND('',#10302,.F.);
#10304=ADVANCED_FACE('',(#10303),#10293,.T.);
#10305=CARTESIAN_POINT('',(-6.5E-2,-6.5E-2,1.2E-2));
#10306=DIRECTION('',(0.E0,0.E0,1.E0));
#10307=DIRECTION('',(1.E0,0.E0,0.E0));
#10308=AXIS2_PLACEMENT_3D('',#10305,#10306,#10307);
#10309=PLANE('',#10308);
#10311=ORIENTED_EDGE('',*,*,#10310,.F.);
#10313=ORIENTED_EDGE('',*,*,#10312,.T.);
#10315=ORIENTED_EDGE('',*,*,#10314,.F.);
#10317=ORIENTED_EDGE('',*,*,#10316,.F.);
#10318=EDGE_LOOP('',(#10311,#10313,#10315,#10317));
#10319=FACE_OUTER_BOUND('',#10318,.F.);
#10320=ADVANCED_FACE('',(#10319),#10309,.T.);
#10321=CARTESIAN_POINT('',(-6.5E-2,-6.5E-2,1.2E-2));
#10322=DIRECTION('',(0.E0,0.E0,1.E0));
#10323=DIRECTION('',(1.E0,0.E0,0.E0));
#10324=AXIS2_PLACEMENT_3D('',#10321,#10322,#10323);
#10325=PLANE('',#10324);
#10327=ORIENTED_EDGE('',*,*,#10326,.T.);
#10329=ORIENTED_EDGE('',*,*,#10328,.F.);
#10331=ORIENTED_EDGE('',*,*,#10330,.F.);
#10333=ORIENTED_EDGE('',*,*,#10332,.F.);
#10334=EDGE_LOOP('',(#10327,#10329,#10331,#10333));
#10335=FACE_OUTER_BOUND('',#10334,.F.);
#10336=ADVANCED_FACE('',(#10335),#10325,.T.);
#10337=CARTESIAN_POINT('',(-2.E-3,6.5E-2,4.2E-2));
#10338=DIRECTION('',(-1.E0,0.E0,0.E0));
#10339=DIRECTION('',(0.E0,-1.E0,0.E0));
#10340=AXIS2_PLACEMENT_3D('',#10337,#10338,#10339);
#10341=PLANE('',#10340);
#10342=ORIENTED_EDGE('',*,*,#9915,.T.);
#10343=ORIENTED_EDGE('',*,*,#10112,.F.);
#10344=ORIENTED_EDGE('',*,*,#10136,.F.);
#10345=ORIENTED_EDGE('',*,*,#10069,.F.);
#10346=EDGE_LOOP('',(#10342,#10343,#10344,#10345));
#10347=FACE_OUTER_BOUND('',#10346,.F.);
#10348=ADVANCED_FACE('',(#10347),#10341,.F.);
#10349=CARTESIAN_POINT('',(-2.4E-2,6.E-2,4.2E-2));
#10350=DIRECTION('',(1.E0,0.E0,0.E0));
#10351=DIRECTION('',(0.E0,1.E0,0.E0));
#10352=AXIS2_PLACEMENT_3D('',#10349,#10350,#10351);
#10353=PLANE('',#10352);
#10354=ORIENTED_EDGE('',*,*,#9919,.F.);
#10355=ORIENTED_EDGE('',*,*,#10073,.T.);
#10356=ORIENTED_EDGE('',*,*,#10139,.T.);
#10357=ORIENTED_EDGE('',*,*,#10108,.T.);
#10358=EDGE_LOOP('',(#10354,#10355,#10356,#10357));
#10359=FACE_OUTER_BOUND('',#10358,.F.);
#10360=ADVANCED_FACE('',(#10359),#10353,.F.);
#10361=CARTESIAN_POINT('',(6.E-2,1.E-2,4.2E-2));
#10362=DIRECTION('',(0.E0,-1.E0,0.E0));
#10363=DIRECTION('',(1.E0,0.E0,0.E0));
#10364=AXIS2_PLACEMENT_3D('',#10361,#10362,#10363);
#10365=PLANE('',#10364);
#10366=ORIENTED_EDGE('',*,*,#10005,.F.);
#10368=ORIENTED_EDGE('',*,*,#10367,.T.);
#10369=ORIENTED_EDGE('',*,*,#10150,.T.);
#10371=ORIENTED_EDGE('',*,*,#10370,.T.);
#10372=EDGE_LOOP('',(#10366,#10368,#10369,#10371));
#10373=FACE_OUTER_BOUND('',#10372,.F.);
#10374=ADVANCED_FACE('',(#10373),#10365,.F.);
#10375=CARTESIAN_POINT('',(6.5E-2,-6.5E-2,0.E0));
#10376=DIRECTION('',(1.E0,0.E0,0.E0));
#10377=DIRECTION('',(0.E0,1.E0,0.E0));
#10378=AXIS2_PLACEMENT_3D('',#10375,#10376,#10377);
#10379=PLANE('',#10378);
#10380=ORIENTED_EDGE('',*,*,#9987,.F.);
#10382=ORIENTED_EDGE('',*,*,#10381,.T.);
#10383=ORIENTED_EDGE('',*,*,#10216,.T.);
#10385=ORIENTED_EDGE('',*,*,#10384,.F.);
#10386=EDGE_LOOP('',(#10380,#10382,#10383,#10385));
#10387=FACE_OUTER_BOUND('',#10386,.F.);
#10388=ADVANCED_FACE('',(#10387),#10379,.T.);
#10389=CARTESIAN_POINT('',(6.5E-2,-6.5E-2,0.E0));
#10390=DIRECTION('',(1.E0,0.E0,0.E0));
#10391=DIRECTION('',(0.E0,1.E0,0.E0));
#10392=AXIS2_PLACEMENT_3D('',#10389,#10390,#10391);
#10393=PLANE('',#10392);
#10394=ORIENTED_EDGE('',*,*,#9995,.F.);
#10396=ORIENTED_EDGE('',*,*,#10395,.T.);
#10397=ORIENTED_EDGE('',*,*,#10184,.T.);
#10399=ORIENTED_EDGE('',*,*,#10398,.F.);
#10400=EDGE_LOOP('',(#10394,#10396,#10397,#10399));
#10401=FACE_OUTER_BOUND('',#10400,.F.);
#10402=ADVANCED_FACE('',(#10401),#10393,.T.);
#10403=CARTESIAN_POINT('',(6.5E-2,-6.5E-2,0.E0));
#10404=DIRECTION('',(1.E0,0.E0,0.E0));
#10405=DIRECTION('',(0.E0,1.E0,0.E0));
#10406=AXIS2_PLACEMENT_3D('',#10403,#10404,#10405);
#10407=PLANE('',#10406);
#10408=ORIENTED_EDGE('',*,*,#10367,.F.);
#10409=ORIENTED_EDGE('',*,*,#10003,.F.);
#10411=ORIENTED_EDGE('',*,*,#10410,.T.);
#10412=ORIENTED_EDGE('',*,*,#10152,.T.);
#10413=EDGE_LOOP('',(#10408,#10409,#10411,#10412));
#10414=FACE_OUTER_BOUND('',#10413,.F.);
#10415=ADVANCED_FACE('',(#10414),#10407,.T.);
#10416=CARTESIAN_POINT('',(6.5E-2,-6.5E-2,0.E0));
#10417=DIRECTION('',(1.E0,0.E0,0.E0));
#10418=DIRECTION('',(0.E0,1.E0,0.E0));
#10419=AXIS2_PLACEMENT_3D('',#10416,#10417,#10418);
#10420=PLANE('',#10419);
#10422=ORIENTED_EDGE('',*,*,#10421,.T.);
#10423=ORIENTED_EDGE('',*,*,#10172,.T.);
#10425=ORIENTED_EDGE('',*,*,#10424,.F.);
#10426=ORIENTED_EDGE('',*,*,#10011,.F.);
#10427=EDGE_LOOP('',(#10422,#10423,#10425,#10426));
#10428=FACE_OUTER_BOUND('',#10427,.F.);
#10429=ADVANCED_FACE('',(#10428),#10420,.T.);
#10430=CARTESIAN_POINT('',(6.5E-2,-6.5E-2,0.E0));
#10431=DIRECTION('',(1.E0,0.E0,0.E0));
#10432=DIRECTION('',(0.E0,1.E0,0.E0));
#10433=AXIS2_PLACEMENT_3D('',#10430,#10431,#10432);
#10434=PLANE('',#10433);
#10436=ORIENTED_EDGE('',*,*,#10435,.T.);
#10437=ORIENTED_EDGE('',*,*,#10204,.T.);
#10439=ORIENTED_EDGE('',*,*,#10438,.F.);
#10440=ORIENTED_EDGE('',*,*,#10019,.F.);
#10441=EDGE_LOOP('',(#10436,#10437,#10439,#10440));
#10442=FACE_OUTER_BOUND('',#10441,.F.);
#10443=ADVANCED_FACE('',(#10442),#10434,.T.);
#10444=CARTESIAN_POINT('',(6.5E-2,-5.8E-2,4.2E-2));
#10445=DIRECTION('',(0.E0,1.E0,0.E0));
#10446=DIRECTION('',(-1.E0,0.E0,0.E0));
#10447=AXIS2_PLACEMENT_3D('',#10444,#10445,#10446);
#10448=PLANE('',#10447);
#10449=ORIENTED_EDGE('',*,*,#9985,.T.);
#10451=ORIENTED_EDGE('',*,*,#10450,.F.);
#10452=ORIENTED_EDGE('',*,*,#10218,.F.);
#10453=ORIENTED_EDGE('',*,*,#10381,.F.);
#10454=EDGE_LOOP('',(#10449,#10451,#10452,#10453));
#10455=FACE_OUTER_BOUND('',#10454,.F.);
#10456=ADVANCED_FACE('',(#10455),#10448,.F.);
#10457=CARTESIAN_POINT('',(6.E-2,6.E-2,4.2E-2));
#10458=DIRECTION('',(-1.E0,0.E0,0.E0));
#10459=DIRECTION('',(0.E0,-1.E0,0.E0));
#10460=AXIS2_PLACEMENT_3D('',#10457,#10458,#10459);
#10461=PLANE('',#10460);
#10462=ORIENTED_EDGE('',*,*,#10156,.T.);
#10464=ORIENTED_EDGE('',*,*,#10463,.T.);
#10465=ORIENTED_EDGE('',*,*,#9999,.T.);
#10467=ORIENTED_EDGE('',*,*,#10466,.F.);
#10468=ORIENTED_EDGE('',*,*,#10188,.T.);
#10470=ORIENTED_EDGE('',*,*,#10469,.T.);
#10471=ORIENTED_EDGE('',*,*,#9991,.T.);
#10473=ORIENTED_EDGE('',*,*,#10472,.F.);
#10474=ORIENTED_EDGE('',*,*,#10220,.T.);
#10475=ORIENTED_EDGE('',*,*,#10450,.T.);
#10476=ORIENTED_EDGE('',*,*,#9983,.T.);
#10478=ORIENTED_EDGE('',*,*,#10477,.F.);
#10480=ORIENTED_EDGE('',*,*,#10479,.F.);
#10481=ORIENTED_EDGE('',*,*,#10101,.T.);
#10482=ORIENTED_EDGE('',*,*,#10023,.T.);
#10484=ORIENTED_EDGE('',*,*,#10483,.F.);
#10485=ORIENTED_EDGE('',*,*,#10200,.T.);
#10487=ORIENTED_EDGE('',*,*,#10486,.T.);
#10488=ORIENTED_EDGE('',*,*,#10015,.T.);
#10490=ORIENTED_EDGE('',*,*,#10489,.F.);
#10491=ORIENTED_EDGE('',*,*,#10168,.T.);
#10493=ORIENTED_EDGE('',*,*,#10492,.T.);
#10494=ORIENTED_EDGE('',*,*,#10007,.T.);
#10495=ORIENTED_EDGE('',*,*,#10370,.F.);
#10496=EDGE_LOOP('',(#10462,#10464,#10465,#10467,#10468,#10470,#10471,#10473,
#10474,#10475,#10476,#10478,#10480,#10481,#10482,#10484,#10485,#10487,#10488,
#10490,#10491,#10493,#10494,#10495));
#10497=FACE_OUTER_BOUND('',#10496,.F.);
#10498=ADVANCED_FACE('',(#10497),#10461,.F.);
#10499=CARTESIAN_POINT('',(6.5E-2,-1.E-2,4.2E-2));
#10500=DIRECTION('',(0.E0,1.E0,0.E0));
#10501=DIRECTION('',(-1.E0,0.E0,0.E0));
#10502=AXIS2_PLACEMENT_3D('',#10499,#10500,#10501);
#10503=PLANE('',#10502);
#10504=ORIENTED_EDGE('',*,*,#10001,.T.);
#10505=ORIENTED_EDGE('',*,*,#10463,.F.);
#10506=ORIENTED_EDGE('',*,*,#10154,.F.);
#10507=ORIENTED_EDGE('',*,*,#10410,.F.);
#10508=EDGE_LOOP('',(#10504,#10505,#10506,#10507));
#10509=FACE_OUTER_BOUND('',#10508,.F.);
#10510=ADVANCED_FACE('',(#10509),#10503,.F.);
#10511=CARTESIAN_POINT('',(6.E-2,-1.4E-2,4.2E-2));
#10512=DIRECTION('',(0.E0,-1.E0,0.E0));
#10513=DIRECTION('',(1.E0,0.E0,0.E0));
#10514=AXIS2_PLACEMENT_3D('',#10511,#10512,#10513);
#10515=PLANE('',#10514);
#10516=ORIENTED_EDGE('',*,*,#9997,.F.);
#10517=ORIENTED_EDGE('',*,*,#10398,.T.);
#10518=ORIENTED_EDGE('',*,*,#10182,.T.);
#10519=ORIENTED_EDGE('',*,*,#10466,.T.);
#10520=EDGE_LOOP('',(#10516,#10517,#10518,#10519));
#10521=FACE_OUTER_BOUND('',#10520,.F.);
#10522=ADVANCED_FACE('',(#10521),#10515,.F.);
#10523=CARTESIAN_POINT('',(6.5E-2,-3.4E-2,4.2E-2));
#10524=DIRECTION('',(0.E0,1.E0,0.E0));
#10525=DIRECTION('',(-1.E0,0.E0,0.E0));
#10526=AXIS2_PLACEMENT_3D('',#10523,#10524,#10525);
#10527=PLANE('',#10526);
#10528=ORIENTED_EDGE('',*,*,#9993,.T.);
#10529=ORIENTED_EDGE('',*,*,#10469,.F.);
#10530=ORIENTED_EDGE('',*,*,#10186,.F.);
#10531=ORIENTED_EDGE('',*,*,#10395,.F.);
#10532=EDGE_LOOP('',(#10528,#10529,#10530,#10531));
#10533=FACE_OUTER_BOUND('',#10532,.F.);
#10534=ADVANCED_FACE('',(#10533),#10527,.F.);
#10535=CARTESIAN_POINT('',(6.E-2,-3.8E-2,4.2E-2));
#10536=DIRECTION('',(0.E0,-1.E0,0.E0));
#10537=DIRECTION('',(1.E0,0.E0,0.E0));
#10538=AXIS2_PLACEMENT_3D('',#10535,#10536,#10537);
#10539=PLANE('',#10538);
#10540=ORIENTED_EDGE('',*,*,#9989,.F.);
#10541=ORIENTED_EDGE('',*,*,#10384,.T.);
#10542=ORIENTED_EDGE('',*,*,#10214,.T.);
#10543=ORIENTED_EDGE('',*,*,#10472,.T.);
#10544=EDGE_LOOP('',(#10540,#10541,#10542,#10543));
#10545=FACE_OUTER_BOUND('',#10544,.F.);
#10546=ADVANCED_FACE('',(#10545),#10539,.F.);
#10547=CARTESIAN_POINT('',(6.E-2,-6.E-2,4.2E-2));
#10548=DIRECTION('',(0.E0,1.E0,0.E0));
#10549=DIRECTION('',(-1.E0,0.E0,0.E0));
#10550=AXIS2_PLACEMENT_3D('',#10547,#10548,#10549);
#10551=PLANE('',#10550);
#10552=ORIENTED_EDGE('',*,*,#10246,.T.);
#10554=ORIENTED_EDGE('',*,*,#10553,.T.);
#10555=ORIENTED_EDGE('',*,*,#9965,.T.);
#10557=ORIENTED_EDGE('',*,*,#10556,.F.);
#10559=ORIENTED_EDGE('',*,*,#10558,.F.);
#10560=ORIENTED_EDGE('',*,*,#10477,.T.);
#10561=ORIENTED_EDGE('',*,*,#9981,.T.);
#10563=ORIENTED_EDGE('',*,*,#10562,.F.);
#10564=ORIENTED_EDGE('',*,*,#10236,.T.);
#10566=ORIENTED_EDGE('',*,*,#10565,.T.);
#10567=ORIENTED_EDGE('',*,*,#9973,.T.);
#10569=ORIENTED_EDGE('',*,*,#10568,.F.);
#10570=EDGE_LOOP('',(#10552,#10554,#10555,#10557,#10559,#10560,#10561,#10563,
#10564,#10566,#10567,#10569));
#10571=FACE_OUTER_BOUND('',#10570,.F.);
#10572=ADVANCED_FACE('',(#10571),#10551,.F.);
#10573=CARTESIAN_POINT('',(-2.4E-2,-6.5E-2,4.2E-2));
#10574=DIRECTION('',(1.E0,0.E0,0.E0));
#10575=DIRECTION('',(0.E0,1.E0,0.E0));
#10576=AXIS2_PLACEMENT_3D('',#10573,#10574,#10575);
#10577=PLANE('',#10576);
#10578=ORIENTED_EDGE('',*,*,#9967,.T.);
#10579=ORIENTED_EDGE('',*,*,#10553,.F.);
#10580=ORIENTED_EDGE('',*,*,#10252,.F.);
#10582=ORIENTED_EDGE('',*,*,#10581,.F.);
#10583=EDGE_LOOP('',(#10578,#10579,#10580,#10582));
#10584=FACE_OUTER_BOUND('',#10583,.F.);
#10585=ADVANCED_FACE('',(#10584),#10577,.F.);
#10586=CARTESIAN_POINT('',(-6.5E-2,-6.5E-2,0.E0));
#10587=DIRECTION('',(0.E0,-1.E0,0.E0));
#10588=DIRECTION('',(1.E0,0.E0,0.E0));
#10589=AXIS2_PLACEMENT_3D('',#10586,#10587,#10588);
#10590=PLANE('',#10589);
#10591=ORIENTED_EDGE('',*,*,#9969,.F.);
#10592=ORIENTED_EDGE('',*,*,#10581,.T.);
#10593=ORIENTED_EDGE('',*,*,#10250,.T.);
#10595=ORIENTED_EDGE('',*,*,#10594,.F.);
#10596=EDGE_LOOP('',(#10591,#10592,#10593,#10595));
#10597=FACE_OUTER_BOUND('',#10596,.F.);
#10598=ADVANCED_FACE('',(#10597),#10590,.T.);
#10599=CARTESIAN_POINT('',(-6.5E-2,-6.5E-2,0.E0));
#10600=DIRECTION('',(0.E0,-1.E0,0.E0));
#10601=DIRECTION('',(1.E0,0.E0,0.E0));
#10602=AXIS2_PLACEMENT_3D('',#10599,#10600,#10601);
#10603=PLANE('',#10602);
#10604=ORIENTED_EDGE('',*,*,#9977,.F.);
#10606=ORIENTED_EDGE('',*,*,#10605,.T.);
#10607=ORIENTED_EDGE('',*,*,#10232,.T.);
#10609=ORIENTED_EDGE('',*,*,#10608,.F.);
#10610=EDGE_LOOP('',(#10604,#10606,#10607,#10609));
#10611=FACE_OUTER_BOUND('',#10610,.F.);
#10612=ADVANCED_FACE('',(#10611),#10603,.T.);
#10613=CARTESIAN_POINT('',(-2.E-3,-6.E-2,4.2E-2));
#10614=DIRECTION('',(-1.E0,0.E0,0.E0));
#10615=DIRECTION('',(0.E0,-1.E0,0.E0));
#10616=AXIS2_PLACEMENT_3D('',#10613,#10614,#10615);
#10617=PLANE('',#10616);
#10618=ORIENTED_EDGE('',*,*,#9971,.F.);
#10619=ORIENTED_EDGE('',*,*,#10594,.T.);
#10620=ORIENTED_EDGE('',*,*,#10248,.T.);
#10621=ORIENTED_EDGE('',*,*,#10568,.T.);
#10622=EDGE_LOOP('',(#10618,#10619,#10620,#10621));
#10623=FACE_OUTER_BOUND('',#10622,.F.);
#10624=ADVANCED_FACE('',(#10623),#10617,.F.);
#10625=CARTESIAN_POINT('',(2.E-3,-6.5E-2,4.2E-2));
#10626=DIRECTION('',(1.E0,0.E0,0.E0));
#10627=DIRECTION('',(0.E0,1.E0,0.E0));
#10628=AXIS2_PLACEMENT_3D('',#10625,#10626,#10627);
#10629=PLANE('',#10628);
#10630=ORIENTED_EDGE('',*,*,#9975,.T.);
#10631=ORIENTED_EDGE('',*,*,#10565,.F.);
#10632=ORIENTED_EDGE('',*,*,#10234,.F.);
#10633=ORIENTED_EDGE('',*,*,#10605,.F.);
#10634=EDGE_LOOP('',(#10630,#10631,#10632,#10633));
#10635=FACE_OUTER_BOUND('',#10634,.F.);
#10636=ADVANCED_FACE('',(#10635),#10629,.F.);
#10637=CARTESIAN_POINT('',(2.4E-2,-6.E-2,4.2E-2));
#10638=DIRECTION('',(-1.E0,0.E0,0.E0));
#10639=DIRECTION('',(0.E0,-1.E0,0.E0));
#10640=AXIS2_PLACEMENT_3D('',#10637,#10638,#10639);
#10641=PLANE('',#10640);
#10642=ORIENTED_EDGE('',*,*,#9979,.F.);
#10643=ORIENTED_EDGE('',*,*,#10608,.T.);
#10644=ORIENTED_EDGE('',*,*,#10230,.T.);
#10645=ORIENTED_EDGE('',*,*,#10562,.T.);
#10646=EDGE_LOOP('',(#10642,#10643,#10644,#10645));
#10647=FACE_OUTER_BOUND('',#10646,.F.);
#10648=ADVANCED_FACE('',(#10647),#10641,.F.);
#10649=CARTESIAN_POINT('',(-6.E-2,-6.E-2,4.2E-2));
#10650=DIRECTION('',(1.E0,0.E0,0.E0));
#10651=DIRECTION('',(0.E0,1.E0,0.E0));
#10652=AXIS2_PLACEMENT_3D('',#10649,#10650,#10651);
#10653=PLANE('',#10652);
#10654=ORIENTED_EDGE('',*,*,#10278,.T.);
#10656=ORIENTED_EDGE('',*,*,#10655,.T.);
#10657=ORIENTED_EDGE('',*,*,#9947,.T.);
#10659=ORIENTED_EDGE('',*,*,#10658,.F.);
#10660=ORIENTED_EDGE('',*,*,#10328,.T.);
#10662=ORIENTED_EDGE('',*,*,#10661,.T.);
#10663=ORIENTED_EDGE('',*,*,#9939,.T.);
#10665=ORIENTED_EDGE('',*,*,#10664,.F.);
#10666=ORIENTED_EDGE('',*,*,#10314,.T.);
#10668=ORIENTED_EDGE('',*,*,#10667,.T.);
#10669=ORIENTED_EDGE('',*,*,#9931,.T.);
#10671=ORIENTED_EDGE('',*,*,#10670,.F.);
#10672=ORIENTED_EDGE('',*,*,#10298,.T.);
#10674=ORIENTED_EDGE('',*,*,#10673,.T.);
#10675=ORIENTED_EDGE('',*,*,#9923,.T.);
#10676=ORIENTED_EDGE('',*,*,#10105,.T.);
#10678=ORIENTED_EDGE('',*,*,#10677,.F.);
#10679=ORIENTED_EDGE('',*,*,#10556,.T.);
#10680=ORIENTED_EDGE('',*,*,#9963,.T.);
#10682=ORIENTED_EDGE('',*,*,#10681,.F.);
#10683=ORIENTED_EDGE('',*,*,#10262,.T.);
#10685=ORIENTED_EDGE('',*,*,#10684,.T.);
#10686=ORIENTED_EDGE('',*,*,#9955,.T.);
#10688=ORIENTED_EDGE('',*,*,#10687,.F.);
#10689=EDGE_LOOP('',(#10654,#10656,#10657,#10659,#10660,#10662,#10663,#10665,
#10666,#10668,#10669,#10671,#10672,#10674,#10675,#10676,#10678,#10679,#10680,
#10682,#10683,#10685,#10686,#10688));
#10690=FACE_OUTER_BOUND('',#10689,.F.);
#10691=ADVANCED_FACE('',(#10690),#10653,.F.);
#10692=CARTESIAN_POINT('',(-6.5E-2,-1.4E-2,4.2E-2));
#10693=DIRECTION('',(0.E0,-1.E0,0.E0));
#10694=DIRECTION('',(1.E0,0.E0,0.E0));
#10695=AXIS2_PLACEMENT_3D('',#10692,#10693,#10694);
#10696=PLANE('',#10695);
#10697=ORIENTED_EDGE('',*,*,#9949,.T.);
#10698=ORIENTED_EDGE('',*,*,#10655,.F.);
#10699=ORIENTED_EDGE('',*,*,#10284,.F.);
#10701=ORIENTED_EDGE('',*,*,#10700,.F.);
#10702=EDGE_LOOP('',(#10697,#10698,#10699,#10701));
#10703=FACE_OUTER_BOUND('',#10702,.F.);
#10704=ADVANCED_FACE('',(#10703),#10696,.F.);
#10705=CARTESIAN_POINT('',(-6.5E-2,6.5E-2,0.E0));
#10706=DIRECTION('',(-1.E0,0.E0,0.E0));
#10707=DIRECTION('',(0.E0,-1.E0,0.E0));
#10708=AXIS2_PLACEMENT_3D('',#10705,#10706,#10707);
#10709=PLANE('',#10708);
#10710=ORIENTED_EDGE('',*,*,#9927,.F.);
#10712=ORIENTED_EDGE('',*,*,#10711,.T.);
#10713=ORIENTED_EDGE('',*,*,#10294,.T.);
#10715=ORIENTED_EDGE('',*,*,#10714,.F.);
#10716=EDGE_LOOP('',(#10710,#10712,#10713,#10715));
#10717=FACE_OUTER_BOUND('',#10716,.F.);
#10718=ADVANCED_FACE('',(#10717),#10709,.T.);
#10719=CARTESIAN_POINT('',(-6.5E-2,6.5E-2,0.E0));
#10720=DIRECTION('',(-1.E0,0.E0,0.E0));
#10721=DIRECTION('',(0.E0,-1.E0,0.E0));
#10722=AXIS2_PLACEMENT_3D('',#10719,#10720,#10721);
#10723=PLANE('',#10722);
#10724=ORIENTED_EDGE('',*,*,#9935,.F.);
#10726=ORIENTED_EDGE('',*,*,#10725,.T.);
#10727=ORIENTED_EDGE('',*,*,#10310,.T.);
#10729=ORIENTED_EDGE('',*,*,#10728,.F.);
#10730=EDGE_LOOP('',(#10724,#10726,#10727,#10729));
#10731=FACE_OUTER_BOUND('',#10730,.F.);
#10732=ADVANCED_FACE('',(#10731),#10723,.T.);
#10733=CARTESIAN_POINT('',(-6.5E-2,6.5E-2,0.E0));
#10734=DIRECTION('',(-1.E0,0.E0,0.E0));
#10735=DIRECTION('',(0.E0,-1.E0,0.E0));
#10736=AXIS2_PLACEMENT_3D('',#10733,#10734,#10735);
#10737=PLANE('',#10736);
#10739=ORIENTED_EDGE('',*,*,#10738,.T.);
#10740=ORIENTED_EDGE('',*,*,#10332,.T.);
#10742=ORIENTED_EDGE('',*,*,#10741,.F.);
#10743=ORIENTED_EDGE('',*,*,#9943,.F.);
#10744=EDGE_LOOP('',(#10739,#10740,#10742,#10743));
#10745=FACE_OUTER_BOUND('',#10744,.F.);
#10746=ADVANCED_FACE('',(#10745),#10737,.T.);
#10747=CARTESIAN_POINT('',(-6.5E-2,6.5E-2,0.E0));
#10748=DIRECTION('',(-1.E0,0.E0,0.E0));
#10749=DIRECTION('',(0.E0,-1.E0,0.E0));
#10750=AXIS2_PLACEMENT_3D('',#10747,#10748,#10749);
#10751=PLANE('',#10750);
#10752=ORIENTED_EDGE('',*,*,#10700,.T.);
#10753=ORIENTED_EDGE('',*,*,#10282,.T.);
#10755=ORIENTED_EDGE('',*,*,#10754,.F.);
#10756=ORIENTED_EDGE('',*,*,#9951,.F.);
#10757=EDGE_LOOP('',(#10752,#10753,#10755,#10756));
#10758=FACE_OUTER_BOUND('',#10757,.F.);
#10759=ADVANCED_FACE('',(#10758),#10751,.T.);
#10760=CARTESIAN_POINT('',(-6.5E-2,6.5E-2,0.E0));
#10761=DIRECTION('',(-1.E0,0.E0,0.E0));
#10762=DIRECTION('',(0.E0,-1.E0,0.E0));
#10763=AXIS2_PLACEMENT_3D('',#10760,#10761,#10762);
#10764=PLANE('',#10763);
#10766=ORIENTED_EDGE('',*,*,#10765,.T.);
#10767=ORIENTED_EDGE('',*,*,#10266,.T.);
#10769=ORIENTED_EDGE('',*,*,#10768,.F.);
#10770=ORIENTED_EDGE('',*,*,#9959,.F.);
#10771=EDGE_LOOP('',(#10766,#10767,#10769,#10770));
#10772=FACE_OUTER_BOUND('',#10771,.F.);
#10773=ADVANCED_FACE('',(#10772),#10764,.T.);
#10774=CARTESIAN_POINT('',(-6.5E-2,5.8E-2,4.2E-2));
#10775=DIRECTION('',(0.E0,-1.E0,0.E0));
#10776=DIRECTION('',(1.E0,0.E0,0.E0));
#10777=AXIS2_PLACEMENT_3D('',#10774,#10775,#10776);
#10778=PLANE('',#10777);
#10779=ORIENTED_EDGE('',*,*,#9925,.T.);
#10780=ORIENTED_EDGE('',*,*,#10673,.F.);
#10781=ORIENTED_EDGE('',*,*,#10296,.F.);
#10782=ORIENTED_EDGE('',*,*,#10711,.F.);
#10783=EDGE_LOOP('',(#10779,#10780,#10781,#10782));
#10784=FACE_OUTER_BOUND('',#10783,.F.);
#10785=ADVANCED_FACE('',(#10784),#10778,.F.);
#10786=CARTESIAN_POINT('',(-6.E-2,3.8E-2,4.2E-2));
#10787=DIRECTION('',(0.E0,1.E0,0.E0));
#10788=DIRECTION('',(-1.E0,0.E0,0.E0));
#10789=AXIS2_PLACEMENT_3D('',#10786,#10787,#10788);
#10790=PLANE('',#10789);
#10791=ORIENTED_EDGE('',*,*,#9929,.F.);
#10792=ORIENTED_EDGE('',*,*,#10714,.T.);
#10793=ORIENTED_EDGE('',*,*,#10300,.T.);
#10794=ORIENTED_EDGE('',*,*,#10670,.T.);
#10795=EDGE_LOOP('',(#10791,#10792,#10793,#10794));
#10796=FACE_OUTER_BOUND('',#10795,.F.);
#10797=ADVANCED_FACE('',(#10796),#10790,.F.);
#10798=CARTESIAN_POINT('',(-6.5E-2,3.4E-2,4.2E-2));
#10799=DIRECTION('',(0.E0,-1.E0,0.E0));
#10800=DIRECTION('',(1.E0,0.E0,0.E0));
#10801=AXIS2_PLACEMENT_3D('',#10798,#10799,#10800);
#10802=PLANE('',#10801);
#10803=ORIENTED_EDGE('',*,*,#9933,.T.);
#10804=ORIENTED_EDGE('',*,*,#10667,.F.);
#10805=ORIENTED_EDGE('',*,*,#10312,.F.);
#10806=ORIENTED_EDGE('',*,*,#10725,.F.);
#10807=EDGE_LOOP('',(#10803,#10804,#10805,#10806));
#10808=FACE_OUTER_BOUND('',#10807,.F.);
#10809=ADVANCED_FACE('',(#10808),#10802,.F.);
#10810=CARTESIAN_POINT('',(-6.E-2,1.4E-2,4.2E-2));
#10811=DIRECTION('',(0.E0,1.E0,0.E0));
#10812=DIRECTION('',(-1.E0,0.E0,0.E0));
#10813=AXIS2_PLACEMENT_3D('',#10810,#10811,#10812);
#10814=PLANE('',#10813);
#10815=ORIENTED_EDGE('',*,*,#9937,.F.);
#10816=ORIENTED_EDGE('',*,*,#10728,.T.);
#10817=ORIENTED_EDGE('',*,*,#10316,.T.);
#10818=ORIENTED_EDGE('',*,*,#10664,.T.);
#10819=EDGE_LOOP('',(#10815,#10816,#10817,#10818));
#10820=FACE_OUTER_BOUND('',#10819,.F.);
#10821=ADVANCED_FACE('',(#10820),#10814,.F.);
#10822=CARTESIAN_POINT('',(-6.5E-2,1.E-2,4.2E-2));
#10823=DIRECTION('',(0.E0,-1.E0,0.E0));
#10824=DIRECTION('',(1.E0,0.E0,0.E0));
#10825=AXIS2_PLACEMENT_3D('',#10822,#10823,#10824);
#10826=PLANE('',#10825);
#10827=ORIENTED_EDGE('',*,*,#9941,.T.);
#10828=ORIENTED_EDGE('',*,*,#10661,.F.);
#10829=ORIENTED_EDGE('',*,*,#10326,.F.);
#10830=ORIENTED_EDGE('',*,*,#10738,.F.);
#10831=EDGE_LOOP('',(#10827,#10828,#10829,#10830));
#10832=FACE_OUTER_BOUND('',#10831,.F.);
#10833=ADVANCED_FACE('',(#10832),#10826,.F.);
#10834=CARTESIAN_POINT('',(-6.E-2,-1.E-2,4.2E-2));
#10835=DIRECTION('',(0.E0,1.E0,0.E0));
#10836=DIRECTION('',(-1.E0,0.E0,0.E0));
#10837=AXIS2_PLACEMENT_3D('',#10834,#10835,#10836);
#10838=PLANE('',#10837);
#10839=ORIENTED_EDGE('',*,*,#9945,.F.);
#10840=ORIENTED_EDGE('',*,*,#10741,.T.);
#10841=ORIENTED_EDGE('',*,*,#10330,.T.);
#10842=ORIENTED_EDGE('',*,*,#10658,.T.);
#10843=EDGE_LOOP('',(#10839,#10840,#10841,#10842));
#10844=FACE_OUTER_BOUND('',#10843,.F.);
#10845=ADVANCED_FACE('',(#10844),#10838,.F.);
#10846=CARTESIAN_POINT('',(-6.E-2,-3.4E-2,4.2E-2));
#10847=DIRECTION('',(0.E0,1.E0,0.E0));
#10848=DIRECTION('',(-1.E0,0.E0,0.E0));
#10849=AXIS2_PLACEMENT_3D('',#10846,#10847,#10848);
#10850=PLANE('',#10849);
#10851=ORIENTED_EDGE('',*,*,#9953,.F.);
#10852=ORIENTED_EDGE('',*,*,#10754,.T.);
#10853=ORIENTED_EDGE('',*,*,#10280,.T.);
#10854=ORIENTED_EDGE('',*,*,#10687,.T.);
#10855=EDGE_LOOP('',(#10851,#10852,#10853,#10854));
#10856=FACE_OUTER_BOUND('',#10855,.F.);
#10857=ADVANCED_FACE('',(#10856),#10850,.F.);
#10858=CARTESIAN_POINT('',(-6.5E-2,-3.8E-2,4.2E-2));
#10859=DIRECTION('',(0.E0,-1.E0,0.E0));
#10860=DIRECTION('',(1.E0,0.E0,0.E0));
#10861=AXIS2_PLACEMENT_3D('',#10858,#10859,#10860);
#10862=PLANE('',#10861);
#10863=ORIENTED_EDGE('',*,*,#9957,.T.);
#10864=ORIENTED_EDGE('',*,*,#10684,.F.);
#10865=ORIENTED_EDGE('',*,*,#10268,.F.);
#10866=ORIENTED_EDGE('',*,*,#10765,.F.);
#10867=EDGE_LOOP('',(#10863,#10864,#10865,#10866));
#10868=FACE_OUTER_BOUND('',#10867,.F.);
#10869=ADVANCED_FACE('',(#10868),#10862,.F.);
#10870=CARTESIAN_POINT('',(-6.E-2,-5.8E-2,4.2E-2));
#10871=DIRECTION('',(0.E0,1.E0,0.E0));
#10872=DIRECTION('',(-1.E0,0.E0,0.E0));
#10873=AXIS2_PLACEMENT_3D('',#10870,#10871,#10872);
#10874=PLANE('',#10873);
#10875=ORIENTED_EDGE('',*,*,#9961,.F.);
#10876=ORIENTED_EDGE('',*,*,#10768,.T.);
#10877=ORIENTED_EDGE('',*,*,#10264,.T.);
#10878=ORIENTED_EDGE('',*,*,#10681,.T.);
#10879=EDGE_LOOP('',(#10875,#10876,#10877,#10878));
#10880=FACE_OUTER_BOUND('',#10879,.F.);
#10881=ADVANCED_FACE('',(#10880),#10874,.F.);
#10882=CARTESIAN_POINT('',(0.E0,0.E0,4.2E-2));
#10883=DIRECTION('',(0.E0,0.E0,1.E0));
#10884=DIRECTION('',(1.E0,0.E0,0.E0));
#10885=AXIS2_PLACEMENT_3D('',#10882,#10883,#10884);
#10886=PLANE('',#10885);
#10887=ORIENTED_EDGE('',*,*,#10103,.T.);
#10888=ORIENTED_EDGE('',*,*,#10479,.T.);
#10889=ORIENTED_EDGE('',*,*,#10558,.T.);
#10890=ORIENTED_EDGE('',*,*,#10677,.T.);
#10891=EDGE_LOOP('',(#10887,#10888,#10889,#10890));
#10892=FACE_OUTER_BOUND('',#10891,.F.);
#10893=ADVANCED_FACE('',(#10892),#10886,.T.);
#10894=CARTESIAN_POINT('',(6.E-2,5.8E-2,4.2E-2));
#10895=DIRECTION('',(0.E0,-1.E0,0.E0));
#10896=DIRECTION('',(1.E0,0.E0,0.E0));
#10897=AXIS2_PLACEMENT_3D('',#10894,#10895,#10896);
#10898=PLANE('',#10897);
#10899=ORIENTED_EDGE('',*,*,#10021,.F.);
#10900=ORIENTED_EDGE('',*,*,#10438,.T.);
#10901=ORIENTED_EDGE('',*,*,#10202,.T.);
#10902=ORIENTED_EDGE('',*,*,#10483,.T.);
#10903=EDGE_LOOP('',(#10899,#10900,#10901,#10902));
#10904=FACE_OUTER_BOUND('',#10903,.F.);
#10905=ADVANCED_FACE('',(#10904),#10898,.F.);
#10906=CARTESIAN_POINT('',(6.5E-2,3.8E-2,4.2E-2));
#10907=DIRECTION('',(0.E0,1.E0,0.E0));
#10908=DIRECTION('',(-1.E0,0.E0,0.E0));
#10909=AXIS2_PLACEMENT_3D('',#10906,#10907,#10908);
#10910=PLANE('',#10909);
#10911=ORIENTED_EDGE('',*,*,#10017,.T.);
#10912=ORIENTED_EDGE('',*,*,#10486,.F.);
#10913=ORIENTED_EDGE('',*,*,#10198,.F.);
#10914=ORIENTED_EDGE('',*,*,#10435,.F.);
#10915=EDGE_LOOP('',(#10911,#10912,#10913,#10914));
#10916=FACE_OUTER_BOUND('',#10915,.F.);
#10917=ADVANCED_FACE('',(#10916),#10910,.F.);
#10918=CARTESIAN_POINT('',(6.E-2,3.4E-2,4.2E-2));
#10919=DIRECTION('',(0.E0,-1.E0,0.E0));
#10920=DIRECTION('',(1.E0,0.E0,0.E0));
#10921=AXIS2_PLACEMENT_3D('',#10918,#10919,#10920);
#10922=PLANE('',#10921);
#10923=ORIENTED_EDGE('',*,*,#10013,.F.);
#10924=ORIENTED_EDGE('',*,*,#10424,.T.);
#10925=ORIENTED_EDGE('',*,*,#10170,.T.);
#10926=ORIENTED_EDGE('',*,*,#10489,.T.);
#10927=EDGE_LOOP('',(#10923,#10924,#10925,#10926));
#10928=FACE_OUTER_BOUND('',#10927,.F.);
#10929=ADVANCED_FACE('',(#10928),#10922,.F.);
#10930=CARTESIAN_POINT('',(6.5E-2,1.4E-2,4.2E-2));
#10931=DIRECTION('',(0.E0,1.E0,0.E0));
#10932=DIRECTION('',(-1.E0,0.E0,0.E0));
#10933=AXIS2_PLACEMENT_3D('',#10930,#10931,#10932);
#10934=PLANE('',#10933);
#10935=ORIENTED_EDGE('',*,*,#10009,.T.);
#10936=ORIENTED_EDGE('',*,*,#10492,.F.);
#10937=ORIENTED_EDGE('',*,*,#10166,.F.);
#10938=ORIENTED_EDGE('',*,*,#10421,.F.);
#10939=EDGE_LOOP('',(#10935,#10936,#10937,#10938));
#10940=FACE_OUTER_BOUND('',#10939,.F.);
#10941=ADVANCED_FACE('',(#10940),#10934,.F.);
#10942=CLOSED_SHELL('',(#10033,#10048,#10062,#10077,#10091,#10118,#10130,#10144,
#10160,#10176,#10192,#10208,#10224,#10240,#10256,#10272,#10288,#10304,#10320,
#10336,#10348,#10360,#10374,#10388,#10402,#10415,#10429,#10443,#10456,#10498,
#10510,#10522,#10534,#10546,#10572,#10585,#10598,#10612,#10624,#10636,#10648,
#10691,#10704,#10718,#10732,#10746,#10759,#10773,#10785,#10797,#10809,#10821,
#10833,#10845,#10857,#10869,#10881,#10893,#10905,#10917,#10929,#10941));
#10943=MANIFOLD_SOLID_BREP('',#10942);
#10944=DIMENSIONAL_EXPONENTS(1.E0,0.E0,0.E0,0.E0,0.E0,0.E0,0.E0);
#10946=LENGTH_MEASURE_WITH_UNIT(LENGTH_MEASURE(2.54E1),#10945);
#10947=(CONVERSION_BASED_UNIT('INCH',#10946)LENGTH_UNIT()NAMED_UNIT(#10944));
#10948=DIMENSIONAL_EXPONENTS(0.E0,0.E0,0.E0,0.E0,0.E0,0.E0,0.E0);
#10950=PLANE_ANGLE_MEASURE_WITH_UNIT(PLANE_ANGLE_MEASURE(1.745329251994E-2),
#10949);
#10951=(CONVERSION_BASED_UNIT('DEGREE',#10950)NAMED_UNIT(*)PLANE_ANGLE_UNIT());
#10953=UNCERTAINTY_MEASURE_WITH_UNIT(LENGTH_MEASURE(1.885766553339E-5),#10947,
'closure',
'Maximum model space distance between geometric entities at asserted connectivities');
#10954=(GEOMETRIC_REPRESENTATION_CONTEXT(3)GLOBAL_UNCERTAINTY_ASSIGNED_CONTEXT((
#10953))GLOBAL_UNIT_ASSIGNED_CONTEXT((#10947,#10951,#10952))REPRESENTATION_CONTEXT('ID7','3'));
#10955=CARTESIAN_POINT('',(0.E0,0.E0,0.E0));
#10956=DIRECTION('',(0.E0,0.E0,1.E0));
#10957=DIRECTION('',(1.E0,0.E0,0.E0));
#10960=DESIGN_CONTEXT('',#1259,'design');
#10961=MECHANICAL_CONTEXT('',#1259,'mechanical');
#10962=PRODUCT('DRC','DRC','NOT SPECIFIED',(#10961));
#10963=PRODUCT_DEFINITION_FORMATION_WITH_SPECIFIED_SOURCE('1','LAST_VERSION',
#10962,.MADE.);
#10969=CARTESIAN_POINT('',(1.27E-1,1.675E-1,0.E0));
#10970=DIRECTION('',(0.E0,0.E0,-1.E0));
#10971=DIRECTION('',(0.E0,-1.E0,0.E0));
#10972=AXIS2_PLACEMENT_3D('',#10969,#10970,#10971);
#10973=ITEM_DEFINED_TRANSFORMATION('','',#10958,#10972);
#10974=(REPRESENTATION_RELATIONSHIP('','',#10959,#1270)REPRESENTATION_RELATIONSHIP_WITH_TRANSFORMATION(#10973)SHAPE_REPRESENTATION_RELATIONSHIP());
#10975=CONTEXT_DEPENDENT_SHAPE_REPRESENTATION(#10974,#10968);
#10976=DIRECTION('',(0.E0,0.E0,1.E0));
#10977=VECTOR('',#10976,7.E-3);
#10978=CARTESIAN_POINT('',(0.E0,-4.7E-2,-7.9E-2));
#10979=LINE('',#10978,#10977);
#10980=DIRECTION('',(0.E0,1.E0,0.E0));
#10981=VECTOR('',#10980,4.5E-2);
#10982=CARTESIAN_POINT('',(0.E0,-4.7E-2,-7.9E-2));
#10983=LINE('',#10982,#10981);
#10984=DIRECTION('',(0.E0,0.E0,-1.E0));
#10985=VECTOR('',#10984,7.E-3);
#10986=CARTESIAN_POINT('',(0.E0,-2.E-3,-7.2E-2));
#10987=LINE('',#10986,#10985);
#10988=DIRECTION('',(0.E0,0.E0,1.E0));
#10989=VECTOR('',#10988,7.E-3);
#10990=CARTESIAN_POINT('',(0.E0,-4.7E-2,-7.E-3));
#10991=LINE('',#10990,#10989);
#10992=DIRECTION('',(0.E0,0.E0,-1.E0));
#10993=VECTOR('',#10992,7.E-3);
#10994=CARTESIAN_POINT('',(0.E0,-2.E-3,0.E0));
#10995=LINE('',#10994,#10993);
#10996=DIRECTION('',(0.E0,-1.E0,0.E0));
#10997=VECTOR('',#10996,4.5E-2);
#10998=CARTESIAN_POINT('',(0.E0,-2.E-3,0.E0));
#10999=LINE('',#10998,#10997);
#11000=DIRECTION('',(1.E0,0.E0,0.E0));
#11001=VECTOR('',#11000,5.1E-2);
#11002=CARTESIAN_POINT('',(3.E-3,-3.E-3,-7.2E-2));
#11003=LINE('',#11002,#11001);
#11004=CARTESIAN_POINT('',(2.E-3,-4.7E-2,-7.2E-2));
#11005=DIRECTION('',(0.E0,0.E0,1.E0));
#11006=DIRECTION('',(-1.E0,0.E0,0.E0));
#11007=AXIS2_PLACEMENT_3D('',#11004,#11005,#11006);
#11009=DIRECTION('',(0.E0,1.E0,0.E0));
#11010=VECTOR('',#11009,4.5E-2);
#11011=CARTESIAN_POINT('',(0.E0,-4.7E-2,-7.2E-2));
#11012=LINE('',#11011,#11010);
#11013=CARTESIAN_POINT('',(2.E-3,-2.E-3,-7.2E-2));
#11014=DIRECTION('',(0.E0,0.E0,1.E0));
#11015=DIRECTION('',(0.E0,1.E0,0.E0));
#11016=AXIS2_PLACEMENT_3D('',#11013,#11014,#11015);
#11018=CARTESIAN_POINT('',(5.5E-2,-2.E-3,-7.2E-2));
#11019=DIRECTION('',(0.E0,0.E0,1.E0));
#11020=DIRECTION('',(1.E0,0.E0,0.E0));
#11021=AXIS2_PLACEMENT_3D('',#11018,#11019,#11020);
#11023=DIRECTION('',(0.E0,-1.E0,0.E0));
#11024=VECTOR('',#11023,4.5E-2);
#11025=CARTESIAN_POINT('',(5.7E-2,-2.E-3,-7.2E-2));
#11026=LINE('',#11025,#11024);
#11027=CARTESIAN_POINT('',(5.5E-2,-4.7E-2,-7.2E-2));
#11028=DIRECTION('',(0.E0,0.E0,1.E0));
#11029=DIRECTION('',(0.E0,-1.E0,0.E0));
#11030=AXIS2_PLACEMENT_3D('',#11027,#11028,#11029);
#11032=DIRECTION('',(0.E0,0.E0,1.E0));
#11033=VECTOR('',#11032,6.5E-2);
#11034=CARTESIAN_POINT('',(5.4E-2,-4.6E-2,-7.2E-2));
#11035=LINE('',#11034,#11033);
#11036=DIRECTION('',(1.E0,0.E0,0.E0));
#11037=VECTOR('',#11036,5.1E-2);
#11038=CARTESIAN_POINT('',(3.E-3,-4.6E-2,-7.2E-2));
#11039=LINE('',#11038,#11037);
#11040=DIRECTION('',(0.E0,0.E0,1.E0));
#11041=VECTOR('',#11040,6.5E-2);
#11042=CARTESIAN_POINT('',(3.E-3,-4.6E-2,-7.2E-2));
#11043=LINE('',#11042,#11041);
#11044=DIRECTION('',(0.E0,-1.E0,0.E0));
#11045=VECTOR('',#11044,4.3E-2);
#11046=CARTESIAN_POINT('',(5.4E-2,-3.E-3,-7.E-3));
#11047=LINE('',#11046,#11045);
#11048=DIRECTION('',(0.E0,1.E0,0.E0));
#11049=VECTOR('',#11048,4.3E-2);
#11050=CARTESIAN_POINT('',(5.4E-2,-4.6E-2,-7.2E-2));
#11051=LINE('',#11050,#11049);
#11052=DIRECTION('',(1.E0,0.E0,0.E0));
#11053=VECTOR('',#11052,5.1E-2);
#11054=CARTESIAN_POINT('',(3.E-3,-4.6E-2,-7.E-3));
#11055=LINE('',#11054,#11053);
#11056=CARTESIAN_POINT('',(2.E-3,-4.7E-2,-7.E-3));
#11057=DIRECTION('',(0.E0,0.E0,-1.E0));
#11058=DIRECTION('',(0.E0,-1.E0,0.E0));
#11059=AXIS2_PLACEMENT_3D('',#11056,#11057,#11058);
#11061=CARTESIAN_POINT('',(5.5E-2,-4.7E-2,-7.E-3));
#11062=DIRECTION('',(0.E0,0.E0,-1.E0));
#11063=DIRECTION('',(1.E0,0.E0,0.E0));
#11064=AXIS2_PLACEMENT_3D('',#11061,#11062,#11063);
#11066=DIRECTION('',(0.E0,1.E0,0.E0));
#11067=VECTOR('',#11066,4.5E-2);
#11068=CARTESIAN_POINT('',(5.7E-2,-4.7E-2,-7.E-3));
#11069=LINE('',#11068,#11067);
#11070=CARTESIAN_POINT('',(5.5E-2,-2.E-3,-7.E-3));
#11071=DIRECTION('',(0.E0,0.E0,-1.E0));
#11072=DIRECTION('',(0.E0,1.E0,0.E0));
#11073=AXIS2_PLACEMENT_3D('',#11070,#11071,#11072);
#11075=CARTESIAN_POINT('',(2.E-3,-2.E-3,-7.E-3));
#11076=DIRECTION('',(0.E0,0.E0,-1.E0));
#11077=DIRECTION('',(-1.E0,0.E0,0.E0));
#11078=AXIS2_PLACEMENT_3D('',#11075,#11076,#11077);
#11080=DIRECTION('',(0.E0,-1.E0,0.E0));
#11081=VECTOR('',#11080,4.5E-2);
#11082=CARTESIAN_POINT('',(0.E0,-2.E-3,-7.E-3));
#11083=LINE('',#11082,#11081);
#11084=DIRECTION('',(0.E0,0.E0,-1.E0));
#11085=VECTOR('',#11084,6.5E-2);
#11086=CARTESIAN_POINT('',(5.4E-2,-3.E-3,-7.E-3));
#11087=LINE('',#11086,#11085);
#11088=DIRECTION('',(1.E0,0.E0,0.E0));
#11089=VECTOR('',#11088,5.1E-2);
#11090=CARTESIAN_POINT('',(3.E-3,-3.E-3,-7.E-3));
#11091=LINE('',#11090,#11089);
#11092=DIRECTION('',(0.E0,0.E0,-1.E0));
#11093=VECTOR('',#11092,6.5E-2);
#11094=CARTESIAN_POINT('',(3.E-3,-3.E-3,-7.E-3));
#11095=LINE('',#11094,#11093);
#11096=DIRECTION('',(0.E0,1.E0,0.E0));
#11097=VECTOR('',#11096,4.3E-2);
#11098=CARTESIAN_POINT('',(3.E-3,-4.6E-2,-7.2E-2));
#11099=LINE('',#11098,#11097);
#11100=DIRECTION('',(0.E0,-1.E0,0.E0));
#11101=VECTOR('',#11100,4.3E-2);
#11102=CARTESIAN_POINT('',(3.E-3,-3.E-3,-7.E-3));
#11103=LINE('',#11102,#11101);
#11104=CARTESIAN_POINT('',(2.E-3,-4.7E-2,0.E0));
#11105=DIRECTION('',(0.E0,0.E0,1.E0));
#11106=DIRECTION('',(-1.E0,0.E0,0.E0));
#11107=AXIS2_PLACEMENT_3D('',#11104,#11105,#11106);
#11109=CARTESIAN_POINT('',(2.E-3,-2.E-3,0.E0));
#11110=DIRECTION('',(0.E0,0.E0,1.E0));
#11111=DIRECTION('',(0.E0,1.E0,0.E0));
#11112=AXIS2_PLACEMENT_3D('',#11109,#11110,#11111);
#11114=DIRECTION('',(1.E0,0.E0,0.E0));
#11115=VECTOR('',#11114,5.3E-2);
#11116=CARTESIAN_POINT('',(2.E-3,0.E0,0.E0));
#11117=LINE('',#11116,#11115);
#11118=CARTESIAN_POINT('',(5.5E-2,-2.E-3,0.E0));
#11119=DIRECTION('',(0.E0,0.E0,1.E0));
#11120=DIRECTION('',(1.E0,0.E0,0.E0));
#11121=AXIS2_PLACEMENT_3D('',#11118,#11119,#11120);
#11123=CARTESIAN_POINT('',(5.5E-2,-4.7E-2,0.E0));
#11124=DIRECTION('',(0.E0,0.E0,1.E0));
#11125=DIRECTION('',(0.E0,-1.E0,0.E0));
#11126=AXIS2_PLACEMENT_3D('',#11123,#11124,#11125);
#11128=DIRECTION('',(0.E0,0.E0,1.E0));
#11129=VECTOR('',#11128,7.E-3);
#11130=CARTESIAN_POINT('',(5.5E-2,0.E0,-7.9E-2));
#11131=LINE('',#11130,#11129);
#11132=DIRECTION('',(1.E0,0.E0,0.E0));
#11133=VECTOR('',#11132,5.3E-2);
#11134=CARTESIAN_POINT('',(2.E-3,0.E0,-7.2E-2));
#11135=LINE('',#11134,#11133);
#11136=DIRECTION('',(0.E0,0.E0,-1.E0));
#11137=VECTOR('',#11136,7.E-3);
#11138=CARTESIAN_POINT('',(2.E-3,0.E0,-7.2E-2));
#11139=LINE('',#11138,#11137);
#11140=DIRECTION('',(1.E0,0.E0,0.E0));
#11141=VECTOR('',#11140,5.3E-2);
#11142=CARTESIAN_POINT('',(2.E-3,0.E0,-7.9E-2));
#11143=LINE('',#11142,#11141);
#11144=DIRECTION('',(0.E0,0.E0,1.E0));
#11145=VECTOR('',#11144,7.E-3);
#11146=CARTESIAN_POINT('',(5.5E-2,0.E0,-7.E-3));
#11147=LINE('',#11146,#11145);
#11148=DIRECTION('',(0.E0,0.E0,-1.E0));
#11149=VECTOR('',#11148,7.E-3);
#11150=CARTESIAN_POINT('',(2.E-3,0.E0,0.E0));
#11151=LINE('',#11150,#11149);
#11152=DIRECTION('',(1.E0,0.E0,0.E0));
#11153=VECTOR('',#11152,5.3E-2);
#11154=CARTESIAN_POINT('',(2.E-3,0.E0,-7.E-3));
#11155=LINE('',#11154,#11153);
#11156=CARTESIAN_POINT('',(2.E-3,-4.7E-2,-7.9E-2));
#11157=DIRECTION('',(0.E0,0.E0,-1.E0));
#11158=DIRECTION('',(0.E0,-1.E0,0.E0));
#11159=AXIS2_PLACEMENT_3D('',#11156,#11157,#11158);
#11161=DIRECTION('',(1.E0,0.E0,0.E0));
#11162=VECTOR('',#11161,5.3E-2);
#11163=CARTESIAN_POINT('',(2.E-3,-4.9E-2,-7.9E-2));
#11164=LINE('',#11163,#11162);
#11165=CARTESIAN_POINT('',(5.5E-2,-4.7E-2,-7.9E-2));
#11166=DIRECTION('',(0.E0,0.E0,-1.E0));
#11167=DIRECTION('',(1.E0,0.E0,0.E0));
#11168=AXIS2_PLACEMENT_3D('',#11165,#11166,#11167);
#11170=CARTESIAN_POINT('',(5.5E-2,-2.E-3,-7.9E-2));
#11171=DIRECTION('',(0.E0,0.E0,-1.E0));
#11172=DIRECTION('',(0.E0,1.E0,0.E0));
#11173=AXIS2_PLACEMENT_3D('',#11170,#11171,#11172);
#11175=CARTESIAN_POINT('',(2.E-3,-2.E-3,-7.9E-2));
#11176=DIRECTION('',(0.E0,0.E0,-1.E0));
#11177=DIRECTION('',(-1.E0,0.E0,0.E0));
#11178=AXIS2_PLACEMENT_3D('',#11175,#11176,#11177);
#11180=DIRECTION('',(0.E0,0.E0,1.E0));
#11181=VECTOR('',#11180,7.E-3);
#11182=CARTESIAN_POINT('',(2.E-3,-4.9E-2,-7.9E-2));
#11183=LINE('',#11182,#11181);
#11184=DIRECTION('',(1.E0,0.E0,0.E0));
#11185=VECTOR('',#11184,5.3E-2);
#11186=CARTESIAN_POINT('',(2.E-3,-4.9E-2,-7.2E-2));
#11187=LINE('',#11186,#11185);
#11188=DIRECTION('',(0.E0,0.E0,1.E0));
#11189=VECTOR('',#11188,7.E-3);
#11190=CARTESIAN_POINT('',(5.5E-2,-4.9E-2,-7.9E-2));
#11191=LINE('',#11190,#11189);
#11192=DIRECTION('',(0.E0,0.E0,1.E0));
#11193=VECTOR('',#11192,7.E-3);
#11194=CARTESIAN_POINT('',(2.E-3,-4.9E-2,-7.E-3));
#11195=LINE('',#11194,#11193);
#11196=DIRECTION('',(1.E0,0.E0,0.E0));
#11197=VECTOR('',#11196,5.3E-2);
#11198=CARTESIAN_POINT('',(2.E-3,-4.9E-2,0.E0));
#11199=LINE('',#11198,#11197);
#11200=DIRECTION('',(0.E0,0.E0,1.E0));
#11201=VECTOR('',#11200,7.E-3);
#11202=CARTESIAN_POINT('',(5.5E-2,-4.9E-2,-7.E-3));
#11203=LINE('',#11202,#11201);
#11204=DIRECTION('',(1.E0,0.E0,0.E0));
#11205=VECTOR('',#11204,5.3E-2);
#11206=CARTESIAN_POINT('',(2.E-3,-4.9E-2,-7.E-3));
#11207=LINE('',#11206,#11205);
#11208=DIRECTION('',(0.E0,0.E0,1.E0));
#11209=VECTOR('',#11208,7.E-3);
#11210=CARTESIAN_POINT('',(5.7E-2,-4.7E-2,-7.9E-2));
#11211=LINE('',#11210,#11209);
#11212=DIRECTION('',(0.E0,0.E0,1.E0));
#11213=VECTOR('',#11212,7.E-3);
#11214=CARTESIAN_POINT('',(5.7E-2,-2.E-3,-7.9E-2));
#11215=LINE('',#11214,#11213);
#11216=DIRECTION('',(0.E0,1.E0,0.E0));
#11217=VECTOR('',#11216,4.5E-2);
#11218=CARTESIAN_POINT('',(5.7E-2,-4.7E-2,-7.9E-2));
#11219=LINE('',#11218,#11217);
#11220=DIRECTION('',(0.E0,0.E0,1.E0));
#11221=VECTOR('',#11220,7.E-3);
#11222=CARTESIAN_POINT('',(5.7E-2,-4.7E-2,-7.E-3));
#11223=LINE('',#11222,#11221);
#11224=DIRECTION('',(0.E0,-1.E0,0.E0));
#11225=VECTOR('',#11224,4.5E-2);
#11226=CARTESIAN_POINT('',(5.7E-2,-2.E-3,0.E0));
#11227=LINE('',#11226,#11225);
#11228=DIRECTION('',(0.E0,0.E0,1.E0));
#11229=VECTOR('',#11228,7.E-3);
#11230=CARTESIAN_POINT('',(5.7E-2,-2.E-3,-7.E-3));
#11231=LINE('',#11230,#11229);
#11232=CARTESIAN_POINT('',(3.E-3,-4.6E-2,-7.2E-2));
#11233=CARTESIAN_POINT('',(3.E-3,-4.6E-2,-7.E-3));
#11234=VERTEX_POINT('',#11232);
#11235=VERTEX_POINT('',#11233);
#11236=CARTESIAN_POINT('',(3.E-3,-3.E-3,-7.E-3));
#11237=CARTESIAN_POINT('',(3.E-3,-3.E-3,-7.2E-2));
#11238=VERTEX_POINT('',#11236);
#11239=VERTEX_POINT('',#11237);
#11240=CARTESIAN_POINT('',(5.4E-2,-4.6E-2,-7.2E-2));
#11241=CARTESIAN_POINT('',(5.4E-2,-4.6E-2,-7.E-3));
#11242=VERTEX_POINT('',#11240);
#11243=VERTEX_POINT('',#11241);
#11244=CARTESIAN_POINT('',(5.4E-2,-3.E-3,-7.E-3));
#11245=CARTESIAN_POINT('',(5.4E-2,-3.E-3,-7.2E-2));
#11246=VERTEX_POINT('',#11244);
#11247=VERTEX_POINT('',#11245);
#11248=CARTESIAN_POINT('',(0.E0,-2.E-3,-7.E-3));
#11249=CARTESIAN_POINT('',(2.E-3,0.E0,-7.E-3));
#11250=VERTEX_POINT('',#11248);
#11251=VERTEX_POINT('',#11249);
#11252=CARTESIAN_POINT('',(2.E-3,0.E0,0.E0));
#11253=VERTEX_POINT('',#11252);
#11254=CARTESIAN_POINT('',(0.E0,-2.E-3,0.E0));
#11255=VERTEX_POINT('',#11254);
#11256=CARTESIAN_POINT('',(0.E0,-2.E-3,-7.9E-2));
#11257=CARTESIAN_POINT('',(2.E-3,0.E0,-7.9E-2));
#11258=VERTEX_POINT('',#11256);
#11259=VERTEX_POINT('',#11257);
#11260=CARTESIAN_POINT('',(2.E-3,0.E0,-7.2E-2));
#11261=VERTEX_POINT('',#11260);
#11262=CARTESIAN_POINT('',(0.E0,-2.E-3,-7.2E-2));
#11263=VERTEX_POINT('',#11262);
#11264=CARTESIAN_POINT('',(5.7E-2,-2.E-3,-7.2E-2));
#11265=CARTESIAN_POINT('',(5.5E-2,0.E0,-7.2E-2));
#11266=VERTEX_POINT('',#11264);
#11267=VERTEX_POINT('',#11265);
#11268=CARTESIAN_POINT('',(5.5E-2,0.E0,-7.9E-2));
#11269=VERTEX_POINT('',#11268);
#11270=CARTESIAN_POINT('',(5.7E-2,-2.E-3,-7.9E-2));
#11271=VERTEX_POINT('',#11270);
#11272=CARTESIAN_POINT('',(5.7E-2,-2.E-3,0.E0));
#11273=CARTESIAN_POINT('',(5.5E-2,0.E0,0.E0));
#11274=VERTEX_POINT('',#11272);
#11275=VERTEX_POINT('',#11273);
#11276=CARTESIAN_POINT('',(5.5E-2,0.E0,-7.E-3));
#11277=VERTEX_POINT('',#11276);
#11278=CARTESIAN_POINT('',(5.7E-2,-2.E-3,-7.E-3));
#11279=VERTEX_POINT('',#11278);
#11280=CARTESIAN_POINT('',(5.5E-2,-4.9E-2,-7.2E-2));
#11281=CARTESIAN_POINT('',(5.7E-2,-4.7E-2,-7.2E-2));
#11282=VERTEX_POINT('',#11280);
#11283=VERTEX_POINT('',#11281);
#11284=CARTESIAN_POINT('',(5.7E-2,-4.7E-2,-7.9E-2));
#11285=VERTEX_POINT('',#11284);
#11286=CARTESIAN_POINT('',(5.5E-2,-4.9E-2,-7.9E-2));
#11287=VERTEX_POINT('',#11286);
#11288=CARTESIAN_POINT('',(5.5E-2,-4.9E-2,0.E0));
#11289=CARTESIAN_POINT('',(5.7E-2,-4.7E-2,0.E0));
#11290=VERTEX_POINT('',#11288);
#11291=VERTEX_POINT('',#11289);
#11292=CARTESIAN_POINT('',(5.7E-2,-4.7E-2,-7.E-3));
#11293=VERTEX_POINT('',#11292);
#11294=CARTESIAN_POINT('',(5.5E-2,-4.9E-2,-7.E-3));
#11295=VERTEX_POINT('',#11294);
#11296=CARTESIAN_POINT('',(0.E0,-4.7E-2,-7.2E-2));
#11297=CARTESIAN_POINT('',(2.E-3,-4.9E-2,-7.2E-2));
#11298=VERTEX_POINT('',#11296);
#11299=VERTEX_POINT('',#11297);
#11300=CARTESIAN_POINT('',(2.E-3,-4.9E-2,-7.9E-2));
#11301=VERTEX_POINT('',#11300);
#11302=CARTESIAN_POINT('',(0.E0,-4.7E-2,-7.9E-2));
#11303=VERTEX_POINT('',#11302);
#11304=CARTESIAN_POINT('',(0.E0,-4.7E-2,0.E0));
#11305=CARTESIAN_POINT('',(2.E-3,-4.9E-2,0.E0));
#11306=VERTEX_POINT('',#11304);
#11307=VERTEX_POINT('',#11305);
#11308=CARTESIAN_POINT('',(2.E-3,-4.9E-2,-7.E-3));
#11309=VERTEX_POINT('',#11308);
#11310=CARTESIAN_POINT('',(0.E0,-4.7E-2,-7.E-3));
#11311=VERTEX_POINT('',#11310);
#11312=CARTESIAN_POINT('',(0.E0,0.E0,0.E0));
#11313=DIRECTION('',(1.E0,0.E0,0.E0));
#11314=DIRECTION('',(0.E0,0.E0,1.E0));
#11315=AXIS2_PLACEMENT_3D('',#11312,#11313,#11314);
#11316=PLANE('',#11315);
#11318=ORIENTED_EDGE('',*,*,#11317,.F.);
#11320=ORIENTED_EDGE('',*,*,#11319,.T.);
#11322=ORIENTED_EDGE('',*,*,#11321,.F.);
#11324=ORIENTED_EDGE('',*,*,#11323,.F.);
#11325=EDGE_LOOP('',(#11318,#11320,#11322,#11324));
#11326=FACE_OUTER_BOUND('',#11325,.F.);
#11327=ADVANCED_FACE('',(#11326),#11316,.F.);
#11328=CARTESIAN_POINT('',(0.E0,0.E0,0.E0));
#11329=DIRECTION('',(1.E0,0.E0,0.E0));
#11330=DIRECTION('',(0.E0,0.E0,1.E0));
#11331=AXIS2_PLACEMENT_3D('',#11328,#11329,#11330);
#11332=PLANE('',#11331);
#11334=ORIENTED_EDGE('',*,*,#11333,.F.);
#11336=ORIENTED_EDGE('',*,*,#11335,.F.);
#11338=ORIENTED_EDGE('',*,*,#11337,.F.);
#11340=ORIENTED_EDGE('',*,*,#11339,.T.);
#11341=EDGE_LOOP('',(#11334,#11336,#11338,#11340));
#11342=FACE_OUTER_BOUND('',#11341,.F.);
#11343=ADVANCED_FACE('',(#11342),#11332,.F.);
#11344=CARTESIAN_POINT('',(2.E-3,-4.7E-2,-7.917575745148E-2));
#11345=DIRECTION('',(0.E0,0.E0,1.E0));
#11346=DIRECTION('',(-1.E0,0.E0,0.E0));
#11347=AXIS2_PLACEMENT_3D('',#11344,#11345,#11346);
#11348=CYLINDRICAL_SURFACE('',#11347,2.E-3);
#11350=ORIENTED_EDGE('',*,*,#11349,.T.);
#11352=ORIENTED_EDGE('',*,*,#11351,.F.);
#11354=ORIENTED_EDGE('',*,*,#11353,.T.);
#11355=ORIENTED_EDGE('',*,*,#11317,.T.);
#11356=EDGE_LOOP('',(#11350,#11352,#11354,#11355));
#11357=FACE_OUTER_BOUND('',#11356,.F.);
#11358=ADVANCED_FACE('',(#11357),#11348,.T.);
#11359=CARTESIAN_POINT('',(0.E0,-4.9E-2,-7.2E-2));
#11360=DIRECTION('',(0.E0,0.E0,-1.E0));
#11361=DIRECTION('',(0.E0,1.E0,0.E0));
#11362=AXIS2_PLACEMENT_3D('',#11359,#11360,#11361);
#11363=PLANE('',#11362);
#11364=ORIENTED_EDGE('',*,*,#11349,.F.);
#11365=ORIENTED_EDGE('',*,*,#11323,.T.);
#11367=ORIENTED_EDGE('',*,*,#11366,.F.);
#11369=ORIENTED_EDGE('',*,*,#11368,.T.);
#11371=ORIENTED_EDGE('',*,*,#11370,.F.);
#11373=ORIENTED_EDGE('',*,*,#11372,.T.);
#11375=ORIENTED_EDGE('',*,*,#11374,.F.);
#11377=ORIENTED_EDGE('',*,*,#11376,.F.);
#11378=EDGE_LOOP('',(#11364,#11365,#11367,#11369,#11371,#11373,#11375,#11377));
#11379=FACE_OUTER_BOUND('',#11378,.F.);
#11381=ORIENTED_EDGE('',*,*,#11380,.T.);
#11383=ORIENTED_EDGE('',*,*,#11382,.T.);
#11385=ORIENTED_EDGE('',*,*,#11384,.F.);
#11387=ORIENTED_EDGE('',*,*,#11386,.F.);
#11388=EDGE_LOOP('',(#11381,#11383,#11385,#11387));
#11389=FACE_BOUND('',#11388,.F.);
#11390=ADVANCED_FACE('',(#11379,#11389),#11363,.F.);
#11391=CARTESIAN_POINT('',(0.E0,-4.6E-2,-7.2E-2));
#11392=DIRECTION('',(0.E0,1.E0,0.E0));
#11393=DIRECTION('',(0.E0,0.E0,1.E0));
#11394=AXIS2_PLACEMENT_3D('',#11391,#11392,#11393);
#11395=PLANE('',#11394);
#11397=ORIENTED_EDGE('',*,*,#11396,.F.);
#11398=ORIENTED_EDGE('',*,*,#11380,.F.);
#11400=ORIENTED_EDGE('',*,*,#11399,.T.);
#11402=ORIENTED_EDGE('',*,*,#11401,.T.);
#11403=EDGE_LOOP('',(#11397,#11398,#11400,#11402));
#11404=FACE_OUTER_BOUND('',#11403,.F.);
#11405=ADVANCED_FACE('',(#11404),#11395,.F.);
#11406=CARTESIAN_POINT('',(5.4E-2,0.E0,0.E0));
#11407=DIRECTION('',(1.E0,0.E0,0.E0));
#11408=DIRECTION('',(0.E0,1.E0,0.E0));
#11409=AXIS2_PLACEMENT_3D('',#11406,#11407,#11408);
#11410=PLANE('',#11409);
#11411=ORIENTED_EDGE('',*,*,#11396,.T.);
#11413=ORIENTED_EDGE('',*,*,#11412,.F.);
#11415=ORIENTED_EDGE('',*,*,#11414,.T.);
#11416=ORIENTED_EDGE('',*,*,#11382,.F.);
#11417=EDGE_LOOP('',(#11411,#11413,#11415,#11416));
#11418=FACE_OUTER_BOUND('',#11417,.F.);
#11419=ADVANCED_FACE('',(#11418),#11410,.T.);
#11420=CARTESIAN_POINT('',(0.E0,-4.6E-2,-7.E-3));
#11421=DIRECTION('',(0.E0,0.E0,1.E0));
#11422=DIRECTION('',(0.E0,-1.E0,0.E0));
#11423=AXIS2_PLACEMENT_3D('',#11420,#11421,#11422);
#11424=PLANE('',#11423);
#11426=ORIENTED_EDGE('',*,*,#11425,.F.);
#11428=ORIENTED_EDGE('',*,*,#11427,.T.);
#11430=ORIENTED_EDGE('',*,*,#11429,.F.);
#11432=ORIENTED_EDGE('',*,*,#11431,.T.);
#11434=ORIENTED_EDGE('',*,*,#11433,.F.);
#11436=ORIENTED_EDGE('',*,*,#11435,.F.);
#11438=ORIENTED_EDGE('',*,*,#11437,.F.);
#11439=ORIENTED_EDGE('',*,*,#11335,.T.);
#11440=EDGE_LOOP('',(#11426,#11428,#11430,#11432,#11434,#11436,#11438,#11439));
#11441=FACE_OUTER_BOUND('',#11440,.F.);
#11443=ORIENTED_EDGE('',*,*,#11442,.T.);
#11444=ORIENTED_EDGE('',*,*,#11412,.T.);
#11445=ORIENTED_EDGE('',*,*,#11401,.F.);
#11447=ORIENTED_EDGE('',*,*,#11446,.F.);
#11448=EDGE_LOOP('',(#11443,#11444,#11445,#11447));
#11449=FACE_BOUND('',#11448,.F.);
#11450=ADVANCED_FACE('',(#11441,#11449),#11424,.F.);
#11451=CARTESIAN_POINT('',(0.E0,-3.E-3,-7.E-3));
#11452=DIRECTION('',(0.E0,-1.E0,0.E0));
#11453=DIRECTION('',(0.E0,0.E0,-1.E0));
#11454=AXIS2_PLACEMENT_3D('',#11451,#11452,#11453);
#11455=PLANE('',#11454);
#11456=ORIENTED_EDGE('',*,*,#11414,.F.);
#11457=ORIENTED_EDGE('',*,*,#11442,.F.);
#11459=ORIENTED_EDGE('',*,*,#11458,.T.);
#11460=ORIENTED_EDGE('',*,*,#11384,.T.);
#11461=EDGE_LOOP('',(#11456,#11457,#11459,#11460));
#11462=FACE_OUTER_BOUND('',#11461,.F.);
#11463=ADVANCED_FACE('',(#11462),#11455,.F.);
#11464=CARTESIAN_POINT('',(3.E-3,0.E0,0.E0));
#11465=DIRECTION('',(1.E0,0.E0,0.E0));
#11466=DIRECTION('',(0.E0,0.E0,1.E0));
#11467=AXIS2_PLACEMENT_3D('',#11464,#11465,#11466);
#11468=PLANE('',#11467);
#11469=ORIENTED_EDGE('',*,*,#11399,.F.);
#11470=ORIENTED_EDGE('',*,*,#11386,.T.);
#11471=ORIENTED_EDGE('',*,*,#11458,.F.);
#11472=ORIENTED_EDGE('',*,*,#11446,.T.);
#11473=EDGE_LOOP('',(#11469,#11470,#11471,#11472));
#11474=FACE_OUTER_BOUND('',#11473,.F.);
#11475=ADVANCED_FACE('',(#11474),#11468,.F.);
#11476=CARTESIAN_POINT('',(2.E-3,-4.7E-2,-7.917575745148E-2));
#11477=DIRECTION('',(0.E0,0.E0,1.E0));
#11478=DIRECTION('',(-1.E0,0.E0,0.E0));
#11479=AXIS2_PLACEMENT_3D('',#11476,#11477,#11478);
#11480=CYLINDRICAL_SURFACE('',#11479,2.E-3);
#11482=ORIENTED_EDGE('',*,*,#11481,.T.);
#11484=ORIENTED_EDGE('',*,*,#11483,.F.);
#11485=ORIENTED_EDGE('',*,*,#11425,.T.);
#11486=ORIENTED_EDGE('',*,*,#11333,.T.);
#11487=EDGE_LOOP('',(#11482,#11484,#11485,#11486));
#11488=FACE_OUTER_BOUND('',#11487,.F.);
#11489=ADVANCED_FACE('',(#11488),#11480,.T.);
#11490=CARTESIAN_POINT('',(0.E0,0.E0,0.E0));
#11491=DIRECTION('',(0.E0,0.E0,1.E0));
#11492=DIRECTION('',(0.E0,-1.E0,0.E0));
#11493=AXIS2_PLACEMENT_3D('',#11490,#11491,#11492);
#11494=PLANE('',#11493);
#11495=ORIENTED_EDGE('',*,*,#11481,.F.);
#11496=ORIENTED_EDGE('',*,*,#11339,.F.);
#11498=ORIENTED_EDGE('',*,*,#11497,.F.);
#11500=ORIENTED_EDGE('',*,*,#11499,.T.);
#11502=ORIENTED_EDGE('',*,*,#11501,.F.);
#11504=ORIENTED_EDGE('',*,*,#11503,.T.);
#11506=ORIENTED_EDGE('',*,*,#11505,.F.);
#11508=ORIENTED_EDGE('',*,*,#11507,.F.);
#11509=EDGE_LOOP('',(#11495,#11496,#11498,#11500,#11502,#11504,#11506,#11508));
#11510=FACE_OUTER_BOUND('',#11509,.F.);
#11511=ADVANCED_FACE('',(#11510),#11494,.T.);
#11512=CARTESIAN_POINT('',(2.E-3,-2.E-3,1.612200386937E-4));
#11513=DIRECTION('',(0.E0,0.E0,-1.E0));
#11514=DIRECTION('',(-1.E0,0.E0,0.E0));
#11515=AXIS2_PLACEMENT_3D('',#11512,#11513,#11514);
#11516=CYLINDRICAL_SURFACE('',#11515,2.E-3);
#11517=ORIENTED_EDGE('',*,*,#11437,.T.);
#11519=ORIENTED_EDGE('',*,*,#11518,.F.);
#11520=ORIENTED_EDGE('',*,*,#11497,.T.);
#11521=ORIENTED_EDGE('',*,*,#11337,.T.);
#11522=EDGE_LOOP('',(#11517,#11519,#11520,#11521));
#11523=FACE_OUTER_BOUND('',#11522,.F.);
#11524=ADVANCED_FACE('',(#11523),#11516,.T.);
#11525=CARTESIAN_POINT('',(0.E0,0.E0,-7.9E-2));
#11526=DIRECTION('',(0.E0,1.E0,0.E0));
#11527=DIRECTION('',(0.E0,0.E0,1.E0));
#11528=AXIS2_PLACEMENT_3D('',#11525,#11526,#11527);
#11529=PLANE('',#11528);
#11531=ORIENTED_EDGE('',*,*,#11530,.T.);
#11532=ORIENTED_EDGE('',*,*,#11368,.F.);
#11534=ORIENTED_EDGE('',*,*,#11533,.T.);
#11536=ORIENTED_EDGE('',*,*,#11535,.T.);
#11537=EDGE_LOOP('',(#11531,#11532,#11534,#11536));
#11538=FACE_OUTER_BOUND('',#11537,.F.);
#11539=ADVANCED_FACE('',(#11538),#11529,.T.);
#11540=CARTESIAN_POINT('',(0.E0,0.E0,-7.9E-2));
#11541=DIRECTION('',(0.E0,1.E0,0.E0));
#11542=DIRECTION('',(0.E0,0.E0,1.E0));
#11543=AXIS2_PLACEMENT_3D('',#11540,#11541,#11542);
#11544=PLANE('',#11543);
#11546=ORIENTED_EDGE('',*,*,#11545,.T.);
#11547=ORIENTED_EDGE('',*,*,#11499,.F.);
#11548=ORIENTED_EDGE('',*,*,#11518,.T.);
#11549=ORIENTED_EDGE('',*,*,#11435,.T.);
#11550=EDGE_LOOP('',(#11546,#11547,#11548,#11549));
#11551=FACE_OUTER_BOUND('',#11550,.F.);
#11552=ADVANCED_FACE('',(#11551),#11544,.T.);
#11553=CARTESIAN_POINT('',(5.5E-2,-2.E-3,-7.916767093384E-2));
#11554=DIRECTION('',(0.E0,0.E0,1.E0));
#11555=DIRECTION('',(1.E0,0.E0,0.E0));
#11556=AXIS2_PLACEMENT_3D('',#11553,#11554,#11555);
#11557=CYLINDRICAL_SURFACE('',#11556,2.E-3);
#11558=ORIENTED_EDGE('',*,*,#11370,.T.);
#11559=ORIENTED_EDGE('',*,*,#11530,.F.);
#11561=ORIENTED_EDGE('',*,*,#11560,.T.);
#11563=ORIENTED_EDGE('',*,*,#11562,.T.);
#11564=EDGE_LOOP('',(#11558,#11559,#11561,#11563));
#11565=FACE_OUTER_BOUND('',#11564,.F.);
#11566=ADVANCED_FACE('',(#11565),#11557,.T.);
#11567=CARTESIAN_POINT('',(0.E0,-4.9E-2,-7.9E-2));
#11568=DIRECTION('',(0.E0,0.E0,-1.E0));
#11569=DIRECTION('',(0.E0,1.E0,0.E0));
#11570=AXIS2_PLACEMENT_3D('',#11567,#11568,#11569);
#11571=PLANE('',#11570);
#11572=ORIENTED_EDGE('',*,*,#11353,.F.);
#11574=ORIENTED_EDGE('',*,*,#11573,.T.);
#11576=ORIENTED_EDGE('',*,*,#11575,.F.);
#11578=ORIENTED_EDGE('',*,*,#11577,.T.);
#11579=ORIENTED_EDGE('',*,*,#11560,.F.);
#11580=ORIENTED_EDGE('',*,*,#11535,.F.);
#11582=ORIENTED_EDGE('',*,*,#11581,.F.);
#11583=ORIENTED_EDGE('',*,*,#11319,.F.);
#11584=EDGE_LOOP('',(#11572,#11574,#11576,#11578,#11579,#11580,#11582,#11583));
#11585=FACE_OUTER_BOUND('',#11584,.F.);
#11586=ADVANCED_FACE('',(#11585),#11571,.T.);
#11587=CARTESIAN_POINT('',(0.E0,-4.9E-2,0.E0));
#11588=DIRECTION('',(0.E0,-1.E0,0.E0));
#11589=DIRECTION('',(0.E0,0.E0,-1.E0));
#11590=AXIS2_PLACEMENT_3D('',#11587,#11588,#11589);
#11591=PLANE('',#11590);
#11592=ORIENTED_EDGE('',*,*,#11351,.T.);
#11593=ORIENTED_EDGE('',*,*,#11376,.T.);
#11595=ORIENTED_EDGE('',*,*,#11594,.F.);
#11596=ORIENTED_EDGE('',*,*,#11573,.F.);
#11597=EDGE_LOOP('',(#11592,#11593,#11595,#11596));
#11598=FACE_OUTER_BOUND('',#11597,.F.);
#11599=ADVANCED_FACE('',(#11598),#11591,.T.);
#11600=CARTESIAN_POINT('',(0.E0,-4.9E-2,0.E0));
#11601=DIRECTION('',(0.E0,-1.E0,0.E0));
#11602=DIRECTION('',(0.E0,0.E0,-1.E0));
#11603=AXIS2_PLACEMENT_3D('',#11600,#11601,#11602);
#11604=PLANE('',#11603);
#11605=ORIENTED_EDGE('',*,*,#11483,.T.);
#11606=ORIENTED_EDGE('',*,*,#11507,.T.);
#11608=ORIENTED_EDGE('',*,*,#11607,.F.);
#11609=ORIENTED_EDGE('',*,*,#11427,.F.);
#11610=EDGE_LOOP('',(#11605,#11606,#11608,#11609));
#11611=FACE_OUTER_BOUND('',#11610,.F.);
#11612=ADVANCED_FACE('',(#11611),#11604,.T.);
#11613=CARTESIAN_POINT('',(5.5E-2,-4.7E-2,-7.916122003869E-2));
#11614=DIRECTION('',(0.E0,0.E0,1.E0));
#11615=DIRECTION('',(0.E0,-1.E0,0.E0));
#11616=AXIS2_PLACEMENT_3D('',#11613,#11614,#11615);
#11617=CYLINDRICAL_SURFACE('',#11616,2.E-3);
#11618=ORIENTED_EDGE('',*,*,#11374,.T.);
#11620=ORIENTED_EDGE('',*,*,#11619,.F.);
#11621=ORIENTED_EDGE('',*,*,#11575,.T.);
#11622=ORIENTED_EDGE('',*,*,#11594,.T.);
#11623=EDGE_LOOP('',(#11618,#11620,#11621,#11622));
#11624=FACE_OUTER_BOUND('',#11623,.F.);
#11625=ADVANCED_FACE('',(#11624),#11617,.T.);
#11626=CARTESIAN_POINT('',(5.7E-2,0.E0,0.E0));
#11627=DIRECTION('',(1.E0,0.E0,0.E0));
#11628=DIRECTION('',(0.E0,0.E0,1.E0));
#11629=AXIS2_PLACEMENT_3D('',#11626,#11627,#11628);
#11630=PLANE('',#11629);
#11631=ORIENTED_EDGE('',*,*,#11619,.T.);
#11632=ORIENTED_EDGE('',*,*,#11372,.F.);
#11633=ORIENTED_EDGE('',*,*,#11562,.F.);
#11634=ORIENTED_EDGE('',*,*,#11577,.F.);
#11635=EDGE_LOOP('',(#11631,#11632,#11633,#11634));
#11636=FACE_OUTER_BOUND('',#11635,.F.);
#11637=ADVANCED_FACE('',(#11636),#11630,.T.);
#11638=CARTESIAN_POINT('',(5.7E-2,0.E0,0.E0));
#11639=DIRECTION('',(1.E0,0.E0,0.E0));
#11640=DIRECTION('',(0.E0,0.E0,1.E0));
#11641=AXIS2_PLACEMENT_3D('',#11638,#11639,#11640);
#11642=PLANE('',#11641);
#11644=ORIENTED_EDGE('',*,*,#11643,.T.);
#11645=ORIENTED_EDGE('',*,*,#11503,.F.);
#11647=ORIENTED_EDGE('',*,*,#11646,.F.);
#11648=ORIENTED_EDGE('',*,*,#11431,.F.);
#11649=EDGE_LOOP('',(#11644,#11645,#11647,#11648));
#11650=FACE_OUTER_BOUND('',#11649,.F.);
#11651=ADVANCED_FACE('',(#11650),#11642,.T.);
#11652=CARTESIAN_POINT('',(5.5E-2,-4.7E-2,-7.916122003869E-2));
#11653=DIRECTION('',(0.E0,0.E0,1.E0));
#11654=DIRECTION('',(0.E0,-1.E0,0.E0));
#11655=AXIS2_PLACEMENT_3D('',#11652,#11653,#11654);
#11656=CYLINDRICAL_SURFACE('',#11655,2.E-3);
#11657=ORIENTED_EDGE('',*,*,#11505,.T.);
#11658=ORIENTED_EDGE('',*,*,#11643,.F.);
#11659=ORIENTED_EDGE('',*,*,#11429,.T.);
#11660=ORIENTED_EDGE('',*,*,#11607,.T.);
#11661=EDGE_LOOP('',(#11657,#11658,#11659,#11660));
#11662=FACE_OUTER_BOUND('',#11661,.F.);
#11663=ADVANCED_FACE('',(#11662),#11656,.T.);
#11664=CARTESIAN_POINT('',(5.5E-2,-2.E-3,-7.916767093384E-2));
#11665=DIRECTION('',(0.E0,0.E0,1.E0));
#11666=DIRECTION('',(1.E0,0.E0,0.E0));
#11667=AXIS2_PLACEMENT_3D('',#11664,#11665,#11666);
#11668=CYLINDRICAL_SURFACE('',#11667,2.E-3);
#11669=ORIENTED_EDGE('',*,*,#11501,.T.);
#11670=ORIENTED_EDGE('',*,*,#11545,.F.);
#11671=ORIENTED_EDGE('',*,*,#11433,.T.);
#11672=ORIENTED_EDGE('',*,*,#11646,.T.);
#11673=EDGE_LOOP('',(#11669,#11670,#11671,#11672));
#11674=FACE_OUTER_BOUND('',#11673,.F.);
#11675=ADVANCED_FACE('',(#11674),#11668,.T.);
#11676=CARTESIAN_POINT('',(2.E-3,-2.E-3,1.612200386937E-4));
#11677=DIRECTION('',(0.E0,0.E0,-1.E0));
#11678=DIRECTION('',(-1.E0,0.E0,0.E0));
#11679=AXIS2_PLACEMENT_3D('',#11676,#11677,#11678);
#11680=CYLINDRICAL_SURFACE('',#11679,2.E-3);
#11681=ORIENTED_EDGE('',*,*,#11581,.T.);
#11682=ORIENTED_EDGE('',*,*,#11533,.F.);
#11683=ORIENTED_EDGE('',*,*,#11366,.T.);
#11684=ORIENTED_EDGE('',*,*,#11321,.T.);
#11685=EDGE_LOOP('',(#11681,#11682,#11683,#11684));
#11686=FACE_OUTER_BOUND('',#11685,.F.);
#11687=ADVANCED_FACE('',(#11686),#11680,.T.);
#11688=CLOSED_SHELL('',(#11327,#11343,#11358,#11390,#11405,#11419,#11450,#11463,
#11475,#11489,#11511,#11524,#11539,#11552,#11566,#11586,#11599,#11612,#11625,
#11637,#11651,#11663,#11675,#11687));
#11689=MANIFOLD_SOLID_BREP('',#11688);
#11690=DIMENSIONAL_EXPONENTS(1.E0,0.E0,0.E0,0.E0,0.E0,0.E0,0.E0);
#11692=LENGTH_MEASURE_WITH_UNIT(LENGTH_MEASURE(2.54E1),#11691);
#11693=(CONVERSION_BASED_UNIT('INCH',#11692)LENGTH_UNIT()NAMED_UNIT(#11690));
#11694=DIMENSIONAL_EXPONENTS(0.E0,0.E0,0.E0,0.E0,0.E0,0.E0,0.E0);
#11696=PLANE_ANGLE_MEASURE_WITH_UNIT(PLANE_ANGLE_MEASURE(1.745329251994E-2),
#11695);
#11697=(CONVERSION_BASED_UNIT('DEGREE',#11696)NAMED_UNIT(*)PLANE_ANGLE_UNIT());
#11699=UNCERTAINTY_MEASURE_WITH_UNIT(LENGTH_MEASURE(1.090415000769E-5),#11693,
'closure',
'Maximum model space distance between geometric entities at asserted connectivities');
#11700=(GEOMETRIC_REPRESENTATION_CONTEXT(3)GLOBAL_UNCERTAINTY_ASSIGNED_CONTEXT((
#11699))GLOBAL_UNIT_ASSIGNED_CONTEXT((#11693,#11697,#11698))REPRESENTATION_CONTEXT('ID8','3'));
#11701=CARTESIAN_POINT('',(0.E0,0.E0,0.E0));
#11702=DIRECTION('',(0.E0,0.E0,1.E0));
#11703=DIRECTION('',(1.E0,0.E0,0.E0));
#11706=MECHANICAL_CONTEXT('',#1259,'mechanical');
#11707=PRODUCT('0805_COLOR_2','0805_COLOR_2','NOT SPECIFIED',(#11706));
#11708=PRODUCT_DEFINITION_FORMATION_WITH_SPECIFIED_SOURCE('1','LAST_VERSION',
#11707,.MADE.);
#11714=CARTESIAN_POINT('',(1.12E-1,2.67E-1,3.864E-2));
#11715=DIRECTION('',(-1.E0,0.E0,0.E0));
#11716=DIRECTION('',(0.E0,1.E0,0.E0));
#11717=AXIS2_PLACEMENT_3D('',#11714,#11715,#11716);
#11718=ITEM_DEFINED_TRANSFORMATION('','',#11704,#11717);
#11719=(REPRESENTATION_RELATIONSHIP('','',#11705,#1270)REPRESENTATION_RELATIONSHIP_WITH_TRANSFORMATION(#11718)SHAPE_REPRESENTATION_RELATIONSHIP());
#11720=CONTEXT_DEPENDENT_SHAPE_REPRESENTATION(#11719,#11713);
#11723=CARTESIAN_POINT('',(9.3E-2,2.E-2,3.864E-2));
#11724=DIRECTION('',(-1.E0,0.E0,0.E0));
#11725=DIRECTION('',(0.E0,1.E0,0.E0));
#11726=AXIS2_PLACEMENT_3D('',#11723,#11724,#11725);
#11727=ITEM_DEFINED_TRANSFORMATION('','',#11704,#11726);
#11728=(REPRESENTATION_RELATIONSHIP('','',#11705,#1270)REPRESENTATION_RELATIONSHIP_WITH_TRANSFORMATION(#11727)SHAPE_REPRESENTATION_RELATIONSHIP());
#11729=CONTEXT_DEPENDENT_SHAPE_REPRESENTATION(#11728,#11722);
#11730=DIRECTION('',(0.E0,0.E0,-1.E0));
#11731=VECTOR('',#11730,4.68E0);
#11732=CARTESIAN_POINT('',(-2.15E0,-1.5E0,2.34E0));
#11733=LINE('',#11732,#11731);
#11734=DIRECTION('',(-1.E0,0.E0,0.E0));
#11735=VECTOR('',#11734,4.3E0);
#11736=CARTESIAN_POINT('',(2.15E0,-1.5E0,2.34E0));
#11737=LINE('',#11736,#11735);
#11738=DIRECTION('',(0.E0,0.E0,1.E0));
#11739=VECTOR('',#11738,4.68E0);
#11740=CARTESIAN_POINT('',(2.15E0,-1.5E0,-2.34E0));
#11741=LINE('',#11740,#11739);
#11742=DIRECTION('',(1.E0,0.E0,0.E0));
#11743=VECTOR('',#11742,4.3E0);
#11744=CARTESIAN_POINT('',(-2.15E0,-1.5E0,-2.34E0));
#11745=LINE('',#11744,#11743);
#11746=CARTESIAN_POINT('',(-2.15E0,-1.25E0,2.34E0));
#11747=DIRECTION('',(0.E0,0.E0,-1.E0));
#11748=DIRECTION('',(0.E0,-1.E0,0.E0));
#11749=AXIS2_PLACEMENT_3D('',#11746,#11747,#11748);
#11751=CARTESIAN_POINT('',(-2.15E0,-1.25E0,-2.34E0));
#11752=DIRECTION('',(0.E0,0.E0,-1.E0));
#11753=DIRECTION('',(0.E0,-1.E0,0.E0));
#11754=AXIS2_PLACEMENT_3D('',#11751,#11752,#11753);
#11756=CARTESIAN_POINT('',(-2.15E0,1.25E0,-2.34E0));
#11757=DIRECTION('',(0.E0,1.E0,0.E0));
#11758=DIRECTION('',(0.E0,0.E0,-1.E0));
#11759=AXIS2_PLACEMENT_3D('',#11756,#11757,#11758);
#11761=CARTESIAN_POINT('',(-2.15E0,-1.25E0,-2.34E0));
#11762=DIRECTION('',(0.E0,-1.E0,0.E0));
#11763=DIRECTION('',(-1.E0,0.E0,0.E0));
#11764=AXIS2_PLACEMENT_3D('',#11761,#11762,#11763);
#11766=CARTESIAN_POINT('',(-2.15E0,1.25E0,-2.34E0));
#11767=DIRECTION('',(-1.E0,0.E0,0.E0));
#11768=DIRECTION('',(0.E0,1.E0,0.E0));
#11769=AXIS2_PLACEMENT_3D('',#11766,#11767,#11768);
#11771=CARTESIAN_POINT('',(2.15E0,1.25E0,-2.34E0));
#11772=DIRECTION('',(-1.E0,0.E0,0.E0));
#11773=DIRECTION('',(0.E0,1.E0,0.E0));
#11774=AXIS2_PLACEMENT_3D('',#11771,#11772,#11773);
#11776=DIRECTION('',(1.E0,0.E0,0.E0));
#11777=VECTOR('',#11776,4.3E0);
#11778=CARTESIAN_POINT('',(-2.15E0,1.5E0,2.34E0));
#11779=LINE('',#11778,#11777);
#11780=DIRECTION('',(0.E0,0.E0,1.E0));
#11781=VECTOR('',#11780,4.68E0);
#11782=CARTESIAN_POINT('',(-2.15E0,1.5E0,-2.34E0));
#11783=LINE('',#11782,#11781);
#11784=DIRECTION('',(-1.E0,0.E0,0.E0));
#11785=VECTOR('',#11784,4.3E0);
#11786=CARTESIAN_POINT('',(2.15E0,1.5E0,-2.34E0));
#11787=LINE('',#11786,#11785);
#11788=DIRECTION('',(0.E0,0.E0,-1.E0));
#11789=VECTOR('',#11788,4.68E0);
#11790=CARTESIAN_POINT('',(2.15E0,1.5E0,2.34E0));
#11791=LINE('',#11790,#11789);
#11792=CARTESIAN_POINT('',(-2.15E0,1.25E0,2.34E0));
#11793=DIRECTION('',(1.E0,0.E0,0.E0));
#11794=DIRECTION('',(0.E0,1.E0,0.E0));
#11795=AXIS2_PLACEMENT_3D('',#11792,#11793,#11794);
#11797=CARTESIAN_POINT('',(2.15E0,1.25E0,2.34E0));
#11798=DIRECTION('',(1.E0,0.E0,0.E0));
#11799=DIRECTION('',(0.E0,1.E0,0.E0));
#11800=AXIS2_PLACEMENT_3D('',#11797,#11798,#11799);
#11802=CARTESIAN_POINT('',(2.15E0,1.25E0,2.34E0));
#11803=DIRECTION('',(0.E0,1.E0,0.E0));
#11804=DIRECTION('',(0.E0,0.E0,1.E0));
#11805=AXIS2_PLACEMENT_3D('',#11802,#11803,#11804);
#11807=CARTESIAN_POINT('',(2.15E0,-1.25E0,2.34E0));
#11808=DIRECTION('',(0.E0,-1.E0,0.E0));
#11809=DIRECTION('',(1.E0,0.E0,0.E0));
#11810=AXIS2_PLACEMENT_3D('',#11807,#11808,#11809);
#11812=DIRECTION('',(0.E0,-1.E0,0.E0));
#11813=VECTOR('',#11812,1.7E-1);
#11814=CARTESIAN_POINT('',(2.4E0,8.5E-2,1.E0));
#11815=LINE('',#11814,#11813);
#11816=DIRECTION('',(0.E0,0.E0,-1.E0));
#11817=VECTOR('',#11816,2.E0);
#11818=CARTESIAN_POINT('',(2.4E0,-8.5E-2,1.E0));
#11819=LINE('',#11818,#11817);
#11820=DIRECTION('',(0.E0,1.E0,0.E0));
#11821=VECTOR('',#11820,1.7E-1);
#11822=CARTESIAN_POINT('',(2.4E0,-8.5E-2,-1.E0));
#11823=LINE('',#11822,#11821);
#11824=DIRECTION('',(0.E0,0.E0,1.E0));
#11825=VECTOR('',#11824,2.E0);
#11826=CARTESIAN_POINT('',(2.4E0,8.5E-2,-1.E0));
#11827=LINE('',#11826,#11825);
#11828=DIRECTION('',(0.E0,0.E0,-1.E0));
#11829=VECTOR('',#11828,4.679999999785E0);
#11830=CARTESIAN_POINT('',(2.4E0,1.25E0,2.339999999913E0));
#11831=LINE('',#11830,#11829);
#11832=DIRECTION('',(0.E0,-1.E0,0.E0));
#11833=VECTOR('',#11832,2.5E0);
#11834=CARTESIAN_POINT('',(2.4E0,1.25E0,-2.339999999872E0));
#11835=LINE('',#11834,#11833);
#11836=DIRECTION('',(0.E0,0.E0,1.E0));
#11837=VECTOR('',#11836,4.679999999785E0);
#11838=CARTESIAN_POINT('',(2.4E0,-1.25E0,-2.339999999872E0));
#11839=LINE('',#11838,#11837);
#11840=DIRECTION('',(0.E0,-1.E0,0.E0));
#11841=VECTOR('',#11840,2.5E0);
#11842=CARTESIAN_POINT('',(2.4E0,1.25E0,2.339999999913E0));
#11843=LINE('',#11842,#11841);
#11844=CARTESIAN_POINT('',(2.445E0,-2.15E-1,1.E0));
#11845=DIRECTION('',(0.E0,0.E0,1.E0));
#11846=DIRECTION('',(1.E0,0.E0,0.E0));
#11847=AXIS2_PLACEMENT_3D('',#11844,#11845,#11846);
#11849=DIRECTION('',(1.E0,0.E0,0.E0));
#11850=VECTOR('',#11849,4.5E-2);
#11851=CARTESIAN_POINT('',(2.4E0,8.5E-2,1.E0));
#11852=LINE('',#11851,#11850);
#11853=CARTESIAN_POINT('',(-2.445E0,-2.15E-1,1.E0));
#11854=DIRECTION('',(0.E0,0.E0,1.E0));
#11855=DIRECTION('',(0.E0,1.E0,0.E0));
#11856=AXIS2_PLACEMENT_3D('',#11853,#11854,#11855);
#11858=DIRECTION('',(1.E0,0.E0,0.E0));
#11859=VECTOR('',#11858,4.5E-2);
#11860=CARTESIAN_POINT('',(-2.445E0,8.5E-2,1.E0));
#11861=LINE('',#11860,#11859);
#11862=DIRECTION('',(0.E0,-1.E0,0.E0));
#11863=VECTOR('',#11862,3.075E0);
#11864=CARTESIAN_POINT('',(-2.575E0,-1.35E-1,1.E0));
#11865=LINE('',#11864,#11863);
#11866=DIRECTION('',(0.E0,0.E0,1.E0));
#11867=VECTOR('',#11866,2.E0);
#11868=CARTESIAN_POINT('',(2.445E0,8.5E-2,-1.E0));
#11869=LINE('',#11868,#11867);
#11870=DIRECTION('',(1.E0,0.E0,0.E0));
#11871=VECTOR('',#11870,4.5E-2);
#11872=CARTESIAN_POINT('',(2.4E0,8.5E-2,-1.E0));
#11873=LINE('',#11872,#11871);
#11874=DIRECTION('',(0.E0,0.E0,-1.E0));
#11875=VECTOR('',#11874,2.E0);
#11876=CARTESIAN_POINT('',(-2.445E0,8.5E-2,1.E0));
#11877=LINE('',#11876,#11875);
#11878=DIRECTION('',(1.E0,0.E0,0.E0));
#11879=VECTOR('',#11878,4.5E-2);
#11880=CARTESIAN_POINT('',(-2.445E0,8.5E-2,-1.E0));
#11881=LINE('',#11880,#11879);
#11882=CARTESIAN_POINT('',(2.445E0,-2.15E-1,-1.E0));
#11883=DIRECTION('',(0.E0,0.E0,-1.E0));
#11884=DIRECTION('',(0.E0,1.E0,0.E0));
#11885=AXIS2_PLACEMENT_3D('',#11882,#11883,#11884);
#11887=DIRECTION('',(1.E0,0.E0,0.E0));
#11888=VECTOR('',#11887,1.25E-1);
#11889=CARTESIAN_POINT('',(2.4E0,-8.5E-2,-1.E0));
#11890=LINE('',#11889,#11888);
#11891=DIRECTION('',(0.E0,-1.E0,0.E0));
#11892=VECTOR('',#11891,3.075E0);
#11893=CARTESIAN_POINT('',(2.575E0,-1.35E-1,-1.E0));
#11894=LINE('',#11893,#11892);
#11895=CARTESIAN_POINT('',(-2.445E0,-2.15E-1,-1.E0));
#11896=DIRECTION('',(0.E0,0.E0,-1.E0));
#11897=DIRECTION('',(-1.E0,0.E0,0.E0));
#11898=AXIS2_PLACEMENT_3D('',#11895,#11896,#11897);
#11900=DIRECTION('',(1.E0,0.E0,0.E0));
#11901=VECTOR('',#11900,1.25E-1);
#11902=CARTESIAN_POINT('',(-2.525E0,-8.5E-2,-1.E0));
#11903=LINE('',#11902,#11901);
#11904=DIRECTION('',(0.E0,0.E0,1.E0));
#11905=VECTOR('',#11904,2.E0);
#11906=CARTESIAN_POINT('',(-2.525E0,-8.5E-2,-1.E0));
#11907=LINE('',#11906,#11905);
#11908=DIRECTION('',(1.E0,0.E0,0.E0));
#11909=VECTOR('',#11908,1.25E-1);
#11910=CARTESIAN_POINT('',(-2.525E0,-8.5E-2,1.E0));
#11911=LINE('',#11910,#11909);
#11912=DIRECTION('',(0.E0,0.E0,-1.E0));
#11913=VECTOR('',#11912,2.E0);
#11914=CARTESIAN_POINT('',(2.525E0,-8.5E-2,1.E0));
#11915=LINE('',#11914,#11913);
#11916=DIRECTION('',(1.E0,0.E0,0.E0));
#11917=VECTOR('',#11916,1.25E-1);
#11918=CARTESIAN_POINT('',(2.4E0,-8.5E-2,1.E0));
#11919=LINE('',#11918,#11917);
#11920=CARTESIAN_POINT('',(-2.525E0,-1.35E-1,-1.E0));
#11921=DIRECTION('',(0.E0,0.E0,1.E0));
#11922=DIRECTION('',(0.E0,1.E0,0.E0));
#11923=AXIS2_PLACEMENT_3D('',#11920,#11921,#11922);
#11925=CARTESIAN_POINT('',(-2.525E0,-1.35E-1,1.E0));
#11926=DIRECTION('',(0.E0,0.E0,-1.E0));
#11927=DIRECTION('',(-1.E0,0.E0,0.E0));
#11928=AXIS2_PLACEMENT_3D('',#11925,#11926,#11927);
#11930=DIRECTION('',(0.E0,0.E0,1.E0));
#11931=VECTOR('',#11930,2.E0);
#11932=CARTESIAN_POINT('',(-2.575E0,-1.35E-1,-1.E0));
#11933=LINE('',#11932,#11931);
#11934=DIRECTION('',(0.E0,-1.E0,0.E0));
#11935=VECTOR('',#11934,3.075E0);
#11936=CARTESIAN_POINT('',(-2.575E0,-1.35E-1,-1.E0));
#11937=LINE('',#11936,#11935);
#11938=DIRECTION('',(-1.E0,0.E0,0.E0));
#11939=VECTOR('',#11938,1.7E-1);
#11940=CARTESIAN_POINT('',(2.745E0,-3.21E0,1.E0));
#11941=LINE('',#11940,#11939);
#11942=DIRECTION('',(0.E0,0.E0,1.E0));
#11943=VECTOR('',#11942,2.E0);
#11944=CARTESIAN_POINT('',(2.745E0,-3.21E0,-1.E0));
#11945=LINE('',#11944,#11943);
#11946=DIRECTION('',(1.E0,0.E0,0.E0));
#11947=VECTOR('',#11946,1.7E-1);
#11948=CARTESIAN_POINT('',(2.575E0,-3.21E0,-1.E0));
#11949=LINE('',#11948,#11947);
#11950=DIRECTION('',(0.E0,0.E0,-1.E0));
#11951=VECTOR('',#11950,2.E0);
#11952=CARTESIAN_POINT('',(2.575E0,-3.21E0,1.E0));
#11953=LINE('',#11952,#11951);
#11954=DIRECTION('',(0.E0,0.E0,-1.E0));
#11955=VECTOR('',#11954,2.E0);
#11956=CARTESIAN_POINT('',(-2.745E0,-3.21E0,1.E0));
#11957=LINE('',#11956,#11955);
#11958=DIRECTION('',(-1.E0,0.E0,0.E0));
#11959=VECTOR('',#11958,1.7E-1);
#11960=CARTESIAN_POINT('',(-2.575E0,-3.21E0,1.E0));
#11961=LINE('',#11960,#11959);
#11962=DIRECTION('',(0.E0,0.E0,1.E0));
#11963=VECTOR('',#11962,2.E0);
#11964=CARTESIAN_POINT('',(-2.575E0,-3.21E0,-1.E0));
#11965=LINE('',#11964,#11963);
#11966=DIRECTION('',(1.E0,0.E0,0.E0));
#11967=VECTOR('',#11966,1.7E-1);
#11968=CARTESIAN_POINT('',(-2.745E0,-3.21E0,-1.E0));
#11969=LINE('',#11968,#11967);
#11970=DIRECTION('',(0.E0,0.E0,1.E0));
#11971=VECTOR('',#11970,2.E0);
#11972=CARTESIAN_POINT('',(2.745E0,-2.15E-1,-1.E0));
#11973=LINE('',#11972,#11971);
#11974=DIRECTION('',(0.E0,-1.E0,0.E0));
#11975=VECTOR('',#11974,2.995E0);
#11976=CARTESIAN_POINT('',(2.745E0,-2.15E-1,-1.E0));
#11977=LINE('',#11976,#11975);
#11978=DIRECTION('',(0.E0,1.E0,0.E0));
#11979=VECTOR('',#11978,2.995E0);
#11980=CARTESIAN_POINT('',(2.745E0,-3.21E0,1.E0));
#11981=LINE('',#11980,#11979);
#11982=DIRECTION('',(0.E0,0.E0,-1.E0));
#11983=VECTOR('',#11982,2.E0);
#11984=CARTESIAN_POINT('',(2.575E0,-1.35E-1,1.E0));
#11985=LINE('',#11984,#11983);
#11986=DIRECTION('',(0.E0,-1.E0,0.E0));
#11987=VECTOR('',#11986,3.075E0);
#11988=CARTESIAN_POINT('',(2.575E0,-1.35E-1,1.E0));
#11989=LINE('',#11988,#11987);
#11990=CARTESIAN_POINT('',(2.525E0,-1.35E-1,1.E0));
#11991=DIRECTION('',(0.E0,0.E0,-1.E0));
#11992=DIRECTION('',(0.E0,1.E0,0.E0));
#11993=AXIS2_PLACEMENT_3D('',#11990,#11991,#11992);
#11995=CARTESIAN_POINT('',(2.525E0,-1.35E-1,-1.E0));
#11996=DIRECTION('',(0.E0,0.E0,1.E0));
#11997=DIRECTION('',(1.E0,0.E0,0.E0));
#11998=AXIS2_PLACEMENT_3D('',#11995,#11996,#11997);
#12000=DIRECTION('',(0.E0,0.E0,-1.E0));
#12001=VECTOR('',#12000,2.E0);
#12002=CARTESIAN_POINT('',(-2.745E0,-2.15E-1,1.E0));
#12003=LINE('',#12002,#12001);
#12004=DIRECTION('',(0.E0,-1.E0,0.E0));
#12005=VECTOR('',#12004,2.995E0);
#12006=CARTESIAN_POINT('',(-2.745E0,-2.15E-1,1.E0));
#12007=LINE('',#12006,#12005);
#12008=DIRECTION('',(0.E0,1.E0,0.E0));
#12009=VECTOR('',#12008,2.995E0);
#12010=CARTESIAN_POINT('',(-2.745E0,-3.21E0,-1.E0));
#12011=LINE('',#12010,#12009);
#12012=DIRECTION('',(0.E0,-1.E0,0.E0));
#12013=VECTOR('',#12012,1.7E-1);
#12014=CARTESIAN_POINT('',(-2.4E0,8.5E-2,1.E0));
#12015=LINE('',#12014,#12013);
#12016=DIRECTION('',(0.E0,0.E0,1.E0));
#12017=VECTOR('',#12016,2.E0);
#12018=CARTESIAN_POINT('',(-2.4E0,8.5E-2,-1.E0));
#12019=LINE('',#12018,#12017);
#12020=DIRECTION('',(0.E0,1.E0,0.E0));
#12021=VECTOR('',#12020,1.7E-1);
#12022=CARTESIAN_POINT('',(-2.4E0,-8.5E-2,-1.E0));
#12023=LINE('',#12022,#12021);
#12024=DIRECTION('',(0.E0,0.E0,-1.E0));
#12025=VECTOR('',#12024,2.E0);
#12026=CARTESIAN_POINT('',(-2.4E0,-8.5E-2,1.E0));
#12027=LINE('',#12026,#12025);
#12028=DIRECTION('',(0.E0,0.E0,1.E0));
#12029=VECTOR('',#12028,4.679999999785E0);
#12030=CARTESIAN_POINT('',(-2.4E0,1.25E0,-2.339999999913E0));
#12031=LINE('',#12030,#12029);
#12032=DIRECTION('',(0.E0,-1.E0,0.E0));
#12033=VECTOR('',#12032,2.5E0);
#12034=CARTESIAN_POINT('',(-2.4E0,1.25E0,2.339999999872E0));
#12035=LINE('',#12034,#12033);
#12036=DIRECTION('',(0.E0,0.E0,-1.E0));
#12037=VECTOR('',#12036,4.679999999785E0);
#12038=CARTESIAN_POINT('',(-2.4E0,-1.25E0,2.339999999872E0));
#12039=LINE('',#12038,#12037);
#12040=DIRECTION('',(0.E0,-1.E0,0.E0));
#12041=VECTOR('',#12040,2.5E0);
#12042=CARTESIAN_POINT('',(-2.4E0,1.25E0,-2.339999999913E0));
#12043=LINE('',#12042,#12041);
#12044=CARTESIAN_POINT('',(-2.15E0,1.25E0,-2.34E0));
#12045=DIRECTION('',(0.E0,0.E0,1.E0));
#12046=DIRECTION('',(0.E0,1.E0,0.E0));
#12047=AXIS2_PLACEMENT_3D('',#12044,#12045,#12046);
#12049=CARTESIAN_POINT('',(-2.15E0,1.25E0,2.34E0));
#12050=DIRECTION('',(0.E0,0.E0,1.E0));
#12051=DIRECTION('',(0.E0,1.E0,0.E0));
#12052=AXIS2_PLACEMENT_3D('',#12049,#12050,#12051);
#12054=CARTESIAN_POINT('',(-2.15E0,1.25E0,2.34E0));
#12055=DIRECTION('',(0.E0,1.E0,0.E0));
#12056=DIRECTION('',(-1.E0,0.E0,0.E0));
#12057=AXIS2_PLACEMENT_3D('',#12054,#12055,#12056);
#12059=CARTESIAN_POINT('',(-2.15E0,-1.25E0,2.34E0));
#12060=DIRECTION('',(0.E0,-1.E0,0.E0));
#12061=DIRECTION('',(0.E0,0.E0,1.E0));
#12062=AXIS2_PLACEMENT_3D('',#12059,#12060,#12061);
#12064=DIRECTION('',(1.E0,0.E0,0.E0));
#12065=VECTOR('',#12064,4.299999999785E0);
#12066=CARTESIAN_POINT('',(-2.149999999913E0,1.25E0,2.59E0));
#12067=LINE('',#12066,#12065);
#12068=DIRECTION('',(0.E0,-1.E0,0.E0));
#12069=VECTOR('',#12068,2.5E0);
#12070=CARTESIAN_POINT('',(2.149999999872E0,1.25E0,2.59E0));
#12071=LINE('',#12070,#12069);
#12072=DIRECTION('',(-1.E0,0.E0,0.E0));
#12073=VECTOR('',#12072,4.299999999785E0);
#12074=CARTESIAN_POINT('',(2.149999999872E0,-1.25E0,2.59E0));
#12075=LINE('',#12074,#12073);
#12076=DIRECTION('',(0.E0,-1.E0,0.E0));
#12077=VECTOR('',#12076,2.5E0);
#12078=CARTESIAN_POINT('',(-2.149999999913E0,1.25E0,2.59E0));
#12079=LINE('',#12078,#12077);
#12080=CARTESIAN_POINT('',(2.15E0,-1.25E0,2.34E0));
#12081=DIRECTION('',(-1.E0,0.E0,0.E0));
#12082=DIRECTION('',(0.E0,-1.E0,0.E0));
#12083=AXIS2_PLACEMENT_3D('',#12080,#12081,#12082);
#12085=CARTESIAN_POINT('',(-2.15E0,-1.25E0,2.34E0));
#12086=DIRECTION('',(-1.E0,0.E0,0.E0));
#12087=DIRECTION('',(0.E0,-1.E0,0.E0));
#12088=AXIS2_PLACEMENT_3D('',#12085,#12086,#12087);
#12090=CARTESIAN_POINT('',(2.15E0,-1.25E0,2.34E0));
#12091=DIRECTION('',(0.E0,0.E0,1.E0));
#12092=DIRECTION('',(0.E0,-1.E0,0.E0));
#12093=AXIS2_PLACEMENT_3D('',#12090,#12091,#12092);
#12095=CARTESIAN_POINT('',(2.15E0,-1.25E0,-2.34E0));
#12096=DIRECTION('',(0.E0,0.E0,1.E0));
#12097=DIRECTION('',(0.E0,-1.E0,0.E0));
#12098=AXIS2_PLACEMENT_3D('',#12095,#12096,#12097);
#12100=CARTESIAN_POINT('',(2.15E0,-1.25E0,-2.34E0));
#12101=DIRECTION('',(1.E0,0.E0,0.E0));
#12102=DIRECTION('',(0.E0,-1.E0,0.E0));
#12103=AXIS2_PLACEMENT_3D('',#12100,#12101,#12102);
#12105=CARTESIAN_POINT('',(2.15E0,1.25E0,-2.34E0));
#12106=DIRECTION('',(0.E0,1.E0,0.E0));
#12107=DIRECTION('',(1.E0,0.E0,0.E0));
#12108=AXIS2_PLACEMENT_3D('',#12105,#12106,#12107);
#12110=CARTESIAN_POINT('',(2.15E0,-1.25E0,-2.34E0));
#12111=DIRECTION('',(0.E0,-1.E0,0.E0));
#12112=DIRECTION('',(0.E0,0.E0,-1.E0));
#12113=AXIS2_PLACEMENT_3D('',#12110,#12111,#12112);
#12115=CARTESIAN_POINT('',(2.15E0,1.25E0,-2.34E0));
#12116=DIRECTION('',(0.E0,0.E0,-1.E0));
#12117=DIRECTION('',(0.E0,1.E0,0.E0));
#12118=AXIS2_PLACEMENT_3D('',#12115,#12116,#12117);
#12120=CARTESIAN_POINT('',(2.15E0,1.25E0,2.34E0));
#12121=DIRECTION('',(0.E0,0.E0,-1.E0));
#12122=DIRECTION('',(0.E0,1.E0,0.E0));
#12123=AXIS2_PLACEMENT_3D('',#12120,#12121,#12122);
#12125=DIRECTION('',(-1.E0,0.E0,0.E0));
#12126=VECTOR('',#12125,4.299999999785E0);
#12127=CARTESIAN_POINT('',(2.149999999913E0,1.25E0,-2.59E0));
#12128=LINE('',#12127,#12126);
#12129=DIRECTION('',(0.E0,-1.E0,0.E0));
#12130=VECTOR('',#12129,2.5E0);
#12131=CARTESIAN_POINT('',(-2.149999999872E0,1.25E0,-2.59E0));
#12132=LINE('',#12131,#12130);
#12133=DIRECTION('',(1.E0,0.E0,0.E0));
#12134=VECTOR('',#12133,4.299999999785E0);
#12135=CARTESIAN_POINT('',(-2.149999999872E0,-1.25E0,-2.59E0));
#12136=LINE('',#12135,#12134);
#12137=DIRECTION('',(0.E0,-1.E0,0.E0));
#12138=VECTOR('',#12137,2.5E0);
#12139=CARTESIAN_POINT('',(2.149999999913E0,1.25E0,-2.59E0));
#12140=LINE('',#12139,#12138);
#12141=CARTESIAN_POINT('',(-2.15E0,-1.25E0,-2.34E0));
#12142=DIRECTION('',(1.E0,0.E0,0.E0));
#12143=DIRECTION('',(0.E0,-1.E0,0.E0));
#12144=AXIS2_PLACEMENT_3D('',#12141,#12142,#12143);
#12146=CARTESIAN_POINT('',(-2.4E0,8.5E-2,1.E0));
#12147=CARTESIAN_POINT('',(-2.4E0,-8.5E-2,1.E0));
#12148=VERTEX_POINT('',#12146);
#12149=VERTEX_POINT('',#12147);
#12150=CARTESIAN_POINT('',(-2.4E0,-8.5E-2,-1.E0));
#12151=VERTEX_POINT('',#12150);
#12152=CARTESIAN_POINT('',(-2.4E0,8.5E-2,-1.E0));
#12153=VERTEX_POINT('',#12152);
#12154=CARTESIAN_POINT('',(2.4E0,8.5E-2,1.E0));
#12155=CARTESIAN_POINT('',(2.4E0,-8.5E-2,1.E0));
#12156=VERTEX_POINT('',#12154);
#12157=VERTEX_POINT('',#12155);
#12158=CARTESIAN_POINT('',(2.4E0,-8.5E-2,-1.E0));
#12159=VERTEX_POINT('',#12158);
#12160=CARTESIAN_POINT('',(2.4E0,8.5E-2,-1.E0));
#12161=VERTEX_POINT('',#12160);
#12162=CARTESIAN_POINT('',(2.745E0,-3.21E0,1.E0));
#12163=CARTESIAN_POINT('',(2.575E0,-3.21E0,1.E0));
#12164=VERTEX_POINT('',#12162);
#12165=VERTEX_POINT('',#12163);
#12166=CARTESIAN_POINT('',(2.575E0,-3.21E0,-1.E0));
#12167=VERTEX_POINT('',#12166);
#12168=CARTESIAN_POINT('',(2.745E0,-3.21E0,-1.E0));
#12169=VERTEX_POINT('',#12168);
#12170=CARTESIAN_POINT('',(-2.745E0,-3.21E0,1.E0));
#12171=CARTESIAN_POINT('',(-2.745E0,-3.21E0,-1.E0));
#12172=VERTEX_POINT('',#12170);
#12173=VERTEX_POINT('',#12171);
#12174=CARTESIAN_POINT('',(-2.575E0,-3.21E0,-1.E0));
#12175=VERTEX_POINT('',#12174);
#12176=CARTESIAN_POINT('',(-2.575E0,-3.21E0,1.E0));
#12177=VERTEX_POINT('',#12176);
#12178=CARTESIAN_POINT('',(-2.525E0,-8.5E-2,-1.E0));
#12179=CARTESIAN_POINT('',(-2.525E0,-8.5E-2,1.E0));
#12180=VERTEX_POINT('',#12178);
#12181=VERTEX_POINT('',#12179);
#12182=CARTESIAN_POINT('',(-2.575E0,-1.35E-1,-1.E0));
#12183=CARTESIAN_POINT('',(-2.575E0,-1.35E-1,1.E0));
#12184=VERTEX_POINT('',#12182);
#12185=VERTEX_POINT('',#12183);
#12186=CARTESIAN_POINT('',(2.525E0,-8.5E-2,1.E0));
#12187=CARTESIAN_POINT('',(2.525E0,-8.5E-2,-1.E0));
#12188=VERTEX_POINT('',#12186);
#12189=VERTEX_POINT('',#12187);
#12190=CARTESIAN_POINT('',(2.575E0,-1.35E-1,1.E0));
#12191=CARTESIAN_POINT('',(2.575E0,-1.35E-1,-1.E0));
#12192=VERTEX_POINT('',#12190);
#12193=VERTEX_POINT('',#12191);
#12194=CARTESIAN_POINT('',(2.745E0,-2.15E-1,1.E0));
#12195=CARTESIAN_POINT('',(2.445E0,8.5E-2,1.E0));
#12196=VERTEX_POINT('',#12194);
#12197=VERTEX_POINT('',#12195);
#12198=CARTESIAN_POINT('',(2.445E0,8.5E-2,-1.E0));
#12199=VERTEX_POINT('',#12198);
#12200=CARTESIAN_POINT('',(2.745E0,-2.15E-1,-1.E0));
#12201=VERTEX_POINT('',#12200);
#12202=CARTESIAN_POINT('',(-2.745E0,-2.15E-1,-1.E0));
#12203=CARTESIAN_POINT('',(-2.445E0,8.5E-2,-1.E0));
#12204=VERTEX_POINT('',#12202);
#12205=VERTEX_POINT('',#12203);
#12206=CARTESIAN_POINT('',(-2.445E0,8.5E-2,1.E0));
#12207=VERTEX_POINT('',#12206);
#12208=CARTESIAN_POINT('',(-2.745E0,-2.15E-1,1.E0));
#12209=VERTEX_POINT('',#12208);
#12210=CARTESIAN_POINT('',(-2.4E0,1.25E0,2.34E0));
#12211=CARTESIAN_POINT('',(-2.15E0,1.25E0,2.59E0));
#12212=VERTEX_POINT('',#12210);
#12213=VERTEX_POINT('',#12211);
#12214=CARTESIAN_POINT('',(-2.15E0,1.5E0,2.34E0));
#12215=CARTESIAN_POINT('',(2.15E0,1.5E0,2.34E0));
#12216=VERTEX_POINT('',#12214);
#12217=VERTEX_POINT('',#12215);
#12218=CARTESIAN_POINT('',(2.149999999872E0,1.25E0,2.59E0));
#12219=VERTEX_POINT('',#12218);
#12220=CARTESIAN_POINT('',(2.4E0,1.25E0,2.34E0));
#12221=VERTEX_POINT('',#12220);
#12222=CARTESIAN_POINT('',(2.15E0,1.5E0,-2.34E0));
#12223=VERTEX_POINT('',#12222);
#12224=CARTESIAN_POINT('',(2.4E0,1.25E0,-2.339999999872E0));
#12225=VERTEX_POINT('',#12224);
#12226=CARTESIAN_POINT('',(2.15E0,1.25E0,-2.59E0));
#12227=VERTEX_POINT('',#12226);
#12228=CARTESIAN_POINT('',(-2.15E0,1.5E0,-2.34E0));
#12229=VERTEX_POINT('',#12228);
#12230=CARTESIAN_POINT('',(-2.149999999872E0,1.25E0,-2.59E0));
#12231=VERTEX_POINT('',#12230);
#12232=CARTESIAN_POINT('',(-2.4E0,1.25E0,-2.34E0));
#12233=VERTEX_POINT('',#12232);
#12234=CARTESIAN_POINT('',(-2.15E0,-1.25E0,2.59E0));
#12235=CARTESIAN_POINT('',(-2.4E0,-1.25E0,2.34E0));
#12236=VERTEX_POINT('',#12234);
#12237=VERTEX_POINT('',#12235);
#12238=CARTESIAN_POINT('',(-2.15E0,-1.5E0,2.34E0));
#12239=CARTESIAN_POINT('',(-2.15E0,-1.5E0,-2.34E0));
#12240=VERTEX_POINT('',#12238);
#12241=VERTEX_POINT('',#12239);
#12242=CARTESIAN_POINT('',(-2.4E0,-1.25E0,-2.339999999913E0));
#12243=VERTEX_POINT('',#12242);
#12244=CARTESIAN_POINT('',(-2.15E0,-1.25E0,-2.59E0));
#12245=VERTEX_POINT('',#12244);
#12246=CARTESIAN_POINT('',(2.15E0,-1.5E0,-2.34E0));
#12247=VERTEX_POINT('',#12246);
#12248=CARTESIAN_POINT('',(2.149999999913E0,-1.25E0,-2.59E0));
#12249=VERTEX_POINT('',#12248);
#12250=CARTESIAN_POINT('',(2.4E0,-1.25E0,-2.34E0));
#12251=VERTEX_POINT('',#12250);
#12252=CARTESIAN_POINT('',(2.15E0,-1.5E0,2.34E0));
#12253=VERTEX_POINT('',#12252);
#12254=CARTESIAN_POINT('',(2.4E0,-1.25E0,2.339999999913E0));
#12255=VERTEX_POINT('',#12254);
#12256=CARTESIAN_POINT('',(2.15E0,-1.25E0,2.59E0));
#12257=VERTEX_POINT('',#12256);
#12258=CARTESIAN_POINT('',(0.E0,-1.5E0,0.E0));
#12259=DIRECTION('',(0.E0,1.E0,0.E0));
#12260=DIRECTION('',(1.E0,0.E0,0.E0));
#12261=AXIS2_PLACEMENT_3D('',#12258,#12259,#12260);
#12262=PLANE('',#12261);
#12264=ORIENTED_EDGE('',*,*,#12263,.F.);
#12266=ORIENTED_EDGE('',*,*,#12265,.F.);
#12268=ORIENTED_EDGE('',*,*,#12267,.F.);
#12270=ORIENTED_EDGE('',*,*,#12269,.F.);
#12271=EDGE_LOOP('',(#12264,#12266,#12268,#12270));
#12272=FACE_OUTER_BOUND('',#12271,.F.);
#12273=ADVANCED_FACE('',(#12272),#12262,.F.);
#12274=CARTESIAN_POINT('',(-2.15E0,-1.25E0,2.359433472445E0));
#12275=DIRECTION('',(0.E0,0.E0,-1.E0));
#12276=DIRECTION('',(0.E0,-1.E0,0.E0));
#12277=AXIS2_PLACEMENT_3D('',#12274,#12275,#12276);
#12278=CYLINDRICAL_SURFACE('',#12277,2.5E-1);
#12279=ORIENTED_EDGE('',*,*,#12263,.T.);
#12281=ORIENTED_EDGE('',*,*,#12280,.T.);
#12283=ORIENTED_EDGE('',*,*,#12282,.F.);
#12285=ORIENTED_EDGE('',*,*,#12284,.F.);
#12286=EDGE_LOOP('',(#12279,#12281,#12283,#12285));
#12287=FACE_OUTER_BOUND('',#12286,.F.);
#12288=ADVANCED_FACE('',(#12287),#12278,.T.);
#12289=CARTESIAN_POINT('',(-2.15E0,-1.25E0,-2.34E0));
#12290=DIRECTION('',(-7.071067814222E-1,0.E0,7.071067809509E-1));
#12291=DIRECTION('',(-7.071067809509E-1,0.E0,-7.071067814222E-1));
#12292=AXIS2_PLACEMENT_3D('',#12289,#12290,#12291);
#12293=SPHERICAL_SURFACE('',#12292,2.5E-1);
#12295=ORIENTED_EDGE('',*,*,#12294,.F.);
#12296=ORIENTED_EDGE('',*,*,#12280,.F.);
#12298=ORIENTED_EDGE('',*,*,#12297,.T.);
#12299=EDGE_LOOP('',(#12295,#12296,#12298));
#12300=FACE_OUTER_BOUND('',#12299,.F.);
#12301=ADVANCED_FACE('',(#12300),#12293,.T.);
#12302=CARTESIAN_POINT('',(-2.15E0,7.639956E0,-2.34E0));
#12303=DIRECTION('',(0.E0,-1.E0,0.E0));
#12304=DIRECTION('',(-1.E0,0.E0,0.E0));
#12305=AXIS2_PLACEMENT_3D('',#12302,#12303,#12304);
#12306=CYLINDRICAL_SURFACE('',#12305,2.5E-1);
#12308=ORIENTED_EDGE('',*,*,#12307,.T.);
#12310=ORIENTED_EDGE('',*,*,#12309,.T.);
#12311=ORIENTED_EDGE('',*,*,#12294,.T.);
#12313=ORIENTED_EDGE('',*,*,#12312,.F.);
#12314=EDGE_LOOP('',(#12308,#12310,#12311,#12313));
#12315=FACE_OUTER_BOUND('',#12314,.F.);
#12316=ADVANCED_FACE('',(#12315),#12306,.T.);
#12317=CARTESIAN_POINT('',(-2.15E0,1.25E0,-2.34E0));
#12318=DIRECTION('',(7.071067814222E-1,0.E0,-7.071067809509E-1));
#12319=DIRECTION('',(-7.071067809509E-1,0.E0,-7.071067814222E-1));
#12320=AXIS2_PLACEMENT_3D('',#12317,#12318,#12319);
#12321=SPHERICAL_SURFACE('',#12320,2.5E-1);
#12322=ORIENTED_EDGE('',*,*,#12307,.F.);
#12324=ORIENTED_EDGE('',*,*,#12323,.F.);
#12326=ORIENTED_EDGE('',*,*,#12325,.T.);
#12327=EDGE_LOOP('',(#12322,#12324,#12326));
#12328=FACE_OUTER_BOUND('',#12327,.F.);
#12329=ADVANCED_FACE('',(#12328),#12321,.T.);
#12330=CARTESIAN_POINT('',(2.163680190953E0,1.25E0,-2.34E0));
#12331=DIRECTION('',(-1.E0,0.E0,0.E0));
#12332=DIRECTION('',(0.E0,1.E0,0.E0));
#12333=AXIS2_PLACEMENT_3D('',#12330,#12331,#12332);
#12334=CYLINDRICAL_SURFACE('',#12333,2.5E-1);
#12336=ORIENTED_EDGE('',*,*,#12335,.T.);
#12337=ORIENTED_EDGE('',*,*,#12323,.T.);
#12339=ORIENTED_EDGE('',*,*,#12338,.F.);
#12341=ORIENTED_EDGE('',*,*,#12340,.F.);
#12342=EDGE_LOOP('',(#12336,#12337,#12339,#12341));
#12343=FACE_OUTER_BOUND('',#12342,.F.);
#12344=ADVANCED_FACE('',(#12343),#12334,.T.);
#12345=CARTESIAN_POINT('',(0.E0,1.5E0,0.E0));
#12346=DIRECTION('',(0.E0,1.E0,0.E0));
#12347=DIRECTION('',(1.E0,0.E0,0.E0));
#12348=AXIS2_PLACEMENT_3D('',#12345,#12346,#12347);
#12349=PLANE('',#12348);
#12351=ORIENTED_EDGE('',*,*,#12350,.F.);
#12353=ORIENTED_EDGE('',*,*,#12352,.F.);
#12354=ORIENTED_EDGE('',*,*,#12335,.F.);
#12356=ORIENTED_EDGE('',*,*,#12355,.F.);
#12357=EDGE_LOOP('',(#12351,#12353,#12354,#12356));
#12358=FACE_OUTER_BOUND('',#12357,.F.);
#12359=ADVANCED_FACE('',(#12358),#12349,.T.);
#12360=CARTESIAN_POINT('',(-2.163680190953E0,1.25E0,2.34E0));
#12361=DIRECTION('',(1.E0,0.E0,0.E0));
#12362=DIRECTION('',(0.E0,1.E0,0.E0));
#12363=AXIS2_PLACEMENT_3D('',#12360,#12361,#12362);
#12364=CYLINDRICAL_SURFACE('',#12363,2.5E-1);
#12365=ORIENTED_EDGE('',*,*,#12350,.T.);
#12367=ORIENTED_EDGE('',*,*,#12366,.T.);
#12369=ORIENTED_EDGE('',*,*,#12368,.F.);
#12371=ORIENTED_EDGE('',*,*,#12370,.F.);
#12372=EDGE_LOOP('',(#12365,#12367,#12369,#12371));
#12373=FACE_OUTER_BOUND('',#12372,.F.);
#12374=ADVANCED_FACE('',(#12373),#12364,.T.);
#12375=CARTESIAN_POINT('',(2.15E0,1.25E0,2.34E0));
#12376=DIRECTION('',(-7.071067814222E-1,0.E0,7.071067809509E-1));
#12377=DIRECTION('',(7.071067809509E-1,0.E0,7.071067814222E-1));
#12378=AXIS2_PLACEMENT_3D('',#12375,#12376,#12377);
#12379=SPHERICAL_SURFACE('',#12378,2.5E-1);
#12381=ORIENTED_EDGE('',*,*,#12380,.F.);
#12382=ORIENTED_EDGE('',*,*,#12366,.F.);
#12384=ORIENTED_EDGE('',*,*,#12383,.T.);
#12385=EDGE_LOOP('',(#12381,#12382,#12384));
#12386=FACE_OUTER_BOUND('',#12385,.F.);
#12387=ADVANCED_FACE('',(#12386),#12379,.T.);
#12388=CARTESIAN_POINT('',(2.15E0,7.639956E0,2.34E0));
#12389=DIRECTION('',(0.E0,-1.E0,0.E0));
#12390=DIRECTION('',(1.E0,0.E0,0.E0));
#12391=AXIS2_PLACEMENT_3D('',#12388,#12389,#12390);
#12392=CYLINDRICAL_SURFACE('',#12391,2.5E-1);
#12393=ORIENTED_EDGE('',*,*,#12380,.T.);
#12395=ORIENTED_EDGE('',*,*,#12394,.T.);
#12397=ORIENTED_EDGE('',*,*,#12396,.T.);
#12399=ORIENTED_EDGE('',*,*,#12398,.F.);
#12400=EDGE_LOOP('',(#12393,#12395,#12397,#12399));
#12401=FACE_OUTER_BOUND('',#12400,.F.);
#12402=ADVANCED_FACE('',(#12401),#12392,.T.);
#12403=CARTESIAN_POINT('',(2.4E0,-1.5E0,2.59E0));
#12404=DIRECTION('',(1.E0,0.E0,0.E0));
#12405=DIRECTION('',(0.E0,0.E0,-1.E0));
#12406=AXIS2_PLACEMENT_3D('',#12403,#12404,#12405);
#12407=PLANE('',#12406);
#12409=ORIENTED_EDGE('',*,*,#12408,.T.);
#12411=ORIENTED_EDGE('',*,*,#12410,.T.);
#12413=ORIENTED_EDGE('',*,*,#12412,.T.);
#12414=ORIENTED_EDGE('',*,*,#12394,.F.);
#12415=EDGE_LOOP('',(#12409,#12411,#12413,#12414));
#12416=FACE_OUTER_BOUND('',#12415,.F.);
#12418=ORIENTED_EDGE('',*,*,#12417,.T.);
#12420=ORIENTED_EDGE('',*,*,#12419,.T.);
#12422=ORIENTED_EDGE('',*,*,#12421,.T.);
#12424=ORIENTED_EDGE('',*,*,#12423,.T.);
#12425=EDGE_LOOP('',(#12418,#12420,#12422,#12424));
#12426=FACE_BOUND('',#12425,.F.);
#12427=ADVANCED_FACE('',(#12416,#12426),#12407,.T.);
#12428=CARTESIAN_POINT('',(-2.745E0,8.5E-2,1.E0));
#12429=DIRECTION('',(0.E0,0.E0,1.E0));
#12430=DIRECTION('',(0.E0,-1.E0,0.E0));
#12431=AXIS2_PLACEMENT_3D('',#12428,#12429,#12430);
#12432=PLANE('',#12431);
#12434=ORIENTED_EDGE('',*,*,#12433,.F.);
#12436=ORIENTED_EDGE('',*,*,#12435,.F.);
#12438=ORIENTED_EDGE('',*,*,#12437,.T.);
#12440=ORIENTED_EDGE('',*,*,#12439,.F.);
#12442=ORIENTED_EDGE('',*,*,#12441,.F.);
#12444=ORIENTED_EDGE('',*,*,#12443,.F.);
#12445=ORIENTED_EDGE('',*,*,#12417,.F.);
#12447=ORIENTED_EDGE('',*,*,#12446,.T.);
#12448=EDGE_LOOP('',(#12434,#12436,#12438,#12440,#12442,#12444,#12445,#12447));
#12449=FACE_OUTER_BOUND('',#12448,.F.);
#12450=ADVANCED_FACE('',(#12449),#12432,.T.);
#12451=CARTESIAN_POINT('',(-2.745E0,8.5E-2,1.E0));
#12452=DIRECTION('',(0.E0,0.E0,1.E0));
#12453=DIRECTION('',(0.E0,-1.E0,0.E0));
#12454=AXIS2_PLACEMENT_3D('',#12451,#12452,#12453);
#12455=PLANE('',#12454);
#12457=ORIENTED_EDGE('',*,*,#12456,.F.);
#12459=ORIENTED_EDGE('',*,*,#12458,.T.);
#12461=ORIENTED_EDGE('',*,*,#12460,.T.);
#12463=ORIENTED_EDGE('',*,*,#12462,.F.);
#12465=ORIENTED_EDGE('',*,*,#12464,.F.);
#12467=ORIENTED_EDGE('',*,*,#12466,.T.);
#12469=ORIENTED_EDGE('',*,*,#12468,.T.);
#12471=ORIENTED_EDGE('',*,*,#12470,.F.);
#12472=EDGE_LOOP('',(#12457,#12459,#12461,#12463,#12465,#12467,#12469,#12471));
#12473=FACE_OUTER_BOUND('',#12472,.F.);
#12474=ADVANCED_FACE('',(#12473),#12455,.T.);
#12475=CARTESIAN_POINT('',(2.445E0,-2.15E-1,-9.342648E0));
#12476=DIRECTION('',(0.E0,0.E0,1.E0));
#12477=DIRECTION('',(1.E0,0.E0,0.E0));
#12478=AXIS2_PLACEMENT_3D('',#12475,#12476,#12477);
#12479=CYLINDRICAL_SURFACE('',#12478,3.E-1);
#12480=ORIENTED_EDGE('',*,*,#12433,.T.);
#12482=ORIENTED_EDGE('',*,*,#12481,.F.);
#12484=ORIENTED_EDGE('',*,*,#12483,.T.);
#12486=ORIENTED_EDGE('',*,*,#12485,.T.);
#12487=EDGE_LOOP('',(#12480,#12482,#12484,#12486));
#12488=FACE_OUTER_BOUND('',#12487,.F.);
#12489=ADVANCED_FACE('',(#12488),#12479,.T.);
#12490=CARTESIAN_POINT('',(-2.745E0,8.5E-2,-1.E0));
#12491=DIRECTION('',(0.E0,1.E0,0.E0));
#12492=DIRECTION('',(0.E0,0.E0,1.E0));
#12493=AXIS2_PLACEMENT_3D('',#12490,#12491,#12492);
#12494=PLANE('',#12493);
#12495=ORIENTED_EDGE('',*,*,#12481,.T.);
#12496=ORIENTED_EDGE('',*,*,#12446,.F.);
#12497=ORIENTED_EDGE('',*,*,#12423,.F.);
#12499=ORIENTED_EDGE('',*,*,#12498,.T.);
#12500=EDGE_LOOP('',(#12495,#12496,#12497,#12499));
#12501=FACE_OUTER_BOUND('',#12500,.F.);
#12502=ADVANCED_FACE('',(#12501),#12494,.T.);
#12503=CARTESIAN_POINT('',(-2.745E0,8.5E-2,-1.E0));
#12504=DIRECTION('',(0.E0,1.E0,0.E0));
#12505=DIRECTION('',(0.E0,0.E0,1.E0));
#12506=AXIS2_PLACEMENT_3D('',#12503,#12504,#12505);
#12507=PLANE('',#12506);
#12509=ORIENTED_EDGE('',*,*,#12508,.T.);
#12511=ORIENTED_EDGE('',*,*,#12510,.T.);
#12513=ORIENTED_EDGE('',*,*,#12512,.T.);
#12514=ORIENTED_EDGE('',*,*,#12458,.F.);
#12515=EDGE_LOOP('',(#12509,#12511,#12513,#12514));
#12516=FACE_OUTER_BOUND('',#12515,.F.);
#12517=ADVANCED_FACE('',(#12516),#12507,.T.);
#12518=CARTESIAN_POINT('',(-2.745E0,-8.5E-2,-1.E0));
#12519=DIRECTION('',(0.E0,0.E0,-1.E0));
#12520=DIRECTION('',(0.E0,1.E0,0.E0));
#12521=AXIS2_PLACEMENT_3D('',#12518,#12519,#12520);
#12522=PLANE('',#12521);
#12523=ORIENTED_EDGE('',*,*,#12483,.F.);
#12524=ORIENTED_EDGE('',*,*,#12498,.F.);
#12525=ORIENTED_EDGE('',*,*,#12421,.F.);
#12527=ORIENTED_EDGE('',*,*,#12526,.T.);
#12529=ORIENTED_EDGE('',*,*,#12528,.F.);
#12531=ORIENTED_EDGE('',*,*,#12530,.T.);
#12533=ORIENTED_EDGE('',*,*,#12532,.T.);
#12535=ORIENTED_EDGE('',*,*,#12534,.F.);
#12536=EDGE_LOOP('',(#12523,#12524,#12525,#12527,#12529,#12531,#12533,#12535));
#12537=FACE_OUTER_BOUND('',#12536,.F.);
#12538=ADVANCED_FACE('',(#12537),#12522,.T.);
#12539=CARTESIAN_POINT('',(-2.745E0,-8.5E-2,-1.E0));
#12540=DIRECTION('',(0.E0,0.E0,-1.E0));
#12541=DIRECTION('',(0.E0,1.E0,0.E0));
#12542=AXIS2_PLACEMENT_3D('',#12539,#12540,#12541);
#12543=PLANE('',#12542);
#12545=ORIENTED_EDGE('',*,*,#12544,.F.);
#12547=ORIENTED_EDGE('',*,*,#12546,.F.);
#12549=ORIENTED_EDGE('',*,*,#12548,.T.);
#12551=ORIENTED_EDGE('',*,*,#12550,.F.);
#12553=ORIENTED_EDGE('',*,*,#12552,.F.);
#12555=ORIENTED_EDGE('',*,*,#12554,.T.);
#12557=ORIENTED_EDGE('',*,*,#12556,.T.);
#12558=ORIENTED_EDGE('',*,*,#12510,.F.);
#12559=EDGE_LOOP('',(#12545,#12547,#12549,#12551,#12553,#12555,#12557,#12558));
#12560=FACE_OUTER_BOUND('',#12559,.F.);
#12561=ADVANCED_FACE('',(#12560),#12543,.T.);
#12562=CARTESIAN_POINT('',(-2.745E0,-8.5E-2,1.E0));
#12563=DIRECTION('',(0.E0,-1.E0,0.E0));
#12564=DIRECTION('',(0.E0,0.E0,-1.E0));
#12565=AXIS2_PLACEMENT_3D('',#12562,#12563,#12564);
#12566=PLANE('',#12565);
#12568=ORIENTED_EDGE('',*,*,#12567,.T.);
#12569=ORIENTED_EDGE('',*,*,#12462,.T.);
#12571=ORIENTED_EDGE('',*,*,#12570,.T.);
#12572=ORIENTED_EDGE('',*,*,#12554,.F.);
#12573=EDGE_LOOP('',(#12568,#12569,#12571,#12572));
#12574=FACE_OUTER_BOUND('',#12573,.F.);
#12575=ADVANCED_FACE('',(#12574),#12566,.T.);
#12576=CARTESIAN_POINT('',(-2.745E0,-8.5E-2,1.E0));
#12577=DIRECTION('',(0.E0,-1.E0,0.E0));
#12578=DIRECTION('',(0.E0,0.E0,-1.E0));
#12579=AXIS2_PLACEMENT_3D('',#12576,#12577,#12578);
#12580=PLANE('',#12579);
#12582=ORIENTED_EDGE('',*,*,#12581,.T.);
#12583=ORIENTED_EDGE('',*,*,#12526,.F.);
#12584=ORIENTED_EDGE('',*,*,#12419,.F.);
#12585=ORIENTED_EDGE('',*,*,#12443,.T.);
#12586=EDGE_LOOP('',(#12582,#12583,#12584,#12585));
#12587=FACE_OUTER_BOUND('',#12586,.F.);
#12588=ADVANCED_FACE('',(#12587),#12580,.T.);
#12589=CARTESIAN_POINT('',(-2.525E0,-1.35E-1,-9.342648E0));
#12590=DIRECTION('',(0.E0,0.E0,1.E0));
#12591=DIRECTION('',(0.E0,1.E0,0.E0));
#12592=AXIS2_PLACEMENT_3D('',#12589,#12590,#12591);
#12593=CYLINDRICAL_SURFACE('',#12592,5.E-2);
#12594=ORIENTED_EDGE('',*,*,#12567,.F.);
#12595=ORIENTED_EDGE('',*,*,#12552,.T.);
#12597=ORIENTED_EDGE('',*,*,#12596,.T.);
#12598=ORIENTED_EDGE('',*,*,#12464,.T.);
#12599=EDGE_LOOP('',(#12594,#12595,#12597,#12598));
#12600=FACE_OUTER_BOUND('',#12599,.F.);
#12601=ADVANCED_FACE('',(#12600),#12593,.F.);
#12602=CARTESIAN_POINT('',(-2.575E0,-8.5E-2,-1.E0));
#12603=DIRECTION('',(1.E0,0.E0,0.E0));
#12604=DIRECTION('',(0.E0,0.E0,1.E0));
#12605=AXIS2_PLACEMENT_3D('',#12602,#12603,#12604);
#12606=PLANE('',#12605);
#12607=ORIENTED_EDGE('',*,*,#12596,.F.);
#12608=ORIENTED_EDGE('',*,*,#12550,.T.);
#12610=ORIENTED_EDGE('',*,*,#12609,.T.);
#12611=ORIENTED_EDGE('',*,*,#12466,.F.);
#12612=EDGE_LOOP('',(#12607,#12608,#12610,#12611));
#12613=FACE_OUTER_BOUND('',#12612,.F.);
#12614=ADVANCED_FACE('',(#12613),#12606,.T.);
#12615=CARTESIAN_POINT('',(-2.745E0,-3.21E0,0.E0));
#12616=DIRECTION('',(0.E0,-1.E0,0.E0));
#12617=DIRECTION('',(0.E0,0.E0,-1.E0));
#12618=AXIS2_PLACEMENT_3D('',#12615,#12616,#12617);
#12619=PLANE('',#12618);
#12620=ORIENTED_EDGE('',*,*,#12437,.F.);
#12622=ORIENTED_EDGE('',*,*,#12621,.F.);
#12623=ORIENTED_EDGE('',*,*,#12532,.F.);
#12625=ORIENTED_EDGE('',*,*,#12624,.F.);
#12626=EDGE_LOOP('',(#12620,#12622,#12623,#12625));
#12627=FACE_OUTER_BOUND('',#12626,.F.);
#12628=ADVANCED_FACE('',(#12627),#12619,.T.);
#12629=CARTESIAN_POINT('',(-2.745E0,-3.21E0,0.E0));
#12630=DIRECTION('',(0.E0,-1.E0,0.E0));
#12631=DIRECTION('',(0.E0,0.E0,-1.E0));
#12632=AXIS2_PLACEMENT_3D('',#12629,#12630,#12631);
#12633=PLANE('',#12632);
#12635=ORIENTED_EDGE('',*,*,#12634,.F.);
#12636=ORIENTED_EDGE('',*,*,#12468,.F.);
#12637=ORIENTED_EDGE('',*,*,#12609,.F.);
#12638=ORIENTED_EDGE('',*,*,#12548,.F.);
#12639=EDGE_LOOP('',(#12635,#12636,#12637,#12638));
#12640=FACE_OUTER_BOUND('',#12639,.F.);
#12641=ADVANCED_FACE('',(#12640),#12633,.T.);
#12642=CARTESIAN_POINT('',(2.745E0,0.E0,0.E0));
#12643=DIRECTION('',(1.E0,0.E0,0.E0));
#12644=DIRECTION('',(0.E0,0.E0,-1.E0));
#12645=AXIS2_PLACEMENT_3D('',#12642,#12643,#12644);
#12646=PLANE('',#12645);
#12647=ORIENTED_EDGE('',*,*,#12485,.F.);
#12648=ORIENTED_EDGE('',*,*,#12534,.T.);
#12649=ORIENTED_EDGE('',*,*,#12621,.T.);
#12650=ORIENTED_EDGE('',*,*,#12435,.T.);
#12651=EDGE_LOOP('',(#12647,#12648,#12649,#12650));
#12652=FACE_OUTER_BOUND('',#12651,.F.);
#12653=ADVANCED_FACE('',(#12652),#12646,.T.);
#12654=CARTESIAN_POINT('',(2.575E0,-8.5E-2,1.E0));
#12655=DIRECTION('',(-1.E0,0.E0,0.E0));
#12656=DIRECTION('',(0.E0,0.E0,-1.E0));
#12657=AXIS2_PLACEMENT_3D('',#12654,#12655,#12656);
#12658=PLANE('',#12657);
#12660=ORIENTED_EDGE('',*,*,#12659,.F.);
#12661=ORIENTED_EDGE('',*,*,#12439,.T.);
#12662=ORIENTED_EDGE('',*,*,#12624,.T.);
#12663=ORIENTED_EDGE('',*,*,#12530,.F.);
#12664=EDGE_LOOP('',(#12660,#12661,#12662,#12663));
#12665=FACE_OUTER_BOUND('',#12664,.F.);
#12666=ADVANCED_FACE('',(#12665),#12658,.T.);
#12667=CARTESIAN_POINT('',(2.525E0,-1.35E-1,9.342648E0));
#12668=DIRECTION('',(0.E0,0.E0,-1.E0));
#12669=DIRECTION('',(0.E0,1.E0,0.E0));
#12670=AXIS2_PLACEMENT_3D('',#12667,#12668,#12669);
#12671=CYLINDRICAL_SURFACE('',#12670,5.E-2);
#12672=ORIENTED_EDGE('',*,*,#12581,.F.);
#12673=ORIENTED_EDGE('',*,*,#12441,.T.);
#12674=ORIENTED_EDGE('',*,*,#12659,.T.);
#12675=ORIENTED_EDGE('',*,*,#12528,.T.);
#12676=EDGE_LOOP('',(#12672,#12673,#12674,#12675));
#12677=FACE_OUTER_BOUND('',#12676,.F.);
#12678=ADVANCED_FACE('',(#12677),#12671,.F.);
#12679=CARTESIAN_POINT('',(-2.745E0,0.E0,0.E0));
#12680=DIRECTION('',(1.E0,0.E0,0.E0));
#12681=DIRECTION('',(0.E0,0.E0,-1.E0));
#12682=AXIS2_PLACEMENT_3D('',#12679,#12680,#12681);
#12683=PLANE('',#12682);
#12685=ORIENTED_EDGE('',*,*,#12684,.F.);
#12686=ORIENTED_EDGE('',*,*,#12470,.T.);
#12687=ORIENTED_EDGE('',*,*,#12634,.T.);
#12688=ORIENTED_EDGE('',*,*,#12546,.T.);
#12689=EDGE_LOOP('',(#12685,#12686,#12687,#12688));
#12690=FACE_OUTER_BOUND('',#12689,.F.);
#12691=ADVANCED_FACE('',(#12690),#12683,.F.);
#12692=CARTESIAN_POINT('',(-2.445E0,-2.15E-1,9.342648E0));
#12693=DIRECTION('',(0.E0,0.E0,-1.E0));
#12694=DIRECTION('',(-1.E0,0.E0,0.E0));
#12695=AXIS2_PLACEMENT_3D('',#12692,#12693,#12694);
#12696=CYLINDRICAL_SURFACE('',#12695,3.E-1);
#12697=ORIENTED_EDGE('',*,*,#12544,.T.);
#12698=ORIENTED_EDGE('',*,*,#12508,.F.);
#12699=ORIENTED_EDGE('',*,*,#12456,.T.);
#12700=ORIENTED_EDGE('',*,*,#12684,.T.);
#12701=EDGE_LOOP('',(#12697,#12698,#12699,#12700));
#12702=FACE_OUTER_BOUND('',#12701,.F.);
#12703=ADVANCED_FACE('',(#12702),#12696,.T.);
#12704=CARTESIAN_POINT('',(-2.4E0,-1.5E0,-2.59E0));
#12705=DIRECTION('',(-1.E0,0.E0,0.E0));
#12706=DIRECTION('',(0.E0,0.E0,1.E0));
#12707=AXIS2_PLACEMENT_3D('',#12704,#12705,#12706);
#12708=PLANE('',#12707);
#12710=ORIENTED_EDGE('',*,*,#12709,.T.);
#12712=ORIENTED_EDGE('',*,*,#12711,.T.);
#12713=ORIENTED_EDGE('',*,*,#12282,.T.);
#12714=ORIENTED_EDGE('',*,*,#12309,.F.);
#12715=EDGE_LOOP('',(#12710,#12712,#12713,#12714));
#12716=FACE_OUTER_BOUND('',#12715,.F.);
#12717=ORIENTED_EDGE('',*,*,#12460,.F.);
#12718=ORIENTED_EDGE('',*,*,#12512,.F.);
#12719=ORIENTED_EDGE('',*,*,#12556,.F.);
#12720=ORIENTED_EDGE('',*,*,#12570,.F.);
#12721=EDGE_LOOP('',(#12717,#12718,#12719,#12720));
#12722=FACE_BOUND('',#12721,.F.);
#12723=ADVANCED_FACE('',(#12716,#12722),#12708,.T.);
#12724=CARTESIAN_POINT('',(-2.15E0,1.25E0,-2.353680190953E0));
#12725=DIRECTION('',(0.E0,0.E0,1.E0));
#12726=DIRECTION('',(0.E0,1.E0,0.E0));
#12727=AXIS2_PLACEMENT_3D('',#12724,#12725,#12726);
#12728=CYLINDRICAL_SURFACE('',#12727,2.5E-1);
#12729=ORIENTED_EDGE('',*,*,#12352,.T.);
#12731=ORIENTED_EDGE('',*,*,#12730,.T.);
#12732=ORIENTED_EDGE('',*,*,#12709,.F.);
#12733=ORIENTED_EDGE('',*,*,#12325,.F.);
#12734=EDGE_LOOP('',(#12729,#12731,#12732,#12733));
#12735=FACE_OUTER_BOUND('',#12734,.F.);
#12736=ADVANCED_FACE('',(#12735),#12728,.T.);
#12737=CARTESIAN_POINT('',(-2.15E0,1.25E0,2.34E0));
#12738=DIRECTION('',(-7.071067809509E-1,0.E0,-7.071067814222E-1));
#12739=DIRECTION('',(-7.071067814222E-1,0.E0,7.071067809509E-1));
#12740=AXIS2_PLACEMENT_3D('',#12737,#12738,#12739);
#12741=SPHERICAL_SURFACE('',#12740,2.5E-1);
#12743=ORIENTED_EDGE('',*,*,#12742,.F.);
#12744=ORIENTED_EDGE('',*,*,#12730,.F.);
#12745=ORIENTED_EDGE('',*,*,#12370,.T.);
#12746=EDGE_LOOP('',(#12743,#12744,#12745));
#12747=FACE_OUTER_BOUND('',#12746,.F.);
#12748=ADVANCED_FACE('',(#12747),#12741,.T.);
#12749=CARTESIAN_POINT('',(-2.15E0,7.639956E0,2.34E0));
#12750=DIRECTION('',(0.E0,-1.E0,0.E0));
#12751=DIRECTION('',(0.E0,0.E0,1.E0));
#12752=AXIS2_PLACEMENT_3D('',#12749,#12750,#12751);
#12753=CYLINDRICAL_SURFACE('',#12752,2.5E-1);
#12754=ORIENTED_EDGE('',*,*,#12742,.T.);
#12756=ORIENTED_EDGE('',*,*,#12755,.T.);
#12758=ORIENTED_EDGE('',*,*,#12757,.T.);
#12759=ORIENTED_EDGE('',*,*,#12711,.F.);
#12760=EDGE_LOOP('',(#12754,#12756,#12758,#12759));
#12761=FACE_OUTER_BOUND('',#12760,.F.);
#12762=ADVANCED_FACE('',(#12761),#12753,.T.);
#12763=CARTESIAN_POINT('',(-2.4E0,-1.5E0,2.59E0));
#12764=DIRECTION('',(0.E0,0.E0,1.E0));
#12765=DIRECTION('',(1.E0,0.E0,0.E0));
#12766=AXIS2_PLACEMENT_3D('',#12763,#12764,#12765);
#12767=PLANE('',#12766);
#12768=ORIENTED_EDGE('',*,*,#12368,.T.);
#12769=ORIENTED_EDGE('',*,*,#12398,.T.);
#12771=ORIENTED_EDGE('',*,*,#12770,.T.);
#12772=ORIENTED_EDGE('',*,*,#12755,.F.);
#12773=EDGE_LOOP('',(#12768,#12769,#12771,#12772));
#12774=FACE_OUTER_BOUND('',#12773,.F.);
#12775=ADVANCED_FACE('',(#12774),#12767,.T.);
#12776=CARTESIAN_POINT('',(2.169433472445E0,-1.25E0,2.34E0));
#12777=DIRECTION('',(-1.E0,0.E0,0.E0));
#12778=DIRECTION('',(0.E0,-1.E0,0.E0));
#12779=AXIS2_PLACEMENT_3D('',#12776,#12777,#12778);
#12780=CYLINDRICAL_SURFACE('',#12779,2.5E-1);
#12781=ORIENTED_EDGE('',*,*,#12265,.T.);
#12783=ORIENTED_EDGE('',*,*,#12782,.T.);
#12784=ORIENTED_EDGE('',*,*,#12770,.F.);
#12786=ORIENTED_EDGE('',*,*,#12785,.F.);
#12787=EDGE_LOOP('',(#12781,#12783,#12784,#12786));
#12788=FACE_OUTER_BOUND('',#12787,.F.);
#12789=ADVANCED_FACE('',(#12788),#12780,.T.);
#12790=CARTESIAN_POINT('',(-2.15E0,-1.25E0,2.34E0));
#12791=DIRECTION('',(7.071067809509E-1,0.E0,7.071067814222E-1));
#12792=DIRECTION('',(-7.071067814222E-1,0.E0,7.071067809509E-1));
#12793=AXIS2_PLACEMENT_3D('',#12790,#12791,#12792);
#12794=SPHERICAL_SURFACE('',#12793,2.5E-1);
#12795=ORIENTED_EDGE('',*,*,#12757,.F.);
#12796=ORIENTED_EDGE('',*,*,#12782,.F.);
#12797=ORIENTED_EDGE('',*,*,#12284,.T.);
#12798=EDGE_LOOP('',(#12795,#12796,#12797));
#12799=FACE_OUTER_BOUND('',#12798,.F.);
#12800=ADVANCED_FACE('',(#12799),#12794,.T.);
#12801=CARTESIAN_POINT('',(2.15E0,-1.25E0,2.34E0));
#12802=DIRECTION('',(7.071067814222E-1,0.E0,-7.071067809509E-1));
#12803=DIRECTION('',(7.071067809509E-1,0.E0,7.071067814222E-1));
#12804=AXIS2_PLACEMENT_3D('',#12801,#12802,#12803);
#12805=SPHERICAL_SURFACE('',#12804,2.5E-1);
#12806=ORIENTED_EDGE('',*,*,#12396,.F.);
#12808=ORIENTED_EDGE('',*,*,#12807,.F.);
#12809=ORIENTED_EDGE('',*,*,#12785,.T.);
#12810=EDGE_LOOP('',(#12806,#12808,#12809));
#12811=FACE_OUTER_BOUND('',#12810,.F.);
#12812=ADVANCED_FACE('',(#12811),#12805,.T.);
#12813=CARTESIAN_POINT('',(2.15E0,-1.25E0,-2.359433472445E0));
#12814=DIRECTION('',(0.E0,0.E0,1.E0));
#12815=DIRECTION('',(0.E0,-1.E0,0.E0));
#12816=AXIS2_PLACEMENT_3D('',#12813,#12814,#12815);
#12817=CYLINDRICAL_SURFACE('',#12816,2.5E-1);
#12818=ORIENTED_EDGE('',*,*,#12267,.T.);
#12819=ORIENTED_EDGE('',*,*,#12807,.T.);
#12820=ORIENTED_EDGE('',*,*,#12412,.F.);
#12822=ORIENTED_EDGE('',*,*,#12821,.F.);
#12823=EDGE_LOOP('',(#12818,#12819,#12820,#12822));
#12824=FACE_OUTER_BOUND('',#12823,.F.);
#12825=ADVANCED_FACE('',(#12824),#12817,.T.);
#12826=CARTESIAN_POINT('',(2.15E0,-1.25E0,-2.34E0));
#12827=DIRECTION('',(-7.071067809509E-1,0.E0,-7.071067814222E-1));
#12828=DIRECTION('',(7.071067814222E-1,0.E0,-7.071067809509E-1));
#12829=AXIS2_PLACEMENT_3D('',#12826,#12827,#12828);
#12830=SPHERICAL_SURFACE('',#12829,2.5E-1);
#12832=ORIENTED_EDGE('',*,*,#12831,.F.);
#12834=ORIENTED_EDGE('',*,*,#12833,.F.);
#12835=ORIENTED_EDGE('',*,*,#12821,.T.);
#12836=EDGE_LOOP('',(#12832,#12834,#12835));
#12837=FACE_OUTER_BOUND('',#12836,.F.);
#12838=ADVANCED_FACE('',(#12837),#12830,.T.);
#12839=CARTESIAN_POINT('',(2.15E0,7.639956E0,-2.34E0));
#12840=DIRECTION('',(0.E0,-1.E0,0.E0));
#12841=DIRECTION('',(0.E0,0.E0,-1.E0));
#12842=AXIS2_PLACEMENT_3D('',#12839,#12840,#12841);
#12843=CYLINDRICAL_SURFACE('',#12842,2.5E-1);
#12845=ORIENTED_EDGE('',*,*,#12844,.T.);
#12847=ORIENTED_EDGE('',*,*,#12846,.T.);
#12848=ORIENTED_EDGE('',*,*,#12831,.T.);
#12849=ORIENTED_EDGE('',*,*,#12410,.F.);
#12850=EDGE_LOOP('',(#12845,#12847,#12848,#12849));
#12851=FACE_OUTER_BOUND('',#12850,.F.);
#12852=ADVANCED_FACE('',(#12851),#12843,.T.);
#12853=CARTESIAN_POINT('',(2.15E0,1.25E0,-2.34E0));
#12854=DIRECTION('',(7.071067809509E-1,0.E0,7.071067814222E-1));
#12855=DIRECTION('',(7.071067814222E-1,0.E0,-7.071067809509E-1));
#12856=AXIS2_PLACEMENT_3D('',#12853,#12854,#12855);
#12857=SPHERICAL_SURFACE('',#12856,2.5E-1);
#12858=ORIENTED_EDGE('',*,*,#12844,.F.);
#12860=ORIENTED_EDGE('',*,*,#12859,.F.);
#12861=ORIENTED_EDGE('',*,*,#12340,.T.);
#12862=EDGE_LOOP('',(#12858,#12860,#12861));
#12863=FACE_OUTER_BOUND('',#12862,.F.);
#12864=ADVANCED_FACE('',(#12863),#12857,.T.);
#12865=CARTESIAN_POINT('',(2.15E0,1.25E0,2.353680190953E0));
#12866=DIRECTION('',(0.E0,0.E0,-1.E0));
#12867=DIRECTION('',(0.E0,1.E0,0.E0));
#12868=AXIS2_PLACEMENT_3D('',#12865,#12866,#12867);
#12869=CYLINDRICAL_SURFACE('',#12868,2.5E-1);
#12870=ORIENTED_EDGE('',*,*,#12355,.T.);
#12871=ORIENTED_EDGE('',*,*,#12859,.T.);
#12872=ORIENTED_EDGE('',*,*,#12408,.F.);
#12873=ORIENTED_EDGE('',*,*,#12383,.F.);
#12874=EDGE_LOOP('',(#12870,#12871,#12872,#12873));
#12875=FACE_OUTER_BOUND('',#12874,.F.);
#12876=ADVANCED_FACE('',(#12875),#12869,.T.);
#12877=CARTESIAN_POINT('',(2.4E0,-1.5E0,-2.59E0));
#12878=DIRECTION('',(0.E0,0.E0,-1.E0));
#12879=DIRECTION('',(-1.E0,0.E0,0.E0));
#12880=AXIS2_PLACEMENT_3D('',#12877,#12878,#12879);
#12881=PLANE('',#12880);
#12882=ORIENTED_EDGE('',*,*,#12338,.T.);
#12883=ORIENTED_EDGE('',*,*,#12312,.T.);
#12885=ORIENTED_EDGE('',*,*,#12884,.T.);
#12886=ORIENTED_EDGE('',*,*,#12846,.F.);
#12887=EDGE_LOOP('',(#12882,#12883,#12885,#12886));
#12888=FACE_OUTER_BOUND('',#12887,.F.);
#12889=ADVANCED_FACE('',(#12888),#12881,.T.);
#12890=CARTESIAN_POINT('',(-2.169433472445E0,-1.25E0,-2.34E0));
#12891=DIRECTION('',(1.E0,0.E0,0.E0));
#12892=DIRECTION('',(0.E0,-1.E0,0.E0));
#12893=AXIS2_PLACEMENT_3D('',#12890,#12891,#12892);
#12894=CYLINDRICAL_SURFACE('',#12893,2.5E-1);
#12895=ORIENTED_EDGE('',*,*,#12269,.T.);
#12896=ORIENTED_EDGE('',*,*,#12833,.T.);
#12897=ORIENTED_EDGE('',*,*,#12884,.F.);
#12898=ORIENTED_EDGE('',*,*,#12297,.F.);
#12899=EDGE_LOOP('',(#12895,#12896,#12897,#12898));
#12900=FACE_OUTER_BOUND('',#12899,.F.);
#12901=ADVANCED_FACE('',(#12900),#12894,.T.);
#12902=CLOSED_SHELL('',(#12273,#12288,#12301,#12316,#12329,#12344,#12359,#12374,
#12387,#12402,#12427,#12450,#12474,#12489,#12502,#12517,#12538,#12561,#12575,
#12588,#12601,#12614,#12628,#12641,#12653,#12666,#12678,#12691,#12703,#12723,
#12736,#12748,#12762,#12775,#12789,#12800,#12812,#12825,#12838,#12852,#12864,
#12876,#12889,#12901));
#12903=MANIFOLD_SOLID_BREP('',#12902);
#12905=DIMENSIONAL_EXPONENTS(0.E0,0.E0,0.E0,0.E0,0.E0,0.E0,0.E0);
#12907=PLANE_ANGLE_MEASURE_WITH_UNIT(PLANE_ANGLE_MEASURE(1.745329251994E-2),
#12906);
#12908=(CONVERSION_BASED_UNIT('DEGREE',#12907)NAMED_UNIT(*)PLANE_ANGLE_UNIT());
#12910=UNCERTAINTY_MEASURE_WITH_UNIT(LENGTH_MEASURE(8.896643614232E-4),#12904,
'closure',
'Maximum model space distance between geometric entities at asserted connectivities');
#12911=(GEOMETRIC_REPRESENTATION_CONTEXT(3)GLOBAL_UNCERTAINTY_ASSIGNED_CONTEXT((
#12910))GLOBAL_UNIT_ASSIGNED_CONTEXT((#12904,#12908,#12909))REPRESENTATION_CONTEXT('ID9','3'));
#12912=CARTESIAN_POINT('',(0.E0,0.E0,0.E0));
#12913=DIRECTION('',(0.E0,0.E0,1.E0));
#12914=DIRECTION('',(1.E0,0.E0,0.E0));
#12917=DESIGN_CONTEXT('',#1259,'design');
#12918=MECHANICAL_CONTEXT('',#1259,'mechanical');
#12919=PRODUCT('MTF-05CZI1R0M-R1-RU','MTF-05CZI1R0M-R1-RU','NOT SPECIFIED',(
#12918));
#12920=PRODUCT_DEFINITION_FORMATION_WITH_SPECIFIED_SOURCE('1','LAST_VERSION',
#12919,.MADE.);
#12926=CARTESIAN_POINT('',(1.325708661417E-1,1.639685039370E-1,
1.550179527559E-1));
#12927=DIRECTION('',(0.E0,-1.E0,0.E0));
#12928=DIRECTION('',(1.E0,0.E0,0.E0));
#12929=AXIS2_PLACEMENT_3D('',#12926,#12927,#12928);
#12930=ITEM_DEFINED_TRANSFORMATION('','',#12915,#12929);
#12931=(REPRESENTATION_RELATIONSHIP('','',#12916,#1270)REPRESENTATION_RELATIONSHIP_WITH_TRANSFORMATION(#12930)SHAPE_REPRESENTATION_RELATIONSHIP());
#12932=CONTEXT_DEPENDENT_SHAPE_REPRESENTATION(#12931,#12925);
#12933=CARTESIAN_POINT('',(0.E0,2.35E-2,0.E0));
#12934=DIRECTION('',(0.E0,0.E0,1.E0));
#12935=DIRECTION('',(0.E0,-1.E0,0.E0));
#12936=AXIS2_PLACEMENT_3D('',#12933,#12934,#12935);
#12938=CARTESIAN_POINT('',(0.E0,2.35E-2,0.E0));
#12939=DIRECTION('',(0.E0,0.E0,-1.E0));
#12940=DIRECTION('',(0.E0,-1.E0,0.E0));
#12941=AXIS2_PLACEMENT_3D('',#12938,#12939,#12940);
#12943=CARTESIAN_POINT('',(0.E0,0.E0,0.E0));
#12944=CARTESIAN_POINT('',(0.E0,4.7E-2,0.E0));
#12945=VERTEX_POINT('',#12943);
#12946=VERTEX_POINT('',#12944);
#12947=CARTESIAN_POINT('',(0.E0,2.35E-2,0.E0));
#12948=DIRECTION('',(0.E0,1.E0,0.E0));
#12949=DIRECTION('',(1.E0,0.E0,0.E0));
#12950=AXIS2_PLACEMENT_3D('',#12947,#12948,#12949);
#12951=SPHERICAL_SURFACE('',#12950,2.35E-2);
#12953=ORIENTED_EDGE('',*,*,#12952,.T.);
#12955=ORIENTED_EDGE('',*,*,#12954,.F.);
#12956=EDGE_LOOP('',(#12953,#12955));
#12957=FACE_OUTER_BOUND('',#12956,.F.);
#12958=ADVANCED_FACE('',(#12957),#12951,.T.);
#12959=CARTESIAN_POINT('',(0.E0,2.35E-2,0.E0));
#12960=DIRECTION('',(0.E0,1.E0,0.E0));
#12961=DIRECTION('',(1.E0,0.E0,0.E0));
#12962=AXIS2_PLACEMENT_3D('',#12959,#12960,#12961);
#12963=SPHERICAL_SURFACE('',#12962,2.35E-2);
#12964=ORIENTED_EDGE('',*,*,#12952,.F.);
#12965=ORIENTED_EDGE('',*,*,#12954,.T.);
#12966=EDGE_LOOP('',(#12964,#12965));
#12967=FACE_OUTER_BOUND('',#12966,.F.);
#12968=ADVANCED_FACE('',(#12967),#12963,.T.);
#12969=CLOSED_SHELL('',(#12958,#12968));
#12970=MANIFOLD_SOLID_BREP('',#12969);
#12971=DIMENSIONAL_EXPONENTS(1.E0,0.E0,0.E0,0.E0,0.E0,0.E0,0.E0);
#12973=LENGTH_MEASURE_WITH_UNIT(LENGTH_MEASURE(2.54E1),#12972);
#12974=(CONVERSION_BASED_UNIT('INCH',#12973)LENGTH_UNIT()NAMED_UNIT(#12971));
#12975=DIMENSIONAL_EXPONENTS(0.E0,0.E0,0.E0,0.E0,0.E0,0.E0,0.E0);
#12977=PLANE_ANGLE_MEASURE_WITH_UNIT(PLANE_ANGLE_MEASURE(1.745329251994E-2),
#12976);
#12978=(CONVERSION_BASED_UNIT('DEGREE',#12977)NAMED_UNIT(*)PLANE_ANGLE_UNIT());
#12980=UNCERTAINTY_MEASURE_WITH_UNIT(LENGTH_MEASURE(8.140313170022E-6),#12974,
'closure',
'Maximum model space distance between geometric entities at asserted connectivities');
#12981=(GEOMETRIC_REPRESENTATION_CONTEXT(3)GLOBAL_UNCERTAINTY_ASSIGNED_CONTEXT((
#12980))GLOBAL_UNIT_ASSIGNED_CONTEXT((#12974,#12978,#12979))REPRESENTATION_CONTEXT('ID10','3'));
#12982=CARTESIAN_POINT('',(0.E0,0.E0,0.E0));
#12983=DIRECTION('',(0.E0,0.E0,1.E0));
#12984=DIRECTION('',(1.E0,0.E0,0.E0));
#12987=MECHANICAL_CONTEXT('',#1259,'mechanical');
#12988=PRODUCT('8600091988P','8600091988P','NOT SPECIFIED',(#12987));
#12989=PRODUCT_DEFINITION_FORMATION_WITH_SPECIFIED_SOURCE('1','LAST_VERSION',
#12988,.MADE.);
#12995=CARTESIAN_POINT('',(2.28E-1,4.9E-2,-1.E-3));
#12996=DIRECTION('',(3.339537005066E-3,9.999944237307E-1,0.E0));
#12997=DIRECTION('',(9.999944237307E-1,-3.339537005066E-3,0.E0));
#12998=AXIS2_PLACEMENT_3D('',#12995,#12996,#12997);
#12999=ITEM_DEFINED_TRANSFORMATION('','',#12985,#12998);
#13000=(REPRESENTATION_RELATIONSHIP('','',#12986,#1270)REPRESENTATION_RELATIONSHIP_WITH_TRANSFORMATION(#12999)SHAPE_REPRESENTATION_RELATIONSHIP());
#13001=CONTEXT_DEPENDENT_SHAPE_REPRESENTATION(#13000,#12994);
#13004=CARTESIAN_POINT('',(1.65E-1,4.9E-2,-1.E-3));
#13005=DIRECTION('',(-3.323531661998E-3,9.999944770534E-1,0.E0));
#13006=DIRECTION('',(9.999944770534E-1,3.323531661998E-3,0.E0));
#13007=AXIS2_PLACEMENT_3D('',#13004,#13005,#13006);
#13008=ITEM_DEFINED_TRANSFORMATION('','',#12985,#13007);
#13009=(REPRESENTATION_RELATIONSHIP('','',#12986,#1270)REPRESENTATION_RELATIONSHIP_WITH_TRANSFORMATION(#13008)SHAPE_REPRESENTATION_RELATIONSHIP());
#13010=CONTEXT_DEPENDENT_SHAPE_REPRESENTATION(#13009,#13003);
#13013=CARTESIAN_POINT('',(1.02E-1,4.9E-2,-1.E-3));
#13014=DIRECTION('',(-4.798314469545E-4,9.999998848809E-1,0.E0));
#13015=DIRECTION('',(9.999998848809E-1,4.798314469545E-4,0.E0));
#13016=AXIS2_PLACEMENT_3D('',#13013,#13014,#13015);
#13017=ITEM_DEFINED_TRANSFORMATION('','',#12985,#13016);
#13018=(REPRESENTATION_RELATIONSHIP('','',#12986,#1270)REPRESENTATION_RELATIONSHIP_WITH_TRANSFORMATION(#13017)SHAPE_REPRESENTATION_RELATIONSHIP());
#13019=CONTEXT_DEPENDENT_SHAPE_REPRESENTATION(#13018,#13012);
#13022=CARTESIAN_POINT('',(3.9E-2,4.9E-2,-1.E-3));
#13023=DIRECTION('',(0.E0,1.E0,0.E0));
#13024=DIRECTION('',(1.E0,0.E0,0.E0));
#13025=AXIS2_PLACEMENT_3D('',#13022,#13023,#13024);
#13026=ITEM_DEFINED_TRANSFORMATION('','',#12985,#13025);
#13027=(REPRESENTATION_RELATIONSHIP('','',#12986,#1270)REPRESENTATION_RELATIONSHIP_WITH_TRANSFORMATION(#13026)SHAPE_REPRESENTATION_RELATIONSHIP());
#13028=CONTEXT_DEPENDENT_SHAPE_REPRESENTATION(#13027,#13021);
#13031=CARTESIAN_POINT('',(2.28E-1,3.06E-1,-1.E-3));
#13032=DIRECTION('',(0.E0,1.E0,0.E0));
#13033=DIRECTION('',(1.E0,0.E0,0.E0));
#13034=AXIS2_PLACEMENT_3D('',#13031,#13032,#13033);
#13035=ITEM_DEFINED_TRANSFORMATION('','',#12985,#13034);
#13036=(REPRESENTATION_RELATIONSHIP('','',#12986,#1270)REPRESENTATION_RELATIONSHIP_WITH_TRANSFORMATION(#13035)SHAPE_REPRESENTATION_RELATIONSHIP());
#13037=CONTEXT_DEPENDENT_SHAPE_REPRESENTATION(#13036,#13030);
#13040=CARTESIAN_POINT('',(1.65E-1,3.06E-1,-1.E-3));
#13041=DIRECTION('',(0.E0,1.E0,0.E0));
#13042=DIRECTION('',(1.E0,0.E0,0.E0));
#13043=AXIS2_PLACEMENT_3D('',#13040,#13041,#13042);
#13044=ITEM_DEFINED_TRANSFORMATION('','',#12985,#13043);
#13045=(REPRESENTATION_RELATIONSHIP('','',#12986,#1270)REPRESENTATION_RELATIONSHIP_WITH_TRANSFORMATION(#13044)SHAPE_REPRESENTATION_RELATIONSHIP());
#13046=CONTEXT_DEPENDENT_SHAPE_REPRESENTATION(#13045,#13039);
#13049=CARTESIAN_POINT('',(1.02E-1,3.06E-1,-1.E-3));
#13050=DIRECTION('',(1.531645015043E-3,9.999988270311E-1,0.E0));
#13051=DIRECTION('',(9.999988270311E-1,-1.531645015043E-3,0.E0));
#13052=AXIS2_PLACEMENT_3D('',#13049,#13050,#13051);
#13053=ITEM_DEFINED_TRANSFORMATION('','',#12985,#13052);
#13054=(REPRESENTATION_RELATIONSHIP('','',#12986,#1270)REPRESENTATION_RELATIONSHIP_WITH_TRANSFORMATION(#13053)SHAPE_REPRESENTATION_RELATIONSHIP());
#13055=CONTEXT_DEPENDENT_SHAPE_REPRESENTATION(#13054,#13048);
#13057=DIRECTION('',(1.E0,0.E0,0.E0));
#13058=VECTOR('',#13057,7.6E-2);
#13059=CARTESIAN_POINT('',(6.2E-2,0.E0,0.E0));
#13060=LINE('',#13059,#13058);
#13061=CARTESIAN_POINT('',(1.38E-1,6.2E-2,0.E0));
#13062=DIRECTION('',(0.E0,0.E0,1.E0));
#13063=DIRECTION('',(0.E0,-1.E0,0.E0));
#13064=AXIS2_PLACEMENT_3D('',#13061,#13062,#13063);
#13066=DIRECTION('',(0.E0,1.E0,0.E0));
#13067=VECTOR('',#13066,7.6E-2);
#13068=CARTESIAN_POINT('',(2.E-1,6.2E-2,0.E0));
#13069=LINE('',#13068,#13067);
#13070=CARTESIAN_POINT('',(1.38E-1,1.38E-1,0.E0));
#13071=DIRECTION('',(0.E0,0.E0,1.E0));
#13072=DIRECTION('',(1.E0,0.E0,0.E0));
#13073=AXIS2_PLACEMENT_3D('',#13070,#13071,#13072);
#13075=DIRECTION('',(-1.E0,0.E0,0.E0));
#13076=VECTOR('',#13075,7.6E-2);
#13077=CARTESIAN_POINT('',(1.38E-1,2.E-1,0.E0));
#13078=LINE('',#13077,#13076);
#13079=CARTESIAN_POINT('',(6.2E-2,1.38E-1,0.E0));
#13080=DIRECTION('',(0.E0,0.E0,1.E0));
#13081=DIRECTION('',(0.E0,1.E0,0.E0));
#13082=AXIS2_PLACEMENT_3D('',#13079,#13080,#13081);
#13084=DIRECTION('',(0.E0,-1.E0,0.E0));
#13085=VECTOR('',#13084,7.6E-2);
#13086=CARTESIAN_POINT('',(0.E0,1.38E-1,0.E0));
#13087=LINE('',#13086,#13085);
#13088=CARTESIAN_POINT('',(6.2E-2,6.2E-2,0.E0));
#13089=DIRECTION('',(0.E0,0.E0,1.E0));
#13090=DIRECTION('',(-1.E0,0.E0,0.E0));
#13091=AXIS2_PLACEMENT_3D('',#13088,#13089,#13090);
#13093=DIRECTION('',(0.E0,0.E0,1.E0));
#13094=VECTOR('',#13093,5.E-3);
#13095=CARTESIAN_POINT('',(6.2E-2,0.E0,0.E0));
#13096=LINE('',#13095,#13094);
#13097=DIRECTION('',(0.E0,0.E0,1.E0));
#13098=VECTOR('',#13097,5.E-3);
#13099=CARTESIAN_POINT('',(0.E0,6.2E-2,0.E0));
#13100=LINE('',#13099,#13098);
#13101=DIRECTION('',(0.E0,0.E0,1.E0));
#13102=VECTOR('',#13101,5.E-3);
#13103=CARTESIAN_POINT('',(0.E0,1.38E-1,0.E0));
#13104=LINE('',#13103,#13102);
#13105=DIRECTION('',(0.E0,0.E0,1.E0));
#13106=VECTOR('',#13105,5.E-3);
#13107=CARTESIAN_POINT('',(6.2E-2,2.E-1,0.E0));
#13108=LINE('',#13107,#13106);
#13109=DIRECTION('',(0.E0,0.E0,1.E0));
#13110=VECTOR('',#13109,5.E-3);
#13111=CARTESIAN_POINT('',(1.38E-1,2.E-1,0.E0));
#13112=LINE('',#13111,#13110);
#13113=DIRECTION('',(0.E0,0.E0,1.E0));
#13114=VECTOR('',#13113,5.E-3);
#13115=CARTESIAN_POINT('',(2.E-1,1.38E-1,0.E0));
#13116=LINE('',#13115,#13114);
#13117=DIRECTION('',(0.E0,0.E0,1.E0));
#13118=VECTOR('',#13117,5.E-3);
#13119=CARTESIAN_POINT('',(2.E-1,6.2E-2,0.E0));
#13120=LINE('',#13119,#13118);
#13121=DIRECTION('',(0.E0,0.E0,1.E0));
#13122=VECTOR('',#13121,5.E-3);
#13123=CARTESIAN_POINT('',(1.38E-1,0.E0,0.E0));
#13124=LINE('',#13123,#13122);
#13125=DIRECTION('',(1.E0,0.E0,0.E0));
#13126=VECTOR('',#13125,7.6E-2);
#13127=CARTESIAN_POINT('',(6.2E-2,0.E0,5.E-3));
#13128=LINE('',#13127,#13126);
#13129=CARTESIAN_POINT('',(6.2E-2,6.2E-2,5.E-3));
#13130=DIRECTION('',(0.E0,0.E0,1.E0));
#13131=DIRECTION('',(-1.E0,0.E0,0.E0));
#13132=AXIS2_PLACEMENT_3D('',#13129,#13130,#13131);
#13134=DIRECTION('',(0.E0,-1.E0,0.E0));
#13135=VECTOR('',#13134,7.6E-2);
#13136=CARTESIAN_POINT('',(0.E0,1.38E-1,5.E-3));
#13137=LINE('',#13136,#13135);
#13138=CARTESIAN_POINT('',(6.2E-2,1.38E-1,5.E-3));
#13139=DIRECTION('',(0.E0,0.E0,1.E0));
#13140=DIRECTION('',(0.E0,1.E0,0.E0));
#13141=AXIS2_PLACEMENT_3D('',#13138,#13139,#13140);
#13143=DIRECTION('',(-1.E0,0.E0,0.E0));
#13144=VECTOR('',#13143,7.6E-2);
#13145=CARTESIAN_POINT('',(1.38E-1,2.E-1,5.E-3));
#13146=LINE('',#13145,#13144);
#13147=CARTESIAN_POINT('',(1.38E-1,1.38E-1,5.E-3));
#13148=DIRECTION('',(0.E0,0.E0,1.E0));
#13149=DIRECTION('',(1.E0,0.E0,0.E0));
#13150=AXIS2_PLACEMENT_3D('',#13147,#13148,#13149);
#13152=DIRECTION('',(0.E0,1.E0,0.E0));
#13153=VECTOR('',#13152,7.6E-2);
#13154=CARTESIAN_POINT('',(2.E-1,6.2E-2,5.E-3));
#13155=LINE('',#13154,#13153);
#13156=CARTESIAN_POINT('',(1.38E-1,6.2E-2,5.E-3));
#13157=DIRECTION('',(0.E0,0.E0,1.E0));
#13158=DIRECTION('',(0.E0,-1.E0,0.E0));
#13159=AXIS2_PLACEMENT_3D('',#13156,#13157,#13158);
#13161=CARTESIAN_POINT('',(2.5E-2,1.E-1,5.E-3));
#13162=DIRECTION('',(0.E0,0.E0,1.E0));
#13163=DIRECTION('',(1.E0,0.E0,0.E0));
#13164=AXIS2_PLACEMENT_3D('',#13161,#13162,#13163);
#13166=CARTESIAN_POINT('',(2.5E-2,1.E-1,5.E-3));
#13167=DIRECTION('',(0.E0,0.E0,1.E0));
#13168=DIRECTION('',(-1.E0,0.E0,0.E0));
#13169=AXIS2_PLACEMENT_3D('',#13166,#13167,#13168);
#13171=DIRECTION('',(-1.E0,0.E0,0.E0));
#13172=VECTOR('',#13171,1.E-2);
#13173=CARTESIAN_POINT('',(1.8E-1,1.7E-1,5.E-3));
#13174=LINE('',#13173,#13172);
#13175=DIRECTION('',(0.E0,-1.E0,0.E0));
#13176=VECTOR('',#13175,1.E-2);
#13177=CARTESIAN_POINT('',(1.7E-1,1.7E-1,5.E-3));
#13178=LINE('',#13177,#13176);
#13179=DIRECTION('',(1.E0,0.E0,0.E0));
#13180=VECTOR('',#13179,1.E-2);
#13181=CARTESIAN_POINT('',(1.7E-1,1.6E-1,5.E-3));
#13182=LINE('',#13181,#13180);
#13183=DIRECTION('',(0.E0,1.E0,0.E0));
#13184=VECTOR('',#13183,1.E-2);
#13185=CARTESIAN_POINT('',(1.8E-1,1.6E-1,5.E-3));
#13186=LINE('',#13185,#13184);
#13187=DIRECTION('',(0.E0,1.E0,0.E0));
#13188=VECTOR('',#13187,9.E-3);
#13189=CARTESIAN_POINT('',(1.8E-1,5.809069308896E-2,5.E-3));
#13190=LINE('',#13189,#13188);
#13191=DIRECTION('',(-1.E0,0.E0,0.E0));
#13192=VECTOR('',#13191,1.E-2);
#13193=CARTESIAN_POINT('',(1.8E-1,6.709069308896E-2,5.E-3));
#13194=LINE('',#13193,#13192);
#13195=DIRECTION('',(0.E0,1.E0,0.E0));
#13196=VECTOR('',#13195,9.E-3);
#13197=CARTESIAN_POINT('',(1.7E-1,6.709069308896E-2,5.E-3));
#13198=LINE('',#13197,#13196);
#13199=DIRECTION('',(-1.E0,0.E0,0.E0));
#13200=VECTOR('',#13199,1.E-2);
#13201=CARTESIAN_POINT('',(1.7E-1,7.609069308896E-2,5.E-3));
#13202=LINE('',#13201,#13200);
#13203=DIRECTION('',(0.E0,-1.E0,0.E0));
#13204=VECTOR('',#13203,9.E-3);
#13205=CARTESIAN_POINT('',(1.6E-1,7.609069308896E-2,5.E-3));
#13206=LINE('',#13205,#13204);
#13207=DIRECTION('',(-1.E0,0.E0,0.E0));
#13208=VECTOR('',#13207,9.E-3);
#13209=CARTESIAN_POINT('',(1.6E-1,6.709069308896E-2,5.E-3));
#13210=LINE('',#13209,#13208);
#13211=DIRECTION('',(0.E0,-1.E0,0.E0));
#13212=VECTOR('',#13211,9.E-3);
#13213=CARTESIAN_POINT('',(1.51E-1,6.709069308896E-2,5.E-3));
#13214=LINE('',#13213,#13212);
#13215=DIRECTION('',(1.E0,0.E0,0.E0));
#13216=VECTOR('',#13215,2.9E-2);
#13217=CARTESIAN_POINT('',(1.51E-1,5.809069308896E-2,5.E-3));
#13218=LINE('',#13217,#13216);
#13219=DIRECTION('',(0.E0,-1.E0,0.E0));
#13220=VECTOR('',#13219,1.E-2);
#13221=CARTESIAN_POINT('',(1.4E-1,1.6E-1,5.E-3));
#13222=LINE('',#13221,#13220);
#13223=DIRECTION('',(-1.E0,0.E0,0.E0));
#13224=VECTOR('',#13223,1.E-2);
#13225=CARTESIAN_POINT('',(1.4E-1,1.5E-1,5.E-3));
#13226=LINE('',#13225,#13224);
#13227=DIRECTION('',(0.E0,1.E0,0.E0));
#13228=VECTOR('',#13227,1.E-2);
#13229=CARTESIAN_POINT('',(1.3E-1,1.5E-1,5.E-3));
#13230=LINE('',#13229,#13228);
#13231=DIRECTION('',(1.E0,0.E0,0.E0));
#13232=VECTOR('',#13231,1.E-2);
#13233=CARTESIAN_POINT('',(1.3E-1,1.6E-1,5.E-3));
#13234=LINE('',#13233,#13232);
#13235=DIRECTION('',(0.E0,-1.E0,0.E0));
#13236=VECTOR('',#13235,1.E-2);
#13237=CARTESIAN_POINT('',(1.2E-1,1.6E-1,5.E-3));
#13238=LINE('',#13237,#13236);
#13239=DIRECTION('',(-1.E0,0.E0,0.E0));
#13240=VECTOR('',#13239,1.E-2);
#13241=CARTESIAN_POINT('',(1.2E-1,1.5E-1,5.E-3));
#13242=LINE('',#13241,#13240);
#13243=DIRECTION('',(0.E0,1.E0,0.E0));
#13244=VECTOR('',#13243,1.E-2);
#13245=CARTESIAN_POINT('',(1.1E-1,1.5E-1,5.E-3));
#13246=LINE('',#13245,#13244);
#13247=DIRECTION('',(1.E0,0.E0,0.E0));
#13248=VECTOR('',#13247,1.E-2);
#13249=CARTESIAN_POINT('',(1.1E-1,1.6E-1,5.E-3));
#13250=LINE('',#13249,#13248);
#13251=DIRECTION('',(0.E0,-1.E0,0.E0));
#13252=VECTOR('',#13251,1.1E-2);
#13253=CARTESIAN_POINT('',(1.7E-1,9.E-2,5.E-3));
#13254=LINE('',#13253,#13252);
#13255=DIRECTION('',(1.E0,0.E0,0.E0));
#13256=VECTOR('',#13255,1.E-2);
#13257=CARTESIAN_POINT('',(1.7E-1,7.9E-2,5.E-3));
#13258=LINE('',#13257,#13256);
#13259=DIRECTION('',(0.E0,1.E0,0.E0));
#13260=VECTOR('',#13259,1.1E-2);
#13261=CARTESIAN_POINT('',(1.8E-1,7.9E-2,5.E-3));
#13262=LINE('',#13261,#13260);
#13263=DIRECTION('',(-1.E0,0.E0,0.E0));
#13264=VECTOR('',#13263,1.E-2);
#13265=CARTESIAN_POINT('',(1.8E-1,9.E-2,5.E-3));
#13266=LINE('',#13265,#13264);
#13267=DIRECTION('',(1.E0,0.E0,0.E0));
#13268=VECTOR('',#13267,1.E-2);
#13269=CARTESIAN_POINT('',(1.E-1,6.9E-2,5.E-3));
#13270=LINE('',#13269,#13268);
#13271=DIRECTION('',(0.E0,1.E0,0.E0));
#13272=VECTOR('',#13271,1.E-2);
#13273=CARTESIAN_POINT('',(1.1E-1,6.9E-2,5.E-3));
#13274=LINE('',#13273,#13272);
#13275=DIRECTION('',(1.E0,0.E0,0.E0));
#13276=VECTOR('',#13275,2.E-2);
#13277=CARTESIAN_POINT('',(1.1E-1,7.9E-2,5.E-3));
#13278=LINE('',#13277,#13276);
#13279=DIRECTION('',(0.E0,-1.E0,0.E0));
#13280=VECTOR('',#13279,1.E-2);
#13281=CARTESIAN_POINT('',(1.3E-1,7.9E-2,5.E-3));
#13282=LINE('',#13281,#13280);
#13283=DIRECTION('',(-1.E0,0.E0,0.E0));
#13284=VECTOR('',#13283,9.E-3);
#13285=CARTESIAN_POINT('',(1.3E-1,6.9E-2,5.E-3));
#13286=LINE('',#13285,#13284);
#13287=DIRECTION('',(0.E0,-1.E0,0.E0));
#13288=VECTOR('',#13287,1.E-2);
#13289=CARTESIAN_POINT('',(1.21E-1,6.9E-2,5.E-3));
#13290=LINE('',#13289,#13288);
#13291=DIRECTION('',(0.E0,1.E0,0.E0));
#13292=VECTOR('',#13291,1.E-2);
#13293=CARTESIAN_POINT('',(1.E-1,5.9E-2,5.E-3));
#13294=LINE('',#13293,#13292);
#13295=DIRECTION('',(0.E0,-1.E0,0.E0));
#13296=VECTOR('',#13295,1.E-2);
#13297=CARTESIAN_POINT('',(7.E-2,1.5E-1,5.E-3));
#13298=LINE('',#13297,#13296);
#13299=DIRECTION('',(-1.E0,0.E0,0.E0));
#13300=VECTOR('',#13299,1.E-2);
#13301=CARTESIAN_POINT('',(7.E-2,1.4E-1,5.E-3));
#13302=LINE('',#13301,#13300);
#13303=DIRECTION('',(0.E0,1.E0,0.E0));
#13304=VECTOR('',#13303,3.E-2);
#13305=CARTESIAN_POINT('',(6.E-2,1.4E-1,5.E-3));
#13306=LINE('',#13305,#13304);
#13307=DIRECTION('',(-1.E0,0.E0,0.E0));
#13308=VECTOR('',#13307,1.E-2);
#13309=CARTESIAN_POINT('',(6.E-2,1.7E-1,5.E-3));
#13310=LINE('',#13309,#13308);
#13311=DIRECTION('',(0.E0,-1.E0,0.E0));
#13312=VECTOR('',#13311,1.3E-1);
#13313=CARTESIAN_POINT('',(5.E-2,1.7E-1,5.E-3));
#13314=LINE('',#13313,#13312);
#13315=DIRECTION('',(1.E0,0.E0,0.E0));
#13316=VECTOR('',#13315,1.3E-1);
#13317=CARTESIAN_POINT('',(5.E-2,4.E-2,5.E-3));
#13318=LINE('',#13317,#13316);
#13319=DIRECTION('',(0.E0,1.E0,0.E0));
#13320=VECTOR('',#13319,1.E-2);
#13321=CARTESIAN_POINT('',(1.8E-1,4.E-2,5.E-3));
#13322=LINE('',#13321,#13320);
#13323=DIRECTION('',(-1.E0,0.E0,0.E0));
#13324=VECTOR('',#13323,4.E-2);
#13325=CARTESIAN_POINT('',(1.8E-1,5.E-2,5.E-3));
#13326=LINE('',#13325,#13324);
#13327=DIRECTION('',(0.E0,1.E0,0.E0));
#13328=VECTOR('',#13327,4.E-2);
#13329=CARTESIAN_POINT('',(1.4E-1,5.E-2,5.E-3));
#13330=LINE('',#13329,#13328);
#13331=DIRECTION('',(1.E0,0.E0,0.E0));
#13332=VECTOR('',#13331,1.E-2);
#13333=CARTESIAN_POINT('',(1.4E-1,9.E-2,5.E-3));
#13334=LINE('',#13333,#13332);
#13335=DIRECTION('',(0.E0,-1.E0,0.E0));
#13336=VECTOR('',#13335,1.1E-2);
#13337=CARTESIAN_POINT('',(1.5E-1,9.E-2,5.E-3));
#13338=LINE('',#13337,#13336);
#13339=DIRECTION('',(1.E0,0.E0,0.E0));
#13340=VECTOR('',#13339,1.E-2);
#13341=CARTESIAN_POINT('',(1.5E-1,7.9E-2,5.E-3));
#13342=LINE('',#13341,#13340);
#13343=DIRECTION('',(0.E0,1.E0,0.E0));
#13344=VECTOR('',#13343,1.1E-2);
#13345=CARTESIAN_POINT('',(1.6E-1,7.9E-2,5.E-3));
#13346=LINE('',#13345,#13344);
#13347=DIRECTION('',(-1.E0,0.E0,0.E0));
#13348=VECTOR('',#13347,1.E-2);
#13349=CARTESIAN_POINT('',(1.6E-1,9.E-2,5.E-3));
#13350=LINE('',#13349,#13348);
#13351=DIRECTION('',(0.E0,1.E0,0.E0));
#13352=VECTOR('',#13351,1.E-2);
#13353=CARTESIAN_POINT('',(1.5E-1,9.E-2,5.E-3));
#13354=LINE('',#13353,#13352);
#13355=DIRECTION('',(-1.E0,0.E0,0.E0));
#13356=VECTOR('',#13355,1.E-2);
#13357=CARTESIAN_POINT('',(1.5E-1,1.E-1,5.E-3));
#13358=LINE('',#13357,#13356);
#13359=DIRECTION('',(0.E0,-1.E0,0.E0));
#13360=VECTOR('',#13359,1.E-2);
#13361=CARTESIAN_POINT('',(1.4E-1,1.E-1,5.E-3));
#13362=LINE('',#13361,#13360);
#13363=DIRECTION('',(-1.E0,0.E0,0.E0));
#13364=VECTOR('',#13363,1.9E-2);
#13365=CARTESIAN_POINT('',(1.4E-1,9.E-2,5.E-3));
#13366=LINE('',#13365,#13364);
#13367=DIRECTION('',(0.E0,1.E0,0.E0));
#13368=VECTOR('',#13367,1.E-2);
#13369=CARTESIAN_POINT('',(1.21E-1,9.E-2,5.E-3));
#13370=LINE('',#13369,#13368);
#13371=DIRECTION('',(1.E0,0.E0,0.E0));
#13372=VECTOR('',#13371,9.E-3);
#13373=CARTESIAN_POINT('',(1.21E-1,1.E-1,5.E-3));
#13374=LINE('',#13373,#13372);
#13375=DIRECTION('',(0.E0,1.E0,0.E0));
#13376=VECTOR('',#13375,1.E-2);
#13377=CARTESIAN_POINT('',(1.3E-1,1.E-1,5.E-3));
#13378=LINE('',#13377,#13376);
#13379=DIRECTION('',(1.E0,0.E0,0.E0));
#13380=VECTOR('',#13379,2.1E-2);
#13381=CARTESIAN_POINT('',(1.3E-1,1.1E-1,5.E-3));
#13382=LINE('',#13381,#13380);
#13383=DIRECTION('',(0.E0,1.E0,0.E0));
#13384=VECTOR('',#13383,1.E-2);
#13385=CARTESIAN_POINT('',(1.51E-1,1.1E-1,5.E-3));
#13386=LINE('',#13385,#13384);
#13387=DIRECTION('',(1.E0,0.E0,0.E0));
#13388=VECTOR('',#13387,9.E-3);
#13389=CARTESIAN_POINT('',(1.51E-1,1.2E-1,5.E-3));
#13390=LINE('',#13389,#13388);
#13391=DIRECTION('',(0.E0,-1.E0,0.E0));
#13392=VECTOR('',#13391,2.E-2);
#13393=CARTESIAN_POINT('',(1.6E-1,1.2E-1,5.E-3));
#13394=LINE('',#13393,#13392);
#13395=DIRECTION('',(1.E0,0.E0,0.E0));
#13396=VECTOR('',#13395,2.E-2);
#13397=CARTESIAN_POINT('',(1.6E-1,1.E-1,5.E-3));
#13398=LINE('',#13397,#13396);
#13399=DIRECTION('',(0.E0,1.E0,0.E0));
#13400=VECTOR('',#13399,1.E-2);
#13401=CARTESIAN_POINT('',(1.8E-1,1.E-1,5.E-3));
#13402=LINE('',#13401,#13400);
#13403=DIRECTION('',(-1.E0,0.E0,0.E0));
#13404=VECTOR('',#13403,1.E-2);
#13405=CARTESIAN_POINT('',(1.8E-1,1.1E-1,5.E-3));
#13406=LINE('',#13405,#13404);
#13407=DIRECTION('',(0.E0,1.E0,0.E0));
#13408=VECTOR('',#13407,1.E-2);
#13409=CARTESIAN_POINT('',(1.7E-1,1.1E-1,5.E-3));
#13410=LINE('',#13409,#13408);
#13411=DIRECTION('',(1.E0,0.E0,0.E0));
#13412=VECTOR('',#13411,1.E-2);
#13413=CARTESIAN_POINT('',(1.7E-1,1.2E-1,5.E-3));
#13414=LINE('',#13413,#13412);
#13415=DIRECTION('',(0.E0,1.E0,0.E0));
#13416=VECTOR('',#13415,1.E-2);
#13417=CARTESIAN_POINT('',(1.8E-1,1.2E-1,5.E-3));
#13418=LINE('',#13417,#13416);
#13419=DIRECTION('',(-1.E0,0.E0,0.E0));
#13420=VECTOR('',#13419,1.E-2);
#13421=CARTESIAN_POINT('',(1.8E-1,1.3E-1,5.E-3));
#13422=LINE('',#13421,#13420);
#13423=DIRECTION('',(0.E0,1.E0,0.E0));
#13424=VECTOR('',#13423,1.E-2);
#13425=CARTESIAN_POINT('',(1.7E-1,1.3E-1,5.E-3));
#13426=LINE('',#13425,#13424);
#13427=DIRECTION('',(1.E0,0.E0,0.E0));
#13428=VECTOR('',#13427,1.E-2);
#13429=CARTESIAN_POINT('',(1.7E-1,1.4E-1,5.E-3));
#13430=LINE('',#13429,#13428);
#13431=DIRECTION('',(0.E0,1.E0,0.E0));
#13432=VECTOR('',#13431,1.E-2);
#13433=CARTESIAN_POINT('',(1.8E-1,1.4E-1,5.E-3));
#13434=LINE('',#13433,#13432);
#13435=DIRECTION('',(-1.E0,0.E0,0.E0));
#13436=VECTOR('',#13435,2.E-2);
#13437=CARTESIAN_POINT('',(1.8E-1,1.5E-1,5.E-3));
#13438=LINE('',#13437,#13436);
#13439=DIRECTION('',(0.E0,-1.E0,0.E0));
#13440=VECTOR('',#13439,2.E-2);
#13441=CARTESIAN_POINT('',(1.6E-1,1.5E-1,5.E-3));
#13442=LINE('',#13441,#13440);
#13443=DIRECTION('',(-1.E0,0.E0,0.E0));
#13444=VECTOR('',#13443,2.E-2);
#13445=CARTESIAN_POINT('',(1.6E-1,1.3E-1,5.E-3));
#13446=LINE('',#13445,#13444);
#13447=DIRECTION('',(0.E0,1.E0,0.E0));
#13448=VECTOR('',#13447,1.E-2);
#13449=CARTESIAN_POINT('',(1.4E-1,1.3E-1,5.E-3));
#13450=LINE('',#13449,#13448);
#13451=DIRECTION('',(1.E0,0.E0,0.E0));
#13452=VECTOR('',#13451,1.E-2);
#13453=CARTESIAN_POINT('',(1.4E-1,1.4E-1,5.E-3));
#13454=LINE('',#13453,#13452);
#13455=DIRECTION('',(0.E0,1.E0,0.E0));
#13456=VECTOR('',#13455,2.E-2);
#13457=CARTESIAN_POINT('',(1.5E-1,1.4E-1,5.E-3));
#13458=LINE('',#13457,#13456);
#13459=DIRECTION('',(1.E0,0.E0,0.E0));
#13460=VECTOR('',#13459,1.E-2);
#13461=CARTESIAN_POINT('',(1.5E-1,1.6E-1,5.E-3));
#13462=LINE('',#13461,#13460);
#13463=DIRECTION('',(0.E0,1.E0,0.E0));
#13464=VECTOR('',#13463,1.E-2);
#13465=CARTESIAN_POINT('',(1.6E-1,1.6E-1,5.E-3));
#13466=LINE('',#13465,#13464);
#13467=DIRECTION('',(-1.E0,0.E0,0.E0));
#13468=VECTOR('',#13467,1.E-2);
#13469=CARTESIAN_POINT('',(1.6E-1,1.7E-1,5.E-3));
#13470=LINE('',#13469,#13468);
#13471=DIRECTION('',(0.E0,-1.E0,0.E0));
#13472=VECTOR('',#13471,1.E-2);
#13473=CARTESIAN_POINT('',(1.5E-1,1.7E-1,5.E-3));
#13474=LINE('',#13473,#13472);
#13475=DIRECTION('',(-1.E0,0.E0,0.E0));
#13476=VECTOR('',#13475,1.E-2);
#13477=CARTESIAN_POINT('',(1.5E-1,1.6E-1,5.E-3));
#13478=LINE('',#13477,#13476);
#13479=DIRECTION('',(0.E0,1.E0,0.E0));
#13480=VECTOR('',#13479,1.E-2);
#13481=CARTESIAN_POINT('',(1.4E-1,1.6E-1,5.E-3));
#13482=LINE('',#13481,#13480);
#13483=DIRECTION('',(-1.E0,0.E0,0.E0));
#13484=VECTOR('',#13483,1.E-2);
#13485=CARTESIAN_POINT('',(1.4E-1,1.7E-1,5.E-3));
#13486=LINE('',#13485,#13484);
#13487=DIRECTION('',(0.E0,-1.E0,0.E0));
#13488=VECTOR('',#13487,1.E-2);
#13489=CARTESIAN_POINT('',(1.3E-1,1.7E-1,5.E-3));
#13490=LINE('',#13489,#13488);
#13491=DIRECTION('',(-1.E0,0.E0,0.E0));
#13492=VECTOR('',#13491,1.E-2);
#13493=CARTESIAN_POINT('',(1.3E-1,1.6E-1,5.E-3));
#13494=LINE('',#13493,#13492);
#13495=DIRECTION('',(0.E0,1.E0,0.E0));
#13496=VECTOR('',#13495,1.E-2);
#13497=CARTESIAN_POINT('',(1.2E-1,1.6E-1,5.E-3));
#13498=LINE('',#13497,#13496);
#13499=DIRECTION('',(-1.E0,0.E0,0.E0));
#13500=VECTOR('',#13499,1.E-2);
#13501=CARTESIAN_POINT('',(1.2E-1,1.7E-1,5.E-3));
#13502=LINE('',#13501,#13500);
#13503=DIRECTION('',(0.E0,-1.E0,0.E0));
#13504=VECTOR('',#13503,1.E-2);
#13505=CARTESIAN_POINT('',(1.1E-1,1.7E-1,5.E-3));
#13506=LINE('',#13505,#13504);
#13507=DIRECTION('',(-1.E0,0.E0,0.E0));
#13508=VECTOR('',#13507,1.E-2);
#13509=CARTESIAN_POINT('',(1.1E-1,1.6E-1,5.E-3));
#13510=LINE('',#13509,#13508);
#13511=DIRECTION('',(0.E0,1.E0,0.E0));
#13512=VECTOR('',#13511,1.E-2);
#13513=CARTESIAN_POINT('',(1.E-1,1.6E-1,5.E-3));
#13514=LINE('',#13513,#13512);
#13515=DIRECTION('',(-1.E0,0.E0,0.E0));
#13516=VECTOR('',#13515,1.E-2);
#13517=CARTESIAN_POINT('',(1.E-1,1.7E-1,5.E-3));
#13518=LINE('',#13517,#13516);
#13519=DIRECTION('',(0.E0,-1.E0,0.E0));
#13520=VECTOR('',#13519,1.E-2);
#13521=CARTESIAN_POINT('',(9.E-2,1.7E-1,5.E-3));
#13522=LINE('',#13521,#13520);
#13523=DIRECTION('',(-1.E0,0.E0,0.E0));
#13524=VECTOR('',#13523,1.E-2);
#13525=CARTESIAN_POINT('',(9.E-2,1.6E-1,5.E-3));
#13526=LINE('',#13525,#13524);
#13527=DIRECTION('',(0.E0,1.E0,0.E0));
#13528=VECTOR('',#13527,1.E-2);
#13529=CARTESIAN_POINT('',(8.E-2,1.6E-1,5.E-3));
#13530=LINE('',#13529,#13528);
#13531=DIRECTION('',(-1.E0,0.E0,0.E0));
#13532=VECTOR('',#13531,1.E-2);
#13533=CARTESIAN_POINT('',(8.E-2,1.7E-1,5.E-3));
#13534=LINE('',#13533,#13532);
#13535=DIRECTION('',(0.E0,-1.E0,0.E0));
#13536=VECTOR('',#13535,1.E-2);
#13537=CARTESIAN_POINT('',(7.E-2,1.7E-1,5.E-3));
#13538=LINE('',#13537,#13536);
#13539=DIRECTION('',(1.E0,0.E0,0.E0));
#13540=VECTOR('',#13539,1.E-2);
#13541=CARTESIAN_POINT('',(7.E-2,1.6E-1,5.E-3));
#13542=LINE('',#13541,#13540);
#13543=DIRECTION('',(0.E0,-1.E0,0.E0));
#13544=VECTOR('',#13543,1.E-2);
#13545=CARTESIAN_POINT('',(8.E-2,1.6E-1,5.E-3));
#13546=LINE('',#13545,#13544);
#13547=DIRECTION('',(-1.E0,0.E0,0.E0));
#13548=VECTOR('',#13547,1.E-2);
#13549=CARTESIAN_POINT('',(8.E-2,1.5E-1,5.E-3));
#13550=LINE('',#13549,#13548);
#13551=DIRECTION('',(1.E0,0.E0,0.E0));
#13552=VECTOR('',#13551,3.E-2);
#13553=CARTESIAN_POINT('',(8.E-2,1.5E-1,5.E-3));
#13554=LINE('',#13553,#13552);
#13555=DIRECTION('',(0.E0,-1.E0,0.E0));
#13556=VECTOR('',#13555,1.E-2);
#13557=CARTESIAN_POINT('',(1.1E-1,1.5E-1,5.E-3));
#13558=LINE('',#13557,#13556);
#13559=DIRECTION('',(-1.E0,0.E0,0.E0));
#13560=VECTOR('',#13559,1.E-2);
#13561=CARTESIAN_POINT('',(1.1E-1,1.4E-1,5.E-3));
#13562=LINE('',#13561,#13560);
#13563=DIRECTION('',(-1.E0,0.E0,0.E0));
#13564=VECTOR('',#13563,2.E-2);
#13565=CARTESIAN_POINT('',(1.E-1,1.1E-1,5.E-3));
#13566=LINE('',#13565,#13564);
#13567=DIRECTION('',(0.E0,-1.E0,0.E0));
#13568=VECTOR('',#13567,1.E-2);
#13569=CARTESIAN_POINT('',(8.E-2,1.1E-1,5.E-3));
#13570=LINE('',#13569,#13568);
#13571=DIRECTION('',(1.E0,0.E0,0.E0));
#13572=VECTOR('',#13571,1.E-2);
#13573=CARTESIAN_POINT('',(8.E-2,1.E-1,5.E-3));
#13574=LINE('',#13573,#13572);
#13575=DIRECTION('',(0.E0,-1.E0,0.E0));
#13576=VECTOR('',#13575,1.E-2);
#13577=CARTESIAN_POINT('',(9.E-2,1.E-1,5.E-3));
#13578=LINE('',#13577,#13576);
#13579=DIRECTION('',(-1.E0,0.E0,0.E0));
#13580=VECTOR('',#13579,1.E-2);
#13581=CARTESIAN_POINT('',(9.E-2,9.E-2,5.E-3));
#13582=LINE('',#13581,#13580);
#13583=DIRECTION('',(0.E0,-1.E0,0.E0));
#13584=VECTOR('',#13583,1.1E-2);
#13585=CARTESIAN_POINT('',(8.E-2,9.E-2,5.E-3));
#13586=LINE('',#13585,#13584);
#13587=DIRECTION('',(1.E0,0.E0,0.E0));
#13588=VECTOR('',#13587,1.E-2);
#13589=CARTESIAN_POINT('',(8.E-2,7.9E-2,5.E-3));
#13590=LINE('',#13589,#13588);
#13591=DIRECTION('',(0.E0,1.E0,0.E0));
#13592=VECTOR('',#13591,1.1E-2);
#13593=CARTESIAN_POINT('',(9.E-2,7.9E-2,5.E-3));
#13594=LINE('',#13593,#13592);
#13595=DIRECTION('',(1.E0,0.E0,0.E0));
#13596=VECTOR('',#13595,1.E-2);
#13597=CARTESIAN_POINT('',(9.E-2,9.E-2,5.E-3));
#13598=LINE('',#13597,#13596);
#13599=DIRECTION('',(0.E0,1.E0,0.E0));
#13600=VECTOR('',#13599,1.E-2);
#13601=CARTESIAN_POINT('',(1.E-1,9.E-2,5.E-3));
#13602=LINE('',#13601,#13600);
#13603=DIRECTION('',(1.E0,0.E0,0.E0));
#13604=VECTOR('',#13603,1.E-2);
#13605=CARTESIAN_POINT('',(1.E-1,1.E-1,5.E-3));
#13606=LINE('',#13605,#13604);
#13607=DIRECTION('',(0.E0,-1.E0,0.E0));
#13608=VECTOR('',#13607,2.1E-2);
#13609=CARTESIAN_POINT('',(1.1E-1,1.E-1,5.E-3));
#13610=LINE('',#13609,#13608);
#13611=DIRECTION('',(-1.E0,0.E0,0.E0));
#13612=VECTOR('',#13611,1.E-2);
#13613=CARTESIAN_POINT('',(1.1E-1,7.9E-2,5.E-3));
#13614=LINE('',#13613,#13612);
#13615=DIRECTION('',(0.E0,-1.E0,0.E0));
#13616=VECTOR('',#13615,1.E-2);
#13617=CARTESIAN_POINT('',(1.E-1,7.9E-2,5.E-3));
#13618=LINE('',#13617,#13616);
#13619=DIRECTION('',(-1.E0,0.E0,0.E0));
#13620=VECTOR('',#13619,1.E-2);
#13621=CARTESIAN_POINT('',(1.E-1,6.9E-2,5.E-3));
#13622=LINE('',#13621,#13620);
#13623=DIRECTION('',(0.E0,-1.E0,0.E0));
#13624=VECTOR('',#13623,1.9E-2);
#13625=CARTESIAN_POINT('',(9.E-2,6.9E-2,5.E-3));
#13626=LINE('',#13625,#13624);
#13627=DIRECTION('',(-1.E0,0.E0,0.E0));
#13628=VECTOR('',#13627,2.E-2);
#13629=CARTESIAN_POINT('',(9.E-2,5.E-2,5.E-3));
#13630=LINE('',#13629,#13628);
#13631=DIRECTION('',(0.E0,1.E0,0.E0));
#13632=VECTOR('',#13631,8.999999999999E-3);
#13633=CARTESIAN_POINT('',(7.E-2,5.E-2,5.E-3));
#13634=LINE('',#13633,#13632);
#13635=DIRECTION('',(1.E0,0.E0,0.E0));
#13636=VECTOR('',#13635,1.E-2);
#13637=CARTESIAN_POINT('',(7.E-2,5.9E-2,5.E-3));
#13638=LINE('',#13637,#13636);
#13639=DIRECTION('',(0.E0,1.E0,0.E0));
#13640=VECTOR('',#13639,1.E-2);
#13641=CARTESIAN_POINT('',(8.E-2,5.9E-2,5.E-3));
#13642=LINE('',#13641,#13640);
#13643=DIRECTION('',(-1.E0,0.E0,0.E0));
#13644=VECTOR('',#13643,1.E-2);
#13645=CARTESIAN_POINT('',(8.E-2,6.9E-2,5.E-3));
#13646=LINE('',#13645,#13644);
#13647=DIRECTION('',(-1.E0,0.E0,0.E0));
#13648=VECTOR('',#13647,1.E-2);
#13649=CARTESIAN_POINT('',(7.E-2,1.1E-1,5.E-3));
#13650=LINE('',#13649,#13648);
#13651=DIRECTION('',(0.E0,1.E0,0.E0));
#13652=VECTOR('',#13651,1.E-2);
#13653=CARTESIAN_POINT('',(6.E-2,1.1E-1,5.E-3));
#13654=LINE('',#13653,#13652);
#13655=DIRECTION('',(1.E0,0.E0,0.E0));
#13656=VECTOR('',#13655,3.E-2);
#13657=CARTESIAN_POINT('',(6.E-2,1.2E-1,5.E-3));
#13658=LINE('',#13657,#13656);
#13659=DIRECTION('',(0.E0,1.E0,0.E0));
#13660=VECTOR('',#13659,1.E-2);
#13661=CARTESIAN_POINT('',(9.E-2,1.2E-1,5.E-3));
#13662=LINE('',#13661,#13660);
#13663=DIRECTION('',(-1.E0,0.E0,0.E0));
#13664=VECTOR('',#13663,1.E-2);
#13665=CARTESIAN_POINT('',(9.E-2,1.3E-1,5.E-3));
#13666=LINE('',#13665,#13664);
#13667=DIRECTION('',(1.E0,0.E0,0.E0));
#13668=VECTOR('',#13667,1.E-2);
#13669=CARTESIAN_POINT('',(6.E-2,6.9E-2,5.E-3));
#13670=LINE('',#13669,#13668);
#13671=DIRECTION('',(0.E0,-1.E0,0.E0));
#13672=VECTOR('',#13671,1.E-2);
#13673=CARTESIAN_POINT('',(7.E-2,6.9E-2,5.E-3));
#13674=LINE('',#13673,#13672);
#13675=DIRECTION('',(-1.E0,0.E0,0.E0));
#13676=VECTOR('',#13675,1.E-2);
#13677=CARTESIAN_POINT('',(7.E-2,5.9E-2,5.E-3));
#13678=LINE('',#13677,#13676);
#13679=DIRECTION('',(0.E0,1.E0,0.E0));
#13680=VECTOR('',#13679,1.E-2);
#13681=CARTESIAN_POINT('',(6.E-2,5.9E-2,5.E-3));
#13682=LINE('',#13681,#13680);
#13683=DIRECTION('',(0.E0,1.E0,0.E0));
#13684=VECTOR('',#13683,1.E-2);
#13685=CARTESIAN_POINT('',(1.1E-1,1.2E-1,5.E-3));
#13686=LINE('',#13685,#13684);
#13687=DIRECTION('',(1.E0,0.E0,0.E0));
#13688=VECTOR('',#13687,1.E-2);
#13689=CARTESIAN_POINT('',(1.1E-1,1.3E-1,5.E-3));
#13690=LINE('',#13689,#13688);
#13691=DIRECTION('',(0.E0,1.E0,0.E0));
#13692=VECTOR('',#13691,1.E-2);
#13693=CARTESIAN_POINT('',(1.2E-1,1.3E-1,5.E-3));
#13694=LINE('',#13693,#13692);
#13695=DIRECTION('',(1.E0,0.E0,0.E0));
#13696=VECTOR('',#13695,1.E-2);
#13697=CARTESIAN_POINT('',(1.2E-1,1.4E-1,5.E-3));
#13698=LINE('',#13697,#13696);
#13699=DIRECTION('',(-1.E0,0.E0,0.E0));
#13700=VECTOR('',#13699,2.E-2);
#13701=CARTESIAN_POINT('',(1.3E-1,1.2E-1,5.E-3));
#13702=LINE('',#13701,#13700);
#13703=DIRECTION('',(0.E0,0.E0,-1.E0));
#13704=VECTOR('',#13703,3.E-3);
#13705=CARTESIAN_POINT('',(3.75E-2,1.E-1,5.E-3));
#13706=LINE('',#13705,#13704);
#13707=DIRECTION('',(0.E0,0.E0,-1.E0));
#13708=VECTOR('',#13707,3.E-3);
#13709=CARTESIAN_POINT('',(1.25E-2,1.E-1,5.E-3));
#13710=LINE('',#13709,#13708);
#13711=CARTESIAN_POINT('',(2.5E-2,1.E-1,2.E-3));
#13712=DIRECTION('',(0.E0,0.E0,1.E0));
#13713=DIRECTION('',(1.E0,0.E0,0.E0));
#13714=AXIS2_PLACEMENT_3D('',#13711,#13712,#13713);
#13716=CARTESIAN_POINT('',(2.5E-2,1.E-1,2.E-3));
#13717=DIRECTION('',(0.E0,0.E0,1.E0));
#13718=DIRECTION('',(-1.E0,0.E0,0.E0));
#13719=AXIS2_PLACEMENT_3D('',#13716,#13717,#13718);
#13721=DIRECTION('',(0.E0,0.E0,-1.E0));
#13722=VECTOR('',#13721,3.E-3);
#13723=CARTESIAN_POINT('',(1.8E-1,1.7E-1,5.E-3));
#13724=LINE('',#13723,#13722);
#13725=DIRECTION('',(0.E0,0.E0,-1.E0));
#13726=VECTOR('',#13725,3.E-3);
#13727=CARTESIAN_POINT('',(1.8E-1,1.6E-1,5.E-3));
#13728=LINE('',#13727,#13726);
#13729=DIRECTION('',(0.E0,0.E0,-1.E0));
#13730=VECTOR('',#13729,3.E-3);
#13731=CARTESIAN_POINT('',(1.7E-1,1.6E-1,5.E-3));
#13732=LINE('',#13731,#13730);
#13733=DIRECTION('',(0.E0,0.E0,-1.E0));
#13734=VECTOR('',#13733,3.E-3);
#13735=CARTESIAN_POINT('',(1.7E-1,1.7E-1,5.E-3));
#13736=LINE('',#13735,#13734);
#13737=DIRECTION('',(0.E0,-1.E0,0.E0));
#13738=VECTOR('',#13737,1.E-2);
#13739=CARTESIAN_POINT('',(1.4E-1,1.E-1,2.E-3));
#13740=LINE('',#13739,#13738);
#13741=DIRECTION('',(-1.E0,0.E0,0.E0));
#13742=VECTOR('',#13741,1.E-2);
#13743=CARTESIAN_POINT('',(1.5E-1,1.E-1,2.E-3));
#13744=LINE('',#13743,#13742);
#13745=DIRECTION('',(0.E0,1.E0,0.E0));
#13746=VECTOR('',#13745,1.E-2);
#13747=CARTESIAN_POINT('',(1.5E-1,9.E-2,2.E-3));
#13748=LINE('',#13747,#13746);
#13749=DIRECTION('',(1.E0,0.E0,0.E0));
#13750=VECTOR('',#13749,1.E-2);
#13751=CARTESIAN_POINT('',(1.4E-1,9.E-2,2.E-3));
#13752=LINE('',#13751,#13750);
#13753=DIRECTION('',(-1.E0,0.E0,0.E0));
#13754=VECTOR('',#13753,1.E-2);
#13755=CARTESIAN_POINT('',(1.1E-1,1.4E-1,2.E-3));
#13756=LINE('',#13755,#13754);
#13757=DIRECTION('',(0.E0,-1.E0,0.E0));
#13758=VECTOR('',#13757,1.E-2);
#13759=CARTESIAN_POINT('',(1.1E-1,1.5E-1,2.E-3));
#13760=LINE('',#13759,#13758);
#13761=DIRECTION('',(-1.E0,0.E0,0.E0));
#13762=VECTOR('',#13761,1.E-2);
#13763=CARTESIAN_POINT('',(1.2E-1,1.5E-1,2.E-3));
#13764=LINE('',#13763,#13762);
#13765=DIRECTION('',(0.E0,-1.E0,0.E0));
#13766=VECTOR('',#13765,1.E-2);
#13767=CARTESIAN_POINT('',(1.2E-1,1.6E-1,2.E-3));
#13768=LINE('',#13767,#13766);
#13769=DIRECTION('',(-1.E0,0.E0,0.E0));
#13770=VECTOR('',#13769,1.E-2);
#13771=CARTESIAN_POINT('',(1.3E-1,1.6E-1,2.E-3));
#13772=LINE('',#13771,#13770);
#13773=DIRECTION('',(0.E0,1.E0,0.E0));
#13774=VECTOR('',#13773,1.E-2);
#13775=CARTESIAN_POINT('',(1.3E-1,1.5E-1,2.E-3));
#13776=LINE('',#13775,#13774);
#13777=DIRECTION('',(-1.E0,0.E0,0.E0));
#13778=VECTOR('',#13777,1.E-2);
#13779=CARTESIAN_POINT('',(1.4E-1,1.5E-1,2.E-3));
#13780=LINE('',#13779,#13778);
#13781=DIRECTION('',(0.E0,-1.E0,0.E0));
#13782=VECTOR('',#13781,1.E-2);
#13783=CARTESIAN_POINT('',(1.4E-1,1.6E-1,2.E-3));
#13784=LINE('',#13783,#13782);
#13785=DIRECTION('',(-1.E0,0.E0,0.E0));
#13786=VECTOR('',#13785,1.E-2);
#13787=CARTESIAN_POINT('',(1.5E-1,1.6E-1,2.E-3));
#13788=LINE('',#13787,#13786);
#13789=DIRECTION('',(0.E0,1.E0,0.E0));
#13790=VECTOR('',#13789,2.E-2);
#13791=CARTESIAN_POINT('',(1.5E-1,1.4E-1,2.E-3));
#13792=LINE('',#13791,#13790);
#13793=DIRECTION('',(1.E0,0.E0,0.E0));
#13794=VECTOR('',#13793,1.E-2);
#13795=CARTESIAN_POINT('',(1.4E-1,1.4E-1,2.E-3));
#13796=LINE('',#13795,#13794);
#13797=DIRECTION('',(0.E0,1.E0,0.E0));
#13798=VECTOR('',#13797,1.E-2);
#13799=CARTESIAN_POINT('',(1.4E-1,1.3E-1,2.E-3));
#13800=LINE('',#13799,#13798);
#13801=DIRECTION('',(-1.E0,0.E0,0.E0));
#13802=VECTOR('',#13801,2.E-2);
#13803=CARTESIAN_POINT('',(1.6E-1,1.3E-1,2.E-3));
#13804=LINE('',#13803,#13802);
#13805=DIRECTION('',(0.E0,-1.E0,0.E0));
#13806=VECTOR('',#13805,2.E-2);
#13807=CARTESIAN_POINT('',(1.6E-1,1.5E-1,2.E-3));
#13808=LINE('',#13807,#13806);
#13809=DIRECTION('',(-1.E0,0.E0,0.E0));
#13810=VECTOR('',#13809,2.E-2);
#13811=CARTESIAN_POINT('',(1.8E-1,1.5E-1,2.E-3));
#13812=LINE('',#13811,#13810);
#13813=DIRECTION('',(0.E0,1.E0,0.E0));
#13814=VECTOR('',#13813,1.E-2);
#13815=CARTESIAN_POINT('',(1.8E-1,1.4E-1,2.E-3));
#13816=LINE('',#13815,#13814);
#13817=DIRECTION('',(1.E0,0.E0,0.E0));
#13818=VECTOR('',#13817,1.E-2);
#13819=CARTESIAN_POINT('',(1.7E-1,1.4E-1,2.E-3));
#13820=LINE('',#13819,#13818);
#13821=DIRECTION('',(0.E0,1.E0,0.E0));
#13822=VECTOR('',#13821,1.E-2);
#13823=CARTESIAN_POINT('',(1.7E-1,1.3E-1,2.E-3));
#13824=LINE('',#13823,#13822);
#13825=DIRECTION('',(-1.E0,0.E0,0.E0));
#13826=VECTOR('',#13825,1.E-2);
#13827=CARTESIAN_POINT('',(1.8E-1,1.3E-1,2.E-3));
#13828=LINE('',#13827,#13826);
#13829=DIRECTION('',(0.E0,1.E0,0.E0));
#13830=VECTOR('',#13829,1.E-2);
#13831=CARTESIAN_POINT('',(1.8E-1,1.2E-1,2.E-3));
#13832=LINE('',#13831,#13830);
#13833=DIRECTION('',(1.E0,0.E0,0.E0));
#13834=VECTOR('',#13833,1.E-2);
#13835=CARTESIAN_POINT('',(1.7E-1,1.2E-1,2.E-3));
#13836=LINE('',#13835,#13834);
#13837=DIRECTION('',(0.E0,1.E0,0.E0));
#13838=VECTOR('',#13837,1.E-2);
#13839=CARTESIAN_POINT('',(1.7E-1,1.1E-1,2.E-3));
#13840=LINE('',#13839,#13838);
#13841=DIRECTION('',(-1.E0,0.E0,0.E0));
#13842=VECTOR('',#13841,1.E-2);
#13843=CARTESIAN_POINT('',(1.8E-1,1.1E-1,2.E-3));
#13844=LINE('',#13843,#13842);
#13845=DIRECTION('',(0.E0,1.E0,0.E0));
#13846=VECTOR('',#13845,1.E-2);
#13847=CARTESIAN_POINT('',(1.8E-1,1.E-1,2.E-3));
#13848=LINE('',#13847,#13846);
#13849=DIRECTION('',(1.E0,0.E0,0.E0));
#13850=VECTOR('',#13849,2.E-2);
#13851=CARTESIAN_POINT('',(1.6E-1,1.E-1,2.E-3));
#13852=LINE('',#13851,#13850);
#13853=DIRECTION('',(0.E0,-1.E0,0.E0));
#13854=VECTOR('',#13853,2.E-2);
#13855=CARTESIAN_POINT('',(1.6E-1,1.2E-1,2.E-3));
#13856=LINE('',#13855,#13854);
#13857=DIRECTION('',(1.E0,0.E0,0.E0));
#13858=VECTOR('',#13857,9.E-3);
#13859=CARTESIAN_POINT('',(1.51E-1,1.2E-1,2.E-3));
#13860=LINE('',#13859,#13858);
#13861=DIRECTION('',(0.E0,1.E0,0.E0));
#13862=VECTOR('',#13861,1.E-2);
#13863=CARTESIAN_POINT('',(1.51E-1,1.1E-1,2.E-3));
#13864=LINE('',#13863,#13862);
#13865=DIRECTION('',(1.E0,0.E0,0.E0));
#13866=VECTOR('',#13865,2.1E-2);
#13867=CARTESIAN_POINT('',(1.3E-1,1.1E-1,2.E-3));
#13868=LINE('',#13867,#13866);
#13869=DIRECTION('',(0.E0,1.E0,0.E0));
#13870=VECTOR('',#13869,1.E-2);
#13871=CARTESIAN_POINT('',(1.3E-1,1.E-1,2.E-3));
#13872=LINE('',#13871,#13870);
#13873=DIRECTION('',(1.E0,0.E0,0.E0));
#13874=VECTOR('',#13873,9.E-3);
#13875=CARTESIAN_POINT('',(1.21E-1,1.E-1,2.E-3));
#13876=LINE('',#13875,#13874);
#13877=DIRECTION('',(0.E0,1.E0,0.E0));
#13878=VECTOR('',#13877,1.E-2);
#13879=CARTESIAN_POINT('',(1.21E-1,9.E-2,2.E-3));
#13880=LINE('',#13879,#13878);
#13881=DIRECTION('',(-1.E0,0.E0,0.E0));
#13882=VECTOR('',#13881,1.9E-2);
#13883=CARTESIAN_POINT('',(1.4E-1,9.E-2,2.E-3));
#13884=LINE('',#13883,#13882);
#13885=DIRECTION('',(0.E0,1.E0,0.E0));
#13886=VECTOR('',#13885,4.E-2);
#13887=CARTESIAN_POINT('',(1.4E-1,5.E-2,2.E-3));
#13888=LINE('',#13887,#13886);
#13889=DIRECTION('',(-1.E0,0.E0,0.E0));
#13890=VECTOR('',#13889,4.E-2);
#13891=CARTESIAN_POINT('',(1.8E-1,5.E-2,2.E-3));
#13892=LINE('',#13891,#13890);
#13893=DIRECTION('',(0.E0,1.E0,0.E0));
#13894=VECTOR('',#13893,1.E-2);
#13895=CARTESIAN_POINT('',(1.8E-1,4.E-2,2.E-3));
#13896=LINE('',#13895,#13894);
#13897=DIRECTION('',(1.E0,0.E0,0.E0));
#13898=VECTOR('',#13897,1.3E-1);
#13899=CARTESIAN_POINT('',(5.E-2,4.E-2,2.E-3));
#13900=LINE('',#13899,#13898);
#13901=DIRECTION('',(0.E0,-1.E0,0.E0));
#13902=VECTOR('',#13901,1.3E-1);
#13903=CARTESIAN_POINT('',(5.E-2,1.7E-1,2.E-3));
#13904=LINE('',#13903,#13902);
#13905=DIRECTION('',(-1.E0,0.E0,0.E0));
#13906=VECTOR('',#13905,1.E-2);
#13907=CARTESIAN_POINT('',(6.E-2,1.7E-1,2.E-3));
#13908=LINE('',#13907,#13906);
#13909=DIRECTION('',(0.E0,1.E0,0.E0));
#13910=VECTOR('',#13909,3.E-2);
#13911=CARTESIAN_POINT('',(6.E-2,1.4E-1,2.E-3));
#13912=LINE('',#13911,#13910);
#13913=DIRECTION('',(-1.E0,0.E0,0.E0));
#13914=VECTOR('',#13913,1.E-2);
#13915=CARTESIAN_POINT('',(7.E-2,1.4E-1,2.E-3));
#13916=LINE('',#13915,#13914);
#13917=DIRECTION('',(0.E0,-1.E0,0.E0));
#13918=VECTOR('',#13917,1.E-2);
#13919=CARTESIAN_POINT('',(7.E-2,1.5E-1,2.E-3));
#13920=LINE('',#13919,#13918);
#13921=DIRECTION('',(-1.E0,0.E0,0.E0));
#13922=VECTOR('',#13921,1.E-2);
#13923=CARTESIAN_POINT('',(8.E-2,1.5E-1,2.E-3));
#13924=LINE('',#13923,#13922);
#13925=DIRECTION('',(-1.E0,0.E0,0.E0));
#13926=VECTOR('',#13925,1.E-2);
#13927=CARTESIAN_POINT('',(9.E-2,1.3E-1,2.E-3));
#13928=LINE('',#13927,#13926);
#13929=DIRECTION('',(0.E0,1.E0,0.E0));
#13930=VECTOR('',#13929,1.E-2);
#13931=CARTESIAN_POINT('',(9.E-2,1.2E-1,2.E-3));
#13932=LINE('',#13931,#13930);
#13933=DIRECTION('',(1.E0,0.E0,0.E0));
#13934=VECTOR('',#13933,3.E-2);
#13935=CARTESIAN_POINT('',(6.E-2,1.2E-1,2.E-3));
#13936=LINE('',#13935,#13934);
#13937=DIRECTION('',(0.E0,1.E0,0.E0));
#13938=VECTOR('',#13937,1.E-2);
#13939=CARTESIAN_POINT('',(6.E-2,1.1E-1,2.E-3));
#13940=LINE('',#13939,#13938);
#13941=DIRECTION('',(-1.E0,0.E0,0.E0));
#13942=VECTOR('',#13941,1.E-2);
#13943=CARTESIAN_POINT('',(7.E-2,1.1E-1,2.E-3));
#13944=LINE('',#13943,#13942);
#13945=DIRECTION('',(1.E0,0.E0,0.E0));
#13946=VECTOR('',#13945,1.E-2);
#13947=CARTESIAN_POINT('',(6.E-2,6.9E-2,2.E-3));
#13948=LINE('',#13947,#13946);
#13949=DIRECTION('',(0.E0,1.E0,0.E0));
#13950=VECTOR('',#13949,1.E-2);
#13951=CARTESIAN_POINT('',(6.E-2,5.9E-2,2.E-3));
#13952=LINE('',#13951,#13950);
#13953=DIRECTION('',(-1.E0,0.E0,0.E0));
#13954=VECTOR('',#13953,1.E-2);
#13955=CARTESIAN_POINT('',(7.E-2,5.9E-2,2.E-3));
#13956=LINE('',#13955,#13954);
#13957=DIRECTION('',(0.E0,1.E0,0.E0));
#13958=VECTOR('',#13957,8.999999999999E-3);
#13959=CARTESIAN_POINT('',(7.E-2,5.E-2,2.E-3));
#13960=LINE('',#13959,#13958);
#13961=DIRECTION('',(-1.E0,0.E0,0.E0));
#13962=VECTOR('',#13961,2.E-2);
#13963=CARTESIAN_POINT('',(9.E-2,5.E-2,2.E-3));
#13964=LINE('',#13963,#13962);
#13965=DIRECTION('',(0.E0,-1.E0,0.E0));
#13966=VECTOR('',#13965,1.9E-2);
#13967=CARTESIAN_POINT('',(9.E-2,6.9E-2,2.E-3));
#13968=LINE('',#13967,#13966);
#13969=DIRECTION('',(-1.E0,2.498001805407E-14,0.E0));
#13970=VECTOR('',#13969,1.E-2);
#13971=CARTESIAN_POINT('',(1.E-1,6.9E-2,2.E-3));
#13972=LINE('',#13971,#13970);
#13973=DIRECTION('',(0.E0,1.E0,0.E0));
#13974=VECTOR('',#13973,1.E-2);
#13975=CARTESIAN_POINT('',(1.E-1,5.9E-2,2.E-3));
#13976=LINE('',#13975,#13974);
#13977=DIRECTION('',(0.E0,-1.E0,0.E0));
#13978=VECTOR('',#13977,1.E-2);
#13979=CARTESIAN_POINT('',(1.21E-1,6.9E-2,2.E-3));
#13980=LINE('',#13979,#13978);
#13981=DIRECTION('',(-1.E0,0.E0,0.E0));
#13982=VECTOR('',#13981,9.E-3);
#13983=CARTESIAN_POINT('',(1.3E-1,6.9E-2,2.E-3));
#13984=LINE('',#13983,#13982);
#13985=DIRECTION('',(0.E0,-1.E0,0.E0));
#13986=VECTOR('',#13985,1.E-2);
#13987=CARTESIAN_POINT('',(1.3E-1,7.9E-2,2.E-3));
#13988=LINE('',#13987,#13986);
#13989=DIRECTION('',(1.E0,0.E0,0.E0));
#13990=VECTOR('',#13989,2.E-2);
#13991=CARTESIAN_POINT('',(1.1E-1,7.9E-2,2.E-3));
#13992=LINE('',#13991,#13990);
#13993=DIRECTION('',(0.E0,-1.E0,0.E0));
#13994=VECTOR('',#13993,2.1E-2);
#13995=CARTESIAN_POINT('',(1.1E-1,1.E-1,2.E-3));
#13996=LINE('',#13995,#13994);
#13997=DIRECTION('',(1.E0,0.E0,0.E0));
#13998=VECTOR('',#13997,1.E-2);
#13999=CARTESIAN_POINT('',(1.E-1,1.E-1,2.E-3));
#14000=LINE('',#13999,#13998);
#14001=DIRECTION('',(0.E0,1.E0,0.E0));
#14002=VECTOR('',#14001,1.E-2);
#14003=CARTESIAN_POINT('',(1.E-1,9.E-2,2.E-3));
#14004=LINE('',#14003,#14002);
#14005=DIRECTION('',(1.E0,0.E0,0.E0));
#14006=VECTOR('',#14005,1.E-2);
#14007=CARTESIAN_POINT('',(9.E-2,9.E-2,2.E-3));
#14008=LINE('',#14007,#14006);
#14009=DIRECTION('',(0.E0,-1.E0,0.E0));
#14010=VECTOR('',#14009,1.E-2);
#14011=CARTESIAN_POINT('',(9.E-2,1.E-1,2.E-3));
#14012=LINE('',#14011,#14010);
#14013=DIRECTION('',(1.E0,0.E0,0.E0));
#14014=VECTOR('',#14013,1.E-2);
#14015=CARTESIAN_POINT('',(8.E-2,1.E-1,2.E-3));
#14016=LINE('',#14015,#14014);
#14017=DIRECTION('',(0.E0,-1.E0,0.E0));
#14018=VECTOR('',#14017,1.E-2);
#14019=CARTESIAN_POINT('',(8.E-2,1.1E-1,2.E-3));
#14020=LINE('',#14019,#14018);
#14021=DIRECTION('',(-1.E0,0.E0,0.E0));
#14022=VECTOR('',#14021,2.E-2);
#14023=CARTESIAN_POINT('',(1.E-1,1.1E-1,2.E-3));
#14024=LINE('',#14023,#14022);
#14025=DIRECTION('',(-1.E0,0.E0,0.E0));
#14026=VECTOR('',#14025,1.E-2);
#14027=CARTESIAN_POINT('',(1.1E-1,7.9E-2,2.E-3));
#14028=LINE('',#14027,#14026);
#14029=DIRECTION('',(0.E0,1.E0,0.E0));
#14030=VECTOR('',#14029,1.E-2);
#14031=CARTESIAN_POINT('',(1.1E-1,6.9E-2,2.E-3));
#14032=LINE('',#14031,#14030);
#14033=DIRECTION('',(1.E0,-2.636779683485E-14,0.E0));
#14034=VECTOR('',#14033,1.E-2);
#14035=CARTESIAN_POINT('',(1.E-1,6.9E-2,2.E-3));
#14036=LINE('',#14035,#14034);
#14037=DIRECTION('',(0.E0,-1.E0,0.E0));
#14038=VECTOR('',#14037,1.E-2);
#14039=CARTESIAN_POINT('',(1.E-1,7.9E-2,2.E-3));
#14040=LINE('',#14039,#14038);
#14041=DIRECTION('',(0.E0,1.E0,0.E0));
#14042=VECTOR('',#14041,1.1E-2);
#14043=CARTESIAN_POINT('',(9.E-2,7.9E-2,2.E-3));
#14044=LINE('',#14043,#14042);
#14045=DIRECTION('',(1.E0,0.E0,0.E0));
#14046=VECTOR('',#14045,1.E-2);
#14047=CARTESIAN_POINT('',(8.E-2,7.9E-2,2.E-3));
#14048=LINE('',#14047,#14046);
#14049=DIRECTION('',(0.E0,-1.E0,0.E0));
#14050=VECTOR('',#14049,1.1E-2);
#14051=CARTESIAN_POINT('',(8.E-2,9.E-2,2.E-3));
#14052=LINE('',#14051,#14050);
#14053=DIRECTION('',(-1.E0,0.E0,0.E0));
#14054=VECTOR('',#14053,1.E-2);
#14055=CARTESIAN_POINT('',(9.E-2,9.E-2,2.E-3));
#14056=LINE('',#14055,#14054);
#14057=DIRECTION('',(0.E0,-1.E0,0.E0));
#14058=VECTOR('',#14057,1.1E-2);
#14059=CARTESIAN_POINT('',(1.7E-1,9.E-2,2.E-3));
#14060=LINE('',#14059,#14058);
#14061=DIRECTION('',(-1.E0,0.E0,0.E0));
#14062=VECTOR('',#14061,1.E-2);
#14063=CARTESIAN_POINT('',(1.8E-1,9.E-2,2.E-3));
#14064=LINE('',#14063,#14062);
#14065=DIRECTION('',(0.E0,1.E0,0.E0));
#14066=VECTOR('',#14065,1.1E-2);
#14067=CARTESIAN_POINT('',(1.8E-1,7.9E-2,2.E-3));
#14068=LINE('',#14067,#14066);
#14069=DIRECTION('',(1.E0,0.E0,0.E0));
#14070=VECTOR('',#14069,1.E-2);
#14071=CARTESIAN_POINT('',(1.7E-1,7.9E-2,2.E-3));
#14072=LINE('',#14071,#14070);
#14073=DIRECTION('',(0.E0,1.E0,0.E0));
#14074=VECTOR('',#14073,9.E-3);
#14075=CARTESIAN_POINT('',(1.8E-1,5.809069308896E-2,2.E-3));
#14076=LINE('',#14075,#14074);
#14077=DIRECTION('',(1.E0,0.E0,0.E0));
#14078=VECTOR('',#14077,2.9E-2);
#14079=CARTESIAN_POINT('',(1.51E-1,5.809069308896E-2,2.E-3));
#14080=LINE('',#14079,#14078);
#14081=DIRECTION('',(0.E0,-1.E0,0.E0));
#14082=VECTOR('',#14081,9.E-3);
#14083=CARTESIAN_POINT('',(1.51E-1,6.709069308896E-2,2.E-3));
#14084=LINE('',#14083,#14082);
#14085=DIRECTION('',(-1.E0,0.E0,0.E0));
#14086=VECTOR('',#14085,9.E-3);
#14087=CARTESIAN_POINT('',(1.6E-1,6.709069308896E-2,2.E-3));
#14088=LINE('',#14087,#14086);
#14089=DIRECTION('',(0.E0,-1.E0,0.E0));
#14090=VECTOR('',#14089,9.E-3);
#14091=CARTESIAN_POINT('',(1.6E-1,7.609069308896E-2,2.E-3));
#14092=LINE('',#14091,#14090);
#14093=DIRECTION('',(-1.E0,0.E0,0.E0));
#14094=VECTOR('',#14093,1.E-2);
#14095=CARTESIAN_POINT('',(1.7E-1,7.609069308896E-2,2.E-3));
#14096=LINE('',#14095,#14094);
#14097=DIRECTION('',(0.E0,1.E0,0.E0));
#14098=VECTOR('',#14097,9.E-3);
#14099=CARTESIAN_POINT('',(1.7E-1,6.709069308896E-2,2.E-3));
#14100=LINE('',#14099,#14098);
#14101=DIRECTION('',(-1.E0,0.E0,0.E0));
#14102=VECTOR('',#14101,1.E-2);
#14103=CARTESIAN_POINT('',(1.8E-1,6.709069308896E-2,2.E-3));
#14104=LINE('',#14103,#14102);
#14105=DIRECTION('',(-1.E0,0.E0,0.E0));
#14106=VECTOR('',#14105,1.E-2);
#14107=CARTESIAN_POINT('',(1.8E-1,1.7E-1,2.E-3));
#14108=LINE('',#14107,#14106);
#14109=DIRECTION('',(0.E0,1.E0,0.E0));
#14110=VECTOR('',#14109,1.E-2);
#14111=CARTESIAN_POINT('',(1.8E-1,1.6E-1,2.E-3));
#14112=LINE('',#14111,#14110);
#14113=DIRECTION('',(1.E0,0.E0,0.E0));
#14114=VECTOR('',#14113,1.E-2);
#14115=CARTESIAN_POINT('',(1.7E-1,1.6E-1,2.E-3));
#14116=LINE('',#14115,#14114);
#14117=DIRECTION('',(0.E0,-1.E0,0.E0));
#14118=VECTOR('',#14117,1.E-2);
#14119=CARTESIAN_POINT('',(1.7E-1,1.7E-1,2.E-3));
#14120=LINE('',#14119,#14118);
#14121=DIRECTION('',(1.E0,0.E0,0.E0));
#14122=VECTOR('',#14121,1.E-2);
#14123=CARTESIAN_POINT('',(7.E-2,1.6E-1,2.E-3));
#14124=LINE('',#14123,#14122);
#14125=DIRECTION('',(0.E0,-1.E0,0.E0));
#14126=VECTOR('',#14125,1.E-2);
#14127=CARTESIAN_POINT('',(7.E-2,1.7E-1,2.E-3));
#14128=LINE('',#14127,#14126);
#14129=DIRECTION('',(-1.E0,0.E0,0.E0));
#14130=VECTOR('',#14129,1.E-2);
#14131=CARTESIAN_POINT('',(8.E-2,1.7E-1,2.E-3));
#14132=LINE('',#14131,#14130);
#14133=DIRECTION('',(0.E0,1.E0,0.E0));
#14134=VECTOR('',#14133,1.E-2);
#14135=CARTESIAN_POINT('',(8.E-2,1.6E-1,2.E-3));
#14136=LINE('',#14135,#14134);
#14137=DIRECTION('',(0.E0,-1.E0,0.E0));
#14138=VECTOR('',#14137,1.E-2);
#14139=CARTESIAN_POINT('',(1.5E-1,1.7E-1,2.E-3));
#14140=LINE('',#14139,#14138);
#14141=DIRECTION('',(-1.E0,0.E0,0.E0));
#14142=VECTOR('',#14141,1.E-2);
#14143=CARTESIAN_POINT('',(1.6E-1,1.7E-1,2.E-3));
#14144=LINE('',#14143,#14142);
#14145=DIRECTION('',(0.E0,1.E0,0.E0));
#14146=VECTOR('',#14145,1.E-2);
#14147=CARTESIAN_POINT('',(1.6E-1,1.6E-1,2.E-3));
#14148=LINE('',#14147,#14146);
#14149=DIRECTION('',(1.E0,0.E0,0.E0));
#14150=VECTOR('',#14149,1.E-2);
#14151=CARTESIAN_POINT('',(1.5E-1,1.6E-1,2.E-3));
#14152=LINE('',#14151,#14150);
#14153=DIRECTION('',(0.E0,-1.E0,0.E0));
#14154=VECTOR('',#14153,1.E-2);
#14155=CARTESIAN_POINT('',(1.3E-1,1.7E-1,2.E-3));
#14156=LINE('',#14155,#14154);
#14157=DIRECTION('',(-1.E0,0.E0,0.E0));
#14158=VECTOR('',#14157,1.E-2);
#14159=CARTESIAN_POINT('',(1.4E-1,1.7E-1,2.E-3));
#14160=LINE('',#14159,#14158);
#14161=DIRECTION('',(0.E0,1.E0,0.E0));
#14162=VECTOR('',#14161,1.E-2);
#14163=CARTESIAN_POINT('',(1.4E-1,1.6E-1,2.E-3));
#14164=LINE('',#14163,#14162);
#14165=DIRECTION('',(1.E0,0.E0,0.E0));
#14166=VECTOR('',#14165,1.E-2);
#14167=CARTESIAN_POINT('',(1.3E-1,1.6E-1,2.E-3));
#14168=LINE('',#14167,#14166);
#14169=DIRECTION('',(0.E0,1.E0,0.E0));
#14170=VECTOR('',#14169,1.E-2);
#14171=CARTESIAN_POINT('',(1.2E-1,1.6E-1,2.E-3));
#14172=LINE('',#14171,#14170);
#14173=DIRECTION('',(1.E0,0.E0,0.E0));
#14174=VECTOR('',#14173,1.E-2);
#14175=CARTESIAN_POINT('',(1.1E-1,1.6E-1,2.E-3));
#14176=LINE('',#14175,#14174);
#14177=DIRECTION('',(0.E0,-1.E0,0.E0));
#14178=VECTOR('',#14177,1.E-2);
#14179=CARTESIAN_POINT('',(1.1E-1,1.7E-1,2.E-3));
#14180=LINE('',#14179,#14178);
#14181=DIRECTION('',(-1.E0,0.E0,0.E0));
#14182=VECTOR('',#14181,1.E-2);
#14183=CARTESIAN_POINT('',(1.2E-1,1.7E-1,2.E-3));
#14184=LINE('',#14183,#14182);
#14185=DIRECTION('',(1.E0,0.E0,0.E0));
#14186=VECTOR('',#14185,1.E-2);
#14187=CARTESIAN_POINT('',(1.1E-1,1.3E-1,2.E-3));
#14188=LINE('',#14187,#14186);
#14189=DIRECTION('',(0.E0,1.E0,0.E0));
#14190=VECTOR('',#14189,1.E-2);
#14191=CARTESIAN_POINT('',(1.1E-1,1.2E-1,2.E-3));
#14192=LINE('',#14191,#14190);
#14193=DIRECTION('',(-1.E0,0.E0,0.E0));
#14194=VECTOR('',#14193,2.E-2);
#14195=CARTESIAN_POINT('',(1.3E-1,1.2E-1,2.E-3));
#14196=LINE('',#14195,#14194);
#14197=DIRECTION('',(1.E0,0.E0,0.E0));
#14198=VECTOR('',#14197,1.E-2);
#14199=CARTESIAN_POINT('',(1.2E-1,1.4E-1,2.E-3));
#14200=LINE('',#14199,#14198);
#14201=DIRECTION('',(0.E0,1.E0,0.E0));
#14202=VECTOR('',#14201,1.E-2);
#14203=CARTESIAN_POINT('',(1.2E-1,1.3E-1,2.E-3));
#14204=LINE('',#14203,#14202);
#14205=DIRECTION('',(0.E0,-1.E0,0.E0));
#14206=VECTOR('',#14205,1.E-2);
#14207=CARTESIAN_POINT('',(7.E-2,6.9E-2,2.E-3));
#14208=LINE('',#14207,#14206);
#14209=DIRECTION('',(-1.E0,0.E0,0.E0));
#14210=VECTOR('',#14209,1.E-2);
#14211=CARTESIAN_POINT('',(8.E-2,6.9E-2,2.E-3));
#14212=LINE('',#14211,#14210);
#14213=DIRECTION('',(0.E0,1.E0,0.E0));
#14214=VECTOR('',#14213,1.E-2);
#14215=CARTESIAN_POINT('',(8.E-2,5.9E-2,2.E-3));
#14216=LINE('',#14215,#14214);
#14217=DIRECTION('',(1.E0,0.E0,0.E0));
#14218=VECTOR('',#14217,1.E-2);
#14219=CARTESIAN_POINT('',(7.E-2,5.9E-2,2.E-3));
#14220=LINE('',#14219,#14218);
#14221=DIRECTION('',(0.E0,-1.E0,0.E0));
#14222=VECTOR('',#14221,1.1E-2);
#14223=CARTESIAN_POINT('',(1.5E-1,9.E-2,2.E-3));
#14224=LINE('',#14223,#14222);
#14225=DIRECTION('',(-1.E0,0.E0,0.E0));
#14226=VECTOR('',#14225,1.E-2);
#14227=CARTESIAN_POINT('',(1.6E-1,9.E-2,2.E-3));
#14228=LINE('',#14227,#14226);
#14229=DIRECTION('',(0.E0,1.E0,0.E0));
#14230=VECTOR('',#14229,1.1E-2);
#14231=CARTESIAN_POINT('',(1.6E-1,7.9E-2,2.E-3));
#14232=LINE('',#14231,#14230);
#14233=DIRECTION('',(1.E0,0.E0,0.E0));
#14234=VECTOR('',#14233,1.E-2);
#14235=CARTESIAN_POINT('',(1.5E-1,7.9E-2,2.E-3));
#14236=LINE('',#14235,#14234);
#14237=DIRECTION('',(0.E0,-1.E0,0.E0));
#14238=VECTOR('',#14237,1.E-2);
#14239=CARTESIAN_POINT('',(8.E-2,1.6E-1,2.E-3));
#14240=LINE('',#14239,#14238);
#14241=DIRECTION('',(-1.E0,0.E0,0.E0));
#14242=VECTOR('',#14241,1.E-2);
#14243=CARTESIAN_POINT('',(9.E-2,1.6E-1,2.E-3));
#14244=LINE('',#14243,#14242);
#14245=DIRECTION('',(0.E0,-1.E0,0.E0));
#14246=VECTOR('',#14245,1.E-2);
#14247=CARTESIAN_POINT('',(9.E-2,1.7E-1,2.E-3));
#14248=LINE('',#14247,#14246);
#14249=DIRECTION('',(-1.E0,0.E0,0.E0));
#14250=VECTOR('',#14249,1.E-2);
#14251=CARTESIAN_POINT('',(1.E-1,1.7E-1,2.E-3));
#14252=LINE('',#14251,#14250);
#14253=DIRECTION('',(0.E0,1.E0,0.E0));
#14254=VECTOR('',#14253,1.E-2);
#14255=CARTESIAN_POINT('',(1.E-1,1.6E-1,2.E-3));
#14256=LINE('',#14255,#14254);
#14257=DIRECTION('',(-1.E0,0.E0,0.E0));
#14258=VECTOR('',#14257,1.E-2);
#14259=CARTESIAN_POINT('',(1.1E-1,1.6E-1,2.E-3));
#14260=LINE('',#14259,#14258);
#14261=DIRECTION('',(0.E0,1.E0,0.E0));
#14262=VECTOR('',#14261,1.E-2);
#14263=CARTESIAN_POINT('',(1.1E-1,1.5E-1,2.E-3));
#14264=LINE('',#14263,#14262);
#14265=DIRECTION('',(1.E0,0.E0,0.E0));
#14266=VECTOR('',#14265,3.E-2);
#14267=CARTESIAN_POINT('',(8.E-2,1.5E-1,2.E-3));
#14268=LINE('',#14267,#14266);
#14269=DIRECTION('',(0.E0,0.E0,-1.E0));
#14270=VECTOR('',#14269,3.E-3);
#14271=CARTESIAN_POINT('',(1.4E-1,1.E-1,5.E-3));
#14272=LINE('',#14271,#14270);
#14273=DIRECTION('',(0.E0,0.E0,-1.E0));
#14274=VECTOR('',#14273,3.E-3);
#14275=CARTESIAN_POINT('',(1.5E-1,1.E-1,5.E-3));
#14276=LINE('',#14275,#14274);
#14277=DIRECTION('',(0.E0,0.E0,-1.E0));
#14278=VECTOR('',#14277,3.E-3);
#14279=CARTESIAN_POINT('',(1.5E-1,9.E-2,5.E-3));
#14280=LINE('',#14279,#14278);
#14281=DIRECTION('',(0.E0,0.E0,-1.E0));
#14282=VECTOR('',#14281,3.E-3);
#14283=CARTESIAN_POINT('',(1.6E-1,9.E-2,5.E-3));
#14284=LINE('',#14283,#14282);
#14285=DIRECTION('',(0.E0,0.E0,-1.E0));
#14286=VECTOR('',#14285,3.E-3);
#14287=CARTESIAN_POINT('',(1.6E-1,7.9E-2,5.E-3));
#14288=LINE('',#14287,#14286);
#14289=DIRECTION('',(0.E0,0.E0,-1.E0));
#14290=VECTOR('',#14289,3.E-3);
#14291=CARTESIAN_POINT('',(1.5E-1,7.9E-2,5.E-3));
#14292=LINE('',#14291,#14290);
#14293=DIRECTION('',(0.E0,0.E0,-1.E0));
#14294=VECTOR('',#14293,3.E-3);
#14295=CARTESIAN_POINT('',(1.5E-1,9.E-2,5.E-3));
#14296=LINE('',#14295,#14294);
#14297=DIRECTION('',(0.E0,2.775557561563E-14,1.E0));
#14298=VECTOR('',#14297,3.E-3);
#14299=CARTESIAN_POINT('',(1.4E-1,9.E-2,2.E-3));
#14300=LINE('',#14299,#14298);
#14301=DIRECTION('',(0.E0,0.E0,1.E0));
#14302=VECTOR('',#14301,3.E-3);
#14303=CARTESIAN_POINT('',(1.4E-1,5.E-2,2.E-3));
#14304=LINE('',#14303,#14302);
#14305=DIRECTION('',(0.E0,0.E0,-1.E0));
#14306=VECTOR('',#14305,3.E-3);
#14307=CARTESIAN_POINT('',(1.8E-1,5.E-2,5.E-3));
#14308=LINE('',#14307,#14306);
#14309=DIRECTION('',(0.E0,0.E0,1.E0));
#14310=VECTOR('',#14309,3.E-3);
#14311=CARTESIAN_POINT('',(9.E-2,5.E-2,2.E-3));
#14312=LINE('',#14311,#14310);
#14313=DIRECTION('',(0.E0,0.E0,1.E0));
#14314=VECTOR('',#14313,3.E-3);
#14315=CARTESIAN_POINT('',(7.E-2,5.E-2,2.E-3));
#14316=LINE('',#14315,#14314);
#14317=DIRECTION('',(0.E0,0.E0,-1.E0));
#14318=VECTOR('',#14317,3.E-3);
#14319=CARTESIAN_POINT('',(1.8E-1,4.E-2,5.E-3));
#14320=LINE('',#14319,#14318);
#14321=DIRECTION('',(0.E0,0.E0,-1.E0));
#14322=VECTOR('',#14321,3.E-3);
#14323=CARTESIAN_POINT('',(5.E-2,4.E-2,5.E-3));
#14324=LINE('',#14323,#14322);
#14325=DIRECTION('',(0.E0,0.E0,-1.E0));
#14326=VECTOR('',#14325,3.E-3);
#14327=CARTESIAN_POINT('',(5.E-2,1.7E-1,5.E-3));
#14328=LINE('',#14327,#14326);
#14329=DIRECTION('',(0.E0,0.E0,-1.E0));
#14330=VECTOR('',#14329,3.E-3);
#14331=CARTESIAN_POINT('',(6.E-2,1.7E-1,5.E-3));
#14332=LINE('',#14331,#14330);
#14333=DIRECTION('',(0.E0,0.E0,1.E0));
#14334=VECTOR('',#14333,3.E-3);
#14335=CARTESIAN_POINT('',(6.E-2,1.4E-1,2.E-3));
#14336=LINE('',#14335,#14334);
#14337=DIRECTION('',(0.E0,0.E0,1.E0));
#14338=VECTOR('',#14337,3.E-3);
#14339=CARTESIAN_POINT('',(6.E-2,1.1E-1,2.E-3));
#14340=LINE('',#14339,#14338);
#14341=DIRECTION('',(0.E0,0.E0,1.E0));
#14342=VECTOR('',#14341,3.E-3);
#14343=CARTESIAN_POINT('',(6.E-2,1.2E-1,2.E-3));
#14344=LINE('',#14343,#14342);
#14345=DIRECTION('',(0.E0,0.E0,1.E0));
#14346=VECTOR('',#14345,3.E-3);
#14347=CARTESIAN_POINT('',(6.E-2,5.9E-2,2.E-3));
#14348=LINE('',#14347,#14346);
#14349=DIRECTION('',(0.E0,0.E0,1.E0));
#14350=VECTOR('',#14349,3.E-3);
#14351=CARTESIAN_POINT('',(6.E-2,6.9E-2,2.E-3));
#14352=LINE('',#14351,#14350);
#14353=DIRECTION('',(0.E0,0.E0,1.E0));
#14354=VECTOR('',#14353,3.E-3);
#14355=CARTESIAN_POINT('',(7.E-2,1.4E-1,2.E-3));
#14356=LINE('',#14355,#14354);
#14357=DIRECTION('',(0.E0,0.E0,-1.E0));
#14358=VECTOR('',#14357,3.E-3);
#14359=CARTESIAN_POINT('',(7.E-2,1.5E-1,5.E-3));
#14360=LINE('',#14359,#14358);
#14361=DIRECTION('',(0.E0,0.E0,1.E0));
#14362=VECTOR('',#14361,3.E-3);
#14363=CARTESIAN_POINT('',(8.E-2,1.5E-1,2.E-3));
#14364=LINE('',#14363,#14362);
#14365=DIRECTION('',(0.E0,0.E0,1.E0));
#14366=VECTOR('',#14365,3.E-3);
#14367=CARTESIAN_POINT('',(8.E-2,1.6E-1,2.E-3));
#14368=LINE('',#14367,#14366);
#14369=DIRECTION('',(0.E0,0.E0,-1.E0));
#14370=VECTOR('',#14369,3.E-3);
#14371=CARTESIAN_POINT('',(7.E-2,1.6E-1,5.E-3));
#14372=LINE('',#14371,#14370);
#14373=DIRECTION('',(0.E0,0.E0,-1.E0));
#14374=VECTOR('',#14373,3.E-3);
#14375=CARTESIAN_POINT('',(7.E-2,1.7E-1,5.E-3));
#14376=LINE('',#14375,#14374);
#14377=DIRECTION('',(0.E0,0.E0,-1.E0));
#14378=VECTOR('',#14377,3.E-3);
#14379=CARTESIAN_POINT('',(8.E-2,1.7E-1,5.E-3));
#14380=LINE('',#14379,#14378);
#14381=DIRECTION('',(0.E0,0.E0,1.E0));
#14382=VECTOR('',#14381,3.E-3);
#14383=CARTESIAN_POINT('',(8.E-2,1.6E-1,2.E-3));
#14384=LINE('',#14383,#14382);
#14385=DIRECTION('',(0.E0,0.E0,1.E0));
#14386=VECTOR('',#14385,3.E-3);
#14387=CARTESIAN_POINT('',(1.1E-1,1.6E-1,2.E-3));
#14388=LINE('',#14387,#14386);
#14389=DIRECTION('',(0.E0,0.E0,-1.E0));
#14390=VECTOR('',#14389,3.E-3);
#14391=CARTESIAN_POINT('',(1.1E-1,1.7E-1,5.E-3));
#14392=LINE('',#14391,#14390);
#14393=DIRECTION('',(0.E0,0.E0,-1.E0));
#14394=VECTOR('',#14393,3.E-3);
#14395=CARTESIAN_POINT('',(1.2E-1,1.7E-1,5.E-3));
#14396=LINE('',#14395,#14394);
#14397=DIRECTION('',(0.E0,0.E0,1.E0));
#14398=VECTOR('',#14397,3.E-3);
#14399=CARTESIAN_POINT('',(1.2E-1,1.6E-1,2.E-3));
#14400=LINE('',#14399,#14398);
#14401=DIRECTION('',(0.E0,0.E0,-1.E0));
#14402=VECTOR('',#14401,3.E-3);
#14403=CARTESIAN_POINT('',(1.3E-1,1.7E-1,5.E-3));
#14404=LINE('',#14403,#14402);
#14405=DIRECTION('',(1.850371707709E-14,0.E0,1.E0));
#14406=VECTOR('',#14405,3.E-3);
#14407=CARTESIAN_POINT('',(1.3E-1,1.6E-1,2.E-3));
#14408=LINE('',#14407,#14406);
#14409=DIRECTION('',(0.E0,0.E0,-1.E0));
#14410=VECTOR('',#14409,3.E-3);
#14411=CARTESIAN_POINT('',(1.4E-1,1.7E-1,5.E-3));
#14412=LINE('',#14411,#14410);
#14413=DIRECTION('',(0.E0,0.E0,1.E0));
#14414=VECTOR('',#14413,3.E-3);
#14415=CARTESIAN_POINT('',(1.4E-1,1.6E-1,2.E-3));
#14416=LINE('',#14415,#14414);
#14417=DIRECTION('',(0.E0,0.E0,-1.E0));
#14418=VECTOR('',#14417,3.E-3);
#14419=CARTESIAN_POINT('',(1.5E-1,1.7E-1,5.E-3));
#14420=LINE('',#14419,#14418);
#14421=DIRECTION('',(0.E0,0.E0,1.E0));
#14422=VECTOR('',#14421,3.E-3);
#14423=CARTESIAN_POINT('',(1.5E-1,1.6E-1,2.E-3));
#14424=LINE('',#14423,#14422);
#14425=DIRECTION('',(0.E0,0.E0,-1.E0));
#14426=VECTOR('',#14425,3.E-3);
#14427=CARTESIAN_POINT('',(1.6E-1,1.7E-1,5.E-3));
#14428=LINE('',#14427,#14426);
#14429=DIRECTION('',(0.E0,0.E0,-1.E0));
#14430=VECTOR('',#14429,3.E-3);
#14431=CARTESIAN_POINT('',(1.6E-1,1.6E-1,5.E-3));
#14432=LINE('',#14431,#14430);
#14433=DIRECTION('',(0.E0,0.E0,1.E0));
#14434=VECTOR('',#14433,3.E-3);
#14435=CARTESIAN_POINT('',(1.5E-1,1.6E-1,2.E-3));
#14436=LINE('',#14435,#14434);
#14437=DIRECTION('',(0.E0,0.E0,-1.E0));
#14438=VECTOR('',#14437,3.E-3);
#14439=CARTESIAN_POINT('',(1.5E-1,1.4E-1,5.E-3));
#14440=LINE('',#14439,#14438);
#14441=DIRECTION('',(0.E0,0.E0,-1.E0));
#14442=VECTOR('',#14441,3.E-3);
#14443=CARTESIAN_POINT('',(1.4E-1,1.4E-1,5.E-3));
#14444=LINE('',#14443,#14442);
#14445=DIRECTION('',(0.E0,0.E0,-1.E0));
#14446=VECTOR('',#14445,3.E-3);
#14447=CARTESIAN_POINT('',(1.6E-1,1.3E-1,5.E-3));
#14448=LINE('',#14447,#14446);
#14449=DIRECTION('',(0.E0,0.E0,1.E0));
#14450=VECTOR('',#14449,3.E-3);
#14451=CARTESIAN_POINT('',(1.4E-1,1.3E-1,2.E-3));
#14452=LINE('',#14451,#14450);
#14453=DIRECTION('',(0.E0,0.E0,-1.E0));
#14454=VECTOR('',#14453,3.E-3);
#14455=CARTESIAN_POINT('',(1.6E-1,1.5E-1,5.E-3));
#14456=LINE('',#14455,#14454);
#14457=DIRECTION('',(0.E0,0.E0,-1.E0));
#14458=VECTOR('',#14457,3.E-3);
#14459=CARTESIAN_POINT('',(1.8E-1,1.5E-1,5.E-3));
#14460=LINE('',#14459,#14458);
#14461=DIRECTION('',(0.E0,0.E0,-1.E0));
#14462=VECTOR('',#14461,3.E-3);
#14463=CARTESIAN_POINT('',(1.8E-1,1.4E-1,5.E-3));
#14464=LINE('',#14463,#14462);
#14465=DIRECTION('',(0.E0,0.E0,-1.E0));
#14466=VECTOR('',#14465,3.E-3);
#14467=CARTESIAN_POINT('',(1.7E-1,1.4E-1,5.E-3));
#14468=LINE('',#14467,#14466);
#14469=DIRECTION('',(0.E0,0.E0,-1.E0));
#14470=VECTOR('',#14469,3.E-3);
#14471=CARTESIAN_POINT('',(1.7E-1,1.3E-1,5.E-3));
#14472=LINE('',#14471,#14470);
#14473=DIRECTION('',(0.E0,0.E0,-1.E0));
#14474=VECTOR('',#14473,3.E-3);
#14475=CARTESIAN_POINT('',(1.8E-1,1.3E-1,5.E-3));
#14476=LINE('',#14475,#14474);
#14477=DIRECTION('',(0.E0,0.E0,-1.E0));
#14478=VECTOR('',#14477,3.E-3);
#14479=CARTESIAN_POINT('',(1.8E-1,1.2E-1,5.E-3));
#14480=LINE('',#14479,#14478);
#14481=DIRECTION('',(0.E0,0.E0,-1.E0));
#14482=VECTOR('',#14481,3.E-3);
#14483=CARTESIAN_POINT('',(1.7E-1,1.2E-1,5.E-3));
#14484=LINE('',#14483,#14482);
#14485=DIRECTION('',(0.E0,0.E0,-1.E0));
#14486=VECTOR('',#14485,3.E-3);
#14487=CARTESIAN_POINT('',(1.7E-1,1.1E-1,5.E-3));
#14488=LINE('',#14487,#14486);
#14489=DIRECTION('',(0.E0,0.E0,-1.E0));
#14490=VECTOR('',#14489,3.E-3);
#14491=CARTESIAN_POINT('',(1.8E-1,1.1E-1,5.E-3));
#14492=LINE('',#14491,#14490);
#14493=DIRECTION('',(0.E0,0.E0,-1.E0));
#14494=VECTOR('',#14493,3.E-3);
#14495=CARTESIAN_POINT('',(1.8E-1,1.E-1,5.E-3));
#14496=LINE('',#14495,#14494);
#14497=DIRECTION('',(0.E0,0.E0,-1.E0));
#14498=VECTOR('',#14497,3.E-3);
#14499=CARTESIAN_POINT('',(1.6E-1,1.E-1,5.E-3));
#14500=LINE('',#14499,#14498);
#14501=DIRECTION('',(0.E0,0.E0,-1.E0));
#14502=VECTOR('',#14501,3.E-3);
#14503=CARTESIAN_POINT('',(1.6E-1,1.2E-1,5.E-3));
#14504=LINE('',#14503,#14502);
#14505=DIRECTION('',(0.E0,0.E0,-1.E0));
#14506=VECTOR('',#14505,3.E-3);
#14507=CARTESIAN_POINT('',(1.51E-1,1.2E-1,5.E-3));
#14508=LINE('',#14507,#14506);
#14509=DIRECTION('',(0.E0,0.E0,-1.E0));
#14510=VECTOR('',#14509,3.E-3);
#14511=CARTESIAN_POINT('',(1.51E-1,1.1E-1,5.E-3));
#14512=LINE('',#14511,#14510);
#14513=DIRECTION('',(0.E0,0.E0,1.E0));
#14514=VECTOR('',#14513,3.E-3);
#14515=CARTESIAN_POINT('',(1.3E-1,1.1E-1,2.E-3));
#14516=LINE('',#14515,#14514);
#14517=DIRECTION('',(0.E0,0.E0,-1.E0));
#14518=VECTOR('',#14517,3.E-3);
#14519=CARTESIAN_POINT('',(1.3E-1,1.E-1,5.E-3));
#14520=LINE('',#14519,#14518);
#14521=DIRECTION('',(0.E0,0.E0,-1.E0));
#14522=VECTOR('',#14521,3.E-3);
#14523=CARTESIAN_POINT('',(1.21E-1,9.E-2,5.E-3));
#14524=LINE('',#14523,#14522);
#14525=DIRECTION('',(0.E0,0.E0,1.E0));
#14526=VECTOR('',#14525,3.E-3);
#14527=CARTESIAN_POINT('',(1.21E-1,1.E-1,2.E-3));
#14528=LINE('',#14527,#14526);
#14529=DIRECTION('',(0.E0,-2.312964634636E-14,1.E0));
#14530=VECTOR('',#14529,3.E-3);
#14531=CARTESIAN_POINT('',(1.4E-1,9.E-2,2.E-3));
#14532=LINE('',#14531,#14530);
#14533=DIRECTION('',(0.E0,0.E0,1.E0));
#14534=VECTOR('',#14533,3.E-3);
#14535=CARTESIAN_POINT('',(1.E-1,1.6E-1,2.E-3));
#14536=LINE('',#14535,#14534);
#14537=DIRECTION('',(0.E0,0.E0,-1.E0));
#14538=VECTOR('',#14537,3.E-3);
#14539=CARTESIAN_POINT('',(1.E-1,1.7E-1,5.E-3));
#14540=LINE('',#14539,#14538);
#14541=DIRECTION('',(0.E0,0.E0,1.E0));
#14542=VECTOR('',#14541,3.E-3);
#14543=CARTESIAN_POINT('',(9.E-2,1.6E-1,2.E-3));
#14544=LINE('',#14543,#14542);
#14545=DIRECTION('',(0.E0,0.E0,-1.E0));
#14546=VECTOR('',#14545,3.E-3);
#14547=CARTESIAN_POINT('',(9.E-2,1.7E-1,5.E-3));
#14548=LINE('',#14547,#14546);
#14549=DIRECTION('',(0.E0,0.E0,-1.E0));
#14550=VECTOR('',#14549,3.E-3);
#14551=CARTESIAN_POINT('',(7.E-2,1.1E-1,5.E-3));
#14552=LINE('',#14551,#14550);
#14553=DIRECTION('',(0.E0,-1.E0,0.E0));
#14554=VECTOR('',#14553,4.1E-2);
#14555=CARTESIAN_POINT('',(7.E-2,1.1E-1,5.E-3));
#14556=LINE('',#14555,#14554);
#14557=DIRECTION('',(0.E0,1.E0,0.E0));
#14558=VECTOR('',#14557,4.1E-2);
#14559=CARTESIAN_POINT('',(7.E-2,6.9E-2,2.E-3));
#14560=LINE('',#14559,#14558);
#14561=DIRECTION('',(0.E0,0.E0,-1.E0));
#14562=VECTOR('',#14561,3.E-3);
#14563=CARTESIAN_POINT('',(7.E-2,6.9E-2,5.E-3));
#14564=LINE('',#14563,#14562);
#14565=DIRECTION('',(0.E0,0.E0,-1.E0));
#14566=VECTOR('',#14565,3.E-3);
#14567=CARTESIAN_POINT('',(8.E-2,6.9E-2,5.E-3));
#14568=LINE('',#14567,#14566);
#14569=DIRECTION('',(0.E0,0.E0,-1.E0));
#14570=VECTOR('',#14569,3.E-3);
#14571=CARTESIAN_POINT('',(8.E-2,5.9E-2,5.E-3));
#14572=LINE('',#14571,#14570);
#14573=DIRECTION('',(0.E0,0.E0,-1.E0));
#14574=VECTOR('',#14573,3.E-3);
#14575=CARTESIAN_POINT('',(7.E-2,5.9E-2,5.E-3));
#14576=LINE('',#14575,#14574);
#14577=DIRECTION('',(0.E0,0.E0,-1.E0));
#14578=VECTOR('',#14577,3.E-3);
#14579=CARTESIAN_POINT('',(9.E-2,1.2E-1,5.E-3));
#14580=LINE('',#14579,#14578);
#14581=DIRECTION('',(0.E0,0.E0,-1.E0));
#14582=VECTOR('',#14581,3.E-3);
#14583=CARTESIAN_POINT('',(9.E-2,1.3E-1,5.E-3));
#14584=LINE('',#14583,#14582);
#14585=DIRECTION('',(0.E0,1.E0,0.E0));
#14586=VECTOR('',#14585,2.E-2);
#14587=CARTESIAN_POINT('',(8.E-2,1.3E-1,2.E-3));
#14588=LINE('',#14587,#14586);
#14589=DIRECTION('',(0.E0,-1.E0,0.E0));
#14590=VECTOR('',#14589,2.E-2);
#14591=CARTESIAN_POINT('',(8.E-2,1.5E-1,5.E-3));
#14592=LINE('',#14591,#14590);
#14593=DIRECTION('',(0.E0,0.E0,-1.E0));
#14594=VECTOR('',#14593,3.E-3);
#14595=CARTESIAN_POINT('',(8.E-2,1.3E-1,5.E-3));
#14596=LINE('',#14595,#14594);
#14597=DIRECTION('',(0.E0,0.E0,1.E0));
#14598=VECTOR('',#14597,3.E-3);
#14599=CARTESIAN_POINT('',(8.E-2,1.5E-1,2.E-3));
#14600=LINE('',#14599,#14598);
#14601=DIRECTION('',(0.E0,0.E0,1.E0));
#14602=VECTOR('',#14601,3.E-3);
#14603=CARTESIAN_POINT('',(1.1E-1,1.5E-1,2.E-3));
#14604=LINE('',#14603,#14602);
#14605=DIRECTION('',(0.E0,0.E0,-1.E0));
#14606=VECTOR('',#14605,3.E-3);
#14607=CARTESIAN_POINT('',(1.1E-1,1.4E-1,5.E-3));
#14608=LINE('',#14607,#14606);
#14609=DIRECTION('',(0.E0,1.E0,0.E0));
#14610=VECTOR('',#14609,3.E-2);
#14611=CARTESIAN_POINT('',(1.E-1,1.1E-1,5.E-3));
#14612=LINE('',#14611,#14610);
#14613=DIRECTION('',(0.E0,0.E0,-1.E0));
#14614=VECTOR('',#14613,3.E-3);
#14615=CARTESIAN_POINT('',(1.E-1,1.4E-1,5.E-3));
#14616=LINE('',#14615,#14614);
#14617=DIRECTION('',(0.E0,-1.E0,0.E0));
#14618=VECTOR('',#14617,3.E-2);
#14619=CARTESIAN_POINT('',(1.E-1,1.4E-1,2.E-3));
#14620=LINE('',#14619,#14618);
#14621=DIRECTION('',(0.E0,0.E0,-1.E0));
#14622=VECTOR('',#14621,3.E-3);
#14623=CARTESIAN_POINT('',(1.E-1,1.1E-1,5.E-3));
#14624=LINE('',#14623,#14622);
#14625=DIRECTION('',(0.E0,0.E0,-1.E0));
#14626=VECTOR('',#14625,3.E-3);
#14627=CARTESIAN_POINT('',(8.E-2,1.1E-1,5.E-3));
#14628=LINE('',#14627,#14626);
#14629=DIRECTION('',(0.E0,0.E0,-1.E0));
#14630=VECTOR('',#14629,3.E-3);
#14631=CARTESIAN_POINT('',(8.E-2,1.E-1,5.E-3));
#14632=LINE('',#14631,#14630);
#14633=DIRECTION('',(0.E0,0.E0,-1.E0));
#14634=VECTOR('',#14633,3.E-3);
#14635=CARTESIAN_POINT('',(9.E-2,1.E-1,5.E-3));
#14636=LINE('',#14635,#14634);
#14637=DIRECTION('',(0.E0,0.E0,1.E0));
#14638=VECTOR('',#14637,3.E-3);
#14639=CARTESIAN_POINT('',(9.E-2,9.E-2,2.E-3));
#14640=LINE('',#14639,#14638);
#14641=DIRECTION('',(0.E0,0.E0,-1.E0));
#14642=VECTOR('',#14641,3.E-3);
#14643=CARTESIAN_POINT('',(8.E-2,9.E-2,5.E-3));
#14644=LINE('',#14643,#14642);
#14645=DIRECTION('',(0.E0,0.E0,-1.E0));
#14646=VECTOR('',#14645,3.E-3);
#14647=CARTESIAN_POINT('',(8.E-2,7.9E-2,5.E-3));
#14648=LINE('',#14647,#14646);
#14649=DIRECTION('',(0.E0,0.E0,-1.E0));
#14650=VECTOR('',#14649,3.E-3);
#14651=CARTESIAN_POINT('',(9.E-2,7.9E-2,5.E-3));
#14652=LINE('',#14651,#14650);
#14653=DIRECTION('',(0.E0,0.E0,1.E0));
#14654=VECTOR('',#14653,3.E-3);
#14655=CARTESIAN_POINT('',(9.E-2,9.E-2,2.E-3));
#14656=LINE('',#14655,#14654);
#14657=DIRECTION('',(0.E0,0.E0,-1.E0));
#14658=VECTOR('',#14657,3.E-3);
#14659=CARTESIAN_POINT('',(1.E-1,9.E-2,5.E-3));
#14660=LINE('',#14659,#14658);
#14661=DIRECTION('',(0.E0,0.E0,-1.E0));
#14662=VECTOR('',#14661,3.E-3);
#14663=CARTESIAN_POINT('',(1.E-1,1.E-1,5.E-3));
#14664=LINE('',#14663,#14662);
#14665=DIRECTION('',(0.E0,0.E0,-1.E0));
#14666=VECTOR('',#14665,3.E-3);
#14667=CARTESIAN_POINT('',(1.1E-1,1.E-1,5.E-3));
#14668=LINE('',#14667,#14666);
#14669=DIRECTION('',(0.E0,0.E0,1.E0));
#14670=VECTOR('',#14669,3.E-3);
#14671=CARTESIAN_POINT('',(1.1E-1,7.9E-2,2.E-3));
#14672=LINE('',#14671,#14670);
#14673=DIRECTION('',(0.E0,0.E0,-1.E0));
#14674=VECTOR('',#14673,3.E-3);
#14675=CARTESIAN_POINT('',(1.E-1,7.9E-2,5.E-3));
#14676=LINE('',#14675,#14674);
#14677=DIRECTION('',(-2.312964634636E-14,7.401486830834E-14,1.E0));
#14678=VECTOR('',#14677,3.E-3);
#14679=CARTESIAN_POINT('',(1.E-1,6.9E-2,2.E-3));
#14680=LINE('',#14679,#14678);
#14681=DIRECTION('',(0.E0,0.E0,-1.E0));
#14682=VECTOR('',#14681,3.E-3);
#14683=CARTESIAN_POINT('',(9.E-2,6.9E-2,5.E-3));
#14684=LINE('',#14683,#14682);
#14685=DIRECTION('',(0.E0,0.E0,-1.E0));
#14686=VECTOR('',#14685,3.E-3);
#14687=CARTESIAN_POINT('',(7.E-2,6.9E-2,5.E-3));
#14688=LINE('',#14687,#14686);
#14689=DIRECTION('',(0.E0,0.E0,-1.E0));
#14690=VECTOR('',#14689,3.E-3);
#14691=CARTESIAN_POINT('',(7.E-2,5.9E-2,5.E-3));
#14692=LINE('',#14691,#14690);
#14693=DIRECTION('',(0.E0,0.E0,-1.E0));
#14694=VECTOR('',#14693,3.E-3);
#14695=CARTESIAN_POINT('',(1.2E-1,1.5E-1,5.E-3));
#14696=LINE('',#14695,#14694);
#14697=DIRECTION('',(0.E0,0.E0,1.E0));
#14698=VECTOR('',#14697,3.E-3);
#14699=CARTESIAN_POINT('',(1.1E-1,1.6E-1,2.E-3));
#14700=LINE('',#14699,#14698);
#14701=DIRECTION('',(0.E0,0.E0,1.E0));
#14702=VECTOR('',#14701,3.E-3);
#14703=CARTESIAN_POINT('',(1.2E-1,1.6E-1,2.E-3));
#14704=LINE('',#14703,#14702);
#14705=DIRECTION('',(0.E0,0.E0,1.E0));
#14706=VECTOR('',#14705,3.E-3);
#14707=CARTESIAN_POINT('',(1.1E-1,1.5E-1,2.E-3));
#14708=LINE('',#14707,#14706);
#14709=DIRECTION('',(0.E0,0.E0,-1.E0));
#14710=VECTOR('',#14709,3.E-3);
#14711=CARTESIAN_POINT('',(1.3E-1,1.5E-1,5.E-3));
#14712=LINE('',#14711,#14710);
#14713=DIRECTION('',(0.E0,0.E0,-1.E0));
#14714=VECTOR('',#14713,3.E-3);
#14715=CARTESIAN_POINT('',(1.4E-1,1.5E-1,5.E-3));
#14716=LINE('',#14715,#14714);
#14717=DIRECTION('',(1.850371707709E-14,0.E0,1.E0));
#14718=VECTOR('',#14717,3.E-3);
#14719=CARTESIAN_POINT('',(1.3E-1,1.6E-1,2.E-3));
#14720=LINE('',#14719,#14718);
#14721=DIRECTION('',(0.E0,0.E0,1.E0));
#14722=VECTOR('',#14721,3.E-3);
#14723=CARTESIAN_POINT('',(1.4E-1,1.6E-1,2.E-3));
#14724=LINE('',#14723,#14722);
#14725=DIRECTION('',(0.E0,0.E0,-1.E0));
#14726=VECTOR('',#14725,3.E-3);
#14727=CARTESIAN_POINT('',(1.E-1,5.9E-2,5.E-3));
#14728=LINE('',#14727,#14726);
#14729=DIRECTION('',(1.850371707709E-14,-8.326672684689E-14,1.E0));
#14730=VECTOR('',#14729,3.E-3);
#14731=CARTESIAN_POINT('',(1.E-1,6.9E-2,2.E-3));
#14732=LINE('',#14731,#14730);
#14733=DIRECTION('',(-1.E0,1.552990540398E-14,0.E0));
#14734=VECTOR('',#14733,2.1E-2);
#14735=CARTESIAN_POINT('',(1.21E-1,5.9E-2,2.E-3));
#14736=LINE('',#14735,#14734);
#14737=DIRECTION('',(1.E0,-1.486905836552E-14,0.E0));
#14738=VECTOR('',#14737,2.1E-2);
#14739=CARTESIAN_POINT('',(1.E-1,5.9E-2,5.E-3));
#14740=LINE('',#14739,#14738);
#14741=DIRECTION('',(0.E0,0.E0,-1.E0));
#14742=VECTOR('',#14741,3.E-3);
#14743=CARTESIAN_POINT('',(1.21E-1,5.9E-2,5.E-3));
#14744=LINE('',#14743,#14742);
#14745=DIRECTION('',(0.E0,0.E0,-1.E0));
#14746=VECTOR('',#14745,3.E-3);
#14747=CARTESIAN_POINT('',(1.21E-1,6.9E-2,5.E-3));
#14748=LINE('',#14747,#14746);
#14749=DIRECTION('',(0.E0,0.E0,-1.E0));
#14750=VECTOR('',#14749,3.E-3);
#14751=CARTESIAN_POINT('',(1.3E-1,6.9E-2,5.E-3));
#14752=LINE('',#14751,#14750);
#14753=DIRECTION('',(0.E0,0.E0,-1.E0));
#14754=VECTOR('',#14753,3.E-3);
#14755=CARTESIAN_POINT('',(1.3E-1,7.9E-2,5.E-3));
#14756=LINE('',#14755,#14754);
#14757=DIRECTION('',(0.E0,0.E0,1.E0));
#14758=VECTOR('',#14757,3.E-3);
#14759=CARTESIAN_POINT('',(1.1E-1,7.9E-2,2.E-3));
#14760=LINE('',#14759,#14758);
#14761=DIRECTION('',(0.E0,0.E0,-1.E0));
#14762=VECTOR('',#14761,3.E-3);
#14763=CARTESIAN_POINT('',(1.1E-1,6.9E-2,5.E-3));
#14764=LINE('',#14763,#14762);
#14765=DIRECTION('',(0.E0,0.E0,-1.E0));
#14766=VECTOR('',#14765,3.E-3);
#14767=CARTESIAN_POINT('',(1.7E-1,9.E-2,5.E-3));
#14768=LINE('',#14767,#14766);
#14769=DIRECTION('',(0.E0,0.E0,-1.E0));
#14770=VECTOR('',#14769,3.E-3);
#14771=CARTESIAN_POINT('',(1.8E-1,9.E-2,5.E-3));
#14772=LINE('',#14771,#14770);
#14773=DIRECTION('',(0.E0,0.E0,-1.E0));
#14774=VECTOR('',#14773,3.E-3);
#14775=CARTESIAN_POINT('',(1.8E-1,7.9E-2,5.E-3));
#14776=LINE('',#14775,#14774);
#14777=DIRECTION('',(0.E0,0.E0,-1.E0));
#14778=VECTOR('',#14777,3.E-3);
#14779=CARTESIAN_POINT('',(1.7E-1,7.9E-2,5.E-3));
#14780=LINE('',#14779,#14778);
#14781=DIRECTION('',(0.E0,0.E0,-1.E0));
#14782=VECTOR('',#14781,3.E-3);
#14783=CARTESIAN_POINT('',(1.8E-1,5.809069308896E-2,5.E-3));
#14784=LINE('',#14783,#14782);
#14785=DIRECTION('',(0.E0,0.E0,-1.E0));
#14786=VECTOR('',#14785,3.E-3);
#14787=CARTESIAN_POINT('',(1.51E-1,5.809069308896E-2,5.E-3));
#14788=LINE('',#14787,#14786);
#14789=DIRECTION('',(0.E0,0.E0,-1.E0));
#14790=VECTOR('',#14789,3.E-3);
#14791=CARTESIAN_POINT('',(1.51E-1,6.709069308896E-2,5.E-3));
#14792=LINE('',#14791,#14790);
#14793=DIRECTION('',(0.E0,0.E0,-1.E0));
#14794=VECTOR('',#14793,3.E-3);
#14795=CARTESIAN_POINT('',(1.6E-1,6.709069308896E-2,5.E-3));
#14796=LINE('',#14795,#14794);
#14797=DIRECTION('',(0.E0,0.E0,-1.E0));
#14798=VECTOR('',#14797,3.E-3);
#14799=CARTESIAN_POINT('',(1.6E-1,7.609069308896E-2,5.E-3));
#14800=LINE('',#14799,#14798);
#14801=DIRECTION('',(0.E0,0.E0,-1.E0));
#14802=VECTOR('',#14801,3.E-3);
#14803=CARTESIAN_POINT('',(1.7E-1,7.609069308896E-2,5.E-3));
#14804=LINE('',#14803,#14802);
#14805=DIRECTION('',(0.E0,0.E0,-1.E0));
#14806=VECTOR('',#14805,3.E-3);
#14807=CARTESIAN_POINT('',(1.7E-1,6.709069308896E-2,5.E-3));
#14808=LINE('',#14807,#14806);
#14809=DIRECTION('',(0.E0,0.E0,-1.E0));
#14810=VECTOR('',#14809,3.E-3);
#14811=CARTESIAN_POINT('',(1.8E-1,6.709069308896E-2,5.E-3));
#14812=LINE('',#14811,#14810);
#14813=DIRECTION('',(0.E0,0.E0,-1.E0));
#14814=VECTOR('',#14813,3.E-3);
#14815=CARTESIAN_POINT('',(1.1E-1,1.3E-1,5.E-3));
#14816=LINE('',#14815,#14814);
#14817=DIRECTION('',(0.E0,0.E0,-1.E0));
#14818=VECTOR('',#14817,3.E-3);
#14819=CARTESIAN_POINT('',(1.3E-1,1.2E-1,5.E-3));
#14820=LINE('',#14819,#14818);
#14821=DIRECTION('',(0.E0,0.E0,1.E0));
#14822=VECTOR('',#14821,3.E-3);
#14823=CARTESIAN_POINT('',(1.1E-1,1.2E-1,2.E-3));
#14824=LINE('',#14823,#14822);
#14825=DIRECTION('',(0.E0,1.E0,0.E0));
#14826=VECTOR('',#14825,2.E-2);
#14827=CARTESIAN_POINT('',(1.3E-1,1.2E-1,5.E-3));
#14828=LINE('',#14827,#14826);
#14829=DIRECTION('',(0.E0,0.E0,-1.E0));
#14830=VECTOR('',#14829,3.E-3);
#14831=CARTESIAN_POINT('',(1.3E-1,1.4E-1,5.E-3));
#14832=LINE('',#14831,#14830);
#14833=DIRECTION('',(0.E0,-1.E0,0.E0));
#14834=VECTOR('',#14833,2.E-2);
#14835=CARTESIAN_POINT('',(1.3E-1,1.4E-1,2.E-3));
#14836=LINE('',#14835,#14834);
#14837=DIRECTION('',(0.E0,0.E0,-1.E0));
#14838=VECTOR('',#14837,3.E-3);
#14839=CARTESIAN_POINT('',(1.2E-1,1.4E-1,5.E-3));
#14840=LINE('',#14839,#14838);
#14841=DIRECTION('',(0.E0,0.E0,-1.E0));
#14842=VECTOR('',#14841,3.E-3);
#14843=CARTESIAN_POINT('',(1.2E-1,1.3E-1,5.E-3));
#14844=LINE('',#14843,#14842);
#14845=CARTESIAN_POINT('',(6.2E-2,0.E0,0.E0));
#14846=CARTESIAN_POINT('',(1.38E-1,0.E0,0.E0));
#14847=VERTEX_POINT('',#14845);
#14848=VERTEX_POINT('',#14846);
#14849=CARTESIAN_POINT('',(2.E-1,6.2E-2,0.E0));
#14850=VERTEX_POINT('',#14849);
#14851=CARTESIAN_POINT('',(2.E-1,1.38E-1,0.E0));
#14852=VERTEX_POINT('',#14851);
#14853=CARTESIAN_POINT('',(1.38E-1,2.E-1,0.E0));
#14854=VERTEX_POINT('',#14853);
#14855=CARTESIAN_POINT('',(6.2E-2,2.E-1,0.E0));
#14856=VERTEX_POINT('',#14855);
#14857=CARTESIAN_POINT('',(0.E0,1.38E-1,0.E0));
#14858=VERTEX_POINT('',#14857);
#14859=CARTESIAN_POINT('',(0.E0,6.2E-2,0.E0));
#14860=VERTEX_POINT('',#14859);
#14861=CARTESIAN_POINT('',(6.2E-2,0.E0,5.E-3));
#14862=CARTESIAN_POINT('',(1.38E-1,0.E0,5.E-3));
#14863=VERTEX_POINT('',#14861);
#14864=VERTEX_POINT('',#14862);
#14865=CARTESIAN_POINT('',(2.E-1,6.2E-2,5.E-3));
#14866=VERTEX_POINT('',#14865);
#14867=CARTESIAN_POINT('',(2.E-1,1.38E-1,5.E-3));
#14868=VERTEX_POINT('',#14867);
#14869=CARTESIAN_POINT('',(1.38E-1,2.E-1,5.E-3));
#14870=VERTEX_POINT('',#14869);
#14871=CARTESIAN_POINT('',(6.2E-2,2.E-1,5.E-3));
#14872=VERTEX_POINT('',#14871);
#14873=CARTESIAN_POINT('',(0.E0,1.38E-1,5.E-3));
#14874=VERTEX_POINT('',#14873);
#14875=CARTESIAN_POINT('',(0.E0,6.2E-2,5.E-3));
#14876=VERTEX_POINT('',#14875);
#14877=CARTESIAN_POINT('',(3.75E-2,1.E-1,2.E-3));
#14878=CARTESIAN_POINT('',(1.25E-2,1.E-1,2.E-3));
#14879=VERTEX_POINT('',#14877);
#14880=VERTEX_POINT('',#14878);
#14881=CARTESIAN_POINT('',(3.75E-2,1.E-1,5.E-3));
#14882=CARTESIAN_POINT('',(1.25E-2,1.E-1,5.E-3));
#14883=VERTEX_POINT('',#14881);
#14884=VERTEX_POINT('',#14882);
#14885=CARTESIAN_POINT('',(1.8E-1,4.E-2,2.E-3));
#14886=CARTESIAN_POINT('',(1.8E-1,5.E-2,2.E-3));
#14887=VERTEX_POINT('',#14885);
#14888=VERTEX_POINT('',#14886);
#14889=CARTESIAN_POINT('',(6.E-2,1.7E-1,2.E-3));
#14890=CARTESIAN_POINT('',(5.E-2,1.7E-1,2.E-3));
#14891=VERTEX_POINT('',#14889);
#14892=VERTEX_POINT('',#14890);
#14893=CARTESIAN_POINT('',(5.E-2,4.E-2,2.E-3));
#14894=VERTEX_POINT('',#14893);
#14895=CARTESIAN_POINT('',(1.8E-1,4.E-2,5.E-3));
#14896=CARTESIAN_POINT('',(1.8E-1,5.E-2,5.E-3));
#14897=VERTEX_POINT('',#14895);
#14898=VERTEX_POINT('',#14896);
#14899=CARTESIAN_POINT('',(6.E-2,1.7E-1,5.E-3));
#14900=CARTESIAN_POINT('',(5.E-2,1.7E-1,5.E-3));
#14901=VERTEX_POINT('',#14899);
#14902=VERTEX_POINT('',#14900);
#14903=CARTESIAN_POINT('',(5.E-2,4.E-2,5.E-3));
#14904=VERTEX_POINT('',#14903);
#14905=CARTESIAN_POINT('',(1.8E-1,1.7E-1,2.E-3));
#14906=CARTESIAN_POINT('',(1.7E-1,1.7E-1,2.E-3));
#14907=VERTEX_POINT('',#14905);
#14908=VERTEX_POINT('',#14906);
#14909=CARTESIAN_POINT('',(1.7E-1,1.6E-1,2.E-3));
#14910=VERTEX_POINT('',#14909);
#14911=CARTESIAN_POINT('',(1.8E-1,1.6E-1,2.E-3));
#14912=VERTEX_POINT('',#14911);
#14913=CARTESIAN_POINT('',(1.6E-1,1.7E-1,2.E-3));
#14914=CARTESIAN_POINT('',(1.5E-1,1.7E-1,2.E-3));
#14915=VERTEX_POINT('',#14913);
#14916=VERTEX_POINT('',#14914);
#14917=CARTESIAN_POINT('',(1.6E-1,1.6E-1,2.E-3));
#14918=VERTEX_POINT('',#14917);
#14919=CARTESIAN_POINT('',(1.4E-1,1.7E-1,2.E-3));
#14920=CARTESIAN_POINT('',(1.3E-1,1.7E-1,2.E-3));
#14921=VERTEX_POINT('',#14919);
#14922=VERTEX_POINT('',#14920);
#14923=CARTESIAN_POINT('',(1.2E-1,1.7E-1,2.E-3));
#14924=CARTESIAN_POINT('',(1.1E-1,1.7E-1,2.E-3));
#14925=VERTEX_POINT('',#14923);
#14926=VERTEX_POINT('',#14924);
#14927=CARTESIAN_POINT('',(1.E-1,1.7E-1,2.E-3));
#14928=CARTESIAN_POINT('',(9.E-2,1.7E-1,2.E-3));
#14929=VERTEX_POINT('',#14927);
#14930=VERTEX_POINT('',#14928);
#14931=CARTESIAN_POINT('',(8.E-2,1.7E-1,2.E-3));
#14932=CARTESIAN_POINT('',(7.E-2,1.7E-1,2.E-3));
#14933=VERTEX_POINT('',#14931);
#14934=VERTEX_POINT('',#14932);
#14935=CARTESIAN_POINT('',(7.E-2,1.6E-1,2.E-3));
#14936=VERTEX_POINT('',#14935);
#14937=CARTESIAN_POINT('',(1.8E-1,1.7E-1,5.E-3));
#14938=CARTESIAN_POINT('',(1.7E-1,1.7E-1,5.E-3));
#14939=VERTEX_POINT('',#14937);
#14940=VERTEX_POINT('',#14938);
#14941=CARTESIAN_POINT('',(1.7E-1,1.6E-1,5.E-3));
#14942=VERTEX_POINT('',#14941);
#14943=CARTESIAN_POINT('',(1.8E-1,1.6E-1,5.E-3));
#14944=VERTEX_POINT('',#14943);
#14945=CARTESIAN_POINT('',(1.6E-1,1.7E-1,5.E-3));
#14946=CARTESIAN_POINT('',(1.5E-1,1.7E-1,5.E-3));
#14947=VERTEX_POINT('',#14945);
#14948=VERTEX_POINT('',#14946);
#14949=CARTESIAN_POINT('',(1.6E-1,1.6E-1,5.E-3));
#14950=VERTEX_POINT('',#14949);
#14951=CARTESIAN_POINT('',(1.4E-1,1.7E-1,5.E-3));
#14952=CARTESIAN_POINT('',(1.3E-1,1.7E-1,5.E-3));
#14953=VERTEX_POINT('',#14951);
#14954=VERTEX_POINT('',#14952);
#14955=CARTESIAN_POINT('',(1.2E-1,1.7E-1,5.E-3));
#14956=CARTESIAN_POINT('',(1.1E-1,1.7E-1,5.E-3));
#14957=VERTEX_POINT('',#14955);
#14958=VERTEX_POINT('',#14956);
#14959=CARTESIAN_POINT('',(1.E-1,1.7E-1,5.E-3));
#14960=CARTESIAN_POINT('',(9.E-2,1.7E-1,5.E-3));
#14961=VERTEX_POINT('',#14959);
#14962=VERTEX_POINT('',#14960);
#14963=CARTESIAN_POINT('',(8.E-2,1.7E-1,5.E-3));
#14964=CARTESIAN_POINT('',(7.E-2,1.7E-1,5.E-3));
#14965=VERTEX_POINT('',#14963);
#14966=VERTEX_POINT('',#14964);
#14967=CARTESIAN_POINT('',(7.E-2,1.6E-1,5.E-3));
#14968=VERTEX_POINT('',#14967);
#14969=CARTESIAN_POINT('',(1.1E-1,1.6E-1,5.E-3));
#14970=CARTESIAN_POINT('',(1.E-1,1.6E-1,5.E-3));
#14971=VERTEX_POINT('',#14969);
#14972=VERTEX_POINT('',#14970);
#14973=CARTESIAN_POINT('',(9.E-2,1.6E-1,5.E-3));
#14974=CARTESIAN_POINT('',(8.E-2,1.6E-1,5.E-3));
#14975=VERTEX_POINT('',#14973);
#14976=VERTEX_POINT('',#14974);
#14977=CARTESIAN_POINT('',(1.1E-1,1.6E-1,2.E-3));
#14978=VERTEX_POINT('',#14977);
#14979=CARTESIAN_POINT('',(1.1E-1,1.6E-1,5.E-3));
#14980=VERTEX_POINT('',#14979);
#14981=CARTESIAN_POINT('',(9.E-2,1.6E-1,2.E-3));
#14982=VERTEX_POINT('',#14981);
#14983=CARTESIAN_POINT('',(1.E-1,1.6E-1,2.E-3));
#14984=VERTEX_POINT('',#14983);
#14985=CARTESIAN_POINT('',(8.E-2,1.6E-1,2.E-3));
#14986=CARTESIAN_POINT('',(8.E-2,1.6E-1,5.E-3));
#14987=VERTEX_POINT('',#14985);
#14988=VERTEX_POINT('',#14986);
#14989=CARTESIAN_POINT('',(1.6E-1,1.5E-1,2.E-3));
#14990=CARTESIAN_POINT('',(1.6E-1,1.3E-1,2.E-3));
#14991=VERTEX_POINT('',#14989);
#14992=VERTEX_POINT('',#14990);
#14993=CARTESIAN_POINT('',(1.6E-1,1.E-1,2.E-3));
#14994=CARTESIAN_POINT('',(1.8E-1,1.E-1,2.E-3));
#14995=VERTEX_POINT('',#14993);
#14996=VERTEX_POINT('',#14994);
#14997=CARTESIAN_POINT('',(1.8E-1,1.1E-1,2.E-3));
#14998=VERTEX_POINT('',#14997);
#14999=CARTESIAN_POINT('',(1.7E-1,1.1E-1,2.E-3));
#15000=VERTEX_POINT('',#14999);
#15001=CARTESIAN_POINT('',(1.7E-1,1.2E-1,2.E-3));
#15002=VERTEX_POINT('',#15001);
#15003=CARTESIAN_POINT('',(1.8E-1,1.2E-1,2.E-3));
#15004=VERTEX_POINT('',#15003);
#15005=CARTESIAN_POINT('',(1.8E-1,1.3E-1,2.E-3));
#15006=VERTEX_POINT('',#15005);
#15007=CARTESIAN_POINT('',(1.7E-1,1.3E-1,2.E-3));
#15008=VERTEX_POINT('',#15007);
#15009=CARTESIAN_POINT('',(1.7E-1,1.4E-1,2.E-3));
#15010=VERTEX_POINT('',#15009);
#15011=CARTESIAN_POINT('',(1.8E-1,1.4E-1,2.E-3));
#15012=VERTEX_POINT('',#15011);
#15013=CARTESIAN_POINT('',(1.8E-1,1.5E-1,2.E-3));
#15014=VERTEX_POINT('',#15013);
#15015=CARTESIAN_POINT('',(1.6E-1,1.5E-1,5.E-3));
#15016=CARTESIAN_POINT('',(1.6E-1,1.3E-1,5.E-3));
#15017=VERTEX_POINT('',#15015);
#15018=VERTEX_POINT('',#15016);
#15019=CARTESIAN_POINT('',(1.6E-1,1.E-1,5.E-3));
#15020=CARTESIAN_POINT('',(1.8E-1,1.E-1,5.E-3));
#15021=VERTEX_POINT('',#15019);
#15022=VERTEX_POINT('',#15020);
#15023=CARTESIAN_POINT('',(1.8E-1,1.1E-1,5.E-3));
#15024=VERTEX_POINT('',#15023);
#15025=CARTESIAN_POINT('',(1.7E-1,1.1E-1,5.E-3));
#15026=VERTEX_POINT('',#15025);
#15027=CARTESIAN_POINT('',(1.7E-1,1.2E-1,5.E-3));
#15028=VERTEX_POINT('',#15027);
#15029=CARTESIAN_POINT('',(1.8E-1,1.2E-1,5.E-3));
#15030=VERTEX_POINT('',#15029);
#15031=CARTESIAN_POINT('',(1.8E-1,1.3E-1,5.E-3));
#15032=VERTEX_POINT('',#15031);
#15033=CARTESIAN_POINT('',(1.7E-1,1.3E-1,5.E-3));
#15034=VERTEX_POINT('',#15033);
#15035=CARTESIAN_POINT('',(1.7E-1,1.4E-1,5.E-3));
#15036=VERTEX_POINT('',#15035);
#15037=CARTESIAN_POINT('',(1.8E-1,1.4E-1,5.E-3));
#15038=VERTEX_POINT('',#15037);
#15039=CARTESIAN_POINT('',(1.8E-1,1.5E-1,5.E-3));
#15040=VERTEX_POINT('',#15039);
#15041=CARTESIAN_POINT('',(1.E-1,1.1E-1,2.E-3));
#15042=CARTESIAN_POINT('',(8.E-2,1.1E-1,2.E-3));
#15043=VERTEX_POINT('',#15041);
#15044=VERTEX_POINT('',#15042);
#15045=CARTESIAN_POINT('',(8.E-2,1.E-1,2.E-3));
#15046=VERTEX_POINT('',#15045);
#15047=CARTESIAN_POINT('',(9.E-2,1.E-1,2.E-3));
#15048=VERTEX_POINT('',#15047);
#15049=CARTESIAN_POINT('',(1.E-1,9.E-2,2.E-3));
#15050=CARTESIAN_POINT('',(1.E-1,1.E-1,2.E-3));
#15051=VERTEX_POINT('',#15049);
#15052=VERTEX_POINT('',#15050);
#15053=CARTESIAN_POINT('',(1.1E-1,1.E-1,2.E-3));
#15054=VERTEX_POINT('',#15053);
#15055=CARTESIAN_POINT('',(1.3E-1,7.9E-2,2.E-3));
#15056=CARTESIAN_POINT('',(1.3E-1,6.9E-2,2.E-3));
#15057=VERTEX_POINT('',#15055);
#15058=VERTEX_POINT('',#15056);
#15059=CARTESIAN_POINT('',(1.21E-1,6.9E-2,2.E-3));
#15060=VERTEX_POINT('',#15059);
#15061=CARTESIAN_POINT('',(1.21E-1,5.9E-2,2.E-3));
#15062=VERTEX_POINT('',#15061);
#15063=CARTESIAN_POINT('',(1.51E-1,1.1E-1,2.E-3));
#15064=CARTESIAN_POINT('',(1.51E-1,1.2E-1,2.E-3));
#15065=VERTEX_POINT('',#15063);
#15066=VERTEX_POINT('',#15064);
#15067=CARTESIAN_POINT('',(1.6E-1,1.2E-1,2.E-3));
#15068=VERTEX_POINT('',#15067);
#15069=CARTESIAN_POINT('',(1.E-1,1.1E-1,5.E-3));
#15070=CARTESIAN_POINT('',(8.E-2,1.1E-1,5.E-3));
#15071=VERTEX_POINT('',#15069);
#15072=VERTEX_POINT('',#15070);
#15073=CARTESIAN_POINT('',(8.E-2,1.E-1,5.E-3));
#15074=VERTEX_POINT('',#15073);
#15075=CARTESIAN_POINT('',(9.E-2,1.E-1,5.E-3));
#15076=VERTEX_POINT('',#15075);
#15077=CARTESIAN_POINT('',(1.E-1,9.E-2,5.E-3));
#15078=CARTESIAN_POINT('',(1.E-1,1.E-1,5.E-3));
#15079=VERTEX_POINT('',#15077);
#15080=VERTEX_POINT('',#15078);
#15081=CARTESIAN_POINT('',(1.1E-1,1.E-1,5.E-3));
#15082=VERTEX_POINT('',#15081);
#15083=CARTESIAN_POINT('',(1.3E-1,7.9E-2,5.E-3));
#15084=CARTESIAN_POINT('',(1.3E-1,6.9E-2,5.E-3));
#15085=VERTEX_POINT('',#15083);
#15086=VERTEX_POINT('',#15084);
#15087=CARTESIAN_POINT('',(1.21E-1,6.9E-2,5.E-3));
#15088=VERTEX_POINT('',#15087);
#15089=CARTESIAN_POINT('',(1.21E-1,5.9E-2,5.E-3));
#15090=VERTEX_POINT('',#15089);
#15091=CARTESIAN_POINT('',(9.E-2,6.9E-2,5.E-3));
#15092=CARTESIAN_POINT('',(9.E-2,5.E-2,5.E-3));
#15093=VERTEX_POINT('',#15091);
#15094=VERTEX_POINT('',#15092);
#15095=CARTESIAN_POINT('',(1.51E-1,1.1E-1,5.E-3));
#15096=CARTESIAN_POINT('',(1.51E-1,1.2E-1,5.E-3));
#15097=VERTEX_POINT('',#15095);
#15098=VERTEX_POINT('',#15096);
#15099=CARTESIAN_POINT('',(1.6E-1,1.2E-1,5.E-3));
#15100=VERTEX_POINT('',#15099);
#15101=CARTESIAN_POINT('',(9.E-2,5.E-2,2.E-3));
#15102=VERTEX_POINT('',#15101);
#15103=CARTESIAN_POINT('',(1.4E-1,5.E-2,2.E-3));
#15104=CARTESIAN_POINT('',(1.4E-1,5.E-2,5.E-3));
#15105=VERTEX_POINT('',#15103);
#15106=VERTEX_POINT('',#15104);
#15107=CARTESIAN_POINT('',(9.E-2,6.9E-2,2.E-3));
#15108=VERTEX_POINT('',#15107);
#15109=CARTESIAN_POINT('',(1.3E-1,1.2E-1,5.E-3));
#15110=CARTESIAN_POINT('',(1.3E-1,1.2E-1,2.E-3));
#15111=VERTEX_POINT('',#15109);
#15112=VERTEX_POINT('',#15110);
#15113=CARTESIAN_POINT('',(1.E-1,5.9E-2,5.E-3));
#15114=CARTESIAN_POINT('',(1.E-1,5.9E-2,2.E-3));
#15115=VERTEX_POINT('',#15113);
#15116=VERTEX_POINT('',#15114);
#15117=CARTESIAN_POINT('',(1.21E-1,9.E-2,5.E-3));
#15118=CARTESIAN_POINT('',(1.21E-1,9.E-2,2.E-3));
#15119=VERTEX_POINT('',#15117);
#15120=VERTEX_POINT('',#15118);
#15121=CARTESIAN_POINT('',(1.8E-1,5.809069308896E-2,2.E-3));
#15122=CARTESIAN_POINT('',(1.8E-1,6.709069308896E-2,2.E-3));
#15123=VERTEX_POINT('',#15121);
#15124=VERTEX_POINT('',#15122);
#15125=CARTESIAN_POINT('',(1.7E-1,6.709069308896E-2,2.E-3));
#15126=VERTEX_POINT('',#15125);
#15127=CARTESIAN_POINT('',(1.7E-1,7.609069308896E-2,2.E-3));
#15128=VERTEX_POINT('',#15127);
#15129=CARTESIAN_POINT('',(1.6E-1,7.609069308896E-2,2.E-3));
#15130=VERTEX_POINT('',#15129);
#15131=CARTESIAN_POINT('',(1.6E-1,6.709069308896E-2,2.E-3));
#15132=VERTEX_POINT('',#15131);
#15133=CARTESIAN_POINT('',(1.51E-1,6.709069308896E-2,2.E-3));
#15134=VERTEX_POINT('',#15133);
#15135=CARTESIAN_POINT('',(1.51E-1,5.809069308896E-2,2.E-3));
#15136=VERTEX_POINT('',#15135);
#15137=CARTESIAN_POINT('',(9.E-2,1.2E-1,2.E-3));
#15138=CARTESIAN_POINT('',(9.E-2,1.3E-1,2.E-3));
#15139=VERTEX_POINT('',#15137);
#15140=VERTEX_POINT('',#15138);
#15141=CARTESIAN_POINT('',(8.E-2,1.3E-1,2.E-3));
#15142=VERTEX_POINT('',#15141);
#15143=CARTESIAN_POINT('',(1.8E-1,5.809069308896E-2,5.E-3));
#15144=CARTESIAN_POINT('',(1.8E-1,6.709069308896E-2,5.E-3));
#15145=VERTEX_POINT('',#15143);
#15146=VERTEX_POINT('',#15144);
#15147=CARTESIAN_POINT('',(1.7E-1,6.709069308896E-2,5.E-3));
#15148=VERTEX_POINT('',#15147);
#15149=CARTESIAN_POINT('',(1.7E-1,7.609069308896E-2,5.E-3));
#15150=VERTEX_POINT('',#15149);
#15151=CARTESIAN_POINT('',(1.6E-1,7.609069308896E-2,5.E-3));
#15152=VERTEX_POINT('',#15151);
#15153=CARTESIAN_POINT('',(1.6E-1,6.709069308896E-2,5.E-3));
#15154=VERTEX_POINT('',#15153);
#15155=CARTESIAN_POINT('',(1.51E-1,6.709069308896E-2,5.E-3));
#15156=VERTEX_POINT('',#15155);
#15157=CARTESIAN_POINT('',(1.51E-1,5.809069308896E-2,5.E-3));
#15158=VERTEX_POINT('',#15157);
#15159=CARTESIAN_POINT('',(6.E-2,1.2E-1,5.E-3));
#15160=CARTESIAN_POINT('',(9.E-2,1.2E-1,5.E-3));
#15161=VERTEX_POINT('',#15159);
#15162=VERTEX_POINT('',#15160);
#15163=CARTESIAN_POINT('',(9.E-2,1.3E-1,5.E-3));
#15164=VERTEX_POINT('',#15163);
#15165=CARTESIAN_POINT('',(8.E-2,1.3E-1,5.E-3));
#15166=VERTEX_POINT('',#15165);
#15167=CARTESIAN_POINT('',(6.E-2,1.4E-1,2.E-3));
#15168=CARTESIAN_POINT('',(6.E-2,1.4E-1,5.E-3));
#15169=VERTEX_POINT('',#15167);
#15170=VERTEX_POINT('',#15168);
#15171=CARTESIAN_POINT('',(6.E-2,1.2E-1,2.E-3));
#15172=VERTEX_POINT('',#15171);
#15173=CARTESIAN_POINT('',(1.4E-1,1.5E-1,2.E-3));
#15174=CARTESIAN_POINT('',(1.3E-1,1.5E-1,2.E-3));
#15175=VERTEX_POINT('',#15173);
#15176=VERTEX_POINT('',#15174);
#15177=CARTESIAN_POINT('',(1.1E-1,1.4E-1,2.E-3));
#15178=CARTESIAN_POINT('',(1.E-1,1.4E-1,2.E-3));
#15179=VERTEX_POINT('',#15177);
#15180=VERTEX_POINT('',#15178);
#15181=CARTESIAN_POINT('',(1.2E-1,1.3E-1,2.E-3));
#15182=CARTESIAN_POINT('',(1.2E-1,1.4E-1,2.E-3));
#15183=VERTEX_POINT('',#15181);
#15184=VERTEX_POINT('',#15182);
#15185=CARTESIAN_POINT('',(1.3E-1,1.4E-1,2.E-3));
#15186=VERTEX_POINT('',#15185);
#15187=CARTESIAN_POINT('',(1.4E-1,1.4E-1,2.E-3));
#15188=CARTESIAN_POINT('',(1.5E-1,1.4E-1,2.E-3));
#15189=VERTEX_POINT('',#15187);
#15190=VERTEX_POINT('',#15188);
#15191=CARTESIAN_POINT('',(8.E-2,5.9E-2,2.E-3));
#15192=CARTESIAN_POINT('',(8.E-2,6.9E-2,2.E-3));
#15193=VERTEX_POINT('',#15191);
#15194=VERTEX_POINT('',#15192);
#15195=CARTESIAN_POINT('',(8.E-2,9.E-2,2.E-3));
#15196=CARTESIAN_POINT('',(8.E-2,7.9E-2,2.E-3));
#15197=VERTEX_POINT('',#15195);
#15198=VERTEX_POINT('',#15196);
#15199=CARTESIAN_POINT('',(9.E-2,7.9E-2,2.E-3));
#15200=VERTEX_POINT('',#15199);
#15201=CARTESIAN_POINT('',(1.5E-1,7.9E-2,2.E-3));
#15202=CARTESIAN_POINT('',(1.6E-1,7.9E-2,2.E-3));
#15203=VERTEX_POINT('',#15201);
#15204=VERTEX_POINT('',#15202);
#15205=CARTESIAN_POINT('',(1.6E-1,9.E-2,2.E-3));
#15206=VERTEX_POINT('',#15205);
#15207=CARTESIAN_POINT('',(1.7E-1,9.E-2,2.E-3));
#15208=CARTESIAN_POINT('',(1.7E-1,7.9E-2,2.E-3));
#15209=VERTEX_POINT('',#15207);
#15210=VERTEX_POINT('',#15208);
#15211=CARTESIAN_POINT('',(1.8E-1,7.9E-2,2.E-3));
#15212=VERTEX_POINT('',#15211);
#15213=CARTESIAN_POINT('',(1.8E-1,9.E-2,2.E-3));
#15214=VERTEX_POINT('',#15213);
#15215=CARTESIAN_POINT('',(1.5E-1,1.6E-1,5.E-3));
#15216=CARTESIAN_POINT('',(1.4E-1,1.6E-1,5.E-3));
#15217=VERTEX_POINT('',#15215);
#15218=VERTEX_POINT('',#15216);
#15219=CARTESIAN_POINT('',(1.4E-1,1.6E-1,5.E-3));
#15220=CARTESIAN_POINT('',(1.4E-1,1.5E-1,5.E-3));
#15221=VERTEX_POINT('',#15219);
#15222=VERTEX_POINT('',#15220);
#15223=CARTESIAN_POINT('',(1.3E-1,1.5E-1,5.E-3));
#15224=VERTEX_POINT('',#15223);
#15225=CARTESIAN_POINT('',(1.3E-1,1.6E-1,5.E-3));
#15226=VERTEX_POINT('',#15225);
#15227=CARTESIAN_POINT('',(1.3E-1,1.6E-1,5.E-3));
#15228=CARTESIAN_POINT('',(1.2E-1,1.6E-1,5.E-3));
#15229=VERTEX_POINT('',#15227);
#15230=VERTEX_POINT('',#15228);
#15231=CARTESIAN_POINT('',(1.2E-1,1.6E-1,5.E-3));
#15232=CARTESIAN_POINT('',(1.2E-1,1.5E-1,5.E-3));
#15233=VERTEX_POINT('',#15231);
#15234=VERTEX_POINT('',#15232);
#15235=CARTESIAN_POINT('',(1.1E-1,1.5E-1,5.E-3));
#15236=VERTEX_POINT('',#15235);
#15237=CARTESIAN_POINT('',(1.1E-1,1.5E-1,5.E-3));
#15238=CARTESIAN_POINT('',(1.1E-1,1.4E-1,5.E-3));
#15239=VERTEX_POINT('',#15237);
#15240=VERTEX_POINT('',#15238);
#15241=CARTESIAN_POINT('',(1.E-1,1.4E-1,5.E-3));
#15242=VERTEX_POINT('',#15241);
#15243=CARTESIAN_POINT('',(1.2E-1,1.3E-1,5.E-3));
#15244=CARTESIAN_POINT('',(1.2E-1,1.4E-1,5.E-3));
#15245=VERTEX_POINT('',#15243);
#15246=VERTEX_POINT('',#15244);
#15247=CARTESIAN_POINT('',(1.3E-1,1.4E-1,5.E-3));
#15248=VERTEX_POINT('',#15247);
#15249=CARTESIAN_POINT('',(1.4E-1,1.3E-1,5.E-3));
#15250=CARTESIAN_POINT('',(1.4E-1,1.4E-1,5.E-3));
#15251=VERTEX_POINT('',#15249);
#15252=VERTEX_POINT('',#15250);
#15253=CARTESIAN_POINT('',(1.5E-1,1.4E-1,5.E-3));
#15254=VERTEX_POINT('',#15253);
#15255=CARTESIAN_POINT('',(1.5E-1,1.6E-1,5.E-3));
#15256=VERTEX_POINT('',#15255);
#15257=CARTESIAN_POINT('',(7.E-2,1.1E-1,5.E-3));
#15258=CARTESIAN_POINT('',(6.E-2,1.1E-1,5.E-3));
#15259=VERTEX_POINT('',#15257);
#15260=VERTEX_POINT('',#15258);
#15261=CARTESIAN_POINT('',(8.E-2,5.9E-2,5.E-3));
#15262=CARTESIAN_POINT('',(8.E-2,6.9E-2,5.E-3));
#15263=VERTEX_POINT('',#15261);
#15264=VERTEX_POINT('',#15262);
#15265=CARTESIAN_POINT('',(9.E-2,7.9E-2,5.E-3));
#15266=CARTESIAN_POINT('',(9.E-2,9.E-2,5.E-3));
#15267=VERTEX_POINT('',#15265);
#15268=VERTEX_POINT('',#15266);
#15269=CARTESIAN_POINT('',(9.E-2,9.E-2,5.E-3));
#15270=CARTESIAN_POINT('',(8.E-2,9.E-2,5.E-3));
#15271=VERTEX_POINT('',#15269);
#15272=VERTEX_POINT('',#15270);
#15273=CARTESIAN_POINT('',(8.E-2,7.9E-2,5.E-3));
#15274=VERTEX_POINT('',#15273);
#15275=CARTESIAN_POINT('',(1.5E-1,7.9E-2,5.E-3));
#15276=CARTESIAN_POINT('',(1.6E-1,7.9E-2,5.E-3));
#15277=VERTEX_POINT('',#15275);
#15278=VERTEX_POINT('',#15276);
#15279=CARTESIAN_POINT('',(1.6E-1,9.E-2,5.E-3));
#15280=VERTEX_POINT('',#15279);
#15281=CARTESIAN_POINT('',(1.7E-1,9.E-2,5.E-3));
#15282=CARTESIAN_POINT('',(1.7E-1,7.9E-2,5.E-3));
#15283=VERTEX_POINT('',#15281);
#15284=VERTEX_POINT('',#15282);
#15285=CARTESIAN_POINT('',(1.8E-1,7.9E-2,5.E-3));
#15286=VERTEX_POINT('',#15285);
#15287=CARTESIAN_POINT('',(1.8E-1,9.E-2,5.E-3));
#15288=VERTEX_POINT('',#15287);
#15289=CARTESIAN_POINT('',(1.21E-1,1.E-1,5.E-3));
#15290=CARTESIAN_POINT('',(1.3E-1,1.E-1,5.E-3));
#15291=VERTEX_POINT('',#15289);
#15292=VERTEX_POINT('',#15290);
#15293=CARTESIAN_POINT('',(1.3E-1,1.1E-1,5.E-3));
#15294=VERTEX_POINT('',#15293);
#15295=CARTESIAN_POINT('',(1.1E-1,7.9E-2,5.E-3));
#15296=CARTESIAN_POINT('',(1.E-1,7.9E-2,5.E-3));
#15297=VERTEX_POINT('',#15295);
#15298=VERTEX_POINT('',#15296);
#15299=CARTESIAN_POINT('',(1.E-1,6.9E-2,5.E-3));
#15300=VERTEX_POINT('',#15299);
#15301=CARTESIAN_POINT('',(1.E-1,6.9E-2,5.E-3));
#15302=CARTESIAN_POINT('',(1.1E-1,6.9E-2,5.E-3));
#15303=VERTEX_POINT('',#15301);
#15304=VERTEX_POINT('',#15302);
#15305=CARTESIAN_POINT('',(1.1E-1,7.9E-2,5.E-3));
#15306=VERTEX_POINT('',#15305);
#15307=CARTESIAN_POINT('',(1.2E-1,1.5E-1,2.E-3));
#15308=VERTEX_POINT('',#15307);
#15309=CARTESIAN_POINT('',(7.E-2,1.1E-1,2.E-3));
#15310=VERTEX_POINT('',#15309);
#15311=CARTESIAN_POINT('',(1.3E-1,1.E-1,2.E-3));
#15312=VERTEX_POINT('',#15311);
#15313=CARTESIAN_POINT('',(1.E-1,7.9E-2,2.E-3));
#15314=VERTEX_POINT('',#15313);
#15315=CARTESIAN_POINT('',(1.1E-1,6.9E-2,2.E-3));
#15316=VERTEX_POINT('',#15315);
#15317=CARTESIAN_POINT('',(1.5E-1,1.E-1,2.E-3));
#15318=CARTESIAN_POINT('',(1.4E-1,1.E-1,2.E-3));
#15319=VERTEX_POINT('',#15317);
#15320=VERTEX_POINT('',#15318);
#15321=CARTESIAN_POINT('',(7.E-2,1.5E-1,5.E-3));
#15322=CARTESIAN_POINT('',(7.E-2,1.4E-1,5.E-3));
#15323=VERTEX_POINT('',#15321);
#15324=VERTEX_POINT('',#15322);
#15325=CARTESIAN_POINT('',(8.E-2,1.5E-1,5.E-3));
#15326=VERTEX_POINT('',#15325);
#15327=CARTESIAN_POINT('',(1.4E-1,1.E-1,5.E-3));
#15328=CARTESIAN_POINT('',(1.4E-1,9.E-2,5.E-3));
#15329=VERTEX_POINT('',#15327);
#15330=VERTEX_POINT('',#15328);
#15331=CARTESIAN_POINT('',(1.4E-1,9.E-2,5.E-3));
#15332=CARTESIAN_POINT('',(1.5E-1,9.E-2,5.E-3));
#15333=VERTEX_POINT('',#15331);
#15334=VERTEX_POINT('',#15332);
#15335=CARTESIAN_POINT('',(1.5E-1,9.E-2,5.E-3));
#15336=CARTESIAN_POINT('',(1.5E-1,1.E-1,5.E-3));
#15337=VERTEX_POINT('',#15335);
#15338=VERTEX_POINT('',#15336);
#15339=CARTESIAN_POINT('',(6.E-2,6.9E-2,5.E-3));
#15340=CARTESIAN_POINT('',(7.E-2,6.9E-2,5.E-3));
#15341=VERTEX_POINT('',#15339);
#15342=VERTEX_POINT('',#15340);
#15343=CARTESIAN_POINT('',(7.E-2,5.E-2,5.E-3));
#15344=CARTESIAN_POINT('',(7.E-2,5.9E-2,5.E-3));
#15345=VERTEX_POINT('',#15343);
#15346=VERTEX_POINT('',#15344);
#15347=CARTESIAN_POINT('',(7.E-2,5.9E-2,5.E-3));
#15348=CARTESIAN_POINT('',(6.E-2,5.9E-2,5.E-3));
#15349=VERTEX_POINT('',#15347);
#15350=VERTEX_POINT('',#15348);
#15351=CARTESIAN_POINT('',(1.1E-1,1.2E-1,5.E-3));
#15352=CARTESIAN_POINT('',(1.1E-1,1.3E-1,5.E-3));
#15353=VERTEX_POINT('',#15351);
#15354=VERTEX_POINT('',#15352);
#15355=CARTESIAN_POINT('',(1.1E-1,1.3E-1,2.E-3));
#15356=VERTEX_POINT('',#15355);
#15357=CARTESIAN_POINT('',(7.E-2,6.9E-2,2.E-3));
#15358=VERTEX_POINT('',#15357);
#15359=CARTESIAN_POINT('',(7.E-2,5.9E-2,2.E-3));
#15360=VERTEX_POINT('',#15359);
#15361=CARTESIAN_POINT('',(7.E-2,6.9E-2,5.E-3));
#15362=VERTEX_POINT('',#15361);
#15363=CARTESIAN_POINT('',(1.5E-1,9.E-2,2.E-3));
#15364=VERTEX_POINT('',#15363);
#15365=CARTESIAN_POINT('',(8.E-2,1.5E-1,5.E-3));
#15366=VERTEX_POINT('',#15365);
#15367=CARTESIAN_POINT('',(7.E-2,1.5E-1,2.E-3));
#15368=VERTEX_POINT('',#15367);
#15369=CARTESIAN_POINT('',(7.E-2,5.E-2,2.E-3));
#15370=VERTEX_POINT('',#15369);
#15371=CARTESIAN_POINT('',(6.E-2,6.9E-2,2.E-3));
#15372=VERTEX_POINT('',#15371);
#15373=CARTESIAN_POINT('',(6.E-2,5.9E-2,2.E-3));
#15374=VERTEX_POINT('',#15373);
#15375=CARTESIAN_POINT('',(8.E-2,1.5E-1,2.E-3));
#15376=VERTEX_POINT('',#15375);
#15377=CARTESIAN_POINT('',(1.1E-1,1.2E-1,2.E-3));
#15378=VERTEX_POINT('',#15377);
#15379=CARTESIAN_POINT('',(1.4E-1,9.E-2,2.E-3));
#15380=VERTEX_POINT('',#15379);
#15381=CARTESIAN_POINT('',(7.E-2,1.4E-1,2.E-3));
#15382=VERTEX_POINT('',#15381);
#15383=CARTESIAN_POINT('',(6.E-2,1.1E-1,2.E-3));
#15384=VERTEX_POINT('',#15383);
#15385=CARTESIAN_POINT('',(1.5E-1,1.6E-1,2.E-3));
#15386=VERTEX_POINT('',#15385);
#15387=CARTESIAN_POINT('',(1.3E-1,1.6E-1,2.E-3));
#15388=VERTEX_POINT('',#15387);
#15389=CARTESIAN_POINT('',(1.4E-1,1.6E-1,2.E-3));
#15390=VERTEX_POINT('',#15389);
#15391=CARTESIAN_POINT('',(1.2E-1,1.6E-1,2.E-3));
#15392=VERTEX_POINT('',#15391);
#15393=CARTESIAN_POINT('',(1.1E-1,1.5E-1,2.E-3));
#15394=VERTEX_POINT('',#15393);
#15395=CARTESIAN_POINT('',(1.4E-1,1.3E-1,2.E-3));
#15396=VERTEX_POINT('',#15395);
#15397=CARTESIAN_POINT('',(9.E-2,9.E-2,2.E-3));
#15398=VERTEX_POINT('',#15397);
#15399=CARTESIAN_POINT('',(1.1E-1,7.9E-2,2.E-3));
#15400=VERTEX_POINT('',#15399);
#15401=CARTESIAN_POINT('',(1.E-1,6.9E-2,2.E-3));
#15402=VERTEX_POINT('',#15401);
#15403=CARTESIAN_POINT('',(1.21E-1,1.E-1,2.E-3));
#15404=VERTEX_POINT('',#15403);
#15405=CARTESIAN_POINT('',(1.3E-1,1.1E-1,2.E-3));
#15406=VERTEX_POINT('',#15405);
#15407=CARTESIAN_POINT('',(0.E0,0.E0,0.E0));
#15408=DIRECTION('',(0.E0,0.E0,1.E0));
#15409=DIRECTION('',(1.E0,0.E0,0.E0));
#15410=AXIS2_PLACEMENT_3D('',#15407,#15408,#15409);
#15411=PLANE('',#15410);
#15413=ORIENTED_EDGE('',*,*,#15412,.T.);
#15415=ORIENTED_EDGE('',*,*,#15414,.T.);
#15417=ORIENTED_EDGE('',*,*,#15416,.T.);
#15419=ORIENTED_EDGE('',*,*,#15418,.T.);
#15421=ORIENTED_EDGE('',*,*,#15420,.T.);
#15423=ORIENTED_EDGE('',*,*,#15422,.T.);
#15425=ORIENTED_EDGE('',*,*,#15424,.T.);
#15427=ORIENTED_EDGE('',*,*,#15426,.T.);
#15428=EDGE_LOOP('',(#15413,#15415,#15417,#15419,#15421,#15423,#15425,#15427));
#15429=FACE_OUTER_BOUND('',#15428,.F.);
#15430=ADVANCED_FACE('',(#15429),#15411,.F.);
#15431=CARTESIAN_POINT('',(6.2E-2,0.E0,0.E0));
#15432=DIRECTION('',(0.E0,-1.E0,0.E0));
#15433=DIRECTION('',(1.E0,0.E0,0.E0));
#15434=AXIS2_PLACEMENT_3D('',#15431,#15432,#15433);
#15435=PLANE('',#15434);
#15436=ORIENTED_EDGE('',*,*,#15412,.F.);
#15438=ORIENTED_EDGE('',*,*,#15437,.T.);
#15440=ORIENTED_EDGE('',*,*,#15439,.T.);
#15442=ORIENTED_EDGE('',*,*,#15441,.F.);
#15443=EDGE_LOOP('',(#15436,#15438,#15440,#15442));
#15444=FACE_OUTER_BOUND('',#15443,.F.);
#15445=ADVANCED_FACE('',(#15444),#15435,.T.);
#15446=CARTESIAN_POINT('',(6.2E-2,6.2E-2,0.E0));
#15447=DIRECTION('',(0.E0,0.E0,1.E0));
#15448=DIRECTION('',(1.E0,0.E0,0.E0));
#15449=AXIS2_PLACEMENT_3D('',#15446,#15447,#15448);
#15450=CYLINDRICAL_SURFACE('',#15449,6.2E-2);
#15451=ORIENTED_EDGE('',*,*,#15426,.F.);
#15453=ORIENTED_EDGE('',*,*,#15452,.T.);
#15455=ORIENTED_EDGE('',*,*,#15454,.T.);
#15456=ORIENTED_EDGE('',*,*,#15437,.F.);
#15457=EDGE_LOOP('',(#15451,#15453,#15455,#15456));
#15458=FACE_OUTER_BOUND('',#15457,.F.);
#15459=ADVANCED_FACE('',(#15458),#15450,.T.);
#15460=CARTESIAN_POINT('',(0.E0,1.38E-1,0.E0));
#15461=DIRECTION('',(-1.E0,0.E0,0.E0));
#15462=DIRECTION('',(0.E0,-1.E0,0.E0));
#15463=AXIS2_PLACEMENT_3D('',#15460,#15461,#15462);
#15464=PLANE('',#15463);
#15465=ORIENTED_EDGE('',*,*,#15424,.F.);
#15467=ORIENTED_EDGE('',*,*,#15466,.T.);
#15469=ORIENTED_EDGE('',*,*,#15468,.T.);
#15470=ORIENTED_EDGE('',*,*,#15452,.F.);
#15471=EDGE_LOOP('',(#15465,#15467,#15469,#15470));
#15472=FACE_OUTER_BOUND('',#15471,.F.);
#15473=ADVANCED_FACE('',(#15472),#15464,.T.);
#15474=CARTESIAN_POINT('',(6.2E-2,1.38E-1,0.E0));
#15475=DIRECTION('',(0.E0,0.E0,1.E0));
#15476=DIRECTION('',(1.E0,0.E0,0.E0));
#15477=AXIS2_PLACEMENT_3D('',#15474,#15475,#15476);
#15478=CYLINDRICAL_SURFACE('',#15477,6.2E-2);
#15479=ORIENTED_EDGE('',*,*,#15422,.F.);
#15481=ORIENTED_EDGE('',*,*,#15480,.T.);
#15483=ORIENTED_EDGE('',*,*,#15482,.T.);
#15484=ORIENTED_EDGE('',*,*,#15466,.F.);
#15485=EDGE_LOOP('',(#15479,#15481,#15483,#15484));
#15486=FACE_OUTER_BOUND('',#15485,.F.);
#15487=ADVANCED_FACE('',(#15486),#15478,.T.);
#15488=CARTESIAN_POINT('',(1.38E-1,2.E-1,0.E0));
#15489=DIRECTION('',(0.E0,1.E0,0.E0));
#15490=DIRECTION('',(-1.E0,0.E0,0.E0));
#15491=AXIS2_PLACEMENT_3D('',#15488,#15489,#15490);
#15492=PLANE('',#15491);
#15493=ORIENTED_EDGE('',*,*,#15420,.F.);
#15495=ORIENTED_EDGE('',*,*,#15494,.T.);
#15497=ORIENTED_EDGE('',*,*,#15496,.T.);
#15498=ORIENTED_EDGE('',*,*,#15480,.F.);
#15499=EDGE_LOOP('',(#15493,#15495,#15497,#15498));
#15500=FACE_OUTER_BOUND('',#15499,.F.);
#15501=ADVANCED_FACE('',(#15500),#15492,.T.);
#15502=CARTESIAN_POINT('',(1.38E-1,1.38E-1,0.E0));
#15503=DIRECTION('',(0.E0,0.E0,1.E0));
#15504=DIRECTION('',(1.E0,0.E0,0.E0));
#15505=AXIS2_PLACEMENT_3D('',#15502,#15503,#15504);
#15506=CYLINDRICAL_SURFACE('',#15505,6.2E-2);
#15507=ORIENTED_EDGE('',*,*,#15418,.F.);
#15509=ORIENTED_EDGE('',*,*,#15508,.T.);
#15511=ORIENTED_EDGE('',*,*,#15510,.T.);
#15512=ORIENTED_EDGE('',*,*,#15494,.F.);
#15513=EDGE_LOOP('',(#15507,#15509,#15511,#15512));
#15514=FACE_OUTER_BOUND('',#15513,.F.);
#15515=ADVANCED_FACE('',(#15514),#15506,.T.);
#15516=CARTESIAN_POINT('',(2.E-1,6.2E-2,0.E0));
#15517=DIRECTION('',(1.E0,0.E0,0.E0));
#15518=DIRECTION('',(0.E0,1.E0,0.E0));
#15519=AXIS2_PLACEMENT_3D('',#15516,#15517,#15518);
#15520=PLANE('',#15519);
#15521=ORIENTED_EDGE('',*,*,#15416,.F.);
#15523=ORIENTED_EDGE('',*,*,#15522,.T.);
#15525=ORIENTED_EDGE('',*,*,#15524,.T.);
#15526=ORIENTED_EDGE('',*,*,#15508,.F.);
#15527=EDGE_LOOP('',(#15521,#15523,#15525,#15526));
#15528=FACE_OUTER_BOUND('',#15527,.F.);
#15529=ADVANCED_FACE('',(#15528),#15520,.T.);
#15530=CARTESIAN_POINT('',(1.38E-1,6.2E-2,0.E0));
#15531=DIRECTION('',(0.E0,0.E0,1.E0));
#15532=DIRECTION('',(1.E0,0.E0,0.E0));
#15533=AXIS2_PLACEMENT_3D('',#15530,#15531,#15532);
#15534=CYLINDRICAL_SURFACE('',#15533,6.2E-2);
#15535=ORIENTED_EDGE('',*,*,#15414,.F.);
#15536=ORIENTED_EDGE('',*,*,#15441,.T.);
#15538=ORIENTED_EDGE('',*,*,#15537,.T.);
#15539=ORIENTED_EDGE('',*,*,#15522,.F.);
#15540=EDGE_LOOP('',(#15535,#15536,#15538,#15539));
#15541=FACE_OUTER_BOUND('',#15540,.F.);
#15542=ADVANCED_FACE('',(#15541),#15534,.T.);
#15543=CARTESIAN_POINT('',(0.E0,0.E0,5.E-3));
#15544=DIRECTION('',(0.E0,0.E0,1.E0));
#15545=DIRECTION('',(1.E0,0.E0,0.E0));
#15546=AXIS2_PLACEMENT_3D('',#15543,#15544,#15545);
#15547=PLANE('',#15546);
#15548=ORIENTED_EDGE('',*,*,#15439,.F.);
#15549=ORIENTED_EDGE('',*,*,#15454,.F.);
#15550=ORIENTED_EDGE('',*,*,#15468,.F.);
#15551=ORIENTED_EDGE('',*,*,#15482,.F.);
#15552=ORIENTED_EDGE('',*,*,#15496,.F.);
#15553=ORIENTED_EDGE('',*,*,#15510,.F.);
#15554=ORIENTED_EDGE('',*,*,#15524,.F.);
#15555=ORIENTED_EDGE('',*,*,#15537,.F.);
#15556=EDGE_LOOP('',(#15548,#15549,#15550,#15551,#15552,#15553,#15554,#15555));
#15557=FACE_OUTER_BOUND('',#15556,.F.);
#15559=ORIENTED_EDGE('',*,*,#15558,.T.);
#15561=ORIENTED_EDGE('',*,*,#15560,.T.);
#15562=EDGE_LOOP('',(#15559,#15561));
#15563=FACE_BOUND('',#15562,.F.);
#15565=ORIENTED_EDGE('',*,*,#15564,.T.);
#15567=ORIENTED_EDGE('',*,*,#15566,.T.);
#15569=ORIENTED_EDGE('',*,*,#15568,.T.);
#15571=ORIENTED_EDGE('',*,*,#15570,.T.);
#15572=EDGE_LOOP('',(#15565,#15567,#15569,#15571));
#15573=FACE_BOUND('',#15572,.F.);
#15575=ORIENTED_EDGE('',*,*,#15574,.T.);
#15577=ORIENTED_EDGE('',*,*,#15576,.T.);
#15579=ORIENTED_EDGE('',*,*,#15578,.T.);
#15581=ORIENTED_EDGE('',*,*,#15580,.T.);
#15583=ORIENTED_EDGE('',*,*,#15582,.T.);
#15585=ORIENTED_EDGE('',*,*,#15584,.T.);
#15587=ORIENTED_EDGE('',*,*,#15586,.T.);
#15589=ORIENTED_EDGE('',*,*,#15588,.T.);
#15590=EDGE_LOOP('',(#15575,#15577,#15579,#15581,#15583,#15585,#15587,#15589));
#15591=FACE_BOUND('',#15590,.F.);
#15593=ORIENTED_EDGE('',*,*,#15592,.T.);
#15595=ORIENTED_EDGE('',*,*,#15594,.T.);
#15597=ORIENTED_EDGE('',*,*,#15596,.T.);
#15599=ORIENTED_EDGE('',*,*,#15598,.T.);
#15600=EDGE_LOOP('',(#15593,#15595,#15597,#15599));
#15601=FACE_BOUND('',#15600,.F.);
#15603=ORIENTED_EDGE('',*,*,#15602,.T.);
#15605=ORIENTED_EDGE('',*,*,#15604,.T.);
#15607=ORIENTED_EDGE('',*,*,#15606,.T.);
#15609=ORIENTED_EDGE('',*,*,#15608,.T.);
#15611=ORIENTED_EDGE('',*,*,#15610,.T.);
#15613=ORIENTED_EDGE('',*,*,#15612,.T.);
#15615=ORIENTED_EDGE('',*,*,#15614,.T.);
#15617=ORIENTED_EDGE('',*,*,#15616,.T.);
#15619=ORIENTED_EDGE('',*,*,#15618,.T.);
#15621=ORIENTED_EDGE('',*,*,#15620,.T.);
#15623=ORIENTED_EDGE('',*,*,#15622,.T.);
#15625=ORIENTED_EDGE('',*,*,#15624,.T.);
#15627=ORIENTED_EDGE('',*,*,#15626,.T.);
#15629=ORIENTED_EDGE('',*,*,#15628,.T.);
#15631=ORIENTED_EDGE('',*,*,#15630,.T.);
#15633=ORIENTED_EDGE('',*,*,#15632,.T.);
#15635=ORIENTED_EDGE('',*,*,#15634,.T.);
#15637=ORIENTED_EDGE('',*,*,#15636,.T.);
#15639=ORIENTED_EDGE('',*,*,#15638,.T.);
#15641=ORIENTED_EDGE('',*,*,#15640,.T.);
#15643=ORIENTED_EDGE('',*,*,#15642,.T.);
#15645=ORIENTED_EDGE('',*,*,#15644,.T.);
#15647=ORIENTED_EDGE('',*,*,#15646,.T.);
#15649=ORIENTED_EDGE('',*,*,#15648,.T.);
#15651=ORIENTED_EDGE('',*,*,#15650,.T.);
#15653=ORIENTED_EDGE('',*,*,#15652,.T.);
#15655=ORIENTED_EDGE('',*,*,#15654,.T.);
#15657=ORIENTED_EDGE('',*,*,#15656,.T.);
#15659=ORIENTED_EDGE('',*,*,#15658,.T.);
#15661=ORIENTED_EDGE('',*,*,#15660,.T.);
#15663=ORIENTED_EDGE('',*,*,#15662,.T.);
#15665=ORIENTED_EDGE('',*,*,#15664,.T.);
#15667=ORIENTED_EDGE('',*,*,#15666,.T.);
#15669=ORIENTED_EDGE('',*,*,#15668,.T.);
#15671=ORIENTED_EDGE('',*,*,#15670,.T.);
#15673=ORIENTED_EDGE('',*,*,#15672,.T.);
#15675=ORIENTED_EDGE('',*,*,#15674,.T.);
#15677=ORIENTED_EDGE('',*,*,#15676,.T.);
#15679=ORIENTED_EDGE('',*,*,#15678,.T.);
#15681=ORIENTED_EDGE('',*,*,#15680,.T.);
#15683=ORIENTED_EDGE('',*,*,#15682,.T.);
#15685=ORIENTED_EDGE('',*,*,#15684,.T.);
#15687=ORIENTED_EDGE('',*,*,#15686,.T.);
#15689=ORIENTED_EDGE('',*,*,#15688,.T.);
#15691=ORIENTED_EDGE('',*,*,#15690,.T.);
#15693=ORIENTED_EDGE('',*,*,#15692,.T.);
#15695=ORIENTED_EDGE('',*,*,#15694,.T.);
#15697=ORIENTED_EDGE('',*,*,#15696,.T.);
#15699=ORIENTED_EDGE('',*,*,#15698,.T.);
#15701=ORIENTED_EDGE('',*,*,#15700,.T.);
#15703=ORIENTED_EDGE('',*,*,#15702,.T.);
#15705=ORIENTED_EDGE('',*,*,#15704,.T.);
#15707=ORIENTED_EDGE('',*,*,#15706,.T.);
#15709=ORIENTED_EDGE('',*,*,#15708,.T.);
#15711=ORIENTED_EDGE('',*,*,#15710,.T.);
#15713=ORIENTED_EDGE('',*,*,#15712,.T.);
#15715=ORIENTED_EDGE('',*,*,#15714,.T.);
#15717=ORIENTED_EDGE('',*,*,#15716,.T.);
#15719=ORIENTED_EDGE('',*,*,#15718,.T.);
#15721=ORIENTED_EDGE('',*,*,#15720,.T.);
#15723=ORIENTED_EDGE('',*,*,#15722,.T.);
#15725=ORIENTED_EDGE('',*,*,#15724,.T.);
#15727=ORIENTED_EDGE('',*,*,#15726,.T.);
#15729=ORIENTED_EDGE('',*,*,#15728,.T.);
#15730=EDGE_LOOP('',(#15603,#15605,#15607,#15609,#15611,#15613,#15615,#15617,
#15619,#15621,#15623,#15625,#15627,#15629,#15631,#15633,#15635,#15637,#15639,
#15641,#15643,#15645,#15647,#15649,#15651,#15653,#15655,#15657,#15659,#15661,
#15663,#15665,#15667,#15669,#15671,#15673,#15675,#15677,#15679,#15681,#15683,
#15685,#15687,#15689,#15691,#15693,#15695,#15697,#15699,#15701,#15703,#15705,
#15707,#15709,#15711,#15713,#15715,#15717,#15719,#15721,#15723,#15725,#15727,
#15729));
#15731=FACE_BOUND('',#15730,.F.);
#15732=ADVANCED_FACE('',(#15557,#15563,#15573,#15591,#15601,#15731),#15547,.T.);
#15733=CARTESIAN_POINT('',(0.E0,0.E0,5.E-3));
#15734=DIRECTION('',(0.E0,0.E0,1.E0));
#15735=DIRECTION('',(1.E0,0.E0,0.E0));
#15736=AXIS2_PLACEMENT_3D('',#15733,#15734,#15735);
#15737=PLANE('',#15736);
#15739=ORIENTED_EDGE('',*,*,#15738,.T.);
#15741=ORIENTED_EDGE('',*,*,#15740,.T.);
#15743=ORIENTED_EDGE('',*,*,#15742,.T.);
#15745=ORIENTED_EDGE('',*,*,#15744,.T.);
#15746=EDGE_LOOP('',(#15739,#15741,#15743,#15745));
#15747=FACE_OUTER_BOUND('',#15746,.F.);
#15748=ADVANCED_FACE('',(#15747),#15737,.T.);
#15749=CARTESIAN_POINT('',(0.E0,0.E0,5.E-3));
#15750=DIRECTION('',(0.E0,0.E0,1.E0));
#15751=DIRECTION('',(1.E0,0.E0,0.E0));
#15752=AXIS2_PLACEMENT_3D('',#15749,#15750,#15751);
#15753=PLANE('',#15752);
#15755=ORIENTED_EDGE('',*,*,#15754,.T.);
#15757=ORIENTED_EDGE('',*,*,#15756,.T.);
#15759=ORIENTED_EDGE('',*,*,#15758,.T.);
#15761=ORIENTED_EDGE('',*,*,#15760,.T.);
#15762=EDGE_LOOP('',(#15755,#15757,#15759,#15761));
#15763=FACE_OUTER_BOUND('',#15762,.F.);
#15764=ADVANCED_FACE('',(#15763),#15753,.T.);
#15765=CARTESIAN_POINT('',(0.E0,0.E0,5.E-3));
#15766=DIRECTION('',(0.E0,0.E0,1.E0));
#15767=DIRECTION('',(1.E0,0.E0,0.E0));
#15768=AXIS2_PLACEMENT_3D('',#15765,#15766,#15767);
#15769=PLANE('',#15768);
#15771=ORIENTED_EDGE('',*,*,#15770,.T.);
#15773=ORIENTED_EDGE('',*,*,#15772,.T.);
#15775=ORIENTED_EDGE('',*,*,#15774,.T.);
#15777=ORIENTED_EDGE('',*,*,#15776,.T.);
#15779=ORIENTED_EDGE('',*,*,#15778,.T.);
#15781=ORIENTED_EDGE('',*,*,#15780,.T.);
#15783=ORIENTED_EDGE('',*,*,#15782,.F.);
#15785=ORIENTED_EDGE('',*,*,#15784,.T.);
#15786=EDGE_LOOP('',(#15771,#15773,#15775,#15777,#15779,#15781,#15783,#15785));
#15787=FACE_OUTER_BOUND('',#15786,.F.);
#15788=ADVANCED_FACE('',(#15787),#15769,.T.);
#15789=CARTESIAN_POINT('',(0.E0,0.E0,5.E-3));
#15790=DIRECTION('',(0.E0,0.E0,1.E0));
#15791=DIRECTION('',(1.E0,0.E0,0.E0));
#15792=AXIS2_PLACEMENT_3D('',#15789,#15790,#15791);
#15793=PLANE('',#15792);
#15795=ORIENTED_EDGE('',*,*,#15794,.F.);
#15797=ORIENTED_EDGE('',*,*,#15796,.T.);
#15799=ORIENTED_EDGE('',*,*,#15798,.T.);
#15801=ORIENTED_EDGE('',*,*,#15800,.T.);
#15803=ORIENTED_EDGE('',*,*,#15802,.F.);
#15805=ORIENTED_EDGE('',*,*,#15804,.T.);
#15807=ORIENTED_EDGE('',*,*,#15806,.T.);
#15809=ORIENTED_EDGE('',*,*,#15808,.T.);
#15811=ORIENTED_EDGE('',*,*,#15810,.T.);
#15813=ORIENTED_EDGE('',*,*,#15812,.T.);
#15815=ORIENTED_EDGE('',*,*,#15814,.T.);
#15817=ORIENTED_EDGE('',*,*,#15816,.T.);
#15819=ORIENTED_EDGE('',*,*,#15818,.T.);
#15821=ORIENTED_EDGE('',*,*,#15820,.T.);
#15823=ORIENTED_EDGE('',*,*,#15822,.T.);
#15825=ORIENTED_EDGE('',*,*,#15824,.T.);
#15827=ORIENTED_EDGE('',*,*,#15826,.T.);
#15829=ORIENTED_EDGE('',*,*,#15828,.T.);
#15831=ORIENTED_EDGE('',*,*,#15830,.T.);
#15833=ORIENTED_EDGE('',*,*,#15832,.T.);
#15835=ORIENTED_EDGE('',*,*,#15834,.T.);
#15837=ORIENTED_EDGE('',*,*,#15836,.T.);
#15839=ORIENTED_EDGE('',*,*,#15838,.T.);
#15841=ORIENTED_EDGE('',*,*,#15840,.T.);
#15843=ORIENTED_EDGE('',*,*,#15842,.T.);
#15845=ORIENTED_EDGE('',*,*,#15844,.T.);
#15847=ORIENTED_EDGE('',*,*,#15846,.F.);
#15849=ORIENTED_EDGE('',*,*,#15848,.T.);
#15851=ORIENTED_EDGE('',*,*,#15850,.T.);
#15853=ORIENTED_EDGE('',*,*,#15852,.T.);
#15855=ORIENTED_EDGE('',*,*,#15854,.T.);
#15857=ORIENTED_EDGE('',*,*,#15856,.T.);
#15858=EDGE_LOOP('',(#15795,#15797,#15799,#15801,#15803,#15805,#15807,#15809,
#15811,#15813,#15815,#15817,#15819,#15821,#15823,#15825,#15827,#15829,#15831,
#15833,#15835,#15837,#15839,#15841,#15843,#15845,#15847,#15849,#15851,#15853,
#15855,#15857));
#15859=FACE_OUTER_BOUND('',#15858,.F.);
#15860=ADVANCED_FACE('',(#15859),#15793,.T.);
#15861=CARTESIAN_POINT('',(0.E0,0.E0,5.E-3));
#15862=DIRECTION('',(0.E0,0.E0,1.E0));
#15863=DIRECTION('',(1.E0,0.E0,0.E0));
#15864=AXIS2_PLACEMENT_3D('',#15861,#15862,#15863);
#15865=PLANE('',#15864);
#15867=ORIENTED_EDGE('',*,*,#15866,.T.);
#15869=ORIENTED_EDGE('',*,*,#15868,.T.);
#15871=ORIENTED_EDGE('',*,*,#15870,.T.);
#15873=ORIENTED_EDGE('',*,*,#15872,.T.);
#15874=EDGE_LOOP('',(#15867,#15869,#15871,#15873));
#15875=FACE_OUTER_BOUND('',#15874,.F.);
#15876=ADVANCED_FACE('',(#15875),#15865,.T.);
#15877=CARTESIAN_POINT('',(0.E0,0.E0,5.E-3));
#15878=DIRECTION('',(0.E0,0.E0,1.E0));
#15879=DIRECTION('',(1.E0,0.E0,0.E0));
#15880=AXIS2_PLACEMENT_3D('',#15877,#15878,#15879);
#15881=PLANE('',#15880);
#15883=ORIENTED_EDGE('',*,*,#15882,.T.);
#15885=ORIENTED_EDGE('',*,*,#15884,.T.);
#15887=ORIENTED_EDGE('',*,*,#15886,.T.);
#15889=ORIENTED_EDGE('',*,*,#15888,.T.);
#15891=ORIENTED_EDGE('',*,*,#15890,.F.);
#15893=ORIENTED_EDGE('',*,*,#15892,.T.);
#15894=EDGE_LOOP('',(#15883,#15885,#15887,#15889,#15891,#15893));
#15895=FACE_OUTER_BOUND('',#15894,.F.);
#15896=ADVANCED_FACE('',(#15895),#15881,.T.);
#15897=CARTESIAN_POINT('',(2.5E-2,1.E-1,5.E-3));
#15898=DIRECTION('',(0.E0,0.E0,1.E0));
#15899=DIRECTION('',(1.E0,0.E0,0.E0));
#15900=AXIS2_PLACEMENT_3D('',#15897,#15898,#15899);
#15901=CYLINDRICAL_SURFACE('',#15900,1.25E-2);
#15902=ORIENTED_EDGE('',*,*,#15558,.F.);
#15904=ORIENTED_EDGE('',*,*,#15903,.T.);
#15906=ORIENTED_EDGE('',*,*,#15905,.T.);
#15908=ORIENTED_EDGE('',*,*,#15907,.F.);
#15909=EDGE_LOOP('',(#15902,#15904,#15906,#15908));
#15910=FACE_OUTER_BOUND('',#15909,.F.);
#15911=ADVANCED_FACE('',(#15910),#15901,.F.);
#15912=CARTESIAN_POINT('',(2.5E-2,1.E-1,5.E-3));
#15913=DIRECTION('',(0.E0,0.E0,1.E0));
#15914=DIRECTION('',(1.E0,0.E0,0.E0));
#15915=AXIS2_PLACEMENT_3D('',#15912,#15913,#15914);
#15916=CYLINDRICAL_SURFACE('',#15915,1.25E-2);
#15917=ORIENTED_EDGE('',*,*,#15560,.F.);
#15918=ORIENTED_EDGE('',*,*,#15907,.T.);
#15920=ORIENTED_EDGE('',*,*,#15919,.T.);
#15921=ORIENTED_EDGE('',*,*,#15903,.F.);
#15922=EDGE_LOOP('',(#15917,#15918,#15920,#15921));
#15923=FACE_OUTER_BOUND('',#15922,.F.);
#15924=ADVANCED_FACE('',(#15923),#15916,.F.);
#15925=CARTESIAN_POINT('',(0.E0,0.E0,2.E-3));
#15926=DIRECTION('',(0.E0,0.E0,1.E0));
#15927=DIRECTION('',(1.E0,0.E0,0.E0));
#15928=AXIS2_PLACEMENT_3D('',#15925,#15926,#15927);
#15929=PLANE('',#15928);
#15930=ORIENTED_EDGE('',*,*,#15905,.F.);
#15931=ORIENTED_EDGE('',*,*,#15919,.F.);
#15932=EDGE_LOOP('',(#15930,#15931));
#15933=FACE_OUTER_BOUND('',#15932,.F.);
#15934=ADVANCED_FACE('',(#15933),#15929,.T.);
#15935=CARTESIAN_POINT('',(1.8E-1,1.7E-1,5.E-3));
#15936=DIRECTION('',(0.E0,1.E0,0.E0));
#15937=DIRECTION('',(-1.E0,0.E0,0.E0));
#15938=AXIS2_PLACEMENT_3D('',#15935,#15936,#15937);
#15939=PLANE('',#15938);
#15940=ORIENTED_EDGE('',*,*,#15564,.F.);
#15942=ORIENTED_EDGE('',*,*,#15941,.T.);
#15944=ORIENTED_EDGE('',*,*,#15943,.T.);
#15946=ORIENTED_EDGE('',*,*,#15945,.F.);
#15947=EDGE_LOOP('',(#15940,#15942,#15944,#15946));
#15948=FACE_OUTER_BOUND('',#15947,.F.);
#15949=ADVANCED_FACE('',(#15948),#15939,.F.);
#15950=CARTESIAN_POINT('',(1.8E-1,1.6E-1,5.E-3));
#15951=DIRECTION('',(1.E0,0.E0,0.E0));
#15952=DIRECTION('',(0.E0,1.E0,0.E0));
#15953=AXIS2_PLACEMENT_3D('',#15950,#15951,#15952);
#15954=PLANE('',#15953);
#15955=ORIENTED_EDGE('',*,*,#15570,.F.);
#15957=ORIENTED_EDGE('',*,*,#15956,.T.);
#15959=ORIENTED_EDGE('',*,*,#15958,.T.);
#15960=ORIENTED_EDGE('',*,*,#15941,.F.);
#15961=EDGE_LOOP('',(#15955,#15957,#15959,#15960));
#15962=FACE_OUTER_BOUND('',#15961,.F.);
#15963=ADVANCED_FACE('',(#15962),#15954,.F.);
#15964=CARTESIAN_POINT('',(1.7E-1,1.6E-1,5.E-3));
#15965=DIRECTION('',(0.E0,-1.E0,0.E0));
#15966=DIRECTION('',(1.E0,0.E0,0.E0));
#15967=AXIS2_PLACEMENT_3D('',#15964,#15965,#15966);
#15968=PLANE('',#15967);
#15969=ORIENTED_EDGE('',*,*,#15568,.F.);
#15971=ORIENTED_EDGE('',*,*,#15970,.T.);
#15973=ORIENTED_EDGE('',*,*,#15972,.T.);
#15974=ORIENTED_EDGE('',*,*,#15956,.F.);
#15975=EDGE_LOOP('',(#15969,#15971,#15973,#15974));
#15976=FACE_OUTER_BOUND('',#15975,.F.);
#15977=ADVANCED_FACE('',(#15976),#15968,.F.);
#15978=CARTESIAN_POINT('',(1.7E-1,1.7E-1,5.E-3));
#15979=DIRECTION('',(-1.E0,0.E0,0.E0));
#15980=DIRECTION('',(0.E0,-1.E0,0.E0));
#15981=AXIS2_PLACEMENT_3D('',#15978,#15979,#15980);
#15982=PLANE('',#15981);
#15983=ORIENTED_EDGE('',*,*,#15566,.F.);
#15984=ORIENTED_EDGE('',*,*,#15945,.T.);
#15986=ORIENTED_EDGE('',*,*,#15985,.T.);
#15987=ORIENTED_EDGE('',*,*,#15970,.F.);
#15988=EDGE_LOOP('',(#15983,#15984,#15986,#15987));
#15989=FACE_OUTER_BOUND('',#15988,.F.);
#15990=ADVANCED_FACE('',(#15989),#15982,.F.);
#15991=CARTESIAN_POINT('',(0.E0,0.E0,2.E-3));
#15992=DIRECTION('',(0.E0,0.E0,1.E0));
#15993=DIRECTION('',(1.E0,0.E0,0.E0));
#15994=AXIS2_PLACEMENT_3D('',#15991,#15992,#15993);
#15995=PLANE('',#15994);
#15997=ORIENTED_EDGE('',*,*,#15996,.F.);
#15999=ORIENTED_EDGE('',*,*,#15998,.F.);
#16001=ORIENTED_EDGE('',*,*,#16000,.F.);
#16003=ORIENTED_EDGE('',*,*,#16002,.F.);
#16004=EDGE_LOOP('',(#15997,#15999,#16001,#16003));
#16005=FACE_OUTER_BOUND('',#16004,.F.);
#16006=ADVANCED_FACE('',(#16005),#15995,.T.);
#16007=CARTESIAN_POINT('',(0.E0,0.E0,2.E-3));
#16008=DIRECTION('',(0.E0,0.E0,1.E0));
#16009=DIRECTION('',(1.E0,0.E0,0.E0));
#16010=AXIS2_PLACEMENT_3D('',#16007,#16008,#16009);
#16011=PLANE('',#16010);
#16013=ORIENTED_EDGE('',*,*,#16012,.F.);
#16015=ORIENTED_EDGE('',*,*,#16014,.F.);
#16017=ORIENTED_EDGE('',*,*,#16016,.F.);
#16019=ORIENTED_EDGE('',*,*,#16018,.F.);
#16021=ORIENTED_EDGE('',*,*,#16020,.F.);
#16023=ORIENTED_EDGE('',*,*,#16022,.F.);
#16025=ORIENTED_EDGE('',*,*,#16024,.F.);
#16027=ORIENTED_EDGE('',*,*,#16026,.F.);
#16029=ORIENTED_EDGE('',*,*,#16028,.F.);
#16031=ORIENTED_EDGE('',*,*,#16030,.F.);
#16033=ORIENTED_EDGE('',*,*,#16032,.F.);
#16035=ORIENTED_EDGE('',*,*,#16034,.F.);
#16037=ORIENTED_EDGE('',*,*,#16036,.F.);
#16039=ORIENTED_EDGE('',*,*,#16038,.F.);
#16041=ORIENTED_EDGE('',*,*,#16040,.F.);
#16043=ORIENTED_EDGE('',*,*,#16042,.F.);
#16045=ORIENTED_EDGE('',*,*,#16044,.F.);
#16047=ORIENTED_EDGE('',*,*,#16046,.F.);
#16049=ORIENTED_EDGE('',*,*,#16048,.F.);
#16051=ORIENTED_EDGE('',*,*,#16050,.F.);
#16053=ORIENTED_EDGE('',*,*,#16052,.F.);
#16055=ORIENTED_EDGE('',*,*,#16054,.F.);
#16057=ORIENTED_EDGE('',*,*,#16056,.F.);
#16059=ORIENTED_EDGE('',*,*,#16058,.F.);
#16061=ORIENTED_EDGE('',*,*,#16060,.F.);
#16063=ORIENTED_EDGE('',*,*,#16062,.F.);
#16065=ORIENTED_EDGE('',*,*,#16064,.F.);
#16067=ORIENTED_EDGE('',*,*,#16066,.F.);
#16069=ORIENTED_EDGE('',*,*,#16068,.F.);
#16071=ORIENTED_EDGE('',*,*,#16070,.F.);
#16073=ORIENTED_EDGE('',*,*,#16072,.F.);
#16075=ORIENTED_EDGE('',*,*,#16074,.F.);
#16077=ORIENTED_EDGE('',*,*,#16076,.F.);
#16079=ORIENTED_EDGE('',*,*,#16078,.F.);
#16081=ORIENTED_EDGE('',*,*,#16080,.F.);
#16083=ORIENTED_EDGE('',*,*,#16082,.F.);
#16085=ORIENTED_EDGE('',*,*,#16084,.F.);
#16087=ORIENTED_EDGE('',*,*,#16086,.F.);
#16089=ORIENTED_EDGE('',*,*,#16088,.F.);
#16091=ORIENTED_EDGE('',*,*,#16090,.F.);
#16093=ORIENTED_EDGE('',*,*,#16092,.F.);
#16095=ORIENTED_EDGE('',*,*,#16094,.F.);
#16097=ORIENTED_EDGE('',*,*,#16096,.F.);
#16099=ORIENTED_EDGE('',*,*,#16098,.F.);
#16101=ORIENTED_EDGE('',*,*,#16100,.F.);
#16103=ORIENTED_EDGE('',*,*,#16102,.F.);
#16105=ORIENTED_EDGE('',*,*,#16104,.F.);
#16107=ORIENTED_EDGE('',*,*,#16106,.F.);
#16109=ORIENTED_EDGE('',*,*,#16108,.F.);
#16111=ORIENTED_EDGE('',*,*,#16110,.F.);
#16113=ORIENTED_EDGE('',*,*,#16112,.F.);
#16115=ORIENTED_EDGE('',*,*,#16114,.F.);
#16117=ORIENTED_EDGE('',*,*,#16116,.F.);
#16119=ORIENTED_EDGE('',*,*,#16118,.F.);
#16121=ORIENTED_EDGE('',*,*,#16120,.F.);
#16123=ORIENTED_EDGE('',*,*,#16122,.F.);
#16125=ORIENTED_EDGE('',*,*,#16124,.F.);
#16127=ORIENTED_EDGE('',*,*,#16126,.F.);
#16129=ORIENTED_EDGE('',*,*,#16128,.F.);
#16131=ORIENTED_EDGE('',*,*,#16130,.F.);
#16133=ORIENTED_EDGE('',*,*,#16132,.F.);
#16135=ORIENTED_EDGE('',*,*,#16134,.F.);
#16137=ORIENTED_EDGE('',*,*,#16136,.F.);
#16139=ORIENTED_EDGE('',*,*,#16138,.F.);
#16141=ORIENTED_EDGE('',*,*,#16140,.F.);
#16143=ORIENTED_EDGE('',*,*,#16142,.F.);
#16145=ORIENTED_EDGE('',*,*,#16144,.F.);
#16147=ORIENTED_EDGE('',*,*,#16146,.F.);
#16149=ORIENTED_EDGE('',*,*,#16148,.F.);
#16151=ORIENTED_EDGE('',*,*,#16150,.F.);
#16153=ORIENTED_EDGE('',*,*,#16152,.F.);
#16155=ORIENTED_EDGE('',*,*,#16154,.F.);
#16156=EDGE_LOOP('',(#16013,#16015,#16017,#16019,#16021,#16023,#16025,#16027,
#16029,#16031,#16033,#16035,#16037,#16039,#16041,#16043,#16045,#16047,#16049,
#16051,#16053,#16055,#16057,#16059,#16061,#16063,#16065,#16067,#16069,#16071,
#16073,#16075,#16077,#16079,#16081,#16083,#16085,#16087,#16089,#16091,#16093,
#16095,#16097,#16099,#16101,#16103,#16105,#16107,#16109,#16111,#16113,#16115,
#16117,#16119,#16121,#16123,#16125,#16127,#16129,#16131,#16133,#16135,#16137,
#16139,#16141,#16143,#16145,#16147,#16149,#16151,#16153,#16155));
#16157=FACE_OUTER_BOUND('',#16156,.F.);
#16159=ORIENTED_EDGE('',*,*,#16158,.F.);
#16161=ORIENTED_EDGE('',*,*,#16160,.F.);
#16163=ORIENTED_EDGE('',*,*,#16162,.F.);
#16165=ORIENTED_EDGE('',*,*,#16164,.F.);
#16167=ORIENTED_EDGE('',*,*,#16166,.F.);
#16169=ORIENTED_EDGE('',*,*,#16168,.F.);
#16170=EDGE_LOOP('',(#16159,#16161,#16163,#16165,#16167,#16169));
#16171=FACE_BOUND('',#16170,.F.);
#16172=ADVANCED_FACE('',(#16157,#16171),#16011,.T.);
#16173=CARTESIAN_POINT('',(0.E0,0.E0,2.E-3));
#16174=DIRECTION('',(0.E0,0.E0,1.E0));
#16175=DIRECTION('',(1.E0,0.E0,0.E0));
#16176=AXIS2_PLACEMENT_3D('',#16173,#16174,#16175);
#16177=PLANE('',#16176);
#16179=ORIENTED_EDGE('',*,*,#16178,.F.);
#16181=ORIENTED_EDGE('',*,*,#16180,.F.);
#16183=ORIENTED_EDGE('',*,*,#16182,.F.);
#16185=ORIENTED_EDGE('',*,*,#16184,.F.);
#16186=EDGE_LOOP('',(#16179,#16181,#16183,#16185));
#16187=FACE_OUTER_BOUND('',#16186,.F.);
#16188=ADVANCED_FACE('',(#16187),#16177,.T.);
#16189=CARTESIAN_POINT('',(0.E0,0.E0,2.E-3));
#16190=DIRECTION('',(0.E0,0.E0,1.E0));
#16191=DIRECTION('',(1.E0,0.E0,0.E0));
#16192=AXIS2_PLACEMENT_3D('',#16189,#16190,#16191);
#16193=PLANE('',#16192);
#16195=ORIENTED_EDGE('',*,*,#16194,.F.);
#16197=ORIENTED_EDGE('',*,*,#16196,.F.);
#16199=ORIENTED_EDGE('',*,*,#16198,.F.);
#16201=ORIENTED_EDGE('',*,*,#16200,.F.);
#16202=EDGE_LOOP('',(#16195,#16197,#16199,#16201));
#16203=FACE_OUTER_BOUND('',#16202,.F.);
#16204=ADVANCED_FACE('',(#16203),#16193,.T.);
#16205=CARTESIAN_POINT('',(0.E0,0.E0,2.E-3));
#16206=DIRECTION('',(0.E0,0.E0,1.E0));
#16207=DIRECTION('',(1.E0,0.E0,0.E0));
#16208=AXIS2_PLACEMENT_3D('',#16205,#16206,#16207);
#16209=PLANE('',#16208);
#16211=ORIENTED_EDGE('',*,*,#16210,.F.);
#16213=ORIENTED_EDGE('',*,*,#16212,.F.);
#16215=ORIENTED_EDGE('',*,*,#16214,.F.);
#16217=ORIENTED_EDGE('',*,*,#16216,.F.);
#16218=EDGE_LOOP('',(#16211,#16213,#16215,#16217));
#16219=FACE_OUTER_BOUND('',#16218,.F.);
#16220=ADVANCED_FACE('',(#16219),#16209,.T.);
#16221=CARTESIAN_POINT('',(0.E0,0.E0,2.E-3));
#16222=DIRECTION('',(0.E0,0.E0,1.E0));
#16223=DIRECTION('',(1.E0,0.E0,0.E0));
#16224=AXIS2_PLACEMENT_3D('',#16221,#16222,#16223);
#16225=PLANE('',#16224);
#16227=ORIENTED_EDGE('',*,*,#16226,.F.);
#16229=ORIENTED_EDGE('',*,*,#16228,.F.);
#16231=ORIENTED_EDGE('',*,*,#16230,.F.);
#16233=ORIENTED_EDGE('',*,*,#16232,.F.);
#16235=ORIENTED_EDGE('',*,*,#16234,.F.);
#16237=ORIENTED_EDGE('',*,*,#16236,.F.);
#16239=ORIENTED_EDGE('',*,*,#16238,.F.);
#16241=ORIENTED_EDGE('',*,*,#16240,.F.);
#16242=EDGE_LOOP('',(#16227,#16229,#16231,#16233,#16235,#16237,#16239,#16241));
#16243=FACE_OUTER_BOUND('',#16242,.F.);
#16244=ADVANCED_FACE('',(#16243),#16225,.T.);
#16245=CARTESIAN_POINT('',(0.E0,0.E0,2.E-3));
#16246=DIRECTION('',(0.E0,0.E0,1.E0));
#16247=DIRECTION('',(1.E0,0.E0,0.E0));
#16248=AXIS2_PLACEMENT_3D('',#16245,#16246,#16247);
#16249=PLANE('',#16248);
#16250=ORIENTED_EDGE('',*,*,#15943,.F.);
#16251=ORIENTED_EDGE('',*,*,#15958,.F.);
#16252=ORIENTED_EDGE('',*,*,#15972,.F.);
#16253=ORIENTED_EDGE('',*,*,#15985,.F.);
#16254=EDGE_LOOP('',(#16250,#16251,#16252,#16253));
#16255=FACE_OUTER_BOUND('',#16254,.F.);
#16256=ADVANCED_FACE('',(#16255),#16249,.T.);
#16257=CARTESIAN_POINT('',(0.E0,0.E0,2.E-3));
#16258=DIRECTION('',(0.E0,0.E0,1.E0));
#16259=DIRECTION('',(1.E0,0.E0,0.E0));
#16260=AXIS2_PLACEMENT_3D('',#16257,#16258,#16259);
#16261=PLANE('',#16260);
#16263=ORIENTED_EDGE('',*,*,#16262,.F.);
#16265=ORIENTED_EDGE('',*,*,#16264,.F.);
#16267=ORIENTED_EDGE('',*,*,#16266,.F.);
#16269=ORIENTED_EDGE('',*,*,#16268,.F.);
#16270=EDGE_LOOP('',(#16263,#16265,#16267,#16269));
#16271=FACE_OUTER_BOUND('',#16270,.F.);
#16272=ADVANCED_FACE('',(#16271),#16261,.T.);
#16273=CARTESIAN_POINT('',(0.E0,0.E0,2.E-3));
#16274=DIRECTION('',(0.E0,0.E0,1.E0));
#16275=DIRECTION('',(1.E0,0.E0,0.E0));
#16276=AXIS2_PLACEMENT_3D('',#16273,#16274,#16275);
#16277=PLANE('',#16276);
#16279=ORIENTED_EDGE('',*,*,#16278,.F.);
#16281=ORIENTED_EDGE('',*,*,#16280,.F.);
#16283=ORIENTED_EDGE('',*,*,#16282,.F.);
#16285=ORIENTED_EDGE('',*,*,#16284,.F.);
#16286=EDGE_LOOP('',(#16279,#16281,#16283,#16285));
#16287=FACE_OUTER_BOUND('',#16286,.F.);
#16288=ADVANCED_FACE('',(#16287),#16277,.T.);
#16289=CARTESIAN_POINT('',(0.E0,0.E0,2.E-3));
#16290=DIRECTION('',(0.E0,0.E0,1.E0));
#16291=DIRECTION('',(1.E0,0.E0,0.E0));
#16292=AXIS2_PLACEMENT_3D('',#16289,#16290,#16291);
#16293=PLANE('',#16292);
#16295=ORIENTED_EDGE('',*,*,#16294,.F.);
#16297=ORIENTED_EDGE('',*,*,#16296,.F.);
#16299=ORIENTED_EDGE('',*,*,#16298,.F.);
#16301=ORIENTED_EDGE('',*,*,#16300,.F.);
#16302=EDGE_LOOP('',(#16295,#16297,#16299,#16301));
#16303=FACE_OUTER_BOUND('',#16302,.F.);
#16304=ADVANCED_FACE('',(#16303),#16293,.T.);
#16305=CARTESIAN_POINT('',(0.E0,0.E0,2.E-3));
#16306=DIRECTION('',(0.E0,0.E0,1.E0));
#16307=DIRECTION('',(1.E0,0.E0,0.E0));
#16308=AXIS2_PLACEMENT_3D('',#16305,#16306,#16307);
#16309=PLANE('',#16308);
#16311=ORIENTED_EDGE('',*,*,#16310,.F.);
#16313=ORIENTED_EDGE('',*,*,#16312,.F.);
#16315=ORIENTED_EDGE('',*,*,#16314,.F.);
#16317=ORIENTED_EDGE('',*,*,#16316,.F.);
#16318=EDGE_LOOP('',(#16311,#16313,#16315,#16317));
#16319=FACE_OUTER_BOUND('',#16318,.F.);
#16320=ADVANCED_FACE('',(#16319),#16309,.T.);
#16321=CARTESIAN_POINT('',(0.E0,0.E0,2.E-3));
#16322=DIRECTION('',(0.E0,0.E0,1.E0));
#16323=DIRECTION('',(1.E0,0.E0,0.E0));
#16324=AXIS2_PLACEMENT_3D('',#16321,#16322,#16323);
#16325=PLANE('',#16324);
#16327=ORIENTED_EDGE('',*,*,#16326,.F.);
#16329=ORIENTED_EDGE('',*,*,#16328,.F.);
#16331=ORIENTED_EDGE('',*,*,#16330,.F.);
#16333=ORIENTED_EDGE('',*,*,#16332,.F.);
#16334=EDGE_LOOP('',(#16327,#16329,#16331,#16333));
#16335=FACE_OUTER_BOUND('',#16334,.F.);
#16336=ADVANCED_FACE('',(#16335),#16325,.T.);
#16337=CARTESIAN_POINT('',(0.E0,0.E0,2.E-3));
#16338=DIRECTION('',(0.E0,0.E0,1.E0));
#16339=DIRECTION('',(1.E0,0.E0,0.E0));
#16340=AXIS2_PLACEMENT_3D('',#16337,#16338,#16339);
#16341=PLANE('',#16340);
#16343=ORIENTED_EDGE('',*,*,#16342,.F.);
#16345=ORIENTED_EDGE('',*,*,#16344,.F.);
#16347=ORIENTED_EDGE('',*,*,#16346,.F.);
#16349=ORIENTED_EDGE('',*,*,#16348,.F.);
#16350=EDGE_LOOP('',(#16343,#16345,#16347,#16349));
#16351=FACE_OUTER_BOUND('',#16350,.F.);
#16352=ADVANCED_FACE('',(#16351),#16341,.T.);
#16353=CARTESIAN_POINT('',(0.E0,0.E0,2.E-3));
#16354=DIRECTION('',(0.E0,0.E0,1.E0));
#16355=DIRECTION('',(1.E0,0.E0,0.E0));
#16356=AXIS2_PLACEMENT_3D('',#16353,#16354,#16355);
#16357=PLANE('',#16356);
#16359=ORIENTED_EDGE('',*,*,#16358,.F.);
#16361=ORIENTED_EDGE('',*,*,#16360,.F.);
#16363=ORIENTED_EDGE('',*,*,#16362,.F.);
#16365=ORIENTED_EDGE('',*,*,#16364,.F.);
#16367=ORIENTED_EDGE('',*,*,#16366,.F.);
#16369=ORIENTED_EDGE('',*,*,#16368,.F.);
#16371=ORIENTED_EDGE('',*,*,#16370,.F.);
#16373=ORIENTED_EDGE('',*,*,#16372,.F.);
#16374=EDGE_LOOP('',(#16359,#16361,#16363,#16365,#16367,#16369,#16371,#16373));
#16375=FACE_OUTER_BOUND('',#16374,.F.);
#16376=ADVANCED_FACE('',(#16375),#16357,.T.);
#16377=CARTESIAN_POINT('',(1.4E-1,1.E-1,5.E-3));
#16378=DIRECTION('',(-1.E0,0.E0,0.E0));
#16379=DIRECTION('',(0.E0,-1.E0,0.E0));
#16380=AXIS2_PLACEMENT_3D('',#16377,#16378,#16379);
#16381=PLANE('',#16380);
#16382=ORIENTED_EDGE('',*,*,#15634,.F.);
#16384=ORIENTED_EDGE('',*,*,#16383,.T.);
#16385=ORIENTED_EDGE('',*,*,#15996,.T.);
#16387=ORIENTED_EDGE('',*,*,#16386,.T.);
#16388=EDGE_LOOP('',(#16382,#16384,#16385,#16387));
#16389=FACE_OUTER_BOUND('',#16388,.F.);
#16390=ADVANCED_FACE('',(#16389),#16381,.F.);
#16391=CARTESIAN_POINT('',(1.5E-1,1.E-1,5.E-3));
#16392=DIRECTION('',(0.E0,1.E0,0.E0));
#16393=DIRECTION('',(-1.E0,0.E0,0.E0));
#16394=AXIS2_PLACEMENT_3D('',#16391,#16392,#16393);
#16395=PLANE('',#16394);
#16396=ORIENTED_EDGE('',*,*,#15632,.F.);
#16398=ORIENTED_EDGE('',*,*,#16397,.T.);
#16399=ORIENTED_EDGE('',*,*,#15998,.T.);
#16400=ORIENTED_EDGE('',*,*,#16383,.F.);
#16401=EDGE_LOOP('',(#16396,#16398,#16399,#16400));
#16402=FACE_OUTER_BOUND('',#16401,.F.);
#16403=ADVANCED_FACE('',(#16402),#16395,.F.);
#16404=CARTESIAN_POINT('',(1.5E-1,9.E-2,5.E-3));
#16405=DIRECTION('',(1.E0,0.E0,0.E0));
#16406=DIRECTION('',(0.E0,1.E0,0.E0));
#16407=AXIS2_PLACEMENT_3D('',#16404,#16405,#16406);
#16408=PLANE('',#16407);
#16409=ORIENTED_EDGE('',*,*,#15630,.F.);
#16411=ORIENTED_EDGE('',*,*,#16410,.T.);
#16412=ORIENTED_EDGE('',*,*,#16000,.T.);
#16413=ORIENTED_EDGE('',*,*,#16397,.F.);
#16414=EDGE_LOOP('',(#16409,#16411,#16412,#16413));
#16415=FACE_OUTER_BOUND('',#16414,.F.);
#16416=ADVANCED_FACE('',(#16415),#16408,.F.);
#16417=CARTESIAN_POINT('',(1.6E-1,9.E-2,5.E-3));
#16418=DIRECTION('',(0.E0,1.E0,0.E0));
#16419=DIRECTION('',(-1.E0,0.E0,0.E0));
#16420=AXIS2_PLACEMENT_3D('',#16417,#16418,#16419);
#16421=PLANE('',#16420);
#16422=ORIENTED_EDGE('',*,*,#16410,.F.);
#16423=ORIENTED_EDGE('',*,*,#15628,.F.);
#16425=ORIENTED_EDGE('',*,*,#16424,.T.);
#16426=ORIENTED_EDGE('',*,*,#16344,.T.);
#16427=EDGE_LOOP('',(#16422,#16423,#16425,#16426));
#16428=FACE_OUTER_BOUND('',#16427,.F.);
#16429=ADVANCED_FACE('',(#16428),#16421,.F.);
#16430=CARTESIAN_POINT('',(1.6E-1,7.9E-2,5.E-3));
#16431=DIRECTION('',(1.E0,0.E0,0.E0));
#16432=DIRECTION('',(0.E0,1.E0,0.E0));
#16433=AXIS2_PLACEMENT_3D('',#16430,#16431,#16432);
#16434=PLANE('',#16433);
#16435=ORIENTED_EDGE('',*,*,#15626,.F.);
#16437=ORIENTED_EDGE('',*,*,#16436,.T.);
#16438=ORIENTED_EDGE('',*,*,#16346,.T.);
#16439=ORIENTED_EDGE('',*,*,#16424,.F.);
#16440=EDGE_LOOP('',(#16435,#16437,#16438,#16439));
#16441=FACE_OUTER_BOUND('',#16440,.F.);
#16442=ADVANCED_FACE('',(#16441),#16434,.F.);
#16443=CARTESIAN_POINT('',(1.5E-1,7.9E-2,5.E-3));
#16444=DIRECTION('',(0.E0,-1.E0,0.E0));
#16445=DIRECTION('',(1.E0,0.E0,0.E0));
#16446=AXIS2_PLACEMENT_3D('',#16443,#16444,#16445);
#16447=PLANE('',#16446);
#16448=ORIENTED_EDGE('',*,*,#15624,.F.);
#16450=ORIENTED_EDGE('',*,*,#16449,.T.);
#16451=ORIENTED_EDGE('',*,*,#16348,.T.);
#16452=ORIENTED_EDGE('',*,*,#16436,.F.);
#16453=EDGE_LOOP('',(#16448,#16450,#16451,#16452));
#16454=FACE_OUTER_BOUND('',#16453,.F.);
#16455=ADVANCED_FACE('',(#16454),#16447,.F.);
#16456=CARTESIAN_POINT('',(1.5E-1,9.E-2,5.E-3));
#16457=DIRECTION('',(-1.E0,0.E0,0.E0));
#16458=DIRECTION('',(0.E0,-1.E0,0.E0));
#16459=AXIS2_PLACEMENT_3D('',#16456,#16457,#16458);
#16460=PLANE('',#16459);
#16462=ORIENTED_EDGE('',*,*,#16461,.T.);
#16463=ORIENTED_EDGE('',*,*,#16342,.T.);
#16464=ORIENTED_EDGE('',*,*,#16449,.F.);
#16465=ORIENTED_EDGE('',*,*,#15622,.F.);
#16466=EDGE_LOOP('',(#16462,#16463,#16464,#16465));
#16467=FACE_OUTER_BOUND('',#16466,.F.);
#16468=ADVANCED_FACE('',(#16467),#16460,.F.);
#16469=CARTESIAN_POINT('',(1.4E-1,9.E-2,5.E-3));
#16470=DIRECTION('',(0.E0,-1.E0,0.E0));
#16471=DIRECTION('',(1.E0,0.E0,0.E0));
#16472=AXIS2_PLACEMENT_3D('',#16469,#16470,#16471);
#16473=PLANE('',#16472);
#16474=ORIENTED_EDGE('',*,*,#15620,.F.);
#16476=ORIENTED_EDGE('',*,*,#16475,.F.);
#16477=ORIENTED_EDGE('',*,*,#16002,.T.);
#16478=ORIENTED_EDGE('',*,*,#16461,.F.);
#16479=EDGE_LOOP('',(#16474,#16476,#16477,#16478));
#16480=FACE_OUTER_BOUND('',#16479,.F.);
#16481=ADVANCED_FACE('',(#16480),#16473,.F.);
#16482=CARTESIAN_POINT('',(1.4E-1,5.E-2,5.E-3));
#16483=DIRECTION('',(1.E0,0.E0,0.E0));
#16484=DIRECTION('',(0.E0,1.E0,0.E0));
#16485=AXIS2_PLACEMENT_3D('',#16482,#16483,#16484);
#16486=PLANE('',#16485);
#16487=ORIENTED_EDGE('',*,*,#15618,.F.);
#16489=ORIENTED_EDGE('',*,*,#16488,.F.);
#16490=ORIENTED_EDGE('',*,*,#16080,.T.);
#16491=ORIENTED_EDGE('',*,*,#16475,.T.);
#16492=EDGE_LOOP('',(#16487,#16489,#16490,#16491));
#16493=FACE_OUTER_BOUND('',#16492,.F.);
#16494=ADVANCED_FACE('',(#16493),#16486,.F.);
#16495=CARTESIAN_POINT('',(1.8E-1,5.E-2,5.E-3));
#16496=DIRECTION('',(0.E0,1.E0,0.E0));
#16497=DIRECTION('',(-1.E0,0.E0,0.E0));
#16498=AXIS2_PLACEMENT_3D('',#16495,#16496,#16497);
#16499=PLANE('',#16498);
#16500=ORIENTED_EDGE('',*,*,#16488,.T.);
#16501=ORIENTED_EDGE('',*,*,#15616,.F.);
#16503=ORIENTED_EDGE('',*,*,#16502,.T.);
#16504=ORIENTED_EDGE('',*,*,#16082,.T.);
#16505=EDGE_LOOP('',(#16500,#16501,#16503,#16504));
#16506=FACE_OUTER_BOUND('',#16505,.F.);
#16507=ADVANCED_FACE('',(#16506),#16499,.F.);
#16508=CARTESIAN_POINT('',(1.8E-1,5.E-2,5.E-3));
#16509=DIRECTION('',(0.E0,1.E0,0.E0));
#16510=DIRECTION('',(-1.E0,0.E0,0.E0));
#16511=AXIS2_PLACEMENT_3D('',#16508,#16509,#16510);
#16512=PLANE('',#16511);
#16513=ORIENTED_EDGE('',*,*,#15836,.F.);
#16515=ORIENTED_EDGE('',*,*,#16514,.F.);
#16516=ORIENTED_EDGE('',*,*,#16122,.T.);
#16518=ORIENTED_EDGE('',*,*,#16517,.T.);
#16519=EDGE_LOOP('',(#16513,#16515,#16516,#16518));
#16520=FACE_OUTER_BOUND('',#16519,.F.);
#16521=ADVANCED_FACE('',(#16520),#16512,.F.);
#16522=CARTESIAN_POINT('',(1.8E-1,4.E-2,5.E-3));
#16523=DIRECTION('',(1.E0,0.E0,0.E0));
#16524=DIRECTION('',(0.E0,1.E0,0.E0));
#16525=AXIS2_PLACEMENT_3D('',#16522,#16523,#16524);
#16526=PLANE('',#16525);
#16527=ORIENTED_EDGE('',*,*,#15614,.F.);
#16529=ORIENTED_EDGE('',*,*,#16528,.T.);
#16530=ORIENTED_EDGE('',*,*,#16084,.T.);
#16531=ORIENTED_EDGE('',*,*,#16502,.F.);
#16532=EDGE_LOOP('',(#16527,#16529,#16530,#16531));
#16533=FACE_OUTER_BOUND('',#16532,.F.);
#16534=ADVANCED_FACE('',(#16533),#16526,.F.);
#16535=CARTESIAN_POINT('',(5.E-2,4.E-2,5.E-3));
#16536=DIRECTION('',(0.E0,-1.E0,0.E0));
#16537=DIRECTION('',(1.E0,0.E0,0.E0));
#16538=AXIS2_PLACEMENT_3D('',#16535,#16536,#16537);
#16539=PLANE('',#16538);
#16540=ORIENTED_EDGE('',*,*,#15612,.F.);
#16542=ORIENTED_EDGE('',*,*,#16541,.T.);
#16543=ORIENTED_EDGE('',*,*,#16086,.T.);
#16544=ORIENTED_EDGE('',*,*,#16528,.F.);
#16545=EDGE_LOOP('',(#16540,#16542,#16543,#16544));
#16546=FACE_OUTER_BOUND('',#16545,.F.);
#16547=ADVANCED_FACE('',(#16546),#16539,.F.);
#16548=CARTESIAN_POINT('',(5.E-2,1.7E-1,5.E-3));
#16549=DIRECTION('',(-1.E0,0.E0,0.E0));
#16550=DIRECTION('',(0.E0,-1.E0,0.E0));
#16551=AXIS2_PLACEMENT_3D('',#16548,#16549,#16550);
#16552=PLANE('',#16551);
#16553=ORIENTED_EDGE('',*,*,#15610,.F.);
#16555=ORIENTED_EDGE('',*,*,#16554,.T.);
#16556=ORIENTED_EDGE('',*,*,#16088,.T.);
#16557=ORIENTED_EDGE('',*,*,#16541,.F.);
#16558=EDGE_LOOP('',(#16553,#16555,#16556,#16557));
#16559=FACE_OUTER_BOUND('',#16558,.F.);
#16560=ADVANCED_FACE('',(#16559),#16552,.F.);
#16561=CARTESIAN_POINT('',(6.E-2,1.7E-1,5.E-3));
#16562=DIRECTION('',(0.E0,1.E0,0.E0));
#16563=DIRECTION('',(-1.E0,0.E0,0.E0));
#16564=AXIS2_PLACEMENT_3D('',#16561,#16562,#16563);
#16565=PLANE('',#16564);
#16566=ORIENTED_EDGE('',*,*,#15608,.F.);
#16568=ORIENTED_EDGE('',*,*,#16567,.T.);
#16569=ORIENTED_EDGE('',*,*,#16090,.T.);
#16570=ORIENTED_EDGE('',*,*,#16554,.F.);
#16571=EDGE_LOOP('',(#16566,#16568,#16569,#16570));
#16572=FACE_OUTER_BOUND('',#16571,.F.);
#16573=ADVANCED_FACE('',(#16572),#16565,.F.);
#16574=CARTESIAN_POINT('',(6.E-2,5.E-2,5.E-3));
#16575=DIRECTION('',(1.E0,0.E0,0.E0));
#16576=DIRECTION('',(0.E0,1.E0,0.E0));
#16577=AXIS2_PLACEMENT_3D('',#16574,#16575,#16576);
#16578=PLANE('',#16577);
#16580=ORIENTED_EDGE('',*,*,#16579,.F.);
#16581=ORIENTED_EDGE('',*,*,#16092,.T.);
#16582=ORIENTED_EDGE('',*,*,#16567,.F.);
#16583=ORIENTED_EDGE('',*,*,#15606,.F.);
#16584=EDGE_LOOP('',(#16580,#16581,#16582,#16583));
#16585=FACE_OUTER_BOUND('',#16584,.F.);
#16586=ADVANCED_FACE('',(#16585),#16578,.F.);
#16587=CARTESIAN_POINT('',(6.E-2,5.E-2,5.E-3));
#16588=DIRECTION('',(1.E0,0.E0,0.E0));
#16589=DIRECTION('',(0.E0,1.E0,0.E0));
#16590=AXIS2_PLACEMENT_3D('',#16587,#16588,#16589);
#16591=PLANE('',#16590);
#16592=ORIENTED_EDGE('',*,*,#15850,.F.);
#16594=ORIENTED_EDGE('',*,*,#16593,.F.);
#16595=ORIENTED_EDGE('',*,*,#16108,.T.);
#16597=ORIENTED_EDGE('',*,*,#16596,.T.);
#16598=EDGE_LOOP('',(#16592,#16594,#16595,#16597));
#16599=FACE_OUTER_BOUND('',#16598,.F.);
#16600=ADVANCED_FACE('',(#16599),#16591,.F.);
#16601=CARTESIAN_POINT('',(6.E-2,5.E-2,5.E-3));
#16602=DIRECTION('',(1.E0,0.E0,0.E0));
#16603=DIRECTION('',(0.E0,1.E0,0.E0));
#16604=AXIS2_PLACEMENT_3D('',#16601,#16602,#16603);
#16605=PLANE('',#16604);
#16606=ORIENTED_EDGE('',*,*,#15872,.F.);
#16608=ORIENTED_EDGE('',*,*,#16607,.F.);
#16609=ORIENTED_EDGE('',*,*,#16116,.T.);
#16611=ORIENTED_EDGE('',*,*,#16610,.T.);
#16612=EDGE_LOOP('',(#16606,#16608,#16609,#16611));
#16613=FACE_OUTER_BOUND('',#16612,.F.);
#16614=ADVANCED_FACE('',(#16613),#16605,.F.);
#16615=CARTESIAN_POINT('',(8.E-2,1.4E-1,5.E-3));
#16616=DIRECTION('',(0.E0,1.E0,0.E0));
#16617=DIRECTION('',(-1.E0,0.E0,0.E0));
#16618=AXIS2_PLACEMENT_3D('',#16615,#16616,#16617);
#16619=PLANE('',#16618);
#16620=ORIENTED_EDGE('',*,*,#15604,.F.);
#16622=ORIENTED_EDGE('',*,*,#16621,.F.);
#16623=ORIENTED_EDGE('',*,*,#16094,.T.);
#16624=ORIENTED_EDGE('',*,*,#16579,.T.);
#16625=EDGE_LOOP('',(#16620,#16622,#16623,#16624));
#16626=FACE_OUTER_BOUND('',#16625,.F.);
#16627=ADVANCED_FACE('',(#16626),#16619,.F.);
#16628=CARTESIAN_POINT('',(7.E-2,1.5E-1,5.E-3));
#16629=DIRECTION('',(-1.E0,0.E0,0.E0));
#16630=DIRECTION('',(0.E0,-1.E0,0.E0));
#16631=AXIS2_PLACEMENT_3D('',#16628,#16629,#16630);
#16632=PLANE('',#16631);
#16633=ORIENTED_EDGE('',*,*,#15602,.F.);
#16635=ORIENTED_EDGE('',*,*,#16634,.T.);
#16636=ORIENTED_EDGE('',*,*,#16096,.T.);
#16637=ORIENTED_EDGE('',*,*,#16621,.T.);
#16638=EDGE_LOOP('',(#16633,#16635,#16636,#16637));
#16639=FACE_OUTER_BOUND('',#16638,.F.);
#16640=ADVANCED_FACE('',(#16639),#16632,.F.);
#16641=CARTESIAN_POINT('',(8.E-2,1.5E-1,5.E-3));
#16642=DIRECTION('',(0.E0,1.E0,0.E0));
#16643=DIRECTION('',(-1.E0,0.E0,0.E0));
#16644=AXIS2_PLACEMENT_3D('',#16641,#16642,#16643);
#16645=PLANE('',#16644);
#16646=ORIENTED_EDGE('',*,*,#15728,.F.);
#16648=ORIENTED_EDGE('',*,*,#16647,.F.);
#16649=ORIENTED_EDGE('',*,*,#16098,.T.);
#16650=ORIENTED_EDGE('',*,*,#16634,.F.);
#16651=EDGE_LOOP('',(#16646,#16648,#16649,#16650));
#16652=FACE_OUTER_BOUND('',#16651,.F.);
#16653=ADVANCED_FACE('',(#16652),#16645,.F.);
#16654=CARTESIAN_POINT('',(8.E-2,1.6E-1,5.E-3));
#16655=DIRECTION('',(-1.E0,0.E0,0.E0));
#16656=DIRECTION('',(0.E0,-1.E0,0.E0));
#16657=AXIS2_PLACEMENT_3D('',#16654,#16655,#16656);
#16658=PLANE('',#16657);
#16659=ORIENTED_EDGE('',*,*,#15726,.F.);
#16661=ORIENTED_EDGE('',*,*,#16660,.F.);
#16662=ORIENTED_EDGE('',*,*,#16358,.T.);
#16663=ORIENTED_EDGE('',*,*,#16647,.T.);
#16664=EDGE_LOOP('',(#16659,#16661,#16662,#16663));
#16665=FACE_OUTER_BOUND('',#16664,.F.);
#16666=ADVANCED_FACE('',(#16665),#16658,.F.);
#16667=CARTESIAN_POINT('',(7.E-2,1.6E-1,5.E-3));
#16668=DIRECTION('',(0.E0,-1.E0,0.E0));
#16669=DIRECTION('',(1.E0,0.E0,0.E0));
#16670=AXIS2_PLACEMENT_3D('',#16667,#16668,#16669);
#16671=PLANE('',#16670);
#16672=ORIENTED_EDGE('',*,*,#16660,.T.);
#16673=ORIENTED_EDGE('',*,*,#15724,.F.);
#16675=ORIENTED_EDGE('',*,*,#16674,.T.);
#16676=ORIENTED_EDGE('',*,*,#16262,.T.);
#16677=EDGE_LOOP('',(#16672,#16673,#16675,#16676));
#16678=FACE_OUTER_BOUND('',#16677,.F.);
#16679=ADVANCED_FACE('',(#16678),#16671,.F.);
#16680=CARTESIAN_POINT('',(7.E-2,1.7E-1,5.E-3));
#16681=DIRECTION('',(-1.E0,0.E0,0.E0));
#16682=DIRECTION('',(0.E0,-1.E0,0.E0));
#16683=AXIS2_PLACEMENT_3D('',#16680,#16681,#16682);
#16684=PLANE('',#16683);
#16685=ORIENTED_EDGE('',*,*,#15722,.F.);
#16687=ORIENTED_EDGE('',*,*,#16686,.T.);
#16688=ORIENTED_EDGE('',*,*,#16264,.T.);
#16689=ORIENTED_EDGE('',*,*,#16674,.F.);
#16690=EDGE_LOOP('',(#16685,#16687,#16688,#16689));
#16691=FACE_OUTER_BOUND('',#16690,.F.);
#16692=ADVANCED_FACE('',(#16691),#16684,.F.);
#16693=CARTESIAN_POINT('',(8.E-2,1.7E-1,5.E-3));
#16694=DIRECTION('',(0.E0,1.E0,0.E0));
#16695=DIRECTION('',(-1.E0,0.E0,0.E0));
#16696=AXIS2_PLACEMENT_3D('',#16693,#16694,#16695);
#16697=PLANE('',#16696);
#16698=ORIENTED_EDGE('',*,*,#15720,.F.);
#16700=ORIENTED_EDGE('',*,*,#16699,.T.);
#16701=ORIENTED_EDGE('',*,*,#16266,.T.);
#16702=ORIENTED_EDGE('',*,*,#16686,.F.);
#16703=EDGE_LOOP('',(#16698,#16700,#16701,#16702));
#16704=FACE_OUTER_BOUND('',#16703,.F.);
#16705=ADVANCED_FACE('',(#16704),#16697,.F.);
#16706=CARTESIAN_POINT('',(8.E-2,1.6E-1,5.E-3));
#16707=DIRECTION('',(1.E0,0.E0,0.E0));
#16708=DIRECTION('',(0.E0,1.E0,0.E0));
#16709=AXIS2_PLACEMENT_3D('',#16706,#16707,#16708);
#16710=PLANE('',#16709);
#16712=ORIENTED_EDGE('',*,*,#16711,.F.);
#16713=ORIENTED_EDGE('',*,*,#16268,.T.);
#16714=ORIENTED_EDGE('',*,*,#16699,.F.);
#16715=ORIENTED_EDGE('',*,*,#15718,.F.);
#16716=EDGE_LOOP('',(#16712,#16713,#16714,#16715));
#16717=FACE_OUTER_BOUND('',#16716,.F.);
#16718=ADVANCED_FACE('',(#16717),#16710,.F.);
#16719=CARTESIAN_POINT('',(1.1E-1,1.6E-1,5.E-3));
#16720=DIRECTION('',(0.E0,1.E0,0.E0));
#16721=DIRECTION('',(-1.E0,0.E0,0.E0));
#16722=AXIS2_PLACEMENT_3D('',#16719,#16720,#16721);
#16723=PLANE('',#16722);
#16724=ORIENTED_EDGE('',*,*,#15708,.F.);
#16726=ORIENTED_EDGE('',*,*,#16725,.F.);
#16727=ORIENTED_EDGE('',*,*,#16368,.T.);
#16729=ORIENTED_EDGE('',*,*,#16728,.T.);
#16730=EDGE_LOOP('',(#16724,#16726,#16727,#16729));
#16731=FACE_OUTER_BOUND('',#16730,.F.);
#16732=ADVANCED_FACE('',(#16731),#16723,.F.);
#16733=CARTESIAN_POINT('',(1.1E-1,1.6E-1,5.E-3));
#16734=DIRECTION('',(0.E0,1.E0,0.E0));
#16735=DIRECTION('',(-1.E0,0.E0,0.E0));
#16736=AXIS2_PLACEMENT_3D('',#16733,#16734,#16735);
#16737=PLANE('',#16736);
#16738=ORIENTED_EDGE('',*,*,#15716,.F.);
#16740=ORIENTED_EDGE('',*,*,#16739,.F.);
#16741=ORIENTED_EDGE('',*,*,#16360,.T.);
#16742=ORIENTED_EDGE('',*,*,#16711,.T.);
#16743=EDGE_LOOP('',(#16738,#16740,#16741,#16742));
#16744=FACE_OUTER_BOUND('',#16743,.F.);
#16745=ADVANCED_FACE('',(#16744),#16737,.F.);
#16746=CARTESIAN_POINT('',(1.1E-1,1.7E-1,5.E-3));
#16747=DIRECTION('',(-1.E0,0.E0,0.E0));
#16748=DIRECTION('',(0.E0,-1.E0,0.E0));
#16749=AXIS2_PLACEMENT_3D('',#16746,#16747,#16748);
#16750=PLANE('',#16749);
#16751=ORIENTED_EDGE('',*,*,#16725,.T.);
#16752=ORIENTED_EDGE('',*,*,#15706,.F.);
#16754=ORIENTED_EDGE('',*,*,#16753,.T.);
#16755=ORIENTED_EDGE('',*,*,#16314,.T.);
#16756=EDGE_LOOP('',(#16751,#16752,#16754,#16755));
#16757=FACE_OUTER_BOUND('',#16756,.F.);
#16758=ADVANCED_FACE('',(#16757),#16750,.F.);
#16759=CARTESIAN_POINT('',(1.2E-1,1.7E-1,5.E-3));
#16760=DIRECTION('',(0.E0,1.E0,0.E0));
#16761=DIRECTION('',(-1.E0,0.E0,0.E0));
#16762=AXIS2_PLACEMENT_3D('',#16759,#16760,#16761);
#16763=PLANE('',#16762);
#16764=ORIENTED_EDGE('',*,*,#15704,.F.);
#16766=ORIENTED_EDGE('',*,*,#16765,.T.);
#16767=ORIENTED_EDGE('',*,*,#16316,.T.);
#16768=ORIENTED_EDGE('',*,*,#16753,.F.);
#16769=EDGE_LOOP('',(#16764,#16766,#16767,#16768));
#16770=FACE_OUTER_BOUND('',#16769,.F.);
#16771=ADVANCED_FACE('',(#16770),#16763,.F.);
#16772=CARTESIAN_POINT('',(1.2E-1,1.6E-1,5.E-3));
#16773=DIRECTION('',(1.E0,0.E0,0.E0));
#16774=DIRECTION('',(0.E0,1.E0,0.E0));
#16775=AXIS2_PLACEMENT_3D('',#16772,#16773,#16774);
#16776=PLANE('',#16775);
#16777=ORIENTED_EDGE('',*,*,#15702,.F.);
#16779=ORIENTED_EDGE('',*,*,#16778,.F.);
#16780=ORIENTED_EDGE('',*,*,#16310,.T.);
#16781=ORIENTED_EDGE('',*,*,#16765,.F.);
#16782=EDGE_LOOP('',(#16777,#16779,#16780,#16781));
#16783=FACE_OUTER_BOUND('',#16782,.F.);
#16784=ADVANCED_FACE('',(#16783),#16776,.F.);
#16785=CARTESIAN_POINT('',(1.3E-1,1.6E-1,5.E-3));
#16786=DIRECTION('',(0.E0,1.E0,0.E0));
#16787=DIRECTION('',(-1.E0,0.E0,0.E0));
#16788=AXIS2_PLACEMENT_3D('',#16785,#16786,#16787);
#16789=PLANE('',#16788);
#16790=ORIENTED_EDGE('',*,*,#15700,.F.);
#16792=ORIENTED_EDGE('',*,*,#16791,.F.);
#16793=ORIENTED_EDGE('',*,*,#16022,.T.);
#16794=ORIENTED_EDGE('',*,*,#16778,.T.);
#16795=EDGE_LOOP('',(#16790,#16792,#16793,#16794));
#16796=FACE_OUTER_BOUND('',#16795,.F.);
#16797=ADVANCED_FACE('',(#16796),#16789,.F.);
#16798=CARTESIAN_POINT('',(1.3E-1,1.7E-1,5.E-3));
#16799=DIRECTION('',(-1.E0,0.E0,0.E0));
#16800=DIRECTION('',(0.E0,-1.E0,0.E0));
#16801=AXIS2_PLACEMENT_3D('',#16798,#16799,#16800);
#16802=PLANE('',#16801);
#16803=ORIENTED_EDGE('',*,*,#15698,.F.);
#16805=ORIENTED_EDGE('',*,*,#16804,.T.);
#16806=ORIENTED_EDGE('',*,*,#16294,.T.);
#16807=ORIENTED_EDGE('',*,*,#16791,.T.);
#16808=EDGE_LOOP('',(#16803,#16805,#16806,#16807));
#16809=FACE_OUTER_BOUND('',#16808,.F.);
#16810=ADVANCED_FACE('',(#16809),#16802,.F.);
#16811=CARTESIAN_POINT('',(1.4E-1,1.7E-1,5.E-3));
#16812=DIRECTION('',(0.E0,1.E0,0.E0));
#16813=DIRECTION('',(-1.E0,0.E0,0.E0));
#16814=AXIS2_PLACEMENT_3D('',#16811,#16812,#16813);
#16815=PLANE('',#16814);
#16816=ORIENTED_EDGE('',*,*,#15696,.F.);
#16818=ORIENTED_EDGE('',*,*,#16817,.T.);
#16819=ORIENTED_EDGE('',*,*,#16296,.T.);
#16820=ORIENTED_EDGE('',*,*,#16804,.F.);
#16821=EDGE_LOOP('',(#16816,#16818,#16819,#16820));
#16822=FACE_OUTER_BOUND('',#16821,.F.);
#16823=ADVANCED_FACE('',(#16822),#16815,.F.);
#16824=CARTESIAN_POINT('',(1.4E-1,1.6E-1,5.E-3));
#16825=DIRECTION('',(1.E0,0.E0,0.E0));
#16826=DIRECTION('',(0.E0,1.E0,0.E0));
#16827=AXIS2_PLACEMENT_3D('',#16824,#16825,#16826);
#16828=PLANE('',#16827);
#16829=ORIENTED_EDGE('',*,*,#15694,.F.);
#16831=ORIENTED_EDGE('',*,*,#16830,.F.);
#16832=ORIENTED_EDGE('',*,*,#16298,.T.);
#16833=ORIENTED_EDGE('',*,*,#16817,.F.);
#16834=EDGE_LOOP('',(#16829,#16831,#16832,#16833));
#16835=FACE_OUTER_BOUND('',#16834,.F.);
#16836=ADVANCED_FACE('',(#16835),#16828,.F.);
#16837=CARTESIAN_POINT('',(1.5E-1,1.6E-1,5.E-3));
#16838=DIRECTION('',(0.E0,1.E0,0.E0));
#16839=DIRECTION('',(-1.E0,0.E0,0.E0));
#16840=AXIS2_PLACEMENT_3D('',#16837,#16838,#16839);
#16841=PLANE('',#16840);
#16842=ORIENTED_EDGE('',*,*,#15692,.F.);
#16844=ORIENTED_EDGE('',*,*,#16843,.F.);
#16845=ORIENTED_EDGE('',*,*,#16030,.T.);
#16846=ORIENTED_EDGE('',*,*,#16830,.T.);
#16847=EDGE_LOOP('',(#16842,#16844,#16845,#16846));
#16848=FACE_OUTER_BOUND('',#16847,.F.);
#16849=ADVANCED_FACE('',(#16848),#16841,.F.);
#16850=CARTESIAN_POINT('',(1.5E-1,1.7E-1,5.E-3));
#16851=DIRECTION('',(-1.E0,0.E0,0.E0));
#16852=DIRECTION('',(0.E0,-1.E0,0.E0));
#16853=AXIS2_PLACEMENT_3D('',#16850,#16851,#16852);
#16854=PLANE('',#16853);
#16855=ORIENTED_EDGE('',*,*,#15690,.F.);
#16857=ORIENTED_EDGE('',*,*,#16856,.T.);
#16858=ORIENTED_EDGE('',*,*,#16278,.T.);
#16859=ORIENTED_EDGE('',*,*,#16843,.T.);
#16860=EDGE_LOOP('',(#16855,#16857,#16858,#16859));
#16861=FACE_OUTER_BOUND('',#16860,.F.);
#16862=ADVANCED_FACE('',(#16861),#16854,.F.);
#16863=CARTESIAN_POINT('',(1.6E-1,1.7E-1,5.E-3));
#16864=DIRECTION('',(0.E0,1.E0,0.E0));
#16865=DIRECTION('',(-1.E0,0.E0,0.E0));
#16866=AXIS2_PLACEMENT_3D('',#16863,#16864,#16865);
#16867=PLANE('',#16866);
#16868=ORIENTED_EDGE('',*,*,#15688,.F.);
#16870=ORIENTED_EDGE('',*,*,#16869,.T.);
#16871=ORIENTED_EDGE('',*,*,#16280,.T.);
#16872=ORIENTED_EDGE('',*,*,#16856,.F.);
#16873=EDGE_LOOP('',(#16868,#16870,#16871,#16872));
#16874=FACE_OUTER_BOUND('',#16873,.F.);
#16875=ADVANCED_FACE('',(#16874),#16867,.F.);
#16876=CARTESIAN_POINT('',(1.6E-1,1.6E-1,5.E-3));
#16877=DIRECTION('',(1.E0,0.E0,0.E0));
#16878=DIRECTION('',(0.E0,1.E0,0.E0));
#16879=AXIS2_PLACEMENT_3D('',#16876,#16877,#16878);
#16880=PLANE('',#16879);
#16881=ORIENTED_EDGE('',*,*,#15686,.F.);
#16883=ORIENTED_EDGE('',*,*,#16882,.T.);
#16884=ORIENTED_EDGE('',*,*,#16282,.T.);
#16885=ORIENTED_EDGE('',*,*,#16869,.F.);
#16886=EDGE_LOOP('',(#16881,#16883,#16884,#16885));
#16887=FACE_OUTER_BOUND('',#16886,.F.);
#16888=ADVANCED_FACE('',(#16887),#16880,.F.);
#16889=CARTESIAN_POINT('',(1.5E-1,1.6E-1,5.E-3));
#16890=DIRECTION('',(0.E0,-1.E0,0.E0));
#16891=DIRECTION('',(1.E0,0.E0,0.E0));
#16892=AXIS2_PLACEMENT_3D('',#16889,#16890,#16891);
#16893=PLANE('',#16892);
#16894=ORIENTED_EDGE('',*,*,#15684,.F.);
#16896=ORIENTED_EDGE('',*,*,#16895,.F.);
#16897=ORIENTED_EDGE('',*,*,#16284,.T.);
#16898=ORIENTED_EDGE('',*,*,#16882,.F.);
#16899=EDGE_LOOP('',(#16894,#16896,#16897,#16898));
#16900=FACE_OUTER_BOUND('',#16899,.F.);
#16901=ADVANCED_FACE('',(#16900),#16893,.F.);
#16902=CARTESIAN_POINT('',(1.5E-1,1.4E-1,5.E-3));
#16903=DIRECTION('',(1.E0,0.E0,0.E0));
#16904=DIRECTION('',(0.E0,1.E0,0.E0));
#16905=AXIS2_PLACEMENT_3D('',#16902,#16903,#16904);
#16906=PLANE('',#16905);
#16907=ORIENTED_EDGE('',*,*,#15682,.F.);
#16909=ORIENTED_EDGE('',*,*,#16908,.T.);
#16910=ORIENTED_EDGE('',*,*,#16032,.T.);
#16911=ORIENTED_EDGE('',*,*,#16895,.T.);
#16912=EDGE_LOOP('',(#16907,#16909,#16910,#16911));
#16913=FACE_OUTER_BOUND('',#16912,.F.);
#16914=ADVANCED_FACE('',(#16913),#16906,.F.);
#16915=CARTESIAN_POINT('',(1.4E-1,1.4E-1,5.E-3));
#16916=DIRECTION('',(0.E0,-1.E0,0.E0));
#16917=DIRECTION('',(1.E0,0.E0,0.E0));
#16918=AXIS2_PLACEMENT_3D('',#16915,#16916,#16917);
#16919=PLANE('',#16918);
#16920=ORIENTED_EDGE('',*,*,#15680,.F.);
#16922=ORIENTED_EDGE('',*,*,#16921,.T.);
#16923=ORIENTED_EDGE('',*,*,#16034,.T.);
#16924=ORIENTED_EDGE('',*,*,#16908,.F.);
#16925=EDGE_LOOP('',(#16920,#16922,#16923,#16924));
#16926=FACE_OUTER_BOUND('',#16925,.F.);
#16927=ADVANCED_FACE('',(#16926),#16919,.F.);
#16928=CARTESIAN_POINT('',(1.4E-1,1.3E-1,5.E-3));
#16929=DIRECTION('',(1.E0,0.E0,0.E0));
#16930=DIRECTION('',(0.E0,1.E0,0.E0));
#16931=AXIS2_PLACEMENT_3D('',#16928,#16929,#16930);
#16932=PLANE('',#16931);
#16933=ORIENTED_EDGE('',*,*,#15678,.F.);
#16935=ORIENTED_EDGE('',*,*,#16934,.F.);
#16936=ORIENTED_EDGE('',*,*,#16036,.T.);
#16937=ORIENTED_EDGE('',*,*,#16921,.F.);
#16938=EDGE_LOOP('',(#16933,#16935,#16936,#16937));
#16939=FACE_OUTER_BOUND('',#16938,.F.);
#16940=ADVANCED_FACE('',(#16939),#16932,.F.);
#16941=CARTESIAN_POINT('',(1.6E-1,1.3E-1,5.E-3));
#16942=DIRECTION('',(0.E0,1.E0,0.E0));
#16943=DIRECTION('',(-1.E0,0.E0,0.E0));
#16944=AXIS2_PLACEMENT_3D('',#16941,#16942,#16943);
#16945=PLANE('',#16944);
#16946=ORIENTED_EDGE('',*,*,#15676,.F.);
#16948=ORIENTED_EDGE('',*,*,#16947,.T.);
#16949=ORIENTED_EDGE('',*,*,#16038,.T.);
#16950=ORIENTED_EDGE('',*,*,#16934,.T.);
#16951=EDGE_LOOP('',(#16946,#16948,#16949,#16950));
#16952=FACE_OUTER_BOUND('',#16951,.F.);
#16953=ADVANCED_FACE('',(#16952),#16945,.F.);
#16954=CARTESIAN_POINT('',(1.6E-1,1.5E-1,5.E-3));
#16955=DIRECTION('',(-1.E0,0.E0,0.E0));
#16956=DIRECTION('',(0.E0,-1.E0,0.E0));
#16957=AXIS2_PLACEMENT_3D('',#16954,#16955,#16956);
#16958=PLANE('',#16957);
#16959=ORIENTED_EDGE('',*,*,#15674,.F.);
#16961=ORIENTED_EDGE('',*,*,#16960,.T.);
#16962=ORIENTED_EDGE('',*,*,#16040,.T.);
#16963=ORIENTED_EDGE('',*,*,#16947,.F.);
#16964=EDGE_LOOP('',(#16959,#16961,#16962,#16963));
#16965=FACE_OUTER_BOUND('',#16964,.F.);
#16966=ADVANCED_FACE('',(#16965),#16958,.F.);
#16967=CARTESIAN_POINT('',(1.8E-1,1.5E-1,5.E-3));
#16968=DIRECTION('',(0.E0,1.E0,0.E0));
#16969=DIRECTION('',(-1.E0,0.E0,0.E0));
#16970=AXIS2_PLACEMENT_3D('',#16967,#16968,#16969);
#16971=PLANE('',#16970);
#16972=ORIENTED_EDGE('',*,*,#15672,.F.);
#16974=ORIENTED_EDGE('',*,*,#16973,.T.);
#16975=ORIENTED_EDGE('',*,*,#16042,.T.);
#16976=ORIENTED_EDGE('',*,*,#16960,.F.);
#16977=EDGE_LOOP('',(#16972,#16974,#16975,#16976));
#16978=FACE_OUTER_BOUND('',#16977,.F.);
#16979=ADVANCED_FACE('',(#16978),#16971,.F.);
#16980=CARTESIAN_POINT('',(1.8E-1,1.4E-1,5.E-3));
#16981=DIRECTION('',(1.E0,0.E0,0.E0));
#16982=DIRECTION('',(0.E0,1.E0,0.E0));
#16983=AXIS2_PLACEMENT_3D('',#16980,#16981,#16982);
#16984=PLANE('',#16983);
#16985=ORIENTED_EDGE('',*,*,#15670,.F.);
#16987=ORIENTED_EDGE('',*,*,#16986,.T.);
#16988=ORIENTED_EDGE('',*,*,#16044,.T.);
#16989=ORIENTED_EDGE('',*,*,#16973,.F.);
#16990=EDGE_LOOP('',(#16985,#16987,#16988,#16989));
#16991=FACE_OUTER_BOUND('',#16990,.F.);
#16992=ADVANCED_FACE('',(#16991),#16984,.F.);
#16993=CARTESIAN_POINT('',(1.7E-1,1.4E-1,5.E-3));
#16994=DIRECTION('',(0.E0,-1.E0,0.E0));
#16995=DIRECTION('',(1.E0,0.E0,0.E0));
#16996=AXIS2_PLACEMENT_3D('',#16993,#16994,#16995);
#16997=PLANE('',#16996);
#16998=ORIENTED_EDGE('',*,*,#15668,.F.);
#17000=ORIENTED_EDGE('',*,*,#16999,.T.);
#17001=ORIENTED_EDGE('',*,*,#16046,.T.);
#17002=ORIENTED_EDGE('',*,*,#16986,.F.);
#17003=EDGE_LOOP('',(#16998,#17000,#17001,#17002));
#17004=FACE_OUTER_BOUND('',#17003,.F.);
#17005=ADVANCED_FACE('',(#17004),#16997,.F.);
#17006=CARTESIAN_POINT('',(1.7E-1,1.3E-1,5.E-3));
#17007=DIRECTION('',(1.E0,0.E0,0.E0));
#17008=DIRECTION('',(0.E0,1.E0,0.E0));
#17009=AXIS2_PLACEMENT_3D('',#17006,#17007,#17008);
#17010=PLANE('',#17009);
#17011=ORIENTED_EDGE('',*,*,#15666,.F.);
#17013=ORIENTED_EDGE('',*,*,#17012,.T.);
#17014=ORIENTED_EDGE('',*,*,#16048,.T.);
#17015=ORIENTED_EDGE('',*,*,#16999,.F.);
#17016=EDGE_LOOP('',(#17011,#17013,#17014,#17015));
#17017=FACE_OUTER_BOUND('',#17016,.F.);
#17018=ADVANCED_FACE('',(#17017),#17010,.F.);
#17019=CARTESIAN_POINT('',(1.8E-1,1.3E-1,5.E-3));
#17020=DIRECTION('',(0.E0,1.E0,0.E0));
#17021=DIRECTION('',(-1.E0,0.E0,0.E0));
#17022=AXIS2_PLACEMENT_3D('',#17019,#17020,#17021);
#17023=PLANE('',#17022);
#17024=ORIENTED_EDGE('',*,*,#15664,.F.);
#17026=ORIENTED_EDGE('',*,*,#17025,.T.);
#17027=ORIENTED_EDGE('',*,*,#16050,.T.);
#17028=ORIENTED_EDGE('',*,*,#17012,.F.);
#17029=EDGE_LOOP('',(#17024,#17026,#17027,#17028));
#17030=FACE_OUTER_BOUND('',#17029,.F.);
#17031=ADVANCED_FACE('',(#17030),#17023,.F.);
#17032=CARTESIAN_POINT('',(1.8E-1,1.2E-1,5.E-3));
#17033=DIRECTION('',(1.E0,0.E0,0.E0));
#17034=DIRECTION('',(0.E0,1.E0,0.E0));
#17035=AXIS2_PLACEMENT_3D('',#17032,#17033,#17034);
#17036=PLANE('',#17035);
#17037=ORIENTED_EDGE('',*,*,#15662,.F.);
#17039=ORIENTED_EDGE('',*,*,#17038,.T.);
#17040=ORIENTED_EDGE('',*,*,#16052,.T.);
#17041=ORIENTED_EDGE('',*,*,#17025,.F.);
#17042=EDGE_LOOP('',(#17037,#17039,#17040,#17041));
#17043=FACE_OUTER_BOUND('',#17042,.F.);
#17044=ADVANCED_FACE('',(#17043),#17036,.F.);
#17045=CARTESIAN_POINT('',(1.7E-1,1.2E-1,5.E-3));
#17046=DIRECTION('',(0.E0,-1.E0,0.E0));
#17047=DIRECTION('',(1.E0,0.E0,0.E0));
#17048=AXIS2_PLACEMENT_3D('',#17045,#17046,#17047);
#17049=PLANE('',#17048);
#17050=ORIENTED_EDGE('',*,*,#15660,.F.);
#17052=ORIENTED_EDGE('',*,*,#17051,.T.);
#17053=ORIENTED_EDGE('',*,*,#16054,.T.);
#17054=ORIENTED_EDGE('',*,*,#17038,.F.);
#17055=EDGE_LOOP('',(#17050,#17052,#17053,#17054));
#17056=FACE_OUTER_BOUND('',#17055,.F.);
#17057=ADVANCED_FACE('',(#17056),#17049,.F.);
#17058=CARTESIAN_POINT('',(1.7E-1,1.1E-1,5.E-3));
#17059=DIRECTION('',(1.E0,0.E0,0.E0));
#17060=DIRECTION('',(0.E0,1.E0,0.E0));
#17061=AXIS2_PLACEMENT_3D('',#17058,#17059,#17060);
#17062=PLANE('',#17061);
#17063=ORIENTED_EDGE('',*,*,#15658,.F.);
#17065=ORIENTED_EDGE('',*,*,#17064,.T.);
#17066=ORIENTED_EDGE('',*,*,#16056,.T.);
#17067=ORIENTED_EDGE('',*,*,#17051,.F.);
#17068=EDGE_LOOP('',(#17063,#17065,#17066,#17067));
#17069=FACE_OUTER_BOUND('',#17068,.F.);
#17070=ADVANCED_FACE('',(#17069),#17062,.F.);
#17071=CARTESIAN_POINT('',(1.8E-1,1.1E-1,5.E-3));
#17072=DIRECTION('',(0.E0,1.E0,0.E0));
#17073=DIRECTION('',(-1.E0,0.E0,0.E0));
#17074=AXIS2_PLACEMENT_3D('',#17071,#17072,#17073);
#17075=PLANE('',#17074);
#17076=ORIENTED_EDGE('',*,*,#15656,.F.);
#17078=ORIENTED_EDGE('',*,*,#17077,.T.);
#17079=ORIENTED_EDGE('',*,*,#16058,.T.);
#17080=ORIENTED_EDGE('',*,*,#17064,.F.);
#17081=EDGE_LOOP('',(#17076,#17078,#17079,#17080));
#17082=FACE_OUTER_BOUND('',#17081,.F.);
#17083=ADVANCED_FACE('',(#17082),#17075,.F.);
#17084=CARTESIAN_POINT('',(1.8E-1,1.E-1,5.E-3));
#17085=DIRECTION('',(1.E0,0.E0,0.E0));
#17086=DIRECTION('',(0.E0,1.E0,0.E0));
#17087=AXIS2_PLACEMENT_3D('',#17084,#17085,#17086);
#17088=PLANE('',#17087);
#17089=ORIENTED_EDGE('',*,*,#15654,.F.);
#17091=ORIENTED_EDGE('',*,*,#17090,.T.);
#17092=ORIENTED_EDGE('',*,*,#16060,.T.);
#17093=ORIENTED_EDGE('',*,*,#17077,.F.);
#17094=EDGE_LOOP('',(#17089,#17091,#17092,#17093));
#17095=FACE_OUTER_BOUND('',#17094,.F.);
#17096=ADVANCED_FACE('',(#17095),#17088,.F.);
#17097=CARTESIAN_POINT('',(1.6E-1,1.E-1,5.E-3));
#17098=DIRECTION('',(0.E0,-1.E0,0.E0));
#17099=DIRECTION('',(1.E0,0.E0,0.E0));
#17100=AXIS2_PLACEMENT_3D('',#17097,#17098,#17099);
#17101=PLANE('',#17100);
#17102=ORIENTED_EDGE('',*,*,#15652,.F.);
#17104=ORIENTED_EDGE('',*,*,#17103,.T.);
#17105=ORIENTED_EDGE('',*,*,#16062,.T.);
#17106=ORIENTED_EDGE('',*,*,#17090,.F.);
#17107=EDGE_LOOP('',(#17102,#17104,#17105,#17106));
#17108=FACE_OUTER_BOUND('',#17107,.F.);
#17109=ADVANCED_FACE('',(#17108),#17101,.F.);
#17110=CARTESIAN_POINT('',(1.6E-1,1.2E-1,5.E-3));
#17111=DIRECTION('',(-1.E0,0.E0,0.E0));
#17112=DIRECTION('',(0.E0,-1.E0,0.E0));
#17113=AXIS2_PLACEMENT_3D('',#17110,#17111,#17112);
#17114=PLANE('',#17113);
#17115=ORIENTED_EDGE('',*,*,#15650,.F.);
#17117=ORIENTED_EDGE('',*,*,#17116,.T.);
#17118=ORIENTED_EDGE('',*,*,#16064,.T.);
#17119=ORIENTED_EDGE('',*,*,#17103,.F.);
#17120=EDGE_LOOP('',(#17115,#17117,#17118,#17119));
#17121=FACE_OUTER_BOUND('',#17120,.F.);
#17122=ADVANCED_FACE('',(#17121),#17114,.F.);
#17123=CARTESIAN_POINT('',(1.51E-1,1.2E-1,5.E-3));
#17124=DIRECTION('',(0.E0,-1.E0,0.E0));
#17125=DIRECTION('',(1.E0,0.E0,0.E0));
#17126=AXIS2_PLACEMENT_3D('',#17123,#17124,#17125);
#17127=PLANE('',#17126);
#17128=ORIENTED_EDGE('',*,*,#15648,.F.);
#17130=ORIENTED_EDGE('',*,*,#17129,.T.);
#17131=ORIENTED_EDGE('',*,*,#16066,.T.);
#17132=ORIENTED_EDGE('',*,*,#17116,.F.);
#17133=EDGE_LOOP('',(#17128,#17130,#17131,#17132));
#17134=FACE_OUTER_BOUND('',#17133,.F.);
#17135=ADVANCED_FACE('',(#17134),#17127,.F.);
#17136=CARTESIAN_POINT('',(1.51E-1,1.1E-1,5.E-3));
#17137=DIRECTION('',(1.E0,0.E0,0.E0));
#17138=DIRECTION('',(0.E0,1.E0,0.E0));
#17139=AXIS2_PLACEMENT_3D('',#17136,#17137,#17138);
#17140=PLANE('',#17139);
#17141=ORIENTED_EDGE('',*,*,#15646,.F.);
#17143=ORIENTED_EDGE('',*,*,#17142,.T.);
#17144=ORIENTED_EDGE('',*,*,#16068,.T.);
#17145=ORIENTED_EDGE('',*,*,#17129,.F.);
#17146=EDGE_LOOP('',(#17141,#17143,#17144,#17145));
#17147=FACE_OUTER_BOUND('',#17146,.F.);
#17148=ADVANCED_FACE('',(#17147),#17140,.F.);
#17149=CARTESIAN_POINT('',(1.21E-1,1.1E-1,5.E-3));
#17150=DIRECTION('',(0.E0,-1.E0,0.E0));
#17151=DIRECTION('',(1.E0,0.E0,0.E0));
#17152=AXIS2_PLACEMENT_3D('',#17149,#17150,#17151);
#17153=PLANE('',#17152);
#17154=ORIENTED_EDGE('',*,*,#15644,.F.);
#17156=ORIENTED_EDGE('',*,*,#17155,.F.);
#17157=ORIENTED_EDGE('',*,*,#16070,.T.);
#17158=ORIENTED_EDGE('',*,*,#17142,.F.);
#17159=EDGE_LOOP('',(#17154,#17156,#17157,#17158));
#17160=FACE_OUTER_BOUND('',#17159,.F.);
#17161=ADVANCED_FACE('',(#17160),#17153,.F.);
#17162=CARTESIAN_POINT('',(1.3E-1,1.E-1,5.E-3));
#17163=DIRECTION('',(1.E0,0.E0,0.E0));
#17164=DIRECTION('',(0.E0,1.E0,0.E0));
#17165=AXIS2_PLACEMENT_3D('',#17162,#17163,#17164);
#17166=PLANE('',#17165);
#17167=ORIENTED_EDGE('',*,*,#15642,.F.);
#17169=ORIENTED_EDGE('',*,*,#17168,.T.);
#17170=ORIENTED_EDGE('',*,*,#16072,.T.);
#17171=ORIENTED_EDGE('',*,*,#17155,.T.);
#17172=EDGE_LOOP('',(#17167,#17169,#17170,#17171));
#17173=FACE_OUTER_BOUND('',#17172,.F.);
#17174=ADVANCED_FACE('',(#17173),#17166,.F.);
#17175=CARTESIAN_POINT('',(1.2E-1,1.E-1,5.E-3));
#17176=DIRECTION('',(0.E0,-1.E0,0.E0));
#17177=DIRECTION('',(1.E0,0.E0,0.E0));
#17178=AXIS2_PLACEMENT_3D('',#17175,#17176,#17177);
#17179=PLANE('',#17178);
#17180=ORIENTED_EDGE('',*,*,#15640,.F.);
#17182=ORIENTED_EDGE('',*,*,#17181,.F.);
#17183=ORIENTED_EDGE('',*,*,#16074,.T.);
#17184=ORIENTED_EDGE('',*,*,#17168,.F.);
#17185=EDGE_LOOP('',(#17180,#17182,#17183,#17184));
#17186=FACE_OUTER_BOUND('',#17185,.F.);
#17187=ADVANCED_FACE('',(#17186),#17179,.F.);
#17188=CARTESIAN_POINT('',(1.21E-1,9.E-2,5.E-3));
#17189=DIRECTION('',(1.E0,0.E0,0.E0));
#17190=DIRECTION('',(0.E0,1.E0,0.E0));
#17191=AXIS2_PLACEMENT_3D('',#17188,#17189,#17190);
#17192=PLANE('',#17191);
#17193=ORIENTED_EDGE('',*,*,#15638,.F.);
#17195=ORIENTED_EDGE('',*,*,#17194,.T.);
#17196=ORIENTED_EDGE('',*,*,#16076,.T.);
#17197=ORIENTED_EDGE('',*,*,#17181,.T.);
#17198=EDGE_LOOP('',(#17193,#17195,#17196,#17197));
#17199=FACE_OUTER_BOUND('',#17198,.F.);
#17200=ADVANCED_FACE('',(#17199),#17192,.F.);
#17201=CARTESIAN_POINT('',(1.4E-1,9.E-2,5.E-3));
#17202=DIRECTION('',(0.E0,1.E0,0.E0));
#17203=DIRECTION('',(-1.E0,0.E0,0.E0));
#17204=AXIS2_PLACEMENT_3D('',#17201,#17202,#17203);
#17205=PLANE('',#17204);
#17206=ORIENTED_EDGE('',*,*,#15636,.F.);
#17207=ORIENTED_EDGE('',*,*,#16386,.F.);
#17208=ORIENTED_EDGE('',*,*,#16078,.T.);
#17209=ORIENTED_EDGE('',*,*,#17194,.F.);
#17210=EDGE_LOOP('',(#17206,#17207,#17208,#17209));
#17211=FACE_OUTER_BOUND('',#17210,.F.);
#17212=ADVANCED_FACE('',(#17211),#17205,.F.);
#17213=CARTESIAN_POINT('',(1.E-1,1.6E-1,5.E-3));
#17214=DIRECTION('',(1.E0,0.E0,0.E0));
#17215=DIRECTION('',(0.E0,1.E0,0.E0));
#17216=AXIS2_PLACEMENT_3D('',#17213,#17214,#17215);
#17217=PLANE('',#17216);
#17218=ORIENTED_EDGE('',*,*,#16728,.F.);
#17219=ORIENTED_EDGE('',*,*,#16366,.T.);
#17221=ORIENTED_EDGE('',*,*,#17220,.F.);
#17222=ORIENTED_EDGE('',*,*,#15710,.F.);
#17223=EDGE_LOOP('',(#17218,#17219,#17221,#17222));
#17224=FACE_OUTER_BOUND('',#17223,.F.);
#17225=ADVANCED_FACE('',(#17224),#17217,.F.);
#17226=CARTESIAN_POINT('',(1.E-1,1.7E-1,5.E-3));
#17227=DIRECTION('',(0.E0,1.E0,0.E0));
#17228=DIRECTION('',(-1.E0,0.E0,0.E0));
#17229=AXIS2_PLACEMENT_3D('',#17226,#17227,#17228);
#17230=PLANE('',#17229);
#17231=ORIENTED_EDGE('',*,*,#15712,.F.);
#17232=ORIENTED_EDGE('',*,*,#17220,.T.);
#17233=ORIENTED_EDGE('',*,*,#16364,.T.);
#17235=ORIENTED_EDGE('',*,*,#17234,.F.);
#17236=EDGE_LOOP('',(#17231,#17232,#17233,#17235));
#17237=FACE_OUTER_BOUND('',#17236,.F.);
#17238=ADVANCED_FACE('',(#17237),#17230,.F.);
#17239=CARTESIAN_POINT('',(9.E-2,1.7E-1,5.E-3));
#17240=DIRECTION('',(-1.E0,0.E0,0.E0));
#17241=DIRECTION('',(0.E0,-1.E0,0.E0));
#17242=AXIS2_PLACEMENT_3D('',#17239,#17240,#17241);
#17243=PLANE('',#17242);
#17244=ORIENTED_EDGE('',*,*,#16739,.T.);
#17245=ORIENTED_EDGE('',*,*,#15714,.F.);
#17246=ORIENTED_EDGE('',*,*,#17234,.T.);
#17247=ORIENTED_EDGE('',*,*,#16362,.T.);
#17248=EDGE_LOOP('',(#17244,#17245,#17246,#17247));
#17249=FACE_OUTER_BOUND('',#17248,.F.);
#17250=ADVANCED_FACE('',(#17249),#17243,.F.);
#17251=CARTESIAN_POINT('',(7.E-2,1.1E-1,5.E-3));
#17252=DIRECTION('',(0.E0,1.E0,0.E0));
#17253=DIRECTION('',(-1.E0,0.E0,0.E0));
#17254=AXIS2_PLACEMENT_3D('',#17251,#17252,#17253);
#17255=PLANE('',#17254);
#17256=ORIENTED_EDGE('',*,*,#15848,.F.);
#17258=ORIENTED_EDGE('',*,*,#17257,.T.);
#17259=ORIENTED_EDGE('',*,*,#16110,.T.);
#17260=ORIENTED_EDGE('',*,*,#16593,.T.);
#17261=EDGE_LOOP('',(#17256,#17258,#17259,#17260));
#17262=FACE_OUTER_BOUND('',#17261,.F.);
#17263=ADVANCED_FACE('',(#17262),#17255,.F.);
#17264=CARTESIAN_POINT('',(7.E-2,7.9E-2,5.E-3));
#17265=DIRECTION('',(1.E0,0.E0,0.E0));
#17266=DIRECTION('',(0.E0,1.E0,0.E0));
#17267=AXIS2_PLACEMENT_3D('',#17264,#17265,#17266);
#17268=PLANE('',#17267);
#17269=ORIENTED_EDGE('',*,*,#15846,.T.);
#17271=ORIENTED_EDGE('',*,*,#17270,.T.);
#17272=ORIENTED_EDGE('',*,*,#16112,.T.);
#17273=ORIENTED_EDGE('',*,*,#17257,.F.);
#17274=EDGE_LOOP('',(#17269,#17271,#17272,#17273));
#17275=FACE_OUTER_BOUND('',#17274,.F.);
#17276=ADVANCED_FACE('',(#17275),#17268,.F.);
#17277=CARTESIAN_POINT('',(8.E-2,6.9E-2,5.E-3));
#17278=DIRECTION('',(0.E0,1.E0,0.E0));
#17279=DIRECTION('',(-1.E0,0.E0,0.E0));
#17280=AXIS2_PLACEMENT_3D('',#17277,#17278,#17279);
#17281=PLANE('',#17280);
#17282=ORIENTED_EDGE('',*,*,#17270,.F.);
#17283=ORIENTED_EDGE('',*,*,#15844,.F.);
#17285=ORIENTED_EDGE('',*,*,#17284,.T.);
#17286=ORIENTED_EDGE('',*,*,#16328,.T.);
#17287=EDGE_LOOP('',(#17282,#17283,#17285,#17286));
#17288=FACE_OUTER_BOUND('',#17287,.F.);
#17289=ADVANCED_FACE('',(#17288),#17281,.F.);
#17290=CARTESIAN_POINT('',(8.E-2,5.9E-2,5.E-3));
#17291=DIRECTION('',(1.E0,0.E0,0.E0));
#17292=DIRECTION('',(0.E0,1.E0,0.E0));
#17293=AXIS2_PLACEMENT_3D('',#17290,#17291,#17292);
#17294=PLANE('',#17293);
#17295=ORIENTED_EDGE('',*,*,#15842,.F.);
#17297=ORIENTED_EDGE('',*,*,#17296,.T.);
#17298=ORIENTED_EDGE('',*,*,#16330,.T.);
#17299=ORIENTED_EDGE('',*,*,#17284,.F.);
#17300=EDGE_LOOP('',(#17295,#17297,#17298,#17299));
#17301=FACE_OUTER_BOUND('',#17300,.F.);
#17302=ADVANCED_FACE('',(#17301),#17294,.F.);
#17303=CARTESIAN_POINT('',(7.E-2,5.9E-2,5.E-3));
#17304=DIRECTION('',(0.E0,-1.E0,0.E0));
#17305=DIRECTION('',(1.E0,0.E0,0.E0));
#17306=AXIS2_PLACEMENT_3D('',#17303,#17304,#17305);
#17307=PLANE('',#17306);
#17309=ORIENTED_EDGE('',*,*,#17308,.T.);
#17310=ORIENTED_EDGE('',*,*,#16332,.T.);
#17311=ORIENTED_EDGE('',*,*,#17296,.F.);
#17312=ORIENTED_EDGE('',*,*,#15840,.F.);
#17313=EDGE_LOOP('',(#17309,#17310,#17311,#17312));
#17314=FACE_OUTER_BOUND('',#17313,.F.);
#17315=ADVANCED_FACE('',(#17314),#17307,.F.);
#17316=CARTESIAN_POINT('',(7.E-2,5.E-2,5.E-3));
#17317=DIRECTION('',(1.E0,0.E0,0.E0));
#17318=DIRECTION('',(0.E0,1.E0,0.E0));
#17319=AXIS2_PLACEMENT_3D('',#17316,#17317,#17318);
#17320=PLANE('',#17319);
#17321=ORIENTED_EDGE('',*,*,#15838,.F.);
#17322=ORIENTED_EDGE('',*,*,#16517,.F.);
#17323=ORIENTED_EDGE('',*,*,#16120,.T.);
#17324=ORIENTED_EDGE('',*,*,#17308,.F.);
#17325=EDGE_LOOP('',(#17321,#17322,#17323,#17324));
#17326=FACE_OUTER_BOUND('',#17325,.F.);
#17327=ADVANCED_FACE('',(#17326),#17320,.F.);
#17328=CARTESIAN_POINT('',(5.763009272807E-2,1.2E-1,5.E-3));
#17329=DIRECTION('',(0.E0,-1.E0,0.E0));
#17330=DIRECTION('',(1.E0,0.E0,0.E0));
#17331=AXIS2_PLACEMENT_3D('',#17328,#17329,#17330);
#17332=PLANE('',#17331);
#17333=ORIENTED_EDGE('',*,*,#15852,.F.);
#17334=ORIENTED_EDGE('',*,*,#16596,.F.);
#17335=ORIENTED_EDGE('',*,*,#16106,.T.);
#17337=ORIENTED_EDGE('',*,*,#17336,.F.);
#17338=EDGE_LOOP('',(#17333,#17334,#17335,#17337));
#17339=FACE_OUTER_BOUND('',#17338,.F.);
#17340=ADVANCED_FACE('',(#17339),#17332,.F.);
#17341=CARTESIAN_POINT('',(9.E-2,1.2E-1,5.E-3));
#17342=DIRECTION('',(1.E0,0.E0,0.E0));
#17343=DIRECTION('',(0.E0,1.E0,0.E0));
#17344=AXIS2_PLACEMENT_3D('',#17341,#17342,#17343);
#17345=PLANE('',#17344);
#17346=ORIENTED_EDGE('',*,*,#15854,.F.);
#17347=ORIENTED_EDGE('',*,*,#17336,.T.);
#17348=ORIENTED_EDGE('',*,*,#16104,.T.);
#17350=ORIENTED_EDGE('',*,*,#17349,.F.);
#17351=EDGE_LOOP('',(#17346,#17347,#17348,#17350));
#17352=FACE_OUTER_BOUND('',#17351,.F.);
#17353=ADVANCED_FACE('',(#17352),#17345,.F.);
#17354=CARTESIAN_POINT('',(9.E-2,1.3E-1,5.E-3));
#17355=DIRECTION('',(0.E0,1.E0,0.E0));
#17356=DIRECTION('',(-1.E0,0.E0,0.E0));
#17357=AXIS2_PLACEMENT_3D('',#17354,#17355,#17356);
#17358=PLANE('',#17357);
#17359=ORIENTED_EDGE('',*,*,#15856,.F.);
#17360=ORIENTED_EDGE('',*,*,#17349,.T.);
#17361=ORIENTED_EDGE('',*,*,#16102,.T.);
#17363=ORIENTED_EDGE('',*,*,#17362,.F.);
#17364=EDGE_LOOP('',(#17359,#17360,#17361,#17363));
#17365=FACE_OUTER_BOUND('',#17364,.F.);
#17366=ADVANCED_FACE('',(#17365),#17358,.F.);
#17367=CARTESIAN_POINT('',(8.E-2,1.3E-1,5.E-3));
#17368=DIRECTION('',(1.E0,0.E0,0.E0));
#17369=DIRECTION('',(0.E0,1.E0,0.E0));
#17370=AXIS2_PLACEMENT_3D('',#17367,#17368,#17369);
#17371=PLANE('',#17370);
#17372=ORIENTED_EDGE('',*,*,#16100,.T.);
#17374=ORIENTED_EDGE('',*,*,#17373,.T.);
#17375=ORIENTED_EDGE('',*,*,#15794,.T.);
#17376=ORIENTED_EDGE('',*,*,#17362,.T.);
#17377=EDGE_LOOP('',(#17372,#17374,#17375,#17376));
#17378=FACE_OUTER_BOUND('',#17377,.F.);
#17379=ADVANCED_FACE('',(#17378),#17371,.F.);
#17380=CARTESIAN_POINT('',(8.E-2,1.5E-1,5.E-3));
#17381=DIRECTION('',(0.E0,-1.E0,0.E0));
#17382=DIRECTION('',(1.E0,0.E0,0.E0));
#17383=AXIS2_PLACEMENT_3D('',#17380,#17381,#17382);
#17384=PLANE('',#17383);
#17385=ORIENTED_EDGE('',*,*,#15796,.F.);
#17386=ORIENTED_EDGE('',*,*,#17373,.F.);
#17387=ORIENTED_EDGE('',*,*,#16372,.T.);
#17389=ORIENTED_EDGE('',*,*,#17388,.T.);
#17390=EDGE_LOOP('',(#17385,#17386,#17387,#17389));
#17391=FACE_OUTER_BOUND('',#17390,.F.);
#17392=ADVANCED_FACE('',(#17391),#17384,.F.);
#17393=CARTESIAN_POINT('',(1.1E-1,1.5E-1,5.E-3));
#17394=DIRECTION('',(-1.E0,0.E0,0.E0));
#17395=DIRECTION('',(0.E0,-1.E0,0.E0));
#17396=AXIS2_PLACEMENT_3D('',#17393,#17394,#17395);
#17397=PLANE('',#17396);
#17398=ORIENTED_EDGE('',*,*,#15798,.F.);
#17399=ORIENTED_EDGE('',*,*,#17388,.F.);
#17400=ORIENTED_EDGE('',*,*,#16016,.T.);
#17402=ORIENTED_EDGE('',*,*,#17401,.F.);
#17403=EDGE_LOOP('',(#17398,#17399,#17400,#17402));
#17404=FACE_OUTER_BOUND('',#17403,.F.);
#17405=ADVANCED_FACE('',(#17404),#17397,.F.);
#17406=CARTESIAN_POINT('',(1.1E-1,1.4E-1,5.E-3));
#17407=DIRECTION('',(0.E0,1.E0,0.E0));
#17408=DIRECTION('',(-1.E0,0.E0,0.E0));
#17409=AXIS2_PLACEMENT_3D('',#17406,#17407,#17408);
#17410=PLANE('',#17409);
#17411=ORIENTED_EDGE('',*,*,#15800,.F.);
#17412=ORIENTED_EDGE('',*,*,#17401,.T.);
#17413=ORIENTED_EDGE('',*,*,#16014,.T.);
#17415=ORIENTED_EDGE('',*,*,#17414,.F.);
#17416=EDGE_LOOP('',(#17411,#17412,#17413,#17415));
#17417=FACE_OUTER_BOUND('',#17416,.F.);
#17418=ADVANCED_FACE('',(#17417),#17410,.F.);
#17419=CARTESIAN_POINT('',(1.E-1,1.2E-1,5.E-3));
#17420=DIRECTION('',(-1.E0,0.E0,0.E0));
#17421=DIRECTION('',(0.E0,-1.E0,0.E0));
#17422=AXIS2_PLACEMENT_3D('',#17419,#17420,#17421);
#17423=PLANE('',#17422);
#17424=ORIENTED_EDGE('',*,*,#15802,.T.);
#17425=ORIENTED_EDGE('',*,*,#17414,.T.);
#17426=ORIENTED_EDGE('',*,*,#16012,.T.);
#17428=ORIENTED_EDGE('',*,*,#17427,.F.);
#17429=EDGE_LOOP('',(#17424,#17425,#17426,#17428));
#17430=FACE_OUTER_BOUND('',#17429,.F.);
#17431=ADVANCED_FACE('',(#17430),#17423,.F.);
#17432=CARTESIAN_POINT('',(1.E-1,1.1E-1,5.E-3));
#17433=DIRECTION('',(0.E0,1.E0,0.E0));
#17434=DIRECTION('',(-1.E0,0.E0,0.E0));
#17435=AXIS2_PLACEMENT_3D('',#17432,#17433,#17434);
#17436=PLANE('',#17435);
#17437=ORIENTED_EDGE('',*,*,#15804,.F.);
#17438=ORIENTED_EDGE('',*,*,#17427,.T.);
#17439=ORIENTED_EDGE('',*,*,#16154,.T.);
#17441=ORIENTED_EDGE('',*,*,#17440,.F.);
#17442=EDGE_LOOP('',(#17437,#17438,#17439,#17441));
#17443=FACE_OUTER_BOUND('',#17442,.F.);
#17444=ADVANCED_FACE('',(#17443),#17436,.F.);
#17445=CARTESIAN_POINT('',(8.E-2,1.1E-1,5.E-3));
#17446=DIRECTION('',(-1.E0,0.E0,0.E0));
#17447=DIRECTION('',(0.E0,-1.E0,0.E0));
#17448=AXIS2_PLACEMENT_3D('',#17445,#17446,#17447);
#17449=PLANE('',#17448);
#17450=ORIENTED_EDGE('',*,*,#15806,.F.);
#17451=ORIENTED_EDGE('',*,*,#17440,.T.);
#17452=ORIENTED_EDGE('',*,*,#16152,.T.);
#17454=ORIENTED_EDGE('',*,*,#17453,.F.);
#17455=EDGE_LOOP('',(#17450,#17451,#17452,#17454));
#17456=FACE_OUTER_BOUND('',#17455,.F.);
#17457=ADVANCED_FACE('',(#17456),#17449,.F.);
#17458=CARTESIAN_POINT('',(8.E-2,1.E-1,5.E-3));
#17459=DIRECTION('',(0.E0,-1.E0,0.E0));
#17460=DIRECTION('',(1.E0,0.E0,0.E0));
#17461=AXIS2_PLACEMENT_3D('',#17458,#17459,#17460);
#17462=PLANE('',#17461);
#17463=ORIENTED_EDGE('',*,*,#15808,.F.);
#17464=ORIENTED_EDGE('',*,*,#17453,.T.);
#17465=ORIENTED_EDGE('',*,*,#16150,.T.);
#17467=ORIENTED_EDGE('',*,*,#17466,.F.);
#17468=EDGE_LOOP('',(#17463,#17464,#17465,#17467));
#17469=FACE_OUTER_BOUND('',#17468,.F.);
#17470=ADVANCED_FACE('',(#17469),#17462,.F.);
#17471=CARTESIAN_POINT('',(9.E-2,1.E-1,5.E-3));
#17472=DIRECTION('',(-1.E0,0.E0,0.E0));
#17473=DIRECTION('',(0.E0,-1.E0,0.E0));
#17474=AXIS2_PLACEMENT_3D('',#17471,#17472,#17473);
#17475=PLANE('',#17474);
#17476=ORIENTED_EDGE('',*,*,#15810,.F.);
#17477=ORIENTED_EDGE('',*,*,#17466,.T.);
#17478=ORIENTED_EDGE('',*,*,#16148,.T.);
#17480=ORIENTED_EDGE('',*,*,#17479,.T.);
#17481=EDGE_LOOP('',(#17476,#17477,#17478,#17480));
#17482=FACE_OUTER_BOUND('',#17481,.F.);
#17483=ADVANCED_FACE('',(#17482),#17475,.F.);
#17484=CARTESIAN_POINT('',(9.E-2,9.E-2,5.E-3));
#17485=DIRECTION('',(0.E0,1.E0,0.E0));
#17486=DIRECTION('',(-1.E0,0.E0,0.E0));
#17487=AXIS2_PLACEMENT_3D('',#17484,#17485,#17486);
#17488=PLANE('',#17487);
#17489=ORIENTED_EDGE('',*,*,#15812,.F.);
#17490=ORIENTED_EDGE('',*,*,#17479,.F.);
#17491=ORIENTED_EDGE('',*,*,#16200,.T.);
#17493=ORIENTED_EDGE('',*,*,#17492,.F.);
#17494=EDGE_LOOP('',(#17489,#17490,#17491,#17493));
#17495=FACE_OUTER_BOUND('',#17494,.F.);
#17496=ADVANCED_FACE('',(#17495),#17488,.F.);
#17497=CARTESIAN_POINT('',(8.E-2,9.E-2,5.E-3));
#17498=DIRECTION('',(-1.E0,0.E0,0.E0));
#17499=DIRECTION('',(0.E0,-1.E0,0.E0));
#17500=AXIS2_PLACEMENT_3D('',#17497,#17498,#17499);
#17501=PLANE('',#17500);
#17502=ORIENTED_EDGE('',*,*,#15814,.F.);
#17503=ORIENTED_EDGE('',*,*,#17492,.T.);
#17504=ORIENTED_EDGE('',*,*,#16198,.T.);
#17506=ORIENTED_EDGE('',*,*,#17505,.F.);
#17507=EDGE_LOOP('',(#17502,#17503,#17504,#17506));
#17508=FACE_OUTER_BOUND('',#17507,.F.);
#17509=ADVANCED_FACE('',(#17508),#17501,.F.);
#17510=CARTESIAN_POINT('',(8.E-2,7.9E-2,5.E-3));
#17511=DIRECTION('',(0.E0,-1.E0,0.E0));
#17512=DIRECTION('',(1.E0,0.E0,0.E0));
#17513=AXIS2_PLACEMENT_3D('',#17510,#17511,#17512);
#17514=PLANE('',#17513);
#17515=ORIENTED_EDGE('',*,*,#15816,.F.);
#17516=ORIENTED_EDGE('',*,*,#17505,.T.);
#17517=ORIENTED_EDGE('',*,*,#16196,.T.);
#17519=ORIENTED_EDGE('',*,*,#17518,.F.);
#17520=EDGE_LOOP('',(#17515,#17516,#17517,#17519));
#17521=FACE_OUTER_BOUND('',#17520,.F.);
#17522=ADVANCED_FACE('',(#17521),#17514,.F.);
#17523=CARTESIAN_POINT('',(9.E-2,7.9E-2,5.E-3));
#17524=DIRECTION('',(1.E0,0.E0,0.E0));
#17525=DIRECTION('',(0.E0,1.E0,0.E0));
#17526=AXIS2_PLACEMENT_3D('',#17523,#17524,#17525);
#17527=PLANE('',#17526);
#17528=ORIENTED_EDGE('',*,*,#15818,.F.);
#17529=ORIENTED_EDGE('',*,*,#17518,.T.);
#17530=ORIENTED_EDGE('',*,*,#16194,.T.);
#17532=ORIENTED_EDGE('',*,*,#17531,.T.);
#17533=EDGE_LOOP('',(#17528,#17529,#17530,#17532));
#17534=FACE_OUTER_BOUND('',#17533,.F.);
#17535=ADVANCED_FACE('',(#17534),#17527,.F.);
#17536=CARTESIAN_POINT('',(9.E-2,9.E-2,5.E-3));
#17537=DIRECTION('',(0.E0,-1.E0,0.E0));
#17538=DIRECTION('',(1.E0,0.E0,0.E0));
#17539=AXIS2_PLACEMENT_3D('',#17536,#17537,#17538);
#17540=PLANE('',#17539);
#17541=ORIENTED_EDGE('',*,*,#15820,.F.);
#17542=ORIENTED_EDGE('',*,*,#17531,.F.);
#17543=ORIENTED_EDGE('',*,*,#16146,.T.);
#17545=ORIENTED_EDGE('',*,*,#17544,.F.);
#17546=EDGE_LOOP('',(#17541,#17542,#17543,#17545));
#17547=FACE_OUTER_BOUND('',#17546,.F.);
#17548=ADVANCED_FACE('',(#17547),#17540,.F.);
#17549=CARTESIAN_POINT('',(1.E-1,9.E-2,5.E-3));
#17550=DIRECTION('',(1.E0,0.E0,0.E0));
#17551=DIRECTION('',(0.E0,1.E0,0.E0));
#17552=AXIS2_PLACEMENT_3D('',#17549,#17550,#17551);
#17553=PLANE('',#17552);
#17554=ORIENTED_EDGE('',*,*,#15822,.F.);
#17555=ORIENTED_EDGE('',*,*,#17544,.T.);
#17556=ORIENTED_EDGE('',*,*,#16144,.T.);
#17558=ORIENTED_EDGE('',*,*,#17557,.F.);
#17559=EDGE_LOOP('',(#17554,#17555,#17556,#17558));
#17560=FACE_OUTER_BOUND('',#17559,.F.);
#17561=ADVANCED_FACE('',(#17560),#17553,.F.);
#17562=CARTESIAN_POINT('',(1.E-1,1.E-1,5.E-3));
#17563=DIRECTION('',(0.E0,-1.E0,0.E0));
#17564=DIRECTION('',(1.E0,0.E0,0.E0));
#17565=AXIS2_PLACEMENT_3D('',#17562,#17563,#17564);
#17566=PLANE('',#17565);
#17567=ORIENTED_EDGE('',*,*,#15824,.F.);
#17568=ORIENTED_EDGE('',*,*,#17557,.T.);
#17569=ORIENTED_EDGE('',*,*,#16142,.T.);
#17571=ORIENTED_EDGE('',*,*,#17570,.F.);
#17572=EDGE_LOOP('',(#17567,#17568,#17569,#17571));
#17573=FACE_OUTER_BOUND('',#17572,.F.);
#17574=ADVANCED_FACE('',(#17573),#17566,.F.);
#17575=CARTESIAN_POINT('',(1.1E-1,1.E-1,5.E-3));
#17576=DIRECTION('',(-1.E0,0.E0,0.E0));
#17577=DIRECTION('',(0.E0,-1.E0,0.E0));
#17578=AXIS2_PLACEMENT_3D('',#17575,#17576,#17577);
#17579=PLANE('',#17578);
#17580=ORIENTED_EDGE('',*,*,#15826,.F.);
#17581=ORIENTED_EDGE('',*,*,#17570,.T.);
#17582=ORIENTED_EDGE('',*,*,#16140,.T.);
#17584=ORIENTED_EDGE('',*,*,#17583,.T.);
#17585=EDGE_LOOP('',(#17580,#17581,#17582,#17584));
#17586=FACE_OUTER_BOUND('',#17585,.F.);
#17587=ADVANCED_FACE('',(#17586),#17579,.F.);
#17588=CARTESIAN_POINT('',(1.1E-1,7.9E-2,5.E-3));
#17589=DIRECTION('',(0.E0,1.E0,0.E0));
#17590=DIRECTION('',(-1.E0,0.E0,0.E0));
#17591=AXIS2_PLACEMENT_3D('',#17588,#17589,#17590);
#17592=PLANE('',#17591);
#17593=ORIENTED_EDGE('',*,*,#15828,.F.);
#17594=ORIENTED_EDGE('',*,*,#17583,.F.);
#17595=ORIENTED_EDGE('',*,*,#16178,.T.);
#17597=ORIENTED_EDGE('',*,*,#17596,.F.);
#17598=EDGE_LOOP('',(#17593,#17594,#17595,#17597));
#17599=FACE_OUTER_BOUND('',#17598,.F.);
#17600=ADVANCED_FACE('',(#17599),#17592,.F.);
#17601=CARTESIAN_POINT('',(1.E-1,7.9E-2,5.E-3));
#17602=DIRECTION('',(-1.E0,0.E0,0.E0));
#17603=DIRECTION('',(0.E0,-1.E0,0.E0));
#17604=AXIS2_PLACEMENT_3D('',#17601,#17602,#17603);
#17605=PLANE('',#17604);
#17606=ORIENTED_EDGE('',*,*,#15830,.F.);
#17607=ORIENTED_EDGE('',*,*,#17596,.T.);
#17608=ORIENTED_EDGE('',*,*,#16184,.T.);
#17610=ORIENTED_EDGE('',*,*,#17609,.T.);
#17611=EDGE_LOOP('',(#17606,#17607,#17608,#17610));
#17612=FACE_OUTER_BOUND('',#17611,.F.);
#17613=ADVANCED_FACE('',(#17612),#17605,.F.);
#17614=CARTESIAN_POINT('',(1.E-1,6.9E-2,5.E-3));
#17615=DIRECTION('',(0.E0,1.E0,0.E0));
#17616=DIRECTION('',(-1.E0,0.E0,0.E0));
#17617=AXIS2_PLACEMENT_3D('',#17614,#17615,#17616);
#17618=PLANE('',#17617);
#17619=ORIENTED_EDGE('',*,*,#15832,.F.);
#17620=ORIENTED_EDGE('',*,*,#17609,.F.);
#17621=ORIENTED_EDGE('',*,*,#16126,.T.);
#17623=ORIENTED_EDGE('',*,*,#17622,.F.);
#17624=EDGE_LOOP('',(#17619,#17620,#17621,#17623));
#17625=FACE_OUTER_BOUND('',#17624,.F.);
#17626=ADVANCED_FACE('',(#17625),#17618,.F.);
#17627=CARTESIAN_POINT('',(9.E-2,6.9E-2,5.E-3));
#17628=DIRECTION('',(-1.E0,0.E0,0.E0));
#17629=DIRECTION('',(0.E0,-1.E0,0.E0));
#17630=AXIS2_PLACEMENT_3D('',#17627,#17628,#17629);
#17631=PLANE('',#17630);
#17632=ORIENTED_EDGE('',*,*,#15834,.F.);
#17633=ORIENTED_EDGE('',*,*,#17622,.T.);
#17634=ORIENTED_EDGE('',*,*,#16124,.T.);
#17635=ORIENTED_EDGE('',*,*,#16514,.T.);
#17636=EDGE_LOOP('',(#17632,#17633,#17634,#17635));
#17637=FACE_OUTER_BOUND('',#17636,.F.);
#17638=ADVANCED_FACE('',(#17637),#17631,.F.);
#17639=CARTESIAN_POINT('',(7.E-2,5.9E-2,5.E-3));
#17640=DIRECTION('',(0.E0,1.E0,0.E0));
#17641=DIRECTION('',(-1.E0,0.E0,0.E0));
#17642=AXIS2_PLACEMENT_3D('',#17639,#17640,#17641);
#17643=PLANE('',#17642);
#17644=ORIENTED_EDGE('',*,*,#15870,.F.);
#17646=ORIENTED_EDGE('',*,*,#17645,.T.);
#17647=ORIENTED_EDGE('',*,*,#16118,.T.);
#17648=ORIENTED_EDGE('',*,*,#16607,.T.);
#17649=EDGE_LOOP('',(#17644,#17646,#17647,#17648));
#17650=FACE_OUTER_BOUND('',#17649,.F.);
#17651=ADVANCED_FACE('',(#17650),#17643,.F.);
#17652=CARTESIAN_POINT('',(7.E-2,6.9E-2,5.E-3));
#17653=DIRECTION('',(-1.E0,0.E0,0.E0));
#17654=DIRECTION('',(0.E0,-1.E0,0.E0));
#17655=AXIS2_PLACEMENT_3D('',#17652,#17653,#17654);
#17656=PLANE('',#17655);
#17658=ORIENTED_EDGE('',*,*,#17657,.T.);
#17659=ORIENTED_EDGE('',*,*,#16326,.T.);
#17660=ORIENTED_EDGE('',*,*,#17645,.F.);
#17661=ORIENTED_EDGE('',*,*,#15868,.F.);
#17662=EDGE_LOOP('',(#17658,#17659,#17660,#17661));
#17663=FACE_OUTER_BOUND('',#17662,.F.);
#17664=ADVANCED_FACE('',(#17663),#17656,.F.);
#17665=CARTESIAN_POINT('',(5.994931019731E-2,6.9E-2,5.E-3));
#17666=DIRECTION('',(0.E0,-1.E0,0.E0));
#17667=DIRECTION('',(1.E0,0.E0,0.E0));
#17668=AXIS2_PLACEMENT_3D('',#17665,#17666,#17667);
#17669=PLANE('',#17668);
#17670=ORIENTED_EDGE('',*,*,#15866,.F.);
#17671=ORIENTED_EDGE('',*,*,#16610,.F.);
#17672=ORIENTED_EDGE('',*,*,#16114,.T.);
#17673=ORIENTED_EDGE('',*,*,#17657,.F.);
#17674=EDGE_LOOP('',(#17670,#17671,#17672,#17673));
#17675=FACE_OUTER_BOUND('',#17674,.F.);
#17676=ADVANCED_FACE('',(#17675),#17669,.F.);
#17677=CARTESIAN_POINT('',(1.2E-1,1.5E-1,5.E-3));
#17678=DIRECTION('',(0.E0,1.E0,0.E0));
#17679=DIRECTION('',(-1.E0,0.E0,0.E0));
#17680=AXIS2_PLACEMENT_3D('',#17677,#17678,#17679);
#17681=PLANE('',#17680);
#17682=ORIENTED_EDGE('',*,*,#15756,.F.);
#17684=ORIENTED_EDGE('',*,*,#17683,.T.);
#17685=ORIENTED_EDGE('',*,*,#16018,.T.);
#17687=ORIENTED_EDGE('',*,*,#17686,.T.);
#17688=EDGE_LOOP('',(#17682,#17684,#17685,#17687));
#17689=FACE_OUTER_BOUND('',#17688,.F.);
#17690=ADVANCED_FACE('',(#17689),#17681,.F.);
#17691=CARTESIAN_POINT('',(1.2E-1,1.6E-1,5.E-3));
#17692=DIRECTION('',(-1.E0,0.E0,0.E0));
#17693=DIRECTION('',(0.E0,-1.E0,0.E0));
#17694=AXIS2_PLACEMENT_3D('',#17691,#17692,#17693);
#17695=PLANE('',#17694);
#17696=ORIENTED_EDGE('',*,*,#15754,.F.);
#17698=ORIENTED_EDGE('',*,*,#17697,.F.);
#17699=ORIENTED_EDGE('',*,*,#16020,.T.);
#17700=ORIENTED_EDGE('',*,*,#17683,.F.);
#17701=EDGE_LOOP('',(#17696,#17698,#17699,#17700));
#17702=FACE_OUTER_BOUND('',#17701,.F.);
#17703=ADVANCED_FACE('',(#17702),#17695,.F.);
#17704=CARTESIAN_POINT('',(1.1E-1,1.6E-1,5.E-3));
#17705=DIRECTION('',(0.E0,-1.E0,0.E0));
#17706=DIRECTION('',(1.E0,0.E0,0.E0));
#17707=AXIS2_PLACEMENT_3D('',#17704,#17705,#17706);
#17708=PLANE('',#17707);
#17709=ORIENTED_EDGE('',*,*,#15760,.F.);
#17711=ORIENTED_EDGE('',*,*,#17710,.F.);
#17712=ORIENTED_EDGE('',*,*,#16312,.T.);
#17713=ORIENTED_EDGE('',*,*,#17697,.T.);
#17714=EDGE_LOOP('',(#17709,#17711,#17712,#17713));
#17715=FACE_OUTER_BOUND('',#17714,.F.);
#17716=ADVANCED_FACE('',(#17715),#17708,.F.);
#17717=CARTESIAN_POINT('',(1.1E-1,1.5E-1,5.E-3));
#17718=DIRECTION('',(1.E0,0.E0,0.E0));
#17719=DIRECTION('',(0.E0,1.E0,0.E0));
#17720=AXIS2_PLACEMENT_3D('',#17717,#17718,#17719);
#17721=PLANE('',#17720);
#17722=ORIENTED_EDGE('',*,*,#15758,.F.);
#17723=ORIENTED_EDGE('',*,*,#17686,.F.);
#17724=ORIENTED_EDGE('',*,*,#16370,.T.);
#17725=ORIENTED_EDGE('',*,*,#17710,.T.);
#17726=EDGE_LOOP('',(#17722,#17723,#17724,#17725));
#17727=FACE_OUTER_BOUND('',#17726,.F.);
#17728=ADVANCED_FACE('',(#17727),#17721,.F.);
#17729=CARTESIAN_POINT('',(1.3E-1,1.5E-1,5.E-3));
#17730=DIRECTION('',(1.E0,0.E0,0.E0));
#17731=DIRECTION('',(0.E0,1.E0,0.E0));
#17732=AXIS2_PLACEMENT_3D('',#17729,#17730,#17731);
#17733=PLANE('',#17732);
#17734=ORIENTED_EDGE('',*,*,#15742,.F.);
#17736=ORIENTED_EDGE('',*,*,#17735,.T.);
#17737=ORIENTED_EDGE('',*,*,#16024,.T.);
#17739=ORIENTED_EDGE('',*,*,#17738,.T.);
#17740=EDGE_LOOP('',(#17734,#17736,#17737,#17739));
#17741=FACE_OUTER_BOUND('',#17740,.F.);
#17742=ADVANCED_FACE('',(#17741),#17733,.F.);
#17743=CARTESIAN_POINT('',(1.4E-1,1.5E-1,5.E-3));
#17744=DIRECTION('',(0.E0,1.E0,0.E0));
#17745=DIRECTION('',(-1.E0,0.E0,0.E0));
#17746=AXIS2_PLACEMENT_3D('',#17743,#17744,#17745);
#17747=PLANE('',#17746);
#17748=ORIENTED_EDGE('',*,*,#15740,.F.);
#17750=ORIENTED_EDGE('',*,*,#17749,.T.);
#17751=ORIENTED_EDGE('',*,*,#16026,.T.);
#17752=ORIENTED_EDGE('',*,*,#17735,.F.);
#17753=EDGE_LOOP('',(#17748,#17750,#17751,#17752));
#17754=FACE_OUTER_BOUND('',#17753,.F.);
#17755=ADVANCED_FACE('',(#17754),#17747,.F.);
#17756=CARTESIAN_POINT('',(1.4E-1,1.6E-1,5.E-3));
#17757=DIRECTION('',(-1.E0,0.E0,0.E0));
#17758=DIRECTION('',(0.E0,-1.E0,0.E0));
#17759=AXIS2_PLACEMENT_3D('',#17756,#17757,#17758);
#17760=PLANE('',#17759);
#17761=ORIENTED_EDGE('',*,*,#15738,.F.);
#17763=ORIENTED_EDGE('',*,*,#17762,.F.);
#17764=ORIENTED_EDGE('',*,*,#16028,.T.);
#17765=ORIENTED_EDGE('',*,*,#17749,.F.);
#17766=EDGE_LOOP('',(#17761,#17763,#17764,#17765));
#17767=FACE_OUTER_BOUND('',#17766,.F.);
#17768=ADVANCED_FACE('',(#17767),#17760,.F.);
#17769=CARTESIAN_POINT('',(1.3E-1,1.6E-1,5.E-3));
#17770=DIRECTION('',(0.E0,-1.E0,0.E0));
#17771=DIRECTION('',(1.E0,0.E0,0.E0));
#17772=AXIS2_PLACEMENT_3D('',#17769,#17770,#17771);
#17773=PLANE('',#17772);
#17774=ORIENTED_EDGE('',*,*,#15744,.F.);
#17775=ORIENTED_EDGE('',*,*,#17738,.F.);
#17776=ORIENTED_EDGE('',*,*,#16300,.T.);
#17777=ORIENTED_EDGE('',*,*,#17762,.T.);
#17778=EDGE_LOOP('',(#17774,#17775,#17776,#17777));
#17779=FACE_OUTER_BOUND('',#17778,.F.);
#17780=ADVANCED_FACE('',(#17779),#17773,.F.);
#17781=CARTESIAN_POINT('',(1.E-1,5.9E-2,5.E-3));
#17782=DIRECTION('',(1.E0,0.E0,0.E0));
#17783=DIRECTION('',(0.E0,1.E0,0.E0));
#17784=AXIS2_PLACEMENT_3D('',#17781,#17782,#17783);
#17785=PLANE('',#17784);
#17786=ORIENTED_EDGE('',*,*,#15784,.F.);
#17788=ORIENTED_EDGE('',*,*,#17787,.T.);
#17789=ORIENTED_EDGE('',*,*,#16128,.T.);
#17791=ORIENTED_EDGE('',*,*,#17790,.T.);
#17792=EDGE_LOOP('',(#17786,#17788,#17789,#17791));
#17793=FACE_OUTER_BOUND('',#17792,.F.);
#17794=ADVANCED_FACE('',(#17793),#17785,.F.);
#17795=CARTESIAN_POINT('',(1.21E-1,5.9E-2,5.E-3));
#17796=DIRECTION('',(0.E0,1.E0,0.E0));
#17797=DIRECTION('',(-1.E0,0.E0,0.E0));
#17798=AXIS2_PLACEMENT_3D('',#17795,#17796,#17797);
#17799=PLANE('',#17798);
#17800=ORIENTED_EDGE('',*,*,#16130,.T.);
#17801=ORIENTED_EDGE('',*,*,#17787,.F.);
#17802=ORIENTED_EDGE('',*,*,#15782,.T.);
#17804=ORIENTED_EDGE('',*,*,#17803,.T.);
#17805=EDGE_LOOP('',(#17800,#17801,#17802,#17804));
#17806=FACE_OUTER_BOUND('',#17805,.F.);
#17807=ADVANCED_FACE('',(#17806),#17799,.F.);
#17808=CARTESIAN_POINT('',(1.21E-1,6.9E-2,5.E-3));
#17809=DIRECTION('',(-1.E0,0.E0,0.E0));
#17810=DIRECTION('',(0.E0,-1.E0,0.E0));
#17811=AXIS2_PLACEMENT_3D('',#17808,#17809,#17810);
#17812=PLANE('',#17811);
#17813=ORIENTED_EDGE('',*,*,#15780,.F.);
#17815=ORIENTED_EDGE('',*,*,#17814,.T.);
#17816=ORIENTED_EDGE('',*,*,#16132,.T.);
#17817=ORIENTED_EDGE('',*,*,#17803,.F.);
#17818=EDGE_LOOP('',(#17813,#17815,#17816,#17817));
#17819=FACE_OUTER_BOUND('',#17818,.F.);
#17820=ADVANCED_FACE('',(#17819),#17812,.F.);
#17821=CARTESIAN_POINT('',(1.3E-1,6.9E-2,5.E-3));
#17822=DIRECTION('',(0.E0,1.E0,0.E0));
#17823=DIRECTION('',(-1.E0,0.E0,0.E0));
#17824=AXIS2_PLACEMENT_3D('',#17821,#17822,#17823);
#17825=PLANE('',#17824);
#17826=ORIENTED_EDGE('',*,*,#15778,.F.);
#17828=ORIENTED_EDGE('',*,*,#17827,.T.);
#17829=ORIENTED_EDGE('',*,*,#16134,.T.);
#17830=ORIENTED_EDGE('',*,*,#17814,.F.);
#17831=EDGE_LOOP('',(#17826,#17828,#17829,#17830));
#17832=FACE_OUTER_BOUND('',#17831,.F.);
#17833=ADVANCED_FACE('',(#17832),#17825,.F.);
#17834=CARTESIAN_POINT('',(1.3E-1,7.9E-2,5.E-3));
#17835=DIRECTION('',(-1.E0,0.E0,0.E0));
#17836=DIRECTION('',(0.E0,-1.E0,0.E0));
#17837=AXIS2_PLACEMENT_3D('',#17834,#17835,#17836);
#17838=PLANE('',#17837);
#17839=ORIENTED_EDGE('',*,*,#15776,.F.);
#17841=ORIENTED_EDGE('',*,*,#17840,.T.);
#17842=ORIENTED_EDGE('',*,*,#16136,.T.);
#17843=ORIENTED_EDGE('',*,*,#17827,.F.);
#17844=EDGE_LOOP('',(#17839,#17841,#17842,#17843));
#17845=FACE_OUTER_BOUND('',#17844,.F.);
#17846=ADVANCED_FACE('',(#17845),#17838,.F.);
#17847=CARTESIAN_POINT('',(1.1E-1,7.9E-2,5.E-3));
#17848=DIRECTION('',(0.E0,-1.E0,0.E0));
#17849=DIRECTION('',(1.E0,0.E0,0.E0));
#17850=AXIS2_PLACEMENT_3D('',#17847,#17848,#17849);
#17851=PLANE('',#17850);
#17852=ORIENTED_EDGE('',*,*,#15774,.F.);
#17854=ORIENTED_EDGE('',*,*,#17853,.F.);
#17855=ORIENTED_EDGE('',*,*,#16138,.T.);
#17856=ORIENTED_EDGE('',*,*,#17840,.F.);
#17857=EDGE_LOOP('',(#17852,#17854,#17855,#17856));
#17858=FACE_OUTER_BOUND('',#17857,.F.);
#17859=ADVANCED_FACE('',(#17858),#17851,.F.);
#17860=CARTESIAN_POINT('',(1.1E-1,6.9E-2,5.E-3));
#17861=DIRECTION('',(1.E0,0.E0,0.E0));
#17862=DIRECTION('',(0.E0,1.E0,0.E0));
#17863=AXIS2_PLACEMENT_3D('',#17860,#17861,#17862);
#17864=PLANE('',#17863);
#17865=ORIENTED_EDGE('',*,*,#15772,.F.);
#17867=ORIENTED_EDGE('',*,*,#17866,.T.);
#17868=ORIENTED_EDGE('',*,*,#16180,.T.);
#17869=ORIENTED_EDGE('',*,*,#17853,.T.);
#17870=EDGE_LOOP('',(#17865,#17867,#17868,#17869));
#17871=FACE_OUTER_BOUND('',#17870,.F.);
#17872=ADVANCED_FACE('',(#17871),#17864,.F.);
#17873=CARTESIAN_POINT('',(1.E-1,6.9E-2,5.E-3));
#17874=DIRECTION('',(0.E0,-1.E0,0.E0));
#17875=DIRECTION('',(1.E0,0.E0,0.E0));
#17876=AXIS2_PLACEMENT_3D('',#17873,#17874,#17875);
#17877=PLANE('',#17876);
#17878=ORIENTED_EDGE('',*,*,#15770,.F.);
#17879=ORIENTED_EDGE('',*,*,#17790,.F.);
#17880=ORIENTED_EDGE('',*,*,#16182,.T.);
#17881=ORIENTED_EDGE('',*,*,#17866,.F.);
#17882=EDGE_LOOP('',(#17878,#17879,#17880,#17881));
#17883=FACE_OUTER_BOUND('',#17882,.F.);
#17884=ADVANCED_FACE('',(#17883),#17877,.F.);
#17885=CARTESIAN_POINT('',(1.7E-1,9.E-2,5.E-3));
#17886=DIRECTION('',(-1.E0,0.E0,0.E0));
#17887=DIRECTION('',(0.E0,-1.E0,0.E0));
#17888=AXIS2_PLACEMENT_3D('',#17885,#17886,#17887);
#17889=PLANE('',#17888);
#17890=ORIENTED_EDGE('',*,*,#15592,.F.);
#17892=ORIENTED_EDGE('',*,*,#17891,.T.);
#17893=ORIENTED_EDGE('',*,*,#16210,.T.);
#17895=ORIENTED_EDGE('',*,*,#17894,.F.);
#17896=EDGE_LOOP('',(#17890,#17892,#17893,#17895));
#17897=FACE_OUTER_BOUND('',#17896,.F.);
#17898=ADVANCED_FACE('',(#17897),#17889,.F.);
#17899=CARTESIAN_POINT('',(1.8E-1,9.E-2,5.E-3));
#17900=DIRECTION('',(0.E0,1.E0,0.E0));
#17901=DIRECTION('',(-1.E0,0.E0,0.E0));
#17902=AXIS2_PLACEMENT_3D('',#17899,#17900,#17901);
#17903=PLANE('',#17902);
#17904=ORIENTED_EDGE('',*,*,#15598,.F.);
#17906=ORIENTED_EDGE('',*,*,#17905,.T.);
#17907=ORIENTED_EDGE('',*,*,#16212,.T.);
#17908=ORIENTED_EDGE('',*,*,#17891,.F.);
#17909=EDGE_LOOP('',(#17904,#17906,#17907,#17908));
#17910=FACE_OUTER_BOUND('',#17909,.F.);
#17911=ADVANCED_FACE('',(#17910),#17903,.F.);
#17912=CARTESIAN_POINT('',(1.8E-1,7.9E-2,5.E-3));
#17913=DIRECTION('',(1.E0,0.E0,0.E0));
#17914=DIRECTION('',(0.E0,1.E0,0.E0));
#17915=AXIS2_PLACEMENT_3D('',#17912,#17913,#17914);
#17916=PLANE('',#17915);
#17917=ORIENTED_EDGE('',*,*,#15596,.F.);
#17919=ORIENTED_EDGE('',*,*,#17918,.T.);
#17920=ORIENTED_EDGE('',*,*,#16214,.T.);
#17921=ORIENTED_EDGE('',*,*,#17905,.F.);
#17922=EDGE_LOOP('',(#17917,#17919,#17920,#17921));
#17923=FACE_OUTER_BOUND('',#17922,.F.);
#17924=ADVANCED_FACE('',(#17923),#17916,.F.);
#17925=CARTESIAN_POINT('',(1.7E-1,7.9E-2,5.E-3));
#17926=DIRECTION('',(0.E0,-1.E0,0.E0));
#17927=DIRECTION('',(1.E0,0.E0,0.E0));
#17928=AXIS2_PLACEMENT_3D('',#17925,#17926,#17927);
#17929=PLANE('',#17928);
#17930=ORIENTED_EDGE('',*,*,#15594,.F.);
#17931=ORIENTED_EDGE('',*,*,#17894,.T.);
#17932=ORIENTED_EDGE('',*,*,#16216,.T.);
#17933=ORIENTED_EDGE('',*,*,#17918,.F.);
#17934=EDGE_LOOP('',(#17930,#17931,#17932,#17933));
#17935=FACE_OUTER_BOUND('',#17934,.F.);
#17936=ADVANCED_FACE('',(#17935),#17929,.F.);
#17937=CARTESIAN_POINT('',(1.8E-1,5.809069308896E-2,5.E-3));
#17938=DIRECTION('',(1.E0,0.E0,0.E0));
#17939=DIRECTION('',(0.E0,1.E0,0.E0));
#17940=AXIS2_PLACEMENT_3D('',#17937,#17938,#17939);
#17941=PLANE('',#17940);
#17942=ORIENTED_EDGE('',*,*,#15574,.F.);
#17944=ORIENTED_EDGE('',*,*,#17943,.T.);
#17945=ORIENTED_EDGE('',*,*,#16226,.T.);
#17947=ORIENTED_EDGE('',*,*,#17946,.F.);
#17948=EDGE_LOOP('',(#17942,#17944,#17945,#17947));
#17949=FACE_OUTER_BOUND('',#17948,.F.);
#17950=ADVANCED_FACE('',(#17949),#17941,.F.);
#17951=CARTESIAN_POINT('',(1.51E-1,5.809069308896E-2,5.E-3));
#17952=DIRECTION('',(0.E0,-1.E0,0.E0));
#17953=DIRECTION('',(1.E0,0.E0,0.E0));
#17954=AXIS2_PLACEMENT_3D('',#17951,#17952,#17953);
#17955=PLANE('',#17954);
#17956=ORIENTED_EDGE('',*,*,#15588,.F.);
#17958=ORIENTED_EDGE('',*,*,#17957,.T.);
#17959=ORIENTED_EDGE('',*,*,#16228,.T.);
#17960=ORIENTED_EDGE('',*,*,#17943,.F.);
#17961=EDGE_LOOP('',(#17956,#17958,#17959,#17960));
#17962=FACE_OUTER_BOUND('',#17961,.F.);
#17963=ADVANCED_FACE('',(#17962),#17955,.F.);
#17964=CARTESIAN_POINT('',(1.51E-1,6.709069308896E-2,5.E-3));
#17965=DIRECTION('',(-1.E0,0.E0,0.E0));
#17966=DIRECTION('',(0.E0,-1.E0,0.E0));
#17967=AXIS2_PLACEMENT_3D('',#17964,#17965,#17966);
#17968=PLANE('',#17967);
#17969=ORIENTED_EDGE('',*,*,#15586,.F.);
#17971=ORIENTED_EDGE('',*,*,#17970,.T.);
#17972=ORIENTED_EDGE('',*,*,#16230,.T.);
#17973=ORIENTED_EDGE('',*,*,#17957,.F.);
#17974=EDGE_LOOP('',(#17969,#17971,#17972,#17973));
#17975=FACE_OUTER_BOUND('',#17974,.F.);
#17976=ADVANCED_FACE('',(#17975),#17968,.F.);
#17977=CARTESIAN_POINT('',(1.6E-1,6.709069308896E-2,5.E-3));
#17978=DIRECTION('',(0.E0,1.E0,0.E0));
#17979=DIRECTION('',(-1.E0,0.E0,0.E0));
#17980=AXIS2_PLACEMENT_3D('',#17977,#17978,#17979);
#17981=PLANE('',#17980);
#17982=ORIENTED_EDGE('',*,*,#15584,.F.);
#17984=ORIENTED_EDGE('',*,*,#17983,.T.);
#17985=ORIENTED_EDGE('',*,*,#16232,.T.);
#17986=ORIENTED_EDGE('',*,*,#17970,.F.);
#17987=EDGE_LOOP('',(#17982,#17984,#17985,#17986));
#17988=FACE_OUTER_BOUND('',#17987,.F.);
#17989=ADVANCED_FACE('',(#17988),#17981,.F.);
#17990=CARTESIAN_POINT('',(1.6E-1,7.609069308896E-2,5.E-3));
#17991=DIRECTION('',(-1.E0,0.E0,0.E0));
#17992=DIRECTION('',(0.E0,-1.E0,0.E0));
#17993=AXIS2_PLACEMENT_3D('',#17990,#17991,#17992);
#17994=PLANE('',#17993);
#17995=ORIENTED_EDGE('',*,*,#15582,.F.);
#17997=ORIENTED_EDGE('',*,*,#17996,.T.);
#17998=ORIENTED_EDGE('',*,*,#16234,.T.);
#17999=ORIENTED_EDGE('',*,*,#17983,.F.);
#18000=EDGE_LOOP('',(#17995,#17997,#17998,#17999));
#18001=FACE_OUTER_BOUND('',#18000,.F.);
#18002=ADVANCED_FACE('',(#18001),#17994,.F.);
#18003=CARTESIAN_POINT('',(1.7E-1,7.609069308896E-2,5.E-3));
#18004=DIRECTION('',(0.E0,1.E0,0.E0));
#18005=DIRECTION('',(-1.E0,0.E0,0.E0));
#18006=AXIS2_PLACEMENT_3D('',#18003,#18004,#18005);
#18007=PLANE('',#18006);
#18008=ORIENTED_EDGE('',*,*,#15580,.F.);
#18010=ORIENTED_EDGE('',*,*,#18009,.T.);
#18011=ORIENTED_EDGE('',*,*,#16236,.T.);
#18012=ORIENTED_EDGE('',*,*,#17996,.F.);
#18013=EDGE_LOOP('',(#18008,#18010,#18011,#18012));
#18014=FACE_OUTER_BOUND('',#18013,.F.);
#18015=ADVANCED_FACE('',(#18014),#18007,.F.);
#18016=CARTESIAN_POINT('',(1.7E-1,6.709069308896E-2,5.E-3));
#18017=DIRECTION('',(1.E0,0.E0,0.E0));
#18018=DIRECTION('',(0.E0,1.E0,0.E0));
#18019=AXIS2_PLACEMENT_3D('',#18016,#18017,#18018);
#18020=PLANE('',#18019);
#18021=ORIENTED_EDGE('',*,*,#15578,.F.);
#18023=ORIENTED_EDGE('',*,*,#18022,.T.);
#18024=ORIENTED_EDGE('',*,*,#16238,.T.);
#18025=ORIENTED_EDGE('',*,*,#18009,.F.);
#18026=EDGE_LOOP('',(#18021,#18023,#18024,#18025));
#18027=FACE_OUTER_BOUND('',#18026,.F.);
#18028=ADVANCED_FACE('',(#18027),#18020,.F.);
#18029=CARTESIAN_POINT('',(1.8E-1,6.709069308896E-2,5.E-3));
#18030=DIRECTION('',(0.E0,1.E0,0.E0));
#18031=DIRECTION('',(-1.E0,0.E0,0.E0));
#18032=AXIS2_PLACEMENT_3D('',#18029,#18030,#18031);
#18033=PLANE('',#18032);
#18034=ORIENTED_EDGE('',*,*,#15576,.F.);
#18035=ORIENTED_EDGE('',*,*,#17946,.T.);
#18036=ORIENTED_EDGE('',*,*,#16240,.T.);
#18037=ORIENTED_EDGE('',*,*,#18022,.F.);
#18038=EDGE_LOOP('',(#18034,#18035,#18036,#18037));
#18039=FACE_OUTER_BOUND('',#18038,.F.);
#18040=ADVANCED_FACE('',(#18039),#18033,.F.);
#18041=CARTESIAN_POINT('',(1.E-1,1.3E-1,5.E-3));
#18042=DIRECTION('',(0.E0,-1.E0,0.E0));
#18043=DIRECTION('',(1.E0,0.E0,0.E0));
#18044=AXIS2_PLACEMENT_3D('',#18041,#18042,#18043);
#18045=PLANE('',#18044);
#18047=ORIENTED_EDGE('',*,*,#18046,.T.);
#18048=ORIENTED_EDGE('',*,*,#16158,.T.);
#18050=ORIENTED_EDGE('',*,*,#18049,.F.);
#18051=ORIENTED_EDGE('',*,*,#15884,.F.);
#18052=EDGE_LOOP('',(#18047,#18048,#18050,#18051));
#18053=FACE_OUTER_BOUND('',#18052,.F.);
#18054=ADVANCED_FACE('',(#18053),#18045,.F.);
#18055=CARTESIAN_POINT('',(1.1E-1,1.2E-1,5.E-3));
#18056=DIRECTION('',(1.E0,0.E0,0.E0));
#18057=DIRECTION('',(0.E0,1.E0,0.E0));
#18058=AXIS2_PLACEMENT_3D('',#18055,#18056,#18057);
#18059=PLANE('',#18058);
#18060=ORIENTED_EDGE('',*,*,#15882,.F.);
#18062=ORIENTED_EDGE('',*,*,#18061,.F.);
#18063=ORIENTED_EDGE('',*,*,#16160,.T.);
#18064=ORIENTED_EDGE('',*,*,#18046,.F.);
#18065=EDGE_LOOP('',(#18060,#18062,#18063,#18064));
#18066=FACE_OUTER_BOUND('',#18065,.F.);
#18067=ADVANCED_FACE('',(#18066),#18059,.F.);
#18068=CARTESIAN_POINT('',(1.3E-1,1.2E-1,5.E-3));
#18069=DIRECTION('',(0.E0,1.E0,0.E0));
#18070=DIRECTION('',(-1.E0,0.E0,0.E0));
#18071=AXIS2_PLACEMENT_3D('',#18068,#18069,#18070);
#18072=PLANE('',#18071);
#18073=ORIENTED_EDGE('',*,*,#15892,.F.);
#18075=ORIENTED_EDGE('',*,*,#18074,.T.);
#18076=ORIENTED_EDGE('',*,*,#16162,.T.);
#18077=ORIENTED_EDGE('',*,*,#18061,.T.);
#18078=EDGE_LOOP('',(#18073,#18075,#18076,#18077));
#18079=FACE_OUTER_BOUND('',#18078,.F.);
#18080=ADVANCED_FACE('',(#18079),#18072,.F.);
#18081=CARTESIAN_POINT('',(1.3E-1,1.3E-1,5.E-3));
#18082=DIRECTION('',(-1.E0,0.E0,0.E0));
#18083=DIRECTION('',(0.E0,-1.E0,0.E0));
#18084=AXIS2_PLACEMENT_3D('',#18081,#18082,#18083);
#18085=PLANE('',#18084);
#18086=ORIENTED_EDGE('',*,*,#15890,.T.);
#18088=ORIENTED_EDGE('',*,*,#18087,.T.);
#18089=ORIENTED_EDGE('',*,*,#16164,.T.);
#18090=ORIENTED_EDGE('',*,*,#18074,.F.);
#18091=EDGE_LOOP('',(#18086,#18088,#18089,#18090));
#18092=FACE_OUTER_BOUND('',#18091,.F.);
#18093=ADVANCED_FACE('',(#18092),#18085,.F.);
#18094=CARTESIAN_POINT('',(1.2E-1,1.4E-1,5.E-3));
#18095=DIRECTION('',(0.E0,-1.E0,0.E0));
#18096=DIRECTION('',(1.E0,0.E0,0.E0));
#18097=AXIS2_PLACEMENT_3D('',#18094,#18095,#18096);
#18098=PLANE('',#18097);
#18099=ORIENTED_EDGE('',*,*,#15888,.F.);
#18101=ORIENTED_EDGE('',*,*,#18100,.T.);
#18102=ORIENTED_EDGE('',*,*,#16166,.T.);
#18103=ORIENTED_EDGE('',*,*,#18087,.F.);
#18104=EDGE_LOOP('',(#18099,#18101,#18102,#18103));
#18105=FACE_OUTER_BOUND('',#18104,.F.);
#18106=ADVANCED_FACE('',(#18105),#18098,.F.);
#18107=CARTESIAN_POINT('',(1.2E-1,1.3E-1,5.E-3));
#18108=DIRECTION('',(1.E0,0.E0,0.E0));
#18109=DIRECTION('',(0.E0,1.E0,0.E0));
#18110=AXIS2_PLACEMENT_3D('',#18107,#18108,#18109);
#18111=PLANE('',#18110);
#18112=ORIENTED_EDGE('',*,*,#15886,.F.);
#18113=ORIENTED_EDGE('',*,*,#18049,.T.);
#18114=ORIENTED_EDGE('',*,*,#16168,.T.);
#18115=ORIENTED_EDGE('',*,*,#18100,.F.);
#18116=EDGE_LOOP('',(#18112,#18113,#18114,#18115));
#18117=FACE_OUTER_BOUND('',#18116,.F.);
#18118=ADVANCED_FACE('',(#18117),#18111,.F.);
#18119=CLOSED_SHELL('',(#15430,#15445,#15459,#15473,#15487,#15501,#15515,#15529,
#15542,#15732,#15748,#15764,#15788,#15860,#15876,#15896,#15911,#15924,#15934,
#15949,#15963,#15977,#15990,#16006,#16172,#16188,#16204,#16220,#16244,#16256,
#16272,#16288,#16304,#16320,#16336,#16352,#16376,#16390,#16403,#16416,#16429,
#16442,#16455,#16468,#16481,#16494,#16507,#16521,#16534,#16547,#16560,#16573,
#16586,#16600,#16614,#16627,#16640,#16653,#16666,#16679,#16692,#16705,#16718,
#16732,#16745,#16758,#16771,#16784,#16797,#16810,#16823,#16836,#16849,#16862,
#16875,#16888,#16901,#16914,#16927,#16940,#16953,#16966,#16979,#16992,#17005,
#17018,#17031,#17044,#17057,#17070,#17083,#17096,#17109,#17122,#17135,#17148,
#17161,#17174,#17187,#17200,#17212,#17225,#17238,#17250,#17263,#17276,#17289,
#17302,#17315,#17327,#17340,#17353,#17366,#17379,#17392,#17405,#17418,#17431,
#17444,#17457,#17470,#17483,#17496,#17509,#17522,#17535,#17548,#17561,#17574,
#17587,#17600,#17613,#17626,#17638,#17651,#17664,#17676,#17690,#17703,#17716,
#17728,#17742,#17755,#17768,#17780,#17794,#17807,#17820,#17833,#17846,#17859,
#17872,#17884,#17898,#17911,#17924,#17936,#17950,#17963,#17976,#17989,#18002,
#18015,#18028,#18040,#18054,#18067,#18080,#18093,#18106,#18118));
#18120=MANIFOLD_SOLID_BREP('',#18119);
#18121=DIMENSIONAL_EXPONENTS(1.E0,0.E0,0.E0,0.E0,0.E0,0.E0,0.E0);
#18123=LENGTH_MEASURE_WITH_UNIT(LENGTH_MEASURE(2.54E1),#18122);
#18124=(CONVERSION_BASED_UNIT('INCH',#18123)LENGTH_UNIT()NAMED_UNIT(#18121));
#18125=DIMENSIONAL_EXPONENTS(0.E0,0.E0,0.E0,0.E0,0.E0,0.E0,0.E0);
#18127=PLANE_ANGLE_MEASURE_WITH_UNIT(PLANE_ANGLE_MEASURE(1.745329251994E-2),
#18126);
#18128=(CONVERSION_BASED_UNIT('DEGREE',#18127)NAMED_UNIT(*)PLANE_ANGLE_UNIT());
#18130=UNCERTAINTY_MEASURE_WITH_UNIT(LENGTH_MEASURE(3.225330280346E-5),#18124,
'closure',
'Maximum model space distance between geometric entities at asserted connectivities');
#18131=(GEOMETRIC_REPRESENTATION_CONTEXT(3)GLOBAL_UNCERTAINTY_ASSIGNED_CONTEXT((
#18130))GLOBAL_UNIT_ASSIGNED_CONTEXT((#18124,#18128,#18129))REPRESENTATION_CONTEXT('ID11','3'));
#18132=CARTESIAN_POINT('',(0.E0,0.E0,0.E0));
#18133=DIRECTION('',(0.E0,0.E0,1.E0));
#18134=DIRECTION('',(1.E0,0.E0,0.E0));
#18137=DESIGN_CONTEXT('',#1259,'design');
#18138=MECHANICAL_CONTEXT('',#1259,'mechanical');
#18139=PRODUCT('FKX-MS','FKX-MS','NOT SPECIFIED',(#18138));
#18140=PRODUCT_DEFINITION_FORMATION_WITH_SPECIFIED_SOURCE('1','LAST_VERSION',
#18139,.MADE.);
#18146=CARTESIAN_POINT('',(2.360826771654E-1,6.4E-2,2.140730708661E-1));
#18147=DIRECTION('',(0.E0,0.E0,1.E0));
#18148=DIRECTION('',(0.E0,1.E0,0.E0));
#18149=AXIS2_PLACEMENT_3D('',#18146,#18147,#18148);
#18150=ITEM_DEFINED_TRANSFORMATION('','',#18135,#18149);
#18151=(REPRESENTATION_RELATIONSHIP('','',#18136,#1270)REPRESENTATION_RELATIONSHIP_WITH_TRANSFORMATION(#18150)SHAPE_REPRESENTATION_RELATIONSHIP());
#18152=CONTEXT_DEPENDENT_SHAPE_REPRESENTATION(#18151,#18145);
#18153=DIMENSIONAL_EXPONENTS(1.E0,0.E0,0.E0,0.E0,0.E0,0.E0,0.E0);
#18155=LENGTH_MEASURE_WITH_UNIT(LENGTH_MEASURE(2.54E1),#18154);
#18156=(CONVERSION_BASED_UNIT('INCH',#18155)LENGTH_UNIT()NAMED_UNIT(#18153));
#18157=DIMENSIONAL_EXPONENTS(0.E0,0.E0,0.E0,0.E0,0.E0,0.E0,0.E0);
#18159=PLANE_ANGLE_MEASURE_WITH_UNIT(PLANE_ANGLE_MEASURE(1.745329251994E-2),
#18158);
#18160=(CONVERSION_BASED_UNIT('DEGREE',#18159)NAMED_UNIT(*)PLANE_ANGLE_UNIT());
#18162=UNCERTAINTY_MEASURE_WITH_UNIT(LENGTH_MEASURE(5.170866790082E-5),#18156,
'closure',
'Maximum model space distance between geometric entities at asserted connectivities');
#18163=(GEOMETRIC_REPRESENTATION_CONTEXT(3)GLOBAL_UNCERTAINTY_ASSIGNED_CONTEXT((
#18162))GLOBAL_UNIT_ASSIGNED_CONTEXT((#18156,#18160,#18161))REPRESENTATION_CONTEXT('ID12','3'));
#18164=CARTESIAN_POINT('',(0.E0,0.E0,0.E0));
#18165=DIRECTION('',(0.E0,0.E0,1.E0));
#18166=DIRECTION('',(1.E0,0.E0,0.E0));
#18168=MECHANICAL_CONTEXT('',#1259,'mechanical');
#18169=PRODUCT('FKX006_AM2_ASM','FKX006_AM2_ASM','NOT SPECIFIED',(#18168));
#18170=PRODUCT_DEFINITION_FORMATION_WITH_SPECIFIED_SOURCE('1','LAST_VERSION',
#18169,.MADE.);
#18172=PRODUCT_CATEGORY('part','');
#18173=PRODUCT_RELATED_PRODUCT_CATEGORY('assembly','',(#18169));
#18174=PRODUCT_CATEGORY_RELATIONSHIP('','',#18172,#18173);
#18175=PRODUCT_CATEGORY('part','');
#18176=PRODUCT_RELATED_PRODUCT_CATEGORY('detail','',(#1263,#2240,#2497,#3471,
#6190,#8886,#10962,#11707,#12919,#12988,#18139));
#18177=PRODUCT_CATEGORY_RELATIONSHIP('','',#18175,#18176);
#18178=SECURITY_CLASSIFICATION_LEVEL('unclassified');
#18179=SECURITY_CLASSIFICATION('','',#18178);
#18180=CC_DESIGN_SECURITY_CLASSIFICATION(#18179,(#1264,#2241,#2498,#3472,#6191,
#8887,#10963,#11708,#12920,#12989,#18140,#18170,#1271,#2245,#2254,#2502,#3476,
#6195,#6204,#6213,#6222,#6231,#6240,#6249,#6258,#6267,#6276,#6285,#6294,#8891,
#8900,#8909,#8918,#8927,#8936,#10967,#11712,#11721,#12924,#12993,#13002,#13011,
#13020,#13029,#13038,#13047,#18144));
#18181=APPROVAL_STATUS('approved');
#18182=APPROVAL(#18181,'');
#18183=CC_DESIGN_APPROVAL(#18182,(#18179,#1264,#2241,#2498,#3472,#6191,#8887,
#10963,#11708,#12920,#12989,#18140,#18170,#1265,#2242,#2499,#3473,#6192,#8888,
#10964,#11709,#12921,#12990,#18141,#18171));
#18184=CALENDAR_DATE(121,21,9);
#18185=COORDINATED_UNIVERSAL_TIME_OFFSET(5,0,.BEHIND.);
#18186=LOCAL_TIME(15,37,7.E0,#18185);
#18187=DATE_AND_TIME(#18184,#18186);
#18188=APPROVAL_DATE_TIME(#18187,#18182);
#18189=DATE_TIME_ROLE('creation_date');
#18190=CC_DESIGN_DATE_AND_TIME_ASSIGNMENT(#18187,#18189,(#1265,#2242,#2499,
#3473,#6192,#8888,#10964,#11709,#12921,#12990,#18141,#18171));
#18191=DATE_TIME_ROLE('classification_date');
#18192=CC_DESIGN_DATE_AND_TIME_ASSIGNMENT(#18187,#18191,(#18179));
#18193=PERSON('UNSPECIFIED','UNSPECIFIED',$,$,$,$);
#18194=ORGANIZATION('UNSPECIFIED','UNSPECIFIED','UNSPECIFIED');
#18195=PERSON_AND_ORGANIZATION(#18193,#18194);
#18196=APPROVAL_ROLE('approver');
#18197=APPROVAL_PERSON_ORGANIZATION(#18195,#18182,#18196);
#18198=PERSON_AND_ORGANIZATION_ROLE('creator');
#18199=CC_DESIGN_PERSON_AND_ORGANIZATION_ASSIGNMENT(#18195,#18198,(#1264,#2241,
#2498,#3472,#6191,#8887,#10963,#11708,#12920,#12989,#18140,#18170,#1265,#2242,
#2499,#3473,#6192,#8888,#10964,#11709,#12921,#12990,#18141,#18171));
#18200=PERSON_AND_ORGANIZATION_ROLE('design_supplier');
#18201=CC_DESIGN_PERSON_AND_ORGANIZATION_ASSIGNMENT(#18195,#18200,(#1264,#2241,
#2498,#3472,#6191,#8887,#10963,#11708,#12920,#12989,#18140,#18170));
#18202=PERSON_AND_ORGANIZATION_ROLE('classification_officer');
#18203=CC_DESIGN_PERSON_AND_ORGANIZATION_ASSIGNMENT(#18195,#18202,(#18179));
#18204=PERSON_AND_ORGANIZATION_ROLE('design_owner');
#18205=CC_DESIGN_PERSON_AND_ORGANIZATION_ASSIGNMENT(#18195,#18204,(#18169,#1263,
#2240,#2497,#3471,#6190,#8886,#10962,#11707,#12919,#12988,#18139));
#21=CIRCLE('',#20,2.25E-2);
#26=CIRCLE('',#25,2.25E-2);
#31=CIRCLE('',#30,2.25E-2);
#36=CIRCLE('',#35,2.25E-2);
#41=CIRCLE('',#40,2.25E-2);
#46=CIRCLE('',#45,2.25E-2);
#51=CIRCLE('',#50,2.25E-2);
#56=CIRCLE('',#55,2.25E-2);
#61=CIRCLE('',#60,2.25E-2);
#66=CIRCLE('',#65,2.25E-2);
#71=CIRCLE('',#70,2.25E-2);
#76=CIRCLE('',#75,2.25E-2);
#81=CIRCLE('',#80,2.25E-2);
#86=CIRCLE('',#85,2.25E-2);
#123=CIRCLE('',#122,1.35E-2);
#132=CIRCLE('',#131,1.35E-2);
#145=CIRCLE('',#144,1.35E-2);
#154=CIRCLE('',#153,1.35E-2);
#159=CIRCLE('',#158,1.05E-2);
#164=CIRCLE('',#163,1.05E-2);
#169=CIRCLE('',#168,1.05E-2);
#174=CIRCLE('',#173,1.05E-2);
#179=CIRCLE('',#178,1.05E-2);
#184=CIRCLE('',#183,1.05E-2);
#205=CIRCLE('',#204,1.35E-2);
#214=CIRCLE('',#213,1.35E-2);
#227=CIRCLE('',#226,1.35E-2);
#236=CIRCLE('',#235,1.35E-2);
#265=CIRCLE('',#264,1.05E-2);
#270=CIRCLE('',#269,1.05E-2);
#275=CIRCLE('',#274,1.05E-2);
#280=CIRCLE('',#279,1.05E-2);
#285=CIRCLE('',#284,1.05E-2);
#290=CIRCLE('',#289,1.05E-2);
#319=CIRCLE('',#318,2.25E-2);
#324=CIRCLE('',#323,2.25E-2);
#329=CIRCLE('',#328,2.25E-2);
#334=CIRCLE('',#333,2.25E-2);
#339=CIRCLE('',#338,2.25E-2);
#344=CIRCLE('',#343,2.25E-2);
#349=CIRCLE('',#348,2.25E-2);
#354=CIRCLE('',#353,2.25E-2);
#359=CIRCLE('',#358,2.25E-2);
#364=CIRCLE('',#363,2.25E-2);
#369=CIRCLE('',#368,2.25E-2);
#374=CIRCLE('',#373,2.25E-2);
#379=CIRCLE('',#378,2.25E-2);
#384=CIRCLE('',#383,2.25E-2);
#566=EDGE_CURVE('',#435,#436,#4,.T.);
#568=EDGE_CURVE('',#436,#438,#8,.T.);
#570=EDGE_CURVE('',#438,#440,#12,.T.);
#572=EDGE_CURVE('',#440,#435,#16,.T.);
#576=EDGE_CURVE('',#511,#512,#21,.T.);
#578=EDGE_CURVE('',#512,#511,#26,.T.);
#582=EDGE_CURVE('',#515,#516,#31,.T.);
#584=EDGE_CURVE('',#516,#515,#36,.T.);
#588=EDGE_CURVE('',#519,#520,#41,.T.);
#590=EDGE_CURVE('',#520,#519,#46,.T.);
#594=EDGE_CURVE('',#523,#524,#51,.T.);
#596=EDGE_CURVE('',#524,#523,#56,.T.);
#600=EDGE_CURVE('',#527,#528,#61,.T.);
#602=EDGE_CURVE('',#528,#527,#66,.T.);
#606=EDGE_CURVE('',#531,#532,#71,.T.);
#608=EDGE_CURVE('',#532,#531,#76,.T.);
#612=EDGE_CURVE('',#535,#536,#81,.T.);
#614=EDGE_CURVE('',#536,#535,#86,.T.);
#625=EDGE_CURVE('',#435,#443,#90,.T.);
#627=EDGE_CURVE('',#443,#444,#106,.T.);
#629=EDGE_CURVE('',#436,#444,#102,.T.);
#640=EDGE_CURVE('',#440,#448,#94,.T.);
#642=EDGE_CURVE('',#448,#443,#110,.T.);
#654=EDGE_CURVE('',#438,#446,#98,.T.);
#656=EDGE_CURVE('',#446,#448,#114,.T.);
#669=EDGE_CURVE('',#444,#446,#118,.T.);
#686=EDGE_CURVE('',#467,#468,#123,.T.);
#688=EDGE_CURVE('',#468,#470,#127,.T.);
#690=EDGE_CURVE('',#470,#472,#132,.T.);
#692=EDGE_CURVE('',#472,#467,#136,.T.);
#696=EDGE_CURVE('',#475,#476,#140,.T.);
#698=EDGE_CURVE('',#476,#478,#145,.T.);
#700=EDGE_CURVE('',#478,#480,#149,.T.);
#702=EDGE_CURVE('',#480,#475,#154,.T.);
#706=EDGE_CURVE('',#551,#552,#159,.T.);
#708=EDGE_CURVE('',#552,#551,#164,.T.);
#712=EDGE_CURVE('',#555,#556,#169,.T.);
#714=EDGE_CURVE('',#556,#555,#174,.T.);
#718=EDGE_CURVE('',#559,#560,#179,.T.);
#720=EDGE_CURVE('',#560,#559,#184,.T.);
#731=EDGE_CURVE('',#467,#451,#188,.T.);
#733=EDGE_CURVE('',#451,#452,#205,.T.);
#735=EDGE_CURVE('',#468,#452,#200,.T.);
#746=EDGE_CURVE('',#472,#456,#192,.T.);
#748=EDGE_CURVE('',#456,#451,#209,.T.);
#760=EDGE_CURVE('',#470,#454,#196,.T.);
#762=EDGE_CURVE('',#454,#456,#214,.T.);
#775=EDGE_CURVE('',#452,#454,#218,.T.);
#798=EDGE_CURVE('',#459,#460,#222,.T.);
#800=EDGE_CURVE('',#464,#459,#227,.T.);
#802=EDGE_CURVE('',#462,#464,#231,.T.);
#804=EDGE_CURVE('',#460,#462,#236,.T.);
#815=EDGE_CURVE('',#475,#459,#240,.T.);
#818=EDGE_CURVE('',#476,#460,#252,.T.);
#829=EDGE_CURVE('',#480,#464,#244,.T.);
#842=EDGE_CURVE('',#478,#462,#248,.T.);
#867=EDGE_CURVE('',#551,#539,#256,.T.);
#869=EDGE_CURVE('',#539,#540,#265,.T.);
#871=EDGE_CURVE('',#552,#540,#260,.T.);
#883=EDGE_CURVE('',#540,#539,#270,.T.);
#904=EDGE_CURVE('',#543,#544,#275,.T.);
#906=EDGE_CURVE('',#544,#543,#280,.T.);
#916=EDGE_CURVE('',#547,#548,#285,.T.);
#918=EDGE_CURVE('',#548,#547,#290,.T.);
#929=EDGE_CURVE('',#555,#543,#294,.T.);
#932=EDGE_CURVE('',#556,#544,#298,.T.);
#955=EDGE_CURVE('',#559,#547,#302,.T.);
#958=EDGE_CURVE('',#560,#548,#306,.T.);
#981=EDGE_CURVE('',#511,#483,#310,.T.);
#983=EDGE_CURVE('',#483,#484,#319,.T.);
#985=EDGE_CURVE('',#512,#484,#314,.T.);
#997=EDGE_CURVE('',#484,#483,#324,.T.);
#1018=EDGE_CURVE('',#487,#488,#329,.T.);
#1020=EDGE_CURVE('',#488,#487,#334,.T.);
#1030=EDGE_CURVE('',#491,#492,#339,.T.);
#1032=EDGE_CURVE('',#492,#491,#344,.T.);
#1042=EDGE_CURVE('',#495,#496,#349,.T.);
#1044=EDGE_CURVE('',#496,#495,#354,.T.);
#1054=EDGE_CURVE('',#499,#500,#359,.T.);
#1056=EDGE_CURVE('',#500,#499,#364,.T.);
#1066=EDGE_CURVE('',#503,#504,#369,.T.);
#1068=EDGE_CURVE('',#504,#503,#374,.T.);
#1078=EDGE_CURVE('',#507,#508,#379,.T.);
#1080=EDGE_CURVE('',#508,#507,#384,.T.);
#1091=EDGE_CURVE('',#515,#487,#388,.T.);
#1094=EDGE_CURVE('',#516,#488,#392,.T.);
#1117=EDGE_CURVE('',#519,#491,#396,.T.);
#1120=EDGE_CURVE('',#520,#492,#400,.T.);
#1143=EDGE_CURVE('',#523,#495,#404,.T.);
#1146=EDGE_CURVE('',#524,#496,#408,.T.);
#1169=EDGE_CURVE('',#527,#499,#412,.T.);
#1172=EDGE_CURVE('',#528,#500,#416,.T.);
#1195=EDGE_CURVE('',#531,#503,#420,.T.);
#1198=EDGE_CURVE('',#532,#504,#424,.T.);
#1221=EDGE_CURVE('',#535,#507,#428,.T.);
#1224=EDGE_CURVE('',#536,#508,#432,.T.);
#1244=(LENGTH_UNIT()NAMED_UNIT(*)SI_UNIT(.MILLI.,.METRE.));
#1248=(NAMED_UNIT(*)PLANE_ANGLE_UNIT()SI_UNIT($,.RADIAN.));
#1251=(NAMED_UNIT(*)SI_UNIT($,.STERADIAN.)SOLID_ANGLE_UNIT());
#1257=AXIS2_PLACEMENT_3D('',#1254,#1255,#1256);
#1258=ADVANCED_BREP_SHAPE_REPRESENTATION('',(#1257,#1242),#1253);
#1265=PRODUCT_DEFINITION('design','',#1264,#1261);
#1266=PRODUCT_DEFINITION_SHAPE('','SHAPE FOR FKX006_AM2.',#1265);
#1267=SHAPE_DEFINITION_REPRESENTATION(#1266,#1258);
#1268=SHAPE_DEFINITION_REPRESENTATION(#1269,#1270);
#1269=PRODUCT_DEFINITION_SHAPE('','SHAPE FOR FKX006_AM2_ASM.',#18171);
#1270=SHAPE_REPRESENTATION('',(#1276,#2250,#2259,#2507,#3481,#6200,#6209,#6218,
#6227,#6236,#6245,#6254,#6263,#6272,#6281,#6290,#6299,#8896,#8905,#8914,#8923,
#8932,#8941,#10972,#11717,#11726,#12929,#12998,#13007,#13016,#13025,#13034,
#13043,#13052,#18149,#18167),#18163);
#1271=NEXT_ASSEMBLY_USAGE_OCCURRENCE('35','Next assembly relationship',
'FKX006_AM2',#18171,#1265,$);
#1272=PRODUCT_DEFINITION_SHAPE('Placement #35',
'Placement of FKX006_AM2 with respect to FKX006_AM2_ASM',#1271);
#1734=EDGE_CURVE('',#1619,#1620,#1284,.T.);
#1736=EDGE_CURVE('',#1624,#1619,#1288,.T.);
#1738=EDGE_CURVE('',#1622,#1624,#1292,.T.);
#1740=EDGE_CURVE('',#1620,#1622,#1296,.T.);
#1750=EDGE_CURVE('',#1715,#1688,#1300,.T.);
#1752=EDGE_CURVE('',#1699,#1715,#1404,.T.);
#1754=EDGE_CURVE('',#1704,#1699,#1428,.T.);
#1756=EDGE_CURVE('',#1704,#1720,#1304,.T.);
#1758=EDGE_CURVE('',#1632,#1720,#1308,.T.);
#1760=EDGE_CURVE('',#1632,#1619,#1312,.T.);
#1763=EDGE_CURVE('',#1627,#1620,#1608,.T.);
#1765=EDGE_CURVE('',#1651,#1627,#1316,.T.);
#1767=EDGE_CURVE('',#1635,#1651,#1592,.T.);
#1769=EDGE_CURVE('',#1640,#1635,#1572,.T.);
#1771=EDGE_CURVE('',#1640,#1656,#1320,.T.);
#1773=EDGE_CURVE('',#1683,#1656,#1324,.T.);
#1775=EDGE_CURVE('',#1667,#1683,#1536,.T.);
#1777=EDGE_CURVE('',#1672,#1667,#1516,.T.);
#1779=EDGE_CURVE('',#1672,#1688,#1328,.T.);
#1789=EDGE_CURVE('',#1715,#1716,#1332,.T.);
#1792=EDGE_CURVE('',#1688,#1686,#1336,.T.);
#1794=EDGE_CURVE('',#1684,#1686,#1340,.T.);
#1796=EDGE_CURVE('',#1683,#1684,#1344,.T.);
#1799=EDGE_CURVE('',#1656,#1654,#1348,.T.);
#1801=EDGE_CURVE('',#1652,#1654,#1352,.T.);
#1803=EDGE_CURVE('',#1651,#1652,#1356,.T.);
#1806=EDGE_CURVE('',#1627,#1628,#1604,.T.);
#1808=EDGE_CURVE('',#1628,#1664,#1472,.T.);
#1810=EDGE_CURVE('',#1664,#1662,#1360,.T.);
#1812=EDGE_CURVE('',#1660,#1662,#1364,.T.);
#1814=EDGE_CURVE('',#1659,#1660,#1368,.T.);
#1816=EDGE_CURVE('',#1659,#1696,#1464,.T.);
#1818=EDGE_CURVE('',#1696,#1694,#1372,.T.);
#1820=EDGE_CURVE('',#1692,#1694,#1376,.T.);
#1822=EDGE_CURVE('',#1691,#1692,#1380,.T.);
#1824=EDGE_CURVE('',#1691,#1728,#1456,.T.);
#1826=EDGE_CURVE('',#1728,#1726,#1384,.T.);
#1828=EDGE_CURVE('',#1724,#1726,#1388,.T.);
#1830=EDGE_CURVE('',#1723,#1724,#1392,.T.);
#1832=EDGE_CURVE('',#1723,#1631,#1448,.T.);
#1834=EDGE_CURVE('',#1631,#1632,#1612,.T.);
#1837=EDGE_CURVE('',#1720,#1718,#1396,.T.);
#1839=EDGE_CURVE('',#1716,#1718,#1400,.T.);
#1850=EDGE_CURVE('',#1700,#1716,#1408,.T.);
#1852=EDGE_CURVE('',#1699,#1700,#1416,.T.);
#1864=EDGE_CURVE('',#1702,#1718,#1412,.T.);
#1866=EDGE_CURVE('',#1700,#1702,#1420,.T.);
#1879=EDGE_CURVE('',#1702,#1704,#1424,.T.);
#1902=EDGE_CURVE('',#1707,#1708,#1432,.T.);
#1904=EDGE_CURVE('',#1708,#1710,#1436,.T.);
#1906=EDGE_CURVE('',#1710,#1712,#1440,.T.);
#1908=EDGE_CURVE('',#1712,#1707,#1444,.T.);
#1919=EDGE_CURVE('',#1708,#1723,#1480,.T.);
#1922=EDGE_CURVE('',#1707,#1728,#1452,.T.);
#1925=EDGE_CURVE('',#1676,#1691,#1492,.T.);
#1927=EDGE_CURVE('',#1675,#1676,#1520,.T.);
#1929=EDGE_CURVE('',#1675,#1696,#1460,.T.);
#1932=EDGE_CURVE('',#1644,#1659,#1548,.T.);
#1934=EDGE_CURVE('',#1643,#1644,#1576,.T.);
#1936=EDGE_CURVE('',#1643,#1664,#1468,.T.);
#1939=EDGE_CURVE('',#1628,#1622,#1476,.T.);
#1942=EDGE_CURVE('',#1631,#1624,#1616,.T.);
#1953=EDGE_CURVE('',#1710,#1724,#1484,.T.);
#1966=EDGE_CURVE('',#1712,#1726,#1488,.T.);
#1991=EDGE_CURVE('',#1678,#1692,#1496,.T.);
#1993=EDGE_CURVE('',#1676,#1678,#1524,.T.);
#2005=EDGE_CURVE('',#1680,#1694,#1500,.T.);
#2007=EDGE_CURVE('',#1678,#1680,#1528,.T.);
#2020=EDGE_CURVE('',#1680,#1675,#1532,.T.);
#2031=EDGE_CURVE('',#1667,#1668,#1504,.T.);
#2033=EDGE_CURVE('',#1668,#1670,#1508,.T.);
#2035=EDGE_CURVE('',#1670,#1672,#1512,.T.);
#2059=EDGE_CURVE('',#1668,#1684,#1540,.T.);
#2072=EDGE_CURVE('',#1670,#1686,#1544,.T.);
#2097=EDGE_CURVE('',#1646,#1660,#1552,.T.);
#2099=EDGE_CURVE('',#1644,#1646,#1580,.T.);
#2111=EDGE_CURVE('',#1648,#1662,#1556,.T.);
#2113=EDGE_CURVE('',#1646,#1648,#1584,.T.);
#2126=EDGE_CURVE('',#1648,#1643,#1588,.T.);
#2137=EDGE_CURVE('',#1635,#1636,#1560,.T.);
#2139=EDGE_CURVE('',#1636,#1638,#1564,.T.);
#2141=EDGE_CURVE('',#1638,#1640,#1568,.T.);
#2165=EDGE_CURVE('',#1636,#1652,#1596,.T.);
#2178=EDGE_CURVE('',#1638,#1654,#1600,.T.);
#2224=(LENGTH_UNIT()NAMED_UNIT(*)SI_UNIT(.MILLI.,.METRE.));
#2228=(NAMED_UNIT(*)PLANE_ANGLE_UNIT()SI_UNIT($,.RADIAN.));
#2231=(NAMED_UNIT(*)SI_UNIT($,.STERADIAN.)SOLID_ANGLE_UNIT());
#2237=AXIS2_PLACEMENT_3D('',#2234,#2235,#2236);
#2238=ADVANCED_BREP_SHAPE_REPRESENTATION('',(#2237,#2222),#2233);
#2242=PRODUCT_DEFINITION('design','',#2241,#1261);
#2243=PRODUCT_DEFINITION_SHAPE('','SHAPE FOR MLP6-SRC-DRN.',#2242);
#2244=SHAPE_DEFINITION_REPRESENTATION(#2243,#2238);
#2245=NEXT_ASSEMBLY_USAGE_OCCURRENCE('36','Next assembly relationship','Q2',
#18171,#2242,$);
#2246=PRODUCT_DEFINITION_SHAPE('Placement #36',
'Placement of MLP6-SRC-DRN with respect to FKX006_AM2_ASM',#2245);
#2254=NEXT_ASSEMBLY_USAGE_OCCURRENCE('37','Next assembly relationship','Q1',
#18171,#2242,$);
#2255=PRODUCT_DEFINITION_SHAPE('Placement #37',
'Placement of MLP6-SRC-DRN with respect to FKX006_AM2_ASM',#2254);
#2364=EDGE_CURVE('',#2337,#2338,#2266,.T.);
#2366=EDGE_CURVE('',#2338,#2340,#2270,.T.);
#2368=EDGE_CURVE('',#2340,#2342,#2274,.T.);
#2370=EDGE_CURVE('',#2342,#2344,#2278,.T.);
#2372=EDGE_CURVE('',#2344,#2346,#2282,.T.);
#2374=EDGE_CURVE('',#2346,#2337,#2286,.T.);
#2385=EDGE_CURVE('',#2337,#2349,#2290,.T.);
#2387=EDGE_CURVE('',#2349,#2350,#2314,.T.);
#2389=EDGE_CURVE('',#2338,#2350,#2310,.T.);
#2400=EDGE_CURVE('',#2346,#2358,#2294,.T.);
#2402=EDGE_CURVE('',#2358,#2349,#2318,.T.);
#2414=EDGE_CURVE('',#2344,#2356,#2298,.T.);
#2416=EDGE_CURVE('',#2356,#2358,#2322,.T.);
#2428=EDGE_CURVE('',#2342,#2354,#2302,.T.);
#2430=EDGE_CURVE('',#2354,#2356,#2326,.T.);
#2442=EDGE_CURVE('',#2340,#2352,#2306,.T.);
#2444=EDGE_CURVE('',#2352,#2354,#2330,.T.);
#2457=EDGE_CURVE('',#2350,#2352,#2334,.T.);
#2480=(LENGTH_UNIT()NAMED_UNIT(*)SI_UNIT(.MILLI.,.METRE.));
#2484=(NAMED_UNIT(*)PLANE_ANGLE_UNIT()SI_UNIT($,.RADIAN.));
#2487=(NAMED_UNIT(*)SI_UNIT($,.STERADIAN.)SOLID_ANGLE_UNIT());
#2493=AXIS2_PLACEMENT_3D('',#2490,#2491,#2492);
#2494=ADVANCED_BREP_SHAPE_REPRESENTATION('',(#2493,#2478),#2489);
#2499=PRODUCT_DEFINITION('design','',#2498,#2495);
#2500=PRODUCT_DEFINITION_SHAPE('','SHAPE FOR SOD882.',#2499);
#2501=SHAPE_DEFINITION_REPRESENTATION(#2500,#2494);
#2502=NEXT_ASSEMBLY_USAGE_OCCURRENCE('38','Next assembly relationship','CR1',
#18171,#2499,$);
#2503=PRODUCT_DEFINITION_SHAPE('Placement #38',
'Placement of SOD882 with respect to FKX006_AM2_ASM',#2502);
#2965=EDGE_CURVE('',#2910,#2911,#2515,.T.);
#2967=EDGE_CURVE('',#2935,#2911,#2519,.T.);
#2969=EDGE_CURVE('',#2935,#2933,#2807,.T.);
#2971=EDGE_CURVE('',#2933,#2914,#2523,.T.);
#2973=EDGE_CURVE('',#2914,#2915,#2527,.T.);
#2975=EDGE_CURVE('',#2931,#2915,#2531,.T.);
#2977=EDGE_CURVE('',#2931,#2929,#2795,.T.);
#2979=EDGE_CURVE('',#2929,#2918,#2535,.T.);
#2981=EDGE_CURVE('',#2918,#2919,#2539,.T.);
#2983=EDGE_CURVE('',#2927,#2919,#2543,.T.);
#2985=EDGE_CURVE('',#2927,#2925,#2783,.T.);
#2987=EDGE_CURVE('',#2925,#2922,#2547,.T.);
#2989=EDGE_CURVE('',#2922,#2923,#2551,.T.);
#2991=EDGE_CURVE('',#2923,#2871,#2555,.T.);
#2993=EDGE_CURVE('',#2870,#2871,#2559,.T.);
#2995=EDGE_CURVE('',#2873,#2870,#2563,.T.);
#2997=EDGE_CURVE('',#2877,#2873,#2567,.T.);
#2999=EDGE_CURVE('',#2877,#2867,#2571,.T.);
#3001=EDGE_CURVE('',#2866,#2867,#2575,.T.);
#3003=EDGE_CURVE('',#2875,#2866,#2579,.T.);
#3005=EDGE_CURVE('',#2881,#2875,#2583,.T.);
#3007=EDGE_CURVE('',#2881,#2863,#2587,.T.);
#3009=EDGE_CURVE('',#2862,#2863,#2591,.T.);
#3011=EDGE_CURVE('',#2879,#2862,#2595,.T.);
#3013=EDGE_CURVE('',#2883,#2879,#2599,.T.);
#3015=EDGE_CURVE('',#2883,#2859,#2603,.T.);
#3017=EDGE_CURVE('',#2858,#2859,#2607,.T.);
#3019=EDGE_CURVE('',#2858,#2910,#2611,.T.);
#3029=EDGE_CURVE('',#2853,#2923,#2615,.T.);
#3032=EDGE_CURVE('',#2949,#2922,#2619,.T.);
#3034=EDGE_CURVE('',#2951,#2949,#2623,.T.);
#3036=EDGE_CURVE('',#2919,#2951,#2627,.T.);
#3039=EDGE_CURVE('',#2953,#2918,#2631,.T.);
#3041=EDGE_CURVE('',#2955,#2953,#2635,.T.);
#3043=EDGE_CURVE('',#2915,#2955,#2639,.T.);
#3046=EDGE_CURVE('',#2957,#2914,#2643,.T.);
#3048=EDGE_CURVE('',#2959,#2957,#2647,.T.);
#3050=EDGE_CURVE('',#2911,#2959,#2651,.T.);
#3053=EDGE_CURVE('',#2910,#2851,#2655,.T.);
#3055=EDGE_CURVE('',#2851,#2853,#2671,.T.);
#3066=EDGE_CURVE('',#2853,#2855,#2667,.T.);
#3068=EDGE_CURVE('',#2871,#2855,#2683,.T.);
#3079=EDGE_CURVE('',#2850,#2851,#2659,.T.);
#3081=EDGE_CURVE('',#2855,#2850,#2663,.T.);
#3095=EDGE_CURVE('',#2850,#2858,#2687,.T.);
#3106=EDGE_CURVE('',#2886,#2894,#2675,.T.);
#3108=EDGE_CURVE('',#2870,#2886,#2679,.T.);
#3115=EDGE_CURVE('',#2906,#2859,#2691,.T.);
#3117=EDGE_CURVE('',#2898,#2906,#2695,.T.);
#3119=EDGE_CURVE('',#2862,#2898,#2699,.T.);
#3122=EDGE_CURVE('',#2902,#2863,#2703,.T.);
#3124=EDGE_CURVE('',#2890,#2902,#2707,.T.);
#3126=EDGE_CURVE('',#2866,#2890,#2711,.T.);
#3129=EDGE_CURVE('',#2894,#2867,#2715,.T.);
#3139=EDGE_CURVE('',#2886,#2887,#2719,.T.);
#3142=EDGE_CURVE('',#2894,#2895,#2723,.T.);
#3144=EDGE_CURVE('',#2895,#2887,#2747,.T.);
#3154=EDGE_CURVE('',#2890,#2891,#2727,.T.);
#3157=EDGE_CURVE('',#2902,#2903,#2731,.T.);
#3159=EDGE_CURVE('',#2903,#2891,#2759,.T.);
#3169=EDGE_CURVE('',#2898,#2899,#2735,.T.);
#3172=EDGE_CURVE('',#2906,#2907,#2739,.T.);
#3174=EDGE_CURVE('',#2907,#2899,#2771,.T.);
#3187=EDGE_CURVE('',#2887,#2873,#2743,.T.);
#3199=EDGE_CURVE('',#2895,#2877,#2751,.T.);
#3210=EDGE_CURVE('',#2891,#2875,#2755,.T.);
#3213=EDGE_CURVE('',#2903,#2881,#2763,.T.);
#3224=EDGE_CURVE('',#2899,#2879,#2767,.T.);
#3227=EDGE_CURVE('',#2907,#2883,#2775,.T.);
#3299=EDGE_CURVE('',#2925,#2937,#2779,.T.);
#3301=EDGE_CURVE('',#2937,#2949,#2815,.T.);
#3314=EDGE_CURVE('',#2927,#2939,#2787,.T.);
#3316=EDGE_CURVE('',#2939,#2937,#2819,.T.);
#3326=EDGE_CURVE('',#2929,#2941,#2791,.T.);
#3329=EDGE_CURVE('',#2931,#2943,#2799,.T.);
#3331=EDGE_CURVE('',#2943,#2941,#2831,.T.);
#3341=EDGE_CURVE('',#2933,#2945,#2803,.T.);
#3344=EDGE_CURVE('',#2935,#2947,#2811,.T.);
#3346=EDGE_CURVE('',#2947,#2945,#2843,.T.);
#3358=EDGE_CURVE('',#2939,#2951,#2823,.T.);
#3381=EDGE_CURVE('',#2941,#2953,#2827,.T.);
#3384=EDGE_CURVE('',#2943,#2955,#2835,.T.);
#3395=EDGE_CURVE('',#2945,#2957,#2839,.T.);
#3398=EDGE_CURVE('',#2947,#2959,#2847,.T.);
#3455=(LENGTH_UNIT()NAMED_UNIT(*)SI_UNIT(.MILLI.,.METRE.));
#3459=(NAMED_UNIT(*)PLANE_ANGLE_UNIT()SI_UNIT($,.RADIAN.));
#3462=(NAMED_UNIT(*)SI_UNIT($,.STERADIAN.)SOLID_ANGLE_UNIT());
#3468=AXIS2_PLACEMENT_3D('',#3465,#3466,#3467);
#3469=ADVANCED_BREP_SHAPE_REPRESENTATION('',(#3468,#3453),#3464);
#3473=PRODUCT_DEFINITION('design','',#3472,#2495);
#3474=PRODUCT_DEFINITION_SHAPE('','SHAPE FOR SOT563.',#3473);
#3475=SHAPE_DEFINITION_REPRESENTATION(#3474,#3469);
#3476=NEXT_ASSEMBLY_USAGE_OCCURRENCE('39','Next assembly relationship','Q3',
#18171,#3473,$);
#3477=PRODUCT_DEFINITION_SHAPE('Placement #39',
'Placement of SOT563 with respect to FKX006_AM2_ASM',#3476);
#3507=B_SPLINE_CURVE_WITH_KNOTS('',3,(#3498,#3499,#3500,#3501,#3502,#3503,#3504,
#3505,#3506),.UNSPECIFIED.,.F.,.F.,(4,1,1,1,1,1,4),(0.E0,1.666666666667E-1,
3.333333333333E-1,5.E-1,6.666666666667E-1,8.333333333333E-1,1.E0),
.UNSPECIFIED.);
#3521=B_SPLINE_CURVE_WITH_KNOTS('',3,(#3512,#3513,#3514,#3515,#3516,#3517,#3518,
#3519,#3520),.UNSPECIFIED.,.F.,.F.,(4,1,1,1,1,1,4),(0.E0,1.666666666667E-1,
3.333333333333E-1,5.E-1,6.666666666667E-1,8.333333333333E-1,1.E0),
.UNSPECIFIED.);
#3531=B_SPLINE_CURVE_WITH_KNOTS('',3,(#3522,#3523,#3524,#3525,#3526,#3527,#3528,
#3529,#3530),.UNSPECIFIED.,.F.,.F.,(4,1,1,1,1,1,4),(0.E0,1.666666666667E-1,
3.333333333333E-1,5.E-1,6.666666666667E-1,8.333333333333E-1,1.E0),
.UNSPECIFIED.);
#3545=B_SPLINE_CURVE_WITH_KNOTS('',3,(#3536,#3537,#3538,#3539,#3540,#3541,#3542,
#3543,#3544),.UNSPECIFIED.,.F.,.F.,(4,1,1,1,1,1,4),(0.E0,1.666666666667E-1,
3.333333333333E-1,5.E-1,6.666666666667E-1,8.333333333333E-1,1.E0),
.UNSPECIFIED.);
#3552=B_SPLINE_CURVE_WITH_KNOTS('',3,(#3546,#3547,#3548,#3549,#3550,#3551),
.UNSPECIFIED.,.F.,.F.,(4,1,1,4),(0.E0,3.333333333333E-1,6.666666666667E-1,1.E0),
.UNSPECIFIED.);
#3558=B_SPLINE_CURVE_WITH_KNOTS('',3,(#3553,#3554,#3555,#3556,#3557),
.UNSPECIFIED.,.F.,.F.,(4,1,4),(0.E0,5.E-1,1.E0),.UNSPECIFIED.);
#3563=CIRCLE('',#3562,9.999993728794E-4);
#3579=B_SPLINE_CURVE_WITH_KNOTS('',3,(#3564,#3565,#3566,#3567,#3568,#3569,#3570,
#3571,#3572,#3573,#3574,#3575,#3576,#3577,#3578),.UNSPECIFIED.,.F.,.F.,(4,1,1,1,
1,1,1,1,1,1,1,1,4),(0.E0,8.333333333333E-2,1.666666666667E-1,2.5E-1,
3.333333333333E-1,4.166666666667E-1,5.E-1,5.833333333333E-1,6.666666666667E-1,
7.5E-1,8.333333333333E-1,9.166666666667E-1,1.E0),.UNSPECIFIED.);
#3584=CIRCLE('',#3583,1.E-3);
#3589=CIRCLE('',#3588,1.E-3);
#3605=B_SPLINE_CURVE_WITH_KNOTS('',3,(#3590,#3591,#3592,#3593,#3594,#3595,#3596,
#3597,#3598,#3599,#3600,#3601,#3602,#3603,#3604),.UNSPECIFIED.,.F.,.F.,(4,1,1,1,
1,1,1,1,1,1,1,1,4),(0.E0,8.333333333333E-2,1.666666666667E-1,2.5E-1,
3.333333333333E-1,4.166666666667E-1,5.E-1,5.833333333333E-1,6.666666666667E-1,
7.5E-1,8.333333333333E-1,9.166666666667E-1,1.E0),.UNSPECIFIED.);
#3612=B_SPLINE_CURVE_WITH_KNOTS('',3,(#3606,#3607,#3608,#3609,#3610,#3611),
.UNSPECIFIED.,.F.,.F.,(4,1,1,4),(0.E0,3.333333333333E-1,6.666666666667E-1,1.E0),
.UNSPECIFIED.);
#3634=B_SPLINE_CURVE_WITH_KNOTS('',3,(#3625,#3626,#3627,#3628,#3629,#3630,#3631,
#3632,#3633),.UNSPECIFIED.,.F.,.F.,(4,1,1,1,1,1,4),(0.E0,1.666666666667E-1,
3.333333333333E-1,5.E-1,6.666666666667E-1,8.333333333333E-1,1.E0),
.UNSPECIFIED.);
#3644=B_SPLINE_CURVE_WITH_KNOTS('',3,(#3635,#3636,#3637,#3638,#3639,#3640,#3641,
#3642,#3643),.UNSPECIFIED.,.F.,.F.,(4,1,1,1,1,1,4),(0.E0,1.666666666667E-1,
3.333333333333E-1,5.E-1,6.666666666667E-1,8.333333333333E-1,1.E0),
.UNSPECIFIED.);
#3658=B_SPLINE_CURVE_WITH_KNOTS('',3,(#3649,#3650,#3651,#3652,#3653,#3654,#3655,
#3656,#3657),.UNSPECIFIED.,.F.,.F.,(4,1,1,1,1,1,4),(0.E0,1.666666666667E-1,
3.333333333333E-1,5.E-1,6.666666666667E-1,8.333333333333E-1,1.E0),
.UNSPECIFIED.);
#3668=B_SPLINE_CURVE_WITH_KNOTS('',3,(#3659,#3660,#3661,#3662,#3663,#3664,#3665,
#3666,#3667),.UNSPECIFIED.,.F.,.F.,(4,1,1,1,1,1,4),(0.E0,1.666666666667E-1,
3.333333333333E-1,5.E-1,6.666666666667E-1,8.333333333333E-1,1.E0),
.UNSPECIFIED.);
#3677=CIRCLE('',#3676,9.999998989124E-4);
#3683=B_SPLINE_CURVE_WITH_KNOTS('',3,(#3678,#3679,#3680,#3681,#3682),
.UNSPECIFIED.,.F.,.F.,(4,1,4),(0.E0,5.E-1,1.E0),.UNSPECIFIED.);
#3690=B_SPLINE_CURVE_WITH_KNOTS('',3,(#3684,#3685,#3686,#3687,#3688,#3689),
.UNSPECIFIED.,.F.,.F.,(4,1,1,4),(0.E0,3.333333333333E-1,6.666666666667E-1,1.E0),
.UNSPECIFIED.);
#3695=CIRCLE('',#3694,1.E-3);
#3728=B_SPLINE_CURVE_WITH_KNOTS('',3,(#3712,#3713,#3714,#3715,#3716,#3717,#3718,
#3719,#3720,#3721,#3722,#3723,#3724,#3725,#3726,#3727),.UNSPECIFIED.,.F.,.F.,(4,
1,1,1,1,1,1,1,1,1,1,1,1,4),(0.E0,7.692307692308E-2,1.538461538462E-1,
2.307692307692E-1,3.076923076923E-1,3.846153846154E-1,4.615384615385E-1,
5.384615384615E-1,6.153846153846E-1,6.923076923077E-1,7.692307692308E-1,
8.461538461538E-1,9.230769230769E-1,1.E0),.UNSPECIFIED.);
#3733=CIRCLE('',#3732,1.E-3);
#3738=CIRCLE('',#3737,1.E-3);
#3754=B_SPLINE_CURVE_WITH_KNOTS('',3,(#3739,#3740,#3741,#3742,#3743,#3744,#3745,
#3746,#3747,#3748,#3749,#3750,#3751,#3752,#3753),.UNSPECIFIED.,.F.,.F.,(4,1,1,1,
1,1,1,1,1,1,1,1,4),(0.E0,8.333333333333E-2,1.666666666667E-1,2.5E-1,
3.333333333333E-1,4.166666666667E-1,5.E-1,5.833333333333E-1,6.666666666667E-1,
7.5E-1,8.333333333333E-1,9.166666666667E-1,1.E0),.UNSPECIFIED.);
#3759=CIRCLE('',#3758,9.999999999972E-4);
#3766=B_SPLINE_CURVE_WITH_KNOTS('',3,(#3760,#3761,#3762,#3763,#3764,#3765),
.UNSPECIFIED.,.F.,.F.,(4,1,1,4),(0.E0,3.333333333333E-1,6.666666666667E-1,1.E0),
.UNSPECIFIED.);
#3772=B_SPLINE_CURVE_WITH_KNOTS('',3,(#3767,#3768,#3769,#3770,#3771),
.UNSPECIFIED.,.F.,.F.,(4,1,4),(0.E0,5.E-1,1.E0),.UNSPECIFIED.);
#3805=CIRCLE('',#3804,1.E-3);
#3810=CIRCLE('',#3809,1.E-3);
#3815=CIRCLE('',#3814,1.E-3);
#3820=CIRCLE('',#3819,1.E-3);
#3825=CIRCLE('',#3824,1.E-3);
#3830=CIRCLE('',#3829,1.E-3);
#3839=CIRCLE('',#3838,9.999999999971E-4);
#3846=B_SPLINE_CURVE_WITH_KNOTS('',3,(#3840,#3841,#3842,#3843,#3844,#3845),
.UNSPECIFIED.,.F.,.F.,(4,1,1,4),(0.E0,3.333333333333E-1,6.666666666667E-1,1.E0),
.UNSPECIFIED.);
#3852=B_SPLINE_CURVE_WITH_KNOTS('',3,(#3847,#3848,#3849,#3850,#3851),
.UNSPECIFIED.,.F.,.F.,(4,1,4),(0.E0,5.E-1,1.E0),.UNSPECIFIED.);
#3869=B_SPLINE_CURVE_WITH_KNOTS('',3,(#3853,#3854,#3855,#3856,#3857,#3858,#3859,
#3860,#3861,#3862,#3863,#3864,#3865,#3866,#3867,#3868),.UNSPECIFIED.,.F.,.F.,(4,
1,1,1,1,1,1,1,1,1,1,1,1,4),(0.E0,7.692307692308E-2,1.538461538462E-1,
2.307692307692E-1,3.076923076923E-1,3.846153846154E-1,4.615384615385E-1,
5.384615384615E-1,6.153846153846E-1,6.923076923077E-1,7.692307692308E-1,
8.461538461538E-1,9.230769230769E-1,1.E0),.UNSPECIFIED.);
#3886=B_SPLINE_CURVE_WITH_KNOTS('',3,(#3870,#3871,#3872,#3873,#3874,#3875,#3876,
#3877,#3878,#3879,#3880,#3881,#3882,#3883,#3884,#3885),.UNSPECIFIED.,.F.,.F.,(4,
1,1,1,1,1,1,1,1,1,1,1,1,4),(0.E0,7.692307692308E-2,1.538461538462E-1,
2.307692307692E-1,3.076923076923E-1,3.846153846154E-1,4.615384615385E-1,
5.384615384615E-1,6.153846153846E-1,6.923076923077E-1,7.692307692308E-1,
8.461538461538E-1,9.230769230769E-1,1.E0),.UNSPECIFIED.);
#3891=CIRCLE('',#3890,1.E-3);
#3896=CIRCLE('',#3895,1.E-3);
#3901=CIRCLE('',#3900,9.999999999975E-4);
#3907=B_SPLINE_CURVE_WITH_KNOTS('',3,(#3902,#3903,#3904,#3905,#3906),
.UNSPECIFIED.,.F.,.F.,(4,1,4),(0.E0,5.E-1,1.E0),.UNSPECIFIED.);
#3914=B_SPLINE_CURVE_WITH_KNOTS('',3,(#3908,#3909,#3910,#3911,#3912,#3913),
.UNSPECIFIED.,.F.,.F.,(4,1,1,4),(0.E0,3.333333333333E-1,6.666666666667E-1,1.E0),
.UNSPECIFIED.);
#3919=CIRCLE('',#3918,1.E-3);
#3940=CIRCLE('',#3939,1.E-3);
#3945=CIRCLE('',#3944,9.999995615519E-4);
#3951=B_SPLINE_CURVE_WITH_KNOTS('',3,(#3946,#3947,#3948,#3949,#3950),
.UNSPECIFIED.,.F.,.F.,(4,1,4),(0.E0,5.E-1,1.E0),.UNSPECIFIED.);
#3958=B_SPLINE_CURVE_WITH_KNOTS('',3,(#3952,#3953,#3954,#3955,#3956,#3957),
.UNSPECIFIED.,.F.,.F.,(4,1,1,4),(0.E0,3.333333333333E-1,6.666666666667E-1,1.E0),
.UNSPECIFIED.);
#3968=B_SPLINE_CURVE_WITH_KNOTS('',3,(#3959,#3960,#3961,#3962,#3963,#3964,#3965,
#3966,#3967),.UNSPECIFIED.,.F.,.F.,(4,1,1,1,1,1,4),(0.E0,1.666666666667E-1,
3.333333333333E-1,5.E-1,6.666666666667E-1,8.333333333333E-1,1.E0),
.UNSPECIFIED.);
#3978=B_SPLINE_CURVE_WITH_KNOTS('',3,(#3969,#3970,#3971,#3972,#3973,#3974,#3975,
#3976,#3977),.UNSPECIFIED.,.F.,.F.,(4,1,1,1,1,1,4),(0.E0,1.666666666667E-1,
3.333333333333E-1,5.E-1,6.666666666667E-1,8.333333333333E-1,1.E0),
.UNSPECIFIED.);
#3992=B_SPLINE_CURVE_WITH_KNOTS('',3,(#3983,#3984,#3985,#3986,#3987,#3988,#3989,
#3990,#3991),.UNSPECIFIED.,.F.,.F.,(4,1,1,1,1,1,4),(0.E0,1.666666666667E-1,
3.333333333333E-1,5.E-1,6.666666666667E-1,8.333333333333E-1,1.E0),
.UNSPECIFIED.);
#4002=B_SPLINE_CURVE_WITH_KNOTS('',3,(#3993,#3994,#3995,#3996,#3997,#3998,#3999,
#4000,#4001),.UNSPECIFIED.,.F.,.F.,(4,1,1,1,1,1,4),(0.E0,1.666666666667E-1,
3.333333333333E-1,5.E-1,6.666666666667E-1,8.333333333333E-1,1.E0),
.UNSPECIFIED.);
#4015=CIRCLE('',#4014,1.E-3);
#4020=CIRCLE('',#4019,1.E-3);
#4025=CIRCLE('',#4024,1.E-3);
#4070=CIRCLE('',#4069,1.E-3);
#4075=CIRCLE('',#4074,1.E-3);
#4080=CIRCLE('',#4079,1.E-3);
#4085=CIRCLE('',#4084,1.E-3);
#4090=CIRCLE('',#4089,1.E-3);
#4095=CIRCLE('',#4094,1.E-3);
#4116=CIRCLE('',#4115,1.E-3);
#4121=CIRCLE('',#4120,1.E-3);
#4126=CIRCLE('',#4125,1.E-3);
#4131=CIRCLE('',#4130,1.E-3);
#4136=CIRCLE('',#4135,1.E-3);
#4141=CIRCLE('',#4140,1.E-3);
#4150=CIRCLE('',#4149,1.E-3);
#4155=CIRCLE('',#4154,1.E-3);
#4160=CIRCLE('',#4159,1.E-3);
#4169=CIRCLE('',#4168,9.999999999971E-4);
#4176=B_SPLINE_CURVE_WITH_KNOTS('',3,(#4170,#4171,#4172,#4173,#4174,#4175),
.UNSPECIFIED.,.F.,.F.,(4,1,1,4),(0.E0,3.333333333333E-1,6.666666666667E-1,1.E0),
.UNSPECIFIED.);
#4182=B_SPLINE_CURVE_WITH_KNOTS('',3,(#4177,#4178,#4179,#4180,#4181),
.UNSPECIFIED.,.F.,.F.,(4,1,4),(0.E0,5.E-1,1.E0),.UNSPECIFIED.);
#4198=B_SPLINE_CURVE_WITH_KNOTS('',3,(#4183,#4184,#4185,#4186,#4187,#4188,#4189,
#4190,#4191,#4192,#4193,#4194,#4195,#4196,#4197),.UNSPECIFIED.,.F.,.F.,(4,1,1,1,
1,1,1,1,1,1,1,1,4),(0.E0,8.333333333333E-2,1.666666666667E-1,2.5E-1,
3.333333333333E-1,4.166666666667E-1,5.E-1,5.833333333333E-1,6.666666666667E-1,
7.5E-1,8.333333333333E-1,9.166666666667E-1,1.E0),.UNSPECIFIED.);
#4215=B_SPLINE_CURVE_WITH_KNOTS('',3,(#4199,#4200,#4201,#4202,#4203,#4204,#4205,
#4206,#4207,#4208,#4209,#4210,#4211,#4212,#4213,#4214),.UNSPECIFIED.,.F.,.F.,(4,
1,1,1,1,1,1,1,1,1,1,1,1,4),(0.E0,7.692307692308E-2,1.538461538462E-1,
2.307692307692E-1,3.076923076923E-1,3.846153846154E-1,4.615384615385E-1,
5.384615384615E-1,6.153846153846E-1,6.923076923077E-1,7.692307692308E-1,
8.461538461538E-1,9.230769230769E-1,1.E0),.UNSPECIFIED.);
#4220=CIRCLE('',#4219,1.E-3);
#4225=CIRCLE('',#4224,1.E-3);
#4230=CIRCLE('',#4229,1.E-3);
#4237=B_SPLINE_CURVE_WITH_KNOTS('',3,(#4231,#4232,#4233,#4234,#4235,#4236),
.UNSPECIFIED.,.F.,.F.,(4,1,1,4),(0.E0,3.333333333333E-1,6.666666666667E-1,1.E0),
.UNSPECIFIED.);
#4242=CIRCLE('',#4241,1.E-3);
#4251=CIRCLE('',#4250,1.E-3);
#4272=CIRCLE('',#4271,1.E-3);
#4281=CIRCLE('',#4280,1.E-3);
#4288=B_SPLINE_CURVE_WITH_KNOTS('',3,(#4282,#4283,#4284,#4285,#4286,#4287),
.UNSPECIFIED.,.F.,.F.,(4,1,1,4),(0.E0,3.333333333333E-1,6.666666666667E-1,1.E0),
.UNSPECIFIED.);
#4295=B_SPLINE_CURVE_WITH_KNOTS('',3,(#4289,#4290,#4291,#4292,#4293,#4294),
.UNSPECIFIED.,.F.,.F.,(4,1,1,4),(0.E0,3.333333333333E-1,6.666666666667E-1,1.E0),
.UNSPECIFIED.);
#4300=CIRCLE('',#4299,1.E-3);
#4305=CIRCLE('',#4304,9.999998989124E-4);
#4311=B_SPLINE_CURVE_WITH_KNOTS('',3,(#4306,#4307,#4308,#4309,#4310),
.UNSPECIFIED.,.F.,.F.,(4,1,4),(0.E0,5.E-1,1.E0),.UNSPECIFIED.);
#4318=B_SPLINE_CURVE_WITH_KNOTS('',3,(#4312,#4313,#4314,#4315,#4316,#4317),
.UNSPECIFIED.,.F.,.F.,(4,1,1,4),(0.E0,3.333333333333E-1,6.666666666667E-1,1.E0),
.UNSPECIFIED.);
#4328=B_SPLINE_CURVE_WITH_KNOTS('',3,(#4319,#4320,#4321,#4322,#4323,#4324,#4325,
#4326,#4327),.UNSPECIFIED.,.F.,.F.,(4,1,1,1,1,1,4),(0.E0,1.666666666667E-1,
3.333333333333E-1,5.E-1,6.666666666667E-1,8.333333333333E-1,1.E0),
.UNSPECIFIED.);
#4342=B_SPLINE_CURVE_WITH_KNOTS('',3,(#4333,#4334,#4335,#4336,#4337,#4338,#4339,
#4340,#4341),.UNSPECIFIED.,.F.,.F.,(4,1,1,1,1,1,4),(0.E0,1.666666666667E-1,
3.333333333333E-1,5.E-1,6.666666666667E-1,8.333333333333E-1,1.E0),
.UNSPECIFIED.);
#4352=B_SPLINE_CURVE_WITH_KNOTS('',3,(#4343,#4344,#4345,#4346,#4347,#4348,#4349,
#4350,#4351),.UNSPECIFIED.,.F.,.F.,(4,1,1,1,1,1,4),(0.E0,1.666666666667E-1,
3.333333333333E-1,5.E-1,6.666666666667E-1,8.333333333333E-1,1.E0),
.UNSPECIFIED.);
#4366=B_SPLINE_CURVE_WITH_KNOTS('',3,(#4357,#4358,#4359,#4360,#4361,#4362,#4363,
#4364,#4365),.UNSPECIFIED.,.F.,.F.,(4,1,1,1,1,1,4),(0.E0,1.666666666667E-1,
3.333333333333E-1,5.E-1,6.666666666667E-1,8.333333333333E-1,1.E0),
.UNSPECIFIED.);
#4377=B_SPLINE_CURVE_WITH_KNOTS('',3,(#4371,#4372,#4373,#4374,#4375,#4376),
.UNSPECIFIED.,.F.,.F.,(4,1,1,4),(0.E0,3.333333333333E-1,6.666666666667E-1,1.E0),
.UNSPECIFIED.);
#4386=CIRCLE('',#4385,1.E-3);
#4407=CIRCLE('',#4406,1.E-3);
#4416=CIRCLE('',#4415,1.E-3);
#4423=B_SPLINE_CURVE_WITH_KNOTS('',3,(#4417,#4418,#4419,#4420,#4421,#4422),
.UNSPECIFIED.,.F.,.F.,(4,1,1,4),(0.E0,3.333333333333E-1,6.666666666667E-1,1.E0),
.UNSPECIFIED.);
#4428=CIRCLE('',#4427,1.E-3);
#4435=B_SPLINE_CURVE_WITH_KNOTS('',3,(#4429,#4430,#4431,#4432,#4433,#4434),
.UNSPECIFIED.,.F.,.F.,(4,1,1,4),(0.E0,3.333333333333E-1,6.666666666667E-1,1.E0),
.UNSPECIFIED.);
#4440=CIRCLE('',#4439,1.E-3);
#4445=CIRCLE('',#4444,1.E-3);
#4452=B_SPLINE_CURVE_WITH_KNOTS('',3,(#4446,#4447,#4448,#4449,#4450,#4451),
.UNSPECIFIED.,.F.,.F.,(4,1,1,4),(0.E0,3.333333333333E-1,6.666666666667E-1,1.E0),
.UNSPECIFIED.);
#4457=CIRCLE('',#4456,1.E-3);
#4611=EDGE_CURVE('',#4518,#4542,#3489,.T.);
#4613=EDGE_CURVE('',#4542,#4522,#3907,.T.);
#4615=EDGE_CURVE('',#4522,#4523,#4435,.T.);
#4617=EDGE_CURVE('',#4523,#4525,#4411,.T.);
#4619=EDGE_CURVE('',#4525,#4526,#4423,.T.);
#4621=EDGE_CURVE('',#4526,#4544,#3772,.T.);
#4623=EDGE_CURVE('',#4519,#4544,#3776,.T.);
#4625=EDGE_CURVE('',#4518,#4519,#3493,.T.);
#4635=EDGE_CURVE('',#4548,#4486,#4370,.T.);
#4637=EDGE_CURVE('',#4548,#4536,#4311,.T.);
#4639=EDGE_CURVE('',#4536,#4535,#4377,.T.);
#4641=EDGE_CURVE('',#4535,#4532,#4381,.T.);
#4643=EDGE_CURVE('',#4532,#4533,#4452,.T.);
#4645=EDGE_CURVE('',#4533,#4546,#3852,.T.);
#4647=EDGE_CURVE('',#4487,#4546,#3834,.T.);
#4649=EDGE_CURVE('',#4486,#4487,#3497,.T.);
#4659=EDGE_CURVE('',#4515,#4568,#3531,.T.);
#4661=EDGE_CURVE('',#4568,#4542,#3914,.T.);
#4664=EDGE_CURVE('',#4518,#4493,#4080,.T.);
#4666=EDGE_CURVE('',#4515,#4493,#4065,.T.);
#4676=EDGE_CURVE('',#4562,#4563,#3507,.T.);
#4678=EDGE_CURVE('',#4563,#4565,#3511,.T.);
#4680=EDGE_CURVE('',#4565,#4568,#3521,.T.);
#4683=EDGE_CURVE('',#4515,#4513,#3535,.T.);
#4685=EDGE_CURVE('',#4562,#4513,#3545,.T.);
#4755=EDGE_CURVE('',#4560,#4561,#3579,.T.);
#4757=EDGE_CURVE('',#4563,#4561,#3919,.T.);
#4760=EDGE_CURVE('',#4543,#4562,#3552,.T.);
#4762=EDGE_CURVE('',#4531,#4543,#3558,.T.);
#4764=EDGE_CURVE('',#4531,#4560,#3563,.T.);
#4775=EDGE_CURVE('',#4560,#4575,#3584,.T.);
#4777=EDGE_CURVE('',#4575,#4605,#4267,.T.);
#4779=EDGE_CURVE('',#4605,#4590,#3589,.T.);
#4781=EDGE_CURVE('',#4590,#4591,#3605,.T.);
#4783=EDGE_CURVE('',#4561,#4591,#3927,.T.);
#4795=EDGE_CURVE('',#4530,#4531,#3612,.T.);
#4797=EDGE_CURVE('',#4575,#4530,#4272,.T.);
#4807=EDGE_CURVE('',#4510,#4545,#3616,.T.);
#4809=EDGE_CURVE('',#4545,#4527,#3683,.T.);
#4811=EDGE_CURVE('',#4527,#4528,#4288,.T.);
#4813=EDGE_CURVE('',#4528,#4530,#4276,.T.);
#4817=EDGE_CURVE('',#4511,#4543,#4145,.T.);
#4819=EDGE_CURVE('',#4510,#4511,#3620,.T.);
#4829=EDGE_CURVE('',#4547,#4478,#4010,.T.);
#4831=EDGE_CURVE('',#4547,#4541,#3951,.T.);
#4833=EDGE_CURVE('',#4541,#4540,#4295,.T.);
#4835=EDGE_CURVE('',#4540,#4537,#4246,.T.);
#4837=EDGE_CURVE('',#4537,#4538,#4237,.T.);
#4839=EDGE_CURVE('',#4538,#4549,#4182,.T.);
#4841=EDGE_CURVE('',#4479,#4549,#4164,.T.);
#4843=EDGE_CURVE('',#4478,#4479,#3624,.T.);
#4853=EDGE_CURVE('',#4500,#4550,#3644,.T.);
#4855=EDGE_CURVE('',#4550,#4545,#3690,.T.);
#4858=EDGE_CURVE('',#4510,#4501,#4126,.T.);
#4860=EDGE_CURVE('',#4500,#4501,#3792,.T.);
#4870=EDGE_CURVE('',#4550,#4551,#3634,.T.);
#4873=EDGE_CURVE('',#4500,#4521,#3648,.T.);
#4875=EDGE_CURVE('',#4559,#4521,#3658,.T.);
#4877=EDGE_CURVE('',#4557,#4559,#3668,.T.);
#4879=EDGE_CURVE('',#4551,#4557,#3672,.T.);
#4950=EDGE_CURVE('',#4553,#4551,#3695,.T.);
#4952=EDGE_CURVE('',#4552,#4553,#4198,.T.);
#4954=EDGE_CURVE('',#4552,#4527,#3677,.T.);
#4966=EDGE_CURVE('',#4553,#4555,#3699,.T.);
#4970=EDGE_CURVE('',#4555,#4557,#3759,.T.);
#4981=EDGE_CURVE('',#4583,#4555,#3703,.T.);
#4983=EDGE_CURVE('',#4583,#4578,#3707,.T.);
#4985=EDGE_CURVE('',#4553,#4578,#3711,.T.);
#4995=EDGE_CURVE('',#4555,#4558,#3728,.T.);
#4997=EDGE_CURVE('',#4573,#4558,#3733,.T.);
#4999=EDGE_CURVE('',#4601,#4573,#4402,.T.);
#5001=EDGE_CURVE('',#4601,#4587,#3738,.T.);
#5003=EDGE_CURVE('',#4587,#4583,#3754,.T.);
#5085=EDGE_CURVE('',#4544,#4559,#3766,.T.);
#5088=EDGE_CURVE('',#4558,#4526,#4416,.T.);
#5101=EDGE_CURVE('',#4507,#4521,#3800,.T.);
#5103=EDGE_CURVE('',#4507,#4519,#4085,.T.);
#5113=EDGE_CURVE('',#4460,#4461,#3780,.T.);
#5115=EDGE_CURVE('',#4460,#4481,#3784,.T.);
#5117=EDGE_CURVE('',#4483,#4481,#4356,.T.);
#5119=EDGE_CURVE('',#4483,#4461,#3788,.T.);
#5131=EDGE_CURVE('',#4501,#4507,#3796,.T.);
#5143=EDGE_CURVE('',#4461,#4465,#3810,.T.);
#5145=EDGE_CURVE('',#4464,#4465,#4029,.T.);
#5147=EDGE_CURVE('',#4464,#4460,#4155,.T.);
#5157=EDGE_CURVE('',#4465,#4486,#3805,.T.);
#5160=EDGE_CURVE('',#4486,#4461,#3815,.T.);
#5171=EDGE_CURVE('',#4487,#4473,#3830,.T.);
#5173=EDGE_CURVE('',#4465,#4473,#4033,.T.);
#5184=EDGE_CURVE('',#4475,#4487,#3820,.T.);
#5186=EDGE_CURVE('',#4473,#4475,#3825,.T.);
#5198=EDGE_CURVE('',#4546,#4597,#3846,.T.);
#5200=EDGE_CURVE('',#4597,#4489,#3992,.T.);
#5202=EDGE_CURVE('',#4475,#4489,#4053,.T.);
#5281=EDGE_CURVE('',#4593,#4596,#3886,.T.);
#5283=EDGE_CURVE('',#4593,#4595,#3839,.T.);
#5285=EDGE_CURVE('',#4595,#4597,#4002,.T.);
#5289=EDGE_CURVE('',#4596,#4533,#4445,.T.);
#5299=EDGE_CURVE('',#4567,#4569,#3869,.T.);
#5301=EDGE_CURVE('',#4567,#4593,#3935,.T.);
#5304=EDGE_CURVE('',#4596,#4599,#3891,.T.);
#5306=EDGE_CURVE('',#4571,#4599,#4394,.T.);
#5308=EDGE_CURVE('',#4569,#4571,#3896,.T.);
#5387=EDGE_CURVE('',#4565,#4567,#3901,.T.);
#5390=EDGE_CURVE('',#4522,#4569,#4440,.T.);
#5404=EDGE_CURVE('',#4561,#4567,#3923,.T.);
#5417=EDGE_CURVE('',#4591,#4593,#3931,.T.);
#5429=EDGE_CURVE('',#4591,#4589,#3940,.T.);
#5431=EDGE_CURVE('',#4589,#4595,#4006,.T.);
#5502=EDGE_CURVE('',#4588,#4589,#3968,.T.);
#5506=EDGE_CURVE('',#4590,#4541,#3945,.T.);
#5509=EDGE_CURVE('',#4588,#4547,#3958,.T.);
#5520=EDGE_CURVE('',#4468,#4588,#3978,.T.);
#5522=EDGE_CURVE('',#4468,#4489,#3982,.T.);
#5538=EDGE_CURVE('',#4478,#4469,#4025,.T.);
#5540=EDGE_CURVE('',#4468,#4469,#4045,.T.);
#5550=EDGE_CURVE('',#4472,#4478,#4015,.T.);
#5552=EDGE_CURVE('',#4469,#4472,#4020,.T.);
#5563=EDGE_CURVE('',#4472,#4464,#4041,.T.);
#5567=EDGE_CURVE('',#4479,#4464,#4160,.T.);
#5579=EDGE_CURVE('',#4472,#4473,#4037,.T.);
#5592=EDGE_CURVE('',#4469,#4475,#4049,.T.);
#5615=EDGE_CURVE('',#4492,#4493,#4057,.T.);
#5617=EDGE_CURVE('',#4492,#4513,#4061,.T.);
#5630=EDGE_CURVE('',#4493,#4497,#4075,.T.);
#5632=EDGE_CURVE('',#4496,#4497,#4099,.T.);
#5634=EDGE_CURVE('',#4496,#4492,#4136,.T.);
#5644=EDGE_CURVE('',#4497,#4518,#4070,.T.);
#5657=EDGE_CURVE('',#4519,#4505,#4095,.T.);
#5659=EDGE_CURVE('',#4497,#4505,#4103,.T.);
#5671=EDGE_CURVE('',#4505,#4507,#4090,.T.);
#5682=EDGE_CURVE('',#4504,#4505,#4107,.T.);
#5686=EDGE_CURVE('',#4501,#4504,#4121,.T.);
#5699=EDGE_CURVE('',#4504,#4496,#4111,.T.);
#5710=EDGE_CURVE('',#4504,#4510,#4116,.T.);
#5713=EDGE_CURVE('',#4511,#4496,#4141,.T.);
#5734=EDGE_CURVE('',#4492,#4511,#4131,.T.);
#5759=EDGE_CURVE('',#4460,#4479,#4150,.T.);
#5772=EDGE_CURVE('',#4549,#4581,#4176,.T.);
#5774=EDGE_CURVE('',#4581,#4481,#4366,.T.);
#5854=EDGE_CURVE('',#4578,#4579,#4215,.T.);
#5856=EDGE_CURVE('',#4578,#4580,#4169,.T.);
#5858=EDGE_CURVE('',#4580,#4581,#4328,.T.);
#5862=EDGE_CURVE('',#4579,#4538,#4230,.T.);
#5875=EDGE_CURVE('',#4579,#4603,#4220,.T.);
#5877=EDGE_CURVE('',#4577,#4603,#4259,.T.);
#5879=EDGE_CURVE('',#4577,#4552,#4225,.T.);
#5892=EDGE_CURVE('',#4603,#4537,#4242,.T.);
#5902=EDGE_CURVE('',#4603,#4605,#4263,.T.);
#5906=EDGE_CURVE('',#4605,#4540,#4251,.T.);
#5916=EDGE_CURVE('',#4575,#4577,#4255,.T.);
#5932=EDGE_CURVE('',#4577,#4528,#4281,.T.);
#5967=EDGE_CURVE('',#4583,#4585,#4300,.T.);
#5969=EDGE_CURVE('',#4585,#4580,#4332,.T.);
#6040=EDGE_CURVE('',#4586,#4585,#4342,.T.);
#6044=EDGE_CURVE('',#4587,#4536,#4305,.T.);
#6047=EDGE_CURVE('',#4586,#4548,#4318,.T.);
#6060=EDGE_CURVE('',#4483,#4586,#4352,.T.);
#6086=EDGE_CURVE('',#4601,#4535,#4386,.T.);
#6098=EDGE_CURVE('',#4599,#4601,#4398,.T.);
#6100=EDGE_CURVE('',#4599,#4532,#4457,.T.);
#6112=EDGE_CURVE('',#4571,#4573,#4390,.T.);
#6126=EDGE_CURVE('',#4525,#4573,#4407,.T.);
#6129=EDGE_CURVE('',#4523,#4571,#4428,.T.);
#6173=(LENGTH_UNIT()NAMED_UNIT(*)SI_UNIT(.MILLI.,.METRE.));
#6177=(NAMED_UNIT(*)PLANE_ANGLE_UNIT()SI_UNIT($,.RADIAN.));
#6180=(NAMED_UNIT(*)SI_UNIT($,.STERADIAN.)SOLID_ANGLE_UNIT());
#6186=AXIS2_PLACEMENT_3D('',#6183,#6184,#6185);
#6187=ADVANCED_BREP_SHAPE_REPRESENTATION('',(#6186,#6171),#6182);
#6192=PRODUCT_DEFINITION('design','',#6191,#6188);
#6193=PRODUCT_DEFINITION_SHAPE('','SHAPE FOR RH73H1HTTC.',#6192);
#6194=SHAPE_DEFINITION_REPRESENTATION(#6193,#6187);
#6195=NEXT_ASSEMBLY_USAGE_OCCURRENCE('40','Next assembly relationship','R1',
#18171,#6192,$);
#6196=PRODUCT_DEFINITION_SHAPE('Placement #40',
'Placement of RH73H1HTTC with respect to FKX006_AM2_ASM',#6195);
#6204=NEXT_ASSEMBLY_USAGE_OCCURRENCE('41','Next assembly relationship','C99',
#18171,#6192,$);
#6205=PRODUCT_DEFINITION_SHAPE('Placement #41',
'Placement of RH73H1HTTC with respect to FKX006_AM2_ASM',#6204);
#6213=NEXT_ASSEMBLY_USAGE_OCCURRENCE('42','Next assembly relationship','R98',
#18171,#6192,$);
#6214=PRODUCT_DEFINITION_SHAPE('Placement #42',
'Placement of RH73H1HTTC with respect to FKX006_AM2_ASM',#6213);
#6222=NEXT_ASSEMBLY_USAGE_OCCURRENCE('43','Next assembly relationship','R99',
#18171,#6192,$);
#6223=PRODUCT_DEFINITION_SHAPE('Placement #43',
'Placement of RH73H1HTTC with respect to FKX006_AM2_ASM',#6222);
#6231=NEXT_ASSEMBLY_USAGE_OCCURRENCE('44','Next assembly relationship','R4',
#18171,#6192,$);
#6232=PRODUCT_DEFINITION_SHAPE('Placement #44',
'Placement of RH73H1HTTC with respect to FKX006_AM2_ASM',#6231);
#6240=NEXT_ASSEMBLY_USAGE_OCCURRENCE('45','Next assembly relationship','R15',
#18171,#6192,$);
#6241=PRODUCT_DEFINITION_SHAPE('Placement #45',
'Placement of RH73H1HTTC with respect to FKX006_AM2_ASM',#6240);
#6249=NEXT_ASSEMBLY_USAGE_OCCURRENCE('46','Next assembly relationship','C8',
#18171,#6192,$);
#6250=PRODUCT_DEFINITION_SHAPE('Placement #46',
'Placement of RH73H1HTTC with respect to FKX006_AM2_ASM',#6249);
#6258=NEXT_ASSEMBLY_USAGE_OCCURRENCE('47','Next assembly relationship','R3',
#18171,#6192,$);
#6259=PRODUCT_DEFINITION_SHAPE('Placement #47',
'Placement of RH73H1HTTC with respect to FKX006_AM2_ASM',#6258);
#6267=NEXT_ASSEMBLY_USAGE_OCCURRENCE('48','Next assembly relationship','C7',
#18171,#6192,$);
#6268=PRODUCT_DEFINITION_SHAPE('Placement #48',
'Placement of RH73H1HTTC with respect to FKX006_AM2_ASM',#6267);
#6276=NEXT_ASSEMBLY_USAGE_OCCURRENCE('49','Next assembly relationship','C6',
#18171,#6192,$);
#6277=PRODUCT_DEFINITION_SHAPE('Placement #49',
'Placement of RH73H1HTTC with respect to FKX006_AM2_ASM',#6276);
#6285=NEXT_ASSEMBLY_USAGE_OCCURRENCE('50','Next assembly relationship','R6',
#18171,#6192,$);
#6286=PRODUCT_DEFINITION_SHAPE('Placement #50',
'Placement of RH73H1HTTC with respect to FKX006_AM2_ASM',#6285);
#6294=NEXT_ASSEMBLY_USAGE_OCCURRENCE('51','Next assembly relationship','R5',
#18171,#6192,$);
#6295=PRODUCT_DEFINITION_SHAPE('Placement #51',
'Placement of RH73H1HTTC with respect to FKX006_AM2_ASM',#6294);
#6323=B_SPLINE_CURVE_WITH_KNOTS('',3,(#6315,#6316,#6317,#6318,#6319,#6320,#6321,
#6322),.UNSPECIFIED.,.F.,.F.,(4,1,1,1,1,4),(0.E0,2.E-1,4.E-1,6.E-1,8.E-1,1.E0),
.UNSPECIFIED.);
#6332=B_SPLINE_CURVE_WITH_KNOTS('',3,(#6324,#6325,#6326,#6327,#6328,#6329,#6330,
#6331),.UNSPECIFIED.,.F.,.F.,(4,1,1,1,1,4),(0.E0,2.E-1,4.E-1,6.E-1,8.E-1,1.E0),
.UNSPECIFIED.);
#6345=B_SPLINE_CURVE_WITH_KNOTS('',3,(#6337,#6338,#6339,#6340,#6341,#6342,#6343,
#6344),.UNSPECIFIED.,.F.,.F.,(4,1,1,1,1,4),(0.E0,2.E-1,4.E-1,6.E-1,8.E-1,1.E0),
.UNSPECIFIED.);
#6354=B_SPLINE_CURVE_WITH_KNOTS('',3,(#6346,#6347,#6348,#6349,#6350,#6351,#6352,
#6353),.UNSPECIFIED.,.F.,.F.,(4,1,1,1,1,4),(0.E0,2.E-1,4.E-1,6.E-1,8.E-1,1.E0),
.UNSPECIFIED.);
#6363=CIRCLE('',#6362,9.999966965512E-4);
#6369=B_SPLINE_CURVE_WITH_KNOTS('',3,(#6364,#6365,#6366,#6367,#6368),
.UNSPECIFIED.,.F.,.F.,(4,1,4),(0.E0,5.E-1,1.E0),.UNSPECIFIED.);
#6376=B_SPLINE_CURVE_WITH_KNOTS('',3,(#6370,#6371,#6372,#6373,#6374,#6375),
.UNSPECIFIED.,.F.,.F.,(4,1,1,4),(0.E0,3.333333333333E-1,6.666666666667E-1,1.E0),
.UNSPECIFIED.);
#6381=CIRCLE('',#6380,1.E-3);
#6411=B_SPLINE_CURVE_WITH_KNOTS('',3,(#6398,#6399,#6400,#6401,#6402,#6403,#6404,
#6405,#6406,#6407,#6408,#6409,#6410),.UNSPECIFIED.,.F.,.F.,(4,1,1,1,1,1,1,1,1,1,
4),(0.E0,1.E-1,2.E-1,3.E-1,4.E-1,5.E-1,6.E-1,7.E-1,8.E-1,9.E-1,1.E0),
.UNSPECIFIED.);
#6416=CIRCLE('',#6415,1.E-3);
#6421=CIRCLE('',#6420,1.E-3);
#6434=B_SPLINE_CURVE_WITH_KNOTS('',3,(#6422,#6423,#6424,#6425,#6426,#6427,#6428,
#6429,#6430,#6431,#6432,#6433),.UNSPECIFIED.,.F.,.F.,(4,1,1,1,1,1,1,1,1,4),
(0.E0,1.111111111111E-1,2.222222222222E-1,3.333333333333E-1,4.444444444444E-1,
5.555555555556E-1,6.666666666667E-1,7.777777777778E-1,8.888888888889E-1,1.E0),
.UNSPECIFIED.);
#6439=CIRCLE('',#6438,9.999999999569E-4);
#6446=B_SPLINE_CURVE_WITH_KNOTS('',3,(#6440,#6441,#6442,#6443,#6444,#6445),
.UNSPECIFIED.,.F.,.F.,(4,1,1,4),(0.E0,3.333333333333E-1,6.666666666667E-1,1.E0),
.UNSPECIFIED.);
#6452=B_SPLINE_CURVE_WITH_KNOTS('',3,(#6447,#6448,#6449,#6450,#6451),
.UNSPECIFIED.,.F.,.F.,(4,1,4),(0.E0,5.E-1,1.E0),.UNSPECIFIED.);
#6477=B_SPLINE_CURVE_WITH_KNOTS('',3,(#6469,#6470,#6471,#6472,#6473,#6474,#6475,
#6476),.UNSPECIFIED.,.F.,.F.,(4,1,1,1,1,4),(0.E0,2.E-1,4.E-1,6.E-1,8.E-1,1.E0),
.UNSPECIFIED.);
#6490=B_SPLINE_CURVE_WITH_KNOTS('',3,(#6482,#6483,#6484,#6485,#6486,#6487,#6488,
#6489),.UNSPECIFIED.,.F.,.F.,(4,1,1,1,1,4),(0.E0,2.E-1,4.E-1,6.E-1,8.E-1,1.E0),
.UNSPECIFIED.);
#6499=B_SPLINE_CURVE_WITH_KNOTS('',3,(#6491,#6492,#6493,#6494,#6495,#6496,#6497,
#6498),.UNSPECIFIED.,.F.,.F.,(4,1,1,1,1,4),(0.E0,2.E-1,4.E-1,6.E-1,8.E-1,1.E0),
.UNSPECIFIED.);
#6512=B_SPLINE_CURVE_WITH_KNOTS('',3,(#6504,#6505,#6506,#6507,#6508,#6509,#6510,
#6511),.UNSPECIFIED.,.F.,.F.,(4,1,1,1,1,4),(0.E0,2.E-1,4.E-1,6.E-1,8.E-1,1.E0),
.UNSPECIFIED.);
#6519=B_SPLINE_CURVE_WITH_KNOTS('',3,(#6513,#6514,#6515,#6516,#6517,#6518),
.UNSPECIFIED.,.F.,.F.,(4,1,1,4),(0.E0,3.333333333333E-1,6.666666666667E-1,1.E0),
.UNSPECIFIED.);
#6525=B_SPLINE_CURVE_WITH_KNOTS('',3,(#6520,#6521,#6522,#6523,#6524),
.UNSPECIFIED.,.F.,.F.,(4,1,4),(0.E0,5.E-1,1.E0),.UNSPECIFIED.);
#6530=CIRCLE('',#6529,9.999974769347E-4);
#6543=B_SPLINE_CURVE_WITH_KNOTS('',3,(#6531,#6532,#6533,#6534,#6535,#6536,#6537,
#6538,#6539,#6540,#6541,#6542),.UNSPECIFIED.,.F.,.F.,(4,1,1,1,1,1,1,1,1,4),
(0.E0,1.111111111111E-1,2.222222222222E-1,3.333333333333E-1,4.444444444444E-1,
5.555555555556E-1,6.666666666667E-1,7.777777777778E-1,8.888888888889E-1,1.E0),
.UNSPECIFIED.);
#6548=CIRCLE('',#6547,1.E-3);
#6553=CIRCLE('',#6552,1.E-3);
#6566=B_SPLINE_CURVE_WITH_KNOTS('',3,(#6554,#6555,#6556,#6557,#6558,#6559,#6560,
#6561,#6562,#6563,#6564,#6565),.UNSPECIFIED.,.F.,.F.,(4,1,1,1,1,1,1,1,1,4),
(0.E0,1.111111111111E-1,2.222222222222E-1,3.333333333333E-1,4.444444444444E-1,
5.555555555556E-1,6.666666666667E-1,7.777777777778E-1,8.888888888889E-1,1.E0),
.UNSPECIFIED.);
#6573=B_SPLINE_CURVE_WITH_KNOTS('',3,(#6567,#6568,#6569,#6570,#6571,#6572),
.UNSPECIFIED.,.F.,.F.,(4,1,1,4),(0.E0,3.333333333333E-1,6.666666666667E-1,1.E0),
.UNSPECIFIED.);
#6578=CIRCLE('',#6577,1.E-3);
#6611=B_SPLINE_CURVE_WITH_KNOTS('',3,(#6599,#6600,#6601,#6602,#6603,#6604,#6605,
#6606,#6607,#6608,#6609,#6610),.UNSPECIFIED.,.F.,.F.,(4,1,1,1,1,1,1,1,1,4),
(0.E0,1.111111111111E-1,2.222222222222E-1,3.333333333333E-1,4.444444444444E-1,
5.555555555556E-1,6.666666666667E-1,7.777777777778E-1,8.888888888889E-1,1.E0),
.UNSPECIFIED.);
#6625=B_SPLINE_CURVE_WITH_KNOTS('',3,(#6612,#6613,#6614,#6615,#6616,#6617,#6618,
#6619,#6620,#6621,#6622,#6623,#6624),.UNSPECIFIED.,.F.,.F.,(4,1,1,1,1,1,1,1,1,1,
4),(0.E0,1.E-1,2.E-1,3.E-1,4.E-1,5.E-1,6.E-1,7.E-1,8.E-1,9.E-1,1.E0),
.UNSPECIFIED.);
#6630=CIRCLE('',#6629,1.E-3);
#6635=CIRCLE('',#6634,1.E-3);
#6640=CIRCLE('',#6639,9.999999999470E-4);
#6647=B_SPLINE_CURVE_WITH_KNOTS('',3,(#6641,#6642,#6643,#6644,#6645,#6646),
.UNSPECIFIED.,.F.,.F.,(4,1,1,4),(0.E0,3.333333333333E-1,6.666666666667E-1,1.E0),
.UNSPECIFIED.);
#6653=B_SPLINE_CURVE_WITH_KNOTS('',3,(#6648,#6649,#6650,#6651,#6652),
.UNSPECIFIED.,.F.,.F.,(4,1,4),(0.E0,5.E-1,1.E0),.UNSPECIFIED.);
#6658=CIRCLE('',#6657,1.E-3);
#6663=CIRCLE('',#6662,9.999967225921E-4);
#6669=B_SPLINE_CURVE_WITH_KNOTS('',3,(#6664,#6665,#6666,#6667,#6668),
.UNSPECIFIED.,.F.,.F.,(4,1,4),(0.E0,5.E-1,1.E0),.UNSPECIFIED.);
#6676=B_SPLINE_CURVE_WITH_KNOTS('',3,(#6670,#6671,#6672,#6673,#6674,#6675),
.UNSPECIFIED.,.F.,.F.,(4,1,1,4),(0.E0,3.333333333333E-1,6.666666666667E-1,1.E0),
.UNSPECIFIED.);
#6685=B_SPLINE_CURVE_WITH_KNOTS('',3,(#6677,#6678,#6679,#6680,#6681,#6682,#6683,
#6684),.UNSPECIFIED.,.F.,.F.,(4,1,1,1,1,4),(0.E0,2.E-1,4.E-1,6.E-1,8.E-1,1.E0),
.UNSPECIFIED.);
#6698=B_SPLINE_CURVE_WITH_KNOTS('',3,(#6690,#6691,#6692,#6693,#6694,#6695,#6696,
#6697),.UNSPECIFIED.,.F.,.F.,(4,1,1,1,1,4),(0.E0,2.E-1,4.E-1,6.E-1,8.E-1,1.E0),
.UNSPECIFIED.);
#6707=B_SPLINE_CURVE_WITH_KNOTS('',3,(#6699,#6700,#6701,#6702,#6703,#6704,#6705,
#6706),.UNSPECIFIED.,.F.,.F.,(4,1,1,1,1,4),(0.E0,2.E-1,4.E-1,6.E-1,8.E-1,1.E0),
.UNSPECIFIED.);
#6720=B_SPLINE_CURVE_WITH_KNOTS('',3,(#6712,#6713,#6714,#6715,#6716,#6717,#6718,
#6719),.UNSPECIFIED.,.F.,.F.,(4,1,1,1,1,4),(0.E0,2.E-1,4.E-1,6.E-1,8.E-1,1.E0),
.UNSPECIFIED.);
#6729=CIRCLE('',#6728,1.E-3);
#6734=CIRCLE('',#6733,1.E-3);
#6739=CIRCLE('',#6738,1.E-3);
#6788=CIRCLE('',#6787,9.999999999470E-4);
#6795=B_SPLINE_CURVE_WITH_KNOTS('',3,(#6789,#6790,#6791,#6792,#6793,#6794),
.UNSPECIFIED.,.F.,.F.,(4,1,1,4),(0.E0,3.333333333333E-1,6.666666666667E-1,1.E0),
.UNSPECIFIED.);
#6801=B_SPLINE_CURVE_WITH_KNOTS('',3,(#6796,#6797,#6798,#6799,#6800),
.UNSPECIFIED.,.F.,.F.,(4,1,4),(0.E0,5.E-1,1.E0),.UNSPECIFIED.);
#6815=B_SPLINE_CURVE_WITH_KNOTS('',3,(#6802,#6803,#6804,#6805,#6806,#6807,#6808,
#6809,#6810,#6811,#6812,#6813,#6814),.UNSPECIFIED.,.F.,.F.,(4,1,1,1,1,1,1,1,1,1,
4),(0.E0,1.E-1,2.E-1,3.E-1,4.E-1,5.E-1,6.E-1,7.E-1,8.E-1,9.E-1,1.E0),
.UNSPECIFIED.);
#6829=B_SPLINE_CURVE_WITH_KNOTS('',3,(#6816,#6817,#6818,#6819,#6820,#6821,#6822,
#6823,#6824,#6825,#6826,#6827,#6828),.UNSPECIFIED.,.F.,.F.,(4,1,1,1,1,1,1,1,1,1,
4),(0.E0,1.E-1,2.E-1,3.E-1,4.E-1,5.E-1,6.E-1,7.E-1,8.E-1,9.E-1,1.E0),
.UNSPECIFIED.);
#6834=CIRCLE('',#6833,1.E-3);
#6839=CIRCLE('',#6838,1.E-3);
#6844=CIRCLE('',#6843,9.999999999555E-4);
#6850=B_SPLINE_CURVE_WITH_KNOTS('',3,(#6845,#6846,#6847,#6848,#6849),
.UNSPECIFIED.,.F.,.F.,(4,1,4),(0.E0,5.E-1,1.E0),.UNSPECIFIED.);
#6857=B_SPLINE_CURVE_WITH_KNOTS('',3,(#6851,#6852,#6853,#6854,#6855,#6856),
.UNSPECIFIED.,.F.,.F.,(4,1,1,4),(0.E0,3.333333333333E-1,6.666666666667E-1,1.E0),
.UNSPECIFIED.);
#6862=CIRCLE('',#6861,1.E-3);
#6883=CIRCLE('',#6882,1.E-3);
#6888=CIRCLE('',#6887,9.999966965512E-4);
#6894=B_SPLINE_CURVE_WITH_KNOTS('',3,(#6889,#6890,#6891,#6892,#6893),
.UNSPECIFIED.,.F.,.F.,(4,1,4),(0.E0,5.E-1,1.E0),.UNSPECIFIED.);
#6901=B_SPLINE_CURVE_WITH_KNOTS('',3,(#6895,#6896,#6897,#6898,#6899,#6900),
.UNSPECIFIED.,.F.,.F.,(4,1,1,4),(0.E0,3.333333333333E-1,6.666666666667E-1,1.E0),
.UNSPECIFIED.);
#6910=B_SPLINE_CURVE_WITH_KNOTS('',3,(#6902,#6903,#6904,#6905,#6906,#6907,#6908,
#6909),.UNSPECIFIED.,.F.,.F.,(4,1,1,1,1,4),(0.E0,2.E-1,4.E-1,6.E-1,8.E-1,1.E0),
.UNSPECIFIED.);
#6919=B_SPLINE_CURVE_WITH_KNOTS('',3,(#6911,#6912,#6913,#6914,#6915,#6916,#6917,
#6918),.UNSPECIFIED.,.F.,.F.,(4,1,1,1,1,4),(0.E0,2.E-1,4.E-1,6.E-1,8.E-1,1.E0),
.UNSPECIFIED.);
#6932=B_SPLINE_CURVE_WITH_KNOTS('',3,(#6924,#6925,#6926,#6927,#6928,#6929,#6930,
#6931),.UNSPECIFIED.,.F.,.F.,(4,1,1,1,1,4),(0.E0,2.E-1,4.E-1,6.E-1,8.E-1,1.E0),
.UNSPECIFIED.);
#6941=B_SPLINE_CURVE_WITH_KNOTS('',3,(#6933,#6934,#6935,#6936,#6937,#6938,#6939,
#6940),.UNSPECIFIED.,.F.,.F.,(4,1,1,1,1,4),(0.E0,2.E-1,4.E-1,6.E-1,8.E-1,1.E0),
.UNSPECIFIED.);
#6954=CIRCLE('',#6953,1.E-3);
#6959=CIRCLE('',#6958,1.E-3);
#6964=CIRCLE('',#6963,1.E-3);
#6969=CIRCLE('',#6968,1.E-3);
#6974=CIRCLE('',#6973,1.E-3);
#6979=CIRCLE('',#6978,1.E-3);
#7012=CIRCLE('',#7011,1.E-3);
#7017=CIRCLE('',#7016,1.E-3);
#7022=CIRCLE('',#7021,1.E-3);
#7027=CIRCLE('',#7026,1.E-3);
#7032=CIRCLE('',#7031,1.E-3);
#7037=CIRCLE('',#7036,1.E-3);
#7062=CIRCLE('',#7061,1.E-3);
#7067=CIRCLE('',#7066,1.E-3);
#7072=CIRCLE('',#7071,1.E-3);
#7077=CIRCLE('',#7076,1.E-3);
#7082=CIRCLE('',#7081,1.E-3);
#7087=CIRCLE('',#7086,1.E-3);
#7094=B_SPLINE_CURVE_WITH_KNOTS('',3,(#7088,#7089,#7090,#7091,#7092,#7093),
.UNSPECIFIED.,.F.,.F.,(4,1,1,4),(0.E0,3.333333333333E-1,6.666666666667E-1,1.E0),
.UNSPECIFIED.);
#7103=CIRCLE('',#7102,1.E-3);
#7108=CIRCLE('',#7107,1.E-3);
#7115=B_SPLINE_CURVE_WITH_KNOTS('',3,(#7109,#7110,#7111,#7112,#7113,#7114),
.UNSPECIFIED.,.F.,.F.,(4,1,1,4),(0.E0,3.333333333333E-1,6.666666666667E-1,1.E0),
.UNSPECIFIED.);
#7120=CIRCLE('',#7119,1.E-3);
#7125=CIRCLE('',#7124,1.E-3);
#7132=B_SPLINE_CURVE_WITH_KNOTS('',3,(#7126,#7127,#7128,#7129,#7130,#7131),
.UNSPECIFIED.,.F.,.F.,(4,1,1,4),(0.E0,3.333333333333E-1,6.666666666667E-1,1.E0),
.UNSPECIFIED.);
#7137=CIRCLE('',#7136,1.E-3);
#7142=CIRCLE('',#7141,1.E-3);
#7171=CIRCLE('',#7170,1.E-3);
#7176=CIRCLE('',#7175,1.E-3);
#7183=B_SPLINE_CURVE_WITH_KNOTS('',3,(#7177,#7178,#7179,#7180,#7181,#7182),
.UNSPECIFIED.,.F.,.F.,(4,1,1,4),(0.E0,3.333333333333E-1,6.666666666667E-1,1.E0),
.UNSPECIFIED.);
#7188=CIRCLE('',#7187,1.E-3);
#7195=B_SPLINE_CURVE_WITH_KNOTS('',3,(#7189,#7190,#7191,#7192,#7193,#7194),
.UNSPECIFIED.,.F.,.F.,(4,1,1,4),(0.E0,3.333333333333E-1,6.666666666667E-1,1.E0),
.UNSPECIFIED.);
#7200=CIRCLE('',#7199,1.E-3);
#7207=B_SPLINE_CURVE_WITH_KNOTS('',3,(#7201,#7202,#7203,#7204,#7205,#7206),
.UNSPECIFIED.,.F.,.F.,(4,1,1,4),(0.E0,3.333333333333E-1,6.666666666667E-1,1.E0),
.UNSPECIFIED.);
#7212=CIRCLE('',#7211,1.E-3);
#7217=CIRCLE('',#7216,1.E-3);
#7222=CIRCLE('',#7221,1.E-3);
#7227=CIRCLE('',#7226,1.E-3);
#7234=B_SPLINE_CURVE_WITH_KNOTS('',3,(#7228,#7229,#7230,#7231,#7232,#7233),
.UNSPECIFIED.,.F.,.F.,(4,1,1,4),(0.E0,3.333333333333E-1,6.666666666667E-1,1.E0),
.UNSPECIFIED.);
#7388=EDGE_CURVE('',#7295,#7322,#6306,.T.);
#7390=EDGE_CURVE('',#7322,#7304,#6369,.T.);
#7392=EDGE_CURVE('',#7304,#7305,#7234,.T.);
#7394=EDGE_CURVE('',#7305,#7307,#6582,.T.);
#7396=EDGE_CURVE('',#7307,#7308,#6573,.T.);
#7398=EDGE_CURVE('',#7308,#7320,#6525,.T.);
#7400=EDGE_CURVE('',#7296,#7320,#7041,.T.);
#7402=EDGE_CURVE('',#7295,#7296,#6310,.T.);
#7412=EDGE_CURVE('',#7324,#7263,#6949,.T.);
#7414=EDGE_CURVE('',#7324,#7318,#6894,.T.);
#7416=EDGE_CURVE('',#7318,#7317,#7094,.T.);
#7418=EDGE_CURVE('',#7317,#7314,#7098,.T.);
#7420=EDGE_CURVE('',#7314,#7315,#7115,.T.);
#7422=EDGE_CURVE('',#7315,#7326,#6653,.T.);
#7424=EDGE_CURVE('',#7264,#7326,#6983,.T.);
#7426=EDGE_CURVE('',#7263,#7264,#6314,.T.);
#7436=EDGE_CURVE('',#7292,#7327,#6332,.T.);
#7438=EDGE_CURVE('',#7327,#7322,#6376,.T.);
#7441=EDGE_CURVE('',#7295,#7270,#7022,.T.);
#7443=EDGE_CURVE('',#7292,#7270,#7007,.T.);
#7453=EDGE_CURVE('',#7327,#7328,#6323,.T.);
#7456=EDGE_CURVE('',#7292,#7290,#6336,.T.);
#7458=EDGE_CURVE('',#7336,#7290,#6345,.T.);
#7460=EDGE_CURVE('',#7334,#7336,#6354,.T.);
#7462=EDGE_CURVE('',#7328,#7334,#6358,.T.);
#7525=EDGE_CURVE('',#7330,#7328,#6381,.T.);
#7527=EDGE_CURVE('',#7329,#7330,#6611,.T.);
#7529=EDGE_CURVE('',#7329,#7304,#6363,.T.);
#7541=EDGE_CURVE('',#7330,#7332,#6385,.T.);
#7545=EDGE_CURVE('',#7332,#7334,#6439,.T.);
#7556=EDGE_CURVE('',#7332,#7360,#6389,.T.);
#7558=EDGE_CURVE('',#7360,#7355,#6393,.T.);
#7560=EDGE_CURVE('',#7330,#7355,#6397,.T.);
#7570=EDGE_CURVE('',#7332,#7335,#6411,.T.);
#7572=EDGE_CURVE('',#7350,#7335,#6416,.T.);
#7574=EDGE_CURVE('',#7350,#7378,#7162,.T.);
#7576=EDGE_CURVE('',#7378,#7364,#6421,.T.);
#7578=EDGE_CURVE('',#7364,#7360,#6434,.T.);
#7648=EDGE_CURVE('',#7321,#7336,#6446,.T.);
#7650=EDGE_CURVE('',#7303,#7321,#6452,.T.);
#7652=EDGE_CURVE('',#7335,#7303,#7200,.T.);
#7662=EDGE_CURVE('',#7288,#7321,#6456,.T.);
#7666=EDGE_CURVE('',#7269,#7290,#7003,.T.);
#7668=EDGE_CURVE('',#7269,#7288,#7077,.T.);
#7678=EDGE_CURVE('',#7287,#7319,#6460,.T.);
#7680=EDGE_CURVE('',#7319,#7299,#6850,.T.);
#7682=EDGE_CURVE('',#7299,#7300,#7132,.T.);
#7684=EDGE_CURVE('',#7300,#7302,#7146,.T.);
#7686=EDGE_CURVE('',#7302,#7303,#7207,.T.);
#7690=EDGE_CURVE('',#7287,#7288,#6464,.T.);
#7700=EDGE_CURVE('',#7325,#7255,#6724,.T.);
#7702=EDGE_CURVE('',#7325,#7313,#6669,.T.);
#7704=EDGE_CURVE('',#7313,#7312,#7195,.T.);
#7706=EDGE_CURVE('',#7312,#7309,#7166,.T.);
#7708=EDGE_CURVE('',#7309,#7310,#7183,.T.);
#7710=EDGE_CURVE('',#7310,#7323,#6801,.T.);
#7712=EDGE_CURVE('',#7256,#7323,#6783,.T.);
#7714=EDGE_CURVE('',#7255,#7256,#6468,.T.);
#7724=EDGE_CURVE('',#7277,#7345,#6499,.T.);
#7726=EDGE_CURVE('',#7345,#7319,#6857,.T.);
#7729=EDGE_CURVE('',#7287,#7278,#7072,.T.);
#7731=EDGE_CURVE('',#7277,#7278,#6771,.T.);
#7741=EDGE_CURVE('',#7339,#7340,#6477,.T.);
#7743=EDGE_CURVE('',#7340,#7342,#6481,.T.);
#7745=EDGE_CURVE('',#7342,#7345,#6490,.T.);
#7748=EDGE_CURVE('',#7277,#7298,#6503,.T.);
#7750=EDGE_CURVE('',#7339,#7298,#6512,.T.);
#7812=EDGE_CURVE('',#7337,#7338,#6543,.T.);
#7814=EDGE_CURVE('',#7340,#7338,#6862,.T.);
#7817=EDGE_CURVE('',#7320,#7339,#6519,.T.);
#7820=EDGE_CURVE('',#7308,#7337,#6530,.T.);
#7831=EDGE_CURVE('',#7337,#7352,#6548,.T.);
#7833=EDGE_CURVE('',#7382,#7352,#6598,.T.);
#7835=EDGE_CURVE('',#7382,#7367,#6553,.T.);
#7837=EDGE_CURVE('',#7367,#7368,#6566,.T.);
#7839=EDGE_CURVE('',#7368,#7338,#6870,.T.);
#7852=EDGE_CURVE('',#7352,#7307,#6578,.T.);
#7862=EDGE_CURVE('',#7352,#7354,#6586,.T.);
#7866=EDGE_CURVE('',#7354,#7305,#7227,.T.);
#7877=EDGE_CURVE('',#7354,#7380,#6590,.T.);
#7879=EDGE_CURVE('',#7380,#7382,#6594,.T.);
#7892=EDGE_CURVE('',#7355,#7356,#6625,.T.);
#7894=EDGE_CURVE('',#7356,#7380,#6630,.T.);
#7897=EDGE_CURVE('',#7354,#7329,#6635,.T.);
#7964=EDGE_CURVE('',#7355,#7357,#6640,.T.);
#7966=EDGE_CURVE('',#7357,#7358,#6685,.T.);
#7968=EDGE_CURVE('',#7326,#7358,#6647,.T.);
#7971=EDGE_CURVE('',#7356,#7315,#7108,.T.);
#7982=EDGE_CURVE('',#7360,#7362,#6658,.T.);
#7984=EDGE_CURVE('',#7362,#7357,#6689,.T.);
#8047=EDGE_CURVE('',#7363,#7362,#6698,.T.);
#8051=EDGE_CURVE('',#7364,#7313,#6663,.T.);
#8054=EDGE_CURVE('',#7363,#7325,#6676,.T.);
#8067=EDGE_CURVE('',#7245,#7363,#6707,.T.);
#8069=EDGE_CURVE('',#7245,#7266,#6711,.T.);
#8071=EDGE_CURVE('',#7358,#7266,#6720,.T.);
#8084=EDGE_CURVE('',#7255,#7246,#6739,.T.);
#8086=EDGE_CURVE('',#7245,#7246,#6987,.T.);
#8096=EDGE_CURVE('',#7249,#7255,#6729,.T.);
#8098=EDGE_CURVE('',#7246,#7249,#6734,.T.);
#8109=EDGE_CURVE('',#7249,#7241,#6755,.T.);
#8113=EDGE_CURVE('',#7256,#7241,#7222,.T.);
#8123=EDGE_CURVE('',#7241,#7242,#6743,.T.);
#8125=EDGE_CURVE('',#7242,#7250,#6747,.T.);
#8127=EDGE_CURVE('',#7249,#7250,#6751,.T.);
#8138=EDGE_CURVE('',#7237,#7238,#6759,.T.);
#8140=EDGE_CURVE('',#7238,#7242,#6959,.T.);
#8143=EDGE_CURVE('',#7241,#7237,#7217,.T.);
#8154=EDGE_CURVE('',#7237,#7258,#6763,.T.);
#8156=EDGE_CURVE('',#7260,#7258,#6923,.T.);
#8158=EDGE_CURVE('',#7260,#7238,#6767,.T.);
#8170=EDGE_CURVE('',#7278,#7284,#6775,.T.);
#8172=EDGE_CURVE('',#7284,#7298,#6779,.T.);
#8183=EDGE_CURVE('',#7323,#7374,#6795,.T.);
#8185=EDGE_CURVE('',#7374,#7258,#6932,.T.);
#8188=EDGE_CURVE('',#7237,#7256,#7212,.T.);
#8254=EDGE_CURVE('',#7370,#7373,#6829,.T.);
#8256=EDGE_CURVE('',#7370,#7372,#6788,.T.);
#8258=EDGE_CURVE('',#7372,#7374,#6941,.T.);
#8262=EDGE_CURVE('',#7373,#7310,#7176,.T.);
#8272=EDGE_CURVE('',#7344,#7346,#6815,.T.);
#8274=EDGE_CURVE('',#7344,#7370,#6878,.T.);
#8277=EDGE_CURVE('',#7373,#7376,#6834,.T.);
#8279=EDGE_CURVE('',#7348,#7376,#7154,.T.);
#8281=EDGE_CURVE('',#7346,#7348,#6839,.T.);
#8348=EDGE_CURVE('',#7342,#7344,#6844,.T.);
#8351=EDGE_CURVE('',#7299,#7346,#7137,.T.);
#8365=EDGE_CURVE('',#7338,#7344,#6866,.T.);
#8378=EDGE_CURVE('',#7368,#7370,#6874,.T.);
#8390=EDGE_CURVE('',#7368,#7366,#6883,.T.);
#8392=EDGE_CURVE('',#7366,#7372,#6945,.T.);
#8455=EDGE_CURVE('',#7365,#7366,#6910,.T.);
#8459=EDGE_CURVE('',#7367,#7318,#6888,.T.);
#8462=EDGE_CURVE('',#7365,#7324,#6901,.T.);
#8473=EDGE_CURVE('',#7260,#7365,#6919,.T.);
#8490=EDGE_CURVE('',#7263,#7238,#6964,.T.);
#8501=EDGE_CURVE('',#7242,#7263,#6954,.T.);
#8514=EDGE_CURVE('',#7264,#7250,#6979,.T.);
#8526=EDGE_CURVE('',#7252,#7264,#6969,.T.);
#8528=EDGE_CURVE('',#7250,#7252,#6974,.T.);
#8542=EDGE_CURVE('',#7252,#7266,#6995,.T.);
#8555=EDGE_CURVE('',#7246,#7252,#6991,.T.);
#8566=EDGE_CURVE('',#7269,#7270,#6999,.T.);
#8592=EDGE_CURVE('',#7270,#7274,#7017,.T.);
#8594=EDGE_CURVE('',#7273,#7274,#7045,.T.);
#8596=EDGE_CURVE('',#7273,#7269,#7082,.T.);
#8606=EDGE_CURVE('',#7274,#7295,#7012,.T.);
#8619=EDGE_CURVE('',#7296,#7282,#7037,.T.);
#8621=EDGE_CURVE('',#7274,#7282,#7049,.T.);
#8632=EDGE_CURVE('',#7284,#7296,#7027,.T.);
#8634=EDGE_CURVE('',#7282,#7284,#7032,.T.);
#8658=EDGE_CURVE('',#7281,#7282,#7053,.T.);
#8662=EDGE_CURVE('',#7278,#7281,#7067,.T.);
#8675=EDGE_CURVE('',#7281,#7273,#7057,.T.);
#8686=EDGE_CURVE('',#7281,#7287,#7062,.T.);
#8689=EDGE_CURVE('',#7288,#7273,#7087,.T.);
#8722=EDGE_CURVE('',#7382,#7317,#7103,.T.);
#8735=EDGE_CURVE('',#7380,#7314,#7120,.T.);
#8760=EDGE_CURVE('',#7300,#7348,#7125,.T.);
#8772=EDGE_CURVE('',#7348,#7350,#7150,.T.);
#8774=EDGE_CURVE('',#7302,#7350,#7142,.T.);
#8788=EDGE_CURVE('',#7376,#7378,#7158,.T.);
#8800=EDGE_CURVE('',#7376,#7309,#7188,.T.);
#8803=EDGE_CURVE('',#7378,#7312,#7171,.T.);
#8870=(LENGTH_UNIT()NAMED_UNIT(*)SI_UNIT(.MILLI.,.METRE.));
#8874=(NAMED_UNIT(*)PLANE_ANGLE_UNIT()SI_UNIT($,.RADIAN.));
#8877=(NAMED_UNIT(*)SI_UNIT($,.STERADIAN.)SOLID_ANGLE_UNIT());
#8883=AXIS2_PLACEMENT_3D('',#8880,#8881,#8882);
#8884=ADVANCED_BREP_SHAPE_REPRESENTATION('',(#8883,#8868),#8879);
#8888=PRODUCT_DEFINITION('design','',#8887,#6188);
#8889=PRODUCT_DEFINITION_SHAPE('','SHAPE FOR GRM155R71C.',#8888);
#8890=SHAPE_DEFINITION_REPRESENTATION(#8889,#8884);
#8891=NEXT_ASSEMBLY_USAGE_OCCURRENCE('52','Next assembly relationship','RT1',
#18171,#8888,$);
#8892=PRODUCT_DEFINITION_SHAPE('Placement #52',
'Placement of GRM155R71C with respect to FKX006_AM2_ASM',#8891);
#8900=NEXT_ASSEMBLY_USAGE_OCCURRENCE('53','Next assembly relationship','C5',
#18171,#8888,$);
#8901=PRODUCT_DEFINITION_SHAPE('Placement #53',
'Placement of GRM155R71C with respect to FKX006_AM2_ASM',#8900);
#8909=NEXT_ASSEMBLY_USAGE_OCCURRENCE('54','Next assembly relationship','C9',
#18171,#8888,$);
#8910=PRODUCT_DEFINITION_SHAPE('Placement #54',
'Placement of GRM155R71C with respect to FKX006_AM2_ASM',#8909);
#8918=NEXT_ASSEMBLY_USAGE_OCCURRENCE('55','Next assembly relationship','C10',
#18171,#8888,$);
#8919=PRODUCT_DEFINITION_SHAPE('Placement #55',
'Placement of GRM155R71C with respect to FKX006_AM2_ASM',#8918);
#8927=NEXT_ASSEMBLY_USAGE_OCCURRENCE('56','Next assembly relationship','C14',
#18171,#8888,$);
#8928=PRODUCT_DEFINITION_SHAPE('Placement #56',
'Placement of GRM155R71C with respect to FKX006_AM2_ASM',#8927);
#8936=NEXT_ASSEMBLY_USAGE_OCCURRENCE('57','Next assembly relationship','C13',
#18171,#8888,$);
#8937=PRODUCT_DEFINITION_SHAPE('Placement #57',
'Placement of GRM155R71C with respect to FKX006_AM2_ASM',#8936);
#9911=EDGE_CURVE('',#9676,#9677,#8949,.T.);
#9913=EDGE_CURVE('',#9681,#9677,#8953,.T.);
#9915=EDGE_CURVE('',#9680,#9681,#8957,.T.);
#9917=EDGE_CURVE('',#9680,#9857,#8961,.T.);
#9919=EDGE_CURVE('',#9857,#9855,#8965,.T.);
#9921=EDGE_CURVE('',#9853,#9855,#8969,.T.);
#9923=EDGE_CURVE('',#9852,#9853,#8973,.T.);
#9925=EDGE_CURVE('',#9798,#9852,#8977,.T.);
#9927=EDGE_CURVE('',#9798,#9799,#8981,.T.);
#9929=EDGE_CURVE('',#9799,#9849,#8985,.T.);
#9931=EDGE_CURVE('',#9848,#9849,#8989,.T.);
#9933=EDGE_CURVE('',#9802,#9848,#8993,.T.);
#9935=EDGE_CURVE('',#9802,#9803,#8997,.T.);
#9937=EDGE_CURVE('',#9803,#9835,#9001,.T.);
#9939=EDGE_CURVE('',#9834,#9835,#9005,.T.);
#9941=EDGE_CURVE('',#9837,#9834,#9009,.T.);
#9943=EDGE_CURVE('',#9837,#9840,#9013,.T.);
#9945=EDGE_CURVE('',#9840,#9841,#9017,.T.);
#9947=EDGE_CURVE('',#9845,#9841,#9021,.T.);
#9949=EDGE_CURVE('',#9844,#9845,#9025,.T.);
#9951=EDGE_CURVE('',#9844,#9860,#9029,.T.);
#9953=EDGE_CURVE('',#9860,#9861,#9033,.T.);
#9955=EDGE_CURVE('',#9865,#9861,#9037,.T.);
#9957=EDGE_CURVE('',#9864,#9865,#9041,.T.);
#9959=EDGE_CURVE('',#9864,#9868,#9045,.T.);
#9961=EDGE_CURVE('',#9868,#9869,#9049,.T.);
#9963=EDGE_CURVE('',#9873,#9869,#9053,.T.);
#9965=EDGE_CURVE('',#9871,#9873,#9057,.T.);
#9967=EDGE_CURVE('',#9792,#9871,#9061,.T.);
#9969=EDGE_CURVE('',#9792,#9793,#9065,.T.);
#9971=EDGE_CURVE('',#9793,#9877,#9069,.T.);
#9973=EDGE_CURVE('',#9876,#9877,#9073,.T.);
#9975=EDGE_CURVE('',#9795,#9876,#9077,.T.);
#9977=EDGE_CURVE('',#9795,#9731,#9081,.T.);
#9979=EDGE_CURVE('',#9731,#9729,#9085,.T.);
#9981=EDGE_CURVE('',#9727,#9729,#9089,.T.);
#9983=EDGE_CURVE('',#9726,#9727,#9093,.T.);
#9985=EDGE_CURVE('',#9733,#9726,#9097,.T.);
#9987=EDGE_CURVE('',#9733,#9721,#9101,.T.);
#9989=EDGE_CURVE('',#9721,#9719,#9105,.T.);
#9991=EDGE_CURVE('',#9718,#9719,#9109,.T.);
#9993=EDGE_CURVE('',#9723,#9718,#9113,.T.);
#9995=EDGE_CURVE('',#9723,#9695,#9117,.T.);
#9997=EDGE_CURVE('',#9695,#9693,#9121,.T.);
#9999=EDGE_CURVE('',#9692,#9693,#9125,.T.);
#10001=EDGE_CURVE('',#9697,#9692,#9129,.T.);
#10003=EDGE_CURVE('',#9697,#9684,#9133,.T.);
#10005=EDGE_CURVE('',#9684,#9685,#9137,.T.);
#10007=EDGE_CURVE('',#9689,#9685,#9141,.T.);
#10009=EDGE_CURVE('',#9688,#9689,#9145,.T.);
#10011=EDGE_CURVE('',#9688,#9700,#9149,.T.);
#10013=EDGE_CURVE('',#9700,#9701,#9153,.T.);
#10015=EDGE_CURVE('',#9705,#9701,#9157,.T.);
#10017=EDGE_CURVE('',#9704,#9705,#9161,.T.);
#10019=EDGE_CURVE('',#9704,#9708,#9165,.T.);
#10021=EDGE_CURVE('',#9708,#9709,#9169,.T.);
#10023=EDGE_CURVE('',#9715,#9709,#9173,.T.);
#10025=EDGE_CURVE('',#9713,#9715,#9177,.T.);
#10027=EDGE_CURVE('',#9712,#9713,#9181,.T.);
#10029=EDGE_CURVE('',#9712,#9676,#9185,.T.);
#10040=EDGE_CURVE('',#9676,#9736,#9201,.T.);
#10042=EDGE_CURVE('',#9736,#9737,#9225,.T.);
#10044=EDGE_CURVE('',#9737,#9677,#9189,.T.);
#10055=EDGE_CURVE('',#9712,#9772,#9193,.T.);
#10057=EDGE_CURVE('',#9772,#9736,#9197,.T.);
#10069=EDGE_CURVE('',#9680,#9740,#9205,.T.);
#10071=EDGE_CURVE('',#9740,#9896,#9209,.T.);
#10073=EDGE_CURVE('',#9857,#9896,#9213,.T.);
#10084=EDGE_CURVE('',#9773,#9713,#9217,.T.);
#10086=EDGE_CURVE('',#9772,#9773,#9229,.T.);
#10097=EDGE_CURVE('',#9737,#9773,#9233,.T.);
#10101=EDGE_CURVE('',#9669,#9715,#9473,.T.);
#10103=EDGE_CURVE('',#9668,#9669,#9645,.T.);
#10105=EDGE_CURVE('',#9853,#9668,#9553,.T.);
#10108=EDGE_CURVE('',#9897,#9855,#9393,.T.);
#10110=EDGE_CURVE('',#9897,#9741,#9241,.T.);
#10112=EDGE_CURVE('',#9741,#9681,#9221,.T.);
#10136=EDGE_CURVE('',#9740,#9741,#9237,.T.);
#10139=EDGE_CURVE('',#9896,#9897,#9245,.T.);
#10150=EDGE_CURVE('',#9744,#9745,#9249,.T.);
#10152=EDGE_CURVE('',#9756,#9744,#9433,.T.);
#10154=EDGE_CURVE('',#9756,#9757,#9253,.T.);
#10156=EDGE_CURVE('',#9745,#9757,#9257,.T.);
#10166=EDGE_CURVE('',#9748,#9749,#9261,.T.);
#10168=EDGE_CURVE('',#9761,#9749,#9265,.T.);
#10170=EDGE_CURVE('',#9760,#9761,#9269,.T.);
#10172=EDGE_CURVE('',#9748,#9760,#9441,.T.);
#10182=EDGE_CURVE('',#9752,#9753,#9273,.T.);
#10184=EDGE_CURVE('',#9780,#9752,#9417,.T.);
#10186=EDGE_CURVE('',#9780,#9781,#9277,.T.);
#10188=EDGE_CURVE('',#9753,#9781,#9281,.T.);
#10198=EDGE_CURVE('',#9764,#9765,#9285,.T.);
#10200=EDGE_CURVE('',#9769,#9765,#9289,.T.);
#10202=EDGE_CURVE('',#9768,#9769,#9293,.T.);
#10204=EDGE_CURVE('',#9764,#9768,#9453,.T.);
#10214=EDGE_CURVE('',#9776,#9777,#9297,.T.);
#10216=EDGE_CURVE('',#9788,#9776,#9405,.T.);
#10218=EDGE_CURVE('',#9788,#9789,#9301,.T.);
#10220=EDGE_CURVE('',#9777,#9789,#9305,.T.);
#10230=EDGE_CURVE('',#9784,#9785,#9309,.T.);
#10232=EDGE_CURVE('',#9823,#9784,#9521,.T.);
#10234=EDGE_CURVE('',#9823,#9805,#9313,.T.);
#10236=EDGE_CURVE('',#9785,#9805,#9317,.T.);
#10246=EDGE_CURVE('',#9808,#9809,#9321,.T.);
#10248=EDGE_CURVE('',#9821,#9808,#9325,.T.);
#10250=EDGE_CURVE('',#9820,#9821,#9509,.T.);
#10252=EDGE_CURVE('',#9820,#9809,#9329,.T.);
#10262=EDGE_CURVE('',#9812,#9813,#9333,.T.);
#10264=EDGE_CURVE('',#9905,#9812,#9337,.T.);
#10266=EDGE_CURVE('',#9903,#9905,#9617,.T.);
#10268=EDGE_CURVE('',#9903,#9813,#9341,.T.);
#10278=EDGE_CURVE('',#9816,#9817,#9345,.T.);
#10280=EDGE_CURVE('',#9901,#9816,#9349,.T.);
#10282=EDGE_CURVE('',#9889,#9901,#9605,.T.);
#10284=EDGE_CURVE('',#9889,#9817,#9353,.T.);
#10294=EDGE_CURVE('',#9826,#9827,#9569,.T.);
#10296=EDGE_CURVE('',#9826,#9899,#9357,.T.);
#10298=EDGE_CURVE('',#9891,#9899,#9361,.T.);
#10300=EDGE_CURVE('',#9827,#9891,#9365,.T.);
#10310=EDGE_CURVE('',#9830,#9831,#9581,.T.);
#10312=EDGE_CURVE('',#9830,#9893,#9369,.T.);
#10314=EDGE_CURVE('',#9879,#9893,#9373,.T.);
#10316=EDGE_CURVE('',#9831,#9879,#9377,.T.);
#10326=EDGE_CURVE('',#9882,#9883,#9381,.T.);
#10328=EDGE_CURVE('',#9887,#9883,#9385,.T.);
#10330=EDGE_CURVE('',#9886,#9887,#9389,.T.);
#10332=EDGE_CURVE('',#9882,#9886,#9593,.T.);
#10367=EDGE_CURVE('',#9684,#9744,#9425,.T.);
#10370=EDGE_CURVE('',#9745,#9685,#9397,.T.);
#10381=EDGE_CURVE('',#9733,#9788,#9401,.T.);
#10384=EDGE_CURVE('',#9721,#9776,#9409,.T.);
#10395=EDGE_CURVE('',#9723,#9780,#9413,.T.);
#10398=EDGE_CURVE('',#9695,#9752,#9421,.T.);
#10410=EDGE_CURVE('',#9697,#9756,#9429,.T.);
#10421=EDGE_CURVE('',#9688,#9748,#9437,.T.);
#10424=EDGE_CURVE('',#9700,#9760,#9445,.T.);
#10435=EDGE_CURVE('',#9704,#9764,#9449,.T.);
#10438=EDGE_CURVE('',#9708,#9768,#9457,.T.);
#10450=EDGE_CURVE('',#9789,#9726,#9469,.T.);
#10463=EDGE_CURVE('',#9757,#9692,#9461,.T.);
#10466=EDGE_CURVE('',#9753,#9693,#9485,.T.);
#10469=EDGE_CURVE('',#9781,#9718,#9465,.T.);
#10472=EDGE_CURVE('',#9777,#9719,#9489,.T.);
#10477=EDGE_CURVE('',#9671,#9727,#9497,.T.);
#10479=EDGE_CURVE('',#9669,#9671,#9649,.T.);
#10483=EDGE_CURVE('',#9769,#9709,#9661,.T.);
#10486=EDGE_CURVE('',#9765,#9705,#9477,.T.);
#10489=EDGE_CURVE('',#9761,#9701,#9665,.T.);
#10492=EDGE_CURVE('',#9749,#9689,#9481,.T.);
#10553=EDGE_CURVE('',#9809,#9871,#9493,.T.);
#10556=EDGE_CURVE('',#9673,#9873,#9557,.T.);
#10558=EDGE_CURVE('',#9671,#9673,#9653,.T.);
#10562=EDGE_CURVE('',#9785,#9729,#9533,.T.);
#10565=EDGE_CURVE('',#9805,#9876,#9501,.T.);
#10568=EDGE_CURVE('',#9808,#9877,#9529,.T.);
#10581=EDGE_CURVE('',#9792,#9820,#9505,.T.);
#10594=EDGE_CURVE('',#9793,#9821,#9513,.T.);
#10605=EDGE_CURVE('',#9795,#9823,#9517,.T.);
#10608=EDGE_CURVE('',#9731,#9784,#9525,.T.);
#10655=EDGE_CURVE('',#9817,#9845,#9537,.T.);
#10658=EDGE_CURVE('',#9887,#9841,#9633,.T.);
#10661=EDGE_CURVE('',#9883,#9834,#9541,.T.);
#10664=EDGE_CURVE('',#9879,#9835,#9629,.T.);
#10667=EDGE_CURVE('',#9893,#9848,#9545,.T.);
#10670=EDGE_CURVE('',#9891,#9849,#9625,.T.);
#10673=EDGE_CURVE('',#9899,#9852,#9549,.T.);
#10677=EDGE_CURVE('',#9673,#9668,#9657,.T.);
#10681=EDGE_CURVE('',#9812,#9869,#9641,.T.);
#10684=EDGE_CURVE('',#9813,#9865,#9561,.T.);
#10687=EDGE_CURVE('',#9816,#9861,#9637,.T.);
#10700=EDGE_CURVE('',#9844,#9889,#9601,.T.);
#10711=EDGE_CURVE('',#9798,#9826,#9565,.T.);
#10714=EDGE_CURVE('',#9799,#9827,#9573,.T.);
#10725=EDGE_CURVE('',#9802,#9830,#9577,.T.);
#10728=EDGE_CURVE('',#9803,#9831,#9585,.T.);
#10738=EDGE_CURVE('',#9837,#9882,#9589,.T.);
#10741=EDGE_CURVE('',#9840,#9886,#9597,.T.);
#10754=EDGE_CURVE('',#9860,#9901,#9609,.T.);
#10765=EDGE_CURVE('',#9864,#9903,#9613,.T.);
#10768=EDGE_CURVE('',#9868,#9905,#9621,.T.);
#10945=(LENGTH_UNIT()NAMED_UNIT(*)SI_UNIT(.MILLI.,.METRE.));
#10949=(NAMED_UNIT(*)PLANE_ANGLE_UNIT()SI_UNIT($,.RADIAN.));
#10952=(NAMED_UNIT(*)SI_UNIT($,.STERADIAN.)SOLID_ANGLE_UNIT());
#10958=AXIS2_PLACEMENT_3D('',#10955,#10956,#10957);
#10959=ADVANCED_BREP_SHAPE_REPRESENTATION('',(#10958,#10943),#10954);
#10964=PRODUCT_DEFINITION('design','',#10963,#10960);
#10965=PRODUCT_DEFINITION_SHAPE('','SHAPE FOR DRC.',#10964);
#10966=SHAPE_DEFINITION_REPRESENTATION(#10965,#10959);
#10967=NEXT_ASSEMBLY_USAGE_OCCURRENCE('58','Next assembly relationship','IC1',
#18171,#10964,$);
#10968=PRODUCT_DEFINITION_SHAPE('Placement #58',
'Placement of DRC with respect to FKX006_AM2_ASM',#10967);
#11008=CIRCLE('',#11007,2.E-3);
#11017=CIRCLE('',#11016,2.E-3);
#11022=CIRCLE('',#11021,2.E-3);
#11031=CIRCLE('',#11030,2.E-3);
#11060=CIRCLE('',#11059,2.E-3);
#11065=CIRCLE('',#11064,2.E-3);
#11074=CIRCLE('',#11073,2.E-3);
#11079=CIRCLE('',#11078,2.E-3);
#11108=CIRCLE('',#11107,2.E-3);
#11113=CIRCLE('',#11112,2.E-3);
#11122=CIRCLE('',#11121,2.E-3);
#11127=CIRCLE('',#11126,2.E-3);
#11160=CIRCLE('',#11159,2.E-3);
#11169=CIRCLE('',#11168,2.E-3);
#11174=CIRCLE('',#11173,2.E-3);
#11179=CIRCLE('',#11178,2.E-3);
#11317=EDGE_CURVE('',#11303,#11298,#10979,.T.);
#11319=EDGE_CURVE('',#11303,#11258,#10983,.T.);
#11321=EDGE_CURVE('',#11263,#11258,#10987,.T.);
#11323=EDGE_CURVE('',#11298,#11263,#11012,.T.);
#11333=EDGE_CURVE('',#11311,#11306,#10991,.T.);
#11335=EDGE_CURVE('',#11250,#11311,#11083,.T.);
#11337=EDGE_CURVE('',#11255,#11250,#10995,.T.);
#11339=EDGE_CURVE('',#11255,#11306,#10999,.T.);
#11349=EDGE_CURVE('',#11298,#11299,#11008,.T.);
#11351=EDGE_CURVE('',#11301,#11299,#11183,.T.);
#11353=EDGE_CURVE('',#11301,#11303,#11160,.T.);
#11366=EDGE_CURVE('',#11261,#11263,#11017,.T.);
#11368=EDGE_CURVE('',#11261,#11267,#11135,.T.);
#11370=EDGE_CURVE('',#11266,#11267,#11022,.T.);
#11372=EDGE_CURVE('',#11266,#11283,#11026,.T.);
#11374=EDGE_CURVE('',#11282,#11283,#11031,.T.);
#11376=EDGE_CURVE('',#11299,#11282,#11187,.T.);
#11380=EDGE_CURVE('',#11234,#11242,#11039,.T.);
#11382=EDGE_CURVE('',#11242,#11247,#11051,.T.);
#11384=EDGE_CURVE('',#11239,#11247,#11003,.T.);
#11386=EDGE_CURVE('',#11234,#11239,#11099,.T.);
#11396=EDGE_CURVE('',#11242,#11243,#11035,.T.);
#11399=EDGE_CURVE('',#11234,#11235,#11043,.T.);
#11401=EDGE_CURVE('',#11235,#11243,#11055,.T.);
#11412=EDGE_CURVE('',#11246,#11243,#11047,.T.);
#11414=EDGE_CURVE('',#11246,#11247,#11087,.T.);
#11425=EDGE_CURVE('',#11309,#11311,#11060,.T.);
#11427=EDGE_CURVE('',#11309,#11295,#11207,.T.);
#11429=EDGE_CURVE('',#11293,#11295,#11065,.T.);
#11431=EDGE_CURVE('',#11293,#11279,#11069,.T.);
#11433=EDGE_CURVE('',#11277,#11279,#11074,.T.);
#11435=EDGE_CURVE('',#11251,#11277,#11155,.T.);
#11437=EDGE_CURVE('',#11250,#11251,#11079,.T.);
#11442=EDGE_CURVE('',#11238,#11246,#11091,.T.);
#11446=EDGE_CURVE('',#11238,#11235,#11103,.T.);
#11458=EDGE_CURVE('',#11238,#11239,#11095,.T.);
#11481=EDGE_CURVE('',#11306,#11307,#11108,.T.);
#11483=EDGE_CURVE('',#11309,#11307,#11195,.T.);
#11497=EDGE_CURVE('',#11253,#11255,#11113,.T.);
#11499=EDGE_CURVE('',#11253,#11275,#11117,.T.);
#11501=EDGE_CURVE('',#11274,#11275,#11122,.T.);
#11503=EDGE_CURVE('',#11274,#11291,#11227,.T.);
#11505=EDGE_CURVE('',#11290,#11291,#11127,.T.);
#11507=EDGE_CURVE('',#11307,#11290,#11199,.T.);
#11518=EDGE_CURVE('',#11253,#11251,#11151,.T.);
#11530=EDGE_CURVE('',#11269,#11267,#11131,.T.);
#11533=EDGE_CURVE('',#11261,#11259,#11139,.T.);
#11535=EDGE_CURVE('',#11259,#11269,#11143,.T.);
#11545=EDGE_CURVE('',#11277,#11275,#11147,.T.);
#11560=EDGE_CURVE('',#11269,#11271,#11174,.T.);
#11562=EDGE_CURVE('',#11271,#11266,#11215,.T.);
#11573=EDGE_CURVE('',#11301,#11287,#11164,.T.);
#11575=EDGE_CURVE('',#11285,#11287,#11169,.T.);
#11577=EDGE_CURVE('',#11285,#11271,#11219,.T.);
#11581=EDGE_CURVE('',#11258,#11259,#11179,.T.);
#11594=EDGE_CURVE('',#11287,#11282,#11191,.T.);
#11607=EDGE_CURVE('',#11295,#11290,#11203,.T.);
#11619=EDGE_CURVE('',#11285,#11283,#11211,.T.);
#11643=EDGE_CURVE('',#11293,#11291,#11223,.T.);
#11646=EDGE_CURVE('',#11279,#11274,#11231,.T.);
#11691=(LENGTH_UNIT()NAMED_UNIT(*)SI_UNIT(.MILLI.,.METRE.));
#11695=(NAMED_UNIT(*)PLANE_ANGLE_UNIT()SI_UNIT($,.RADIAN.));
#11698=(NAMED_UNIT(*)SI_UNIT($,.STERADIAN.)SOLID_ANGLE_UNIT());
#11704=AXIS2_PLACEMENT_3D('',#11701,#11702,#11703);
#11705=ADVANCED_BREP_SHAPE_REPRESENTATION('',(#11704,#11689),#11700);
#11709=PRODUCT_DEFINITION('design','',#11708,#10960);
#11710=PRODUCT_DEFINITION_SHAPE('','SHAPE FOR 0805_COLOR_2.',#11709);
#11711=SHAPE_DEFINITION_REPRESENTATION(#11710,#11705);
#11712=NEXT_ASSEMBLY_USAGE_OCCURRENCE('59','Next assembly relationship',
'0805_COLOR_2',#18171,#11709,$);
#11713=PRODUCT_DEFINITION_SHAPE('Placement #59',
'Placement of 0805_COLOR_2 with respect to FKX006_AM2_ASM',#11712);
#11721=NEXT_ASSEMBLY_USAGE_OCCURRENCE('60','Next assembly relationship',
'0805_COLOR_2',#18171,#11709,$);
#11722=PRODUCT_DEFINITION_SHAPE('Placement #60',
'Placement of 0805_COLOR_2 with respect to FKX006_AM2_ASM',#11721);
#11750=CIRCLE('',#11749,2.5E-1);
#11755=CIRCLE('',#11754,2.5E-1);
#11760=CIRCLE('',#11759,2.5E-1);
#11765=CIRCLE('',#11764,2.5E-1);
#11770=CIRCLE('',#11769,2.5E-1);
#11775=CIRCLE('',#11774,2.5E-1);
#11796=CIRCLE('',#11795,2.5E-1);
#11801=CIRCLE('',#11800,2.5E-1);
#11806=CIRCLE('',#11805,2.5E-1);
#11811=CIRCLE('',#11810,2.5E-1);
#11848=CIRCLE('',#11847,3.E-1);
#11857=CIRCLE('',#11856,3.E-1);
#11886=CIRCLE('',#11885,3.E-1);
#11899=CIRCLE('',#11898,3.E-1);
#11924=CIRCLE('',#11923,5.E-2);
#11929=CIRCLE('',#11928,5.E-2);
#11994=CIRCLE('',#11993,5.E-2);
#11999=CIRCLE('',#11998,5.E-2);
#12048=CIRCLE('',#12047,2.5E-1);
#12053=CIRCLE('',#12052,2.5E-1);
#12058=CIRCLE('',#12057,2.5E-1);
#12063=CIRCLE('',#12062,2.5E-1);
#12084=CIRCLE('',#12083,2.5E-1);
#12089=CIRCLE('',#12088,2.5E-1);
#12094=CIRCLE('',#12093,2.5E-1);
#12099=CIRCLE('',#12098,2.5E-1);
#12104=CIRCLE('',#12103,2.5E-1);
#12109=CIRCLE('',#12108,2.5E-1);
#12114=CIRCLE('',#12113,2.5E-1);
#12119=CIRCLE('',#12118,2.5E-1);
#12124=CIRCLE('',#12123,2.5E-1);
#12145=CIRCLE('',#12144,2.5E-1);
#12263=EDGE_CURVE('',#12240,#12241,#11733,.T.);
#12265=EDGE_CURVE('',#12253,#12240,#11737,.T.);
#12267=EDGE_CURVE('',#12247,#12253,#11741,.T.);
#12269=EDGE_CURVE('',#12241,#12247,#11745,.T.);
#12280=EDGE_CURVE('',#12241,#12243,#11755,.T.);
#12282=EDGE_CURVE('',#12237,#12243,#12039,.T.);
#12284=EDGE_CURVE('',#12240,#12237,#11750,.T.);
#12294=EDGE_CURVE('',#12243,#12245,#11765,.T.);
#12297=EDGE_CURVE('',#12241,#12245,#12145,.T.);
#12307=EDGE_CURVE('',#12231,#12233,#11760,.T.);
#12309=EDGE_CURVE('',#12233,#12243,#12043,.T.);
#12312=EDGE_CURVE('',#12231,#12245,#12132,.T.);
#12323=EDGE_CURVE('',#12229,#12231,#11770,.T.);
#12325=EDGE_CURVE('',#12229,#12233,#12048,.T.);
#12335=EDGE_CURVE('',#12223,#12229,#11787,.T.);
#12338=EDGE_CURVE('',#12227,#12231,#12128,.T.);
#12340=EDGE_CURVE('',#12223,#12227,#11775,.T.);
#12350=EDGE_CURVE('',#12216,#12217,#11779,.T.);
#12352=EDGE_CURVE('',#12229,#12216,#11783,.T.);
#12355=EDGE_CURVE('',#12217,#12223,#11791,.T.);
#12366=EDGE_CURVE('',#12217,#12219,#11801,.T.);
#12368=EDGE_CURVE('',#12213,#12219,#12067,.T.);
#12370=EDGE_CURVE('',#12216,#12213,#11796,.T.);
#12380=EDGE_CURVE('',#12219,#12221,#11806,.T.);
#12383=EDGE_CURVE('',#12217,#12221,#12124,.T.);
#12394=EDGE_CURVE('',#12221,#12255,#11843,.T.);
#12396=EDGE_CURVE('',#12255,#12257,#11811,.T.);
#12398=EDGE_CURVE('',#12219,#12257,#12071,.T.);
#12408=EDGE_CURVE('',#12221,#12225,#11831,.T.);
#12410=EDGE_CURVE('',#12225,#12251,#11835,.T.);
#12412=EDGE_CURVE('',#12251,#12255,#11839,.T.);
#12417=EDGE_CURVE('',#12156,#12157,#11815,.T.);
#12419=EDGE_CURVE('',#12157,#12159,#11819,.T.);
#12421=EDGE_CURVE('',#12159,#12161,#11823,.T.);
#12423=EDGE_CURVE('',#12161,#12156,#11827,.T.);
#12433=EDGE_CURVE('',#12196,#12197,#11848,.T.);
#12435=EDGE_CURVE('',#12164,#12196,#11981,.T.);
#12437=EDGE_CURVE('',#12164,#12165,#11941,.T.);
#12439=EDGE_CURVE('',#12192,#12165,#11989,.T.);
#12441=EDGE_CURVE('',#12188,#12192,#11994,.T.);
#12443=EDGE_CURVE('',#12157,#12188,#11919,.T.);
#12446=EDGE_CURVE('',#12156,#12197,#11852,.T.);
#12456=EDGE_CURVE('',#12207,#12209,#11857,.T.);
#12458=EDGE_CURVE('',#12207,#12148,#11861,.T.);
#12460=EDGE_CURVE('',#12148,#12149,#12015,.T.);
#12462=EDGE_CURVE('',#12181,#12149,#11911,.T.);
#12464=EDGE_CURVE('',#12185,#12181,#11929,.T.);
#12466=EDGE_CURVE('',#12185,#12177,#11865,.T.);
#12468=EDGE_CURVE('',#12177,#12172,#11961,.T.);
#12470=EDGE_CURVE('',#12209,#12172,#12007,.T.);
#12481=EDGE_CURVE('',#12199,#12197,#11869,.T.);
#12483=EDGE_CURVE('',#12199,#12201,#11886,.T.);
#12485=EDGE_CURVE('',#12201,#12196,#11973,.T.);
#12498=EDGE_CURVE('',#12161,#12199,#11873,.T.);
#12508=EDGE_CURVE('',#12207,#12205,#11877,.T.);
#12510=EDGE_CURVE('',#12205,#12153,#11881,.T.);
#12512=EDGE_CURVE('',#12153,#12148,#12019,.T.);
#12526=EDGE_CURVE('',#12159,#12189,#11890,.T.);
#12528=EDGE_CURVE('',#12193,#12189,#11999,.T.);
#12530=EDGE_CURVE('',#12193,#12167,#11894,.T.);
#12532=EDGE_CURVE('',#12167,#12169,#11949,.T.);
#12534=EDGE_CURVE('',#12201,#12169,#11977,.T.);
#12544=EDGE_CURVE('',#12204,#12205,#11899,.T.);
#12546=EDGE_CURVE('',#12173,#12204,#12011,.T.);
#12548=EDGE_CURVE('',#12173,#12175,#11969,.T.);
#12550=EDGE_CURVE('',#12184,#12175,#11937,.T.);
#12552=EDGE_CURVE('',#12180,#12184,#11924,.T.);
#12554=EDGE_CURVE('',#12180,#12151,#11903,.T.);
#12556=EDGE_CURVE('',#12151,#12153,#12023,.T.);
#12567=EDGE_CURVE('',#12180,#12181,#11907,.T.);
#12570=EDGE_CURVE('',#12149,#12151,#12027,.T.);
#12581=EDGE_CURVE('',#12188,#12189,#11915,.T.);
#12596=EDGE_CURVE('',#12184,#12185,#11933,.T.);
#12609=EDGE_CURVE('',#12175,#12177,#11965,.T.);
#12621=EDGE_CURVE('',#12169,#12164,#11945,.T.);
#12624=EDGE_CURVE('',#12165,#12167,#11953,.T.);
#12634=EDGE_CURVE('',#12172,#12173,#11957,.T.);
#12659=EDGE_CURVE('',#12192,#12193,#11985,.T.);
#12684=EDGE_CURVE('',#12209,#12204,#12003,.T.);
#12709=EDGE_CURVE('',#12233,#12212,#12031,.T.);
#12711=EDGE_CURVE('',#12212,#12237,#12035,.T.);
#12730=EDGE_CURVE('',#12216,#12212,#12053,.T.);
#12742=EDGE_CURVE('',#12212,#12213,#12058,.T.);
#12755=EDGE_CURVE('',#12213,#12236,#12079,.T.);
#12757=EDGE_CURVE('',#12236,#12237,#12063,.T.);
#12770=EDGE_CURVE('',#12257,#12236,#12075,.T.);
#12782=EDGE_CURVE('',#12240,#12236,#12089,.T.);
#12785=EDGE_CURVE('',#12253,#12257,#12084,.T.);
#12807=EDGE_CURVE('',#12253,#12255,#12094,.T.);
#12821=EDGE_CURVE('',#12247,#12251,#12099,.T.);
#12831=EDGE_CURVE('',#12249,#12251,#12114,.T.);
#12833=EDGE_CURVE('',#12247,#12249,#12104,.T.);
#12844=EDGE_CURVE('',#12225,#12227,#12109,.T.);
#12846=EDGE_CURVE('',#12227,#12249,#12140,.T.);
#12859=EDGE_CURVE('',#12223,#12225,#12119,.T.);
#12884=EDGE_CURVE('',#12245,#12249,#12136,.T.);
#12904=(LENGTH_UNIT()NAMED_UNIT(*)SI_UNIT(.MILLI.,.METRE.));
#12906=(NAMED_UNIT(*)PLANE_ANGLE_UNIT()SI_UNIT($,.RADIAN.));
#12909=(NAMED_UNIT(*)SI_UNIT($,.STERADIAN.)SOLID_ANGLE_UNIT());
#12915=AXIS2_PLACEMENT_3D('',#12912,#12913,#12914);
#12916=ADVANCED_BREP_SHAPE_REPRESENTATION('',(#12915,#12903),#12911);
#12921=PRODUCT_DEFINITION('design','',#12920,#12917);
#12922=PRODUCT_DEFINITION_SHAPE('','SHAPE FOR MTF-05CZI1R0M-R1-RU.',#12921);
#12923=SHAPE_DEFINITION_REPRESENTATION(#12922,#12916);
#12924=NEXT_ASSEMBLY_USAGE_OCCURRENCE('61','Next assembly relationship',
'MTF-05CZI1R0M-R1-RU',#18171,#12921,$);
#12925=PRODUCT_DEFINITION_SHAPE('Placement #61',
'Placement of MTF-05CZI1R0M-R1-RU with respect to FKX006_AM2_ASM',#12924);
#12937=CIRCLE('',#12936,2.35E-2);
#12942=CIRCLE('',#12941,2.35E-2);
#12952=EDGE_CURVE('',#12945,#12946,#12937,.T.);
#12954=EDGE_CURVE('',#12945,#12946,#12942,.T.);
#12972=(LENGTH_UNIT()NAMED_UNIT(*)SI_UNIT(.MILLI.,.METRE.));
#12976=(NAMED_UNIT(*)PLANE_ANGLE_UNIT()SI_UNIT($,.RADIAN.));
#12979=(NAMED_UNIT(*)SI_UNIT($,.STERADIAN.)SOLID_ANGLE_UNIT());
#12985=AXIS2_PLACEMENT_3D('',#12982,#12983,#12984);
#12986=ADVANCED_BREP_SHAPE_REPRESENTATION('',(#12985,#12970),#12981);
#12990=PRODUCT_DEFINITION('design','',#12989,#12917);
#12991=PRODUCT_DEFINITION_SHAPE('','SHAPE FOR 8600091988P.',#12990);
#12992=SHAPE_DEFINITION_REPRESENTATION(#12991,#12986);
#12993=NEXT_ASSEMBLY_USAGE_OCCURRENCE('62','Next assembly relationship',
'8600091988P',#18171,#12990,$);
#12994=PRODUCT_DEFINITION_SHAPE('Placement #62',
'Placement of 8600091988P with respect to FKX006_AM2_ASM',#12993);
#13002=NEXT_ASSEMBLY_USAGE_OCCURRENCE('63','Next assembly relationship',
'8600091988P',#18171,#12990,$);
#13003=PRODUCT_DEFINITION_SHAPE('Placement #63',
'Placement of 8600091988P with respect to FKX006_AM2_ASM',#13002);
#13011=NEXT_ASSEMBLY_USAGE_OCCURRENCE('64','Next assembly relationship',
'8600091988P',#18171,#12990,$);
#13012=PRODUCT_DEFINITION_SHAPE('Placement #64',
'Placement of 8600091988P with respect to FKX006_AM2_ASM',#13011);
#13020=NEXT_ASSEMBLY_USAGE_OCCURRENCE('65','Next assembly relationship',
'8600091988P',#18171,#12990,$);
#13021=PRODUCT_DEFINITION_SHAPE('Placement #65',
'Placement of 8600091988P with respect to FKX006_AM2_ASM',#13020);
#13029=NEXT_ASSEMBLY_USAGE_OCCURRENCE('66','Next assembly relationship',
'8600091988P',#18171,#12990,$);
#13030=PRODUCT_DEFINITION_SHAPE('Placement #66',
'Placement of 8600091988P with respect to FKX006_AM2_ASM',#13029);
#13038=NEXT_ASSEMBLY_USAGE_OCCURRENCE('67','Next assembly relationship',
'8600091988P',#18171,#12990,$);
#13039=PRODUCT_DEFINITION_SHAPE('Placement #67',
'Placement of 8600091988P with respect to FKX006_AM2_ASM',#13038);
#13047=NEXT_ASSEMBLY_USAGE_OCCURRENCE('68','Next assembly relationship',
'8600091988P',#18171,#12990,$);
#13048=PRODUCT_DEFINITION_SHAPE('Placement #68',
'Placement of 8600091988P with respect to FKX006_AM2_ASM',#13047);
#13065=CIRCLE('',#13064,6.2E-2);
#13074=CIRCLE('',#13073,6.2E-2);
#13083=CIRCLE('',#13082,6.2E-2);
#13092=CIRCLE('',#13091,6.2E-2);
#13133=CIRCLE('',#13132,6.2E-2);
#13142=CIRCLE('',#13141,6.2E-2);
#13151=CIRCLE('',#13150,6.2E-2);
#13160=CIRCLE('',#13159,6.2E-2);
#13165=CIRCLE('',#13164,1.25E-2);
#13170=CIRCLE('',#13169,1.25E-2);
#13715=CIRCLE('',#13714,1.25E-2);
#13720=CIRCLE('',#13719,1.25E-2);
#15412=EDGE_CURVE('',#14847,#14848,#13060,.T.);
#15414=EDGE_CURVE('',#14848,#14850,#13065,.T.);
#15416=EDGE_CURVE('',#14850,#14852,#13069,.T.);
#15418=EDGE_CURVE('',#14852,#14854,#13074,.T.);
#15420=EDGE_CURVE('',#14854,#14856,#13078,.T.);
#15422=EDGE_CURVE('',#14856,#14858,#13083,.T.);
#15424=EDGE_CURVE('',#14858,#14860,#13087,.T.);
#15426=EDGE_CURVE('',#14860,#14847,#13092,.T.);
#15437=EDGE_CURVE('',#14847,#14863,#13096,.T.);
#15439=EDGE_CURVE('',#14863,#14864,#13128,.T.);
#15441=EDGE_CURVE('',#14848,#14864,#13124,.T.);
#15452=EDGE_CURVE('',#14860,#14876,#13100,.T.);
#15454=EDGE_CURVE('',#14876,#14863,#13133,.T.);
#15466=EDGE_CURVE('',#14858,#14874,#13104,.T.);
#15468=EDGE_CURVE('',#14874,#14876,#13137,.T.);
#15480=EDGE_CURVE('',#14856,#14872,#13108,.T.);
#15482=EDGE_CURVE('',#14872,#14874,#13142,.T.);
#15494=EDGE_CURVE('',#14854,#14870,#13112,.T.);
#15496=EDGE_CURVE('',#14870,#14872,#13146,.T.);
#15508=EDGE_CURVE('',#14852,#14868,#13116,.T.);
#15510=EDGE_CURVE('',#14868,#14870,#13151,.T.);
#15522=EDGE_CURVE('',#14850,#14866,#13120,.T.);
#15524=EDGE_CURVE('',#14866,#14868,#13155,.T.);
#15537=EDGE_CURVE('',#14864,#14866,#13160,.T.);
#15558=EDGE_CURVE('',#14883,#14884,#13165,.T.);
#15560=EDGE_CURVE('',#14884,#14883,#13170,.T.);
#15564=EDGE_CURVE('',#14939,#14940,#13174,.T.);
#15566=EDGE_CURVE('',#14940,#14942,#13178,.T.);
#15568=EDGE_CURVE('',#14942,#14944,#13182,.T.);
#15570=EDGE_CURVE('',#14944,#14939,#13186,.T.);
#15574=EDGE_CURVE('',#15145,#15146,#13190,.T.);
#15576=EDGE_CURVE('',#15146,#15148,#13194,.T.);
#15578=EDGE_CURVE('',#15148,#15150,#13198,.T.);
#15580=EDGE_CURVE('',#15150,#15152,#13202,.T.);
#15582=EDGE_CURVE('',#15152,#15154,#13206,.T.);
#15584=EDGE_CURVE('',#15154,#15156,#13210,.T.);
#15586=EDGE_CURVE('',#15156,#15158,#13214,.T.);
#15588=EDGE_CURVE('',#15158,#15145,#13218,.T.);
#15592=EDGE_CURVE('',#15283,#15284,#13254,.T.);
#15594=EDGE_CURVE('',#15284,#15286,#13258,.T.);
#15596=EDGE_CURVE('',#15286,#15288,#13262,.T.);
#15598=EDGE_CURVE('',#15288,#15283,#13266,.T.);
#15602=EDGE_CURVE('',#15323,#15324,#13298,.T.);
#15604=EDGE_CURVE('',#15324,#15170,#13302,.T.);
#15606=EDGE_CURVE('',#15170,#14901,#13306,.T.);
#15608=EDGE_CURVE('',#14901,#14902,#13310,.T.);
#15610=EDGE_CURVE('',#14902,#14904,#13314,.T.);
#15612=EDGE_CURVE('',#14904,#14897,#13318,.T.);
#15614=EDGE_CURVE('',#14897,#14898,#13322,.T.);
#15616=EDGE_CURVE('',#14898,#15106,#13326,.T.);
#15618=EDGE_CURVE('',#15106,#15333,#13330,.T.);
#15620=EDGE_CURVE('',#15333,#15334,#13334,.T.);
#15622=EDGE_CURVE('',#15334,#15277,#13338,.T.);
#15624=EDGE_CURVE('',#15277,#15278,#13342,.T.);
#15626=EDGE_CURVE('',#15278,#15280,#13346,.T.);
#15628=EDGE_CURVE('',#15280,#15337,#13350,.T.);
#15630=EDGE_CURVE('',#15337,#15338,#13354,.T.);
#15632=EDGE_CURVE('',#15338,#15329,#13358,.T.);
#15634=EDGE_CURVE('',#15329,#15330,#13362,.T.);
#15636=EDGE_CURVE('',#15330,#15119,#13366,.T.);
#15638=EDGE_CURVE('',#15119,#15291,#13370,.T.);
#15640=EDGE_CURVE('',#15291,#15292,#13374,.T.);
#15642=EDGE_CURVE('',#15292,#15294,#13378,.T.);
#15644=EDGE_CURVE('',#15294,#15097,#13382,.T.);
#15646=EDGE_CURVE('',#15097,#15098,#13386,.T.);
#15648=EDGE_CURVE('',#15098,#15100,#13390,.T.);
#15650=EDGE_CURVE('',#15100,#15021,#13394,.T.);
#15652=EDGE_CURVE('',#15021,#15022,#13398,.T.);
#15654=EDGE_CURVE('',#15022,#15024,#13402,.T.);
#15656=EDGE_CURVE('',#15024,#15026,#13406,.T.);
#15658=EDGE_CURVE('',#15026,#15028,#13410,.T.);
#15660=EDGE_CURVE('',#15028,#15030,#13414,.T.);
#15662=EDGE_CURVE('',#15030,#15032,#13418,.T.);
#15664=EDGE_CURVE('',#15032,#15034,#13422,.T.);
#15666=EDGE_CURVE('',#15034,#15036,#13426,.T.);
#15668=EDGE_CURVE('',#15036,#15038,#13430,.T.);
#15670=EDGE_CURVE('',#15038,#15040,#13434,.T.);
#15672=EDGE_CURVE('',#15040,#15017,#13438,.T.);
#15674=EDGE_CURVE('',#15017,#15018,#13442,.T.);
#15676=EDGE_CURVE('',#15018,#15251,#13446,.T.);
#15678=EDGE_CURVE('',#15251,#15252,#13450,.T.);
#15680=EDGE_CURVE('',#15252,#15254,#13454,.T.);
#15682=EDGE_CURVE('',#15254,#15256,#13458,.T.);
#15684=EDGE_CURVE('',#15256,#14950,#13462,.T.);
#15686=EDGE_CURVE('',#14950,#14947,#13466,.T.);
#15688=EDGE_CURVE('',#14947,#14948,#13470,.T.);
#15690=EDGE_CURVE('',#14948,#15217,#13474,.T.);
#15692=EDGE_CURVE('',#15217,#15218,#13478,.T.);
#15694=EDGE_CURVE('',#15218,#14953,#13482,.T.);
#15696=EDGE_CURVE('',#14953,#14954,#13486,.T.);
#15698=EDGE_CURVE('',#14954,#15229,#13490,.T.);
#15700=EDGE_CURVE('',#15229,#15230,#13494,.T.);
#15702=EDGE_CURVE('',#15230,#14957,#13498,.T.);
#15704=EDGE_CURVE('',#14957,#14958,#13502,.T.);
#15706=EDGE_CURVE('',#14958,#14971,#13506,.T.);
#15708=EDGE_CURVE('',#14971,#14972,#13510,.T.);
#15710=EDGE_CURVE('',#14972,#14961,#13514,.T.);
#15712=EDGE_CURVE('',#14961,#14962,#13518,.T.);
#15714=EDGE_CURVE('',#14962,#14975,#13522,.T.);
#15716=EDGE_CURVE('',#14975,#14976,#13526,.T.);
#15718=EDGE_CURVE('',#14976,#14965,#13530,.T.);
#15720=EDGE_CURVE('',#14965,#14966,#13534,.T.);
#15722=EDGE_CURVE('',#14966,#14968,#13538,.T.);
#15724=EDGE_CURVE('',#14968,#14988,#13542,.T.);
#15726=EDGE_CURVE('',#14988,#15326,#13546,.T.);
#15728=EDGE_CURVE('',#15326,#15323,#13550,.T.);
#15738=EDGE_CURVE('',#15221,#15222,#13222,.T.);
#15740=EDGE_CURVE('',#15222,#15224,#13226,.T.);
#15742=EDGE_CURVE('',#15224,#15226,#13230,.T.);
#15744=EDGE_CURVE('',#15226,#15221,#13234,.T.);
#15754=EDGE_CURVE('',#15233,#15234,#13238,.T.);
#15756=EDGE_CURVE('',#15234,#15236,#13242,.T.);
#15758=EDGE_CURVE('',#15236,#14980,#13246,.T.);
#15760=EDGE_CURVE('',#14980,#15233,#13250,.T.);
#15770=EDGE_CURVE('',#15303,#15304,#13270,.T.);
#15772=EDGE_CURVE('',#15304,#15306,#13274,.T.);
#15774=EDGE_CURVE('',#15306,#15085,#13278,.T.);
#15776=EDGE_CURVE('',#15085,#15086,#13282,.T.);
#15778=EDGE_CURVE('',#15086,#15088,#13286,.T.);
#15780=EDGE_CURVE('',#15088,#15090,#13290,.T.);
#15782=EDGE_CURVE('',#15115,#15090,#14740,.T.);
#15784=EDGE_CURVE('',#15115,#15303,#13294,.T.);
#15794=EDGE_CURVE('',#15366,#15166,#14592,.T.);
#15796=EDGE_CURVE('',#15366,#15239,#13554,.T.);
#15798=EDGE_CURVE('',#15239,#15240,#13558,.T.);
#15800=EDGE_CURVE('',#15240,#15242,#13562,.T.);
#15802=EDGE_CURVE('',#15071,#15242,#14612,.T.);
#15804=EDGE_CURVE('',#15071,#15072,#13566,.T.);
#15806=EDGE_CURVE('',#15072,#15074,#13570,.T.);
#15808=EDGE_CURVE('',#15074,#15076,#13574,.T.);
#15810=EDGE_CURVE('',#15076,#15271,#13578,.T.);
#15812=EDGE_CURVE('',#15271,#15272,#13582,.T.);
#15814=EDGE_CURVE('',#15272,#15274,#13586,.T.);
#15816=EDGE_CURVE('',#15274,#15267,#13590,.T.);
#15818=EDGE_CURVE('',#15267,#15268,#13594,.T.);
#15820=EDGE_CURVE('',#15268,#15079,#13598,.T.);
#15822=EDGE_CURVE('',#15079,#15080,#13602,.T.);
#15824=EDGE_CURVE('',#15080,#15082,#13606,.T.);
#15826=EDGE_CURVE('',#15082,#15297,#13610,.T.);
#15828=EDGE_CURVE('',#15297,#15298,#13614,.T.);
#15830=EDGE_CURVE('',#15298,#15300,#13618,.T.);
#15832=EDGE_CURVE('',#15300,#15093,#13622,.T.);
#15834=EDGE_CURVE('',#15093,#15094,#13626,.T.);
#15836=EDGE_CURVE('',#15094,#15345,#13630,.T.);
#15838=EDGE_CURVE('',#15345,#15346,#13634,.T.);
#15840=EDGE_CURVE('',#15346,#15263,#13638,.T.);
#15842=EDGE_CURVE('',#15263,#15264,#13642,.T.);
#15844=EDGE_CURVE('',#15264,#15362,#13646,.T.);
#15846=EDGE_CURVE('',#15259,#15362,#14556,.T.);
#15848=EDGE_CURVE('',#15259,#15260,#13650,.T.);
#15850=EDGE_CURVE('',#15260,#15161,#13654,.T.);
#15852=EDGE_CURVE('',#15161,#15162,#13658,.T.);
#15854=EDGE_CURVE('',#15162,#15164,#13662,.T.);
#15856=EDGE_CURVE('',#15164,#15166,#13666,.T.);
#15866=EDGE_CURVE('',#15341,#15342,#13670,.T.);
#15868=EDGE_CURVE('',#15342,#15349,#13674,.T.);
#15870=EDGE_CURVE('',#15349,#15350,#13678,.T.);
#15872=EDGE_CURVE('',#15350,#15341,#13682,.T.);
#15882=EDGE_CURVE('',#15353,#15354,#13686,.T.);
#15884=EDGE_CURVE('',#15354,#15245,#13690,.T.);
#15886=EDGE_CURVE('',#15245,#15246,#13694,.T.);
#15888=EDGE_CURVE('',#15246,#15248,#13698,.T.);
#15890=EDGE_CURVE('',#15111,#15248,#14828,.T.);
#15892=EDGE_CURVE('',#15111,#15353,#13702,.T.);
#15903=EDGE_CURVE('',#14883,#14879,#13706,.T.);
#15905=EDGE_CURVE('',#14879,#14880,#13715,.T.);
#15907=EDGE_CURVE('',#14884,#14880,#13710,.T.);
#15919=EDGE_CURVE('',#14880,#14879,#13720,.T.);
#15941=EDGE_CURVE('',#14939,#14907,#13724,.T.);
#15943=EDGE_CURVE('',#14907,#14908,#14108,.T.);
#15945=EDGE_CURVE('',#14940,#14908,#13736,.T.);
#15956=EDGE_CURVE('',#14944,#14912,#13728,.T.);
#15958=EDGE_CURVE('',#14912,#14907,#14112,.T.);
#15970=EDGE_CURVE('',#14942,#14910,#13732,.T.);
#15972=EDGE_CURVE('',#14910,#14912,#14116,.T.);
#15985=EDGE_CURVE('',#14908,#14910,#14120,.T.);
#15996=EDGE_CURVE('',#15320,#15380,#13740,.T.);
#15998=EDGE_CURVE('',#15319,#15320,#13744,.T.);
#16000=EDGE_CURVE('',#15364,#15319,#13748,.T.);
#16002=EDGE_CURVE('',#15380,#15364,#13752,.T.);
#16012=EDGE_CURVE('',#15180,#15043,#14620,.T.);
#16014=EDGE_CURVE('',#15179,#15180,#13756,.T.);
#16016=EDGE_CURVE('',#15394,#15179,#13760,.T.);
#16018=EDGE_CURVE('',#15308,#15394,#13764,.T.);
#16020=EDGE_CURVE('',#15392,#15308,#13768,.T.);
#16022=EDGE_CURVE('',#15388,#15392,#13772,.T.);
#16024=EDGE_CURVE('',#15176,#15388,#13776,.T.);
#16026=EDGE_CURVE('',#15175,#15176,#13780,.T.);
#16028=EDGE_CURVE('',#15390,#15175,#13784,.T.);
#16030=EDGE_CURVE('',#15386,#15390,#13788,.T.);
#16032=EDGE_CURVE('',#15190,#15386,#13792,.T.);
#16034=EDGE_CURVE('',#15189,#15190,#13796,.T.);
#16036=EDGE_CURVE('',#15396,#15189,#13800,.T.);
#16038=EDGE_CURVE('',#14992,#15396,#13804,.T.);
#16040=EDGE_CURVE('',#14991,#14992,#13808,.T.);
#16042=EDGE_CURVE('',#15014,#14991,#13812,.T.);
#16044=EDGE_CURVE('',#15012,#15014,#13816,.T.);
#16046=EDGE_CURVE('',#15010,#15012,#13820,.T.);
#16048=EDGE_CURVE('',#15008,#15010,#13824,.T.);
#16050=EDGE_CURVE('',#15006,#15008,#13828,.T.);
#16052=EDGE_CURVE('',#15004,#15006,#13832,.T.);
#16054=EDGE_CURVE('',#15002,#15004,#13836,.T.);
#16056=EDGE_CURVE('',#15000,#15002,#13840,.T.);
#16058=EDGE_CURVE('',#14998,#15000,#13844,.T.);
#16060=EDGE_CURVE('',#14996,#14998,#13848,.T.);
#16062=EDGE_CURVE('',#14995,#14996,#13852,.T.);
#16064=EDGE_CURVE('',#15068,#14995,#13856,.T.);
#16066=EDGE_CURVE('',#15066,#15068,#13860,.T.);
#16068=EDGE_CURVE('',#15065,#15066,#13864,.T.);
#16070=EDGE_CURVE('',#15406,#15065,#13868,.T.);
#16072=EDGE_CURVE('',#15312,#15406,#13872,.T.);
#16074=EDGE_CURVE('',#15404,#15312,#13876,.T.);
#16076=EDGE_CURVE('',#15120,#15404,#13880,.T.);
#16078=EDGE_CURVE('',#15380,#15120,#13884,.T.);
#16080=EDGE_CURVE('',#15105,#15380,#13888,.T.);
#16082=EDGE_CURVE('',#14888,#15105,#13892,.T.);
#16084=EDGE_CURVE('',#14887,#14888,#13896,.T.);
#16086=EDGE_CURVE('',#14894,#14887,#13900,.T.);
#16088=EDGE_CURVE('',#14892,#14894,#13904,.T.);
#16090=EDGE_CURVE('',#14891,#14892,#13908,.T.);
#16092=EDGE_CURVE('',#15169,#14891,#13912,.T.);
#16094=EDGE_CURVE('',#15382,#15169,#13916,.T.);
#16096=EDGE_CURVE('',#15368,#15382,#13920,.T.);
#16098=EDGE_CURVE('',#15376,#15368,#13924,.T.);
#16100=EDGE_CURVE('',#15142,#15376,#14588,.T.);
#16102=EDGE_CURVE('',#15140,#15142,#13928,.T.);
#16104=EDGE_CURVE('',#15139,#15140,#13932,.T.);
#16106=EDGE_CURVE('',#15172,#15139,#13936,.T.);
#16108=EDGE_CURVE('',#15384,#15172,#13940,.T.);
#16110=EDGE_CURVE('',#15310,#15384,#13944,.T.);
#16112=EDGE_CURVE('',#15358,#15310,#14560,.T.);
#16114=EDGE_CURVE('',#15372,#15358,#13948,.T.);
#16116=EDGE_CURVE('',#15374,#15372,#13952,.T.);
#16118=EDGE_CURVE('',#15360,#15374,#13956,.T.);
#16120=EDGE_CURVE('',#15370,#15360,#13960,.T.);
#16122=EDGE_CURVE('',#15102,#15370,#13964,.T.);
#16124=EDGE_CURVE('',#15108,#15102,#13968,.T.);
#16126=EDGE_CURVE('',#15402,#15108,#13972,.T.);
#16128=EDGE_CURVE('',#15116,#15402,#13976,.T.);
#16130=EDGE_CURVE('',#15062,#15116,#14736,.T.);
#16132=EDGE_CURVE('',#15060,#15062,#13980,.T.);
#16134=EDGE_CURVE('',#15058,#15060,#13984,.T.);
#16136=EDGE_CURVE('',#15057,#15058,#13988,.T.);
#16138=EDGE_CURVE('',#15400,#15057,#13992,.T.);
#16140=EDGE_CURVE('',#15054,#15400,#13996,.T.);
#16142=EDGE_CURVE('',#15052,#15054,#14000,.T.);
#16144=EDGE_CURVE('',#15051,#15052,#14004,.T.);
#16146=EDGE_CURVE('',#15398,#15051,#14008,.T.);
#16148=EDGE_CURVE('',#15048,#15398,#14012,.T.);
#16150=EDGE_CURVE('',#15046,#15048,#14016,.T.);
#16152=EDGE_CURVE('',#15044,#15046,#14020,.T.);
#16154=EDGE_CURVE('',#15043,#15044,#14024,.T.);
#16158=EDGE_CURVE('',#15356,#15183,#14188,.T.);
#16160=EDGE_CURVE('',#15378,#15356,#14192,.T.);
#16162=EDGE_CURVE('',#15112,#15378,#14196,.T.);
#16164=EDGE_CURVE('',#15186,#15112,#14836,.T.);
#16166=EDGE_CURVE('',#15184,#15186,#14200,.T.);
#16168=EDGE_CURVE('',#15183,#15184,#14204,.T.);
#16178=EDGE_CURVE('',#15400,#15314,#14028,.T.);
#16180=EDGE_CURVE('',#15316,#15400,#14032,.T.);
#16182=EDGE_CURVE('',#15402,#15316,#14036,.T.);
#16184=EDGE_CURVE('',#15314,#15402,#14040,.T.);
#16194=EDGE_CURVE('',#15200,#15398,#14044,.T.);
#16196=EDGE_CURVE('',#15198,#15200,#14048,.T.);
#16198=EDGE_CURVE('',#15197,#15198,#14052,.T.);
#16200=EDGE_CURVE('',#15398,#15197,#14056,.T.);
#16210=EDGE_CURVE('',#15209,#15210,#14060,.T.);
#16212=EDGE_CURVE('',#15214,#15209,#14064,.T.);
#16214=EDGE_CURVE('',#15212,#15214,#14068,.T.);
#16216=EDGE_CURVE('',#15210,#15212,#14072,.T.);
#16226=EDGE_CURVE('',#15123,#15124,#14076,.T.);
#16228=EDGE_CURVE('',#15136,#15123,#14080,.T.);
#16230=EDGE_CURVE('',#15134,#15136,#14084,.T.);
#16232=EDGE_CURVE('',#15132,#15134,#14088,.T.);
#16234=EDGE_CURVE('',#15130,#15132,#14092,.T.);
#16236=EDGE_CURVE('',#15128,#15130,#14096,.T.);
#16238=EDGE_CURVE('',#15126,#15128,#14100,.T.);
#16240=EDGE_CURVE('',#15124,#15126,#14104,.T.);
#16262=EDGE_CURVE('',#14936,#14987,#14124,.T.);
#16264=EDGE_CURVE('',#14934,#14936,#14128,.T.);
#16266=EDGE_CURVE('',#14933,#14934,#14132,.T.);
#16268=EDGE_CURVE('',#14987,#14933,#14136,.T.);
#16278=EDGE_CURVE('',#14916,#15386,#14140,.T.);
#16280=EDGE_CURVE('',#14915,#14916,#14144,.T.);
#16282=EDGE_CURVE('',#14918,#14915,#14148,.T.);
#16284=EDGE_CURVE('',#15386,#14918,#14152,.T.);
#16294=EDGE_CURVE('',#14922,#15388,#14156,.T.);
#16296=EDGE_CURVE('',#14921,#14922,#14160,.T.);
#16298=EDGE_CURVE('',#15390,#14921,#14164,.T.);
#16300=EDGE_CURVE('',#15388,#15390,#14168,.T.);
#16310=EDGE_CURVE('',#15392,#14925,#14172,.T.);
#16312=EDGE_CURVE('',#14978,#15392,#14176,.T.);
#16314=EDGE_CURVE('',#14926,#14978,#14180,.T.);
#16316=EDGE_CURVE('',#14925,#14926,#14184,.T.);
#16326=EDGE_CURVE('',#15358,#15360,#14208,.T.);
#16328=EDGE_CURVE('',#15194,#15358,#14212,.T.);
#16330=EDGE_CURVE('',#15193,#15194,#14216,.T.);
#16332=EDGE_CURVE('',#15360,#15193,#14220,.T.);
#16342=EDGE_CURVE('',#15364,#15203,#14224,.T.);
#16344=EDGE_CURVE('',#15206,#15364,#14228,.T.);
#16346=EDGE_CURVE('',#15204,#15206,#14232,.T.);
#16348=EDGE_CURVE('',#15203,#15204,#14236,.T.);
#16358=EDGE_CURVE('',#14987,#15376,#14240,.T.);
#16360=EDGE_CURVE('',#14982,#14987,#14244,.T.);
#16362=EDGE_CURVE('',#14930,#14982,#14248,.T.);
#16364=EDGE_CURVE('',#14929,#14930,#14252,.T.);
#16366=EDGE_CURVE('',#14984,#14929,#14256,.T.);
#16368=EDGE_CURVE('',#14978,#14984,#14260,.T.);
#16370=EDGE_CURVE('',#15394,#14978,#14264,.T.);
#16372=EDGE_CURVE('',#15376,#15394,#14268,.T.);
#16383=EDGE_CURVE('',#15329,#15320,#14272,.T.);
#16386=EDGE_CURVE('',#15380,#15330,#14532,.T.);
#16397=EDGE_CURVE('',#15338,#15319,#14276,.T.);
#16410=EDGE_CURVE('',#15337,#15364,#14280,.T.);
#16424=EDGE_CURVE('',#15280,#15206,#14284,.T.);
#16436=EDGE_CURVE('',#15278,#15204,#14288,.T.);
#16449=EDGE_CURVE('',#15277,#15203,#14292,.T.);
#16461=EDGE_CURVE('',#15334,#15364,#14296,.T.);
#16475=EDGE_CURVE('',#15380,#15333,#14300,.T.);
#16488=EDGE_CURVE('',#15105,#15106,#14304,.T.);
#16502=EDGE_CURVE('',#14898,#14888,#14308,.T.);
#16514=EDGE_CURVE('',#15102,#15094,#14312,.T.);
#16517=EDGE_CURVE('',#15370,#15345,#14316,.T.);
#16528=EDGE_CURVE('',#14897,#14887,#14320,.T.);
#16541=EDGE_CURVE('',#14904,#14894,#14324,.T.);
#16554=EDGE_CURVE('',#14902,#14892,#14328,.T.);
#16567=EDGE_CURVE('',#14901,#14891,#14332,.T.);
#16579=EDGE_CURVE('',#15169,#15170,#14336,.T.);
#16593=EDGE_CURVE('',#15384,#15260,#14340,.T.);
#16596=EDGE_CURVE('',#15172,#15161,#14344,.T.);
#16607=EDGE_CURVE('',#15374,#15350,#14348,.T.);
#16610=EDGE_CURVE('',#15372,#15341,#14352,.T.);
#16621=EDGE_CURVE('',#15382,#15324,#14356,.T.);
#16634=EDGE_CURVE('',#15323,#15368,#14360,.T.);
#16647=EDGE_CURVE('',#15376,#15326,#14364,.T.);
#16660=EDGE_CURVE('',#14987,#14988,#14368,.T.);
#16674=EDGE_CURVE('',#14968,#14936,#14372,.T.);
#16686=EDGE_CURVE('',#14966,#14934,#14376,.T.);
#16699=EDGE_CURVE('',#14965,#14933,#14380,.T.);
#16711=EDGE_CURVE('',#14987,#14976,#14384,.T.);
#16725=EDGE_CURVE('',#14978,#14971,#14388,.T.);
#16728=EDGE_CURVE('',#14984,#14972,#14536,.T.);
#16739=EDGE_CURVE('',#14982,#14975,#14544,.T.);
#16753=EDGE_CURVE('',#14958,#14926,#14392,.T.);
#16765=EDGE_CURVE('',#14957,#14925,#14396,.T.);
#16778=EDGE_CURVE('',#15392,#15230,#14400,.T.);
#16791=EDGE_CURVE('',#15388,#15229,#14408,.T.);
#16804=EDGE_CURVE('',#14954,#14922,#14404,.T.);
#16817=EDGE_CURVE('',#14953,#14921,#14412,.T.);
#16830=EDGE_CURVE('',#15390,#15218,#14416,.T.);
#16843=EDGE_CURVE('',#15386,#15217,#14424,.T.);
#16856=EDGE_CURVE('',#14948,#14916,#14420,.T.);
#16869=EDGE_CURVE('',#14947,#14915,#14428,.T.);
#16882=EDGE_CURVE('',#14950,#14918,#14432,.T.);
#16895=EDGE_CURVE('',#15386,#15256,#14436,.T.);
#16908=EDGE_CURVE('',#15254,#15190,#14440,.T.);
#16921=EDGE_CURVE('',#15252,#15189,#14444,.T.);
#16934=EDGE_CURVE('',#15396,#15251,#14452,.T.);
#16947=EDGE_CURVE('',#15018,#14992,#14448,.T.);
#16960=EDGE_CURVE('',#15017,#14991,#14456,.T.);
#16973=EDGE_CURVE('',#15040,#15014,#14460,.T.);
#16986=EDGE_CURVE('',#15038,#15012,#14464,.T.);
#16999=EDGE_CURVE('',#15036,#15010,#14468,.T.);
#17012=EDGE_CURVE('',#15034,#15008,#14472,.T.);
#17025=EDGE_CURVE('',#15032,#15006,#14476,.T.);
#17038=EDGE_CURVE('',#15030,#15004,#14480,.T.);
#17051=EDGE_CURVE('',#15028,#15002,#14484,.T.);
#17064=EDGE_CURVE('',#15026,#15000,#14488,.T.);
#17077=EDGE_CURVE('',#15024,#14998,#14492,.T.);
#17090=EDGE_CURVE('',#15022,#14996,#14496,.T.);
#17103=EDGE_CURVE('',#15021,#14995,#14500,.T.);
#17116=EDGE_CURVE('',#15100,#15068,#14504,.T.);
#17129=EDGE_CURVE('',#15098,#15066,#14508,.T.);
#17142=EDGE_CURVE('',#15097,#15065,#14512,.T.);
#17155=EDGE_CURVE('',#15406,#15294,#14516,.T.);
#17168=EDGE_CURVE('',#15292,#15312,#14520,.T.);
#17181=EDGE_CURVE('',#15404,#15291,#14528,.T.);
#17194=EDGE_CURVE('',#15119,#15120,#14524,.T.);
#17220=EDGE_CURVE('',#14961,#14929,#14540,.T.);
#17234=EDGE_CURVE('',#14962,#14930,#14548,.T.);
#17257=EDGE_CURVE('',#15259,#15310,#14552,.T.);
#17270=EDGE_CURVE('',#15362,#15358,#14564,.T.);
#17284=EDGE_CURVE('',#15264,#15194,#14568,.T.);
#17296=EDGE_CURVE('',#15263,#15193,#14572,.T.);
#17308=EDGE_CURVE('',#15346,#15360,#14576,.T.);
#17336=EDGE_CURVE('',#15162,#15139,#14580,.T.);
#17349=EDGE_CURVE('',#15164,#15140,#14584,.T.);
#17362=EDGE_CURVE('',#15166,#15142,#14596,.T.);
#17373=EDGE_CURVE('',#15376,#15366,#14600,.T.);
#17388=EDGE_CURVE('',#15394,#15239,#14604,.T.);
#17401=EDGE_CURVE('',#15240,#15179,#14608,.T.);
#17414=EDGE_CURVE('',#15242,#15180,#14616,.T.);
#17427=EDGE_CURVE('',#15071,#15043,#14624,.T.);
#17440=EDGE_CURVE('',#15072,#15044,#14628,.T.);
#17453=EDGE_CURVE('',#15074,#15046,#14632,.T.);
#17466=EDGE_CURVE('',#15076,#15048,#14636,.T.);
#17479=EDGE_CURVE('',#15398,#15271,#14640,.T.);
#17492=EDGE_CURVE('',#15272,#15197,#14644,.T.);
#17505=EDGE_CURVE('',#15274,#15198,#14648,.T.);
#17518=EDGE_CURVE('',#15267,#15200,#14652,.T.);
#17531=EDGE_CURVE('',#15398,#15268,#14656,.T.);
#17544=EDGE_CURVE('',#15079,#15051,#14660,.T.);
#17557=EDGE_CURVE('',#15080,#15052,#14664,.T.);
#17570=EDGE_CURVE('',#15082,#15054,#14668,.T.);
#17583=EDGE_CURVE('',#15400,#15297,#14672,.T.);
#17596=EDGE_CURVE('',#15298,#15314,#14676,.T.);
#17609=EDGE_CURVE('',#15402,#15300,#14680,.T.);
#17622=EDGE_CURVE('',#15093,#15108,#14684,.T.);
#17645=EDGE_CURVE('',#15349,#15360,#14692,.T.);
#17657=EDGE_CURVE('',#15342,#15358,#14688,.T.);
#17683=EDGE_CURVE('',#15234,#15308,#14696,.T.);
#17686=EDGE_CURVE('',#15394,#15236,#14708,.T.);
#17697=EDGE_CURVE('',#15392,#15233,#14704,.T.);
#17710=EDGE_CURVE('',#14978,#14980,#14700,.T.);
#17735=EDGE_CURVE('',#15224,#15176,#14712,.T.);
#17738=EDGE_CURVE('',#15388,#15226,#14720,.T.);
#17749=EDGE_CURVE('',#15222,#15175,#14716,.T.);
#17762=EDGE_CURVE('',#15390,#15221,#14724,.T.);
#17787=EDGE_CURVE('',#15115,#15116,#14728,.T.);
#17790=EDGE_CURVE('',#15402,#15303,#14732,.T.);
#17803=EDGE_CURVE('',#15090,#15062,#14744,.T.);
#17814=EDGE_CURVE('',#15088,#15060,#14748,.T.);
#17827=EDGE_CURVE('',#15086,#15058,#14752,.T.);
#17840=EDGE_CURVE('',#15085,#15057,#14756,.T.);
#17853=EDGE_CURVE('',#15400,#15306,#14760,.T.);
#17866=EDGE_CURVE('',#15304,#15316,#14764,.T.);
#17891=EDGE_CURVE('',#15283,#15209,#14768,.T.);
#17894=EDGE_CURVE('',#15284,#15210,#14780,.T.);
#17905=EDGE_CURVE('',#15288,#15214,#14772,.T.);
#17918=EDGE_CURVE('',#15286,#15212,#14776,.T.);
#17943=EDGE_CURVE('',#15145,#15123,#14784,.T.);
#17946=EDGE_CURVE('',#15146,#15124,#14812,.T.);
#17957=EDGE_CURVE('',#15158,#15136,#14788,.T.);
#17970=EDGE_CURVE('',#15156,#15134,#14792,.T.);
#17983=EDGE_CURVE('',#15154,#15132,#14796,.T.);
#17996=EDGE_CURVE('',#15152,#15130,#14800,.T.);
#18009=EDGE_CURVE('',#15150,#15128,#14804,.T.);
#18022=EDGE_CURVE('',#15148,#15126,#14808,.T.);
#18046=EDGE_CURVE('',#15354,#15356,#14816,.T.);
#18049=EDGE_CURVE('',#15245,#15183,#14844,.T.);
#18061=EDGE_CURVE('',#15378,#15353,#14824,.T.);
#18074=EDGE_CURVE('',#15111,#15112,#14820,.T.);
#18087=EDGE_CURVE('',#15248,#15186,#14832,.T.);
#18100=EDGE_CURVE('',#15246,#15184,#14840,.T.);
#18122=(LENGTH_UNIT()NAMED_UNIT(*)SI_UNIT(.MILLI.,.METRE.));
#18126=(NAMED_UNIT(*)PLANE_ANGLE_UNIT()SI_UNIT($,.RADIAN.));
#18129=(NAMED_UNIT(*)SI_UNIT($,.STERADIAN.)SOLID_ANGLE_UNIT());
#18135=AXIS2_PLACEMENT_3D('',#18132,#18133,#18134);
#18136=ADVANCED_BREP_SHAPE_REPRESENTATION('',(#18135,#18120),#18131);
#18141=PRODUCT_DEFINITION('design','',#18140,#18137);
#18142=PRODUCT_DEFINITION_SHAPE('','SHAPE FOR FKX-MS.',#18141);
#18143=SHAPE_DEFINITION_REPRESENTATION(#18142,#18136);
#18144=NEXT_ASSEMBLY_USAGE_OCCURRENCE('69','Next assembly relationship',
'FKX-MS',#18171,#18141,$);
#18145=PRODUCT_DEFINITION_SHAPE('Placement #69',
'Placement of FKX-MS with respect to FKX006_AM2_ASM',#18144);
#18154=(LENGTH_UNIT()NAMED_UNIT(*)SI_UNIT(.MILLI.,.METRE.));
#18158=(NAMED_UNIT(*)PLANE_ANGLE_UNIT()SI_UNIT($,.RADIAN.));
#18161=(NAMED_UNIT(*)SI_UNIT($,.STERADIAN.)SOLID_ANGLE_UNIT());
#18167=AXIS2_PLACEMENT_3D('',#18164,#18165,#18166);
#18171=PRODUCT_DEFINITION('design','',#18170,#18137);
ENDSEC;
END-ISO-10303-21;
